Date,common_slow_spearman,common_slow_pearson,weight_equal_fraction,weight_abs_difference
2011-01-04,0.9800009182809272,0.8221480131766744,0.8013698630136986,0.167427701674277
2011-01-05,0.9799142389855988,0.8214615755306863,0.8059360730593608,0.16362252663622526
2011-01-06,0.980132237536469,0.8268841295315928,0.815068493150685,0.15601217656012176
2011-01-07,0.9795774944102131,0.825742838609675,0.8059360730593608,0.16362252663622526
2011-01-11,0.9801284152066038,0.8259157492737752,0.819634703196347,0.15220700152207
2011-01-12,0.9803232070037725,0.8273512556855075,0.815068493150685,0.15601217656012176
2011-01-13,0.980198794661667,0.8271698046323944,0.815068493150685,0.15601217656012176
2011-01-14,0.9800407418965299,0.8272035238970732,0.815068493150685,0.15601217656012176
2011-01-17,0.9801502024323733,0.8266409666352836,0.815068493150685,0.15601217656012176
2011-01-18,0.9797874139291048,0.8266346443527407,0.8105022831050228,0.1598173515981735
2011-01-19,0.9803754927588092,0.8279483131051517,0.8287671232876712,0.1445966514459665
2011-01-20,0.980213883528953,0.8283492596447767,0.8242009132420092,0.14840182648401826
2011-01-21,0.9800562491205351,0.8283448343839854,0.819634703196347,0.15220700152207
2011-01-24,0.9798987439639278,0.8285208882903711,0.8333333333333334,0.14079147640791476
2011-01-25,0.9800157735108063,0.8282644766194591,0.8333333333333334,0.14079147640791476
2011-01-26,0.9801532071363506,0.8284447991251015,0.8333333333333334,0.14079147640791476
2011-01-27,0.9802705993459339,0.827261219911779,0.8333333333333334,0.14079147640791476
2011-01-28,0.9805995538252367,0.8275040442794536,0.8333333333333334,0.14079147640791476
2011-01-31,0.9807583208143713,0.8274274059632428,0.8378995433789954,0.136986301369863
2011-02-01,0.9810196062665371,0.82831777795029,0.819634703196347,0.15220700152207
2011-02-02,0.981555059735109,0.8312801601592681,0.8287671232876712,0.1445966514459665
2011-02-03,0.9813776139972656,0.8314587080666633,0.8378995433789954,0.136986301369863
2011-02-04,0.9816110198593657,0.8347313988255666,0.8287671232876712,0.1445966514459665
2011-02-07,0.9818829414843653,0.8361940945476742,0.8378995433789954,0.136986301369863
2011-02-08,0.9819338472108357,0.8319105092905686,0.8470319634703196,0.1293759512937595
2011-02-09,0.9816109107815711,0.8314021804595733,0.8287671232876712,0.1445966514459665
2011-02-10,0.9816056850393993,0.8307609971321092,0.8470319634703196,0.1293759512937595
2011-02-14,0.9811409136081578,0.8316161548808383,0.8378995433789954,0.136986301369863
2011-02-15,0.980905761203567,0.8316702890851451,0.8424657534246576,0.13318112633181126
2011-02-16,0.9817988776294847,0.8351196987117903,0.8470319634703196,0.1293759512937595
2011-02-17,0.9818437034725924,0.8370722131818096,0.8470319634703196,0.1293759512937595
2011-02-18,0.9815391170448642,0.8349615151828905,0.8515981735159818,0.12557077625570776
2011-02-21,0.9817368755109441,0.8335403731464672,0.8378995433789954,0.136986301369863
2011-02-22,0.9814785637721983,0.8332521771902105,0.8333333333333334,0.14079147640791476
2011-02-23,0.9820259189602804,0.8337987560809963,0.8424657534246576,0.13318112633181126
2011-02-24,0.9812154274051933,0.8324083629105655,0.8287671232876712,0.1445966514459665
2011-02-25,0.9815612396170841,0.8331404307724901,0.8333333333333334,0.14079147640791476
2011-02-28,0.9818190594615251,0.8326946832316479,0.8561643835616438,0.121765601217656
2011-03-01,0.9817510462651381,0.8333144894877813,0.8470319634703196,0.1293759512937595
2011-03-02,0.9819906342949469,0.8351681097273388,0.8515981735159818,0.12557077625570776
2011-03-03,0.9816505045427841,0.8342866745887609,0.8470319634703196,0.1293759512937595
2011-03-04,0.981967330000907,0.8339186984441097,0.860730593607306,0.11796042617960426
2011-03-07,0.981958810553351,0.834236385036068,0.860730593607306,0.11796042617960426
2011-03-08,0.981919782889193,0.8344248889043651,0.860730593607306,0.11796042617960426
2011-03-09,0.9818700443641749,0.8342963655416461,0.8561643835616438,0.121765601217656
2011-03-10,0.9816910888352683,0.8350818413481287,0.8515981735159818,0.12557077625570776
2011-03-11,0.981812844861343,0.8350198583947775,0.8519362186788155,0.12528473804100226
2011-03-14,0.9807008705178716,0.8343406160226337,0.8246013667425968,0.1480637813211845
2011-03-15,0.9805347174618635,0.8340822381302285,0.8154897494305239,0.1556567957479119
2011-03-16,0.9808764708584203,0.8341390021064798,0.8200455580865603,0.15186028853454822
2011-03-17,0.980825120232371,0.8349934002415168,0.8291571753986332,0.1442672741078208
2011-03-18,0.9815188878521334,0.8360400137560405,0.8473804100227791,0.12908124525436598
2011-03-22,0.981695903696398,0.836952296446653,0.8382687927107062,0.1366742596810934
2011-03-23,0.9813644968135096,0.8363278198899136,0.8337129840546698,0.1404707668944571
2011-03-24,0.9812405879694303,0.8362585814055132,0.8291571753986332,0.1442672741078208
2011-03-25,0.9815804118437053,0.8364458089238205,0.8200455580865603,0.15186028853454822
2011-03-28,0.9811661165264,0.835478186251708,0.8246013667425968,0.1480637813211845
2011-03-29,0.981291554420573,0.833724814881941,0.8154897494305239,0.1556567957479119
2011-03-30,0.9812012386855222,0.8345724694848661,0.8200455580865603,0.15186028853454822
2011-03-31,0.9818984709383507,0.8353923226167652,0.8154897494305239,0.1556567957479119
2011-04-01,0.982002381028699,0.8355902120303521,0.8200455580865603,0.15186028853454822
2011-04-04,0.9811188016234593,0.8330168929112266,0.806378132118451,0.16324981017463933
2011-04-05,0.9816010774872032,0.8337182040729412,0.8154897494305239,0.1556567957479119
2011-04-06,0.9817855076111897,0.8343970840767586,0.8109339407744874,0.15945330296127563
2011-04-07,0.9816409764662641,0.8356428303383896,0.806378132118451,0.16324981017463933
2011-04-08,0.9815298828807937,0.8359698656066452,0.8018223234624146,0.16704631738800305
2011-04-11,0.9814695993074541,0.8372720941489892,0.8109339407744874,0.15945330296127563
2011-04-12,0.9812286441368536,0.8371737427050626,0.8109339407744874,0.15945330296127563
2011-04-13,0.9811457132879573,0.8362114385665328,0.8109339407744874,0.15945330296127563
2011-04-14,0.9810329831968508,0.8365478112275657,0.8109339407744874,0.15945330296127563
2011-04-15,0.9811830566900833,0.8373440293065779,0.8109339407744874,0.15945330296127563
2011-04-18,0.9814483545318758,0.837719921961537,0.8154897494305239,0.1556567957479119
2011-04-19,0.9814294619176762,0.8387793335809879,0.806378132118451,0.16324981017463933
2011-04-20,0.98108528379039,0.8391384214345177,0.8109339407744874,0.15945330296127563
2011-04-21,0.981340387956041,0.8390541064178001,0.8109339407744874,0.15945330296127563
2011-04-22,0.980853234779562,0.835015910068405,0.8154897494305239,0.1556567957479119
2011-04-25,0.9809921728045395,0.8351821999678352,0.8154897494305239,0.1556567957479119
2011-04-26,0.9809837720283271,0.8365119680699703,0.8109339407744874,0.15945330296127563
2011-04-27,0.9813099439292183,0.8370011067062093,0.8154897494305239,0.1556567957479119
2011-04-28,0.9805744223207827,0.8366701662497253,0.8154897494305239,0.1556567957479119
2011-05-02,0.9808393613229686,0.8360613068474047,0.8109339407744874,0.15945330296127563
2011-05-06,0.98043635037922,0.8346495625140384,0.8200455580865603,0.15186028853454822
2011-05-09,0.9798083027973346,0.8357224308499103,0.806378132118451,0.16324981017463933
2011-05-10,0.9796458956338633,0.8342961252959649,0.8154897494305239,0.1556567957479119
2011-05-11,0.9802085884607252,0.8348014158160356,0.8246013667425968,0.1480637813211845
2011-05-12,0.9795789411014558,0.8338518626858372,0.806378132118451,0.16324981017463933
2011-05-13,0.9801828867248085,0.8345874621866318,0.8246013667425968,0.1480637813211845
2011-05-16,0.9800845947331743,0.8351910509721432,0.8154897494305239,0.1556567957479119
2011-05-17,0.980294619932638,0.8355260083349343,0.8200455580865603,0.15186028853454822
2011-05-18,0.9804185914778876,0.8382211759793174,0.8200455580865603,0.15186028853454822
2011-05-19,0.9799103069025559,0.8376469704341185,0.8154897494305239,0.1556567957479119
2011-05-20,0.9800109044752737,0.8384039288266809,0.8200455580865603,0.15186028853454822
2011-05-23,0.9790691149921646,0.838446219245038,0.8154897494305239,0.1556567957479119
2011-05-24,0.9794507952612523,0.8392256025225392,0.8246013667425968,0.1480637813211845
2011-05-25,0.9789035544535145,0.8390105083991445,0.8200455580865603,0.15186028853454822
2011-05-26,0.9793941414069002,0.839246592503262,0.8200455580865603,0.15186028853454822
2011-05-27,0.9796099774600187,0.8393099004806414,0.8246013667425968,0.1480637813211845
2011-05-30,0.9789089353042576,0.8373693788853425,0.8200455580865603,0.15186028853454822
2011-05-31,0.9792374369328436,0.8349405190753085,0.8291571753986332,0.1442672741078208
2011-06-01,0.9784220131544865,0.8320317955062465,0.8154897494305239,0.1556567957479119
2011-06-02,0.978859305657629,0.8339700158772049,0.8200455580865603,0.15186028853454822
2011-06-03,0.9791662300766738,0.8344108455809965,0.8200455580865603,0.15186028853454822
2011-06-06,0.9787932230614795,0.834380217114248,0.8154897494305239,0.1556567957479119
2011-06-07,0.9787686534620398,0.8343923823493892,0.8291571753986332,0.1442672741078208
2011-06-08,0.9773287974200443,0.8288262947130565,0.8200455580865603,0.15186028853454822
2011-06-09,0.9775112271577034,0.8304323675055445,0.8154897494305239,0.1556567957479119
2011-06-10,0.9784536143327132,0.8324821693511459,0.8246013667425968,0.1480637813211845
2011-06-13,0.9783065967359068,0.8281440384736852,0.8154897494305239,0.1556567957479119
2011-06-14,0.9771536135039024,0.8259570251636312,0.806378132118451,0.16324981017463933
2011-06-15,0.9774781949733186,0.8262453053363389,0.8200455580865603,0.15186028853454822
2011-06-16,0.9773653173711784,0.8261046951210902,0.8200455580865603,0.15186028853454822
2011-06-17,0.9770994147531448,0.8253833581372659,0.8200455580865603,0.15186028853454822
2011-06-20,0.9759814947541025,0.8230394332867407,0.8109339407744874,0.15945330296127563
2011-06-21,0.9767542548613938,0.8250568578379879,0.8109339407744874,0.15945330296127563
2011-06-22,0.9768670025376232,0.8249767941933783,0.8154897494305239,0.1556567957479119
2011-06-23,0.9768076319045397,0.8246311796748375,0.8154897494305239,0.1556567957479119
2011-06-24,0.9751645280203155,0.8222732504086276,0.806378132118451,0.16324981017463933
2011-06-27,0.9759329103081725,0.8247664051193098,0.8246013667425968,0.1480637813211845
2011-06-28,0.9735675650990433,0.8209305862294574,0.8018223234624146,0.16704631738800305
2011-06-29,0.9739528369467584,0.8215266683552138,0.7972665148063781,0.17084282460136674
2011-06-30,0.9736229432662523,0.8210376846462122,0.8018223234624146,0.16704631738800305
2011-07-01,0.9741655334181046,0.826845095172974,0.806378132118451,0.16324981017463933
2011-07-04,0.9741743399128946,0.8282498513292031,0.7972665148063781,0.17084282460136674
2011-07-05,0.9741417701294827,0.8284936427799482,0.8018223234624146,0.16704631738800305
2011-07-06,0.9743796626492786,0.8290784194833781,0.8018223234624146,0.16704631738800305
2011-07-07,0.9742902976727355,0.828444764367863,0.8018223234624146,0.16704631738800305
2011-07-08,0.9746027130715194,0.8283065052659511,0.8018223234624146,0.16704631738800305
2011-07-11,0.974703275882853,0.8285988523805381,0.806378132118451,0.16324981017463933
2011-07-12,0.9746577895807736,0.8320037228290397,0.806378132118451,0.16324981017463933
2011-07-13,0.9743871618367271,0.8313809606660288,0.7881548974943052,0.17843583902809415
2011-07-14,0.9745637242702336,0.8311593850402347,0.7881548974943052,0.17843583902809415
2011-07-15,0.974165449675067,0.8307885845448224,0.8018223234624146,0.16704631738800305
2011-07-19,0.9743708050692381,0.8302319198043296,0.8018223234624146,0.16704631738800305
2011-07-20,0.9739789769818576,0.8305985636822552,0.7972665148063781,0.17084282460136674
2011-07-21,0.9744476064806782,0.8308432608547703,0.7927107061503417,0.17463933181473046
2011-07-22,0.9743089275255257,0.8305835005178833,0.7927107061503417,0.17463933181473046
2011-07-25,0.975018875023961,0.8309713375834067,0.7927107061503417,0.17463933181473046
2011-07-26,0.974810674317246,0.830521022058974,0.7927107061503417,0.17463933181473046
2011-07-27,0.9733766945068638,0.8270656820891186,0.7881548974943052,0.17843583902809415
2011-07-28,0.9741410664421297,0.829038619196837,0.8018223234624146,0.16704631738800305
2011-07-29,0.9741823757098732,0.8300856014960798,0.7881548974943052,0.17843583902809415
2011-08-01,0.9740058607300633,0.8302140863349076,0.785876993166287,0.18223234624145784
2011-08-02,0.9738487578195778,0.8299164270072175,0.7835990888382688,0.18223234624145784
2011-08-03,0.9745220639803167,0.8308600218492878,0.7972665148063781,0.17084282460136674
2011-08-04,0.9745769241844768,0.8325326527561878,0.7881548974943052,0.17843583902809415
2011-08-05,0.9751244694948265,0.8347953883638991,0.8018223234624146,0.16704631738800305
2011-08-08,0.9747116460905811,0.8349688030138317,0.806378132118451,0.16324981017463933
2011-08-09,0.9743526207684327,0.8356167879711363,0.7972665148063781,0.17084282460136674
2011-08-10,0.9747645586448859,0.8354006898109139,0.806378132118451,0.16324981017463933
2011-08-11,0.9748290607868344,0.8342436954056236,0.806378132118451,0.16324981017463933
2011-08-12,0.9748747777763325,0.8306636706355045,0.8154897494305239,0.1556567957479119
2011-08-15,0.9746402510701985,0.8298266878480656,0.8154897494305239,0.1556567957479119
2011-08-16,0.9746488452342097,0.829416124757403,0.8154897494305239,0.1556567957479119
2011-08-17,0.9740143672967049,0.8299046884129319,0.8018223234624146,0.16704631738800305
2011-08-18,0.9740901794691756,0.8300540641679378,0.8154897494305239,0.1556567957479119
2011-08-19,0.9735157448887721,0.830233689923322,0.8132118451025057,0.15945330296127563
2011-08-22,0.9729746807802838,0.8299296049336259,0.8132118451025057,0.15945330296127563
2011-08-23,0.9730434470916486,0.829880851577276,0.8132118451025057,0.15945330296127563
2011-08-24,0.9726105165130439,0.8309352175244876,0.8018223234624146,0.17084282460136674
2011-08-25,0.9735693752487867,0.8307943202932452,0.8041002277904328,0.16704631738800305
2011-08-26,0.9735128045777813,0.8301844498908598,0.8086560364464692,0.16324981017463933
2011-08-29,0.9742074045493602,0.8300677579213737,0.8041002277904328,0.16704631738800305
2011-08-30,0.9742962749028445,0.8297949690246937,0.8177676537585421,0.1556567957479119
2011-08-31,0.9744202427123491,0.829238422254391,0.8109339407744874,0.16324981017463933
2011-09-01,0.9743312614804321,0.8330227767808662,0.8086560364464692,0.16324981017463933
2011-09-02,0.9742828275910739,0.8332398993616217,0.806378132118451,0.16704631738800305
2011-09-05,0.9743055579724906,0.8329373747339262,0.806378132118451,0.16704631738800305
2011-09-06,0.9737608961455853,0.833425979559268,0.8041002277904328,0.16704631738800305
2011-09-07,0.9721698703030348,0.8288280570865092,0.785876993166287,0.18223234624145784
2011-09-08,0.9736731163993176,0.8330643195569938,0.8018223234624146,0.16704631738800305
2011-09-09,0.9739242184369367,0.8332575278080467,0.8086560364464692,0.16324981017463933
2011-09-12,0.9736058004798674,0.8326773198821108,0.8109339407744874,0.16324981017463933
2011-09-13,0.973551407645804,0.8319272007482579,0.8154897494305239,0.15945330296127563
2011-09-14,0.9735081943943168,0.8319325941398129,0.7972665148063781,0.17463933181473046
2011-09-15,0.973525541792544,0.831476720724261,0.7949886104783599,0.17843583902809415
2011-09-16,0.9738887207966689,0.8317296180985654,0.8086560364464692,0.16704631738800305
2011-09-20,0.973955917296888,0.8319579621064167,0.8041002277904328,0.17084282460136674
2011-09-21,0.9738836874127506,0.8319531722030895,0.806378132118451,0.16704631738800305
2011-09-22,0.9735707302026654,0.8322917676370004,0.8018223234624146,0.17084282460136674
2011-09-26,0.9728224660552769,0.8336025990860999,0.8018223234624146,0.17084282460136674
2011-09-27,0.9736831131546998,0.833857418258876,0.8109339407744874,0.16324981017463933
2011-09-28,0.9733060802097397,0.832826055566083,0.8109339407744874,0.16324981017463933
2011-09-29,0.9737128495926524,0.8327210271775545,0.806378132118451,0.16704631738800305
2011-09-30,0.9738264065550898,0.832916401886958,0.806378132118451,0.16704631738800305
2011-10-03,0.9730846240411664,0.8329461270853896,0.7881548974943052,0.18223234624145784
2011-10-04,0.9734025183789611,0.833509172176718,0.7949886104783599,0.17463933181473046
2011-10-05,0.9730969907821048,0.8333883593919899,0.7835990888382688,0.18223234624145784
2011-10-06,0.9732026154706361,0.8318494633938233,0.7881548974943052,0.18223234624145784
2011-10-07,0.9739458363084826,0.8321582428291326,0.7949886104783599,0.17463933181473046
2011-10-11,0.9743374386951819,0.8323568021361883,0.8132118451025057,0.15945330296127563
2011-10-12,0.9743207018644346,0.833131629041043,0.8154897494305239,0.15945330296127563
2011-10-13,0.9746091375222382,0.8331404195965736,0.8200455580865603,0.1556567957479119
2011-10-14,0.9751006975900898,0.8330218170298401,0.8291571753986332,0.1480637813211845
2011-10-17,0.9750615468829285,0.8323578798328375,0.8246013667425968,0.15186028853454822
2011-10-18,0.9749084039682275,0.8328194067653033,0.8200455580865603,0.1556567957479119
2011-10-19,0.9748306132063999,0.8326588656299804,0.8246013667425968,0.15186028853454822
2011-10-20,0.9747782972077705,0.8325219340485454,0.8154897494305239,0.15945330296127563
2011-10-21,0.9749696538712948,0.8338933410667929,0.806378132118451,0.16704631738800305
2011-10-24,0.975179684139768,0.8334054994847274,0.8291571753986332,0.1480637813211845
2011-10-25,0.9755273225681931,0.8326681819288246,0.8246013667425968,0.15186028853454822
2011-10-26,0.9748540420491613,0.830305159606379,0.8246013667425968,0.15186028853454822
2011-10-27,0.9778366797567299,0.835585324578319,0.835990888382688,0.1404707668944571
2011-10-28,0.9779442682184736,0.8373038943049592,0.8314350797266514,0.1442672741078208
2011-10-31,0.9783079048870159,0.8382261314320556,0.8428246013667426,0.1366742596810934
2011-11-01,0.9777959676610876,0.8375368860383408,0.8451025056947609,0.13287775246772968
2011-11-02,0.9778581176359948,0.8372946245404429,0.8428246013667426,0.1366742596810934
2011-11-04,0.9777034265565683,0.834418709358388,0.8451025056947609,0.13287775246772968
2011-11-07,0.9776944056386762,0.8336407486804286,0.835990888382688,0.1404707668944571
2011-11-08,0.976630476800196,0.831473130638789,0.8200455580865603,0.1556567957479119
2011-11-09,0.9763514727066114,0.8321389556556663,0.8223234624145785,0.15186028853454822
2011-11-10,0.9768131751821637,0.8334365380713226,0.8337129840546698,0.1442672741078208
2011-11-11,0.9764124332171633,0.8324639067709316,0.8314350797266514,0.1442672741078208
2011-11-14,0.9769385743062924,0.8333510573257206,0.835990888382688,0.1404707668944571
2011-11-15,0.9765709941868898,0.8297933285446043,0.8291571753986332,0.1480637813211845
2011-11-16,0.9768432166750164,0.8309369509758474,0.8223234624145785,0.15186028853454822
2011-11-17,0.9770339486066858,0.8307820698772391,0.8405466970387244,0.1366742596810934
2011-11-18,0.9766123761136128,0.8304453614674346,0.8382687927107062,0.1404707668944571
2011-11-21,0.976236732157606,0.8289944288967366,0.835990888382688,0.1404707668944571
2011-11-22,0.9745082038724343,0.8257114992981888,0.8041002277904328,0.16704631738800305
2011-11-24,0.9747794444268414,0.8282626876241211,0.8154897494305239,0.15945330296127563
2011-11-25,0.9749327619020385,0.8284104581769689,0.8109339407744874,0.16324981017463933
2011-11-28,0.975203502283714,0.8288351948528498,0.8109339407744874,0.16324981017463933
2011-11-29,0.9743545392125929,0.828534379859432,0.8109339407744874,0.16324981017463933
2011-11-30,0.9747791482333343,0.8283726751010033,0.8109339407744874,0.16324981017463933
2011-12-01,0.9753294176755525,0.8294508485710221,0.8109339407744874,0.16324981017463933
2011-12-02,0.9746747247937301,0.8280812295290549,0.8109339407744874,0.16324981017463933
2011-12-05,0.9756076890792142,0.8305591518041446,0.8223234624145785,0.15186028853454822
2011-12-06,0.9754463522753688,0.8306324424749475,0.8314350797266514,0.1480637813211845
2011-12-07,0.9759765377946498,0.8313439204763575,0.8177676537585421,0.15945330296127563
2011-12-08,0.9757226553514304,0.8309572591916329,0.8223234624145785,0.1556567957479119
2011-12-09,0.9757064270079626,0.8308533884749636,0.8154897494305239,0.15945330296127563
2011-12-12,0.9751286554650495,0.8269757821784164,0.806378132118451,0.16704631738800305
2011-12-13,0.9759169138630662,0.8287211748356662,0.8200455580865603,0.1556567957479119
2011-12-14,0.9761214125272355,0.8300102247977481,0.8113636363636364,0.16287878787878787
2011-12-15,0.9758336457223512,0.8292738774548353,0.8159090909090909,0.1590909090909091
2011-12-16,0.9757673461266975,0.8289911533225492,0.8022727272727272,0.17045454545454547
2011-12-19,0.9760887644429036,0.8288767336109595,0.8113636363636364,0.16287878787878787
2011-12-20,0.9759507864283479,0.829597110360675,0.8113636363636364,0.16287878787878787
2011-12-21,0.9759411298748042,0.8268901072377511,0.8113636363636364,0.16287878787878787
2011-12-22,0.9751663662303076,0.8256753442434174,0.8022727272727272,0.17045454545454547
2011-12-26,0.9745901668070643,0.8241029447037312,0.8027210884353742,0.17006802721088435
2011-12-27,0.9743694340159954,0.8232330217567152,0.7891156462585034,0.18140589569160998
2011-12-28,0.9738311661520292,0.8209351291708032,0.7936507936507936,0.17762660619803478
2012-01-04,0.9737526048560387,0.8232458787349788,0.7891156462585034,0.18140589569160998
2012-01-05,0.9741366775189293,0.823363632634091,0.7936507936507936,0.17762660619803478
2012-01-06,0.9736033627545273,0.8232517129978457,0.7891156462585034,0.18140589569160998
2012-01-10,0.9736167026288829,0.8228331868351173,0.7981859410430839,0.17384731670445958
2012-01-11,0.9729509304357477,0.8218527532522808,0.7981859410430839,0.17384731670445958
2012-01-12,0.973258519959776,0.8225307313569277,0.7755102040816326,0.1927437641723356
2012-01-13,0.9734210819522764,0.8230730631249003,0.7891156462585034,0.18140589569160998
2012-01-16,0.9736480779965987,0.8236551400643255,0.7936507936507936,0.17762660619803478
2012-01-17,0.9737820462796096,0.8239095800448105,0.7891156462585034,0.18140589569160998
2012-01-18,0.9731743373749854,0.8234838477269114,0.7891156462585034,0.18140589569160998
2012-01-19,0.9735212077195168,0.8236588261538177,0.8027210884353742,0.17006802721088435
2012-01-20,0.9732444602182152,0.823516238742201,0.8072562358276644,0.16628873771730915
2012-01-23,0.9728927800026843,0.8234608240497907,0.7981859410430839,0.17384731670445958
2012-01-24,0.9727464877310206,0.8215381372225138,0.8027210884353742,0.17006802721088435
2012-01-25,0.973349006325558,0.8230253754713498,0.800453514739229,0.17006802721088435
2012-01-26,0.9733061937220093,0.8248546121630356,0.8027210884353742,0.17006802721088435
2012-01-27,0.9731355049130703,0.8247679773566602,0.8027210884353742,0.17006802721088435
2012-01-30,0.9730973304520968,0.8247938244967707,0.8072562358276644,0.16628873771730915
2012-01-31,0.9722938750184744,0.8221978728015218,0.7936507936507936,0.17762660619803478
2012-02-01,0.9736338516293506,0.82440501209567,0.8117913832199547,0.16250944822373395
2012-02-02,0.9730886366463831,0.8245773014029908,0.8072562358276644,0.16628873771730915
2012-02-03,0.9727276406489189,0.8245194735728355,0.8027210884353742,0.17006802721088435
2012-02-06,0.9732493969542593,0.8251337215065638,0.7981859410430839,0.17384731670445958
2012-02-07,0.9734265863466681,0.8269402811645069,0.800453514739229,0.17006802721088435
2012-02-08,0.9732999805089695,0.8272316417379135,0.800453514739229,0.17006802721088435
2012-02-09,0.9733656657130455,0.8272703793421067,0.7913832199546486,0.17762660619803478
2012-02-10,0.9736571974181233,0.8308307961603456,0.7959183673469388,0.17384731670445958
2012-02-13,0.9734698187174409,0.8291442269966822,0.7777777777777778,0.1889644746787604
2012-02-14,0.9741368478913123,0.8327209290068157,0.7868480725623582,0.18140589569160998
2012-02-15,0.9738916532918209,0.832265221434578,0.7913832199546486,0.17762660619803478
2012-02-16,0.9740332914888824,0.832084593673067,0.7913832199546486,0.17762660619803478
2012-02-17,0.9745109793611638,0.8320042269381032,0.7959183673469388,0.17384731670445958
2012-02-20,0.9740828796185127,0.8320395815344046,0.8049886621315193,0.16628873771730915
2012-02-21,0.9748564797750675,0.8334408453770392,0.7868480725623582,0.18140589569160998
2012-02-22,0.9752920225644871,0.8333957468518428,0.782312925170068,0.1851851851851852
2012-02-23,0.9753143327755553,0.8343199526959273,0.800453514739229,0.17006802721088435
2012-02-24,0.9756316462142225,0.8340063156363988,0.7959183673469388,0.17384731670445958
2012-02-27,0.976042106458425,0.8339587696703489,0.8049886621315193,0.16628873771730915
2012-02-28,0.9760364180495531,0.8337397277577474,0.7913832199546486,0.17762660619803478
2012-02-29,0.9754949546132364,0.8335015580589665,0.7913832199546486,0.17762660619803478
2012-03-01,0.9753377156865759,0.8338240250912541,0.8049886621315193,0.16628873771730915
2012-03-02,0.9753605082934089,0.832574007720976,0.8049886621315193,0.16628873771730915
2012-03-05,0.9751495446636017,0.8324147984594651,0.800453514739229,0.17006802721088435
2012-03-06,0.9747020965427544,0.8321396641309909,0.800453514739229,0.17006802721088435
2012-03-07,0.97480930262723,0.831538905879868,0.7959183673469388,0.17384731670445958
2012-03-08,0.9748805454144959,0.8314344204403153,0.7959183673469388,0.17384731670445958
2012-03-09,0.975097767526927,0.8328454423171848,0.7868480725623582,0.18140589569160998
2012-03-12,0.9754749141492126,0.832677532349244,0.7959183673469388,0.17384731670445958
2012-03-13,0.9753618616308258,0.8329298305438372,0.782312925170068,0.1851851851851852
2012-03-14,0.9749941963105895,0.8325904844323501,0.7782805429864253,0.18853695324283562
2012-03-15,0.9750365497145476,0.8326124649072228,0.7782805429864253,0.18853695324283562
2012-03-16,0.9751417222653391,0.8324212527826302,0.7782805429864253,0.18853695324283562
2012-03-19,0.9750513820535656,0.8330836821300166,0.7782805429864253,0.18853695324283562
2012-03-21,0.9753704192767955,0.8346871670761767,0.7737556561085973,0.19230769230769235
2012-03-22,0.9753606661196549,0.8336854797061813,0.7782805429864253,0.18853695324283562
2012-03-23,0.9758390210781527,0.8335989074358872,0.7737556561085973,0.19230769230769235
2012-03-26,0.9760977880233784,0.8337152748962449,0.7692307692307693,0.19607843137254904
2012-03-27,0.9762206622525248,0.8356973909351503,0.7737556561085973,0.19230769230769235
2012-03-28,0.9765442581520214,0.8343026222221782,0.7737556561085973,0.19230769230769235
2012-03-29,0.9767292355591544,0.8342872677374766,0.7895927601809954,0.1772247360482655
2012-03-30,0.976741211143807,0.8341346882497401,0.7986425339366516,0.16968325791855204
2012-04-02,0.976742088587471,0.8346859512775977,0.7805429864253394,0.1847662141779789
2012-04-03,0.9765622869357838,0.8330928773282681,0.7918552036199095,0.1772247360482655
2012-04-04,0.9765246295978156,0.8330257196377252,0.7918552036199095,0.1772247360482655
2012-04-05,0.9759315555847903,0.8315612940944827,0.7873303167420814,0.1809954751131222
2012-04-06,0.9758641523040333,0.833068416659225,0.7828054298642534,0.1847662141779789
2012-04-09,0.9758232786381176,0.8323478972432946,0.7692307692307693,0.19607843137254904
2012-04-10,0.9754036972265265,0.8316147180602667,0.7782805429864253,0.18853695324283562
2012-04-11,0.9760884870700375,0.8325999377695524,0.7692307692307693,0.19607843137254904
2012-04-12,0.9766007894783322,0.8332781539785077,0.7647058823529411,0.19984917043740574
2012-04-13,0.9763735752364595,0.8337555205789455,0.7692307692307693,0.19607843137254904
2012-04-16,0.9758340994310861,0.8330485446080386,0.7601809954751131,0.20361990950226247
2012-04-17,0.9760062736195739,0.8328111517392873,0.7782805429864253,0.18853695324283562
2012-04-18,0.9760547099430477,0.8341387859234444,0.7692307692307693,0.19607843137254904
2012-04-19,0.9760689247014358,0.8328131164720911,0.7647058823529411,0.19984917043740574
2012-04-20,0.9760852758310817,0.8324038368350608,0.7828054298642534,0.1847662141779789
2012-04-23,0.9757823928878339,0.8338205150566194,0.7828054298642534,0.1847662141779789
2012-04-24,0.9759178298940069,0.8339535679049067,0.7760180995475113,0.18853695324283562
2012-04-25,0.975758988400203,0.8361774596252518,0.7805429864253394,0.1847662141779789
2012-04-26,0.9762764211025508,0.838649136458062,0.7805429864253394,0.1847662141779789
2012-04-27,0.9770461430612895,0.8393660474459018,0.7850678733031674,0.1809954751131222
2012-05-01,0.9766790467302878,0.8360222682951874,0.7895927601809954,0.1772247360482655
2012-05-02,0.9774321853654095,0.8399917102936815,0.7941176470588235,0.17345399698340877
2012-05-07,0.9763330444108086,0.8391200687698718,0.7941176470588235,0.17345399698340877
2012-05-08,0.975989938090227,0.8383435053042814,0.7850678733031674,0.1809954751131222
2012-05-09,0.9761712976442822,0.8385117169866174,0.7760180995475113,0.18853695324283562
2012-05-10,0.9758451457840308,0.8373612718593777,0.7850678733031674,0.1809954751131222
2012-05-11,0.9762067413530605,0.8384851740572447,0.7805429864253394,0.1847662141779789
2012-05-14,0.9762516250288088,0.8380704539924052,0.7805429864253394,0.1847662141779789
2012-05-15,0.9766094669124907,0.8376626141302737,0.7805429864253394,0.1847662141779789
2012-05-16,0.9767950228561856,0.8382112369550608,0.7850678733031674,0.1809954751131222
2012-05-17,0.9772688329853858,0.8381875497545919,0.7805429864253394,0.1847662141779789
2012-05-18,0.9770833140846953,0.8380158110511111,0.7805429864253394,0.1847662141779789
2012-05-21,0.9770270136486264,0.8369468298845159,0.7850678733031674,0.1809954751131222
2012-05-22,0.977192438713232,0.8369075272266093,0.7760180995475113,0.18853695324283562
2012-05-23,0.9768699803798532,0.8364158911194127,0.7714932126696833,0.19230769230769235
2012-05-24,0.9772728401879922,0.8371416335407551,0.7760180995475113,0.18853695324283562
2012-05-25,0.9767375801780843,0.8364414619968201,0.7714932126696833,0.19230769230769235
2012-05-28,0.9766421181370468,0.8354600590491944,0.7805429864253394,0.1847662141779789
2012-05-29,0.977422322729212,0.8358491164493335,0.7941176470588235,0.17345399698340877
2012-05-30,0.9776791715128198,0.8360810823095888,0.7986425339366516,0.16968325791855204
2012-05-31,0.9776166849509257,0.8355892891976013,0.7895927601809954,0.1772247360482655
2012-06-01,0.9773395745277343,0.8363613545203449,0.7850678733031674,0.1809954751131222
2012-06-04,0.9777369564072055,0.8364257704170405,0.7850678733031674,0.1809954751131222
2012-06-05,0.9777974171812451,0.833625965355897,0.7895927601809954,0.1772247360482655
2012-06-06,0.9781682776750334,0.8334224905162403,0.7986425339366516,0.16968325791855204
2012-06-07,0.9784048399611517,0.8340691749627599,0.7986425339366516,0.16968325791855204
2012-06-08,0.9784032433178977,0.8347703470096397,0.7895927601809954,0.1772247360482655
2012-06-11,0.9790660443683222,0.8353853922612792,0.7941176470588235,0.17345399698340877
2012-06-12,0.9791019498314962,0.8356718294690874,0.7941176470588235,0.17345399698340877
2012-06-13,0.9787980335224012,0.8374446649689453,0.7941176470588235,0.17345399698340877
2012-06-14,0.9787711001827064,0.8368444337725947,0.7986425339366516,0.16968325791855204
2012-06-15,0.9785639520404443,0.8365932791573754,0.7986425339366516,0.16968325791855204
2012-06-18,0.9793854734047466,0.8354332246861321,0.7895927601809954,0.1772247360482655
2012-06-19,0.9790544122557242,0.834356241225783,0.7850678733031674,0.1809954751131222
2012-06-20,0.9786699367005326,0.8323922035143251,0.7895927601809954,0.1772247360482655
2012-06-21,0.9780689609867075,0.8316613465734503,0.7760180995475113,0.18853695324283562
2012-06-22,0.9781279132494247,0.8317600819275439,0.7895927601809954,0.1772247360482655
2012-06-25,0.9779822259991474,0.8313215000616846,0.7850678733031674,0.1809954751131222
2012-06-26,0.9778303173101173,0.8314237534695249,0.8076923076923077,0.16214177978883865
2012-06-27,0.975116382209455,0.829433982261798,0.7918552036199095,0.1772247360482655
2012-06-28,0.9748810790360288,0.8300349054213786,0.7963800904977375,0.17345399698340877
2012-06-29,0.974851277179089,0.8306403812927158,0.7918552036199095,0.1772247360482655
2012-07-02,0.9752533103826213,0.831317079275805,0.7873303167420814,0.1809954751131222
2012-07-03,0.9752101116419055,0.8315553918536646,0.7873303167420814,0.1809954751131222
2012-07-04,0.9750645094266127,0.8309403274390867,0.8009049773755657,0.16968325791855204
2012-07-05,0.9747563952578215,0.8304271878822838,0.7963800904977375,0.17345399698340877
2012-07-06,0.9747160089690838,0.8302552442077952,0.7828054298642534,0.1847662141779789
2012-07-09,0.974168298167005,0.8290441624727235,0.7918552036199095,0.1772247360482655
2012-07-10,0.974241787883292,0.8286320003637226,0.7918552036199095,0.1772247360482655
2012-07-11,0.9736995291171511,0.825924645731378,0.7918552036199095,0.1772247360482655
2012-07-12,0.9736224424879666,0.8255903648721857,0.7873303167420814,0.1809954751131222
2012-07-13,0.9741151871479661,0.8278933703876107,0.7963800904977375,0.17345399698340877
2012-07-17,0.9731484926136682,0.8271892953279933,0.7918552036199095,0.1772247360482655
2012-07-18,0.9724778770023551,0.8263824598247543,0.7873303167420814,0.1809954751131222
2012-07-19,0.9736894840386223,0.8288255775643568,0.7963800904977375,0.17345399698340877
2012-07-20,0.9738501714966059,0.8295805173127131,0.8009049773755657,0.16968325791855204
2012-07-23,0.9736979410464229,0.8308163662015849,0.8099547511312217,0.16214177978883865
2012-07-24,0.9741708762721801,0.8301493619853754,0.8054298642533937,0.16591251885369535
2012-07-25,0.9739148972071797,0.8314566536286574,0.8144796380090498,0.15837104072398192
2012-07-26,0.9740280675901777,0.8312905966465816,0.8099547511312217,0.16214177978883865
2012-07-27,0.9743980977399275,0.8312783349262312,0.8099547511312217,0.16214177978883865
2012-07-30,0.9760839895369942,0.8349488829141464,0.8122171945701357,0.15837104072398192
2012-07-31,0.9768753565883922,0.834960150066646,0.8031674208144797,0.16591251885369535
2012-08-01,0.977190403975682,0.8359261848265245,0.8167420814479638,0.1546003016591252
2012-08-02,0.977531742510207,0.8354978649047599,0.830316742081448,0.14328808446455507
2012-08-03,0.9774407272486698,0.8362799187311817,0.834841628959276,0.13951734539969834
2012-08-06,0.9772623835630441,0.837441795202869,0.8257918552036199,0.1470588235294118
2012-08-07,0.9770931904338543,0.8369242542348464,0.8257918552036199,0.1470588235294118
2012-08-08,0.9774977646006425,0.836120260253023,0.8257918552036199,0.1470588235294118
2012-08-09,0.977375717473475,0.8358401143427221,0.8212669683257918,0.1508295625942685
2012-08-10,0.9772302769851615,0.8353335295196386,0.8257918552036199,0.1470588235294118
2012-08-13,0.9772381595223498,0.8342296287855403,0.830316742081448,0.14328808446455507
2012-08-14,0.9767917764340992,0.8339856879212482,0.8257918552036199,0.1470588235294118
2012-08-15,0.9763381414412888,0.8345550453860991,0.8257918552036199,0.1470588235294118
2012-08-16,0.9764303101317234,0.8345521172685765,0.8167420814479638,0.1546003016591252
2012-08-17,0.9766922747001492,0.834465251489576,0.8167420814479638,0.1546003016591252
2012-08-20,0.9768665708202823,0.8344052826680224,0.8257918552036199,0.1470588235294118
2012-08-21,0.9770180613311967,0.8334480640334253,0.8257918552036199,0.1470588235294118
2012-08-22,0.976819581604533,0.8324620616579792,0.8122171945701357,0.15837104072398192
2012-08-23,0.9766018607985357,0.8317380175619307,0.8212669683257918,0.1508295625942685
2012-08-24,0.976431963022333,0.8314530971676959,0.830316742081448,0.14328808446455507
2012-08-27,0.9763068974731209,0.8299292087292216,0.8167420814479638,0.1546003016591252
2012-08-28,0.9757141014343539,0.8290875753985373,0.8076923076923077,0.16214177978883865
2012-08-29,0.9758447577460789,0.8305552902328195,0.8122171945701357,0.15837104072398192
2012-08-30,0.9756548786785935,0.8297893877534542,0.8212669683257918,0.1508295625942685
2012-08-31,0.9755025551200991,0.8297674360846047,0.8122171945701357,0.15837104072398192
2012-09-03,0.9754181366127427,0.8297577720040382,0.8122171945701357,0.15837104072398192
2012-09-04,0.9757873719647205,0.8299869992320378,0.8167420814479638,0.1546003016591252
2012-09-05,0.9753294337055561,0.8295771299064449,0.8122171945701357,0.15837104072398192
2012-09-06,0.9755147419898628,0.8295655436186451,0.8167420814479638,0.1546003016591252
2012-09-07,0.9761144965538651,0.8297631544598555,0.8257918552036199,0.1470588235294118
2012-09-10,0.975924941179562,0.8305923676302611,0.8212669683257918,0.1508295625942685
2012-09-11,0.976032618235111,0.830763546702063,0.8122171945701357,0.15837104072398192
2012-09-12,0.9756585816532516,0.8303220398087269,0.8076923076923077,0.16214177978883865
2012-09-13,0.9760876722157162,0.8301581253057363,0.8167420814479638,0.1546003016591252
2012-09-14,0.9766725960134282,0.8302407330152575,0.8076923076923077,0.16214177978883865
2012-09-18,0.9768880981588832,0.8304327774923819,0.8212669683257918,0.1508295625942685
2012-09-19,0.9766969204194469,0.8310831889762758,0.8306997742663657,0.14296463506395787
2012-09-20,0.9762219881113836,0.8307963830593988,0.8171557562076749,0.1542513167795335
2012-09-21,0.9761951766076289,0.8297661603179033,0.8126410835214447,0.1580135440180587
2012-09-24,0.9762119538168234,0.8308966517845078,0.8126410835214447,0.1580135440180587
2012-09-25,0.9762805448784407,0.830812584721944,0.8036117381489842,0.1655379984951091
2012-09-26,0.9710200479649865,0.8237076897356184,0.8081264108352144,0.1655379984951091
2012-09-27,0.9708339875413012,0.8223039514843429,0.8216704288939052,0.1542513167795335
2012-09-28,0.970881576393716,0.8228048255490865,0.8081264108352144,0.1655379984951091
2012-10-01,0.9707427973505872,0.8227329759002264,0.8261851015801355,0.1504890895410083
2012-10-02,0.970517664437922,0.821192008130981,0.8216704288939052,0.1542513167795335
2012-10-03,0.9707137299250214,0.8207207540188141,0.8036117381489842,0.16930022573363432
2012-10-04,0.9704826432903074,0.8192243547754053,0.8081264108352144,0.1655379984951091
2012-10-05,0.970568894856898,0.8188457601716542,0.8126410835214447,0.1617757712565839
2012-10-09,0.969968248950664,0.8177413720852859,0.8081264108352144,0.1655379984951091
2012-10-10,0.96985510817478,0.8166965626405259,0.8036117381489842,0.16930022573363432
2012-10-11,0.9698292275476199,0.8155835930858336,0.7990970654627539,0.17306245297215953
2012-10-12,0.9704850771473609,0.816342031996283,0.8036117381489842,0.16930022573363432
2012-10-15,0.9703614822585673,0.816421178829394,0.8171557562076749,0.1580135440180587
2012-10-16,0.9708095615319208,0.8170160088862066,0.8081264108352144,0.1655379984951091
2012-10-17,0.9706732770204576,0.8163785590791763,0.8081264108352144,0.1655379984951091
2012-10-18,0.9704602489255987,0.8158908397415948,0.8126410835214447,0.1617757712565839
2012-10-19,0.9706776838640063,0.8155993809757839,0.8216704288939052,0.1542513167795335
2012-10-22,0.9710809997699951,0.8148255760991371,0.8171557562076749,0.1580135440180587
2012-10-23,0.9713217972659118,0.8149199701563898,0.8126410835214447,0.1617757712565839
2012-10-24,0.9731016113375851,0.8142837211316365,0.8148984198645598,0.1580135440180587
2012-10-25,0.9733047243207211,0.8157144854917441,0.8194130925507901,0.1542513167795335
2012-10-26,0.9733079960860057,0.8161510045118603,0.8239277652370203,0.1504890895410083
2012-10-29,0.9746690022309477,0.8191890145116436,0.8306997742663657,0.14296463506395787
2012-10-30,0.974824725074084,0.8181710898786632,0.8171557562076749,0.1542513167795335
2012-10-31,0.9748607329024855,0.8176824952613577,0.8171557562076749,0.1542513167795335
2012-11-01,0.9744846754314005,0.8172958246985712,0.8081264108352144,0.1617757712565839
2012-11-02,0.9743937773896242,0.8178435029398846,0.8036117381489842,0.1655379984951091
2012-11-05,0.9742144746314318,0.8171662369288695,0.7945823927765236,0.17306245297215953
2012-11-06,0.9746252537109569,0.8180897694448919,0.8081264108352144,0.1617757712565839
2012-11-07,0.9749864342374431,0.8179406768619303,0.7990970654627539,0.16930022573363432
2012-11-08,0.9750277501149295,0.8171623054564428,0.8126410835214447,0.1580135440180587
2012-11-09,0.975323901104465,0.8168179062331437,0.8171557562076749,0.1542513167795335
2012-11-12,0.9752866969141827,0.8166558187033046,0.8216704288939052,0.1504890895410083
2012-11-13,0.9750412459497292,0.8169474535680736,0.8171557562076749,0.1542513167795335
2012-11-14,0.9749059221446222,0.8172804813482112,0.8081264108352144,0.1617757712565839
2012-11-15,0.9755867639992377,0.8174587575605542,0.8306997742663657,0.14296463506395787
2012-11-16,0.9760296466313184,0.817651631730993,0.8126410835214447,0.1580135440180587
2012-11-19,0.9759598155788718,0.8179059951276169,0.8306997742663657,0.14296463506395787
2012-11-20,0.9757846467791063,0.8182255264287998,0.8171557562076749,0.1542513167795335
2012-11-21,0.9760674387670185,0.820361235274445,0.8216704288939052,0.1504890895410083
2012-11-22,0.9757509944486361,0.820298922585683,0.8081264108352144,0.1617757712565839
2012-11-26,0.9762231326010931,0.8205517113440333,0.8306997742663657,0.14296463506395787
2012-11-27,0.975952631376195,0.8204447421165016,0.8261851015801355,0.14672686230248308
2012-11-28,0.9760501883060339,0.8213348541528867,0.8261851015801355,0.14672686230248308
2012-11-29,0.9763755720132404,0.821396774785658,0.8171557562076749,0.1542513167795335
2012-11-30,0.9767742701813339,0.8215592884943251,0.8261851015801355,0.14672686230248308
2012-12-03,0.9768665769788412,0.8216933841520877,0.8306997742663657,0.14296463506395787
2012-12-04,0.9764186325039318,0.8211215495472277,0.8306997742663657,0.14296463506395787
2012-12-05,0.9766728983780901,0.8211772385908531,0.8171557562076749,0.1542513167795335
2012-12-06,0.9773296191338996,0.8206883007747215,0.8306997742663657,0.14296463506395787
2012-12-07,0.9771161511087483,0.8203929867880884,0.8216704288939052,0.1504890895410083
2012-12-10,0.9773276420376071,0.8238580077211511,0.835214446952596,0.13920240782543267
2012-12-11,0.9776022449796029,0.8235418108825489,0.8397291196388262,0.13544018058690746
2012-12-12,0.9775323389659999,0.8237615531435553,0.8306997742663657,0.14296463506395787
2012-12-13,0.9775084857467752,0.8235529004317962,0.8126410835214447,0.1580135440180587
2012-12-14,0.9777339639866381,0.8236156071994872,0.8126410835214447,0.1580135440180587
2012-12-17,0.9777316880280424,0.823711294790099,0.8171557562076749,0.1542513167795335
2012-12-18,0.9776809895773237,0.824204364016991,0.8261851015801355,0.14672686230248308
2012-12-19,0.9774115700269294,0.8237887109366373,0.8220720720720721,0.15015015015015015
2012-12-20,0.9769564511667352,0.8234389566590811,0.8175675675675675,0.1539039039039039
2012-12-21,0.976763961859592,0.8234331488563708,0.8175675675675675,0.1539039039039039
2012-12-25,0.9769340003311968,0.8234291539391538,0.8265765765765766,0.1463963963963964
2012-12-26,0.9772446343404585,0.8236884006463406,0.8220720720720721,0.15015015015015015
2013-01-04,0.9762571592650728,0.8251196736942262,0.8179775280898877,0.15355805243445694
2013-01-07,0.9767736383436502,0.8261682868844535,0.8134831460674158,0.15730337078651688
2013-01-08,0.9770342769543947,0.8286484854835274,0.8089887640449438,0.1610486891385768
2013-01-09,0.9773190406762412,0.8294040236627966,0.8134831460674158,0.15730337078651688
2013-01-10,0.9774890287899928,0.830493989537967,0.8089887640449438,0.1610486891385768
2013-01-11,0.977532991509987,0.8300276547042638,0.8089887640449438,0.1610486891385768
2013-01-15,0.9775053762006816,0.8311340369418552,0.8089887640449438,0.1610486891385768
2013-01-16,0.9774006665977469,0.8337281657480781,0.8134831460674158,0.15730337078651688
2013-01-17,0.9771462619652628,0.8349837551955629,0.8089887640449438,0.1610486891385768
2013-01-18,0.9771639525665546,0.838048747490906,0.8,0.16853932584269665
2013-01-21,0.9770902915672394,0.8365688258133414,0.7955056179775281,0.1722846441947566
2013-01-22,0.9767046233736278,0.8354610671617494,0.8,0.16853932584269665
2013-01-23,0.976534208647155,0.8358983031896606,0.8089887640449438,0.1610486891385768
2013-01-24,0.9765509536595538,0.8364425582099613,0.8044943820224719,0.16479400749063672
2013-01-25,0.976766333842323,0.8368730106174179,0.8089887640449438,0.1610486891385768
2013-01-28,0.9766512133854972,0.8370587293105803,0.8134831460674158,0.15730337078651688
2013-01-29,0.9767191658494127,0.8365580655479866,0.8044943820224719,0.16479400749063672
2013-01-30,0.976323849646754,0.8362329287820089,0.7910112359550562,0.1760299625468165
2013-01-31,0.9764180966704489,0.8362654220510568,0.7865168539325843,0.17977528089887643
2013-02-01,0.9761400387239146,0.8361109988764742,0.7820224719101123,0.18352059925093636
2013-02-04,0.9762468949484093,0.836060645632936,0.7775280898876404,0.18726591760299627
2013-02-05,0.9762259301140083,0.8344644284444444,0.7865168539325843,0.17977528089887643
2013-02-06,0.9762474096561196,0.8359812209183674,0.7910112359550562,0.1760299625468165
2013-02-07,0.9758343954049444,0.8363328402849162,0.8089887640449438,0.1610486891385768
2013-02-08,0.9757425671663289,0.8356358029883932,0.8044943820224719,0.16479400749063672
2013-02-12,0.9760523803082344,0.8379965100369328,0.8089887640449438,0.1610486891385768
2013-02-13,0.9757677184988639,0.8375807691561616,0.7955056179775281,0.1722846441947566
2013-02-14,0.9760129052381071,0.8372378781408355,0.8112359550561797,0.1610486891385768
2013-02-15,0.9756191556574216,0.8364298669376966,0.8067415730337079,0.16479400749063672
2013-02-18,0.9753627623060706,0.8344670361964506,0.8157303370786517,0.15730337078651688
2013-02-19,0.9754258670295254,0.8336336022982278,0.8202247191011236,0.15355805243445694
2013-02-20,0.9748501200076556,0.8355226392343876,0.8157303370786517,0.15730337078651688
2013-02-21,0.9754953372759028,0.8355728270994917,0.8179775280898877,0.15355805243445694
2013-02-22,0.9755468172906107,0.8348962295940908,0.8089887640449438,0.1610486891385768
2013-02-25,0.9754721656146748,0.8344881709381908,0.8067415730337079,0.16479400749063672
2013-02-26,0.9755054941582363,0.8335307287220972,0.8157303370786517,0.15730337078651688
2013-02-27,0.9755047219796491,0.8336594150488963,0.8157303370786517,0.15730337078651688
2013-02-28,0.975428658662579,0.833049490573466,0.8067415730337079,0.16479400749063672
2013-03-01,0.9751981837798388,0.8316684571248387,0.8044943820224719,0.16479400749063672
2013-03-04,0.974288317606585,0.8304670756482383,0.8134831460674158,0.15730337078651688
2013-03-05,0.9737726944195823,0.8295868684298088,0.8112359550561797,0.1610486891385768
2013-03-06,0.9737656920050387,0.8291623357620821,0.8202247191011236,0.15355805243445694
2013-03-07,0.9734013226222561,0.8289076168866141,0.8202247191011236,0.15355805243445694
2013-03-08,0.9735991973486261,0.829001028912083,0.8292134831460675,0.1460674157303371
2013-03-11,0.9734336810283237,0.8289740796705415,0.8247191011235955,0.14981273408239704
2013-03-12,0.9733740907700967,0.827840380724304,0.8179775280898877,0.15355805243445694
2013-03-13,0.9735767280872286,0.8266864264698391,0.8134831460674158,0.15730337078651688
2013-03-14,0.9732264890877353,0.8270365385355526,0.8134831460674158,0.15730337078651688
2013-03-15,0.9731874596902061,0.8270448436250992,0.8314606741573034,0.14232209737827717
2013-03-18,0.9733205617257492,0.8274208961815745,0.8224719101123595,0.14981273408239704
2013-03-19,0.9728677059993189,0.827007831351382,0.8224719101123595,0.14981273408239704
2013-03-21,0.9731937311490281,0.8281205808901216,0.8224719101123595,0.14981273408239704
2013-03-22,0.9733561979580488,0.8284916299179551,0.8224719101123595,0.14981273408239704
2013-03-25,0.9734229134051263,0.8285979115727152,0.8134831460674158,0.15730337078651688
2013-03-26,0.9732470001633231,0.8287992670339897,0.8089887640449438,0.1610486891385768
2013-03-27,0.9717496929057741,0.8284539472823557,0.8337078651685393,0.14232209737827717
2013-03-28,0.9712633729028792,0.8273096818993706,0.8089887640449438,0.1610486891385768
2013-03-29,0.9713248140874214,0.8269152020213733,0.8067415730337079,0.16479400749063672
2013-04-01,0.9719849040755011,0.8268427937638244,0.8089887640449438,0.1610486891385768
2013-04-02,0.9721645956237985,0.8282288991321083,0.8157303370786517,0.15730337078651688
2013-04-03,0.971557844514817,0.8281886192754678,0.8183856502242153,0.1532137518684604
2013-04-04,0.9714579873368112,0.8283427599635769,0.8026905829596412,0.1681614349775785
2013-04-05,0.9712577937493386,0.8287309061955411,0.8071748878923767,0.16442451420029897
2013-04-08,0.9711294327548011,0.8299146311872856,0.8094170403587444,0.16442451420029897
2013-04-09,0.9713702825665761,0.8304842284159023,0.7982062780269058,0.17563527653213754
2013-04-10,0.9721561216902622,0.8318324854597818,0.804932735426009,0.1681614349775785
2013-04-11,0.9729027932291602,0.8319461876395736,0.8228699551569507,0.1532137518684604
2013-04-12,0.9733022606396741,0.8331014310446818,0.8139013452914798,0.16068759342301944
2013-04-15,0.9730112232356773,0.8332589140854083,0.8183856502242153,0.15695067264573992
2013-04-16,0.9732368423775491,0.8336004681963833,0.8228699551569507,0.1532137518684604
2013-04-17,0.9739395815703179,0.8340022180808789,0.8183856502242153,0.15695067264573992
2013-04-18,0.9746229826573174,0.8346945362997619,0.827354260089686,0.14947683109118087
2013-04-19,0.9751602548411167,0.8343035410931321,0.8318385650224215,0.14573991031390135
2013-04-22,0.9751005556149106,0.8340644058033682,0.8318385650224215,0.14573991031390135
2013-04-23,0.9754016138314806,0.8338553913933329,0.8430493273542601,0.13452914798206278
2013-04-24,0.975610127250703,0.834083687109452,0.8542600896860987,0.12705530642750373
2013-04-25,0.9758546866236546,0.8342794466153602,0.8318385650224215,0.14573991031390135
2013-04-26,0.9760380988175955,0.8342741047764873,0.8408071748878924,0.1382660687593423
2013-04-30,0.977736301540718,0.834870965676081,0.852017937219731,0.12705530642750373
2013-05-01,0.9778845095841959,0.8353044252550865,0.8408071748878924,0.1382660687593423
2013-05-02,0.9783049801146201,0.8364055058987125,0.8430493273542601,0.13452914798206278
2013-05-07,0.9784772048708474,0.837218417697864,0.852017937219731,0.12705530642750373
2013-05-08,0.9788894400920091,0.8377139134443534,0.8385650224215246,0.1382660687593423
2013-05-09,0.9804516143634847,0.8376607198114815,0.8430493273542601,0.13452914798206278
2013-05-10,0.9801068945288751,0.8370904420688565,0.8340807174887892,0.14200298953662183
2013-05-13,0.9798741395298847,0.8368620172709356,0.8430493273542601,0.13452914798206278
2013-05-14,0.9804324096230569,0.8373946760554737,0.8542600896860987,0.12705530642750373
2013-05-15,0.9800334161182521,0.8371693085143371,0.8497757847533632,0.13079222720478326
2013-05-16,0.9801729083809924,0.8368334131440877,0.8542600896860987,0.12705530642750373
2013-05-17,0.9805600265741922,0.8370520187415889,0.8497757847533632,0.12705530642750373
2013-05-20,0.9814048760981633,0.8380715353526166,0.8452914798206278,0.13079222720478326
2013-05-21,0.9819764730527,0.8386170965243456,0.8430493273542601,0.13452914798206278
2013-05-22,0.9823223768538708,0.8381481098860463,0.8565022421524664,0.12331838565022422
2013-05-23,0.9821859669544971,0.8382610629233236,0.8632286995515696,0.11584454409566518
2013-05-24,0.9825333187274978,0.8403727864062415,0.8677130044843049,0.11210762331838565
2013-05-27,0.9828647067858485,0.8420162415446558,0.8452914798206278,0.13079222720478326
2013-05-28,0.9830097148143333,0.8423698097496082,0.8363228699551569,0.1382660687593423
2013-05-29,0.9827464604080396,0.8424751865764847,0.8408071748878924,0.13452914798206278
2013-05-30,0.9829381490024298,0.8436272627434357,0.8542600896860987,0.12331838565022422
2013-05-31,0.9834938508822594,0.8451507524564351,0.8430493273542601,0.13452914798206278
2013-06-03,0.9832689688246553,0.8453953392830759,0.8363228699551569,0.1382660687593423
2013-06-04,0.9830745678338938,0.8372040756927073,0.8385650224215246,0.1382660687593423
2013-06-05,0.9824346595774258,0.8339241498140502,0.8363228699551569,0.1382660687593423
2013-06-06,0.982406159356763,0.8334144327609864,0.827354260089686,0.14573991031390135
2013-06-07,0.9827154769386343,0.8356436360860126,0.827354260089686,0.14573991031390135
2013-06-10,0.9829566606745118,0.8358172333979939,0.8452914798206278,0.13079222720478326
2013-06-11,0.9830459263316633,0.8356023040617785,0.8366890380313199,0.13795674869500374
2013-06-12,0.9834262572578624,0.8356722926700988,0.8277404921700223,0.14541387024608501
2013-06-13,0.983226816994804,0.8361093471939129,0.8411633109619687,0.1342281879194631
2013-06-14,0.9833168230334739,0.8363944726899164,0.8277404921700223,0.14541387024608501
2013-06-17,0.9831064919626868,0.8358720373198026,0.8322147651006712,0.14168530947054436
2013-06-18,0.9828526564709236,0.8359250749093359,0.843400447427293,0.1342281879194631
2013-06-19,0.9827010091471728,0.8355993335431712,0.8187919463087249,0.1528709917971663
2013-06-20,0.9826411812269378,0.8355469399225757,0.8236607142857143,0.1488095238095238
2013-06-21,0.9823300290833835,0.8351150057293087,0.8258928571428571,0.1488095238095238
2013-06-24,0.981997582045159,0.8350832876665575,0.8303571428571429,0.1450892857142857
2013-06-25,0.9819768885699559,0.8355482039944113,0.8348214285714286,0.14136904761904762
2013-06-26,0.9813903253193348,0.8346064532597322,0.8392857142857143,0.1376488095238095
2013-06-27,0.9818393279151247,0.8350767294394715,0.8392857142857143,0.1376488095238095
2013-06-28,0.9817694920479242,0.8343360907229606,0.8348214285714286,0.14136904761904762
2013-07-01,0.981644264209649,0.8350172499555839,0.8214285714285714,0.1525297619047619
2013-07-02,0.9818877581029083,0.8349804713511333,0.8303571428571429,0.1450892857142857
2013-07-03,0.9814598498606192,0.8338686170335683,0.8307349665924276,0.14476614699331847
2013-07-04,0.9817307397574968,0.8341211319802582,0.8351893095768375,0.14105419450631032
2013-07-05,0.9818030628038195,0.8335590361797571,0.8396436525612472,0.13734224201930215
2013-07-08,0.9817038158917724,0.8342815779959304,0.8307349665924276,0.14476614699331847
2013-07-09,0.9821135289505866,0.8351152864022712,0.8307349665924276,0.14476614699331847
2013-07-10,0.9816925920904435,0.8352158083735507,0.8262806236080178,0.14847809948032664
2013-07-11,0.9812455017337497,0.8363064075430513,0.821826280623608,0.15219005196733482
2013-07-12,0.9817666602259414,0.8342269479669138,0.821826280623608,0.15219005196733482
2013-07-16,0.9806780553077993,0.8301345822310532,0.8123620309050773,0.16188373804267844
2013-07-17,0.9805495002861703,0.8298650966929946,0.8035320088300221,0.1692420897718911
2013-07-18,0.9806745574272865,0.8300035115590934,0.8123620309050773,0.16188373804267844
2013-07-19,0.9805808777612661,0.8305218131926557,0.8167770419426048,0.1582045621780721
2013-07-22,0.9806034975234807,0.8310185906586269,0.8211920529801324,0.1545253863134658
2013-07-23,0.9807471422342323,0.8311881389638741,0.8167770419426048,0.1582045621780721
2013-07-24,0.9806822482139265,0.8317411547756244,0.8167770419426048,0.1582045621780721
2013-07-25,0.9809248031882015,0.8322433301423846,0.8300220750551877,0.14716703458425312
2013-07-26,0.980784409940522,0.8330216275036512,0.8167770419426048,0.1582045621780721
2013-07-29,0.9807049666735808,0.8347892593653857,0.8079470198675497,0.16556291390728478
2013-07-30,0.9812561789403866,0.8379207457798568,0.8035320088300221,0.1692420897718911
2013-07-31,0.9816032986985981,0.8384764588168133,0.8123620309050773,0.16188373804267844
2013-08-01,0.981455239323677,0.8384180110843809,0.8123620309050773,0.16188373804267844
2013-08-02,0.9818266934934948,0.8384338119240221,0.8123620309050773,0.16188373804267844
2013-08-05,0.9818287201980599,0.8393811875798494,0.8167770419426048,0.1582045621780721
2013-08-06,0.9816811101935567,0.8395874809665845,0.8079470198675497,0.16556291390728478
2013-08-07,0.9818065849151286,0.8414122651729359,0.8189845474613686,0.1545253863134658
2013-08-08,0.9821242619488241,0.8427747193448801,0.8145695364238411,0.1582045621780721
2013-08-09,0.9821224662357936,0.8464999353378989,0.8057395143487859,0.16556291390728478
2013-08-12,0.9821192591613778,0.8475750658537181,0.8013245033112583,0.1692420897718911
2013-08-13,0.9820428123928641,0.8474991891274105,0.8013245033112583,0.1692420897718911
2013-08-14,0.9823376568252243,0.8483986373442473,0.8013245033112583,0.1692420897718911
2013-08-15,0.9826891328451766,0.8493067397402484,0.8057395143487859,0.16556291390728478
2013-08-16,0.9832784263072667,0.8544206857282783,0.8189845474613686,0.1545253863134658
2013-08-19,0.9834563790169786,0.85376299044288,0.8145695364238411,0.1582045621780721
2013-08-20,0.9832548008164728,0.8536343454267521,0.8057395143487859,0.16556291390728478
2013-08-21,0.9833489047299558,0.8525207741245207,0.8101545253863135,0.16188373804267844
2013-08-22,0.9831785199262676,0.8525584626084153,0.8057395143487859,0.16556291390728478
2013-08-23,0.9830250821162253,0.8525529877908675,0.8057395143487859,0.16556291390728478
2013-08-26,0.983204304945249,0.8541893771622652,0.8145695364238411,0.1582045621780721
2013-08-27,0.9833496803398856,0.8544527381501428,0.8145695364238411,0.1582045621780721
2013-08-28,0.9831223924209799,0.8534717839351038,0.8189845474613686,0.1545253863134658
2013-08-29,0.983923532517121,0.8544158754128484,0.8278145695364238,0.14716703458425312
2013-08-30,0.9848173992909673,0.8571428776510343,0.82560706401766,0.14716703458425312
2013-09-02,0.9849063349335224,0.8590161286464455,0.8300220750551877,0.1434878587196468
2013-09-03,0.9852136993274904,0.8608159656114972,0.8278145695364238,0.1434878587196468
2013-09-04,0.9853886508153425,0.8617338528074345,0.8233995584988962,0.14716703458425312
2013-09-05,0.9851777180941907,0.8614473038316074,0.8233995584988962,0.14716703458425312
2013-09-06,0.9849564254501862,0.8607149899220091,0.8278145695364238,0.1434878587196468
2013-09-09,0.985002483355515,0.8610253855737339,0.8057395143487859,0.16188373804267844
2013-09-10,0.9857018382800995,0.8564896647595507,0.8233995584988962,0.14716703458425312
2013-09-11,0.9865194077260397,0.8630575193268536,0.8410596026490066,0.13245033112582782
2013-09-12,0.9867875260094483,0.8652317707510271,0.8366445916114791,0.13612950699043413
2013-09-13,0.9868496540093105,0.8650059153500478,0.8410596026490066,0.13245033112582782
2013-09-17,0.9871588796573498,0.8668240322970787,0.8454746136865342,0.1287711552612215
2013-09-18,0.9873831125605922,0.8647954786195516,0.8410596026490066,0.13245033112582782
2013-09-19,0.9879916024901829,0.8650348780683758,0.8366445916114791,0.13612950699043413
2013-09-20,0.9879262245075567,0.8643601701913327,0.8281938325991189,0.14317180616740088
2013-09-24,0.9880940480793464,0.8643770846399265,0.8325991189427313,0.1395007342143906
2013-09-25,0.9881111499156863,0.8626321080031526,0.8281938325991189,0.14317180616740088
2013-09-26,0.9811046071298293,0.8486394870424093,0.8259911894273128,0.15051395007342144
2013-09-27,0.9810390460446489,0.8474846880521459,0.8259911894273128,0.15051395007342144
2013-09-30,0.9813796052294086,0.8473436709451432,0.8171806167400881,0.157856093979442
2013-10-01,0.9814359952021614,0.8455200370749586,0.8175824175824176,0.1575091575091575
2013-10-02,0.981877600900058,0.8435203807428797,0.8307692307692308,0.14652014652014653
2013-10-03,0.9818921342445446,0.8425070679297508,0.8263736263736263,0.15018315018315018
2013-10-04,0.9819567231835615,0.8423648793697314,0.8263736263736263,0.15018315018315018
2013-10-07,0.9823251152526637,0.8411935410777085,0.8351648351648352,0.14285714285714285
2013-10-08,0.9826288973820432,0.8422266171003765,0.8263736263736263,0.15018315018315018
2013-10-09,0.982770832432949,0.8438643728149862,0.843956043956044,0.13553113553113552
2013-10-10,0.982821793470807,0.8465694484008229,0.8395604395604396,0.1391941391941392
2013-10-11,0.9828019468694547,0.8470305826868808,0.8351648351648352,0.14285714285714285
2013-10-15,0.9828007657327628,0.8481693219107708,0.8483516483516483,0.13186813186813187
2013-10-16,0.9830347828030851,0.8491440630560647,0.843956043956044,0.13553113553113552
2013-10-17,0.9832146022364068,0.8494365176114271,0.8483516483516483,0.13186813186813187
2013-10-18,0.9830516949577475,0.8489223973731104,0.843956043956044,0.13553113553113552
2013-10-21,0.9830957129767056,0.8485282272431486,0.8395604395604396,0.1391941391941392
2013-10-22,0.9828739938573021,0.848898844685643,0.8395604395604396,0.1391941391941392
2013-10-23,0.9833876341671337,0.8500687827789319,0.8527472527472527,0.1282051282051282
2013-10-24,0.9832310190341115,0.8483090278508278,0.843956043956044,0.13553113553113552
2013-10-25,0.9833649685465407,0.8487391364190675,0.8527472527472527,0.1282051282051282
2013-10-28,0.9832544735012453,0.8486798026094217,0.8461538461538461,0.13186813186813187
2013-10-29,0.9834431000076685,0.8482373240117866,0.8505494505494505,0.1282051282051282
2013-10-30,0.9831580714835674,0.8468341502117098,0.8483516483516483,0.13186813186813187
2013-10-31,0.9853012568941737,0.8543502031085507,0.8637362637362638,0.11721611721611722
2013-11-01,0.9854193902418211,0.8512688194101817,0.8771929824561403,0.10599415204678361
2013-11-05,0.9856209635092936,0.8514465658022615,0.881578947368421,0.1023391812865497
2013-11-06,0.9857684458069481,0.8518927739241342,0.8771929824561403,0.10599415204678361
2013-11-07,0.988028517475098,0.8555306939037504,0.8706140350877193,0.10964912280701754
2013-11-08,0.988028867403864,0.8543728421198985,0.8662280701754386,0.11330409356725146
2013-11-11,0.9879774527871806,0.8542272926644547,0.8618421052631579,0.11695906432748537
2013-11-12,0.9876302476166631,0.8525325903394663,0.8706140350877193,0.10964912280701754
2013-11-13,0.9877031677473487,0.8523888136005089,0.875,0.10599415204678361
2013-11-14,0.9876949992979204,0.8519396150247096,0.8793859649122807,0.1023391812865497
2013-11-15,0.9877758464686994,0.8520150309816963,0.8793859649122807,0.1023391812865497
2013-11-18,0.9876895650834961,0.8511203198850623,0.875,0.10599415204678361
2013-11-19,0.9878951953674061,0.851188084079765,0.8793859649122807,0.1023391812865497
2013-11-20,0.9879074646145074,0.8488836644987089,0.8881578947368421,0.09502923976608187
2013-11-21,0.9878497930447867,0.8483614501968287,0.8881578947368421,0.09502923976608187
2013-11-22,0.9879369778127968,0.8476255738123996,0.8881578947368421,0.09502923976608187
2013-11-25,0.9878285876376675,0.8470679051683891,0.8837719298245614,0.09868421052631579
2013-11-26,0.9880263599262274,0.8471203930837502,0.8881578947368421,0.09502923976608187
2013-11-27,0.9879971264997398,0.8462979669695321,0.8969298245614035,0.08771929824561403
2013-11-28,0.9880626775996924,0.8476079710204614,0.8881578947368421,0.09502923976608187
2013-11-29,0.9882712448577238,0.8486090454500221,0.8881578947368421,0.09502923976608187
2013-12-02,0.9884574877519482,0.8478092438010287,0.8925438596491229,0.09137426900584794
2013-12-03,0.9883839530722798,0.8469244155872975,0.9057017543859649,0.0804093567251462
2013-12-04,0.988851769008904,0.8507400752401254,0.9013157894736842,0.08406432748538012
2013-12-05,0.9890795821392719,0.852804595671159,0.8969298245614035,0.08771929824561403
2013-12-06,0.989097935829723,0.8536366503338384,0.9057017543859649,0.0804093567251462
2013-12-09,0.9889547937086807,0.8531770548019099,0.8925438596491229,0.09137426900584794
2013-12-10,0.9889344776217688,0.8533053904923664,0.875,0.10599415204678361
2013-12-11,0.9890460379930173,0.8539383834683114,0.8574561403508771,0.12061403508771928
2013-12-12,0.9892810987597095,0.85432731042883,0.8618421052631579,0.11695906432748537
2013-12-13,0.9896279200666536,0.8560631924421938,0.875,0.10599415204678361
2013-12-16,0.9895561381691673,0.8569069907389336,0.8793859649122807,0.1023391812865497
2013-12-17,0.9895261445544269,0.8558763649863684,0.8793859649122807,0.1023391812865497
2013-12-18,0.9896369096347123,0.857229711067406,0.875,0.10599415204678361
2013-12-19,0.9897130243304182,0.8570103429663458,0.8796498905908097,0.10211524434719184
2013-12-20,0.9897117663916813,0.8574158239002173,0.8796498905908097,0.10211524434719184
2013-12-24,0.9897792136957048,0.858162412829724,0.87527352297593,0.10576221735959154
2013-12-25,0.9899006447016935,0.8585649123373611,0.8840262582056893,0.09846827133479212
2013-12-26,0.9896800871680509,0.857492460674918,0.8818380743982495,0.10211524434719184
2014-01-06,0.9896040210225819,0.8582677496385289,0.8774617067833698,0.10576221735959154
2014-01-07,0.9898447288732037,0.8602346025118374,0.8774617067833698,0.10576221735959154
2014-01-08,0.9901741038633185,0.8613726652765994,0.8818380743982495,0.10211524434719184
2014-01-09,0.989977907186037,0.8612849795506164,0.8774617067833698,0.10576221735959154
2014-01-10,0.9904220772411495,0.8656933768297372,0.8840262582056893,0.09846827133479212
2014-01-14,0.9902962803235105,0.86447775166768,0.8862144420131292,0.09846827133479212
2014-01-15,0.9900418018436185,0.8633280900503721,0.8862144420131292,0.09846827133479212
2014-01-16,0.9902184844357547,0.8631577668850462,0.8971553610503282,0.08752735229759301
2014-01-17,0.9903819726570502,0.8630764702550071,0.8949671772428884,0.09117432530999271
2014-01-20,0.9903252004802422,0.8630866296783226,0.8905908096280087,0.09482129832239242
2014-01-21,0.9904292749365923,0.8632952197594048,0.899343544857768,0.08752735229759301
2014-01-22,0.9902591035540661,0.8614570777299981,0.8905908096280087,0.09482129832239242
2014-01-23,0.9901256028836914,0.8590225882299897,0.8905908096280087,0.09482129832239242
2014-01-24,0.9902799678712567,0.8593908156712788,0.8905908096280087,0.09482129832239242
2014-01-27,0.9903539979254282,0.8603160667176695,0.8905908096280087,0.09482129832239242
2014-01-28,0.9902942741465098,0.8603038604211858,0.8949671772428884,0.09117432530999271
2014-01-29,0.9901064397464725,0.8588738924368406,0.8905908096280087,0.09482129832239242
2014-01-30,0.9903455997415775,0.8598928884604272,0.8949671772428884,0.09117432530999271
2014-01-31,0.9902362495226383,0.8612732899152181,0.8905908096280087,0.09482129832239242
2014-02-03,0.9904731616047697,0.8623682575594863,0.899343544857768,0.08752735229759301
2014-02-04,0.99097251332631,0.8642661500916813,0.9037199124726477,0.08388037928519329
2014-02-05,0.9907172512009613,0.8643524845285315,0.899343544857768,0.08752735229759301
2014-02-06,0.9909341687491282,0.8646176782281887,0.8949671772428884,0.09117432530999271
2014-02-07,0.9908460019954015,0.8651150837184127,0.8949671772428884,0.09117432530999271
2014-02-10,0.9907745249396461,0.866040368951832,0.8862144420131292,0.09846827133479212
2014-02-12,0.9908783449747255,0.864689483296838,0.9015317286652079,0.08388037928519329
2014-02-13,0.9919173155100002,0.8669026134184308,0.9059080962800875,0.08023340627279359
2014-02-14,0.9919243205940491,0.8660143363041736,0.9015317286652079,0.08388037928519329
2014-02-17,0.9914107174410699,0.8632199420504147,0.8971553610503282,0.08752735229759301
2014-02-18,0.991501455258612,0.8645499524659298,0.8971553610503282,0.08752735229759301
2014-02-19,0.9912807746987289,0.8647429908355542,0.888402625820569,0.09482129832239242
2014-02-20,0.9913245574370787,0.8641493264611567,0.8796498905908097,0.10211524434719184
2014-02-21,0.9912827240490867,0.865659839158262,0.8840262582056893,0.09846827133479212
2014-02-24,0.9911620212533119,0.8637101702177662,0.8840262582056893,0.09846827133479212
2014-02-25,0.9912121560581474,0.8632984508903911,0.8840262582056893,0.09846827133479212
2014-02-26,0.9911584145961676,0.8632352862191168,0.8971553610503282,0.08752735229759301
2014-02-27,0.9909341733081488,0.8635329356195057,0.8927789934354485,0.09117432530999271
2014-02-28,0.9909810125211034,0.8630714697448039,0.8796498905908097,0.10211524434719184
2014-03-03,0.9909649072725865,0.8632562482740294,0.888402625820569,0.09482129832239242
2014-03-04,0.9908741653394594,0.8609679222047895,0.888402625820569,0.09482129832239242
2014-03-05,0.9908906721643306,0.8609017836202288,0.888402625820569,0.09482129832239242
2014-03-06,0.9909533741730951,0.8611515002018028,0.8927789934354485,0.09117432530999271
2014-03-07,0.9909848444252918,0.8614468100692184,0.9015317286652079,0.08388037928519329
2014-03-10,0.9910640526519603,0.8611158454244975,0.8971553610503282,0.08752735229759301
2014-03-11,0.9909401794376999,0.8603253814760907,0.9015317286652079,0.08388037928519329
2014-03-12,0.9911053608245487,0.8613980150472252,0.8971553610503282,0.08752735229759301
2014-03-13,0.9911453070580966,0.8629770145784829,0.8927789934354485,0.09117432530999271
2014-03-14,0.9912665432782735,0.8644499047162749,0.8971553610503282,0.08752735229759301
2014-03-17,0.9913310095056718,0.8650648752786818,0.8927789934354485,0.09117432530999271
2014-03-18,0.9911289833918083,0.8642639107126397,0.888402625820569,0.09482129832239242
2014-03-19,0.9911283914741967,0.8645574083148423,0.8796498905908097,0.10211524434719184
2014-03-20,0.9910278103807992,0.8656375544240285,0.888402625820569,0.09482129832239242
2014-03-24,0.9906534242093742,0.865937837307198,0.8840262582056893,0.09846827133479212
2014-03-25,0.9902852802374106,0.8652896141758886,0.8796498905908097,0.10211524434719184
2014-03-26,0.9902155726079365,0.864552940938176,0.87527352297593,0.10576221735959154
2014-03-27,0.9894212763397698,0.8618342801229936,0.87527352297593,0.10576221735959154
2014-03-28,0.9894844208236331,0.861339301205954,0.8577680525164114,0.12035010940919037
2014-03-31,0.9892493099779628,0.861928678390114,0.8665207877461707,0.11305616338439096
2014-04-01,0.9892569041799306,0.8608171599633136,0.8668122270742358,0.11280931586608442
2014-04-02,0.9894703103997637,0.8605133876350698,0.8842794759825328,0.0982532751091703
2014-04-03,0.9893885552263304,0.8608678160424814,0.888646288209607,0.09461426491994178
2014-04-04,0.9899414193346224,0.8636709491586859,0.888646288209607,0.09461426491994178
2014-04-07,0.9902625316190302,0.865862102630065,0.8799126637554585,0.10189228529839883
2014-04-08,0.9902719312043341,0.8664224457710987,0.8799126637554585,0.10189228529839883
2014-04-09,0.9902599419190622,0.8668770749152933,0.8755458515283843,0.10553129548762737
2014-04-10,0.9902402932275866,0.866727293659156,0.87117903930131,0.1091703056768559
2014-04-11,0.9906308870420423,0.8709185993773225,0.8799126637554585,0.10189228529839883
2014-04-14,0.9905284285356104,0.870561466348694,0.8755458515283843,0.10553129548762737
2014-04-15,0.9903397850344937,0.8704319729600081,0.8799126637554585,0.10189228529839883
2014-04-16,0.9905371054636833,0.8718880102394809,0.8755458515283843,0.10553129548762737
2014-04-17,0.9906882171900472,0.8735949865367206,0.8930131004366813,0.09097525473071325
2014-04-18,0.9906279861646906,0.8731631602532012,0.8799126637554585,0.10189228529839883
2014-04-21,0.9908849204953302,0.875682710007877,0.8799126637554585,0.10189228529839883
2014-04-22,0.990625228838496,0.8736468247437493,0.8842794759825328,0.0982532751091703
2014-04-23,0.9904281707351577,0.8727749693713028,0.8801742919389978,0.10167029774872914
2014-04-24,0.9909364852241389,0.8736639923054095,0.8758169934640523,0.10530137981118375
2014-04-25,0.99242032245925,0.8761676003272859,0.8779956427015251,0.10167029774872914
2014-04-28,0.9923213224761097,0.8765185344837152,0.8736383442265795,0.10530137981118375
2014-04-30,0.9921306924480399,0.8758267794209535,0.8823529411764706,0.09803921568627452
2014-05-01,0.991888640077069,0.875352873471286,0.8779956427015251,0.10167029774872914
2014-05-02,0.99205744205142,0.8749213288708322,0.8779956427015251,0.10167029774872914
2014-05-07,0.9920400437181629,0.8772021739165877,0.8867102396514162,0.09440813362381992
2014-05-08,0.992476721208991,0.8807986292865825,0.8997821350762527,0.08351488743645608
2014-05-09,0.9921388781776644,0.8797239267293003,0.8867102396514162,0.09440813362381992
2014-05-12,0.9922670977511197,0.8814647052175183,0.8779956427015251,0.10167029774872914
2014-05-13,0.9922439852345764,0.882031271922806,0.9041394335511983,0.07988380537400147
2014-05-14,0.9923064678489413,0.8822157272297195,0.8910675381263616,0.0907770515613653
2014-05-15,0.9923940436990066,0.8824904445695042,0.9041394335511983,0.07988380537400147
2014-05-16,0.992616575583459,0.884214387466022,0.8910675381263616,0.0907770515613653
2014-05-19,0.992617351391993,0.8836045031782364,0.8954248366013072,0.0871459694989107
2014-05-20,0.9925972157399153,0.8814687631934361,0.8910675381263616,0.0907770515613653
2014-05-21,0.9926008181014659,0.8816419497789,0.8910675381263616,0.0907770515613653
2014-05-22,0.9927304266059795,0.8813719255322023,0.8779956427015251,0.10167029774872914
2014-05-23,0.9925396371648034,0.880799362900571,0.8910675381263616,0.0907770515613653
2014-05-26,0.9923643883679023,0.880629557975985,0.8867102396514162,0.09440813362381992
2014-05-27,0.9924254401102806,0.8817609740967189,0.8910675381263616,0.0907770515613653
2014-05-28,0.9925643045185928,0.8823510418497464,0.8954248366013072,0.0871459694989107
2014-05-29,0.9925194413023429,0.8808148461547846,0.8954248366013072,0.0871459694989107
2014-05-30,0.9927254348035907,0.8820606020662256,0.8910675381263616,0.0907770515613653
2014-06-02,0.9925762155740818,0.8799930025954368,0.8910675381263616,0.0907770515613653
2014-06-03,0.992831072092336,0.881223467091832,0.8867102396514162,0.09440813362381992
2014-06-04,0.9930916051285559,0.881763442391211,0.8910675381263616,0.0907770515613653
2014-06-05,0.9931325582704745,0.8806606764550319,0.8910675381263616,0.0907770515613653
2014-06-06,0.993194131854674,0.8810695844247054,0.8997821350762527,0.08351488743645608
2014-06-09,0.9933155278902499,0.8814525700087065,0.8954248366013072,0.0871459694989107
2014-06-10,0.9933828490172721,0.8823855298886992,0.8954248366013072,0.0871459694989107
2014-06-11,0.9934082559789859,0.883807733918274,0.8997821350762527,0.08351488743645608
2014-06-12,0.993524963589589,0.8841357654149211,0.8997821350762527,0.08351488743645608
2014-06-13,0.9935357256301189,0.8846901489301694,0.8910675381263616,0.0907770515613653
2014-06-16,0.9938097264231681,0.8857836260214543,0.9041394335511983,0.07988380537400147
2014-06-17,0.9940170226137103,0.8852786576436491,0.9259259259259259,0.061728395061728406
2014-06-18,0.9940571082617675,0.8849245202927156,0.9084967320261438,0.07625272331154685
2014-06-19,0.9940694551160416,0.8856955838877976,0.9041394335511983,0.07988380537400147
2014-06-20,0.9941559484476239,0.8868789665790356,0.9215686274509803,0.06535947712418302
2014-06-23,0.9942387788801396,0.8859144305941865,0.9084967320261438,0.07625272331154685
2014-06-24,0.9941018686618593,0.8854618667958835,0.9128540305010894,0.07262164124909225
2014-06-25,0.9940009225080667,0.8873984893007505,0.9172113289760349,0.06899055918663763
2014-06-26,0.9938340740792188,0.8865368373341598,0.9215686274509803,0.06535947712418302
2014-06-27,0.9938712756650966,0.8870199216498575,0.9172113289760349,0.06899055918663763
2014-06-30,0.9937930051180939,0.8873048333470175,0.9172113289760349,0.06899055918663763
2014-07-01,0.9937238245816401,0.8855071442561151,0.9084967320261438,0.07625272331154685
2014-07-02,0.9937882533698343,0.8861447610754658,0.9172113289760349,0.06899055918663763
2014-07-03,0.9936843002670396,0.8861102863826761,0.9128540305010894,0.07262164124909225
2014-07-04,0.9937616686048546,0.88652302992845,0.9128540305010894,0.07262164124909225
2014-07-07,0.9937780176388425,0.8858960174762709,0.8954248366013072,0.0871459694989107
2014-07-08,0.9936125086582344,0.8845406987071965,0.8997821350762527,0.08351488743645608
2014-07-09,0.9937318547255544,0.8845187199421316,0.9041394335511983,0.07988380537400147
2014-07-10,0.9937242585168914,0.8835921540789863,0.8997821350762527,0.08351488743645608
2014-07-11,0.993658177173404,0.8838632609841373,0.8954248366013072,0.0871459694989107
2014-07-14,0.9934919561249134,0.8823327099221155,0.8823529411764706,0.09803921568627452
2014-07-15,0.993580090804777,0.8826315570582938,0.8954248366013072,0.0871459694989107
2014-07-16,0.9935111868774451,0.8815982062311626,0.9041394335511983,0.07988380537400147
2014-07-17,0.9934640352574552,0.880311415910988,0.8954248366013072,0.0871459694989107
2014-07-18,0.9936385677541631,0.8809127296420857,0.9041394335511983,0.07988380537400147
2014-07-22,0.9936878049080018,0.8799754801230882,0.8954248366013072,0.0871459694989107
2014-07-23,0.9936558198039105,0.8792368161053266,0.8910675381263616,0.0907770515613653
2014-07-24,0.993599017336568,0.8795615621303579,0.9128540305010894,0.07262164124909225
2014-07-25,0.9935843127449878,0.8795958880555784,0.8954248366013072,0.0871459694989107
2014-07-28,0.9935961936313807,0.8799020253233658,0.9128540305010894,0.07262164124909225
2014-07-29,0.9938109977980295,0.8800696449090067,0.9084967320261438,0.07625272331154685
2014-07-30,0.9936633547058941,0.8788927506037068,0.8954248366013072,0.0871459694989107
2014-07-31,0.9935365938784951,0.8777620578668321,0.8910675381263616,0.0907770515613653
2014-08-01,0.9937933419458201,0.8767805849956658,0.8823529411764706,0.09803921568627452
2014-08-04,0.9936784655564279,0.8771402014886496,0.8954248366013072,0.0871459694989107
2014-08-05,0.9935424862855574,0.8757647944164124,0.8867102396514162,0.09440813362381992
2014-08-06,0.9938655327600271,0.8780051333067422,0.8954248366013072,0.0871459694989107
2014-08-07,0.9936675726834346,0.8778786966100905,0.8910675381263616,0.0907770515613653
2014-08-08,0.993734211323258,0.8767721570530654,0.8867102396514162,0.09440813362381992
2014-08-11,0.9936257561588941,0.8773562698050716,0.8823529411764706,0.09803921568627452
2014-08-12,0.9933887126031249,0.873525428865047,0.8823529411764706,0.09803921568627452
2014-08-13,0.99366028242381,0.8735239107175592,0.8954248366013072,0.0871459694989107
2014-08-14,0.9936989045648875,0.873505853212141,0.8954248366013072,0.0871459694989107
2014-08-15,0.9936415475584145,0.8740864910154813,0.8954248366013072,0.0871459694989107
2014-08-18,0.9935435442774191,0.8745442919608912,0.8954248366013072,0.0871459694989107
2014-08-19,0.993852746240968,0.8743352137801881,0.8910675381263616,0.0907770515613653
2014-08-20,0.9937490099748229,0.8730042781415219,0.8954248366013072,0.0871459694989107
2014-08-21,0.9936488405704154,0.8731536898086489,0.8910675381263616,0.0907770515613653
2014-08-22,0.9937174302986713,0.8741028002502345,0.8954248366013072,0.0871459694989107
2014-08-25,0.9936383859544938,0.874002698070595,0.9084967320261438,0.07625272331154685
2014-08-26,0.9936723253174478,0.8736020564970152,0.9041394335511983,0.07988380537400147
2014-08-27,0.993415885639051,0.8717795006716514,0.8954248366013072,0.0871459694989107
2014-08-28,0.9934104567853811,0.8714590951153106,0.8954248366013072,0.0871459694989107
2014-08-29,0.993380549606825,0.8720562246035457,0.8867102396514162,0.09440813362381992
2014-09-01,0.9933643571447063,0.8713953991654749,0.8910675381263616,0.0907770515613653
2014-09-02,0.9932489508834882,0.8700601791617752,0.8910675381263616,0.0907770515613653
2014-09-03,0.9932294978744995,0.8712696863733242,0.9041394335511983,0.07988380537400147
2014-09-04,0.9932390555347598,0.8715352978387823,0.9041394335511983,0.07988380537400147
2014-09-05,0.9932501285086605,0.8701186964026522,0.8954248366013072,0.0871459694989107
2014-09-08,0.9932201322337981,0.870468957941901,0.8910675381263616,0.0907770515613653
2014-09-09,0.9928654096552032,0.868524271098469,0.8823529411764706,0.09803921568627452
2014-09-10,0.9925889608132641,0.8693771921232697,0.8823529411764706,0.09803921568627452
2014-09-11,0.992719819380441,0.8683882638743066,0.8867102396514162,0.09440813362381992
2014-09-12,0.9927134816114236,0.8677539240012198,0.8867102396514162,0.09440813362381992
2014-09-16,0.9928005086842169,0.8680628998189474,0.8867102396514162,0.09440813362381992
2014-09-17,0.9926128174250073,0.8680348009040914,0.8867102396514162,0.09440813362381992
2014-09-18,0.9926090983087621,0.8686004591270888,0.8867102396514162,0.09440813362381992
2014-09-19,0.9926655632362479,0.868522821802273,0.8954248366013072,0.0871459694989107
2014-09-22,0.992601068581699,0.8681290256256499,0.9041394335511983,0.07988380537400147
2014-09-24,0.9927375963435677,0.8684004645356831,0.8997821350762527,0.08351488743645608
2014-09-25,0.9926985723460344,0.8696045995516477,0.8997821350762527,0.08351488743645608
2014-09-26,0.9926990619238185,0.8713185297526429,0.9041394335511983,0.07988380537400147
2014-09-29,0.9927264601478333,0.8718454116383406,0.8910675381263616,0.0907770515613653
2014-09-30,0.9926870330872276,0.8711155671256297,0.8910675381263616,0.0907770515613653
2014-10-01,0.9925207154698653,0.871514292441294,0.9,0.08333333333333333
2014-10-02,0.9927343417898906,0.8719014630191908,0.8956521739130435,0.08695652173913043
2014-10-03,0.9929396969069351,0.8752439721757558,0.9,0.08333333333333333
2014-10-06,0.993104998695709,0.8756389517346813,0.908695652173913,0.07608695652173914
2014-10-07,0.9929589600196118,0.8738765423983987,0.9043478260869565,0.07971014492753624
2014-10-08,0.9933192940210608,0.8736158937619388,0.9043478260869565,0.07971014492753624
2014-10-09,0.9929330666944095,0.8713249440879504,0.89587852494577,0.08676789587852496
2014-10-10,0.9929307976995081,0.8719334906957751,0.9002169197396963,0.08315256688358641
2014-10-14,0.9930887433648643,0.8729029371523966,0.9045553145336226,0.07953723788864787
2014-10-15,0.9931987949745198,0.8731299062705475,0.9045553145336226,0.07953723788864787
2014-10-16,0.9930868517152223,0.8724207569011369,0.9004329004329005,0.08297258297258298
2014-10-17,0.9930363469543548,0.8726150895125407,0.9004329004329005,0.08297258297258298
2014-10-20,0.9930640035830824,0.8718958881273364,0.9047619047619048,0.07936507936507936
2014-10-21,0.9930766019792947,0.8725318975335562,0.8961038961038961,0.08658008658008658
2014-10-22,0.9928260060224412,0.8695189273016893,0.8961038961038961,0.08658008658008658
2014-10-23,0.9927793116782726,0.8677952690428113,0.8874458874458875,0.09379509379509379
2014-10-24,0.9927792797182666,0.8676665050681813,0.8961038961038961,0.08658008658008658
2014-10-27,0.9927263161273459,0.8683495494116069,0.9004329004329005,0.08297258297258298
2014-10-28,0.9928605706345464,0.87029360902018,0.9047619047619048,0.07936507936507936
2014-10-29,0.9928267418411317,0.8698765611440252,0.9090909090909091,0.07575757575757576
2014-10-30,0.9928608429190473,0.8709011683986492,0.9004329004329005,0.08297258297258298
2014-10-31,0.9929021259573803,0.8714009691637122,0.9047619047619048,0.07936507936507936
2014-11-04,0.9928023069010875,0.8708505584877589,0.8961038961038961,0.08658008658008658
2014-11-05,0.9927910215875447,0.8714737455083718,0.9047619047619048,0.07936507936507936
2014-11-06,0.9930626641362524,0.8729775042742891,0.8917748917748918,0.09018759018759019
2014-11-07,0.9928732825769411,0.8732039900755963,0.8917748917748918,0.09018759018759019
2014-11-10,0.9935265553384549,0.8802522520939356,0.8961038961038961,0.08658008658008658
2014-11-11,0.9935068370500945,0.8808835727833165,0.9047619047619048,0.07936507936507936
2014-11-12,0.9936242379510457,0.8813118506170387,0.9004329004329005,0.08297258297258298
2014-11-13,0.9932157608130119,0.8815863853406161,0.9006479481641468,0.08279337652987762
2014-11-14,0.9933403474015661,0.8848742638630878,0.896328293736501,0.08639308855291578
2014-11-17,0.9934774584359121,0.8866465466200898,0.9049676025917927,0.07919366450683947
2014-11-18,0.9935224648409561,0.8879656982869918,0.8920086393088553,0.08999280057595394
2014-11-19,0.9936866535574965,0.8899926629820334,0.896328293736501,0.08639308855291578
2014-11-20,0.9936374748039111,0.8884738809819109,0.9006479481641468,0.08279337652987762
2014-11-21,0.9936608077900181,0.8889740445872844,0.896328293736501,0.08639308855291578
2014-11-25,0.9936001719784785,0.8894760713549752,0.8920086393088553,0.08999280057595394
2014-11-26,0.9935474600363886,0.8910802344859841,0.9006479481641468,0.08279337652987762
2014-11-27,0.9937786605426565,0.8917319306628058,0.8876889848812095,0.0935925125989921
2014-11-28,0.9937595287652452,0.8919913968922379,0.9006479481641468,0.08279337652987762
2014-12-01,0.9937497020869875,0.892743410619968,0.9049676025917927,0.07919366450683947
2014-12-02,0.9937691710657628,0.8934404086475555,0.9006479481641468,0.08279337652987762
2014-12-03,0.9938914645716297,0.8919695282787035,0.9092872570194385,0.07559395248380131
2014-12-04,0.9939815697269883,0.892383441782309,0.9049676025917927,0.07919366450683947
2014-12-05,0.9940163289645073,0.8919177925669949,0.9049676025917927,0.07919366450683947
2014-12-08,0.9939637081361311,0.8906895185762965,0.9092872570194385,0.07559395248380131
2014-12-09,0.9937575627522114,0.8905298672093009,0.9006479481641468,0.08279337652987762
2014-12-10,0.9938628091549393,0.8896557515749512,0.91792656587473,0.06839452843772499
2014-12-11,0.9937506700773914,0.8884643380055925,0.9092872570194385,0.07559395248380131
2014-12-12,0.9938804656144241,0.8887955535371768,0.9092872570194385,0.07559395248380131
2014-12-15,0.9941071266536889,0.887865333221634,0.9137931034482759,0.07183908045977011
2014-12-16,0.9941010003189363,0.8875654937671563,0.9008620689655172,0.08261494252873564
2014-12-17,0.9942501293488981,0.888229397090165,0.9051724137931034,0.07902298850574713
2014-12-18,0.994119318908021,0.8873451166132739,0.9094827586206896,0.07543103448275862
2014-12-19,0.9939160683658051,0.8851298083722594,0.9094827586206896,0.07543103448275862
2014-12-22,0.9938101232589822,0.8857522322533521,0.896551724137931,0.08620689655172414
2014-12-24,0.993710350721198,0.8848217175548083,0.8922413793103449,0.08979885057471264
2014-12-25,0.9937141108329991,0.8859893302703584,0.9051724137931034,0.07902298850574713
2014-12-26,0.9935628702139339,0.8856667182024432,0.8836206896551724,0.09698275862068965
2015-01-05,0.9935027762868562,0.8845686338115558,0.896551724137931,0.08620689655172414
2015-01-06,0.9937327274491551,0.886545356416584,0.9008620689655172,0.08261494252873564
2015-01-07,0.9934614880700535,0.8848987851009529,0.896551724137931,0.08620689655172414
2015-01-08,0.9934871926999382,0.8845362695352055,0.9051724137931034,0.07902298850574713
2015-01-09,0.9933494427945274,0.8839736010274455,0.8922413793103449,0.08979885057471264
2015-01-13,0.9933538834003742,0.8840251992447477,0.9008620689655172,0.08261494252873564
2015-01-14,0.9933248443551008,0.8823221883677742,0.896551724137931,0.08620689655172414
2015-01-15,0.9930063344275725,0.8806800418661419,0.8793103448275862,0.10057471264367816
2015-01-16,0.9929786705432013,0.8796166505057329,0.8836206896551724,0.09698275862068965
2015-01-19,0.9926669837787643,0.87708526644413,0.8879310344827587,0.09339080459770115
2015-01-20,0.9924958699069628,0.8766693628997672,0.8879310344827587,0.09339080459770115
2015-01-21,0.9922810570723782,0.8733103507415448,0.8879310344827587,0.09339080459770115
2015-01-22,0.9923926524843537,0.8726884950872369,0.8836206896551724,0.09698275862068965
2015-01-23,0.9925204628719071,0.8724337248909779,0.8836206896551724,0.09698275862068965
2015-01-26,0.9926154246470507,0.8742233544964111,0.8836206896551724,0.09698275862068965
2015-01-27,0.9922479074393195,0.8726378509646694,0.875,0.10416666666666667
2015-01-28,0.9926203479674899,0.8760561479843585,0.8706896551724138,0.10775862068965517
2015-01-29,0.9925498959997623,0.8771454619701857,0.8706896551724138,0.10775862068965517
2015-01-30,0.992554185746653,0.8773697416138428,0.8879310344827587,0.09339080459770115
2015-02-02,0.9924242217226962,0.8764135358734614,0.875,0.10416666666666667
2015-02-03,0.9925984190739042,0.8763388242164433,0.8879310344827587,0.09339080459770115
2015-02-04,0.9926148542792186,0.8773900427174339,0.8922413793103449,0.08979885057471264
2015-02-05,0.9926309228820642,0.8785575501623968,0.8879310344827587,0.09339080459770115
2015-02-06,0.9925046385255654,0.8788836080819721,0.8879310344827587,0.09339080459770115
2015-02-09,0.9926290943079827,0.8779061834674898,0.8836206896551724,0.09698275862068965
2015-02-10,0.9927860943583879,0.8785466395945303,0.8836206896551724,0.09698275862068965
2015-02-12,0.9924827768185994,0.8782767247756711,0.8879310344827587,0.09339080459770115
2015-02-13,0.9925636244334954,0.8780311473368455,0.8879310344827587,0.09339080459770115
2015-02-16,0.9927029925632193,0.8793966387721206,0.8922413793103449,0.08979885057471264
2015-02-17,0.9928321529322033,0.8790944916106541,0.8922413793103449,0.08979885057471264
2015-02-18,0.9927861215739574,0.8796250480380428,0.896551724137931,0.08620689655172414
2015-02-19,0.9925422707986183,0.8789083452468149,0.896551724137931,0.08620689655172414
2015-02-20,0.992479623332202,0.8779950700580165,0.8879310344827587,0.09339080459770115
2015-02-23,0.9924926568098605,0.8790573153508326,0.8879310344827587,0.09339080459770115
2015-02-24,0.9925977930873545,0.878522645423024,0.8879310344827587,0.09339080459770115
2015-02-25,0.99249943797399,0.8782883553655549,0.8836206896551724,0.09698275862068965
2015-02-26,0.9925940683460872,0.8780065319397763,0.8879310344827587,0.09339080459770115
2015-02-27,0.9925687248016698,0.878145504353398,0.896551724137931,0.08620689655172414
2015-03-02,0.9925532608192225,0.8776315805742255,0.8879310344827587,0.09339080459770115
2015-03-03,0.9924292881030131,0.8778358006427912,0.8836206896551724,0.09698275862068965
2015-03-04,0.9923742785138823,0.8761162828267638,0.8879310344827587,0.09339080459770115
2015-03-05,0.9923983313215541,0.877208312309006,0.8793103448275862,0.10057471264367816
2015-03-06,0.9922735507000489,0.8756863024591177,0.8836206896551724,0.09698275862068965
2015-03-09,0.9923617828501496,0.8765571040735386,0.8793103448275862,0.10057471264367816
2015-03-10,0.9922576956988407,0.8762247961748135,0.8620689655172413,0.11494252873563218
2015-03-11,0.9921816258824251,0.8754106883141599,0.8706896551724138,0.10775862068965517
2015-03-12,0.9921081122369199,0.8745887960562391,0.875,0.10416666666666667
2015-03-13,0.9921609384883179,0.8758148518121924,0.875,0.10416666666666667
2015-03-16,0.9921615925819004,0.8767686909905006,0.8793103448275862,0.10057471264367816
2015-03-17,0.9923375778241602,0.8785495030822829,0.8836206896551724,0.09698275862068965
2015-03-18,0.9923491409265611,0.8773943576028413,0.9008620689655172,0.08261494252873564
2015-03-19,0.9925109463961149,0.8784201793911938,0.9008620689655172,0.08261494252873564
2015-03-20,0.9924725387147876,0.876743074581767,0.9051724137931034,0.07902298850574713
2015-03-23,0.992637199590502,0.8807505982426428,0.9008620689655172,0.08261494252873564
2015-03-24,0.992752005431377,0.8798418946674758,0.8922413793103449,0.08979885057471264
2015-03-25,0.992791195305912,0.8798550877396143,0.9094827586206896,0.07543103448275862
2015-03-26,0.9927166871641738,0.8785619292174583,0.9051724137931034,0.07902298850574713
2015-03-27,0.9924349316721297,0.8793946050768695,0.9137931034482759,0.07183908045977011
2015-03-30,0.9924900122729564,0.880842539298879,0.9008620689655172,0.08261494252873564
2015-03-31,0.9924537356565706,0.8813575812501517,0.8836206896551724,0.09698275862068965
2015-04-01,0.9923382117028017,0.8808006510914508,0.8924731182795699,0.08960573476702509
2015-04-02,0.9923792387891395,0.8808903064393646,0.8924731182795699,0.08960573476702509
2015-04-03,0.9922205252550517,0.8797507943511973,0.8881720430107527,0.0931899641577061
2015-04-06,0.992315147377839,0.8799934373973927,0.8924731182795699,0.08960573476702509
2015-04-07,0.9922215448424764,0.8801175830624908,0.8924731182795699,0.08960573476702509
2015-04-08,0.9926890744915023,0.8785988247523387,0.8924731182795699,0.08960573476702509
2015-04-09,0.9929396490629535,0.8794108891446318,0.9053763440860215,0.07885304659498207
2015-04-10,0.9929750391156141,0.8802905439180635,0.8881720430107527,0.0931899641577061
2015-04-13,0.9931279222184486,0.8814103034141627,0.8924731182795699,0.08960573476702509
2015-04-14,0.9933175468004325,0.8826567728262502,0.9053763440860215,0.07885304659498207
2015-04-15,0.993470555738362,0.8850073202983122,0.9053763440860215,0.07885304659498207
2015-04-16,0.9936240108556478,0.8853150580134866,0.9182795698924732,0.06810035842293907
2015-04-17,0.9936674789129326,0.885743098114126,0.9010752688172043,0.08243727598566308
2015-04-20,0.9937838749702795,0.8871219080261237,0.9053763440860215,0.07885304659498207
2015-04-21,0.9938647981995417,0.8855533349296327,0.8924731182795699,0.08960573476702509
2015-04-22,0.993740642146759,0.8854252424055509,0.9053763440860215,0.07885304659498207
2015-04-23,0.9937257544321737,0.8844879826475573,0.9010752688172043,0.08243727598566308
2015-04-24,0.9937579487717029,0.8855184442518667,0.896774193548387,0.08602150537634409
2015-04-27,0.9937085637782483,0.8867851853996428,0.896774193548387,0.08602150537634409
2015-04-28,0.9936479962014825,0.8860881097453712,0.8924731182795699,0.08960573476702509
2015-04-30,0.9938193562762934,0.8839168102466028,0.9010752688172043,0.08243727598566308
2015-05-01,0.9936381508911882,0.8840949875755625,0.9053763440860215,0.07885304659498207
2015-05-07,0.9938700492722965,0.8848278243211282,0.9010752688172043,0.08243727598566308
2015-05-08,0.9937790427416258,0.8821478145148688,0.9053763440860215,0.07885304659498207
2015-05-11,0.993834035695865,0.8818411488767262,0.9139784946236559,0.07168458781362007
2015-05-12,0.9940980670169998,0.8809331576825729,0.9096774193548387,0.07526881720430108
2015-05-13,0.9941033209197863,0.8786442309032791,0.9139784946236559,0.07168458781362007
2015-05-14,0.9941272469165416,0.879311385175786,0.9053763440860215,0.07885304659498207
2015-05-15,0.9938418264627781,0.8773949136745014,0.9053763440860215,0.07885304659498207
2015-05-18,0.9937730173779915,0.876609752906925,0.9053763440860215,0.07885304659498207
2015-05-19,0.9937925942539929,0.8760596940032365,0.9010752688172043,0.08243727598566308
2015-05-20,0.9939247108883181,0.8788509261001552,0.9053763440860215,0.07885304659498207
2015-05-21,0.9937860273645563,0.8767096789829689,0.9010752688172043,0.08243727598566308
2015-05-22,0.9941212842782663,0.8788119358788031,0.9053763440860215,0.07885304659498207
2015-05-25,0.9944715186936265,0.8805707865679576,0.9311827956989247,0.05734767025089606
2015-05-26,0.9942964002846917,0.8788158972631501,0.9225806451612903,0.06451612903225806
2015-05-27,0.9943891332441281,0.8788429815401813,0.9139784946236559,0.07168458781362007
2015-05-28,0.9943924477413137,0.879932727762349,0.9268817204301075,0.06093189964157706
2015-05-29,0.9943526755739673,0.879592447033716,0.9139784946236559,0.07168458781362007
2015-06-01,0.9943305929602438,0.8780860719199497,0.9182795698924732,0.06810035842293907
2015-06-02,0.9936099806535746,0.8776946977211921,0.9096774193548387,0.07526881720430108
2015-06-03,0.9937073492525027,0.8775633175727974,0.9182795698924732,0.06810035842293907
2015-06-04,0.9937577663932451,0.8777846977093523,0.9182795698924732,0.06810035842293907
2015-06-05,0.9938910239132428,0.8797841542453019,0.9311827956989247,0.05734767025089606
2015-06-08,0.9939049503149892,0.8802775086732595,0.9268817204301075,0.06093189964157706
2015-06-09,0.9941149823766661,0.8814134237009406,0.9225806451612903,0.06451612903225806
2015-06-10,0.9942071520321303,0.88122183528303,0.9268817204301075,0.06093189964157706
2015-06-11,0.9940263950051107,0.879243306971668,0.9268817204301075,0.06093189964157706
2015-06-12,0.9940536967142696,0.8796069248223862,0.9268817204301075,0.06093189964157706
2015-06-15,0.9938664661838766,0.8787026328615256,0.9225806451612903,0.06451612903225806
2015-06-16,0.9938126400216181,0.8787633765956285,0.9182795698924732,0.06810035842293907
2015-06-17,0.9936472755478393,0.8789120702284338,0.9225806451612903,0.06451612903225806
2015-06-18,0.9936036858455295,0.8787487320556792,0.9010752688172043,0.08243727598566308
2015-06-19,0.993522373974384,0.878211663530086,0.9139784946236559,0.07168458781362007
2015-06-22,0.9936770592758766,0.8789076197018418,0.9096774193548387,0.07526881720430108
2015-06-23,0.9935698175298956,0.8784517785163038,0.9096774193548387,0.07526881720430108
2015-06-24,0.9935264685046068,0.8785950429524169,0.9053763440860215,0.07885304659498207
2015-06-25,0.9935181740058346,0.8764807215498418,0.9096774193548387,0.07526881720430108
2015-06-26,0.9935439549475799,0.8772449001534822,0.9096774193548387,0.07526881720430108
2015-06-29,0.9935893683251054,0.8780691348325212,0.9182795698924732,0.06810035842293907
2015-06-30,0.9934359689455841,0.8771607462240864,0.9096774193548387,0.07526881720430108
2015-07-01,0.9932683730524076,0.8756483376127553,0.9053763440860215,0.07885304659498207
2015-07-02,0.993265923145733,0.8766309568109564,0.9053763440860215,0.07885304659498207
2015-07-03,0.9934157666452965,0.876329635534158,0.9182795698924732,0.06810035842293907
2015-07-06,0.9934439389426319,0.877112412720831,0.9139784946236559,0.07168458781362007
2015-07-07,0.9932898834422886,0.8769780680290432,0.9139784946236559,0.07168458781362007
2015-07-08,0.9932317920152055,0.8763162160700089,0.9096774193548387,0.07526881720430108
2015-07-09,0.9935750169622534,0.878638943442092,0.9182795698924732,0.06810035842293907
2015-07-10,0.9934649162178613,0.8792258496333425,0.9096774193548387,0.07526881720430108
2015-07-13,0.9932323863472128,0.8785956401422824,0.9096774193548387,0.07526881720430108
2015-07-14,0.9933986168394074,0.8795403892159821,0.9139784946236559,0.07168458781362007
2015-07-15,0.9931842603337174,0.8793496646865626,0.9225806451612903,0.06451612903225806
2015-07-16,0.9931729731251054,0.8792960615394517,0.9182795698924732,0.06810035842293907
2015-07-17,0.9931064732053175,0.8777908786161274,0.9096774193548387,0.07526881720430108
2015-07-21,0.9931757011840692,0.8774000263793872,0.9096774193548387,0.07526881720430108
2015-07-22,0.9934124018583503,0.8776551071533022,0.9096774193548387,0.07526881720430108
2015-07-23,0.9931876894358348,0.8783754102153116,0.9053763440860215,0.07885304659498207
2015-07-24,0.9931807122899633,0.8783438176503524,0.9010752688172043,0.08243727598566308
2015-07-27,0.9937978427300291,0.8802215189081439,0.9010752688172043,0.08243727598566308
2015-07-28,0.9937131644155872,0.8816934812145529,0.8881720430107527,0.0931899641577061
2015-07-29,0.9936724693266035,0.8830055456906826,0.8884120171673819,0.09298998569384835
2015-07-30,0.9936566368411408,0.8824243849991354,0.8927038626609443,0.08941344778254649
2015-07-31,0.9938555308483769,0.8831911653427686,0.9012875536480687,0.08226037195994278
2015-08-03,0.9938924967531443,0.8853884483056723,0.8927038626609443,0.08941344778254649
2015-08-04,0.9937982259602306,0.8847817019061143,0.8969957081545065,0.08583690987124463
2015-08-05,0.9936927748035312,0.8856544397937606,0.9098712446351931,0.07510729613733906
2015-08-06,0.9942512489970684,0.8909013332929128,0.9055793991416309,0.07868383404864092
2015-08-07,0.9943247416786084,0.8913990890668363,0.9012875536480687,0.08226037195994278
2015-08-10,0.9941589336768821,0.8921081070635359,0.9098712446351931,0.07510729613733906
2015-08-11,0.9944300715513675,0.8933755537797808,0.9012875536480687,0.08226037195994278
2015-08-12,0.994498761273032,0.8935837433951771,0.9012875536480687,0.08226037195994278
2015-08-13,0.9944513593842791,0.8938101047861906,0.9184549356223176,0.06795422031473533
2015-08-14,0.9944772995001662,0.8946630294593424,0.9098712446351931,0.07510729613733906
2015-08-17,0.9944153101382152,0.8948830345553811,0.9141630901287554,0.07153075822603719
2015-08-18,0.9943774824678627,0.8957111703463554,0.8969957081545065,0.08583690987124463
2015-08-19,0.9946814718983893,0.8984887214796763,0.9012875536480687,0.08226037195994278
2015-08-20,0.9946319617494203,0.897842122582047,0.9055793991416309,0.07868383404864092
2015-08-21,0.9947710650014248,0.8999968865275848,0.9098712446351931,0.07510729613733906
2015-08-24,0.9949190841058329,0.9012797785549936,0.9227467811158798,0.06437768240343347
2015-08-25,0.9950762676919828,0.9045185320044583,0.9227467811158798,0.06437768240343347
2015-08-26,0.9951033630084616,0.9043797716570944,0.9141630901287554,0.07153075822603719
2015-08-27,0.9946095826623842,0.9035260919576974,0.9184549356223176,0.06795422031473533
2015-08-28,0.9949698408063816,0.9065609701396391,0.9184549356223176,0.06795422031473533
2015-08-31,0.9949500625696606,0.9070226636373836,0.9227467811158798,0.06437768240343347
2015-09-01,0.9950075192732918,0.9083478491071593,0.9141630901287554,0.07153075822603719
2015-09-02,0.9948286372617509,0.9072545191147262,0.9227467811158798,0.06437768240343347
2015-09-03,0.9947194752966911,0.9062553273084772,0.9055793991416309,0.07868383404864092
2015-09-04,0.9947013943471176,0.9064214606034098,0.9098712446351931,0.07510729613733906
2015-09-07,0.9944829306118648,0.9022380540477288,0.9141630901287554,0.07153075822603719
2015-09-08,0.9945320267282813,0.9005080517612423,0.9227467811158798,0.06437768240343347
2015-09-09,0.9944404489848471,0.8994399909374629,0.9227467811158798,0.06437768240343347
2015-09-10,0.9944145983024063,0.8981712065454116,0.9184549356223176,0.06795422031473533
2015-09-11,0.9943993877295418,0.8971835592463466,0.9227467811158798,0.06437768240343347
2015-09-14,0.9942837085224197,0.8978304689875012,0.9055793991416309,0.07868383404864092
2015-09-15,0.9942029492545171,0.8973599217686656,0.9055793991416309,0.07868383404864092
2015-09-16,0.994385368976689,0.8978721538813105,0.9055793991416309,0.07868383404864092
2015-09-17,0.9945437357783455,0.8968630448394932,0.9141630901287554,0.07153075822603719
2015-09-18,0.9945312549587124,0.8977063253095741,0.9055793991416309,0.07868383404864092
2015-09-24,0.9942789109490775,0.8957921061636337,0.9141630901287554,0.07153075822603719
2015-09-25,0.9941130384979969,0.8948550882419244,0.9055793991416309,0.07868383404864092
2015-09-28,0.9934205664001767,0.8922226116608917,0.8927038626609443,0.08941344778254649
2015-09-29,0.9933955133471841,0.8908789239201561,0.8927038626609443,0.08941344778254649
2015-09-30,0.9931785950538932,0.8877763576747885,0.8884120171673819,0.09298998569384835
2015-10-01,0.9932912290085909,0.8877980780890341,0.8846153846153846,0.09615384615384617
2015-10-02,0.9929345150351682,0.8863597510150587,0.8888888888888888,0.0925925925925926
2015-10-05,0.9930763404305477,0.8846915122308723,0.8931623931623932,0.08903133903133904
2015-10-06,0.9929422985577816,0.8840196734032764,0.8931623931623932,0.08903133903133904
2015-10-07,0.9929755792908576,0.8838309499876251,0.8675213675213675,0.11039886039886042
2015-10-08,0.9931478437736161,0.8827867264915543,0.8717948717948718,0.10683760683760685
2015-10-09,0.9932958792177154,0.8821886117602369,0.8888888888888888,0.0925925925925926
2015-10-13,0.993314815149516,0.8815396390291601,0.8846153846153846,0.09615384615384617
2015-10-14,0.9930721004802301,0.8814360102458078,0.8888888888888888,0.0925925925925926
2015-10-15,0.9930432450892134,0.8775327256081239,0.8931623931623932,0.08903133903133904
2015-10-16,0.9928406234018855,0.874697783503885,0.8888888888888888,0.0925925925925926
2015-10-19,0.9927255748907603,0.8729174476661371,0.8888888888888888,0.0925925925925926
2015-10-20,0.992479636644403,0.8705074962610416,0.8931623931623932,0.08903133903133904
2015-10-21,0.9922976830258824,0.8699254056070949,0.8846153846153846,0.09615384615384617
2015-10-22,0.9923759145696885,0.8707336815324738,0.8931623931623932,0.08903133903133904
2015-10-23,0.9922755231815803,0.8694095603726963,0.8888888888888888,0.0925925925925926
2015-10-26,0.9920924233146017,0.8687929981078435,0.8931623931623932,0.08903133903133904
2015-10-27,0.99207185446026,0.8681861524854827,0.8888888888888888,0.0925925925925926
2015-10-28,0.9922432140365283,0.8680084859024458,0.8803418803418803,0.09971509971509973
2015-10-29,0.9919498353723231,0.8676196417494284,0.8717948717948718,0.10683760683760685
2015-10-30,0.9917344830761537,0.8668848647583516,0.8717948717948718,0.10683760683760685
2015-11-02,0.9918382668841689,0.8655434823300409,0.8760683760683761,0.10327635327635329
2015-11-04,0.9916787055883719,0.8645399351119868,0.8726114649681529,0.10615711252653928
2015-11-05,0.9918424024271985,0.8645465315956598,0.8683651804670913,0.1096956829440906
2015-11-06,0.9922097131498425,0.863985024997957,0.8768577494692145,0.10261854210898798
2015-11-09,0.9922247243445517,0.8631304476548946,0.881104033970276,0.09907997169143666
2015-11-10,0.9923387457788571,0.8615496630942401,0.8938428874734607,0.08846426043878274
2015-11-11,0.9923347764964482,0.8611333154189779,0.9023354564755839,0.08138711960368011
2015-11-12,0.992263975101378,0.8592969427601761,0.8895966029723992,0.09200283085633405
2015-11-13,0.9907988464169154,0.857491358058832,0.8853503184713376,0.09554140127388536
2015-11-16,0.990586400439524,0.8569283350179522,0.8726114649681529,0.10615711252653928
2015-11-17,0.9906357924397377,0.8574530275734826,0.8853503184713376,0.09554140127388536
2015-11-18,0.9906247933675127,0.8575079688810785,0.8895966029723992,0.09200283085633405
2015-11-19,0.9907807757932876,0.8570703252214781,0.8895966029723992,0.09200283085633405
2015-11-20,0.9906091944565928,0.8573596318097844,0.8683651804670913,0.1096956829440906
2015-11-24,0.9907686598942925,0.857083642435448,0.881104033970276,0.09907997169143666
2015-11-25,0.990865598136409,0.8565118811437553,0.881104033970276,0.09907997169143666
2015-11-26,0.9908241360548948,0.8583977737975581,0.8768577494692145,0.10261854210898798
2015-11-27,0.9911755717409921,0.8583770156384659,0.8768577494692145,0.10261854210898798
2015-11-30,0.9912036539929121,0.8586073749957126,0.881104033970276,0.09907997169143666
2015-12-01,0.9913232347680118,0.8598515645194101,0.8853503184713376,0.09554140127388536
2015-12-02,0.9912894136486052,0.8596334623736901,0.8853503184713376,0.09554140127388536
2015-12-03,0.9917219258512345,0.8626178849875815,0.8768577494692145,0.10261854210898798
2015-12-04,0.9917014274534185,0.8624576421228175,0.8938428874734607,0.08846426043878274
2015-12-07,0.9918456452347184,0.8625065306282125,0.8980891719745223,0.08492569002123143
2015-12-08,0.9922354710738377,0.8669061636181687,0.8938428874734607,0.08846426043878274
2015-12-09,0.9924410038944348,0.8681574757601326,0.8983050847457628,0.0847457627118644
2015-12-10,0.9926436558109749,0.8729731411072539,0.8983050847457628,0.0847457627118644
2015-12-11,0.992728757004693,0.8738278928330471,0.902542372881356,0.08121468926553672
2015-12-14,0.9926325545783545,0.8747001497700545,0.902542372881356,0.08121468926553672
2015-12-15,0.9926191476857578,0.8750845271196993,0.8898305084745762,0.09180790960451977
2015-12-16,0.9926978069810964,0.876379045613542,0.8898305084745762,0.09180790960451977
2015-12-17,0.9926703271740918,0.877034992486559,0.885593220338983,0.09533898305084745
2015-12-18,0.9925290459708029,0.8771306414633682,0.8771186440677966,0.10240112994350282
2015-12-21,0.992655353435744,0.8778859919648417,0.864406779661017,0.11299435028248588
2015-12-22,0.9927187428433931,0.8785713067239402,0.864406779661017,0.11299435028248588
2015-12-24,0.9926054242316004,0.8793050057516365,0.8728813559322034,0.1059322033898305
2015-12-25,0.9927628465858283,0.8810009654876473,0.885593220338983,0.09533898305084745
2015-12-28,0.9927468969817734,0.8816642135837617,0.8686440677966102,0.1094632768361582
2016-01-04,0.9929026741535172,0.8863174637630016,0.8771186440677966,0.10240112994350282
2016-01-05,0.9943410900969972,0.8906331920704859,0.8813559322033898,0.09887005649717515
2016-01-06,0.9941554463344828,0.8901412412612818,0.8771186440677966,0.10240112994350282
2016-01-07,0.9942895930342567,0.8907158780245811,0.8728813559322034,0.1059322033898305
2016-01-08,0.9941792084872715,0.8905848601771386,0.885593220338983,0.09533898305084745
2016-01-12,0.9942803219970793,0.8935148007500675,0.8813559322033898,0.09887005649717515
2016-01-13,0.9941549911915915,0.8933776208811058,0.8813559322033898,0.09887005649717515
2016-01-14,0.9941115098015713,0.8929387434872974,0.885593220338983,0.09533898305084745
2016-01-15,0.9941450324638541,0.8962276004204264,0.885593220338983,0.09533898305084745
2016-01-18,0.994093594108374,0.8962631975147379,0.885593220338983,0.09533898305084745
2016-01-19,0.9941579249266758,0.8970644686642449,0.885593220338983,0.09533898305084745
2016-01-20,0.9942020303396325,0.8979577809008683,0.8898305084745762,0.09180790960451977
2016-01-21,0.9941133086888799,0.8973245357111053,0.8898305084745762,0.09180790960451977
2016-01-22,0.9942500537087431,0.8994021093779421,0.8940677966101694,0.0882768361581921
2016-01-25,0.9937696634512805,0.8980379599655786,0.8898305084745762,0.09180790960451977
2016-01-26,0.993683681135357,0.8995326965985244,0.8898305084745762,0.09180790960451977
2016-01-27,0.9937677847505346,0.8995187121499034,0.8898305084745762,0.09180790960451977
2016-01-28,0.9935416294075177,0.8996294820181542,0.8898305084745762,0.09180790960451977
2016-01-29,0.9936644444846261,0.898183900332397,0.8940677966101694,0.0882768361581921
2016-02-01,0.9937096112834047,0.8991593541967207,0.885593220338983,0.09533898305084745
2016-02-02,0.9934284497313861,0.8988305100345129,0.8898305084745762,0.09180790960451977
2016-02-03,0.9932264557752517,0.8994055158373817,0.8898305084745762,0.09180790960451977
2016-02-04,0.9935263076264103,0.899304893017241,0.902542372881356,0.08121468926553672
2016-02-05,0.9934932708834857,0.8999479957893783,0.9110169491525424,0.07415254237288135
2016-02-08,0.9936379179402035,0.8996536370580179,0.8983050847457628,0.0847457627118644
2016-02-09,0.9935330141535801,0.8980763469254144,0.8983050847457628,0.0847457627118644
2016-02-10,0.9932257450418689,0.8900800588871939,0.8940677966101694,0.0882768361581921
2016-02-12,0.9931545079241412,0.8896794154201638,0.8983050847457628,0.0847457627118644
2016-02-15,0.9928915200217764,0.8895718367976256,0.8898305084745762,0.09180790960451977
2016-02-16,0.9933062296672586,0.8907354794057536,0.902542372881356,0.08121468926553672
2016-02-17,0.9930748791401814,0.8899263046324288,0.885593220338983,0.09533898305084745
2016-02-18,0.9935574054540796,0.8911632356737847,0.8898305084745762,0.09180790960451977
2016-02-19,0.9932624362678207,0.8895260244711434,0.8983050847457628,0.0847457627118644
2016-02-22,0.9928852705795496,0.8874835962123543,0.8898305084745762,0.09180790960451977
2016-02-23,0.9928777715117597,0.8862999745960962,0.9110169491525424,0.07415254237288135
2016-02-24,0.9927335545678477,0.8869530952113884,0.902542372881356,0.08121468926553672
2016-02-25,0.992657574988259,0.8868018472081654,0.8940677966101694,0.0882768361581921
2016-02-26,0.992703141838871,0.8872136406579095,0.8983050847457628,0.0847457627118644
2016-02-29,0.9929212197246329,0.8876300646426195,0.8940677966101694,0.0882768361581921
2016-03-01,0.992697661208154,0.8879572784752829,0.8983050847457628,0.0847457627118644
2016-03-02,0.9929237833685063,0.8875392261161447,0.8983050847457628,0.0847457627118644
2016-03-03,0.9930121395457079,0.8849041752686149,0.8940677966101694,0.0882768361581921
2016-03-04,0.9931804661311275,0.8852898065225661,0.902542372881356,0.08121468926553672
2016-03-07,0.9932447726735665,0.8869094491878582,0.902542372881356,0.08121468926553672
2016-03-08,0.9934144100716061,0.8880079460306054,0.9067796610169492,0.07768361581920905
2016-03-09,0.9932304235393457,0.8870608314441968,0.8983050847457628,0.0847457627118644
2016-03-10,0.9930874617609454,0.8874823097444009,0.902542372881356,0.08121468926553672
2016-03-11,0.9932668562697806,0.8871530589696218,0.8898305084745762,0.09180790960451977
2016-03-14,0.9934825671971178,0.8883123536433554,0.902542372881356,0.08121468926553672
2016-03-15,0.9934450805373358,0.8875531558003837,0.902542372881356,0.08121468926553672
2016-03-16,0.9934004599423464,0.8884069889915288,0.8940677966101694,0.0882768361581921
2016-03-17,0.993529501115159,0.8883802289126251,0.8898305084745762,0.09180790960451977
2016-03-18,0.9934987452618711,0.8897204343843775,0.8983050847457628,0.0847457627118644
2016-03-22,0.9934545792780446,0.888972039047519,0.8898305084745762,0.09180790960451977
2016-03-23,0.9932986331004673,0.8889203188005208,0.8983050847457628,0.0847457627118644
2016-03-24,0.9932017485824877,0.88873796141918,0.8898305084745762,0.09180790960451977
2016-03-25,0.9931671696879525,0.8894187460831546,0.8983050847457628,0.0847457627118644
2016-03-28,0.9935075611525774,0.8918026208960919,0.902542372881356,0.08121468926553672
2016-03-29,0.993423859249619,0.8881728918504033,0.8983050847457628,0.0847457627118644
