Date,RESIDUAL_SIZE_intercept,RESIDUAL_SIZE_slope,RESIDUAL_SIZE_regressor_ss,RESIDUAL_SIZE_n,RESIDUAL_ILLIQ_intercept,RESIDUAL_ILLIQ_slope,RESIDUAL_ILLIQ_regressor_ss,RESIDUAL_ILLIQ_n
2008-11-04,-4.542825384343402e-15,0.0,0.0,427.0,0.0,0.0,426.0,427.0
2008-11-05,4.69748491991209e-15,0.0,0.0,427.0,0.0,0.0,426.000000000002,427.0
2008-11-06,-2.2511266855280108e-15,0.0,0.0,427.0,0.0,0.0,425.99999999999716,427.0
2008-11-07,-3.2148366716575524e-15,0.0,0.0,427.0,0.0,0.0,425.9999999999998,427.0
2008-11-10,2.305857820582717e-15,0.0,0.0,427.0,0.0,0.0,425.9999999999996,427.0
2008-11-11,2.6537775359987677e-15,0.0,0.0,427.0,0.0,0.0,425.99999999999807,427.0
2008-11-12,4.274813654243175e-15,0.0,0.0,427.0,0.0,0.0,426.00000000000034,427.0
2008-11-13,3.929168986008732e-15,0.0,0.0,427.0,0.0,0.0,425.99999999999983,427.0
2008-11-14,-6.889817886132521e-16,0.0,0.0,427.0,0.0,0.0,426.00000000000125,427.0
2008-11-17,-4.579247467816472e-15,0.0,0.0,427.0,0.0,0.0,426.00000000000057,427.0
2008-11-18,2.5021618916815443e-15,0.0,0.0,427.0,0.0,0.0,425.9999999999998,427.0
2008-11-19,-2.065125328094469e-15,0.0,0.0,427.0,0.0,0.0,425.99999999999983,427.0
2008-11-20,-2.6484799261330214e-16,0.0,0.0,427.0,0.0,0.0,426.0000000000015,427.0
2008-11-21,7.329145747238216e-16,0.0,0.0,427.0,0.0,0.0,426.0,427.0
2008-11-25,3.68370764545014e-15,0.0,0.0,427.0,0.0,0.0,426.0000000000002,427.0
2008-11-26,-3.812686570310355e-15,0.0,0.0,427.0,0.0,0.0,425.9999999999989,427.0
2008-11-27,-2.432772952642472e-15,0.0,0.0,427.0,0.0,0.0,425.99999999999966,427.0
2008-11-28,-4.093004883758598e-15,0.0,0.0,427.0,0.0,0.0,426.00000000000017,427.0
2008-12-01,-2.9233381263454025e-15,0.0,0.0,427.0,0.0,0.0,425.9999999999987,427.0
2008-12-02,-1.3273275270986943e-16,0.0,0.0,427.0,0.0,0.0,425.9999999999989,427.0
2008-12-03,1.6612882030218732e-15,0.0,0.0,427.0,0.0,0.0,426.0000000000005,427.0
2008-12-04,-2.0792306206204446e-15,0.0,0.0,427.0,0.0,0.0,426.00000000000205,427.0
2008-12-05,1.2638537107318051e-15,0.0,0.0,427.0,0.0,0.0,425.9999999999982,427.0
2008-12-08,-1.8663755812754123e-15,0.0,0.0,427.0,0.0,0.0,425.99999999999915,427.0
2008-12-09,-3.102173085156876e-15,0.0,0.0,427.0,0.0,0.0,425.99999999999704,427.0
2008-12-10,-1.617735021746446e-15,0.0,0.0,428.0,0.0,0.0,426.9999999999991,428.0
2008-12-11,-9.421980329894217e-16,0.0,0.0,428.0,0.0,0.0,426.9999999999981,428.0
2008-12-12,1.1373503709445789e-15,0.0,0.0,428.0,0.0,0.0,427.0000000000016,428.0
2008-12-15,-1.2519272352959535e-15,0.0,0.0,428.0,0.0,0.0,426.999999999999,428.0
2008-12-16,-2.0867821602979015e-15,0.0,0.0,428.0,0.0,0.0,426.99999999999955,428.0
2008-12-17,3.5015069115213164e-15,0.0,0.0,428.0,0.0,0.0,426.9999999999973,428.0
2008-12-18,9.44086773970275e-16,0.0,0.0,428.0,0.0,0.0,427.00000000000136,428.0
2008-12-19,5.2298305548612835e-15,0.0,0.0,428.0,0.0,0.0,427.0000000000029,428.0
2008-12-22,-1.9203875250131287e-15,0.0,0.0,428.0,0.0,0.0,427.00000000000216,428.0
2008-12-24,-1.054549749704555e-15,0.0,0.0,428.0,0.0,0.0,426.9999999999997,428.0
2008-12-25,2.6305541338139513e-15,0.0,0.0,428.0,0.0,0.0,426.999999999998,428.0
2008-12-26,2.4026082265968124e-15,0.0,0.0,428.0,0.0,0.0,426.99999999999727,428.0
2008-12-29,1.0867475144081993e-15,0.0,0.0,428.0,0.0,0.0,426.99999999999847,428.0
2008-12-30,3.1007128329104693e-15,0.0,0.0,428.0,0.0,0.0,426.9999999999996,428.0
2009-01-05,-3.3138783259581095e-15,0.2893407036926942,427.0000000000002,428.0,9.57829739907319e-16,0.2893407036926951,426.9999999999989,428.0
2009-01-06,1.7334376562677125e-15,0.285385865070628,426.99999999999994,428.0,-5.282352788563995e-16,0.2853858650706285,426.9999999999992,428.0
2009-01-07,4.1959137780504376e-16,0.2707323960403285,426.9999999999992,428.0,-1.2225084146157753e-16,0.2707323960403276,427.00000000000057,428.0
2009-01-08,2.695215066941346e-16,0.2680671177167577,427.0000000000005,428.0,-6.26195504647626e-17,0.2680671177167575,427.0000000000008,428.0
2009-01-09,1.5309571032849472e-16,0.2648270390442962,426.9999999999997,428.0,-4.729763643254696e-17,0.26482703904429644,426.9999999999994,428.0
2009-01-13,3.834328884361166e-15,0.2612267625927306,427.0000000000001,428.0,-1.0035024709133575e-15,0.2612267625927301,427.00000000000085,428.0
2009-01-14,-4.485152267802218e-15,0.29722955093127895,427.0,428.0,1.3159157805761665e-15,0.297229550931279,426.99999999999994,428.0
2009-01-15,-4.1191493399439983e-16,0.2951829578607797,426.9999999999996,428.0,1.4171791084021326e-16,0.295182957860778,427.0000000000021,428.0
2009-01-16,-1.6058856800725947e-15,0.2961853090077153,426.99999999999983,428.0,4.945711088367036e-16,0.29618530900771495,427.00000000000034,428.0
2009-01-19,2.029884617978903e-15,0.29458062172081706,427.0,428.0,-5.992675564473467e-16,0.294580621720817,427.0000000000001,428.0
2009-01-20,-5.116846488330842e-15,0.2886535565028986,426.9999999999998,428.0,1.4930464003065728e-15,0.288653556502899,426.99999999999915,428.0
2009-01-21,6.935756774759681e-16,0.2872979922942129,427.0000000000002,428.0,-1.771895901203025e-16,0.2872979922942134,426.9999999999995,428.0
2009-01-22,2.4586336668151465e-15,0.2844626448098176,427.00000000000074,428.0,-7.265083096497667e-16,0.28446264480981814,426.9999999999999,428.0
2009-01-23,3.00543779973931e-15,0.2789323520248983,427.00000000000074,428.0,-8.040461564932292e-16,0.27893235202489886,426.99999999999994,428.0
2009-01-26,3.0025266462797554e-15,0.27437806610790955,426.99999999999955,428.0,-8.033785740744562e-16,0.27437806610790927,426.99999999999994,428.0
2009-01-27,4.382632494808222e-15,0.2767545990009325,426.9999999999998,428.0,-1.209260869046228e-15,0.2767545990009334,426.9999999999984,428.0
2009-01-28,-9.545866773480287e-16,0.2705724882724193,427.0,428.0,3.0257997804621526e-16,0.27057248827241914,427.0000000000003,428.0
2009-01-29,-1.5595141237580549e-15,0.29311429103494363,427.0000000000001,428.0,4.0619618728745624e-16,0.2931142910349434,427.0000000000004,428.0
2009-01-30,-1.0842320355984805e-15,0.30305646917245854,426.99999999999983,428.0,3.249321360398782e-16,0.3030564691724579,427.00000000000074,428.0
2009-02-02,1.09965488838644e-15,0.30359702587664145,426.99999999999994,428.0,-3.753568720286132e-16,0.3035970258766431,426.9999999999976,428.0
2009-02-03,-2.569156615528196e-15,0.3024828831620736,427.0000000000007,428.0,7.588619357284475e-16,0.30248288316207395,427.00000000000017,428.0
2009-02-04,2.5568536087738714e-15,0.3066306075230417,426.9999999999991,428.0,-7.938799411357161e-16,0.3066306075230413,426.9999999999997,428.0
2009-02-05,2.6712390769707905e-15,0.31874963475241846,426.99999999999983,428.0,-8.432999845323123e-16,0.3187496347524187,426.9999999999995,428.0
2009-02-06,-2.1446202706122366e-15,0.3210955674124071,427.0000000000002,428.0,7.025291013003577e-16,0.3210955674124067,427.00000000000074,428.0
2009-02-09,-4.409520178012744e-16,0.3184852054813065,427.0,428.0,1.6415323932447444e-16,0.31848520548130654,426.99999999999994,428.0
2009-02-10,1.0233278618172126e-16,0.3234583267816727,427.00000000000006,428.0,-2.915200031338051e-17,0.3234583267816724,427.0000000000004,428.0
2009-02-12,-1.613910352228212e-15,0.32299427964073885,427.00000000000045,428.0,5.380120135364387e-16,0.32299427964073946,426.9999999999996,428.0
2009-02-13,-1.5774532729750318e-15,0.3458812412006474,427.00000000000034,428.0,5.464107739740307e-16,0.34588124120064684,427.000000000001,428.0
2009-02-16,2.6949130397898925e-15,0.34885511266823416,427.0000000000006,428.0,-9.931044827055177e-16,0.34885511266823566,426.9999999999988,428.0
2009-02-17,-1.4153411704098376e-16,0.34637288598350385,427.00000000000045,428.0,3.9550091174747075e-17,0.34637288598350613,426.9999999999976,428.0
2009-02-18,2.694211690667271e-16,0.34975655338789763,427.00000000000017,428.0,-1.0311078761910786e-16,0.34975655338789696,427.00000000000097,428.0
2009-02-19,-3.734768010765648e-17,0.3490183900396033,427.0,428.0,2.9664401573697554e-17,0.34901839003960294,427.00000000000045,428.0
2009-02-20,-2.3750376575010047e-15,0.3452618850793007,427.0000000000002,428.0,8.097285508261653e-16,0.34526188507930067,427.00000000000034,428.0
2009-02-23,1.5230566946976436e-15,0.34987743874989086,427.0000000000002,428.0,-5.192245407856562e-16,0.34987743874989174,426.9999999999991,428.0
2009-02-24,2.320473032242713e-15,0.3474718223773596,426.99999999999955,428.0,-8.040752224107388e-16,0.3474718223773589,427.0000000000004,428.0
2009-02-25,1.446940039657754e-15,0.3558667561397198,427.0000000000004,428.0,-5.022312007785437e-16,0.35586675613972024,426.9999999999999,428.0
2009-02-26,-2.031332182372193e-15,0.3514391725821937,427.0000000000005,428.0,7.436169952263847e-16,0.35143917258219326,427.0000000000011,428.0
2009-02-27,-1.454229876937216e-15,0.35727793633091426,426.9999999999999,428.0,4.826229940993031e-16,0.35727793633091404,427.00000000000017,428.0
2009-03-02,-2.2879475966973065e-15,0.3601191723467107,427.00000000000006,428.0,8.124765929579169e-16,0.3601191723467105,427.0000000000003,428.0
2009-03-03,9.042628739560412e-17,0.35859470919298964,427.00000000000045,428.0,-5.644333837400572e-17,0.35859470919299025,426.9999999999997,428.0
2009-03-04,1.892360506306877e-15,0.35908035101867414,426.9999999999998,428.0,-6.761766906029922e-16,0.3590803510186742,426.9999999999997,428.0
2009-03-05,1.2153105193165823e-15,0.3585746756740381,426.99999999999994,428.0,-4.689517686582637e-16,0.3585746756740382,426.9999999999998,428.0
2009-03-06,1.8299028090283485e-15,0.3571845815941142,427.00000000000017,428.0,-6.291722691251647e-16,0.3571845815941144,426.99999999999994,428.0
2009-03-09,-2.6762431348866017e-15,0.35612299442245227,427.00000000000057,428.0,1.0024487474248606e-15,0.3561229944224516,427.00000000000136,428.0
2009-03-10,2.71994711246327e-16,0.35870469722153525,427.0,428.0,-7.807143318397196e-17,0.3587046972215358,426.9999999999994,428.0
2009-03-11,3.2939209322844823e-15,0.35897935704644957,427.00000000000006,428.0,-1.1640895326623762e-15,0.35897935704644995,426.99999999999955,428.0
2009-03-12,1.9598295431498484e-16,0.3582416515989388,426.9999999999999,428.0,-7.275296698847511e-17,0.3582416515989377,427.00000000000114,428.0
2009-03-13,2.563282881582507e-15,0.3624410969057176,427.00000000000057,428.0,-9.238566423810311e-16,0.36244109690571785,427.0000000000003,428.0
2009-03-16,3.086068596414951e-15,0.36549885668720483,427.00000000000034,428.0,-1.1224482889664773e-15,0.3654988566872047,427.00000000000045,428.0
2009-03-17,1.257511105144868e-15,0.3684572335656297,427.00000000000045,428.0,-4.1211350945149497e-16,0.36845723356562976,427.00000000000034,428.0
2009-03-18,-9.717471326027408e-16,0.369367596133374,427.0,428.0,3.884449062260466e-16,0.3693675961333749,426.999999999999,428.0
2009-03-19,8.132178008132561e-16,0.3679209899465554,426.99999999999983,428.0,-3.3121647986871578e-16,0.367920989946554,427.00000000000153,428.0
2009-03-23,1.5660066244895044e-15,0.3650431096123508,426.9999999999998,428.0,-5.994266123956538e-16,0.36504310961234937,427.0000000000015,428.0
2009-03-24,-1.6806803605682256e-15,0.37920785369983634,426.9999999999997,428.0,6.655334920613425e-16,0.3792078536998352,427.000000000001,428.0
2009-03-25,-1.140920909675406e-15,0.3761131933565671,427.0,428.0,3.914228932558779e-16,0.37611319335656745,426.99999999999966,428.0
2009-03-26,1.3514629923770881e-15,0.3787499668964908,427.00000000000017,428.0,-5.359182928398398e-16,0.37874996689649093,427.00000000000006,428.0
2009-03-27,-9.302515560762696e-16,0.38403565493751013,427.0000000000004,428.0,3.780923069510621e-16,0.38403565493751124,426.99999999999915,428.0
2009-03-30,6.669932181148553e-16,0.38455212084743634,427.00000000000006,428.0,-2.3770542198324084e-16,0.38455212084743684,426.9999999999995,428.0
2009-03-31,2.141202859591529e-15,0.38358558464419906,426.9999999999996,428.0,-8.602711433873359e-16,0.38358558464419906,426.99999999999955,428.0
2009-04-01,-1.8247362497500467e-15,0.3814090326981865,428.99999999999955,430.0,7.175927810281542e-16,0.3814090326981866,428.99999999999943,430.0
2009-04-02,-2.20030100893935e-16,0.3820873909772393,430.0000000000005,431.0,4.5023169127177096e-17,0.38208739097723954,430.0000000000003,431.0
2009-04-03,3.182098572257479e-15,0.386149238941351,430.0000000000003,431.0,-1.2567107024867867e-15,0.38614923894135156,429.99999999999966,431.0
2009-04-06,-2.8438861861558414e-15,0.3827695132151419,430.00000000000045,431.0,1.073767894202334e-15,0.382769513215143,429.9999999999992,431.0
2009-04-07,5.527871574226065e-16,0.38474154970964985,430.00000000000034,431.0,-2.389058928491195e-16,0.38474154970965074,429.9999999999993,431.0
2009-04-08,3.4740770106448646e-17,0.3819518931950198,430.00000000000017,431.0,1.0712104276846185e-17,0.381951893195018,430.0000000000023,431.0
2009-04-09,6.899632059904083e-16,0.3831881212610952,430.00000000000017,431.0,-2.3944189401843473e-16,0.38318812126109547,429.9999999999999,431.0
2009-04-10,1.1878536600250133e-15,0.38355740392640547,430.0000000000002,431.0,-4.426479831799508e-16,0.38355740392640597,429.99999999999966,431.0
2009-04-13,-1.153445236055492e-15,0.38143871247852595,430.00000000000006,431.0,4.756271051938436e-16,0.3814387124785272,429.9999999999987,431.0
2009-04-14,3.338255957825892e-16,0.38040818480774136,429.99999999999983,431.0,-1.2985409772125348e-16,0.3804081848077408,430.00000000000045,431.0
2009-04-15,-3.218962451708824e-16,0.3808589920570491,429.99999999999955,431.0,8.653480035626047e-17,0.3808589920570489,429.9999999999998,431.0
2009-04-16,3.804399295257259e-16,0.38153183581785405,430.00000000000045,431.0,-1.1884852989163696e-16,0.3815318358178545,429.99999999999994,431.0
2009-04-17,-2.4303651044186377e-15,0.3814294359110926,429.99999999999943,431.0,8.935001836381312e-16,0.3814294359110916,430.00000000000057,431.0
2009-04-20,3.4482612729915076e-15,0.38105117102752156,430.00000000000034,431.0,-1.272072859747173e-15,0.3810511710275215,430.0000000000004,431.0
2009-04-21,4.485823228555518e-16,0.383121288781082,429.99999999999994,431.0,-1.4916889979461337e-16,0.38312128878108254,429.9999999999993,431.0
2009-04-22,2.291155959085279e-15,0.3847766425405325,429.99999999999994,431.0,-8.858626702151243e-16,0.3847766425405326,429.99999999999983,431.0
2009-04-23,-1.508257461876952e-15,0.3850447739912121,429.9999999999997,431.0,5.409800696860181e-16,0.3850447739912114,430.0000000000005,431.0
2009-04-24,2.0576809169404457e-15,0.38535196176645925,430.0000000000002,431.0,-7.969891843308837e-16,0.385351961766458,430.00000000000165,431.0
2009-04-27,-7.143666726408478e-17,0.3860047786814538,429.99999999999983,431.0,2.719127539099475e-17,0.38600477868145316,430.00000000000045,431.0
2009-04-28,-3.1696307804311753e-16,0.3867419860796247,430.0000000000005,431.0,1.0303143035587067e-16,0.3867419860796237,430.0000000000016,431.0
2009-04-30,1.823598852935401e-15,0.3889587866434347,429.9999999999996,431.0,-6.954769887896801e-16,0.3889587866434347,429.9999999999996,431.0
2009-05-01,-1.5922104506345002e-15,0.3910980573038324,429.99999999999955,431.0,6.172010756996629e-16,0.39109805730383207,429.99999999999994,431.0
2009-05-07,-6.767721421136741e-16,0.3999306555960889,429.99999999999955,431.0,2.7352911865720426e-16,0.3999306555960889,429.99999999999955,431.0
2009-05-08,-2.869328592673014e-15,0.39876692329057517,429.9999999999996,431.0,1.1567037916042456e-15,0.3987669232905762,429.99999999999847,431.0
2009-05-11,6.11454660560886e-16,0.39029711720479915,429.99999999999994,431.0,-2.3122499500756624e-16,0.39029711720479887,430.0000000000003,431.0
2009-05-12,3.6030421774997896e-16,0.3931822417340768,429.99999999999994,431.0,-1.2767346144710625e-16,0.3931822417340766,430.00000000000017,431.0
2009-05-13,-6.067972720637388e-16,0.4053716363372161,430.00000000000017,431.0,2.840261713355001e-16,0.4053716363372168,429.9999999999995,431.0
2009-05-14,-1.682771637386207e-15,0.40778685451098345,430.00000000000057,431.0,7.218618624771057e-16,0.4077868545109844,429.99999999999955,431.0
2009-05-15,-1.0574338526390003e-15,0.4105713186214335,430.0000000000003,431.0,4.274056463436095e-16,0.41057131862143437,429.9999999999993,431.0
2009-05-18,1.54063507094153e-15,0.4115826223479887,429.9999999999999,431.0,-6.434057146464431e-16,0.4115826223479894,429.9999999999991,431.0
2009-05-19,-1.7687224789458714e-15,0.41479590435541647,430.0000000000001,431.0,7.374444205516839e-16,0.414795904355416,430.00000000000057,431.0
2009-05-20,1.059174394842731e-15,0.4140826109448599,429.9999999999998,431.0,-4.359178934964172e-16,0.4140826109448583,430.00000000000136,431.0
2009-05-21,-5.410687709879387e-16,0.437114006061805,429.99999999999994,431.0,2.701091302947087e-16,0.4371140060618037,430.00000000000125,431.0
2009-05-22,-1.6575081994242892e-15,0.4354044177027781,429.99999999999943,431.0,7.099959017054568e-16,0.43540441770277855,429.99999999999903,431.0
2009-05-25,-5.729836769163188e-17,0.43514032941770553,430.00000000000057,431.0,6.497367887052506e-17,0.435140329417706,430.0000000000001,431.0
2009-05-26,-3.1242048121708213e-16,0.43630298036660453,430.00000000000034,431.0,1.5726996504490556e-16,0.4363029803666041,430.0000000000008,431.0
2009-05-27,2.3652058305258898e-15,0.4354201488200622,430.0000000000003,431.0,-1.027927288805246e-15,0.4354201488200638,429.9999999999987,431.0
2009-05-28,9.640117868320446e-16,0.4397862338608533,429.9999999999997,431.0,-4.1138897275127246e-16,0.4397862338608546,429.99999999999847,431.0
2009-05-29,-4.261867327623874e-16,0.4404703003142567,429.9999999999998,431.0,1.6156300673111582e-16,0.44047030031425555,430.0000000000009,431.0
2009-06-01,-1.5180432571694903e-15,0.44166872480288255,430.0000000000006,431.0,6.804247168389229e-16,0.44166872480288566,429.9999999999976,431.0
2009-06-02,4.473702400756781e-16,0.4337867447092232,430.00000000000006,431.0,-2.0357828355939371e-16,0.43378674470922235,430.00000000000085,431.0
2009-06-03,2.1407193025522537e-15,0.4324773909547714,429.9999999999995,431.0,-9.541358242700811e-16,0.43247739095477034,430.00000000000057,431.0
2009-06-04,-9.006604662281072e-16,0.4347289923907523,429.99999999999955,431.0,3.912820792793079e-16,0.43472899239075097,430.00000000000085,431.0
2009-06-05,9.151646780595495e-17,0.4441823577409286,430.0000000000003,431.0,2.0479843883675777e-18,0.44418235774092696,430.00000000000193,431.0
2009-06-08,1.147974830893826e-15,0.4418124389940807,430.0,431.0,-4.896199714908593e-16,0.44181243899407907,430.0000000000016,431.0
2009-06-09,-2.4262472531400534e-15,0.43960569179309467,430.00000000000034,431.0,1.0500191101269644e-15,0.43960569179309694,429.9999999999981,431.0
2009-06-10,-3.4630883057120764e-16,0.4343395330203197,430.00000000000045,431.0,1.5349832649628396e-16,0.43433953302031997,430.00000000000017,431.0
2009-06-11,-9.994042819825415e-17,0.4329837336047383,429.9999999999999,431.0,5.583059448241175e-17,0.4329837336047396,429.99999999999864,431.0
2009-06-12,1.6210962216344829e-15,0.42930284974136745,430.00000000000006,431.0,-6.892174568414353e-16,0.4293028497413635,430.00000000000404,431.0
2009-06-15,1.2330507266526262e-15,0.42984856917140984,430.0000000000004,431.0,-5.37269989283298e-16,0.4298485691714109,429.9999999999993,431.0
2009-06-16,6.1170546385933145e-16,0.4255833535251887,429.9999999999997,431.0,-2.6613242787144857e-16,0.4255833535251878,430.0000000000007,431.0
2009-06-17,-2.428575076199556e-16,0.4226946120297456,430.0000000000001,431.0,1.2407583360502938e-16,0.42269461202974595,429.9999999999998,431.0
2009-06-18,-5.660623973335383e-16,0.41991710588564407,430.0000000000001,431.0,2.697901463872343e-16,0.41991710588564496,429.9999999999992,431.0
2009-06-19,1.836124566467837e-15,0.41716762869162,429.99999999999983,431.0,-7.675142693162991e-16,0.41716762869162005,429.9999999999998,431.0
2009-06-22,-2.6382708645958563e-15,0.41519929682944035,429.99999999999983,431.0,1.0594863859413188e-15,0.4151992968294389,430.0000000000013,431.0
2009-06-23,-2.9376074163311346e-15,0.41101954220384124,430.0000000000003,431.0,1.2014734615888605e-15,0.411019542203841,430.0000000000005,431.0
2009-06-24,2.970552451469308e-15,0.41031908041220994,430.00000000000006,431.0,-1.1854554606472457e-15,0.41031908041221027,429.9999999999997,431.0
2009-06-25,1.5555263440285623e-16,0.40222905685063803,429.9999999999999,431.0,-6.947713160104659e-17,0.4022290568506406,429.99999999999716,431.0
2009-06-26,-7.217377200410019e-16,0.4113072103678529,429.99999999999983,431.0,2.8663673498492265e-16,0.4113072103678539,429.9999999999988,431.0
2009-06-29,1.4525638416514243e-15,0.4069132969342141,430.00000000000017,431.0,-5.538290807775195e-16,0.40691329693421363,430.0000000000006,431.0
2009-06-30,2.385318285894445e-15,0.4120893468392505,430.0,431.0,-1.0068618384971216e-15,0.41208934683925097,429.99999999999955,431.0
2009-07-01,-1.7462149260479005e-15,0.41203938426467934,429.9999999999995,431.0,7.08602502016854e-16,0.41203938426467823,430.0000000000007,431.0
2009-07-02,1.8531966522212063e-15,0.41545401310749014,430.0000000000004,431.0,-7.464735339005085e-16,0.41545401310748925,430.0000000000013,431.0
2009-07-03,1.9934078477334462e-15,0.4136250144451084,429.99999999999983,431.0,-8.325838050856033e-16,0.4136250144451064,430.00000000000193,431.0
2009-07-06,1.0662776631305039e-15,0.4083056326640013,430.0000000000004,431.0,-4.224346200022972e-16,0.40830563266400105,430.0000000000006,431.0
2009-07-07,-1.1829556681147297e-15,0.4092109792116576,430.00000000000017,431.0,4.900296450566752e-16,0.4092109792116592,429.99999999999847,431.0
2009-07-08,2.0136605163078805e-15,0.408120267069844,430.00000000000045,431.0,-8.598153044036363e-16,0.40812026706984533,429.99999999999903,431.0
2009-07-09,1.7358411421645461e-16,0.4035475753267343,429.9999999999994,431.0,-8.654615846747447e-17,0.4035475753267334,430.0000000000003,431.0
2009-07-10,-8.950478841040996e-16,0.40922804417388536,430.00000000000006,431.0,3.4461884321087686e-16,0.4092280441738866,429.99999999999875,431.0
2009-07-13,-2.5502507116508096e-15,0.4061964077289389,429.99999999999983,431.0,1.0371394497799778e-15,0.4061964077289373,430.00000000000153,431.0
2009-07-14,-7.42738684887792e-16,0.4096996698524335,429.99999999999994,431.0,3.1287397356260867e-16,0.4096996698524322,430.00000000000125,431.0
2009-07-15,1.5955502904809993e-15,0.4119884818147596,430.0,431.0,-6.875040172157747e-16,0.41198848181475944,430.00000000000017,431.0
2009-07-16,-2.1185545850233002e-15,0.409839812761438,430.0000000000003,431.0,8.758229673264591e-16,0.40983981276143683,430.00000000000153,431.0
2009-07-17,1.990945021447665e-15,0.4092856664335019,430.00000000000006,431.0,-7.860764443385597e-16,0.40928566643350167,430.0000000000003,431.0
2009-07-21,-2.575242987956624e-15,0.403477299754825,430.0000000000001,431.0,1.0488645204371783e-15,0.40347729975482455,430.00000000000057,431.0
2009-07-22,-4.2498907676595393e-16,0.40423318531780555,430.00000000000057,431.0,1.6931643123085162e-16,0.404233185317805,430.00000000000114,431.0
2009-07-23,2.7535776751200493e-15,0.4084285136338363,430.0000000000002,431.0,-1.1315612086965176e-15,0.4084285136338363,430.0000000000002,431.0
2009-07-24,-1.6703976336066474e-16,0.4063688633052584,429.9999999999999,431.0,9.035297160182667e-17,0.4063688633052586,429.99999999999966,431.0
2009-07-27,5.98338516320663e-16,0.4018497025885272,430.0000000000001,431.0,-2.3012836891638783e-16,0.4018497025885274,429.9999999999999,431.0
2009-07-28,1.3615528786834007e-16,0.40096622470259546,430.00000000000006,431.0,-2.5247478508884253e-17,0.4009662247025956,429.99999999999994,431.0
2009-07-29,9.13673439969029e-16,0.3827052295830534,430.0,431.0,-3.7033486900093666e-16,0.38270522958305353,429.9999999999999,431.0
2009-07-30,1.1012581902826889e-15,0.3838335969849619,429.9999999999995,431.0,-3.942013786702147e-16,0.38383359698496067,430.00000000000085,431.0
2009-07-31,1.0064823938771799e-15,0.38504612367905294,430.00000000000017,431.0,-3.968118608216799e-16,0.38504612367905333,429.9999999999998,431.0
2009-08-03,2.3549388142514155e-17,0.38063694843482293,429.99999999999994,431.0,-4.740109406066701e-17,0.3806369484348239,429.99999999999886,431.0
2009-08-04,6.675162112837332e-16,0.3770751644325944,430.0000000000005,431.0,-2.674476415499072e-16,0.3770751644325956,429.9999999999992,431.0
2009-08-05,2.186803228974313e-15,0.38256111805234994,429.9999999999995,431.0,-8.189944535406652e-16,0.38256111805234944,430.00000000000006,431.0
2009-08-06,-2.083607427879494e-15,0.3729104816958931,429.99999999999966,431.0,7.673520118228119e-16,0.3729104816958939,429.99999999999875,431.0
2009-08-07,-6.24198221191121e-16,0.3715508159821404,430.0000000000004,431.0,2.3502980254052594e-16,0.3715508159821392,430.0000000000018,431.0
2009-08-10,9.575323482629874e-16,0.3662241746525748,429.9999999999995,431.0,-3.4777192161288354e-16,0.36622417465257295,430.0000000000016,431.0
2009-08-11,1.7706582120335416e-16,0.36112519232374596,430.00000000000006,431.0,-4.55749804732424e-17,0.3611251923237459,430.00000000000017,431.0
2009-08-12,9.450522577640154e-16,0.3599360675861641,430.00000000000006,431.0,-3.7491253004639434e-16,0.3599360675861645,429.9999999999996,431.0
2009-08-13,-6.655716963192131e-16,0.36008634022737773,430.0,431.0,2.3394637096579974e-16,0.3600863402273784,429.99999999999915,431.0
2009-08-14,8.553501469562079e-16,0.3583913755755828,429.9999999999997,431.0,-2.9437066201028784e-16,0.35839137557558315,429.9999999999993,431.0
2009-08-17,-9.4384909383358e-17,0.3564569106968194,430.0000000000007,431.0,-7.730504707361471e-18,0.3564569106968203,429.9999999999996,431.0
2009-08-18,-1.6412597998313721e-15,0.3507213718456339,430.0000000000002,431.0,6.075342633735592e-16,0.3507213718456346,429.9999999999994,431.0
2009-08-19,-1.2328656385699246e-15,0.34954622532190577,429.9999999999999,431.0,4.627132575909963e-16,0.34954622532190494,430.0000000000009,431.0
2009-08-20,9.06660885945491e-16,0.3492663077830329,430.00000000000006,431.0,-3.048487466422352e-16,0.34926630778303314,429.9999999999998,431.0
2009-08-21,5.327851638824736e-16,0.34636302690594195,430.00000000000045,431.0,-1.8442373721364945e-16,0.34636302690594156,430.00000000000097,431.0
2009-08-24,1.5602481807431117e-15,0.34628462130830323,429.99999999999966,431.0,-5.498115044593653e-16,0.34628462130830195,430.00000000000125,431.0
2009-08-25,7.628328236118275e-17,0.34636383226191014,430.0000000000003,431.0,-3.1748974084308575e-17,0.3463638322619109,429.9999999999994,431.0
2009-08-26,-1.3314525407818017e-15,0.35379054094936074,430.00000000000017,431.0,4.664919752247196e-16,0.3537905409493602,430.00000000000085,431.0
2009-08-27,-7.513771899653211e-16,0.34731614663943644,430.0000000000001,431.0,2.27327304003203e-16,0.34731614663943716,429.9999999999992,431.0
2009-08-28,-4.227523395238901e-16,0.35161742928568196,429.9999999999999,431.0,1.2500030563131434e-16,0.351617429285683,429.9999999999986,431.0
2009-08-31,-8.062839192128342e-17,0.3469680895283032,429.9999999999997,431.0,8.716041722717244e-18,0.3469680895283028,430.0000000000002,431.0
2009-09-01,4.93662476770356e-16,0.3493122655185211,429.9999999999999,431.0,-1.8114956332644325e-16,0.3493122655185217,429.99999999999915,431.0
2009-09-02,-7.18477749046307e-16,0.34461648338089285,430.00000000000006,431.0,2.315957366569311e-16,0.3446164833808932,429.99999999999966,431.0
2009-09-03,1.0097340204025121e-15,0.33941279226636784,430.0000000000005,431.0,-3.4801572383005845e-16,0.33941279226636695,430.0000000000016,431.0
2009-09-04,-3.562987443841911e-16,0.3364022428490023,429.99999999999943,431.0,1.5869475726239944e-16,0.3364022428490011,430.00000000000097,431.0
2009-09-07,4.606187190814125e-16,0.3346946059308656,430.0000000000004,431.0,-1.125936998614597e-16,0.33469460593086486,430.00000000000136,431.0
2009-09-08,5.785765840947449e-16,0.3314335365507537,429.9999999999997,431.0,-1.7037780382874547e-16,0.33143353655075297,430.0000000000007,431.0
2009-09-09,-1.5356392840557615e-15,0.33023436519366633,429.99999999999926,431.0,5.557750090355943e-16,0.3302343651936672,429.99999999999807,431.0
2009-09-10,-2.3962745141099884e-15,0.330629167395555,430.0000000000001,431.0,7.992759684379157e-16,0.33062916739555437,430.00000000000085,431.0
2009-09-11,2.4604339378200997e-15,0.3287664246927765,429.9999999999999,431.0,-7.632452819466226e-16,0.3287664246927773,429.99999999999886,431.0
2009-09-14,1.202067407382834e-16,0.3172967506898789,429.99999999999983,431.0,-6.599816276642523e-17,0.31729675068987784,430.00000000000125,431.0
2009-09-15,-1.7897731146094777e-15,0.3153123662243004,429.9999999999999,431.0,5.621917619822232e-16,0.3153123662242993,430.0000000000014,431.0
2009-09-16,-6.643601286261685e-16,0.3188471937177267,430.00000000000017,431.0,1.5675506763223952e-16,0.31884719371772735,429.9999999999993,431.0
2009-09-17,-8.38396320171157e-16,0.31590494430043553,429.9999999999998,431.0,2.7273765594787717e-16,0.31590494430043436,430.00000000000136,431.0
2009-09-18,6.334542548240013e-16,0.32441978501517277,429.99999999999983,431.0,-2.041798261587308e-16,0.32441978501517194,430.00000000000097,431.0
2009-09-24,2.1119755648676296e-15,0.32011411500947184,430.00000000000006,431.0,-6.485608557894774e-16,0.3201141150094719,429.99999999999994,431.0
2009-09-25,2.607732541394795e-16,0.32133400398793993,430.00000000000017,431.0,-6.104235450789116e-17,0.3213340039879402,429.99999999999983,431.0
2009-09-28,5.2484839224677127e-17,0.3160247271540183,429.99999999999966,431.0,-3.107814335766369e-17,0.3160247271540173,430.000000000001,431.0
2009-09-29,-2.720134573673248e-15,0.31917513088978355,429.9999999999999,431.0,8.843938579026586e-16,0.31917513088978255,430.00000000000125,431.0
2009-09-30,2.5051709750699237e-16,0.3161759880265494,430.0,431.0,-5.173426727146402e-17,0.31617598802655045,429.9999999999986,431.0
2009-10-01,3.000158197611979e-16,0.3202144689601231,430.0,431.0,-1.3086192469785315e-16,0.3202144689601224,430.00000000000097,431.0
2009-10-02,-5.442535630376198e-16,0.3192334102876069,429.99999999999983,431.0,1.9537431575353593e-16,0.3192334102876074,429.9999999999992,431.0
2009-10-05,1.40020197149192e-15,0.31898531151737464,430.0000000000005,431.0,-4.174318961822148e-16,0.31898531151737586,429.99999999999886,431.0
2009-10-06,-1.6499929370382324e-16,0.310990335134043,430.0000000000001,431.0,5.172037443484589e-17,0.31099033513404084,430.00000000000307,431.0
2009-10-07,-5.315222060190526e-16,0.31218977325374586,430.00000000000017,431.0,1.8784767471818852e-16,0.3121897732537462,429.9999999999997,431.0
2009-10-08,-1.4428326767600963e-15,0.3165828218781069,430.0000000000004,431.0,4.2253124895994316e-16,0.3165828218781077,429.99999999999926,431.0
2009-10-09,-5.001151236024778e-16,0.316235227389898,430.00000000000034,431.0,1.299284861788038e-16,0.31623522738989823,430.0,431.0
2009-10-13,5.360300492326302e-16,0.313559973768994,429.99999999999966,431.0,-1.9246548832089009e-16,0.31355997376899347,430.0000000000004,431.0
2009-10-14,2.2340619582769573e-15,0.3142042560786856,429.99999999999966,431.0,-7.188415408372668e-16,0.31420425607868363,430.00000000000233,431.0
2009-10-15,-1.5792441972712262e-15,0.31570371202902475,429.99999999999955,431.0,5.013562763197004e-16,0.3157037120290243,430.00000000000017,431.0
2009-10-16,-8.509715090227971e-16,0.31316868845836826,430.00000000000045,431.0,3.0326370758351946e-16,0.3131686884583685,430.00000000000017,431.0
2009-10-19,-5.106678269052563e-16,0.3192522576333162,429.99999999999983,431.0,1.8003520115904398e-16,0.3192522576333168,429.999999999999,431.0
2009-10-20,2.7608936205869988e-17,0.3235483569664299,429.99999999999983,431.0,2.871697797973399e-17,0.3235483569664309,429.99999999999847,431.0
2009-10-21,-1.8580123965487126e-15,0.3211043586291196,430.0,431.0,5.872590620686022e-16,0.3211043586291189,430.00000000000097,431.0
2009-10-22,1.2005779193291265e-15,0.31911543517301866,430.0000000000003,431.0,-4.126792515599933e-16,0.3191154351730178,430.00000000000136,431.0
2009-10-23,7.78802065691239e-16,0.32256411731137474,430.0000000000001,431.0,-2.1428712393913774e-16,0.3225641173113749,429.9999999999999,431.0
2009-10-26,-1.7984406346257032e-15,0.3294930196004996,429.9999999999996,431.0,5.986587419848724e-16,0.32949301960050037,429.9999999999985,431.0
2009-10-27,-2.2068658624433415e-15,0.33543910884782135,429.9999999999998,431.0,7.254667364120231e-16,0.3354391088478221,429.99999999999886,431.0
2009-10-28,2.813499499053759e-15,0.33728931202630263,430.0000000000002,431.0,-9.515315458376851e-16,0.33728931202630213,430.00000000000085,431.0
2009-10-29,9.356335605243272e-16,0.33683315980122996,429.99999999999983,431.0,-3.2988206738621645e-16,0.33683315980122935,430.00000000000057,431.0
2009-10-30,-1.370507255189907e-15,0.32668810399119524,430.0,431.0,4.494541725198952e-16,0.3266881039911952,430.00000000000006,431.0
2009-11-02,-2.6751299734654267e-15,0.3322319742256142,429.9999999999996,431.0,8.96440565660177e-16,0.3322319742256148,429.9999999999988,431.0
2009-11-04,-1.1447137052264399e-15,0.3338932288611236,430.0000000000003,431.0,3.739154456041467e-16,0.3338932288611227,430.0000000000014,431.0
2009-11-05,1.7511894170947009e-15,0.3323642544815434,429.9999999999998,431.0,-5.905108397395916e-16,0.332364254481544,429.999999999999,431.0
2009-11-06,3.984359402733766e-16,0.3371840942493138,430.0000000000003,431.0,-1.7007613075253993e-16,0.3371840942493122,430.0000000000023,431.0
2009-11-09,3.0010361201353313e-15,0.3378410309267203,430.00000000000034,431.0,-1.005315950027424e-15,0.33784103092672146,429.99999999999886,431.0
2009-11-10,-9.781400617563903e-16,0.34056647167830967,429.9999999999996,431.0,3.433119722735464e-16,0.3405664716783086,430.00000000000097,431.0
2009-11-11,-8.536552239174989e-16,0.33915120397094706,429.99999999999994,431.0,3.2781600876299535e-16,0.3391512039709475,429.9999999999994,431.0
2009-11-12,-6.019055488629334e-16,0.33667094516464136,430.00000000000017,431.0,2.078400950412824e-16,0.33667094516464124,430.0000000000003,431.0
2009-11-13,4.268690782122988e-16,0.33642229166610205,430.0000000000004,431.0,-1.4235186421587834e-16,0.33642229166610244,429.9999999999999,431.0
2009-11-16,1.0684124841606603e-16,0.3442402085521405,430.00000000000006,431.0,-1.2880218690277895e-17,0.34424020855214177,429.99999999999847,431.0
2009-11-17,1.9873667609605135e-15,0.3487743502219552,429.9999999999998,431.0,-7.3703658369088125e-16,0.3487743502219547,430.0000000000004,431.0
2009-11-18,-7.828281073512613e-16,0.33781323249868,429.99999999999983,431.0,2.7391984744078376e-16,0.3378132324986799,430.0,431.0
2009-11-19,-2.7022808456694373e-15,0.34272973311108856,429.99999999999994,431.0,9.450775990121556e-16,0.342729733111089,429.9999999999994,431.0
2009-11-20,1.1854711861657273e-15,0.34161735626216355,430.0000000000004,431.0,-4.037261136979825e-16,0.3416173562621625,430.0000000000017,431.0
2009-11-24,1.919415718270683e-15,0.34466589515898655,429.9999999999999,431.0,-6.756306267304542e-16,0.34466589515898566,430.000000000001,431.0
2009-11-25,3.215162513020381e-15,0.34410138984250005,430.0000000000002,431.0,-1.1100321331552184e-15,0.34410138984249894,430.00000000000165,431.0
2009-11-26,3.1224845812395085e-15,0.3447118778919507,430.0,431.0,-1.0841317122898293e-15,0.34471187789195123,429.9999999999993,431.0
2009-11-27,1.8912172153835936e-15,0.34282803774634896,430.0000000000003,431.0,-6.499535076266653e-16,0.34282803774634846,430.00000000000085,431.0
2009-11-30,5.822506906389283e-16,0.3458180769367093,429.99999999999943,431.0,-2.1994933529121998e-16,0.34581807693670824,430.00000000000074,431.0
2009-12-01,-1.2041671335402164e-15,0.35405497309569967,429.99999999999926,431.0,4.3124167795315407e-16,0.35405497309569783,430.00000000000153,431.0
2009-12-02,1.3052993298397447e-15,0.35703743464363474,430.00000000000006,431.0,-4.602532680751038e-16,0.3570374346436356,429.9999999999991,431.0
2009-12-03,-2.3607336317017794e-15,0.360689954738137,429.99999999999983,431.0,8.257796929677664e-16,0.3606899547381348,430.0000000000024,431.0
2009-12-04,1.009704664636104e-15,0.35975098237253306,429.9999999999996,431.0,-3.655969177746195e-16,0.35975098237253134,430.00000000000165,431.0
2009-12-07,-1.445764930563277e-16,0.36308865469683055,430.0000000000003,431.0,3.879655813305326e-17,0.36308865469683,430.0000000000009,431.0
2009-12-08,1.3836810085435273e-15,0.35641635306752323,430.00000000000034,431.0,-4.591549938835947e-16,0.3564163530675245,429.99999999999875,431.0
2009-12-09,1.7447884413269202e-15,0.3590316516905902,430.0000000000004,431.0,-6.245269801904045e-16,0.35903165169059215,429.99999999999807,431.0
2009-12-10,1.248808223895698e-15,0.3606885417429768,430.0,431.0,-4.640997311775542e-16,0.3606885417429779,429.99999999999875,431.0
2009-12-11,-1.518114412156161e-15,0.3612527506597845,430.0000000000001,431.0,5.549183005683497e-16,0.3612527506597847,429.9999999999999,431.0
2009-12-14,3.418738225302746e-16,0.36335738411585594,430.0,431.0,-1.1818564239222493e-16,0.36335738411585633,429.99999999999955,431.0
2009-12-15,4.8988623577474065e-17,0.3621553235930798,429.9999999999995,431.0,-4.566146942919072e-17,0.3621553235930801,429.9999999999991,431.0
2009-12-16,1.2505557496085466e-15,0.364783012609396,429.9999999999999,431.0,-4.499286626035046e-16,0.3647830126093967,429.9999999999991,431.0
2009-12-17,1.0215455113506397e-15,0.3626597258309777,430.0000000000002,431.0,-3.456412422784521e-16,0.3626597258309772,430.00000000000085,431.0
2009-12-18,-1.0828192222220104e-15,0.36256019085167607,429.9999999999999,431.0,4.157993246149614e-16,0.3625601908516753,430.00000000000085,431.0
2009-12-21,4.956565575261821e-16,0.365864847339029,430.00000000000017,431.0,-1.9578979900812698e-16,0.365864847339029,430.00000000000017,431.0
2009-12-22,1.144323882826212e-15,0.36587483652358765,430.0000000000002,431.0,-4.070218210294074e-16,0.36587483652358654,430.00000000000153,431.0
2009-12-24,2.2278704272501788e-15,0.36615097235839633,429.99999999999994,431.0,-8.241573565173551e-16,0.3661509723583968,429.99999999999943,431.0
2009-12-25,2.8480535156624554e-15,0.3674695690430554,429.99999999999994,431.0,-1.0428966552265116e-15,0.36746956904305667,429.99999999999847,431.0
2009-12-28,-1.691311044817732e-15,0.36774313656538565,429.99999999999983,431.0,6.085469286756921e-16,0.36774313656538654,429.99999999999875,431.0
2009-12-29,4.538168129186891e-16,0.36831535378967467,429.99999999999994,431.0,-1.3859304912927798e-16,0.3683153537896742,430.00000000000045,431.0
2009-12-30,-3.4643617625220656e-16,0.367903489343666,429.9999999999996,431.0,1.5312430232526203e-16,0.3679034893436665,429.99999999999903,431.0
2010-01-04,1.72147366277887e-15,0.370557105225122,429.9999999999998,431.0,-6.300709829069951e-16,0.37055710522512125,430.0000000000006,431.0
2010-01-05,2.3981981541820275e-15,0.3721335187136646,430.00000000000006,431.0,-9.222981706248356e-16,0.37213351871366424,430.0000000000005,431.0
2010-01-06,1.2357471286066466e-15,0.376649246287227,429.99999999999966,431.0,-4.550539169178554e-16,0.37664924628722835,429.9999999999981,431.0
2010-01-07,1.5106906364726138e-15,0.37620036012475994,429.99999999999983,431.0,-5.798767253764608e-16,0.3762003601247612,429.99999999999835,431.0
2010-01-08,1.3551299868258229e-15,0.38224465026814486,430.0000000000003,431.0,-5.247548127551626e-16,0.3822446502681447,430.00000000000045,431.0
2010-01-12,-3.7507645026328043e-16,0.3865165094309403,430.0,431.0,1.6146121793474397e-16,0.38651650943094107,429.99999999999915,431.0
2010-01-13,-1.0004315274044191e-15,0.3792233798271854,429.99999999999994,431.0,3.955421586073209e-16,0.37922337982718446,430.000000000001,431.0
2010-01-14,1.384084077777969e-15,0.38883670574701373,429.99999999999994,431.0,-5.214016177181402e-16,0.388836705747013,430.00000000000074,431.0
2010-01-15,1.5967973446663762e-16,0.3893156857894438,429.99999999999983,431.0,-6.435132459033268e-17,0.38931568578944303,430.0000000000007,431.0
2010-01-18,3.5269531247725674e-16,0.38862204955378266,430.0000000000002,431.0,-1.1016643751353651e-16,0.3886220495537824,430.00000000000057,431.0
2010-01-19,2.4443226088764745e-15,0.3865962426895959,430.00000000000017,431.0,-9.807329435781239e-16,0.38659624268959564,430.0000000000005,431.0
2010-01-20,2.6899801433924273e-15,0.3898304880061489,429.9999999999997,431.0,-1.074849864516955e-15,0.38983048800614967,429.99999999999886,431.0
2010-01-21,7.668977414262042e-16,0.38749262118413696,430.00000000000034,431.0,-2.695839611619178e-16,0.3874926211841377,429.99999999999955,431.0
2010-01-22,2.1373412789706512e-15,0.3878732055863064,429.99999999999983,431.0,-8.312058003813099e-16,0.38787320558630595,430.00000000000034,431.0
2010-01-25,6.928830267208788e-17,0.3924028349801014,430.0000000000003,431.0,-1.3295998353395676e-17,0.3924028349800994,430.0000000000025,431.0
2010-01-26,1.852205513590238e-15,0.3869108935974012,430.00000000000017,431.0,-7.157623673322566e-16,0.38691089359740116,430.0000000000002,431.0
2010-01-27,1.2731115672285228e-16,0.38621220218483177,429.99999999999983,431.0,-7.086694319698026e-17,0.3862122021848314,430.0000000000002,431.0
2010-01-28,-2.2789370523880106e-15,0.3888236946683002,429.9999999999998,431.0,8.906416818731418e-16,0.3888236946682985,430.0000000000016,431.0
2010-01-29,2.3626681973169635e-15,0.3856382614035611,429.99999999999983,431.0,-9.123413180053375e-16,0.3856382614035611,429.99999999999983,431.0
2010-02-01,8.46716783450141e-16,0.3884407275629917,430.00000000000017,431.0,-3.3567976518279244e-16,0.3884407275629924,429.9999999999994,431.0
2010-02-02,-2.2887227854963652e-15,0.3889015419813972,429.99999999999994,431.0,9.20477799998022e-16,0.38890154198139587,430.00000000000136,431.0
2010-02-03,1.845503536264381e-16,0.38946296935454333,430.0,431.0,-9.79340840100854e-17,0.38946296935454333,430.0,431.0
2010-02-04,1.3360877469241946e-15,0.3918540909998094,429.99999999999955,431.0,-5.682494731762991e-16,0.39185409099980917,429.9999999999998,431.0
2010-02-05,1.6368105679337585e-15,0.4010813831130882,430.00000000000006,431.0,-6.499015364512089e-16,0.4010813831130874,430.0000000000009,431.0
2010-02-08,-2.2315760120020834e-15,0.40082815562267043,430.0000000000003,431.0,8.96478409324442e-16,0.40082815562267055,430.00000000000017,431.0
2010-02-09,1.1353361114404379e-15,0.3962616076203935,429.9999999999998,431.0,-4.561872990984965e-16,0.3962616076203922,430.0000000000012,431.0
2010-02-10,1.9947903360162176e-16,0.3957844552388355,429.99999999999983,431.0,-6.874034030941009e-17,0.39578445523883565,429.99999999999966,431.0
2010-02-12,2.4509658001068536e-15,0.3920757062074216,430.0000000000003,431.0,-9.361672853501121e-16,0.3920757062074211,430.00000000000085,431.0
2010-02-15,1.537248988450527e-15,0.39161093057391533,429.99999999999994,431.0,-6.004768894007527e-16,0.39161093057391316,430.00000000000233,431.0
2010-02-16,3.5701648676745176e-16,0.3877573307770786,430.0000000000002,431.0,-1.6212755617646666e-16,0.38775733077707936,429.9999999999994,431.0
2010-02-17,8.208498094375755e-16,0.38866530409820355,429.9999999999999,431.0,-3.0700842629845156e-16,0.38866530409820454,429.99999999999875,431.0
2010-02-18,2.7918444843984087e-16,0.39417420217328714,429.99999999999994,431.0,-1.3533974710612958e-16,0.394174202173287,430.00000000000006,431.0
2010-02-19,-1.8475397864227904e-15,0.39285565167900455,430.0000000000005,431.0,6.910714949242831e-16,0.3928556516790042,430.0000000000009,431.0
2010-02-22,-8.126673994247373e-16,0.39392567685341523,429.9999999999997,431.0,2.822103003301915e-16,0.3939256768534131,430.000000000002,431.0
2010-02-23,1.3559675996928699e-15,0.3950052116718762,429.9999999999998,431.0,-5.136024739579707e-16,0.3950052116718766,429.9999999999994,431.0
2010-02-24,9.200108442088271e-16,0.3923253175795942,430.00000000000017,431.0,-3.5876410710649097e-16,0.39232531757959466,429.99999999999966,431.0
2010-02-25,1.0780637977708208e-16,0.3918698035806658,430.00000000000006,431.0,-2.3058899729588176e-17,0.39186980358066636,429.99999999999943,431.0
2010-02-26,2.7568387310888078e-15,0.38940682113596814,429.99999999999983,431.0,-1.1079505407246513e-15,0.3894068211359682,429.9999999999998,431.0
2010-03-01,-1.2434420056369144e-15,0.38451940717266886,430.00000000000006,431.0,4.856456629287547e-16,0.38451940717266975,429.99999999999903,431.0
2010-03-02,-1.9228662997607053e-15,0.3834742651027111,429.9999999999999,431.0,7.604395796364491e-16,0.38347426510271093,430.0000000000001,431.0
2010-03-03,-1.766072891034268e-15,0.3745481723650204,430.0,431.0,6.851751295335921e-16,0.37454817236502,430.0000000000004,431.0
2010-03-04,2.7058763716484155e-15,0.377932341893476,430.00000000000006,431.0,-1.0407437692833955e-15,0.37793234189347685,429.9999999999991,431.0
2010-03-05,1.2218396165355454e-16,0.3802268487746213,430.00000000000085,431.0,-6.171697034610809e-17,0.3802268487746229,429.99999999999903,431.0
2010-03-08,-5.375526990743922e-16,0.3777656425110386,429.9999999999998,431.0,1.7491284181838143e-16,0.3777656425110386,429.9999999999998,431.0
2010-03-09,1.690309799180348e-15,0.3768092665677492,430.00000000000045,431.0,-6.354325239187705e-16,0.3768092665677499,429.99999999999966,431.0
2010-03-10,-9.844908953089909e-16,0.3771496251284332,429.9999999999999,431.0,3.92622234266351e-16,0.37714962512843353,429.9999999999995,431.0
2010-03-11,1.2504277798712803e-15,0.36759670793224974,430.00000000000017,431.0,-4.810404550911733e-16,0.3675967079322506,429.9999999999992,431.0
2010-03-12,7.525393412282493e-17,0.3767109317336745,429.99999999999994,431.0,-7.918751925678495e-17,0.37671093173367465,429.9999999999997,431.0
2010-03-15,3.6218957380938915e-16,0.37036020464565345,429.9999999999997,431.0,-9.846799320965414e-17,0.3703602046456528,430.0000000000005,431.0
2010-03-16,6.639794264535912e-16,0.3709154316044241,430.00000000000034,431.0,-2.4905713107188524e-16,0.370915431604424,430.00000000000045,431.0
2010-03-17,5.138839439997829e-16,0.36667127030268015,429.99999999999994,431.0,-2.0481401054544189e-16,0.3666712703026805,429.99999999999955,431.0
2010-03-18,-1.5005151552165524e-15,0.36393457838525495,431.00000000000074,432.0,5.030028409425742e-16,0.3639345783852564,430.99999999999903,432.0
2010-03-19,-1.2425590642033816e-15,0.3596496581947737,431.0000000000004,432.0,3.9956193482309156e-16,0.3596496581947736,431.00000000000045,432.0
2010-03-23,1.5710184054315264e-15,0.35954967547296185,431.0000000000002,432.0,-5.819777658993045e-16,0.35954967547296146,431.00000000000074,432.0
2010-03-24,-1.6604399383614928e-16,0.3586326123684092,430.99999999999983,432.0,3.9002120411427317e-17,0.35863261236841043,430.99999999999835,432.0
2010-03-25,2.510256891518662e-15,0.3596358009683961,431.0000000000003,432.0,-8.745848990758858e-16,0.3596358009683957,431.00000000000074,432.0
2010-03-26,-3.940927920256881e-16,0.35774221738030876,431.0000000000002,432.0,1.7885751681183565e-16,0.3577422173803073,431.000000000002,432.0
2010-03-29,-7.666574531469254e-16,0.3598808678186952,429.99999999999994,431.0,3.2652537861879645e-16,0.3598808678186957,429.9999999999994,431.0
2010-03-30,-2.3098416639767296e-15,0.3592891815452338,429.9999999999994,431.0,8.605235423484498e-16,0.3592891815452325,430.00000000000097,431.0
2010-03-31,2.06934618639702e-15,0.355451572474789,429.9999999999995,431.0,-7.516431901683827e-16,0.3554515724747888,429.9999999999997,431.0
2010-04-01,1.2245918699536253e-15,0.3529795185789366,433.0000000000003,434.0,-3.9614568358797026e-16,0.35297951857893745,432.99999999999926,434.0
2010-04-02,1.0902020862714764e-15,0.3567531751673835,433.00000000000045,434.0,-3.562263637351279e-16,0.35675317516738425,432.99999999999955,434.0
2010-04-05,-1.054030474556214e-15,0.35771189414513327,432.99999999999966,434.0,3.1987533414142946e-16,0.35771189414513294,433.00000000000006,434.0
2010-04-06,9.505657879555492e-16,0.36153560612537605,432.99999999999966,434.0,-4.044829722966187e-16,0.3615356061253741,433.000000000002,434.0
2010-04-07,4.1919230794198125e-16,0.36121661008101047,432.9999999999998,434.0,-1.3951900042707197e-16,0.36121661008101086,432.9999999999993,434.0
2010-04-08,-3.147341324553053e-15,0.35828986419118775,432.99999999999994,434.0,1.1434358203081733e-15,0.3582898641911864,433.00000000000153,434.0
2010-04-09,-2.2009797867037993e-15,0.36257039751236353,433.0000000000003,434.0,7.611832117117509e-16,0.36257039751236425,432.9999999999994,434.0
2010-04-12,4.863403512675896e-16,0.3599279553949134,433.00000000000034,434.0,-1.5968313258735066e-16,0.3599279553949135,433.0000000000002,434.0
2010-04-13,-2.022260980736247e-15,0.352676478507341,433.00000000000034,434.0,7.336993059412637e-16,0.3526764785073428,432.9999999999982,434.0
2010-04-14,4.644027689109094e-16,0.3574442714807654,432.9999999999996,434.0,-1.9059792815959536e-16,0.35744427148076546,432.99999999999955,434.0
2010-04-15,1.164368828621137e-15,0.35503056968122054,433.0000000000003,434.0,-4.056175569577643e-16,0.3550305696812202,433.0000000000007,434.0
2010-04-16,-8.237147081391715e-16,0.35831946963613814,432.99999999999966,434.0,2.416408513675418e-16,0.3583194696361381,432.9999999999998,434.0
2010-04-19,8.531491298429378e-16,0.35799306376042933,432.9999999999999,434.0,-2.5250827492960945e-16,0.3579930637604297,432.99999999999943,434.0
2010-04-20,-2.0337031451125224e-15,0.35776446791821315,432.99999999999955,434.0,7.207273510967698e-16,0.35776446791821365,432.999999999999,434.0
2010-04-21,2.6063681765816627e-15,0.35430855796059063,433.00000000000045,434.0,-9.282680688112193e-16,0.3543085579605916,432.9999999999993,434.0
2010-04-22,-5.623113365287494e-16,0.35802237671854936,433.00000000000034,434.0,2.0639378711319909e-16,0.3580223767185494,433.0000000000003,434.0
2010-04-23,-1.4895989456713324e-15,0.35733557707123365,432.9999999999995,434.0,5.023291493430358e-16,0.357335577071234,432.9999999999991,434.0
2010-04-26,-2.564828455215543e-16,0.3577023586809404,432.99999999999994,434.0,1.1957379776966371e-16,0.35770235868093936,433.0000000000012,434.0
2010-04-27,7.40192300793843e-16,0.35800145934701183,433.00000000000017,434.0,-3.1701065243550015e-16,0.3580014593470124,432.9999999999995,434.0
2010-04-28,-4.527045748085194e-16,0.35633031894499995,433.0000000000002,434.0,1.711389298144478e-16,0.3563303189449997,433.0000000000005,434.0
2010-04-30,-3.108647967803581e-16,0.3530452281637497,432.99999999999994,434.0,1.1685901982620703e-16,0.3530452281637497,432.9999999999999,434.0
2010-05-06,-2.4385179580136325e-15,0.35142243645906995,433.0000000000001,434.0,8.48317468099284e-16,0.3514224364590692,433.0000000000011,434.0
2010-05-07,4.953521518915668e-16,0.35095123953874735,433.0000000000001,434.0,-1.958262680539696e-16,0.3509512395387489,432.99999999999824,434.0
2010-05-10,-1.2092237531912385e-15,0.35298957831140715,433.00000000000006,434.0,4.553953746752182e-16,0.35298957831140754,432.99999999999955,434.0
2010-05-11,1.551066937407404e-15,0.35571891834580316,432.9999999999997,434.0,-5.24930768443195e-16,0.3557189183458039,432.9999999999988,434.0
2010-05-12,2.016473810911742e-15,0.3523259745806524,432.9999999999997,434.0,-7.318535369338942e-16,0.35232597458065107,433.0000000000013,434.0
2010-05-13,-1.1241514325857177e-15,0.35249530273939184,433.0000000000001,434.0,3.781119616119111e-16,0.35249530273939084,433.0000000000013,434.0
2010-05-14,2.5445759095219014e-15,0.3448729966285713,433.0000000000002,434.0,-8.527630397361625e-16,0.34487299662857146,433.0,434.0
2010-05-17,1.6292330300541785e-15,0.3424385669418602,432.99999999999994,434.0,-5.176043888011375e-16,0.34243856694185976,433.0000000000005,434.0
2010-05-18,-2.15737543519628e-15,0.34236129751086997,433.0,434.0,7.227374545479154e-16,0.34236129751087024,432.99999999999966,434.0
2010-05-19,-6.344739879960699e-16,0.3450625433086015,433.0000000000003,434.0,2.154965789514477e-16,0.3450625433086017,433.0,434.0
2010-05-20,2.7571493456545072e-15,0.3475856981226528,433.0,434.0,-9.616068120669243e-16,0.34758569812265183,433.0000000000012,434.0
2010-05-21,2.1377614658875166e-15,0.3509110528735377,433.0,434.0,-7.74950543521649e-16,0.35091105287353774,432.9999999999999,434.0
2010-05-24,-2.9251716106727156e-15,0.3510334726224798,433.00000000000034,434.0,1.0398419384252613e-15,0.3510334726224784,433.00000000000205,434.0
2010-05-25,2.785471745388215e-16,0.3474184497853223,433.0,434.0,-9.345463063556661e-17,0.34741844978532205,433.00000000000034,434.0
2010-05-26,2.819815845720426e-16,0.350766016583834,432.9999999999996,434.0,-1.285221068107183e-16,0.3507660165838332,433.0000000000006,434.0
2010-05-27,-1.4525273676245148e-15,0.36084792899973833,432.9999999999999,434.0,5.189683164153213e-16,0.3608479289997392,432.9999999999988,434.0
2010-05-28,-1.5079405262607503e-16,0.35617661947726365,432.9999999999998,434.0,5.588706635560056e-17,0.3561766194772634,433.00000000000006,434.0
2010-05-31,1.418962207895637e-15,0.35687441299153194,433.00000000000017,434.0,-4.856865612436783e-16,0.3568744129915323,432.9999999999998,434.0
2010-06-01,-1.2654404795639872e-16,0.35477720181473854,433.0,434.0,4.847275977619163e-17,0.3547772018147381,433.0000000000005,434.0
2010-06-02,5.654689677063029e-17,0.361347578219725,433.0000000000001,434.0,-5.985523643047128e-17,0.36134757821972524,432.99999999999983,434.0
2010-06-03,6.245297264258066e-16,0.3636760448857661,432.9999999999997,434.0,-2.316215558449781e-16,0.36367604488576616,432.99999999999966,434.0
2010-06-04,3.2536498054419034e-16,0.35406312171367366,433.0000000000001,434.0,-1.2303074631736802e-16,0.3540631217136729,433.0000000000011,434.0
2010-06-07,-1.3201687520348136e-15,0.35979770641269815,432.9999999999999,434.0,4.816188891696109e-16,0.3597977064126997,432.99999999999807,434.0
2010-06-08,-1.4742414968076949e-15,0.35668736993036454,433.0000000000002,434.0,5.727849736152865e-16,0.356687369930364,433.0000000000009,434.0
2010-06-09,-2.675149687224825e-16,0.35066652401741266,433.0000000000004,434.0,1.272374913088733e-16,0.35066652401741355,432.9999999999993,434.0
2010-06-10,6.425128132431591e-16,0.3551240123067032,432.99999999999966,434.0,-2.418083118898504e-16,0.3551240123067012,433.0000000000021,434.0
2010-06-11,2.0144532074755434e-15,0.35428429584412485,432.9999999999999,434.0,-7.501527153199937e-16,0.3542842958441251,432.9999999999996,434.0
2010-06-14,-1.6222769084537582e-15,0.361255152156742,434.00000000000034,435.0,5.797867744541587e-16,0.36125515215674225,434.0,435.0
2010-06-15,1.660540347701636e-15,0.3485620914650779,434.00000000000045,435.0,-5.782969324770029e-16,0.34856209146507616,434.0000000000026,435.0
2010-06-16,2.7176951717083012e-15,0.3439214282374133,433.9999999999998,435.0,-9.531827607879045e-16,0.34392142823741406,433.9999999999988,435.0
2010-06-17,-1.0193701268903563e-15,0.34378264316831875,434.0000000000001,435.0,3.7075339347161443e-16,0.3437826431683183,434.0000000000007,435.0
2010-06-18,2.300080943111823e-15,0.34409638458701514,433.9999999999997,435.0,-7.587676176072272e-16,0.34409638458701564,433.9999999999991,435.0
2010-06-21,-7.161192826941268e-16,0.34419125925073346,434.0000000000003,435.0,2.8135512848967545e-16,0.34419125925073424,433.9999999999993,435.0
2010-06-22,-8.969882848450083e-16,0.3472890901115796,434.0000000000002,435.0,3.4933259233607823e-16,0.3472890901115811,433.9999999999983,435.0
2010-06-23,-1.7264074802819005e-16,0.3399436817370185,433.9999999999998,435.0,6.196121069261295e-17,0.33994368173701944,433.9999999999985,435.0
2010-06-24,-6.276391309358686e-16,0.3332603604892179,433.99999999999955,435.0,1.9022293741114742e-16,0.33326036048921726,434.0000000000004,435.0
2010-06-25,1.0590344636763322e-15,0.3348424649474803,434.0,435.0,-3.0753186960303065e-16,0.3348424649474809,433.99999999999926,435.0
2010-06-28,1.9367624125634054e-15,0.33090551041614646,434.00000000000006,435.0,-6.886135423867859e-16,0.33090551041614624,434.00000000000034,435.0
2010-06-29,1.6831023709040948e-15,0.3327053619513271,434.00000000000006,435.0,-6.081520424850051e-16,0.3327053619513282,433.9999999999986,435.0
2010-06-30,-1.196931479943699e-15,0.3365325897189055,434.00000000000045,435.0,4.1944086289493376e-16,0.33653258971890615,433.9999999999996,435.0
2010-07-01,-5.744845656273412e-16,0.3326026954396536,433.99999999999966,435.0,1.425560713691613e-16,0.33260269543965304,434.00000000000034,435.0
2010-07-02,4.332594248176487e-16,0.33364572325120734,434.00000000000006,435.0,-1.9354661504264353e-16,0.3336457232512071,434.00000000000034,435.0
2010-07-05,-1.1475300405979117e-15,0.33632400042608634,433.9999999999997,435.0,3.927891130898122e-16,0.3363240004260868,433.99999999999915,435.0
2010-07-06,-5.022530889015573e-16,0.33905643534491575,433.9999999999998,435.0,1.5623090302959872e-16,0.33905643534491486,434.00000000000085,435.0
2010-07-07,-2.6421556590698794e-16,0.3394527666920322,434.0,435.0,7.055090707307877e-17,0.33945276669203217,434.0000000000001,435.0
2010-07-08,-1.6826817152468084e-15,0.335081732291917,434.0000000000005,435.0,5.597576939370359e-16,0.3350817322919176,433.99999999999966,435.0
2010-07-09,1.8505589405072924e-15,0.33470892745752356,434.0000000000003,435.0,-6.029678537446477e-16,0.3347089274575232,434.00000000000074,435.0
2010-07-12,-3.1411965188563794e-17,0.33872199054802926,433.9999999999997,435.0,3.353319342110138e-18,0.33872199054802904,434.0,435.0
2010-07-13,-2.1141096189031524e-15,0.340658648052412,433.99999999999966,435.0,7.287063286676087e-16,0.34065864805241153,434.00000000000034,435.0
2010-07-14,-1.9916919019522705e-15,0.34280225214086485,434.0000000000001,435.0,6.957072799497834e-16,0.3428022521408638,434.0000000000014,435.0
2010-07-15,1.0544694381535798e-15,0.34100821875849624,433.99999999999966,435.0,-3.830957681440355e-16,0.34100821875849663,433.99999999999915,435.0
2010-07-16,-1.1438387287336093e-15,0.34216956889049166,434.0000000000002,435.0,3.691342731673647e-16,0.3421695688904913,434.0000000000007,435.0
2010-07-20,3.6152930835414936e-16,0.3455376288908935,434.0000000000002,435.0,-1.5290347105484503e-16,0.3455376288908935,434.0000000000002,435.0
2010-07-21,-4.4251854825682157e-16,0.34420538781218574,434.0000000000002,435.0,1.4568019749517742e-16,0.3442053878121852,434.0000000000009,435.0
2010-07-22,5.495572100634012e-16,0.34423268007129,434.0000000000004,435.0,-1.9063792558183645e-16,0.3442326800712912,433.9999999999989,435.0
2010-07-23,-1.0077706508977865e-15,0.34106234024837906,434.00000000000017,435.0,2.997896429434595e-16,0.3410623402483779,434.00000000000165,435.0
2010-07-26,-1.0850054136571275e-15,0.32961076713099746,433.9999999999997,435.0,3.5086148003440107e-16,0.3296107671309981,433.9999999999989,435.0
2010-07-27,1.2934334789923155e-15,0.3379024612791303,433.99999999999994,435.0,-4.540105612022858e-16,0.3379024612791292,434.00000000000136,435.0
2010-07-28,-1.0713968731183425e-15,0.3370564258575412,434.0000000000003,435.0,3.28148400053556e-16,0.3370564258575406,434.0000000000011,435.0
2010-07-29,6.84521856968618e-17,0.3383371982458565,434.0,435.0,-2.8640607521353174e-17,0.33833719824585684,433.9999999999996,435.0
2010-07-30,-1.9157649880117815e-15,0.33564716730560956,434.00000000000006,435.0,6.074086157836168e-16,0.33564716730561067,433.99999999999864,435.0
2010-08-02,-1.7181115956655741e-15,0.32793712444171935,434.00000000000006,435.0,5.6536867406557e-16,0.3279371244417191,434.0000000000004,435.0
2010-08-03,-2.4890463821388843e-15,0.33760316957896064,433.99999999999994,435.0,8.31208040866294e-16,0.33760316957896147,433.99999999999886,435.0
2010-08-04,-2.0373698125152754e-15,0.3336850587219381,433.99999999999983,435.0,6.904997296388106e-16,0.3336850587219373,434.00000000000085,435.0
2010-08-05,-1.3729416250510925e-16,0.33245683448816615,433.99999999999983,435.0,4.047980423741418e-17,0.3324568344881663,433.9999999999996,435.0
2010-08-06,1.857061687806069e-15,0.3362724471270022,434.00000000000006,435.0,-6.279873078921716e-16,0.3362724471270016,434.0000000000008,435.0
2010-08-09,-6.400214673112918e-16,0.3293846777710904,433.99999999999983,435.0,2.095618312001518e-16,0.32938467777109054,433.9999999999996,435.0
2010-08-10,8.158644027992809e-16,0.33362826169724275,433.9999999999999,435.0,-2.702674924983941e-16,0.3336282616972432,433.99999999999926,435.0
2010-08-11,7.506272783150223e-16,0.3380238570936287,433.9999999999994,435.0,-2.444048788924723e-16,0.33802385709362853,433.9999999999996,435.0
2010-08-12,-1.4916120729620609e-15,0.33687888665184573,433.9999999999998,435.0,4.7585061537599065e-16,0.3368788866518456,433.9999999999999,435.0
2010-08-13,1.807916233431601e-16,0.3471528868147462,434.0000000000001,435.0,-7.140425066961134e-17,0.34715288681474543,434.0000000000011,435.0
2010-08-16,-2.742267340624429e-15,0.3449266850006463,434.0000000000004,435.0,9.358187610799913e-16,0.3449266850006475,433.9999999999989,435.0
2010-08-17,1.7572403121998683e-15,0.3460657382649136,433.99999999999966,435.0,-6.010439479644603e-16,0.3460657382649145,433.9999999999986,435.0
2010-08-18,1.1229173110263469e-15,0.3439975005538381,433.99999999999994,435.0,-3.9657550358000067e-16,0.3439975005538384,433.9999999999996,435.0
2010-08-19,1.3231718926200313e-15,0.34171484732742785,433.9999999999998,435.0,-4.48428027183411e-16,0.34171484732742885,433.99999999999847,435.0
2010-08-20,2.154505409248587e-15,0.34274498565668776,434.0000000000007,435.0,-7.237489173995862e-16,0.3427449856566873,434.00000000000125,435.0
2010-08-23,1.6299064103856506e-15,0.3408563464738576,434.0000000000003,435.0,-5.537029832392485e-16,0.3408563464738588,433.99999999999875,435.0
2010-08-24,-8.33541822838027e-16,0.3407194099684789,434.0000000000002,435.0,2.766720458015122e-16,0.3407194099684788,434.0000000000003,435.0
2010-08-25,1.7019577061357837e-17,0.3305352255068856,434.00000000000045,435.0,-1.0911215304177546e-17,0.3305352255068869,433.9999999999987,435.0
2010-08-26,9.256648817210009e-16,0.33768942581285893,433.9999999999997,435.0,-3.1484843708759053e-16,0.337689425812859,433.9999999999996,435.0
2010-08-27,-1.7330063669555097e-16,0.3382380250943859,433.99999999999983,435.0,5.929493958771217e-17,0.33823802509438594,433.9999999999998,435.0
2010-08-30,-2.4290233342268323e-15,0.3386613697148175,434.00000000000034,435.0,8.254407655726719e-16,0.33866136971481836,433.99999999999915,435.0
2010-08-31,2.5222194111621918e-17,0.3377875076011483,434.0000000000004,435.0,4.650731996005701e-18,0.337787507601149,433.9999999999995,435.0
2010-09-01,3.0150399486175463e-16,0.34117649750703866,434.00000000000006,435.0,-1.0044178759363628e-16,0.3411764975070383,434.0000000000005,435.0
2010-09-02,1.6144460701776502e-15,0.3363085392211382,433.9999999999998,435.0,-5.578349728451388e-16,0.336308539221139,433.9999999999987,435.0
2010-09-03,1.5390622388032353e-15,0.33986373197672876,434.0000000000003,435.0,-5.17258541850124e-16,0.33986373197672953,433.99999999999926,435.0
2010-09-06,-1.7188901090262796e-16,0.33531287291628625,434.00000000000006,435.0,7.485270172522936e-17,0.3353128729162863,433.99999999999994,435.0
2010-09-07,-2.3791059234454148e-15,0.32612027072214383,434.0000000000001,435.0,8.001081162099018e-16,0.3261202707221439,434.00000000000006,435.0
2010-09-08,-1.4451350560390903e-15,0.3281702853799244,434.00000000000006,435.0,4.49427030991684e-16,0.32817028537992404,434.00000000000045,435.0
2010-09-09,-3.0761734330444115e-16,0.3303175393686388,434.00000000000017,435.0,1.5549958941646271e-16,0.33031753936863756,434.00000000000176,435.0
2010-09-10,-1.8230199740155542e-15,0.33326247095983225,433.99999999999955,435.0,6.10833865662537e-16,0.333262470959832,433.9999999999999,435.0
2010-09-13,8.473766760802145e-16,0.3315622990070261,434.00000000000017,435.0,-3.2798152832750713e-16,0.33156229900702605,434.0000000000002,435.0
2010-09-14,-5.937056905883315e-17,0.32641649852580307,434.0000000000003,435.0,2.0861729434667622e-17,0.32641649852580346,433.9999999999997,435.0
2010-09-15,-1.7629585896299483e-15,0.3282435032875342,433.9999999999997,435.0,5.561349370331522e-16,0.32824350328753465,433.9999999999991,435.0
2010-09-16,1.7183080348687535e-15,0.3280809432527746,434.0000000000003,435.0,-5.106778710272196e-16,0.32808094325277626,433.9999999999981,435.0
2010-09-17,-1.3236189658045255e-15,0.33011163853891995,434.0000000000005,435.0,4.642313475499628e-16,0.33011163853892017,434.0000000000002,435.0
2010-09-21,1.012138784122288e-15,0.3337210351134708,433.9999999999997,435.0,-3.531943681207451e-16,0.33372103511347007,434.0000000000007,435.0
2010-09-22,1.4721083984641064e-15,0.3323181718552929,433.99999999999955,435.0,-4.710453347469117e-16,0.33231817185529344,433.9999999999988,435.0
2010-09-24,-1.5874151777598764e-15,0.3310474379021771,434.0,435.0,5.551662578445176e-16,0.3310474379021777,433.9999999999992,435.0
2010-09-27,1.540119327001091e-16,0.32695014904649217,433.99999999999966,435.0,-2.2773340260034736e-17,0.32695014904649194,433.99999999999994,435.0
2010-09-28,-4.621934621916413e-16,0.3258144429195161,434.0000000000001,435.0,1.3233887335745231e-16,0.3258144429195158,434.00000000000057,435.0
2010-09-29,3.136287607019615e-16,0.3224364957574483,434.0000000000001,435.0,-1.0101101393021692e-16,0.322436495757448,434.0000000000006,435.0
2010-09-30,-6.23574514969087e-16,0.32184866718705607,434.0000000000004,435.0,1.9909512496009144e-16,0.3218486671870573,433.99999999999875,435.0
2010-10-01,1.2933998087375282e-16,0.32069371044213607,434.9999999999996,436.0,-3.3596987505875984e-17,0.32069371044213546,435.0000000000004,436.0
2010-10-04,-3.0401074122184033e-16,0.3197924637615916,434.99999999999994,436.0,8.356166384291786e-17,0.31979246376159054,435.00000000000136,436.0
2010-10-05,1.9960332726719756e-15,0.321479422777331,435.0,436.0,-6.570953383476466e-16,0.3214794227773307,435.0000000000004,436.0
2010-10-06,-9.541957404403244e-16,0.3087546432376701,434.99999999999994,436.0,3.007745966318744e-16,0.308754643237671,434.99999999999875,436.0
2010-10-07,-6.908536158224612e-16,0.31458185231288055,434.99999999999994,436.0,2.224923844445744e-16,0.31458185231288116,434.99999999999915,436.0
2010-10-08,-1.834665626343225e-15,0.3140993510929696,435.00000000000045,436.0,6.102356654647427e-16,0.31409935109296866,435.00000000000176,436.0
2010-10-12,2.0971973656260735e-15,0.30790764485850297,434.9999999999999,436.0,-6.300116961242905e-16,0.30790764485850125,435.0000000000024,436.0
2010-10-13,4.3793289800294036e-16,0.30081533195156585,434.99999999999955,436.0,-1.45459000344572e-16,0.3008153319515649,435.0000000000009,436.0
2010-10-14,1.5294936145707075e-16,0.3048837890258231,434.99999999999994,436.0,-8.462612004090124e-17,0.3048837890258237,434.9999999999991,436.0
2010-10-15,-6.176544172387623e-16,0.29982321331034717,434.9999999999997,436.0,1.659520594890791e-16,0.2998232133103473,434.9999999999995,436.0
2010-10-18,1.0318421252090937e-15,0.296663517163698,434.99999999999943,436.0,-3.191727268602625e-16,0.29666351716369754,435.0000000000001,436.0
2010-10-19,-1.6862226616317563e-15,0.3048542405862956,435.00000000000017,436.0,5.428660375510056e-16,0.30485424058629634,434.99999999999915,436.0
2010-10-20,1.9003960677604405e-16,0.30783231645165005,435.00000000000034,436.0,-6.54732173739272e-17,0.30783231645165043,434.99999999999983,436.0
2010-10-21,-4.905603895279722e-16,0.3059841810567327,434.9999999999998,436.0,1.6066270288448239e-16,0.30598418105673275,434.9999999999997,436.0
2010-10-22,1.8870066949791076e-16,0.3019587390293554,434.9999999999998,436.0,-7.809694794462975e-17,0.3019587390293552,435.0,436.0
2010-10-25,4.935737035551693e-16,0.30622141994566776,435.00000000000017,436.0,-1.412201398185847e-16,0.30622141994566815,434.99999999999966,436.0
2010-10-26,1.957902026746485e-15,0.30130923574298424,435.00000000000045,436.0,-5.595469114654421e-16,0.3013092357429839,435.00000000000097,436.0
2010-10-27,-1.0246751828662612e-15,0.2952153372097567,435.0000000000001,436.0,2.8954096256058683e-16,0.2952153372097563,435.0000000000007,436.0
2010-10-28,-5.420886653597576e-16,0.29851442011764706,434.9999999999995,436.0,1.3723487297224041e-16,0.29851442011764723,434.9999999999992,436.0
2010-10-29,-2.3496073224282887e-16,0.29842520213027307,434.9999999999999,436.0,9.244443404061294e-17,0.29842520213027396,434.9999999999986,436.0
2010-11-01,-6.417720984303939e-16,0.29091885833560066,435.0000000000001,436.0,2.0779800731519953e-16,0.29091885833560227,434.9999999999977,436.0
2010-11-02,2.4309810555433245e-15,0.29154435597787265,435.00000000000017,436.0,-7.321547568063259e-16,0.2915443559778724,435.0000000000005,436.0
2010-11-04,-9.982848573622474e-16,0.29765100724100907,434.9999999999996,436.0,2.6470754504986233e-16,0.2976510072410103,434.9999999999978,436.0
2010-11-05,1.7710091961927574e-15,0.2996620517246312,435.0000000000005,436.0,-5.484927859899922e-16,0.29966205172463106,435.00000000000074,436.0
2010-11-08,2.465839558680104e-15,0.3022738672577911,435.00000000000045,436.0,-7.600509900638425e-16,0.30227386725779226,434.99999999999875,436.0
2010-11-09,1.2174369879133348e-15,0.29774680535713227,434.99999999999983,436.0,-3.3991976760562325e-16,0.29774680535713266,434.99999999999926,436.0
2010-11-10,2.1172156869266907e-15,0.3012361003281138,435.00000000000006,436.0,-6.424703123168895e-16,0.3012361003281146,434.9999999999989,436.0
2010-11-11,-1.9586414641749875e-16,0.2976619501086693,434.9999999999997,436.0,6.468341255906253e-17,0.2976619501086678,435.0000000000019,436.0
2010-11-12,-7.59044841342708e-17,0.2972084572886177,434.9999999999994,436.0,-1.1740024754410029e-17,0.29720845728861583,435.0000000000021,436.0
2010-11-15,7.411920703909676e-16,0.2911654235310247,435.0000000000007,436.0,-2.5764211436147714e-16,0.2911654235310245,435.000000000001,436.0
2010-11-16,3.3303052125938016e-16,0.2862175590030773,435.0000000000003,436.0,-6.21226766042196e-17,0.2862175590030778,434.9999999999995,436.0
2010-11-17,5.01622968612912e-16,0.2814548920766019,434.9999999999999,436.0,-1.2072702222395566e-16,0.281454892076602,434.9999999999998,436.0
2010-11-18,5.47466088966677e-16,0.28305956402184623,435.00000000000034,436.0,-1.76046752039703e-16,0.2830595640218457,435.0000000000012,436.0
2010-11-19,2.1371420590107545e-15,0.2857962004230397,435.0000000000002,436.0,-6.00848897790851e-16,0.2857962004230402,434.99999999999943,436.0
2010-11-22,-1.139227372800371e-15,0.28414862473249686,435.00000000000017,436.0,3.3804721155874497e-16,0.28414862473249647,435.0000000000008,436.0
2010-11-24,9.291365746510318e-16,0.28790936031861203,435.0000000000002,436.0,-2.6657299333348777e-16,0.2879093603186124,434.9999999999996,436.0
2010-11-25,7.510766873761893e-16,0.28737791515277517,434.99999999999983,436.0,-2.374516602689872e-16,0.2873779151527743,435.0000000000012,436.0
2010-11-26,2.215975840542253e-15,0.283956522262677,435.00000000000006,436.0,-6.460964602992879e-16,0.28395652226267715,434.99999999999983,436.0
2010-11-29,2.026319362189504e-15,0.28181006513437656,434.99999999999994,436.0,-5.370469120324369e-16,0.28181006513437634,435.0000000000003,436.0
2010-11-30,1.399810898351212e-15,0.2804613049228998,434.9999999999998,436.0,-4.036780584109362e-16,0.28046130492290006,434.9999999999994,436.0
2010-12-01,-1.2490975904047331e-15,0.28093771801217315,435.00000000000006,436.0,3.708545882405417e-16,0.2809377180121732,435.0,436.0
2010-12-02,1.5541510311943694e-15,0.2804003504497198,434.9999999999999,436.0,-4.574279614258599e-16,0.28040035044972034,434.99999999999903,436.0
2010-12-03,7.55239542489973e-16,0.2813978215514481,434.99999999999994,436.0,-1.891338965476107e-16,0.28139782155144827,434.9999999999997,436.0
2010-12-06,-1.6125403501276642e-15,0.282436775682566,434.9999999999996,436.0,4.535075103292939e-16,0.2824367756825654,435.0000000000005,436.0
2010-12-07,-7.30208399055284e-16,0.280850764125324,434.9999999999999,436.0,2.0226494887839708e-16,0.2808507641253247,434.99999999999875,436.0
2010-12-08,4.104247462182163e-16,0.2811093454144183,435.00000000000006,436.0,-1.185401999358717e-16,0.28110934541441857,434.99999999999966,436.0
2010-12-09,-4.709169475200309e-16,0.2765923957664691,435.00000000000034,436.0,1.3948198345985394e-16,0.2765923957664698,434.99999999999915,436.0
2010-12-10,3.9709899677472875e-16,0.27837357854286604,436.0000000000004,437.0,-1.2067830089406133e-16,0.2783735785428666,435.9999999999996,437.0
2010-12-13,7.570386545250274e-16,0.27805158562847243,435.9999999999998,437.0,-2.1834866361189566e-16,0.27805158562847243,435.9999999999998,437.0
2010-12-14,-5.038468167449835e-16,0.27830311143659336,435.9999999999998,437.0,1.4924570283126414e-16,0.2783031114365933,435.9999999999999,437.0
2010-12-15,2.3075008241326345e-16,0.27713219558720276,436.9999999999998,438.0,-4.4818116362451e-17,0.277132195587201,437.0000000000026,438.0
2010-12-16,4.582412412461045e-16,0.2753744957404109,437.0000000000004,438.0,-9.924871298080648e-17,0.2753744957404124,436.999999999998,438.0
2010-12-17,-5.253721116453125e-16,0.27664375095861776,436.9999999999998,438.0,1.0952718521015712e-16,0.27664375095861793,436.99999999999955,438.0
2010-12-20,3.028131367994994e-16,0.279276479805075,436.99999999999994,438.0,-7.673944728916615e-17,0.27927647980507414,437.0000000000012,438.0
2010-12-21,-1.2007579897548743e-15,0.28072458772293607,437.0000000000003,438.0,3.255824114299132e-16,0.2807245877229364,436.9999999999997,438.0
2010-12-22,1.1849785635405867e-15,0.28265035797328986,437.0,438.0,-3.245560981307584e-16,0.2826503579732896,437.0000000000004,438.0
2010-12-24,-3.830234406554076e-16,0.282251511287369,437.0,438.0,1.2636327811287977e-16,0.2822515112873688,437.0000000000002,438.0
2010-12-27,-3.9180075330580814e-16,0.28572387177361286,436.9999999999996,438.0,1.0560351041129805e-16,0.2857238717736133,436.9999999999989,438.0
2010-12-28,1.227713691182012e-15,0.28476318964148345,437.00000000000006,438.0,-3.275383807781402e-16,0.2847631896414831,437.0000000000005,438.0
2010-12-29,2.3989811668330437e-15,0.28484035798846036,436.99999999999983,438.0,-6.856557551832522e-16,0.2848403579884598,437.00000000000074,438.0
2010-12-30,1.4030199779788623e-15,0.2793209643149666,437.0000000000003,438.0,-3.8196067036174324e-16,0.27932096431496783,436.99999999999835,438.0
2011-01-04,1.9124505717493196e-15,0.29280507816240187,436.99999999999966,438.0,-5.523856265797815e-16,0.29280507816240137,437.0000000000004,438.0
2011-01-05,1.9779041950870046e-16,0.2891356073074733,437.00000000000006,438.0,-5.4226617141065756e-17,0.28913560730747206,437.00000000000193,438.0
2011-01-06,-9.24296762735094e-16,0.3048162541509589,437.00000000000045,438.0,3.100213797579543e-16,0.3048162541509597,436.9999999999993,438.0
2011-01-07,2.0362390679109988e-15,0.3003057521642444,436.9999999999999,438.0,-6.305201455334761e-16,0.3003057521642453,436.99999999999847,438.0
2011-01-11,-7.026898175801797e-16,0.3027919263669628,436.9999999999998,438.0,2.0609195406226197e-16,0.3027919263669621,437.0000000000008,438.0
2011-01-12,4.611781441791506e-16,0.3061550701119127,436.9999999999995,438.0,-1.4188117829223608e-16,0.30615507011191306,436.999999999999,438.0
2011-01-13,1.0209085480443301e-15,0.3085774921158091,436.9999999999999,438.0,-3.4151812492315417e-16,0.3085774921158087,437.00000000000045,438.0
2011-01-14,2.5797170708380895e-15,0.3074952997508333,437.00000000000017,438.0,-7.995049835685486e-16,0.30749529975083384,436.9999999999994,438.0
2011-01-17,2.4421888168018464e-16,0.3069990425275385,437.00000000000017,438.0,-9.403059302548329e-17,0.30699904252753746,437.00000000000165,438.0
2011-01-18,-7.592137708686248e-16,0.30541590698789484,436.9999999999997,438.0,1.985503718033192e-16,0.30541590698789495,436.99999999999955,438.0
2011-01-19,-9.479819730617034e-16,0.30886150694105247,437.0000000000003,438.0,2.9497344481719525e-16,0.3088615069410519,437.000000000001,438.0
2011-01-20,1.8756003180165665e-15,0.30872861378924915,437.0000000000002,438.0,-6.113850377344312e-16,0.30872861378924915,437.0000000000002,438.0
2011-01-21,-9.76062134956497e-16,0.3067183633554436,437.00000000000034,438.0,2.759539645360526e-16,0.3067183633554447,436.99999999999875,438.0
2011-01-24,1.4492766095025598e-16,0.3054817203064843,436.99999999999994,438.0,-2.904707890285613e-17,0.3054817203064854,436.99999999999835,438.0
2011-01-25,-9.632716206482633e-17,0.30528426460261393,437.00000000000017,438.0,1.963845524272602e-17,0.30528426460261376,437.0000000000004,438.0
2011-01-26,8.522236067304538e-16,0.3043376857567062,436.99999999999983,438.0,-2.462538567314137e-16,0.30433768575670617,436.99999999999994,438.0
2011-01-27,-1.1153087349678845e-15,0.3097749108678921,436.9999999999998,438.0,3.440624643741414e-16,0.30977491086789205,436.99999999999983,438.0
2011-01-28,-3.502935183786539e-17,0.30992502745680417,436.9999999999999,438.0,7.304983337237003e-18,0.3099250274568024,437.0000000000024,438.0
2011-01-31,2.816398279873624e-15,0.30812826001682153,437.00000000000045,438.0,-8.515238029577906e-16,0.3081282600168225,436.9999999999991,438.0
2011-02-01,-8.082979316727393e-17,0.30850756747831215,436.9999999999998,438.0,3.664339176765928e-18,0.30850756747831054,437.00000000000205,438.0
2011-02-02,-1.1604390965979803e-15,0.3195973146522916,437.00000000000017,438.0,3.5386124320696927e-16,0.3195973146522912,437.0000000000007,438.0
2011-02-03,1.018857104720787e-15,0.31914191013783466,436.99999999999983,438.0,-3.3910409755474974e-16,0.31914191013783605,436.99999999999795,438.0
2011-02-04,2.1221215547401287e-15,0.32991828764334535,436.99999999999943,438.0,-7.214164418643615e-16,0.32991828764334435,437.00000000000074,438.0
2011-02-07,1.1507020863343633e-15,0.3298702572488824,436.9999999999995,438.0,-3.776622960461843e-16,0.329870257248881,437.0000000000013,438.0
2011-02-08,1.0073374193258341e-15,0.3164781201807189,437.0000000000003,438.0,-3.433767206423208e-16,0.31647812018071925,436.9999999999998,438.0
2011-02-09,-1.360062514298538e-15,0.3159941415537047,437.0,438.0,4.266345116212705e-16,0.3159941415537039,437.0000000000011,438.0
2011-02-10,-8.9112829699904e-16,0.31565454763816775,436.9999999999995,438.0,2.709046972448348e-16,0.31565454763816586,437.0000000000021,438.0
2011-02-14,-8.062886789378073e-16,0.3119587231165036,437.0000000000002,438.0,2.6028068425977605e-16,0.3119587231165039,436.9999999999998,438.0
2011-02-15,-1.6889120309134282e-15,0.3128700125963712,437.00000000000017,438.0,5.291530845959959e-16,0.31287001259637115,437.0000000000003,438.0
2011-02-16,-7.791258781018635e-17,0.32250632603849405,436.99999999999994,438.0,5.567379892316368e-17,0.3225063260384926,437.00000000000193,438.0
2011-02-17,-3.4341366304950165e-16,0.3297408825755551,436.9999999999997,438.0,9.838358561754389e-17,0.3297408825755558,436.9999999999988,438.0
2011-02-18,-1.9275505565096374e-15,0.32159199886953327,437.0,438.0,6.202257275509278e-16,0.3215919988695348,436.99999999999795,438.0
2011-02-21,1.084405553662886e-15,0.3191019986288371,436.9999999999992,438.0,-3.596958885386324e-16,0.31910199862883615,437.0000000000005,438.0
2011-02-22,-1.150574673433277e-15,0.3164535175600122,437.0000000000001,438.0,3.220774856816206e-16,0.31645351756001117,437.00000000000153,438.0
2011-02-23,-1.8167404350842984e-15,0.3194747117134399,436.99999999999966,438.0,5.806302315787009e-16,0.31947471171344005,436.99999999999943,438.0
2011-02-24,4.902965786156993e-16,0.3132657115063623,436.9999999999998,438.0,-1.5307875509163984e-16,0.31326571150636,437.0000000000029,438.0
2011-02-25,1.1992550724660439e-15,0.3171991429405632,436.9999999999999,438.0,-3.604551262377063e-16,0.3171991429405625,437.0000000000008,438.0
2011-02-28,-1.4410385542270943e-15,0.31944569986793825,437.0000000000003,438.0,4.447423173385805e-16,0.31944569986793825,437.0000000000003,438.0
2011-03-01,-1.6423937567356537e-15,0.31993599200271305,437.00000000000006,438.0,4.717637816617669e-16,0.3199359920027116,437.00000000000205,438.0
2011-03-02,3.118379602812881e-16,0.3262130583339724,436.9999999999995,438.0,-9.912084192095544e-17,0.3262130583339721,436.9999999999999,438.0
2011-03-03,-7.408376550681388e-16,0.32125950680482546,437.0000000000003,438.0,2.4487741700505266e-16,0.3212595068048248,437.0000000000012,438.0
2011-03-04,8.183467127478653e-17,0.3198476318000739,436.9999999999999,438.0,1.910670766941724e-17,0.31984763180007325,437.00000000000085,438.0
2011-03-07,-9.582311522527933e-16,0.3208541768035892,437.0000000000003,438.0,3.41730141858033e-16,0.32085417680359035,436.99999999999864,438.0
2011-03-08,4.528959025398487e-16,0.3205077345471145,437.0000000000001,438.0,-1.3787864786506405e-16,0.32050773454711545,436.99999999999886,438.0
2011-03-09,1.090592618012155e-15,0.32063994683249064,436.99999999999966,438.0,-3.621385718385585e-16,0.3206399468324918,436.9999999999981,438.0
2011-03-10,-6.271041623610488e-16,0.323133026368937,437.00000000000085,438.0,1.9843840051497924e-16,0.3231330263689378,436.9999999999998,438.0
2011-03-11,2.6669952111827436e-17,0.3241064178812979,438.0000000000002,439.0,3.11906175638793e-17,0.32410641788129785,438.0000000000003,439.0
2011-03-14,4.144551537978948e-16,0.3206927498604199,437.9999999999996,439.0,-1.794817636782139e-16,0.32069274986042023,437.9999999999992,439.0
2011-03-15,6.923039151225923e-16,0.3164167644466063,438.0000000000002,439.0,-1.834405880834979e-16,0.31641676444660743,437.99999999999864,439.0
2011-03-16,-1.7550930184418592e-15,0.32381702708071786,437.9999999999995,439.0,5.801573543213347e-16,0.32381702708071675,438.00000000000097,439.0
2011-03-17,-8.455032216814957e-16,0.3277759300606332,437.99999999999983,439.0,2.9383944325337337e-16,0.32777593006063377,437.99999999999903,439.0
2011-03-18,1.841388441853791e-15,0.33257940112914863,438.0000000000003,439.0,-6.436162580288825e-16,0.33257940112914924,437.99999999999943,439.0
2011-03-22,7.973169395814287e-16,0.33282401153686025,438.00000000000017,439.0,-2.422031506683452e-16,0.33282401153686014,438.0000000000003,439.0
2011-03-23,-5.358847128389982e-16,0.3304610558351175,438.0000000000003,439.0,1.7911655306188826e-16,0.33046105583511715,438.00000000000074,439.0
2011-03-24,1.1165273642241802e-15,0.33079251990520026,438.0000000000002,439.0,-3.461407119064674e-16,0.33079251990520075,437.9999999999996,439.0
2011-03-25,-2.866691901928461e-16,0.33282296965802877,437.99999999999983,439.0,7.955574338870774e-17,0.3328229696580275,438.00000000000153,439.0
2011-03-28,4.963427292778474e-16,0.3289819170608228,438.0000000000003,439.0,-1.6576858223784125e-16,0.3289819170608248,437.9999999999976,439.0
2011-03-29,6.354262751799359e-16,0.3299775513852734,438.0,439.0,-2.100707886761698e-16,0.3299775513852734,438.0,439.0
2011-03-30,-8.013763000296614e-16,0.33206720193805295,438.0000000000002,439.0,2.4765984691886253e-16,0.33206720193805245,438.0000000000009,439.0
2011-03-31,6.119019900590461e-16,0.33519555651478083,437.9999999999998,439.0,-2.322693363759817e-16,0.33519555651478067,437.99999999999994,439.0
2011-04-01,7.936147462002671e-17,0.3371625152344182,437.9999999999993,439.0,-6.917792808058231e-17,0.3371625152344189,437.9999999999984,439.0
2011-04-04,-1.0436423710072033e-16,0.32309244333008563,438.0,439.0,3.173743480213188e-17,0.32309244333008474,438.00000000000125,439.0
2011-04-05,3.2885576352666027e-16,0.32755096395671907,438.0000000000002,439.0,-1.3966274575758418e-16,0.32755096395671934,437.99999999999983,439.0
2011-04-06,5.604142922022938e-16,0.33086160300847534,437.99999999999966,439.0,-1.7314543145759237e-16,0.33086160300847456,438.00000000000074,439.0
2011-04-07,1.256987073954764e-15,0.33439755055231607,438.0,439.0,-4.0174620341672965e-16,0.3343975505523156,438.0000000000005,439.0
2011-04-08,-3.3295135443078614e-16,0.3358243362730525,437.9999999999997,439.0,1.2320029203013503e-16,0.33582433627305297,437.99999999999915,439.0
2011-04-11,1.7729813610438723e-16,0.337061739365868,437.99999999999983,439.0,-1.3582167580301549e-17,0.3370617393658651,438.00000000000364,439.0
2011-04-12,-7.241712366469086e-16,0.33727209070887126,438.00000000000006,439.0,2.57858668329474e-16,0.33727209070887126,438.00000000000006,439.0
2011-04-13,-5.508957824568032e-16,0.3332679921773789,437.9999999999999,439.0,1.9393716374150517e-16,0.33326799217737885,438.0,439.0
2011-04-14,-4.421636348023783e-16,0.33663863017460177,438.0000000000003,439.0,1.4111313714786294e-16,0.33663863017460294,437.99999999999875,439.0
2011-04-15,-3.288903262197711e-16,0.33772590116978046,438.0000000000004,439.0,1.2731861879448857e-16,0.33772590116978246,437.9999999999978,439.0
2011-04-18,-8.891324655340207e-17,0.3399754020764811,438.0000000000004,439.0,5.527906367301921e-17,0.33997540207648136,438.00000000000006,439.0
2011-04-19,-6.026945004899245e-16,0.3436941070643945,438.00000000000006,439.0,1.9783127848798864e-16,0.34369410706439407,438.0000000000006,439.0
2011-04-20,1.0694793121926976e-15,0.3455750870625628,438.00000000000017,439.0,-3.4792816782650307e-16,0.3455750870625623,438.00000000000085,439.0
2011-04-21,-8.934108698077685e-16,0.34524454400360255,438.00000000000034,439.0,2.9017937665419115e-16,0.3452445440036021,438.00000000000097,439.0
2011-04-22,-8.726859734288545e-16,0.32483765429776845,438.00000000000006,439.0,2.88175173777307e-16,0.32483765429776923,437.99999999999903,439.0
2011-04-25,-2.6360561521472924e-15,0.32357607125736393,438.00000000000034,439.0,8.497382172924152e-16,0.32357607125736465,437.9999999999994,439.0
2011-04-26,9.785113002168503e-16,0.3260811279256611,437.9999999999998,439.0,-3.001459154520709e-16,0.32608112792566213,437.9999999999983,439.0
2011-04-27,-1.3020795030377013e-15,0.3281159363092826,437.9999999999998,439.0,4.648072813907522e-16,0.3281159363092826,437.9999999999998,439.0
2011-04-28,-6.892748010290942e-16,0.32572898362325353,437.99999999999994,439.0,2.2937719604747806e-16,0.3257289836232528,438.00000000000097,439.0
2011-05-02,-1.107729551338229e-15,0.323217612974754,437.99999999999994,439.0,3.735514447359637e-16,0.3232176129747526,438.0000000000018,439.0
2011-05-06,-2.7130642752152277e-15,0.3138103454327903,437.9999999999997,439.0,8.760109403395105e-16,0.31381034543279096,437.99999999999875,439.0
2011-05-09,2.0534458309496083e-16,0.3118971102544565,438.00000000000017,439.0,-4.755197463513908e-17,0.31189711025445577,438.0000000000012,439.0
2011-05-10,1.5103958955565564e-15,0.3059572482776151,438.00000000000006,439.0,-4.822310153409711e-16,0.3059572482776167,437.9999999999977,439.0
2011-05-11,-4.615789982886543e-16,0.3077605737535396,438.0000000000002,439.0,1.5407540541315458e-16,0.30776057375353943,438.00000000000045,439.0
2011-05-12,4.556507587158866e-16,0.30041762323304794,438.0,439.0,-1.045026118896643e-16,0.30041762323304794,438.00000000000006,439.0
2011-05-13,-6.006280839636643e-16,0.30134476789882136,438.0000000000003,439.0,1.7754713801803718e-16,0.30134476789882125,438.00000000000045,439.0
2011-05-16,-4.963391464433817e-16,0.3033476262114685,437.99999999999955,439.0,1.7145931769272397e-16,0.3033476262114691,437.9999999999987,439.0
2011-05-17,-1.3734545041671097e-15,0.30409510801466705,437.9999999999998,439.0,3.9717687492321893e-16,0.3040951080146669,438.00000000000006,439.0
2011-05-18,-1.7588928515307721e-15,0.3135738013998359,438.0000000000003,439.0,5.464120184779974e-16,0.31357380139983637,437.9999999999996,439.0
2011-05-19,1.555711455407514e-15,0.31159620893686785,438.00000000000006,439.0,-5.001669943535058e-16,0.31159620893686746,438.00000000000057,439.0
2011-05-20,-6.182925446668395e-16,0.3125042110195508,438.0000000000004,439.0,1.8323525506105075e-16,0.3125042110195515,437.9999999999994,439.0
2011-05-23,2.30520364444039e-16,0.30917825554085854,438.0000000000002,439.0,-6.166550369487957e-17,0.3091782555408599,437.9999999999983,439.0
2011-05-24,-1.0827158213947849e-16,0.31056872492246773,438.0000000000001,439.0,9.804078032027454e-18,0.3105687249224682,437.9999999999995,439.0
2011-05-25,4.481674954508424e-16,0.3069336337178827,437.99999999999983,439.0,-1.3429338640866874e-16,0.306933633717882,438.0000000000008,439.0
2011-05-26,-1.6572823181526368e-15,0.31199664626605345,438.0000000000001,439.0,5.010868837552704e-16,0.3119966462660533,438.00000000000034,439.0
2011-05-27,1.19209598999958e-15,0.31020775551518215,438.0000000000003,439.0,-3.7402581992493155e-16,0.31020775551518276,437.99999999999943,439.0
2011-05-30,1.3218050181553965e-15,0.2969614121308407,438.00000000000017,439.0,-4.244626423577332e-16,0.2969614121308409,437.99999999999994,439.0
2011-05-31,2.4547053325823776e-15,0.29130669650385305,438.0000000000004,439.0,-7.037895306694694e-16,0.29130669650385316,438.0000000000002,439.0
2011-06-01,1.941034064891184e-16,0.27474001667966086,438.0,439.0,-8.950990090680996e-17,0.2747400166796608,438.00000000000006,439.0
2011-06-02,1.2879675623314283e-15,0.28634401774381407,438.0000000000003,439.0,-3.8528533186075657e-16,0.2863440177438131,438.0000000000018,439.0
2011-06-03,1.456871490783904e-15,0.2865160111308883,437.99999999999955,439.0,-4.143411875722076e-16,0.2865160111308875,438.0000000000008,439.0
2011-06-06,3.50422855781848e-16,0.28800828724221483,437.9999999999996,439.0,-1.0666472108588795e-16,0.28800828724221467,437.99999999999983,439.0
2011-06-07,-1.2825466095758803e-15,0.2868451951618521,437.99999999999955,439.0,3.46366014820449e-16,0.28684519516185136,438.0000000000006,439.0
2011-06-08,1.0553076282435884e-15,0.2589363571840189,438.0000000000002,439.0,-2.2984421136666655e-16,0.2589363571840195,437.99999999999926,439.0
2011-06-09,1.318799793912732e-15,0.2641846743808468,437.9999999999997,439.0,-3.5352332775935717e-16,0.26418467438084714,437.99999999999915,439.0
2011-06-10,-1.6049084106927275e-15,0.27404848637734036,437.99999999999983,439.0,4.514010122372338e-16,0.27404848637734003,438.00000000000034,439.0
2011-06-13,2.201463874399017e-16,0.2594123164893601,438.00000000000017,439.0,-5.274172276814226e-18,0.25941231648936003,438.0000000000002,439.0
2011-06-14,-7.207285506091962e-16,0.2485621681380615,438.0000000000002,439.0,1.9955135812015192e-16,0.24856216813806153,438.00000000000017,439.0
2011-06-15,-1.2391853533172315e-15,0.2522976368284656,438.0,439.0,2.933443217553386e-16,0.2522976368284657,437.99999999999983,439.0
2011-06-16,-8.552972088834585e-17,0.251171865423846,437.9999999999993,439.0,3.629162943314687e-17,0.25117186542384556,438.0000000000001,439.0
2011-06-17,-1.583539075434882e-16,0.2469853475607186,437.99999999999966,439.0,2.6762605569097127e-17,0.2469853475607176,438.0000000000014,439.0
2011-06-20,1.4511301389881304e-16,0.23396587804037608,438.0,439.0,-4.345391122448828e-17,0.23396587804037508,438.0000000000019,439.0
2011-06-21,-1.0487800556041857e-15,0.24486865468291913,437.9999999999993,439.0,2.257890427195134e-16,0.24486865468291852,438.0000000000004,439.0
2011-06-22,-8.406163094224953e-16,0.24360531210679748,437.9999999999997,439.0,2.3986741881722817e-16,0.24360531210679848,437.9999999999979,439.0
2011-06-23,2.7945163278483367e-15,0.24150106488869708,438.0000000000003,439.0,-6.758312628727832e-16,0.24150106488869724,438.0,439.0
2011-06-24,6.980830799810301e-16,0.22479028430284959,437.9999999999998,439.0,-1.984028630402216e-16,0.2247902843028497,437.99999999999955,439.0
2011-06-27,1.1085845224892286e-15,0.24025873399144668,438.0000000000006,439.0,-2.67359888143473e-16,0.2402587339914472,437.99999999999966,439.0
2011-06-28,-5.467371937876282e-16,0.2247568754511013,438.0000000000004,439.0,8.056128816580613e-17,0.2247568754511025,437.999999999998,439.0
2011-06-29,-2.790278166825331e-16,0.23266826179453415,437.9999999999995,439.0,5.4455581908650663e-17,0.23266826179453387,438.0,439.0
2011-06-30,-2.8974147549306858e-15,0.23147631618488915,438.0,439.0,6.56561387084992e-16,0.23147631618488848,438.00000000000125,439.0
2011-07-01,-2.1079242797238117e-15,0.2501808995735415,437.9999999999999,439.0,5.383268413677223e-16,0.2501808995735413,438.0000000000002,439.0
2011-07-04,-1.229899372528212e-15,0.25460899566186324,437.99999999999966,439.0,3.1799177336498035e-16,0.2546089956618635,437.99999999999926,439.0
2011-07-05,1.0450131603152383e-15,0.25557520240336423,437.9999999999997,439.0,-2.9727689362362003e-16,0.25557520240336434,437.9999999999995,439.0
2011-07-06,1.1281783811260907e-15,0.25801164359961254,437.9999999999999,439.0,-2.984011036113095e-16,0.2580116435996128,437.99999999999943,439.0
2011-07-07,-1.0962472615920658e-15,0.25752251967192086,437.9999999999998,439.0,2.701478412100567e-16,0.2575225196719208,437.99999999999983,439.0
2011-07-08,-7.010876095209705e-16,0.2573325159300544,437.9999999999997,439.0,2.0538563414612502e-16,0.25733251593005363,438.0000000000011,439.0
2011-07-11,2.7532275929410612e-15,0.25904556568777776,438.00000000000006,439.0,-7.234152658425681e-16,0.2590455656877777,438.0000000000001,439.0
2011-07-12,3.612590425909253e-16,0.2681084593584648,437.99999999999994,439.0,-1.0383950508328714e-16,0.2681084593584642,438.00000000000085,439.0
2011-07-13,-9.735580222180155e-16,0.265033734174092,437.99999999999994,439.0,2.381569046558684e-16,0.26503373417409254,437.999999999999,439.0
2011-07-14,4.592798403722364e-16,0.2670555120492818,438.0,439.0,-1.4249903733849453e-16,0.2670555120492813,438.0000000000008,439.0
2011-07-15,-4.6869092908943675e-16,0.2630164090263141,438.0000000000001,439.0,9.667283379696509e-17,0.26301640902631374,438.00000000000074,439.0
2011-07-19,2.8291961501737535e-15,0.2633397475795641,438.0000000000001,439.0,-7.665752624501547e-16,0.26333974757956446,437.9999999999995,439.0
2011-07-20,3.069662461840972e-16,0.26177004742404086,438.0000000000002,439.0,-6.622044681974404e-17,0.26177004742404125,437.99999999999955,439.0
2011-07-21,8.51531128270416e-17,0.2640992244328334,437.9999999999999,439.0,-1.554873233889971e-17,0.26409922443283285,438.00000000000085,439.0
2011-07-22,3.975470039530528e-16,0.2622276085175821,437.9999999999996,439.0,-1.13197106586817e-16,0.26222760851758187,438.0,439.0
2011-07-25,-6.1690118546246725e-16,0.2677946882469722,438.00000000000034,439.0,1.6373559911372937e-16,0.2677946882469724,438.0000000000001,439.0
2011-07-26,2.9500173307578996e-16,0.2641924385765045,437.9999999999997,439.0,-9.528665557102805e-17,0.2641924385765031,438.000000000002,439.0
2011-07-27,-3.664384574739209e-16,0.24830130656460608,438.0000000000004,439.0,7.087545449294891e-17,0.24830130656460672,437.99999999999926,439.0
2011-07-28,-2.0128987532237825e-15,0.25829842320859353,438.0000000000001,439.0,5.220528017651981e-16,0.2582984232085935,438.00000000000017,439.0
2011-07-29,-9.987489560497306e-16,0.26290845653077805,438.0,439.0,2.596368259436856e-16,0.26290845653077816,437.99999999999983,439.0
2011-08-01,2.4448528893571794e-16,0.2666208938528518,437.9999999999996,439.0,-6.142615849811538e-17,0.26662089385285065,438.00000000000153,439.0
2011-08-02,2.3884487398770555e-16,0.2675541805505193,438.0000000000001,439.0,-8.973132922692663e-17,0.267554180550519,438.0000000000007,439.0
2011-08-03,5.634297600196632e-16,0.2743650112536876,437.9999999999998,439.0,-1.5534546063127576e-16,0.2743650112536869,438.00000000000097,439.0
2011-08-04,-3.7532188788774235e-16,0.27834052651740243,438.0,439.0,9.280202744536538e-17,0.27834052651740243,437.99999999999994,439.0
2011-08-05,-2.2102095321483118e-16,0.2880309141054213,437.9999999999996,439.0,6.603801944306238e-17,0.2880309141054212,437.9999999999998,439.0
2011-08-08,1.6294618716513625e-15,0.28836980802396783,437.99999999999966,439.0,-4.458892802791827e-16,0.28836980802396706,438.00000000000085,439.0
2011-08-09,2.5440528798545812e-15,0.28971759853577184,438.0,439.0,-7.507254709796746e-16,0.28971759853577167,438.0000000000002,439.0
2011-08-10,5.400152926425292e-16,0.29225823288331576,438.0,439.0,-1.964505002385069e-16,0.2922582328833161,437.9999999999995,439.0
2011-08-11,-8.471567651705391e-16,0.29603585156146695,438.0000000000001,439.0,2.365985787595368e-16,0.2960358515614675,437.99999999999926,439.0
2011-08-12,-3.702192373954528e-16,0.2800628727283494,438.00000000000006,439.0,8.987573608004268e-17,0.28006287272835007,437.99999999999903,439.0
2011-08-15,8.115870095471049e-17,0.2788094020189067,438.00000000000006,439.0,-1.586387140714725e-17,0.27880940201890647,438.0000000000004,439.0
2011-08-16,-3.5942847576036275e-16,0.2771375775898773,437.99999999999983,439.0,9.896908282343799e-17,0.27713757758987706,438.00000000000017,439.0
2011-08-17,4.960983970647897e-16,0.27903565404391795,438.0000000000001,439.0,-1.2810971748953298e-16,0.27903565404391867,437.9999999999989,439.0
2011-08-18,-4.155873398761259e-16,0.280091006017958,437.99999999999983,439.0,1.3953329006572959e-16,0.2800910060179583,437.99999999999943,439.0
2011-08-19,2.455701313268549e-16,0.2771192610933327,438.00000000000006,439.0,-5.964704688974872e-17,0.2771192610933326,438.0000000000001,439.0
2011-08-22,2.750011487010322e-15,0.27607899507139133,438.00000000000017,439.0,-7.820569956092716e-16,0.27607899507139116,438.00000000000045,439.0
2011-08-23,3.0820110041172114e-15,0.27709867951310196,438.0000000000001,439.0,-8.29389067910996e-16,0.27709867951310174,438.00000000000045,439.0
2011-08-24,1.7937029570740607e-15,0.2836078984870008,438.0000000000001,439.0,-5.067315941101812e-16,0.28360789848700074,438.0000000000002,439.0
2011-08-25,6.21805167481088e-16,0.28550566293588014,438.0000000000002,439.0,-1.7404464298797197e-16,0.28550566293588037,437.9999999999999,439.0
2011-08-26,-1.058677217798886e-15,0.2799003175766306,437.99999999999994,439.0,3.2062320911783113e-16,0.27990031757662986,438.000000000001,439.0
2011-08-29,-1.2015363946429417e-15,0.282081666935666,438.00000000000045,439.0,3.66631620979955e-16,0.2820816669356658,438.0000000000008,439.0
2011-08-30,6.668745578155316e-16,0.28018418257649863,437.99999999999994,439.0,-2.109095859638595e-16,0.28018418257649824,438.0000000000006,439.0
2011-08-31,8.003475801878059e-16,0.2806156506555098,438.00000000000017,439.0,-2.218524987299076e-16,0.28061565065551003,437.99999999999983,439.0
2011-09-01,-1.636486524368824e-16,0.29502973429438484,438.00000000000006,439.0,7.183151721110067e-17,0.29502973429438434,438.0000000000008,439.0
2011-09-02,2.8091857643996963e-15,0.29696325051488975,438.00000000000045,439.0,-8.307083498295011e-16,0.2969632505148909,437.99999999999875,439.0
2011-09-05,-7.325884960555777e-17,0.29442547192510377,437.9999999999996,439.0,1.1117636296088158e-17,0.2944254719251034,438.00000000000017,439.0
2011-09-06,1.449474862703868e-16,0.29699346525779097,438.00000000000017,439.0,-2.996240170729951e-17,0.2969934652577909,438.0000000000003,439.0
2011-09-07,-8.760113216014056e-16,0.27611172677256474,437.9999999999999,439.0,2.0286282422861233e-16,0.27611172677256457,438.0000000000001,439.0
2011-09-08,1.4538309330862953e-15,0.2934493111035922,438.00000000000006,439.0,-4.1495410108398947e-16,0.29344931110359207,438.00000000000017,439.0
2011-09-09,-1.5588773399483908e-15,0.29407257845554413,437.99999999999966,439.0,4.223249723128191e-16,0.29407257845554274,438.00000000000176,439.0
2011-09-12,6.261849539853303e-16,0.2891232124263441,437.99999999999994,439.0,-1.8347806299597857e-16,0.2891232124263441,437.9999999999999,439.0
2011-09-13,-1.9256200372312765e-16,0.28805879735922496,437.99999999999994,439.0,1.2333318332133367e-17,0.28805879735922374,438.0000000000018,439.0
2011-09-14,-1.2687093054624728e-15,0.2872642194110665,438.00000000000006,439.0,3.593501538101114e-16,0.2872642194110669,437.99999999999943,439.0
2011-09-15,-4.0609409569842605e-16,0.28684039260295285,437.9999999999998,439.0,1.1143622417540612e-16,0.2868403926029517,438.0000000000016,439.0
2011-09-16,2.437139034345099e-15,0.2898863425717915,437.9999999999993,439.0,-6.935790501395058e-16,0.2898863425717921,437.99999999999847,439.0
2011-09-20,-1.7525993775364768e-15,0.29262165345194185,437.9999999999998,439.0,5.196123901609002e-16,0.29262165345194313,437.9999999999979,439.0
2011-09-21,1.5955966288253082e-15,0.29355514599472093,438.0,439.0,-4.945682173750014e-16,0.29355514599472066,438.00000000000045,439.0
2011-09-22,3.8253187173685925e-16,0.29620341002988243,437.9999999999997,439.0,-1.1376866443740204e-16,0.2962034100298827,437.9999999999993,439.0
2011-09-26,-2.6796856603806877e-15,0.3007082023706227,438.0000000000004,439.0,7.999952064595609e-16,0.30070820237062357,437.99999999999903,439.0
2011-09-27,1.1693684515457875e-15,0.30271189531890724,437.99999999999966,439.0,-3.5995456395145804e-16,0.3027118953189082,437.9999999999983,439.0
2011-09-28,1.794512658033528e-15,0.3024807843064739,438.00000000000034,439.0,-5.604970668832294e-16,0.30248078430647496,437.99999999999886,439.0
2011-09-29,-6.285369233689939e-17,0.30434246469099124,437.99999999999994,439.0,-2.2692526353056588e-17,0.3043424646909906,438.0000000000009,439.0
2011-09-30,-1.3325957892342742e-15,0.3055303366855015,438.0000000000003,439.0,4.1637738055097112e-16,0.30553033668550206,437.9999999999995,439.0
2011-10-03,1.5880787478030973e-15,0.3025603900503228,438.0000000000003,439.0,-4.641776757211016e-16,0.3025603900503226,438.0000000000006,439.0
2011-10-04,1.199150906674099e-15,0.306145958748049,438.00000000000017,439.0,-3.4138804134423996e-16,0.3061459587480506,437.9999999999979,439.0
2011-10-05,7.444559569500019e-16,0.30673265821743495,438.00000000000017,439.0,-1.9936726355696788e-16,0.30673265821743556,437.99999999999926,439.0
2011-10-06,-2.6956285837608517e-16,0.2981456539684706,438.0,439.0,9.033456686522276e-17,0.29814565396847054,438.00000000000006,439.0
2011-10-07,-1.277092584010734e-16,0.3010089987349994,438.00000000000017,439.0,2.3147701001203102e-17,0.3010089987349994,438.0000000000001,439.0
2011-10-11,6.012526776083145e-16,0.3016658971373164,438.0000000000001,439.0,-1.8476821538396414e-16,0.30166589713731573,438.0000000000011,439.0
2011-10-12,5.825454656773409e-16,0.30582658514886646,437.9999999999998,439.0,-1.9500737160837583e-16,0.30582658514886607,438.00000000000034,439.0
2011-10-13,4.888822426186703e-16,0.304338670433628,437.99999999999983,439.0,-1.6697160532411286e-16,0.30433867043362733,438.0000000000008,439.0
2011-10-14,-4.878716073280891e-16,0.3044398650646922,438.00000000000006,439.0,1.561570667912262e-16,0.30443986506469156,438.00000000000097,439.0
2011-10-17,1.693875424545714e-15,0.30250244744109683,438.0000000000002,439.0,-5.358365781175997e-16,0.30250244744109667,438.00000000000045,439.0
2011-10-18,-1.847574398009694e-15,0.30505124471247563,438.0000000000002,439.0,5.945117259063961e-16,0.3050512447124764,437.9999999999991,439.0
2011-10-19,1.8314247991166872e-15,0.3058428544336958,437.99999999999966,439.0,-5.914197382707945e-16,0.30584285443369524,438.00000000000045,439.0
2011-10-20,-1.9587428949560473e-15,0.3053014660524515,438.0,439.0,5.95140504946535e-16,0.30530146605245156,437.99999999999994,439.0
2011-10-21,1.7207813793944342e-15,0.311876845259621,438.0,439.0,-5.668644760099612e-16,0.3118768452596204,438.00000000000085,439.0
2011-10-24,-3.9278805793656763e-16,0.3079319158556409,437.99999999999994,439.0,1.5116913611339886e-16,0.3079319158556401,438.0000000000011,439.0
2011-10-25,6.210794743387694e-16,0.30418416559804057,438.00000000000017,439.0,-1.8880779266255244e-16,0.3041841655980422,437.99999999999784,439.0
2011-10-26,-4.0583395494537657e-16,0.2897355913112036,437.9999999999999,439.0,1.0217860480510469e-16,0.28973559131120374,437.9999999999996,439.0
2011-10-27,-3.964329696520774e-16,0.30303781553657716,438.0,439.0,8.872625367860784e-17,0.3030378155365777,437.99999999999915,439.0
2011-10-28,-6.732511343185867e-16,0.3008259585754245,438.00000000000017,439.0,1.7970274230581562e-16,0.3008259585754251,437.99999999999926,439.0
2011-10-31,7.022436662856626e-16,0.3021523583289439,437.9999999999998,439.0,-2.1316127059923318e-16,0.3021523583289438,437.9999999999999,439.0
2011-11-01,-1.6997525150857172e-15,0.2969663509624413,437.9999999999997,439.0,4.862063769164814e-16,0.29696635096244106,438.00000000000006,439.0
2011-11-02,2.1159213285534954e-15,0.2970702767646554,438.00000000000006,439.0,-6.252339286136016e-16,0.29707027676465503,438.0000000000006,439.0
2011-11-04,7.367895891153371e-16,0.2851012412773413,437.9999999999997,439.0,-1.9977849594249572e-16,0.28510124127734243,437.999999999998,439.0
2011-11-07,-6.390775729293801e-16,0.27958002440101887,437.99999999999983,439.0,1.5909036989193493e-16,0.2795800244010191,437.9999999999995,439.0
2011-11-08,2.5809474332902926e-15,0.2709362059721152,437.99999999999983,439.0,-7.256346613853477e-16,0.2709362059721144,438.0000000000012,439.0
2011-11-09,2.319770118392013e-15,0.2734908667082162,438.0000000000004,439.0,-6.393495642082609e-16,0.27349086670821643,438.0000000000001,439.0
2011-11-10,8.76065955502253e-17,0.27943503357737726,438.0000000000003,439.0,-4.901948390203801e-17,0.2794350335773776,437.99999999999983,439.0
2011-11-11,-6.865717664074515e-16,0.27354157354615793,437.99999999999943,439.0,2.0646543385611196e-16,0.2735415735461575,438.0000000000001,439.0
2011-11-14,-5.533729183233534e-16,0.2760078569999447,438.00000000000034,439.0,1.3252607811049654e-16,0.27600785699994496,437.9999999999999,439.0
2011-11-15,7.706545696151404e-17,0.25960191377942055,437.9999999999993,439.0,-5.678174550722643e-18,0.2596019137794199,438.00000000000045,439.0
2011-11-16,-1.8125117009663184e-15,0.26524854251563285,438.0000000000001,439.0,5.312549027080872e-16,0.2652485425156335,437.99999999999903,439.0
2011-11-17,-1.283187123953798e-16,0.26253965638336074,438.00000000000034,439.0,9.376818819484391e-18,0.26253965638335974,438.000000000002,439.0
2011-11-18,1.0805128676053703e-15,0.26091879255264555,437.9999999999996,439.0,-2.7968714111662747e-16,0.2609187925526449,438.0000000000007,439.0
2011-11-21,1.5785612001097585e-15,0.25695786852194796,437.99999999999983,439.0,-4.165479707282508e-16,0.25695786852194813,437.99999999999955,439.0
2011-11-22,-1.6744943811419583e-15,0.23940018801129412,438.00000000000017,439.0,3.9312614068336303e-16,0.23940018801129417,438.00000000000006,439.0
2011-11-24,-1.7172456572901723e-15,0.247782077339593,438.00000000000006,439.0,4.506640495166968e-16,0.2477820773395932,437.9999999999997,439.0
2011-11-25,1.61661435050855e-16,0.252058458429776,437.99999999999955,439.0,-1.7479517301401e-17,0.252058458429775,438.00000000000125,439.0
2011-11-28,-5.529193591640174e-16,0.2534917464605619,438.00000000000006,439.0,1.3300190908992284e-16,0.25349174646056255,437.9999999999989,439.0
2011-11-29,3.6570440519204577e-16,0.2507092598772039,438.00000000000057,439.0,-1.0969765056959962e-16,0.2507092598772041,438.0000000000002,439.0
2011-11-30,1.5121607693178327e-15,0.2529968601367023,437.9999999999999,439.0,-4.132851562376698e-16,0.2529968601367023,437.99999999999994,439.0
2011-12-01,2.52695417869067e-16,0.255632642311298,437.9999999999997,439.0,-1.017666598868211e-16,0.2556326423112973,438.00000000000097,439.0
2011-12-02,-2.8240118695866345e-15,0.24838565368064436,437.99999999999994,439.0,6.781297493523597e-16,0.2483856536806447,437.9999999999994,439.0
2011-12-05,6.85125450031522e-17,0.2590627065315066,438.00000000000034,439.0,-4.006396345535174e-18,0.25906270653150676,438.0,439.0
2011-12-06,1.953137720076557e-15,0.2584981468174947,437.99999999999983,439.0,-5.245294145156025e-16,0.2584981468174949,437.9999999999995,439.0
2011-12-07,-1.1469457005833609e-15,0.26235604517964045,437.99999999999966,439.0,2.7865423611151885e-16,0.26235604517964184,437.9999999999974,439.0
2011-12-08,-4.2044125702697214e-16,0.26097391727683755,438.0000000000003,439.0,9.210757412656501e-17,0.2609739172768382,437.9999999999992,439.0
2011-12-09,1.169301046602343e-15,0.2609688565210704,438.00000000000034,439.0,-2.939566127419728e-16,0.260968856521071,437.9999999999993,439.0
2011-12-12,-8.06762307348671e-17,0.24726699627897492,437.99999999999983,439.0,4.1080350433664855e-17,0.2472669962789749,437.9999999999999,439.0
2011-12-13,-9.062352935689686e-16,0.2544867837170449,438.0000000000001,439.0,2.6817239259645337e-16,0.2544867837170454,437.99999999999926,439.0
2011-12-14,-8.235363666147763e-16,0.2595739185123942,439.0,440.0,2.3988932718740594e-16,0.25957391851239475,438.999999999999,440.0
2011-12-15,5.324957861327398e-16,0.25622541873668053,438.99999999999994,440.0,-1.3861971739584662e-16,0.25622541873668014,439.00000000000057,440.0
2011-12-16,-9.40270231149094e-16,0.2560665191483903,438.99999999999983,440.0,2.1448241652485698e-16,0.2560665191483902,439.0,440.0
2011-12-19,-1.139684343669185e-15,0.2552141910368321,439.0000000000001,440.0,2.80012746350996e-16,0.2552141910368322,439.0,440.0
2011-12-20,-1.0708846078249698e-15,0.25396796785171727,438.99999999999994,440.0,2.553289597387619e-16,0.2539679678517171,439.0000000000003,440.0
2011-12-21,2.643194003547551e-15,0.24713494109884865,439.0,440.0,-6.54587841776536e-16,0.24713494109884832,439.00000000000057,440.0
2011-12-22,-3.08409708410476e-16,0.24326353660111308,439.00000000000006,440.0,1.0262161390907194e-16,0.24326353660111272,439.0000000000007,440.0
2011-12-26,5.221546949556058e-16,0.240316577183685,439.99999999999994,441.0,-1.4778036645053068e-16,0.24031657718368496,440.0,441.0
2011-12-27,-3.2561807437469894e-15,0.23496259257251992,440.0000000000002,441.0,7.216725488336791e-16,0.23496259257251986,440.00000000000034,441.0
2011-12-28,8.408321508332485e-16,0.22442230659484427,440.00000000000045,441.0,-1.934231569688587e-16,0.22442230659484433,440.00000000000034,441.0
2011-12-29,3.68130717707997e-16,0.2331068519332801,439.9999999999996,441.0,-8.099284704389881e-17,0.23310685193328018,439.99999999999943,441.0
2011-12-30,3.8456259191778605e-16,0.23367848730558746,440.0000000000002,441.0,-9.551660487470884e-17,0.2336784873055877,439.9999999999998,441.0
2012-01-04,-4.894595966074114e-16,0.23129979631996664,439.99999999999966,441.0,1.5979616551910864e-16,0.23129979631996578,440.0000000000013,441.0
2012-01-05,-1.4539025174464527e-15,0.2315596283382777,439.99999999999966,441.0,3.718073534339496e-16,0.23155962833827798,439.99999999999915,441.0
2012-01-06,-1.4224886399905637e-15,0.23169247195918471,440.0000000000001,441.0,3.5155726268085715e-16,0.23169247195918452,440.0000000000005,441.0
2012-01-10,-1.897491332133398e-15,0.22907648909750664,440.0000000000001,441.0,4.327623297022324e-16,0.2290764890975063,440.00000000000074,441.0
2012-01-11,-2.0776020960118692e-15,0.2233638676022164,440.0000000000001,441.0,4.614899359749344e-16,0.2233638676022167,439.99999999999955,441.0
2012-01-12,-4.844941564601153e-17,0.22703134622120427,440.00000000000006,441.0,6.0903548569204e-17,0.227031346221205,439.9999999999987,441.0
2012-01-13,1.6366515205424452e-15,0.22880273481712968,439.99999999999966,441.0,-4.131189917386553e-16,0.22880273481712946,440.0000000000001,441.0
2012-01-16,-5.571367429502889e-16,0.2306406263624509,439.9999999999998,441.0,1.1717629966099293e-16,0.23064062636245186,439.99999999999795,441.0
2012-01-17,1.8617515080869697e-16,0.23023382087612557,439.99999999999983,441.0,-2.528133547627322e-17,0.23023382087612504,440.00000000000085,441.0
2012-01-18,-1.886281288112389e-15,0.22784924884965616,439.9999999999997,441.0,4.074113824978897e-16,0.2278492488496571,439.9999999999979,441.0
2012-01-19,-9.36372226099731e-17,0.23094762775641803,439.9999999999998,441.0,2.3114817211650286e-17,0.23094762775641717,440.0000000000014,441.0
2012-01-20,-8.476167888681301e-17,0.23039771970967832,440.0,441.0,-2.5219474641491804e-18,0.23039771970967882,439.99999999999903,441.0
2012-01-23,2.4052026686697877e-15,0.22777231121674393,440.0,441.0,-5.094690984843517e-16,0.22777231121674382,440.0000000000002,441.0
2012-01-24,4.493487027847973e-16,0.21947889948560498,440.0000000000002,441.0,-8.867815669914793e-17,0.21947889948560495,440.0000000000003,441.0
2012-01-25,1.0279010765915293e-16,0.2290664806267394,440.0,441.0,-3.0311993047224926e-18,0.22906648062673907,440.0000000000007,441.0
2012-01-26,2.454635655598724e-15,0.23627785816610136,439.99999999999966,441.0,-5.389733782243216e-16,0.2362778581661014,439.9999999999996,441.0
2012-01-27,1.5658145044871636e-15,0.2370227789926147,439.99999999999983,441.0,-3.6881702803722413e-16,0.2370227789926147,439.99999999999983,441.0
2012-01-30,1.356021069051536e-15,0.239142078557679,439.99999999999983,441.0,-3.1520291160679507e-16,0.23914207855767947,439.999999999999,441.0
2012-01-31,-1.104441947080983e-15,0.224951273105637,439.9999999999998,441.0,2.2245308173133313e-16,0.224951273105637,439.9999999999998,441.0
2012-02-01,1.4320944201150516e-15,0.23526551582475036,439.9999999999998,441.0,-3.3644679874728174e-16,0.23526551582474958,440.00000000000125,441.0
2012-02-02,1.1276519552737863e-15,0.23496438958753954,439.9999999999999,441.0,-2.6822852525477756e-16,0.23496438958753854,440.00000000000176,441.0
2012-02-03,2.0741308114543825e-15,0.23457692675481748,440.0000000000002,441.0,-5.299596719345649e-16,0.23457692675481714,440.00000000000085,441.0
2012-02-06,-3.758673273212767e-16,0.2373711005117328,439.99999999999966,441.0,1.4427603544615086e-16,0.23737110051173282,439.9999999999996,441.0
2012-02-07,9.639488837485195e-16,0.2433833207154367,439.99999999999983,441.0,-2.355564349519338e-16,0.24338332071543622,440.0000000000007,441.0
2012-02-08,-2.8943859963348458e-15,0.24377750261319273,440.0000000000003,441.0,7.148210119738893e-16,0.24377750261319417,439.99999999999767,441.0
2012-02-09,1.1970295438016926e-15,0.2438451936632311,440.00000000000006,441.0,-2.679157231449362e-16,0.24384519366323013,440.0000000000018,441.0
2012-02-10,-7.81731830514786e-16,0.256301128639256,440.00000000000006,441.0,1.812476417694321e-16,0.2563011286392557,440.0000000000007,441.0
2012-02-13,-2.0052613580940477e-15,0.2512229081429329,439.9999999999999,441.0,5.035317274784063e-16,0.2512229081429337,439.9999999999985,441.0
2012-02-14,1.858516447043188e-15,0.2646953261809244,439.9999999999997,441.0,-5.055191508467201e-16,0.26469532618092434,439.99999999999983,441.0
2012-02-15,1.4760138916486793e-16,0.2640294196864141,439.9999999999995,441.0,-2.7261044795204022e-17,0.2640294196864132,440.00000000000097,441.0
2012-02-16,-1.1871770010398605e-15,0.2640130302972167,439.9999999999999,441.0,2.891901388802532e-16,0.2640130302972151,440.00000000000244,441.0
2012-02-17,-5.894064401730535e-17,0.26490009769935724,440.0000000000001,441.0,3.792072269846089e-18,0.26490009769935685,440.0000000000007,441.0
2012-02-20,-2.3426603337785404e-15,0.2646993790474944,439.99999999999955,441.0,5.975089170963505e-16,0.2646993790474937,440.00000000000074,441.0
2012-02-21,-8.0516199333767e-17,0.2702655366926526,440.0000000000003,441.0,1.686014195312931e-17,0.27026553669265335,439.9999999999991,441.0
2012-02-22,-7.591685455129071e-16,0.27192706118229876,439.99999999999994,441.0,2.249144738379156e-16,0.2719270611822983,440.0000000000007,441.0
2012-02-23,-7.118733634893486e-16,0.27229982138898906,439.9999999999999,441.0,1.794500154270334e-16,0.2722998213889882,440.0000000000013,441.0
2012-02-24,-3.128293199367072e-15,0.2721420783651863,440.0000000000003,441.0,8.63869672603627e-16,0.27214207836518645,440.0,441.0
2012-02-27,1.4850712405834668e-15,0.2743065949707302,439.99999999999966,441.0,-4.0521135709125225e-16,0.2743065949707306,439.99999999999903,441.0
2012-02-28,3.8189611266742203e-16,0.273564340527816,440.0000000000002,441.0,-1.2444526200112613e-16,0.27356434052781553,440.0000000000009,441.0
2012-02-29,8.062352538312317e-16,0.27079815685303826,440.00000000000017,441.0,-2.0368807824295402e-16,0.2707981568530381,440.0000000000004,441.0
2012-03-01,1.9037793647830854e-15,0.2714851122826784,440.0000000000003,441.0,-5.238436387069236e-16,0.2714851122826793,439.99999999999886,441.0
2012-03-02,-3.695752795089582e-16,0.268446109442054,439.9999999999999,441.0,7.964627348256493e-17,0.2684461094420528,440.0000000000018,441.0
2012-03-05,-2.693560105103461e-15,0.2676168242744704,439.99999999999983,441.0,7.106167014875315e-16,0.26761682427446953,440.00000000000125,441.0
2012-03-06,1.227865016893033e-15,0.2658913100184915,440.0000000000002,441.0,-3.381762826258774e-16,0.26589131001849237,439.9999999999988,441.0
2012-03-07,-8.861339010130656e-16,0.26371968904191045,439.9999999999996,441.0,2.380244419257353e-16,0.2637196890419113,439.99999999999824,441.0
2012-03-08,3.011045068742732e-16,0.26485752940525004,440.0000000000001,441.0,-6.166626406324526e-17,0.26485752940525087,439.9999999999987,441.0
2012-03-09,4.401675367375201e-16,0.2735619014448033,440.0000000000005,441.0,-1.1779281767185665e-16,0.27356190144480436,439.9999999999988,441.0
2012-03-12,-2.0185300488325254e-15,0.27391290220692527,440.00000000000045,441.0,5.707154272852008e-16,0.27391290220692627,439.9999999999988,441.0
2012-03-13,-2.81698231496569e-15,0.2745931722225774,439.9999999999998,441.0,7.934840391287751e-16,0.27459317222257773,439.99999999999926,441.0
2012-03-14,2.757255566816805e-15,0.2753806326898258,440.9999999999999,442.0,-7.433936415308487e-16,0.275380632689826,440.9999999999996,442.0
2012-03-15,7.681454520349446e-16,0.2756298597752841,440.99999999999983,442.0,-2.055151763050975e-16,0.27562985977528337,441.00000000000097,442.0
2012-03-16,1.8386931836622486e-15,0.2739082095357335,440.99999999999955,442.0,-4.749395881417087e-16,0.27390820953573436,440.9999999999982,442.0
2012-03-19,6.447020959076197e-16,0.2780442265100608,440.99999999999994,442.0,-1.9982467761630761e-16,0.2780442265100604,441.00000000000057,442.0
2012-03-21,-9.472047447663684e-16,0.28478273188562414,441.0,442.0,2.3570299977250712e-16,0.2847827318856242,440.9999999999999,442.0
2012-03-22,1.4039828242055148e-15,0.27821061064257707,441.00000000000045,442.0,-4.1893312535072116e-16,0.2782106106425769,441.00000000000074,442.0
2012-03-23,-1.883378098053065e-15,0.2822855539499351,441.0000000000006,442.0,5.701973992215327e-16,0.2822855539499344,441.00000000000176,442.0
2012-03-26,-2.6999682878109535e-15,0.2885692045356383,441.0000000000006,442.0,7.440698194719959e-16,0.2885692045356392,440.9999999999992,442.0
2012-03-27,1.193967839327138e-15,0.2912584664159942,441.0000000000001,442.0,-3.200534775447717e-16,0.2912584664159947,440.9999999999994,442.0
2012-03-28,-2.577315028455754e-16,0.29244383878662716,441.0,442.0,6.090090463417645e-17,0.292443838786626,441.0000000000018,442.0
2012-03-29,-2.031289218476343e-15,0.2953976011429743,441.0000000000005,442.0,5.984331169483906e-16,0.29539760114297486,440.9999999999997,442.0
2012-03-30,-2.4132514987301537e-15,0.2962873739933298,440.99999999999994,442.0,6.891813848290744e-16,0.2962873739933307,440.9999999999985,442.0
2012-04-02,1.0768398022887931e-15,0.2967170669730417,441.00000000000006,442.0,-3.512425811157046e-16,0.2967170669730418,440.99999999999983,442.0
2012-04-03,1.9597307309475713e-15,0.2889680360379342,441.00000000000006,442.0,-5.997947135578209e-16,0.2889680360379345,440.99999999999966,442.0
2012-04-04,3.344052918386368e-16,0.2890775409129173,440.99999999999983,442.0,-7.025458761142184e-17,0.2890775409129166,441.0000000000009,442.0
2012-04-05,7.288287959741695e-17,0.2820348140073414,440.99999999999994,442.0,-2.3965735581600184e-17,0.28203481400734165,440.99999999999955,442.0
2012-04-06,-2.773033406551838e-15,0.28702988528548545,440.9999999999999,442.0,8.123657153965906e-16,0.28702988528548556,440.9999999999998,442.0
2012-04-09,1.7334854063943698e-15,0.2850723713408959,440.9999999999998,442.0,-4.814764958183005e-16,0.2850723713408958,440.99999999999994,442.0
2012-04-10,5.122533188757374e-16,0.28182658703382085,440.9999999999999,442.0,-1.0939287540277483e-16,0.28182658703382163,440.99999999999864,442.0
2012-04-11,1.6687107875240515e-15,0.2871823476580374,441.00000000000006,442.0,-5.148888636205384e-16,0.28718234765803735,441.0000000000001,442.0
2012-04-12,-2.3953625632026714e-15,0.28975406772923545,441.00000000000017,442.0,6.828490070642269e-16,0.2897540677292344,441.0000000000018,442.0
2012-04-13,-1.9833384730476035e-15,0.2898784508544002,440.9999999999999,442.0,6.003503721098296e-16,0.28987845085439995,441.00000000000034,442.0
2012-04-16,1.5289505704769924e-16,0.28923149783067115,440.9999999999999,442.0,-3.881309223611156e-17,0.28923149783067015,441.00000000000136,442.0
2012-04-17,1.0540501287264839e-15,0.28615322438416885,441.0000000000008,442.0,-2.6846908013127816e-16,0.286153224384169,441.00000000000057,442.0
2012-04-18,-4.258268780393241e-16,0.29065849033245905,441.00000000000017,442.0,1.7068229438757052e-16,0.29065849033245833,441.00000000000125,442.0
2012-04-19,1.0215356603693688e-15,0.2887459584937425,441.00000000000006,442.0,-2.7257349219136736e-16,0.2887459584937434,440.99999999999864,442.0
2012-04-20,-1.1390770544484968e-15,0.2862614084482198,441.00000000000045,442.0,3.328188065366912e-16,0.28626140844822123,440.9999999999982,442.0
2012-04-23,-3.183994164127999e-16,0.2873077790623917,441.0000000000005,442.0,6.549565133103957e-17,0.28730777906239247,440.9999999999994,442.0
2012-04-24,-2.6980371694748866e-16,0.2852149115527671,441.0000000000001,442.0,4.632015777642963e-17,0.2852149115527673,440.9999999999999,442.0
2012-04-25,-2.6373438350990573e-15,0.29154203276017226,440.99999999999994,442.0,7.954996427466155e-16,0.29154203276017254,440.9999999999996,442.0
2012-04-26,1.894594628891319e-15,0.3000209432948687,441.00000000000006,442.0,-5.811609663185005e-16,0.3000209432948685,441.00000000000045,442.0
2012-04-27,9.156204894097224e-16,0.30059289481643225,440.99999999999983,442.0,-2.374145993793579e-16,0.30059289481643237,440.99999999999966,442.0
2012-05-01,2.6337253184066607e-15,0.28774582204355625,441.0,442.0,-7.397006833182048e-16,0.28774582204355637,440.9999999999998,442.0
2012-05-02,-5.618214853506801e-16,0.3031281408353396,441.00000000000017,442.0,1.3848375261100979e-16,0.30312814083533896,441.0000000000011,442.0
2012-05-07,4.934642258735632e-16,0.2981801279889443,441.0000000000003,442.0,-1.4450946519915992e-16,0.29818012798894433,441.00000000000017,442.0
2012-05-08,1.505898948700344e-15,0.2951731669544002,441.0,442.0,-4.334373852322581e-16,0.2951731669544003,440.99999999999983,442.0
2012-05-09,2.0823141908927576e-15,0.2983787611248281,440.9999999999998,442.0,-6.393950298428847e-16,0.29837876112482664,441.00000000000193,442.0
2012-05-10,2.2548424189301975e-16,0.29504413552633496,440.9999999999999,442.0,-3.4423555825651666e-17,0.29504413552633474,441.0000000000002,442.0
2012-05-11,3.670432772143691e-16,0.29802708988403775,440.9999999999996,442.0,-1.568224967413561e-16,0.2980270898840379,440.99999999999943,442.0
2012-05-14,-1.4037914814963354e-15,0.2983343485638996,441.0,442.0,3.9482972922511667e-16,0.2983343485639,440.9999999999994,442.0
2012-05-15,1.067156761288053e-15,0.3154007233718714,441.0000000000002,442.0,-3.254984729356575e-16,0.3154007233718716,440.99999999999994,442.0
2012-05-16,1.7365031251215404e-16,0.3184853609246804,441.00000000000034,442.0,-6.670311361184951e-17,0.31848536092468144,440.99999999999886,442.0
2012-05-17,-1.4823314227534304e-15,0.31989035152582035,441.0,442.0,4.92109044707079e-16,0.3198903515258188,441.00000000000216,442.0
2012-05-18,2.260361089638744e-15,0.32045215707589303,441.0000000000002,442.0,-7.288453456917476e-16,0.3204521570758942,440.9999999999986,442.0
2012-05-21,-1.742784825275941e-15,0.31705146316000965,440.9999999999993,442.0,5.292814325804578e-16,0.3170514631600099,440.999999999999,442.0
2012-05-22,1.0599570423899161e-15,0.3172133130067066,441.0000000000003,442.0,-3.425578727343256e-16,0.31721331300670585,441.00000000000125,442.0
2012-05-23,-1.0314278730910243e-15,0.31594180735682953,441.00000000000017,442.0,3.446947538901663e-16,0.3159418073568297,440.99999999999994,442.0
2012-05-24,1.0725920613329467e-15,0.3158089711510796,441.00000000000006,442.0,-3.3958218284694797e-16,0.3158089711510795,441.00000000000017,442.0
2012-05-25,-4.358063597627956e-16,0.3150536619806977,440.99999999999943,442.0,1.2977958752587783e-16,0.31505366198069695,441.00000000000045,442.0
2012-05-28,1.4579937693728402e-15,0.3137550701511451,440.99999999999983,442.0,-4.531502963498896e-16,0.3137550701511447,441.00000000000045,442.0
2012-05-29,-2.4574323305347047e-15,0.31486007635085855,441.00000000000006,442.0,7.708622572051712e-16,0.3148600763508576,441.0000000000014,442.0
2012-05-30,-1.9259214259562996e-16,0.31661502318085294,441.0000000000003,442.0,1.2613147541104858e-17,0.31661502318085394,440.9999999999989,442.0
2012-05-31,1.1210186437429662e-15,0.3171551171006408,441.00000000000045,442.0,-3.8259023731172807e-16,0.317155117100641,441.0000000000002,442.0
2012-06-01,6.637003778238424e-16,0.3155438976887104,440.99999999999983,442.0,-2.1287572764216807e-16,0.3155438976887106,440.99999999999955,442.0
2012-06-04,-3.6677774868008353e-16,0.3143795918246903,441.0,442.0,1.1977797499770413e-16,0.3143795918246891,441.00000000000165,442.0
2012-06-05,1.061101740147585e-15,0.30321946971271085,441.0000000000004,442.0,-3.0327161767527784e-16,0.3032194697127124,440.9999999999981,442.0
2012-06-06,5.406700936736613e-16,0.3033989721684872,441.00000000000045,442.0,-1.678017435238514e-16,0.30339897216848655,441.0000000000014,442.0
2012-06-07,1.427835721730394e-15,0.30440596122609753,441.0000000000001,442.0,-4.604521090524365e-16,0.30440596122609775,440.99999999999983,442.0
2012-06-08,7.229566393426065e-16,0.30550259219394194,441.0000000000005,442.0,-2.2177608109490543e-16,0.30550259219394343,440.99999999999835,442.0
2012-06-11,-1.8185748322625164e-15,0.3082933930193327,441.00000000000006,442.0,5.463341912163532e-16,0.3082933930193331,440.9999999999994,442.0
2012-06-12,-1.7618197179505616e-15,0.3100975524313267,441.00000000000057,442.0,5.581414345066732e-16,0.31009755243132753,440.9999999999994,442.0
2012-06-13,-2.6079977861068308e-15,0.30813810312854895,441.0000000000007,442.0,8.382348193981236e-16,0.308138103128549,441.0000000000006,442.0
2012-06-14,-2.2739805247340105e-15,0.30482430869381655,441.0,442.0,6.827977115149143e-16,0.30482430869381577,441.00000000000114,442.0
2012-06-15,1.5958732558410948e-15,0.30188306663176956,441.00000000000034,442.0,-4.983752566941165e-16,0.3018830666317706,440.9999999999988,442.0
2012-06-18,-7.414236908206751e-16,0.29583420940542043,440.9999999999996,442.0,2.1836439654320174e-16,0.2958342094054198,441.0000000000005,442.0
2012-06-19,-3.3094970090557696e-16,0.28890683250211996,441.0,442.0,8.013158639780912e-17,0.28890683250211924,441.00000000000114,442.0
2012-06-20,2.0675912856977127e-15,0.2803461618479502,440.99999999999955,442.0,-5.845593878936047e-16,0.28034616184794964,441.00000000000045,442.0
2012-06-21,-1.5144509940969842e-15,0.2756658299801283,441.0000000000002,442.0,4.23632880444488e-16,0.27566582998012795,441.00000000000074,442.0
2012-06-22,-2.5924800708671635e-15,0.2745929394979474,441.0000000000002,442.0,7.060706667741832e-16,0.27459293949794744,441.00000000000017,442.0
2012-06-25,8.26612884530906e-16,0.2708514586350579,441.00000000000006,442.0,-2.3110470625422774e-16,0.2708514586350572,441.00000000000114,442.0
2012-06-26,-5.718536766355043e-16,0.26992249646336947,441.0000000000001,442.0,1.5103761710018167e-16,0.2699224964633696,440.99999999999994,442.0
2012-06-27,6.155334287443093e-16,0.27231512370437866,441.0000000000003,442.0,-1.5186344902223248e-16,0.2723151237043777,441.0000000000018,442.0
2012-06-28,1.101580717867664e-15,0.27143654435742937,440.99999999999983,442.0,-3.1494751231544113e-16,0.2714365443574297,440.9999999999993,442.0
2012-06-29,-1.5862817692002728e-15,0.2756311979465428,441.00000000000034,442.0,4.538818307302806e-16,0.2756311979465433,440.99999999999955,442.0
2012-07-02,1.9829485841434373e-16,0.27604186181342666,441.00000000000006,442.0,-7.654961669436128e-17,0.27604186181342566,441.00000000000165,442.0
2012-07-03,2.494940416626633e-15,0.2775014057215196,441.00000000000006,442.0,-7.218509759587235e-16,0.2775014057215202,440.99999999999903,442.0
2012-07-04,-1.9841693127262023e-16,0.2754760953148131,441.0,442.0,5.291821970297828e-17,0.27547609531481265,441.0000000000007,442.0
2012-07-05,2.4769516430783106e-15,0.27080538463404663,441.00000000000017,442.0,-6.911384414342711e-16,0.27080538463404835,440.9999999999974,442.0
2012-07-06,2.396752333479876e-16,0.2683191041662351,441.0,442.0,-7.946080214824251e-17,0.26831910416623533,440.99999999999966,442.0
2012-07-09,-6.874234322810708e-16,0.26323652636222045,440.9999999999998,442.0,2.042741553347624e-16,0.26323652636222095,440.9999999999989,442.0
2012-07-10,-5.321585129532629e-16,0.2607625668161586,440.99999999999943,442.0,1.141863045513705e-16,0.26076256681615834,440.99999999999983,442.0
2012-07-11,2.6973867131125866e-16,0.2502149697509079,441.0000000000001,442.0,-7.1613130244493e-17,0.25021496975090907,440.99999999999807,442.0
2012-07-12,-2.319367564131033e-16,0.25008521307345266,441.00000000000045,442.0,7.860776373357506e-17,0.2500852130734528,441.0000000000002,442.0
2012-07-13,-2.03776100316387e-15,0.2586933023370302,440.9999999999998,442.0,5.527016759659441e-16,0.258693302337029,441.0000000000018,442.0
2012-07-17,2.303922100646952e-15,0.2529318420986902,441.0000000000004,442.0,-5.944321055152029e-16,0.2529318420986893,441.00000000000193,442.0
2012-07-18,6.178965919028953e-16,0.24498043155699717,441.00000000000074,442.0,-1.5036911938373683e-16,0.24498043155699722,441.0000000000007,442.0
2012-07-19,-1.6829511279185196e-15,0.25858564091587927,440.99999999999983,442.0,4.2692488843159646e-16,0.25858564091587943,440.99999999999955,442.0
2012-07-20,-2.0722868906382573e-15,0.261345732504426,440.9999999999999,442.0,5.305256271542212e-16,0.26134573250442705,440.9999999999981,442.0
2012-07-23,5.873772959228066e-16,0.26299262659912426,440.99999999999994,442.0,-1.7955187753915031e-16,0.26299262659912453,440.9999999999995,442.0
2012-07-24,-1.8538717267592265e-15,0.26188216420264326,441.0,442.0,4.887128221774245e-16,0.2618821642026431,441.00000000000034,442.0
2012-07-25,-1.878455021428796e-15,0.2644290346488607,441.00000000000045,442.0,5.083989666942442e-16,0.26442903464886147,440.99999999999915,442.0
2012-07-26,-5.454520764176074e-16,0.26671464254718374,440.9999999999997,442.0,1.1643253183006647e-16,0.26671464254718347,441.00000000000017,442.0
2012-07-27,8.171592608617204e-16,0.26705362457646936,440.99999999999983,442.0,-2.140848355480121e-16,0.267053624576469,441.00000000000045,442.0
2012-07-30,-2.228571246697709e-15,0.27079969756288136,440.9999999999994,442.0,6.108866100939701e-16,0.27079969756288125,440.99999999999955,442.0
2012-07-31,5.013235161388264e-16,0.27463099154799275,441.0000000000003,442.0,-1.2339639823725476e-16,0.2746309915479931,440.99999999999983,442.0
2012-08-01,6.045595365903185e-16,0.2806627518870376,441.0000000000002,442.0,-1.8419742351457231e-16,0.28066275188703765,441.0000000000001,442.0
2012-08-02,-7.259243575112672e-16,0.28042332393883723,440.9999999999998,442.0,2.0194611514234417e-16,0.28042332393883773,440.99999999999903,442.0
2012-08-03,-3.754144564498681e-16,0.2832636995499125,440.99999999999983,442.0,1.0091214665025612e-16,0.28326369954991193,441.0000000000007,442.0
2012-08-06,-1.2025967842424981e-16,0.28072072420130156,441.00000000000045,442.0,2.595005497345454e-17,0.2807207242013011,441.0000000000011,442.0
2012-08-07,1.7823263436124286e-15,0.278045865638767,440.9999999999998,442.0,-5.091266035683863e-16,0.27804586563876715,440.99999999999943,442.0
2012-08-08,2.845583150624143e-15,0.2755617576476201,440.9999999999995,442.0,-7.906909562309513e-16,0.27556175764761853,441.00000000000193,442.0
2012-08-09,-4.4198871733211136e-16,0.2758371232074971,441.00000000000034,442.0,1.253979498898142e-16,0.2758371232074984,440.9999999999982,442.0
2012-08-10,3.83230994468675e-16,0.2739782520286596,440.9999999999998,442.0,-1.0644900147163712e-16,0.2739782520286599,440.9999999999994,442.0
2012-08-13,7.951323988416014e-17,0.27321444837325465,441.00000000000034,442.0,-5.395822311162741e-18,0.27321444837325504,440.9999999999997,442.0
2012-08-14,-1.0970436050863737e-15,0.2714460819039015,441.00000000000017,442.0,3.2117191183676327e-16,0.27144608190390107,441.00000000000085,442.0
2012-08-15,1.1430727430552965e-15,0.2707613384245757,440.99999999999994,442.0,-3.112456592505039e-16,0.2707613384245756,441.0000000000001,442.0
2012-08-16,-2.9927819921629234e-15,0.2703220386987653,441.0000000000008,442.0,8.054061136598443e-16,0.2703220386987657,441.0000000000001,442.0
2012-08-17,-2.168850926973482e-15,0.2708640695722015,441.00000000000006,442.0,6.017199186308249e-16,0.2708640695722017,440.9999999999997,442.0
2012-08-20,4.373774158815305e-16,0.2685752218184538,441.0,442.0,-1.515542411364162e-16,0.2685752218184547,440.9999999999985,442.0
2012-08-21,9.465058488969623e-16,0.2658391531594473,441.0000000000001,442.0,-2.5290218138974536e-16,0.2658391531594478,440.9999999999993,442.0
2012-08-22,2.1595383887448756e-16,0.2626889455912462,440.99999999999955,442.0,-6.251644321016973e-17,0.262688945591246,440.99999999999994,442.0
2012-08-23,1.515468872732925e-15,0.26017823786264843,441.00000000000045,442.0,-3.9101352170611935e-16,0.2601782378626493,440.9999999999989,442.0
2012-08-24,8.96824786880511e-16,0.25822676163511094,441.00000000000006,442.0,-2.36507245469516e-16,0.2582267616351109,441.00000000000017,442.0
2012-08-27,6.795610224360091e-16,0.2519074726852361,440.99999999999994,442.0,-1.5807173869678512e-16,0.2519074726852365,440.9999999999992,442.0
2012-08-28,1.0833696286111993e-15,0.249632500051181,441.00000000000006,442.0,-2.917596384371955e-16,0.2496325000511814,440.9999999999994,442.0
2012-08-29,9.786862884101703e-18,0.25735458764008445,441.00000000000006,442.0,-9.32051557870905e-18,0.25735458764008506,440.999999999999,442.0
2012-08-30,-1.0582996512721897e-17,0.25385402573278426,441.00000000000017,442.0,6.975196178562504e-18,0.25385402573278437,440.99999999999994,442.0
2012-08-31,-1.311023623487252e-15,0.25148714004139294,441.0000000000002,442.0,3.275290982399345e-16,0.2514871400413933,440.9999999999996,442.0
2012-09-03,-1.6429044441158416e-16,0.25108570967190985,440.99999999999983,442.0,2.9366001064668244e-17,0.2510857096719102,440.99999999999926,442.0
2012-09-04,5.860301642101071e-16,0.2526917850156334,440.99999999999926,442.0,-1.5073036635647208e-16,0.2526917850156338,440.9999999999986,442.0
2012-09-05,1.0082749734327894e-15,0.250030776809731,440.9999999999999,442.0,-2.6163667269564333e-16,0.25003077680973107,440.9999999999997,442.0
2012-09-06,1.3856678725137383e-15,0.25058404339532375,440.99999999999994,442.0,-3.355734935611478e-16,0.25058404339532325,441.00000000000085,442.0
2012-09-07,4.149659879299989e-16,0.2528358010593055,441.0000000000004,442.0,-8.358069560093291e-17,0.252835801059305,441.00000000000125,442.0
2012-09-10,5.712197782484933e-16,0.2551301602854963,440.9999999999998,442.0,-1.2307411398619885e-16,0.25513016028549607,441.0000000000002,442.0
2012-09-11,-2.471450540181685e-15,0.2549920102657005,441.0000000000002,442.0,6.058344940044537e-16,0.25499201026570095,440.99999999999943,442.0
2012-09-12,6.482471970724779e-18,0.25354369939332116,441.0000000000002,442.0,-1.791973696629337e-17,0.253543699393321,441.00000000000057,442.0
2012-09-13,-1.4106240994086317e-16,0.2543464803972023,441.0000000000002,442.0,3.088641820564112e-17,0.2543464803972018,441.0000000000011,442.0
2012-09-14,4.47643593954109e-16,0.2553803666799784,440.9999999999999,442.0,-1.2089378037035273e-16,0.2553803666799779,441.00000000000074,442.0
2012-09-18,-1.3781022443383639e-15,0.25663159394405666,441.0,442.0,3.417566508561654e-16,0.25663159394405644,441.0000000000004,442.0
2012-09-19,1.910830840189371e-16,0.25902919575036715,441.9999999999999,443.0,-5.48734838819737e-17,0.259029195750367,442.0000000000001,443.0
2012-09-20,-2.306811169181843e-15,0.2566534948460914,441.9999999999993,443.0,5.652459617519478e-16,0.25665349484609185,441.9999999999985,443.0
2012-09-21,2.0441329707599987e-15,0.25330306509973843,441.99999999999994,443.0,-5.11745880286474e-16,0.2533030650997383,442.0000000000001,443.0
2012-09-24,1.130831807097769e-15,0.2558055937631151,442.0000000000001,443.0,-2.784991966624259e-16,0.25580559376311424,442.0000000000016,443.0
2012-09-25,-8.272216008983231e-16,0.2553863622138594,441.9999999999997,443.0,2.0944553034527808e-16,0.2553863622138598,441.99999999999903,443.0
2012-09-26,-1.7740101434583648e-15,0.24614369603683528,442.0000000000003,443.0,4.4360662085307496e-16,0.24614369603683472,442.00000000000125,443.0
2012-09-27,-1.906631919842448e-15,0.24161658976991185,442.0000000000003,443.0,4.639186844825449e-16,0.24161658976991235,441.9999999999994,443.0
2012-09-28,6.033866030982579e-17,0.24331530949927588,442.0000000000001,443.0,-4.5096643481566906e-17,0.243315309499276,441.9999999999999,443.0
2012-10-01,5.263226741490462e-16,0.242564954932182,442.00000000000006,443.0,-1.3751496951643426e-16,0.24256495493218252,441.9999999999991,443.0
2012-10-02,1.1417005772717452e-15,0.23807143393362956,441.99999999999994,443.0,-2.6979680568439797e-16,0.23807143393362995,441.9999999999992,443.0
2012-10-03,7.257764749109255e-16,0.23701166667461396,442.0000000000002,443.0,-1.5179361979552788e-16,0.23701166667461473,441.99999999999875,443.0
2012-10-04,9.657024420500012e-18,0.2348157876160476,441.99999999999983,443.0,-7.595535672264224e-18,0.23481578761604763,441.9999999999998,443.0
2012-10-05,-1.4946490274022256e-16,0.23335858379679197,441.9999999999998,443.0,4.974860656954076e-17,0.2333585837967919,441.99999999999994,443.0
2012-10-09,6.6413670034573e-16,0.2306466181303578,442.00000000000034,443.0,-1.6735851406648078e-16,0.23064661813035764,442.0000000000007,443.0
2012-10-10,2.1074066465479213e-15,0.22568050977296017,442.0,443.0,-4.607944158715681e-16,0.22568050977296078,441.9999999999988,443.0
2012-10-11,1.7803857792805006e-15,0.2229213952825112,441.9999999999999,443.0,-3.8027437704607786e-16,0.2229213952825116,441.9999999999991,443.0
2012-10-12,-1.4301808381850422e-15,0.22511145549578104,442.0000000000003,443.0,2.9203231186876476e-16,0.225111455495782,441.99999999999847,443.0
2012-10-15,-1.8484216186494676e-15,0.22493126795610724,441.9999999999998,443.0,4.301034057858765e-16,0.22493126795610657,442.0000000000011,443.0
2012-10-16,-1.228751468921427e-15,0.22703236977330243,442.00000000000006,443.0,2.600694406893053e-16,0.22703236977330307,441.9999999999988,443.0
2012-10-17,-9.553914372292695e-16,0.22590215118731635,442.00000000000017,443.0,2.33661883244112e-16,0.2259021511873157,442.0000000000015,443.0
2012-10-18,6.003555169240632e-16,0.22526784771502553,442.0000000000006,443.0,-1.6378844538809662e-16,0.2252678477150257,442.00000000000034,443.0
2012-10-19,1.9292457531501e-15,0.2221875003030499,441.9999999999997,443.0,-4.276417606870118e-16,0.22218750030305065,441.9999999999982,443.0
2012-10-22,2.266131153029824e-15,0.22128360090291285,441.9999999999999,443.0,-5.260069877393527e-16,0.22128360090291282,441.99999999999994,443.0
2012-10-23,-1.0565761469256726e-15,0.22123052801467868,442.0000000000006,443.0,2.751600128538575e-16,0.22123052801467905,441.9999999999999,443.0
2012-10-24,3.5568866434172453e-16,0.21395052893573735,441.99999999999983,443.0,-7.807270625488339e-17,0.21395052893573685,442.00000000000085,443.0
2012-10-25,-2.6231550945320322e-15,0.21832482264121175,442.00000000000006,443.0,5.405988973873349e-16,0.21832482264121236,441.9999999999988,443.0
2012-10-26,5.583221496846588e-16,0.2166369393119192,442.00000000000017,443.0,-1.3259728246154295e-16,0.2166369393119191,442.0000000000004,443.0
2012-10-29,-2.763131212519014e-16,0.2198339505716806,442.0,443.0,8.709761209321208e-17,0.21983395057168098,441.9999999999992,443.0
2012-10-30,2.048568738088727e-16,0.21841930282020747,441.9999999999996,443.0,-5.339607001673714e-17,0.21841930282020716,442.0000000000002,443.0
2012-10-31,-1.63073076904961e-15,0.21738516248274384,442.00000000000006,443.0,3.3491740580001e-16,0.21738516248274412,441.9999999999995,443.0
2012-11-01,-6.622498292373456e-16,0.21889553964298825,442.0,443.0,1.2289244068935366e-16,0.21889553964298883,441.99999999999886,443.0
2012-11-02,-7.2007762994991255e-16,0.22112502277137158,442.0000000000002,443.0,1.7215824236587308e-16,0.22112502277137167,442.00000000000006,443.0
2012-11-05,2.1460622251898642e-15,0.2198010981459336,442.0,443.0,-4.963326661418414e-16,0.21980109814593368,441.99999999999983,443.0
2012-11-06,-2.761672184473842e-15,0.2210051394281488,442.00000000000045,443.0,5.972331851255522e-16,0.221005139428148,442.00000000000205,443.0
2012-11-07,-2.2256251373204004e-15,0.2203484841280206,441.9999999999995,443.0,4.976261309595896e-16,0.22034848412802055,441.9999999999996,443.0
2012-11-08,1.8712039989660082e-15,0.21680086147691024,442.0000000000003,443.0,-3.830490100874287e-16,0.21680086147690955,442.0000000000017,443.0
2012-11-09,-4.869716095241786e-16,0.2183880187193436,442.0000000000001,443.0,1.324225918102701e-16,0.21838801871934385,441.9999999999996,443.0
2012-11-12,2.5214544969906226e-15,0.21835718343602997,441.9999999999998,443.0,-5.490263769886928e-16,0.2183571834360294,442.0000000000009,443.0
2012-11-13,2.6007758303184655e-15,0.21869278098809455,442.0000000000001,443.0,-5.609558108631082e-16,0.21869278098809564,441.99999999999795,443.0
2012-11-14,2.0207199569769563e-15,0.22075322859743304,442.0,443.0,-4.619341694240061e-16,0.22075322859743257,442.00000000000097,443.0
2012-11-15,2.1451952655087154e-15,0.221063676345453,441.9999999999997,443.0,-4.372778122823979e-16,0.22106367634545268,442.00000000000034,443.0
2012-11-16,8.933080617780326e-16,0.2212460794766441,442.0000000000005,443.0,-1.714823085942191e-16,0.2212460794766434,442.0000000000019,443.0
2012-11-19,-1.4101068901031821e-15,0.22129351493134666,441.99999999999983,443.0,3.237262618683224e-16,0.2212935149313476,441.99999999999795,443.0
2012-11-20,-4.276887358296062e-16,0.22369001286994522,441.9999999999998,443.0,8.721804995445245e-17,0.22369001286994464,442.0000000000009,443.0
2012-11-21,-3.790261381043578e-16,0.23140875844555767,441.9999999999998,443.0,6.683687325875523e-17,0.23140875844555656,442.0000000000019,443.0
2012-11-22,2.0464433203701682e-15,0.23143832958825536,442.0000000000001,443.0,-5.022662162293958e-16,0.23143832958825536,442.0000000000001,443.0
2012-11-26,-1.0919623358275572e-15,0.23211540205833595,441.99999999999943,443.0,2.707111870470817e-16,0.23211540205833583,441.99999999999966,443.0
2012-11-27,-7.512675460293788e-18,0.2311787287293148,441.9999999999997,443.0,1.0691860736495575e-17,0.23117872872931475,441.99999999999983,443.0
2012-11-28,8.037289003035118e-16,0.23290714826496842,441.9999999999997,443.0,-1.8417220242741148e-16,0.23290714826496794,442.0000000000006,443.0
2012-11-29,-1.2314879213532574e-15,0.2347865422299157,441.9999999999997,443.0,3.086727590219151e-16,0.23478654222991532,442.00000000000045,443.0
2012-11-30,1.0206051166125707e-15,0.23444559005726168,442.0000000000004,443.0,-2.568617171687847e-16,0.23444559005726184,442.00000000000006,443.0
2012-12-03,-4.081350595141291e-16,0.235525785113244,441.9999999999997,443.0,1.1802223488220057e-16,0.23552578511324332,442.000000000001,443.0
2012-12-04,-1.513226919161181e-15,0.23289233504640997,442.0000000000002,443.0,3.5502618857620597e-16,0.23289233504641071,441.9999999999988,443.0
2012-12-05,1.4908110269273042e-15,0.23249452049772523,442.00000000000017,443.0,-3.1792016357970516e-16,0.23249452049772515,442.00000000000034,443.0
2012-12-06,1.4850282040691914e-15,0.23247905583371395,442.0000000000004,443.0,-3.5395027099080127e-16,0.2324790558337142,441.99999999999994,443.0
2012-12-07,-1.3075550458776944e-16,0.23168843785269838,442.00000000000006,443.0,1.262598453243171e-17,0.23168843785269824,442.0000000000003,443.0
2012-12-10,1.388334706537339e-15,0.242255200386246,442.0000000000001,443.0,-3.2777968434368777e-16,0.2422552003862464,441.99999999999943,443.0
2012-12-11,-1.313964788803298e-15,0.2430796702482064,442.0000000000003,443.0,2.970554686423533e-16,0.24307967024820706,441.9999999999991,443.0
2012-12-12,1.23754614355561e-16,0.24256150484382763,442.0,443.0,-3.2258865664177335e-17,0.2425615048438278,441.9999999999997,443.0
2012-12-13,-3.3076847416079905e-15,0.24380031664704518,442.0,443.0,8.168451307336675e-16,0.2438003166470455,441.99999999999943,443.0
2012-12-14,-8.943493047571221e-16,0.2438895786514328,442.00000000000006,443.0,1.989123069894999e-16,0.24388957865143185,442.00000000000176,443.0
2012-12-17,1.525657535269154e-15,0.24371032450679872,442.0,443.0,-3.821316581519041e-16,0.24371032450679864,442.0000000000001,443.0
2012-12-18,1.7409203414839935e-15,0.24524636962575191,442.00000000000045,443.0,-4.4049801614961614e-16,0.24524636962575183,442.00000000000057,443.0
2012-12-19,-3.9244276220529963e-16,0.24512913224911595,443.0000000000002,444.0,1.1341474523406202e-16,0.2451291322491164,442.99999999999943,444.0
2012-12-20,-5.914521037293908e-16,0.2433755478923517,443.0000000000003,444.0,1.476499994209919e-16,0.2433755478923507,443.0000000000021,444.0
2012-12-21,1.0255397547576242e-15,0.2437627129784715,443.00000000000057,444.0,-2.6092478930285634e-16,0.24376271297847169,443.00000000000017,444.0
2012-12-25,-1.9831497817567702e-16,0.2436318344177555,443.00000000000006,444.0,1.920883564432864e-17,0.24363183441775568,442.9999999999997,444.0
2012-12-26,-2.2517985933908818e-17,0.24543836833126068,442.9999999999998,444.0,1.5631227614162497e-17,0.24543836833126095,442.99999999999926,444.0
2012-12-27,-3.3274362656133613e-16,0.25042003125750295,442.9999999999997,444.0,9.428244502151912e-17,0.25042003125750234,443.00000000000085,444.0
2012-12-28,2.089772164383109e-15,0.2557477057374951,443.0000000000004,444.0,-5.256908656893556e-16,0.25574770573749517,443.0000000000003,444.0
2013-01-04,1.3172686529646182e-15,0.25403135205197863,444.00000000000006,445.0,-3.3497761946509793e-16,0.25403135205197824,444.00000000000074,445.0
2013-01-07,-1.8317752859226983e-15,0.2559091815378328,444.0000000000002,445.0,4.984946693760321e-16,0.25590918153783276,444.00000000000034,445.0
2013-01-08,6.0281409896842e-16,0.26668316494307015,444.00000000000074,445.0,-1.8439833456653092e-16,0.26668316494307076,443.9999999999998,445.0
2013-01-09,-1.002862523719634e-15,0.2684887228267318,444.0000000000002,445.0,3.129535933518629e-16,0.26848872282673214,443.99999999999966,445.0
2013-01-10,1.9666882326600926e-15,0.2747420823317045,444.0000000000006,445.0,-5.351999212137588e-16,0.27474208233170644,443.9999999999975,445.0
2013-01-11,1.3048096773432465e-16,0.27525803761471357,443.99999999999994,445.0,-8.476279454701621e-18,0.27525803761471407,443.99999999999915,445.0
2013-01-15,2.907930781623795e-15,0.2797528927799704,444.0,445.0,-8.145943721510296e-16,0.2797528927799693,444.00000000000176,445.0
2013-01-16,-2.426282934587394e-15,0.28828702173369886,444.0000000000004,445.0,6.77276792194466e-16,0.2882870217337001,443.9999999999986,445.0
2013-01-17,1.0132412780192153e-15,0.2935794569951327,443.99999999999966,445.0,-2.796269825507717e-16,0.2935794569951321,444.0000000000005,445.0
2013-01-18,-1.2943008725668872e-16,0.30003337474156916,444.00000000000097,445.0,8.747438948468499e-17,0.30003337474156916,444.0000000000009,445.0
2013-01-21,-1.2813072730804825e-15,0.2931761512857672,444.0000000000002,445.0,3.4588896210454085e-16,0.2931761512857681,443.9999999999988,445.0
2013-01-22,-5.422071723346747e-16,0.2890133557935817,443.9999999999998,445.0,1.9568974847691524e-16,0.2890133557935814,444.0000000000003,445.0
2013-01-23,-8.291537079339232e-16,0.2893354701986599,444.0000000000001,445.0,2.6847887818308327e-16,0.2893354701986592,444.0000000000012,445.0
2013-01-24,-2.1531563035146064e-15,0.29024207873615515,444.0000000000004,445.0,6.287063379616021e-16,0.290242078736156,443.9999999999991,445.0
2013-01-25,7.419003201532255e-17,0.29097316439361376,443.99999999999994,445.0,-2.36425960469712e-17,0.2909731643936132,444.0000000000008,445.0
2013-01-28,5.70010355274315e-16,0.2921086027427331,443.9999999999995,445.0,-1.5515197238236066e-16,0.2921086027427323,444.00000000000074,445.0
2013-01-29,-2.14683916564416e-15,0.28804456220879476,443.9999999999999,445.0,5.907591535418221e-16,0.2880445622087939,444.0000000000013,445.0
2013-01-30,-4.700723987456551e-16,0.28823364741699353,444.0000000000003,445.0,9.036754107473107e-17,0.2882336474169947,443.99999999999847,445.0
2013-01-31,-9.534731573473214e-16,0.2895180984519373,444.00000000000017,445.0,2.631903339109095e-16,0.2895180984519366,444.0000000000013,445.0
2013-02-01,3.7416545304866327e-16,0.28412675863172876,444.0000000000004,445.0,-1.1416557346461862e-16,0.2841267586317301,443.99999999999835,445.0
2013-02-04,6.199489375256037e-16,0.28113990690252105,444.0000000000002,445.0,-1.6050625550089705e-16,0.28113990690252083,444.0000000000006,445.0
2013-02-05,-5.406677315363085e-16,0.2763007619242398,444.0000000000004,445.0,1.826281437696746e-16,0.2763007619242402,443.9999999999998,445.0
2013-02-06,-1.4820819384035275e-16,0.279948476701579,444.00000000000057,445.0,9.224894923459013e-17,0.2799484767015796,443.99999999999966,445.0
2013-02-07,-1.807921222158033e-15,0.2833607486779515,444.00000000000017,445.0,5.1068771852848405e-16,0.28336074867795225,443.99999999999903,445.0
2013-02-08,-2.332973099450451e-16,0.28151464063692405,443.9999999999997,445.0,8.738479378768167e-17,0.2815146406369237,444.0000000000002,445.0
2013-02-12,9.95770622986173e-16,0.2857665677873046,444.00000000000034,445.0,-2.9097315846129584e-16,0.28576656778730597,443.99999999999824,445.0
2013-02-13,-3.0157931080878693e-16,0.28471785577598047,443.9999999999999,445.0,1.0512316843794392e-16,0.28471785577598124,443.99999999999864,445.0
2013-02-14,1.7453711009452338e-15,0.28624044104307,443.99999999999966,445.0,-4.837342996061454e-16,0.2862404410430692,444.0000000000009,445.0
2013-02-15,1.5251678102676352e-15,0.28287058022693856,443.99999999999983,445.0,-4.252853010889058e-16,0.2828705802269378,444.000000000001,445.0
2013-02-18,1.2403139925828735e-15,0.27659229698105575,444.0,445.0,-3.2676038011023014e-16,0.2765922969810555,444.00000000000045,445.0
2013-02-19,-9.082060968980166e-16,0.27565765228124534,443.99999999999966,445.0,2.4159380465365205e-16,0.2756576522812449,444.00000000000034,445.0
2013-02-20,2.6329722586217928e-15,0.277372501180475,443.99999999999994,445.0,-7.44419596798862e-16,0.2773725011804753,443.9999999999995,445.0
2013-02-21,-6.92237972989135e-16,0.2803478724277556,444.0000000000002,445.0,1.945846724983824e-16,0.28034787242775605,443.9999999999995,445.0
2013-02-22,1.1546660198312374e-15,0.27912532548529545,444.0000000000003,445.0,-3.1004634221513567e-16,0.2791253254852954,444.00000000000034,445.0
2013-02-25,9.37336522465983e-17,0.2780341925746138,443.9999999999997,445.0,-4.672180072181359e-17,0.27803419257461454,443.9999999999985,445.0
2013-02-26,-1.7422981291423496e-16,0.27493872685119886,444.00000000000017,445.0,2.97404755835788e-17,0.2749387268511998,443.9999999999987,445.0
2013-02-27,-5.610110877107826e-16,0.2751375102980282,444.00000000000034,445.0,1.4882074850845395e-16,0.275137510298028,444.0000000000006,445.0
2013-02-28,1.1377462900947793e-15,0.2726775095865602,443.9999999999996,445.0,-3.071201604525304e-16,0.2726775095865611,443.999999999998,445.0
2013-03-01,-2.311752525667031e-15,0.27004741485003836,444.00000000000045,445.0,6.362522698943017e-16,0.2700474148500381,444.0000000000009,445.0
2013-03-04,7.965802935763277e-16,0.26701459489453855,444.0,445.0,-2.0563169600478554e-16,0.26701459489453816,444.0000000000007,445.0
2013-03-05,-2.0705602616770613e-17,0.26509584664323915,444.00000000000074,445.0,1.401332751875924e-17,0.2650958466432395,444.00000000000017,445.0
2013-03-06,3.939027766698094e-16,0.2631644280002597,443.99999999999983,445.0,-1.1962562800548065e-16,0.2631644280002597,443.9999999999998,445.0
2013-03-07,3.7171153578643915e-16,0.2619664669158337,444.0000000000004,445.0,-1.0748391473613956e-16,0.2619664669158338,444.0000000000002,445.0
2013-03-08,-1.0547652165482808e-15,0.2636631118578178,443.9999999999999,445.0,2.79611617433048e-16,0.26366311185781915,443.99999999999767,445.0
2013-03-11,-5.2453868330705105e-18,0.26229484285401267,443.9999999999995,445.0,1.2469303034372001e-17,0.26229484285401267,443.9999999999995,445.0
2013-03-12,-5.066849790608616e-16,0.2588131505449844,444.00000000000017,445.0,1.4161167974536607e-16,0.2588131505449851,443.9999999999989,445.0
2013-03-13,2.5451247257135027e-16,0.2573141117889737,443.9999999999999,445.0,-8.779648625737938e-17,0.25731411178897406,443.9999999999992,445.0
2013-03-14,-9.393103340732602e-16,0.2592227651611412,443.9999999999993,445.0,2.2638543807857036e-16,0.25922276516113973,444.0000000000018,445.0
2013-03-15,8.960050562415164e-16,0.25911433952853075,443.99999999999966,445.0,-2.46422937232743e-16,0.259114339528531,443.9999999999992,445.0
2013-03-18,1.4738389691823395e-15,0.25770358885781425,443.99999999999994,445.0,-3.725348568675539e-16,0.25770358885781436,443.9999999999998,445.0
2013-03-19,1.144622120906181e-15,0.2578025815957551,443.9999999999998,445.0,-3.026560082248004e-16,0.25780258159575525,443.99999999999955,445.0
2013-03-21,-2.182522698613265e-16,0.2621883551320728,444.00000000000034,445.0,8.318695402038189e-17,0.2621883551320731,443.9999999999998,445.0
2013-03-22,1.05523914345931e-15,0.26267822976170696,444.00000000000034,445.0,-2.987317324110464e-16,0.2626782297617066,444.0000000000009,445.0
2013-03-25,-1.1871905815270227e-15,0.2642360390467755,443.9999999999997,445.0,3.3104568525478897e-16,0.26423603904677595,443.999999999999,445.0
2013-03-26,-2.5485339034363752e-15,0.26367139125602146,443.99999999999966,445.0,6.854397880654352e-16,0.26367139125602107,444.0000000000004,445.0
2013-03-27,1.100827760481782e-15,0.26076123264213397,443.9999999999999,445.0,-2.998420241583981e-16,0.26076123264213313,444.00000000000136,445.0
2013-03-28,3.169608139913697e-16,0.25799648866383107,443.9999999999998,445.0,-8.194943842752603e-17,0.25799648866383046,444.00000000000085,445.0
2013-03-29,9.837911386111925e-17,0.257169063351486,444.0000000000006,445.0,-4.39391188671033e-17,0.25716906335148676,443.9999999999992,445.0
2013-04-01,3.6745348463588404e-16,0.25568430216514815,444.0,445.0,-1.2024292481217784e-16,0.2556843021651495,443.9999999999977,445.0
2013-04-02,2.8751555412273983e-16,0.2594372125575383,443.99999999999983,445.0,-6.801857635522111e-17,0.25943721255753777,444.0000000000008,445.0
2013-04-03,6.826861707404003e-16,0.2592766650048582,445.0000000000002,446.0,-1.6278266000537263e-16,0.2592766650048584,444.9999999999999,446.0
2013-04-04,1.9192046975875284e-16,0.2578569166098912,444.99999999999994,446.0,-5.274130693301891e-17,0.25785691660989035,445.0000000000014,446.0
2013-04-05,3.591719357310701e-16,0.2584301571830065,444.99999999999994,446.0,-9.438891130341058e-17,0.25843015718300666,444.99999999999966,446.0
2013-04-08,1.694668141102874e-16,0.2635093523521788,444.99999999999983,446.0,-3.666437219946656e-17,0.2635093523521788,444.9999999999999,446.0
2013-04-09,-6.932922014412432e-16,0.2654957692592694,444.99999999999994,446.0,2.2010395920047426e-16,0.2654957692592692,445.0000000000002,446.0
2013-04-10,-7.975492925750386e-16,0.2697957374524289,444.9999999999998,446.0,1.9971116590853336e-16,0.2697957374524268,445.00000000000324,446.0
2013-04-11,-2.5142906712917427e-15,0.2698282066336805,445.0000000000004,446.0,6.907746154124975e-16,0.2698282066336803,445.0000000000008,446.0
2013-04-12,9.123012544804278e-16,0.2737833725805871,445.00000000000045,446.0,-2.343448322931782e-16,0.2737833725805875,444.99999999999983,446.0
2013-04-15,-2.613061872587629e-15,0.27344115616790815,444.99999999999966,446.0,7.050181040838164e-16,0.27344115616790843,444.9999999999992,446.0
2013-04-16,1.6416867260992647e-15,0.2753211678439302,444.9999999999999,446.0,-4.219108032483179e-16,0.2753211678439298,445.0000000000005,446.0
2013-04-17,-1.950115740508533e-15,0.27850490151463797,444.99999999999955,446.0,5.206713627841043e-16,0.2785049015146378,444.9999999999998,446.0
2013-04-18,-1.7905386336988445e-16,0.2816659046124025,445.0000000000001,446.0,3.765658435051153e-17,0.2816659046124032,444.999999999999,446.0
2013-04-19,-2.0909698075688113e-15,0.2813600681685367,444.9999999999998,446.0,5.708944712245511e-16,0.28136006816853676,444.99999999999966,446.0
2013-04-22,3.3653419232734266e-16,0.28296391357354733,445.00000000000045,446.0,-7.736522365693212e-17,0.28296391357354644,445.0000000000019,446.0
2013-04-23,1.852848497515975e-15,0.2884511271090654,445.0000000000001,446.0,-5.461523604392113e-16,0.2884511271090667,444.9999999999981,446.0
2013-04-24,-1.2336243188019691e-15,0.2891284871802884,445.00000000000034,446.0,3.3141168233572774e-16,0.2891284871802885,445.0000000000001,446.0
2013-04-25,-2.29228486211843e-15,0.2930827435968856,445.00000000000034,446.0,7.066437598586064e-16,0.29308274359688474,445.00000000000165,446.0
2013-04-26,-6.143389221013951e-16,0.29172011928087366,445.0000000000002,446.0,1.873569045629141e-16,0.291720119280874,444.9999999999998,446.0
2013-04-30,2.0003416126302604e-15,0.29406519976229906,445.0000000000002,446.0,-5.884582588749536e-16,0.29406519976229983,444.9999999999991,446.0
2013-05-01,-9.531020556028466e-16,0.29798062803044395,444.9999999999999,446.0,3.023221420338389e-16,0.2979806280304427,445.0000000000018,446.0
2013-05-02,-7.233610652081706e-16,0.29972322818219377,444.9999999999997,446.0,2.4224021944961384e-16,0.2997232281821937,444.9999999999998,446.0
2013-05-07,-1.3895401499495993e-15,0.30270519062769186,444.99999999999983,446.0,4.3113557104445987e-16,0.30270519062769036,445.00000000000205,446.0
2013-05-08,-3.811621426838135e-16,0.3040674109338718,445.00000000000017,446.0,1.3165646712098423e-16,0.30406741093387196,444.9999999999999,446.0
2013-05-09,2.059674709375437e-15,0.3036251892501063,444.9999999999996,446.0,-6.641812924295883e-16,0.30362518925010634,444.9999999999995,446.0
2013-05-10,3.196786143052795e-18,0.3019605411758958,445.00000000000006,446.0,5.708527380102915e-18,0.30196054117589594,444.9999999999999,446.0
2013-05-13,-8.454750226223781e-16,0.3008034439003577,445.0000000000002,446.0,2.9699917208347103e-16,0.30080344390035885,444.99999999999847,446.0
2013-05-14,-7.761148321742375e-16,0.3015894675222516,444.99999999999994,446.0,1.795328201324967e-16,0.301589467522251,445.00000000000074,446.0
2013-05-15,1.1864424255300107e-16,0.302672026004584,445.00000000000006,446.0,-7.559513628252089e-17,0.30267202600458265,445.00000000000205,446.0
2013-05-16,-1.0961160603979277e-15,0.2991733840710576,444.9999999999999,446.0,3.130266045737903e-16,0.2991733840710585,444.9999999999986,446.0
2013-05-17,-3.719592529043824e-17,0.30092399041959805,444.99999999999983,446.0,-1.970869402533556e-17,0.3009239904195977,445.0000000000003,446.0
2013-05-20,-2.0492359623857336e-15,0.3015776177954868,445.00000000000006,446.0,6.485527252690282e-16,0.3015776177954867,445.0000000000002,446.0
2013-05-21,2.6726137931071324e-16,0.3059273637025384,445.00000000000017,446.0,-1.0252064736536211e-16,0.30592736370253915,444.99999999999915,446.0
2013-05-22,2.252518606869067e-15,0.3051726551554694,445.0000000000001,446.0,-6.739751916240404e-16,0.3051726551554702,444.99999999999886,446.0
2013-05-23,-8.921456934873646e-17,0.3021252492542005,445.0000000000004,446.0,1.5643635016292337e-17,0.30212524925420087,444.99999999999983,446.0
2013-05-24,-1.3424998292672916e-17,0.31233556081215275,444.99999999999955,446.0,3.4351701037713366e-17,0.3123355608121522,445.0000000000004,446.0
2013-05-27,-1.505030917247073e-15,0.31562875951042474,445.0000000000001,446.0,4.74694846056755e-16,0.3156287595104242,445.0000000000009,446.0
2013-05-28,-1.3035291989963126e-15,0.31799828239385264,444.9999999999998,446.0,3.9309536029064694e-16,0.3179982823938518,445.00000000000097,446.0
2013-05-29,3.294147743386317e-16,0.31713885740765985,445.0000000000003,446.0,-1.0223130123989133e-16,0.31713885740766024,444.9999999999997,446.0
2013-05-30,2.733140691895506e-15,0.3183764930919945,444.99999999999966,446.0,-8.312445403825923e-16,0.3183764930919941,445.0000000000002,446.0
2013-05-31,1.0641294028642073e-15,0.3239091706608959,445.0000000000004,446.0,-3.368271488194915e-16,0.3239091706608952,445.00000000000136,446.0
2013-06-03,-9.618703466164921e-17,0.32377141834509976,445.0,446.0,1.0084778415917208e-17,0.3237714183450997,445.00000000000006,446.0
2013-06-04,6.478487724221955e-16,0.32337663661835064,445.0000000000002,446.0,-1.972955013362008e-16,0.32337663661835075,445.00000000000006,446.0
2013-06-05,-1.9189929478021616e-15,0.31480647884438917,444.9999999999998,446.0,6.222764157972421e-16,0.31480647884438984,444.99999999999886,446.0
2013-06-06,-2.186192718003652e-16,0.3120491495399704,444.99999999999955,446.0,5.777189346040587e-17,0.3120491495399703,444.9999999999997,446.0
2013-06-07,-3.042859047781331e-16,0.3170883005050831,445.00000000000034,446.0,1.3488441429804909e-16,0.3170883005050831,445.00000000000034,446.0
2013-06-10,2.378675371574683e-15,0.32053981618672084,445.00000000000034,446.0,-7.585514970302822e-16,0.3205398161867208,445.0000000000004,446.0
2013-06-11,9.404731783363745e-16,0.32146668079463914,446.00000000000017,447.0,-3.342332921770326e-16,0.3214666807946393,445.99999999999994,447.0
2013-06-12,8.953797394537272e-16,0.32252411323014424,445.9999999999997,447.0,-2.8032519099477706e-16,0.3225241132301436,446.0000000000005,447.0
2013-06-13,-2.4679133928638137e-15,0.32080687462190327,446.00000000000045,447.0,8.075988179380078e-16,0.32080687462190305,446.0000000000008,447.0
2013-06-14,-8.148941299735546e-16,0.3227835429070512,445.9999999999996,447.0,2.607538472472363e-16,0.32278354290705047,446.00000000000057,447.0
2013-06-17,-2.2194353098699035e-15,0.32129714362006023,446.0000000000005,447.0,7.097572434875952e-16,0.3212971436200603,446.00000000000045,447.0
2013-06-18,1.671429744014999e-15,0.3199952859903896,445.99999999999994,447.0,-5.04920011933359e-16,0.3199952859903897,445.99999999999983,447.0
2013-06-19,-3.751716330596012e-16,0.3198403542511089,445.9999999999998,447.0,7.417590240474414e-17,0.31984035425110807,446.00000000000097,447.0
2013-06-20,-3.063486015600544e-16,0.31678413093446883,447.0,448.0,8.556452272789086e-17,0.3167841309344698,446.99999999999864,448.0
2013-06-21,1.7019336805898873e-15,0.31559303391784477,447.00000000000017,448.0,-5.054332069337419e-16,0.3155930339178441,447.00000000000114,448.0
2013-06-24,1.9358460498651513e-15,0.31334222675673107,446.9999999999998,448.0,-5.829207239300636e-16,0.31334222675673096,446.99999999999994,448.0
2013-06-25,-1.125092082990672e-16,0.31536783885284103,446.99999999999966,448.0,3.548178587232097e-17,0.3153678388528412,446.9999999999994,448.0
2013-06-26,1.909907908204019e-15,0.3174624526089699,447.0000000000005,448.0,-5.976610667930173e-16,0.3174624526089692,447.0000000000014,448.0
2013-06-27,-2.766652455499751e-15,0.32207228010701616,446.99999999999983,448.0,9.045553308499025e-16,0.3220722801070168,446.9999999999989,448.0
2013-06-28,-7.652327590500327e-16,0.32144580650700644,446.99999999999994,448.0,2.2239868872968803e-16,0.32144580650700705,446.99999999999915,448.0
2013-07-01,1.8253797162437936e-15,0.32316354035472566,446.99999999999966,448.0,-5.974975099072577e-16,0.32316354035472583,446.99999999999943,448.0
2013-07-02,-1.943350771049668e-15,0.3231148298758495,446.99999999999983,448.0,6.192418679168472e-16,0.32311482987584955,446.9999999999998,448.0
2013-07-03,-8.938169338105908e-16,0.3207160563929943,448.0000000000003,449.0,2.505582425015774e-16,0.3207160563929943,448.0000000000003,449.0
2013-07-04,1.114172625783588e-15,0.32121575827328097,447.9999999999999,449.0,-3.347443417931187e-16,0.3212157582732804,448.0000000000007,449.0
2013-07-05,2.096787577760306e-15,0.32065980836509267,447.99999999999966,449.0,-7.215765138556922e-16,0.3206598083650932,447.99999999999886,449.0
2013-07-08,-1.3542057755822684e-15,0.32195730180557375,448.0000000000004,449.0,4.2840543856355684e-16,0.321957301805574,448.0,449.0
2013-07-09,-1.6620393712442299e-15,0.32462427377878983,447.99999999999966,449.0,5.330126696046951e-16,0.32462427377879016,447.99999999999915,449.0
2013-07-10,-1.9036213017292412e-15,0.32497544227827596,448.00000000000017,449.0,6.225003381973098e-16,0.3249754422782769,447.99999999999886,449.0
2013-07-11,-1.7094452633204728e-15,0.2921056479958746,448.0000000000004,449.0,4.715765452806971e-16,0.29210564799587385,448.0000000000015,449.0
2013-07-12,-7.641227289935816e-16,0.326010900211222,448.0,449.0,2.277872341960242e-16,0.32601090021122237,447.99999999999943,449.0
2013-07-16,-5.7962477466456e-16,0.32031679371233696,452.00000000000006,453.0,1.8602094569963915e-16,0.3203167937123358,452.00000000000165,453.0
2013-07-17,-1.4297595393913207e-15,0.3198221862807711,452.0,453.0,4.789676823780625e-16,0.31982218628077025,452.0000000000012,453.0
2013-07-18,-1.238116859833318e-15,0.3217321896794179,452.00000000000045,453.0,4.313539986473114e-16,0.32173218967941664,452.0000000000022,453.0
2013-07-19,7.0748763482348e-16,0.32249843315651866,452.00000000000017,453.0,-2.698587791500172e-16,0.3224984331565185,452.0000000000004,453.0
2013-07-22,1.4285903103162596e-15,0.3239864545180129,451.9999999999996,453.0,-4.838473167120985e-16,0.3239864545180117,452.00000000000125,453.0
2013-07-23,2.8937695986562916e-15,0.32588289775649276,451.9999999999998,453.0,-9.294760137458328e-16,0.3258828977564934,451.9999999999989,453.0
2013-07-24,-4.1869855514920727e-16,0.32686291203217593,452.0,453.0,1.177034624291868e-16,0.32686291203217643,451.9999999999993,453.0
2013-07-25,-9.559231808679949e-17,0.3298165818120517,451.99999999999994,453.0,4.446946700043965e-17,0.32981658181205237,451.9999999999991,453.0
2013-07-26,-9.904405946220519e-16,0.3321160109577726,452.00000000000017,453.0,3.2779641946661207e-16,0.3321160109577726,452.0000000000001,453.0
2013-07-29,-1.7984187259533766e-15,0.33956047697930825,451.9999999999998,453.0,5.634313852784291e-16,0.33956047697930797,452.00000000000017,453.0
2013-07-30,-5.22759662241991e-16,0.35055058249492,452.0000000000003,453.0,2.0609375948872044e-16,0.35055058249491977,452.0000000000006,453.0
2013-07-31,5.408797740505776e-16,0.35562261974932013,452.0000000000003,453.0,-2.1969874842313172e-16,0.3556226197493201,452.00000000000034,453.0
2013-08-01,2.873846524397118e-16,0.3576283306698309,451.9999999999999,453.0,-1.0552875478599604e-16,0.35762833066983074,452.0000000000001,453.0
2013-08-02,-2.097983972079099e-15,0.360735713532433,452.0000000000002,453.0,7.431203058119558e-16,0.36073571353243233,452.0000000000011,453.0
2013-08-05,-1.5050812831398707e-15,0.3638167856143573,452.00000000000006,453.0,5.607975459485239e-16,0.3638167856143563,452.00000000000136,453.0
2013-08-06,-4.2807830953258523e-16,0.3666249989571114,451.9999999999995,453.0,1.7555948373046941e-16,0.3666249989571118,451.999999999999,453.0
2013-08-07,-9.076799321767082e-16,0.3709702881879251,451.9999999999999,453.0,3.1126729418156783e-16,0.3709702881879252,451.9999999999998,453.0
2013-08-08,-4.2869459811950177e-16,0.37584613919639404,452.00000000000017,453.0,1.529678096252283e-16,0.37584613919639426,451.99999999999994,453.0
2013-08-09,-8.878147373268404e-18,0.37341337892333853,452.00000000000045,453.0,-6.525002175966382e-19,0.37341337892333837,452.0000000000006,453.0
2013-08-12,-3.8305042343039257e-16,0.37771984079881393,452.00000000000006,453.0,9.945829988224373e-17,0.3777198407988139,452.0000000000001,453.0
2013-08-13,5.404717748047217e-16,0.37848806268677937,452.00000000000045,453.0,-1.900083259447874e-16,0.3784880626867785,452.00000000000153,453.0
2013-08-14,1.0184177249468514e-15,0.3832892340464834,451.9999999999997,453.0,-3.8552670814851183e-16,0.3832892340464825,452.00000000000074,453.0
2013-08-15,3.484492253719039e-16,0.3871388341198669,452.0000000000002,453.0,-1.2373846568864633e-16,0.38713883411986605,452.0000000000012,453.0
2013-08-16,2.8119517506259094e-15,0.40249967566033634,452.0000000000002,453.0,-1.1398450637605113e-15,0.4024996756603361,452.00000000000045,453.0
2013-08-19,-1.56515717657343e-15,0.4038967812413641,451.99999999999966,453.0,6.426990313485256e-16,0.4038967812413627,452.0000000000012,453.0
2013-08-20,-1.2367070701364507e-15,0.4035682842433653,451.9999999999994,453.0,4.696543675862704e-16,0.4035682842433649,451.99999999999983,453.0
2013-08-21,-3.1182489732104356e-16,0.40392429931072865,452.0000000000002,453.0,1.325936353372433e-16,0.4039242993107299,451.99999999999886,453.0
2013-08-22,-5.890069239807677e-16,0.40446529935969805,452.0,453.0,2.0734361344547743e-16,0.404465299359699,451.999999999999,453.0
2013-08-23,-1.1591665109791627e-15,0.4062888758748814,451.9999999999997,453.0,4.661477372829706e-16,0.40628887587488116,452.0,453.0
2013-08-26,-2.9250519908685553e-15,0.4110183081216801,452.0000000000001,453.0,1.2267677923738781e-15,0.41101830812168116,451.999999999999,453.0
2013-08-27,3.2270225348741427e-16,0.41212943667919893,451.99999999999966,453.0,-1.432187088904335e-16,0.41212943667920104,451.9999999999973,453.0
2013-08-28,-3.311532008285577e-16,0.4120561889161845,452.0000000000001,453.0,1.3673349677296914e-16,0.4120561889161853,451.99999999999926,453.0
2013-08-29,-1.277887216724071e-15,0.4184353623850124,451.9999999999996,453.0,5.238970344445524e-16,0.4184353623850137,451.9999999999982,453.0
2013-08-30,-2.9717022964328827e-15,0.42739211710958486,452.0000000000006,453.0,1.276091574447415e-15,0.42739211710958425,452.0000000000013,453.0
2013-09-02,6.286273992298611e-16,0.4361686399864783,451.99999999999983,453.0,-2.8304370696275894e-16,0.4361686399864792,451.9999999999989,453.0
2013-09-03,-7.631804725010458e-17,0.4425619980531374,452.0000000000001,453.0,2.7050104213055114e-17,0.44256199805313556,452.000000000002,453.0
2013-09-04,-1.976125306973649e-15,0.44537056241837375,452.0000000000003,453.0,8.970289364794425e-16,0.44537056241837425,451.9999999999998,453.0
2013-09-05,1.0850776375081624e-15,0.447011634674657,452.00000000000017,453.0,-5.145569042316915e-16,0.4470116346746568,452.00000000000034,453.0
2013-09-06,2.8111738083798426e-15,0.4460679667997747,451.9999999999997,453.0,-1.2527966849088536e-15,0.4460679667997746,451.9999999999998,453.0
2013-09-09,-1.7132583431713022e-15,0.44794613458972776,451.99999999999994,453.0,7.759938152500587e-16,0.4479461345897272,452.0000000000005,453.0
2013-09-10,-3.4793016561398285e-16,0.46709092620291864,451.9999999999999,453.0,1.569343306227549e-16,0.4670909262029201,451.9999999999985,453.0
2013-09-11,-6.058295245143673e-16,0.4893405413484696,452.0000000000002,453.0,2.8543626288785056e-16,0.4893405413484697,452.0000000000001,453.0
2013-09-12,-1.03321198128877e-15,0.4988860736229423,452.0000000000001,453.0,4.906957088800085e-16,0.4988860736229432,451.9999999999993,453.0
2013-09-13,1.5905720059153297e-15,0.4996662590775489,452.00000000000034,453.0,-7.537928811275042e-16,0.49966625907755147,451.999999999998,453.0
2013-09-17,-4.303270442668725e-17,0.509730016910757,451.99999999999983,453.0,-1.1443256618138242e-17,0.5097300169107556,452.000000000001,453.0
2013-09-18,2.6405266235381837e-15,0.5212062077407744,451.99999999999994,453.0,-1.4034138311208798e-15,0.5212062077407729,452.00000000000125,453.0
2013-09-19,-2.510819470841289e-15,0.5260368476110185,451.9999999999998,453.0,1.3228221004420762e-15,0.5260368476110191,451.9999999999994,453.0
2013-09-20,9.444047634160285e-16,0.5283508979837305,452.9999999999997,454.0,-4.992855901395525e-16,0.5283508979837306,452.99999999999966,454.0
2013-09-24,-9.354841455854715e-16,0.5314724082313673,453.0000000000003,454.0,4.975788154433376e-16,0.5314724082313671,453.00000000000045,454.0
2013-09-25,7.04066956688245e-16,0.5299191448488275,453.0000000000001,454.0,-3.811446798532004e-16,0.5299191448488277,453.0,454.0
2013-09-26,-3.086065915781525e-16,0.5003535341690655,453.0000000000004,454.0,1.5775799611196047e-16,0.5003535341690643,453.0000000000015,454.0
2013-09-27,1.5959066236390206e-15,0.5000191498362611,452.99999999999983,454.0,-7.680434633198426e-16,0.5000191498362612,452.9999999999998,454.0
2013-09-30,1.1248036180380699e-17,0.5005947362219121,452.99999999999983,454.0,3.40453772847883e-17,0.5005947362219131,452.999999999999,454.0
2013-10-01,1.963307792181558e-15,0.5011344618678315,453.9999999999998,455.0,-9.997327322603666e-16,0.5011344618678287,454.00000000000233,455.0
2013-10-02,-1.9838368709826632e-15,0.49885878273530015,453.9999999999998,455.0,1.011327536040612e-15,0.49885878273529854,454.00000000000125,455.0
2013-10-03,-1.1965058804324093e-15,0.49761679408783804,453.9999999999999,455.0,6.386124863693778e-16,0.4976167940878363,454.0000000000015,455.0
2013-10-04,-2.0939066575016217e-16,0.49809507961180854,453.9999999999996,455.0,8.773849859176776e-17,0.49809507961181015,453.9999999999981,455.0
2013-10-07,7.560042396019398e-16,0.497654496744042,454.00000000000017,455.0,-3.8591247838454746e-16,0.4976544967440435,453.9999999999988,455.0
2013-10-08,-1.5102599636498429e-15,0.5002936251510004,453.99999999999983,455.0,7.706195996799142e-16,0.5002936251509995,454.0000000000006,455.0
2013-10-09,-4.831105566954435e-16,0.5015089075271054,454.00000000000045,455.0,2.27901736634892e-16,0.5015089075271058,454.00000000000017,455.0
2013-10-10,-1.2702683954225984e-15,0.5065567295457367,453.9999999999998,455.0,5.805648321328596e-16,0.5065567295457349,454.00000000000136,455.0
2013-10-11,2.227480544802868e-16,0.5087192785948196,453.99999999999983,455.0,-1.4021881193552817e-16,0.5087192785948192,454.00000000000006,455.0
2013-10-15,-1.6163635735401517e-16,0.5104601372986761,453.99999999999955,455.0,2.4457247049857895e-17,0.5104601372986757,454.0,455.0
2013-10-16,-2.4043083829516675e-15,0.5130289878964825,454.0,455.0,1.2328731278774939e-15,0.5130289878964819,454.0000000000005,455.0
2013-10-17,9.3647231802376e-16,0.5142426715843585,454.00000000000006,455.0,-4.841316026348415e-16,0.5142426715843578,454.00000000000074,455.0
2013-10-18,-5.02145329343672e-16,0.5138259968857724,454.00000000000017,455.0,2.299105006566709e-16,0.513825996885773,453.99999999999955,455.0
2013-10-21,9.695013018133303e-16,0.5136493305969024,454.0,455.0,-4.910231162628744e-16,0.513649330596903,453.99999999999955,455.0
2013-10-22,-1.0773156780420724e-15,0.5131813368929791,454.00000000000034,455.0,5.410849967109816e-16,0.5131813368929794,454.00000000000006,455.0
2013-10-23,-1.3362532248162196e-15,0.516813614600924,453.99999999999994,455.0,6.914880201822535e-16,0.516813614600923,454.00000000000085,455.0
2013-10-24,-1.5151782233875295e-15,0.5143579844651102,453.9999999999997,455.0,7.753512529774796e-16,0.5143579844651084,454.0000000000013,455.0
2013-10-25,-1.4510976111920086e-15,0.515218450712254,453.9999999999995,455.0,7.347274219532036e-16,0.5152184507122525,454.0000000000009,455.0
2013-10-28,2.7265302964427663e-15,0.5144653144076359,453.99999999999994,455.0,-1.4156237314487391e-15,0.5144653144076371,453.99999999999886,455.0
2013-10-29,-2.1478666474462314e-15,0.5165140986542018,454.00000000000006,455.0,1.1123106560098788e-15,0.5165140986542004,454.00000000000136,455.0
2013-10-30,5.251726024681742e-16,0.5128209411763592,454.00000000000017,455.0,-2.739952263907164e-16,0.5128209411763579,454.0000000000014,455.0
2013-10-31,-1.066461793598847e-15,0.5184073650207788,453.99999999999994,455.0,5.725335148631145e-16,0.5184073650207778,454.00000000000085,455.0
2013-11-01,1.063942774372097e-15,0.5174178563730591,455.0000000000003,456.0,-5.63696292887094e-16,0.5174178563730607,454.9999999999989,456.0
2013-11-05,-1.1904297232668025e-15,0.5172102325814527,455.00000000000017,456.0,5.877921954642012e-16,0.5172102325814536,454.9999999999994,456.0
2013-11-06,1.8606820661213403e-15,0.519055201150208,454.9999999999993,456.0,-9.64373706523567e-16,0.519055201150205,455.00000000000193,456.0
2013-11-07,-6.587362366239085e-16,0.5360356578535072,454.9999999999999,456.0,3.24172867813654e-16,0.5360356578535055,455.00000000000136,456.0
2013-11-08,-5.111210750483713e-16,0.5351246261550096,455.0000000000001,456.0,3.084807223420772e-16,0.5351246261550108,454.9999999999991,456.0
2013-11-11,5.231964304424256e-17,0.535800120513875,454.9999999999997,456.0,1.0674169809051174e-17,0.5358001205138739,455.0000000000006,456.0
2013-11-12,-1.3109270687369582e-16,0.5301845950524754,454.99999999999966,456.0,9.304508405559971e-17,0.5301845950524748,455.0000000000001,456.0
2013-11-13,-2.1104431581698366e-15,0.5281286324768278,454.99999999999983,456.0,1.166463839681343e-15,0.5281286324768267,455.00000000000074,456.0
2013-11-14,-6.616368355689504e-16,0.5240937999154378,454.99999999999994,456.0,3.7995962662211593e-16,0.5240937999154368,455.00000000000074,456.0
2013-11-15,-5.44406101733548e-16,0.524687449315477,455.00000000000006,456.0,2.6173496399018306e-16,0.5246874493154766,455.0000000000003,456.0
2013-11-18,-8.350292777369803e-16,0.5239241452288796,455.0000000000003,456.0,4.08523318261101e-16,0.5239241452288802,454.99999999999983,456.0
2013-11-19,-1.1401721554605178e-15,0.5237359924007884,454.99999999999983,456.0,6.02803156937331e-16,0.5237359924007884,454.9999999999999,456.0
2013-11-20,3.474259616478149e-16,0.5181080516148155,455.0000000000003,456.0,-1.539550345308438e-16,0.5181080516148175,454.9999999999986,456.0
2013-11-21,3.3391953027263895e-16,0.5162374417526506,454.99999999999983,456.0,-1.889008719232667e-16,0.5162374417526497,455.00000000000057,456.0
2013-11-22,1.5688374026028386e-15,0.5140039859167957,455.00000000000034,456.0,-8.052242345625103e-16,0.5140039859167951,455.0000000000009,456.0
2013-11-25,-7.945420645370527e-16,0.5128371647750076,454.9999999999999,456.0,3.939680740720383e-16,0.5128371647750072,455.0000000000003,456.0
2013-11-26,9.925029480641473e-16,0.5143564156613897,455.00000000000006,456.0,-5.041437377283203e-16,0.5143564156613913,454.9999999999986,456.0
2013-11-27,-1.010743236658036e-15,0.5123764973366461,454.99999999999994,456.0,4.875368129950955e-16,0.5123764973366469,454.9999999999992,456.0
2013-11-28,6.901302435607989e-16,0.5150301641554272,455.00000000000045,456.0,-3.561534449352711e-16,0.5150301641554286,454.9999999999993,456.0
2013-11-29,-2.1633474983834102e-15,0.5177508132619438,454.9999999999996,456.0,1.1010516532804484e-15,0.5177508132619412,455.000000000002,456.0
2013-12-02,2.3074472513331124e-15,0.5169469346607257,455.0000000000002,456.0,-1.227973859514713e-15,0.5169469346607252,455.0000000000007,456.0
2013-12-03,9.666383937345416e-16,0.5152982005387322,455.0000000000003,456.0,-5.34720591521546e-16,0.5152982005387344,454.99999999999835,456.0
2013-12-04,4.1875049930915616e-16,0.5260568865122107,454.9999999999997,456.0,-2.1641253579522165e-16,0.5260568865122067,455.00000000000324,456.0
2013-12-05,-8.858479313077997e-16,0.5310971769418568,455.00000000000006,456.0,4.813086750460489e-16,0.5310971769418573,454.9999999999996,456.0
2013-12-06,1.7285937012473669e-15,0.5323619014385729,454.99999999999994,456.0,-9.010895297400507e-16,0.532361901438571,455.00000000000153,456.0
2013-12-09,1.0916935933012763e-15,0.5320854033065234,455.0,456.0,-5.816596558494687e-16,0.5320854033065241,454.9999999999994,456.0
2013-12-10,2.017627370893285e-15,0.5335586931988097,455.0,456.0,-1.0633737136301457e-15,0.5335586931988109,454.999999999999,456.0
2013-12-11,3.0503251856410467e-16,0.5370018243927547,455.0000000000002,456.0,-1.719029377661065e-16,0.5370018243927556,454.9999999999995,456.0
2013-12-12,9.103807548455566e-17,0.5376313408732671,455.00000000000006,456.0,-6.179726999412608e-17,0.537631340873266,455.00000000000097,456.0
2013-12-13,9.079981138670211e-16,0.5418030512675395,454.99999999999955,456.0,-5.167670363119181e-16,0.5418030512675385,455.00000000000045,456.0
2013-12-16,-5.676082581192557e-17,0.5434877995335649,455.0000000000001,456.0,7.279378170011285e-17,0.5434877995335649,455.00000000000017,456.0
2013-12-17,3.480688653301322e-16,0.5425090369122254,455.0000000000001,456.0,-2.0850307542337455e-16,0.5425090369122256,454.9999999999999,456.0
2013-12-18,-2.109114914685751e-15,0.5469995415134998,454.9999999999993,456.0,1.1390967376976334e-15,0.5469995415134986,455.0000000000003,456.0
2013-12-19,-1.2620554122433828e-16,0.5446351049424273,456.00000000000017,457.0,5.006783360424135e-17,0.5446351049424262,456.0000000000011,457.0
2013-12-20,1.3065293305842713e-15,0.546698458669279,456.0000000000003,457.0,-7.340782391380154e-16,0.5466984586692782,456.0000000000009,457.0
2013-12-24,1.565894873564978e-15,0.5474256575451388,456.0000000000001,457.0,-8.529151211978422e-16,0.5474256575451368,456.00000000000176,457.0
2013-12-25,5.427646918106901e-16,0.5485603160013736,456.0000000000001,457.0,-2.5770105885579377e-16,0.5485603160013729,456.0000000000007,457.0
2013-12-26,5.543564856528384e-16,0.5413071917922427,456.0,457.0,-2.819571762069988e-16,0.5413071917922417,456.00000000000085,457.0
2013-12-27,-1.8028328087165667e-15,0.5438267880407616,456.00000000000017,457.0,9.559630322500501e-16,0.5438267880407619,455.99999999999983,457.0
2013-12-30,-2.171309363237295e-15,0.546526127325929,456.00000000000017,457.0,1.19579231157987e-15,0.546526127325931,455.9999999999986,457.0
2014-01-06,2.414336432666972e-15,0.5413511048727527,456.0000000000003,457.0,-1.3043416977708717e-15,0.5413511048727546,455.99999999999875,457.0
2014-01-07,4.3520545678139086e-16,0.5471920421420542,456.0000000000001,457.0,-2.4037480034441186e-16,0.5471920421420543,456.0,457.0
2014-01-08,-2.7686774476457775e-15,0.5489012311395144,456.0000000000002,457.0,1.5084213967676047e-15,0.5489012311395136,456.0000000000008,457.0
2014-01-09,2.2255602432831747e-16,0.5480229974570271,455.9999999999998,457.0,-8.981909591405236e-17,0.5480229974570267,456.0000000000001,457.0
2014-01-10,-1.581621853159352e-15,0.558099879131218,456.0000000000001,457.0,9.00809750254058e-16,0.5580998791312185,455.9999999999997,457.0
2014-01-14,-1.9951143810196723e-15,0.5534470226309083,456.00000000000006,457.0,1.0910873214716976e-15,0.5534470226309091,455.9999999999995,457.0
2014-01-15,1.7198722358390976e-15,0.5490081081805861,456.00000000000006,457.0,-9.753662344033768e-16,0.5490081081805844,456.0000000000014,457.0
2014-01-16,-2.729623646461837e-16,0.5483053898589156,456.00000000000034,457.0,2.0934441099147762e-16,0.5483053898589147,456.0000000000011,457.0
2014-01-17,1.7388984577079264e-16,0.5474422648544497,456.0000000000001,457.0,-9.396120403230357e-17,0.5474422648544485,456.00000000000114,457.0
2014-01-20,1.167883642628523e-15,0.546289550669605,456.00000000000034,457.0,-6.81165775881634e-16,0.5462895506696056,455.9999999999999,457.0
2014-01-21,-3.175154400945662e-15,0.5462484848547449,455.99999999999983,457.0,1.6889776355029682e-15,0.5462484848547446,456.00000000000006,457.0
2014-01-22,3.69003048516149e-16,0.5421321140330267,456.0000000000001,457.0,-1.6996524101813687e-16,0.5421321140330291,455.99999999999807,457.0
2014-01-23,2.7480560237638363e-15,0.5374237906243341,456.0000000000003,457.0,-1.472465023899433e-15,0.5374237906243355,455.99999999999903,457.0
2014-01-24,-1.2393583456299462e-15,0.5404889626871514,455.9999999999998,457.0,6.552421953992129e-16,0.5404889626871513,455.99999999999983,457.0
2014-01-27,-2.3882360659853802e-15,0.5427580472945166,456.0,457.0,1.3069450457033558e-15,0.5427580472945152,456.00000000000114,457.0
2014-01-28,-2.0628940817175983e-16,0.5426120308950436,456.0000000000003,457.0,7.154669615925902e-17,0.5426120308950462,455.9999999999981,457.0
2014-01-29,9.535364808514266e-16,0.5391295028427452,456.0000000000001,457.0,-4.902772684842247e-16,0.5391295028427439,456.0000000000013,457.0
2014-01-30,1.897631753569859e-15,0.5413752816873453,456.0000000000004,457.0,-1.0398461438988672e-15,0.5413752816873452,456.00000000000045,457.0
2014-01-31,-8.257934997763514e-17,0.5465691265014944,456.0000000000002,457.0,6.599410333425516e-17,0.5465691265014967,455.99999999999824,457.0
2014-02-03,1.8214337939806984e-15,0.5500875328968535,456.0000000000005,457.0,-9.985753995525208e-16,0.5500875328968547,455.99999999999955,457.0
2014-02-04,-1.8425227194918786e-15,0.5550973787851431,456.0000000000002,457.0,1.0303063738728196e-15,0.5550973787851425,456.0000000000007,457.0
2014-02-05,-2.7728737570686916e-16,0.5555500935551135,456.0000000000002,457.0,1.180383940181029e-16,0.5555500935551136,456.0000000000001,457.0
2014-02-06,9.547964570799685e-16,0.5564792580834691,456.0000000000003,457.0,-5.4148642271291435e-16,0.5564792580834704,455.99999999999915,457.0
2014-02-07,-4.221403366469472e-16,0.5567762252927305,456.0000000000001,457.0,2.0633162597923024e-16,0.5567762252927312,455.9999999999996,457.0
2014-02-10,-1.6568048837666066e-15,0.5609507561746478,456.00000000000017,457.0,9.34547241168717e-16,0.560950756174646,456.00000000000165,457.0
2014-02-12,-2.8152911681261495e-15,0.5574753388740147,456.00000000000034,457.0,1.5585091725337781e-15,0.5574753388740158,455.9999999999995,457.0
2014-02-13,1.0404756112135593e-15,0.5605815036655671,456.0000000000002,457.0,-6.232122447464674e-16,0.5605815036655682,455.9999999999993,457.0
2014-02-14,1.6153595905384238e-17,0.5600622836341401,456.00000000000034,457.0,-3.3884456754477803e-18,0.5600622836341401,456.00000000000034,457.0
2014-02-17,8.445432974677972e-16,0.5532458660185847,456.0000000000001,457.0,-5.070457441299646e-16,0.5532458660185856,455.9999999999994,457.0
2014-02-18,7.479461643099922e-16,0.5577608467950917,455.9999999999999,457.0,-4.29256395317608e-16,0.5577608467950917,455.99999999999994,457.0
2014-02-19,-3.813290194939858e-16,0.5578563708439007,455.9999999999999,457.0,2.070008543807531e-16,0.5578563708438986,456.0000000000016,457.0
2014-02-20,2.3512757745850956e-15,0.5551749935334994,455.9999999999995,457.0,-1.3099202430295045e-15,0.5551749935334992,455.99999999999966,457.0
2014-02-21,2.2243008569451047e-15,0.5587053064807489,456.0000000000001,457.0,-1.2370811002458692e-15,0.5587053064807502,455.99999999999903,457.0
2014-02-24,7.560472089021821e-16,0.5547382267478304,456.00000000000017,457.0,-4.709795161682237e-16,0.5547382267478297,456.00000000000074,457.0
2014-02-25,1.4345727404168564e-15,0.5549635881824677,456.00000000000006,457.0,-7.928389801446576e-16,0.5549635881824672,456.0000000000005,457.0
2014-02-26,1.6887339765469365e-15,0.5573060664108728,455.9999999999997,457.0,-9.623492657896013e-16,0.5573060664108754,455.9999999999975,457.0
2014-02-27,2.3252659025091933e-15,0.5562039656638236,456.0000000000003,457.0,-1.2798891132006348e-15,0.5562039656638252,455.99999999999886,457.0
2014-02-28,1.8139276028211353e-15,0.5550370686149856,456.0000000000002,457.0,-1.0328887842066857e-15,0.5550370686149871,455.9999999999989,457.0
2014-03-03,2.119023475962967e-15,0.5529670869009027,455.9999999999996,457.0,-1.156276264901475e-15,0.5529670869009017,456.00000000000045,457.0
2014-03-04,-1.6008811370020277e-15,0.5453340609524188,456.0,457.0,8.598505225899481e-16,0.5453340609524184,456.0000000000003,457.0
2014-03-05,-6.155014417536043e-16,0.5452308939594117,456.0000000000004,457.0,3.4203499175165824e-16,0.5452308939594115,456.0000000000005,457.0
2014-03-06,5.00032568815744e-16,0.5452405915693985,456.00000000000017,457.0,-2.675592806418511e-16,0.5452405915693983,456.0000000000004,457.0
2014-03-07,2.0007931752760293e-15,0.5465636813514964,456.0000000000003,457.0,-1.0907072844568592e-15,0.5465636813514955,456.000000000001,457.0
2014-03-10,-1.5825074268782157e-15,0.5477130951328777,456.0000000000001,457.0,8.130640501140696e-16,0.5477130951328805,455.9999999999978,457.0
2014-03-11,1.7148786448537071e-15,0.5456891891223548,456.00000000000006,457.0,-9.40226237511116e-16,0.5456891891223549,455.99999999999994,457.0
2014-03-12,1.3569101826313844e-15,0.5498350926357031,455.9999999999997,457.0,-7.54148928750415e-16,0.5498350926357037,455.99999999999915,457.0
2014-03-13,1.8620415810744454e-15,0.5547547646545179,456.00000000000017,457.0,-9.844586475290175e-16,0.5547547646545178,456.0000000000002,457.0
2014-03-14,-2.0495051757446217e-15,0.5571377468757891,455.9999999999996,457.0,1.1209155837719006e-15,0.5571377468757897,455.99999999999915,457.0
2014-03-17,2.190114249061169e-15,0.5581372866362305,456.00000000000017,457.0,-1.2102163991237454e-15,0.5581372866362329,455.9999999999983,457.0
2014-03-18,-1.8710877822090763e-17,0.5570777021397281,456.0000000000003,457.0,-2.7288814210093854e-18,0.5570777021397294,455.99999999999915,457.0
2014-03-19,-3.2874644667822137e-16,0.5572988325664879,455.99999999999955,457.0,2.0393631488702308e-16,0.5572988325664889,455.9999999999987,457.0
2014-03-20,1.0223807128305151e-16,0.5569602933040488,456.0000000000001,457.0,-7.780587336494997e-17,0.5569602933040483,456.0000000000005,457.0
2014-03-24,8.963936262927284e-16,0.555861100235582,456.0,457.0,-5.041039718927822e-16,0.5558611002355813,456.0000000000005,457.0
2014-03-25,-7.28849342338332e-16,0.5513116257932759,456.00000000000006,457.0,3.734992385312107e-16,0.5513116257932755,456.0000000000004,457.0
2014-03-26,-1.3534491631397785e-15,0.5475404246918132,456.00000000000006,457.0,7.435346449080127e-16,0.5475404246918131,456.0000000000001,457.0
2014-03-27,6.428570889827869e-16,0.5419126305436149,456.00000000000006,457.0,-3.9109928363036877e-16,0.541912630543615,455.9999999999999,457.0
2014-03-28,2.5064596787463842e-15,0.5396480214219477,456.00000000000034,457.0,-1.3843748833607953e-15,0.5396480214219475,456.0000000000005,457.0
2014-03-31,-4.684356471527944e-16,0.5397373303322294,455.9999999999997,457.0,2.6135440362509363e-16,0.53973733033223,455.99999999999915,457.0
2014-04-01,-1.9330118852320678e-15,0.5362432204800437,456.9999999999996,458.0,1.01571086559434e-15,0.5362432204800422,457.0000000000008,458.0
2014-04-02,2.4053862046956588e-15,0.5377298050871404,456.9999999999999,458.0,-1.2503262652944236e-15,0.5377298050871393,457.0000000000008,458.0
2014-04-03,-9.904683799755075e-17,0.5393121452309022,456.9999999999999,458.0,2.6514668093048948e-17,0.539312145230905,456.99999999999756,458.0
2014-04-04,9.472771677630376e-16,0.5466010036392422,457.00000000000006,458.0,-5.352908231945795e-16,0.5466010036392424,457.0,458.0
2014-04-07,-1.439473853743245e-15,0.5528017340567554,457.0000000000002,458.0,7.901887608358494e-16,0.5528017340567547,457.00000000000074,458.0
2014-04-08,-2.532074908616902e-15,0.5548430576629608,456.99999999999994,458.0,1.357673650015254e-15,0.5548430576629599,457.0000000000007,458.0
2014-04-09,-1.139121223952556e-15,0.5559639333384717,457.0000000000001,458.0,6.070159820994584e-16,0.5559639333384744,456.99999999999795,458.0
2014-04-10,-4.3380767533518282e-16,0.5568121883592029,457.0000000000002,458.0,2.3076171004373205e-16,0.5568121883592037,456.9999999999996,458.0
2014-04-11,-1.68309470015641e-15,0.5659861664834926,457.00000000000006,458.0,9.769919247689726e-16,0.5659861664834919,457.0000000000007,458.0
2014-04-14,7.094370126553275e-16,0.5643617361019325,457.0,458.0,-3.98809711662023e-16,0.5643617361019321,457.0000000000004,458.0
2014-04-15,6.55491878117464e-16,0.5649722086737218,456.99999999999994,458.0,-3.623306380771386e-16,0.5649722086737213,457.0000000000003,458.0
2014-04-16,-4.850789919419197e-16,0.5694890674066322,456.99999999999983,458.0,2.6822147554147943e-16,0.569489067406632,457.0,458.0
2014-04-17,-1.7906547428597197e-15,0.5738057362936829,457.00000000000017,458.0,1.0629740187360305e-15,0.5738057362936814,457.00000000000136,458.0
2014-04-18,4.2012785734993595e-16,0.5734963340281669,457.0000000000002,458.0,-2.3325517208497835e-16,0.573496334028167,457.0000000000001,458.0
2014-04-21,-2.280673914502372e-15,0.5792521375422456,456.99999999999983,458.0,1.3613933309454098e-15,0.5792521375422454,457.0,458.0
2014-04-22,-5.894309981616676e-16,0.57106406069812,456.9999999999996,458.0,3.3362163983015956e-16,0.5710640606981187,457.0000000000007,458.0
2014-04-23,9.376426782313463e-18,0.5708927483737012,457.9999999999998,459.0,-7.876483230975173e-19,0.5708927483737003,458.0000000000005,459.0
2014-04-24,2.191446466452157e-16,0.5770532795101277,458.00000000000017,459.0,-1.277891537827192e-16,0.577053279510127,458.0000000000008,459.0
2014-04-25,1.5544915148847406e-15,0.5809798991734056,458.00000000000045,459.0,-8.796137634337288e-16,0.580979899173408,457.99999999999864,459.0
2014-04-28,-2.0579549950362696e-16,0.57964853625619,458.0,459.0,1.1300522280696785e-16,0.5796485362561891,458.0000000000007,459.0
2014-04-30,1.4569988310272332e-15,0.5779236098224407,458.0,459.0,-8.2250159173359e-16,0.5779236098224422,457.9999999999989,459.0
2014-05-01,-1.2062803053664374e-15,0.577481329898929,457.9999999999997,459.0,7.286056966988762e-16,0.577481329898928,458.0000000000005,459.0
2014-05-02,1.239390843179282e-15,0.5760358943739592,457.99999999999983,459.0,-7.008222617178914e-16,0.5760358943739575,458.0000000000012,459.0
2014-05-07,1.6844118457402301e-15,0.5837909280852409,458.0000000000001,459.0,-9.784613961856973e-16,0.5837909280852421,457.99999999999915,459.0
2014-05-08,-2.2977753101921256e-15,0.5908997885562896,458.0000000000001,459.0,1.3888461225963984e-15,0.5908997885562922,457.99999999999807,459.0
2014-05-09,-3.830098244756812e-16,0.5884574892052641,457.9999999999999,459.0,2.1060074431470033e-16,0.5884574892052631,458.0000000000007,459.0
2014-05-12,-6.927037336062305e-16,0.5920926217952361,457.99999999999983,459.0,4.578585385189457e-16,0.5920926217952359,457.99999999999994,459.0
2014-05-13,-2.0788351991963083e-15,0.5921745382631715,458.00000000000017,459.0,1.1821094264218623e-15,0.5921745382631722,457.9999999999996,459.0
2014-05-14,2.0833467922832774e-15,0.5940972199659298,458.0000000000003,459.0,-1.224720438343043e-15,0.5940972199659301,457.99999999999994,459.0
2014-05-15,-1.4951881107127844e-17,0.5974765955977446,457.99999999999994,459.0,1.7215543410568114e-17,0.5974765955977435,458.0000000000008,459.0
2014-05-16,-4.158446713666134e-16,0.603447414586947,458.0000000000005,459.0,2.4551898279832085e-16,0.6034474145869481,457.9999999999997,459.0
2014-05-19,1.537560817985672e-16,0.6038607041173529,458.0000000000003,459.0,-2.6150939830780234e-17,0.6038607041173516,458.00000000000125,459.0
2014-05-20,-2.7822457827226853e-15,0.6008543821416408,457.9999999999993,459.0,1.6357520866947426e-15,0.600854382141638,458.0000000000014,459.0
2014-05-21,6.884795245197515e-16,0.6020846165763242,457.99999999999994,459.0,-4.281307468438632e-16,0.6020846165763253,457.9999999999991,459.0
2014-05-22,-1.6735869991904086e-15,0.6028120197977793,458.00000000000006,459.0,1.0125924767509216e-15,0.6028120197977814,457.99999999999847,459.0
2014-05-23,1.7667107948768035e-15,0.6019613091267616,457.99999999999983,459.0,-1.0552594029975435e-15,0.6019613091267603,458.00000000000085,459.0
2014-05-26,-1.0482234567077384e-15,0.6011032932439752,458.0000000000001,459.0,6.510807876553076e-16,0.6011032932439757,457.9999999999997,459.0
2014-05-27,1.8068857298433086e-15,0.6023861413252111,457.9999999999999,459.0,-1.0959171787444257e-15,0.6023861413252103,458.0000000000005,459.0
2014-05-28,2.487212152712554e-15,0.6056111252153491,458.00000000000006,459.0,-1.4965190135062821e-15,0.605611125215348,458.0000000000009,459.0
2014-05-29,-1.5341411598459742e-15,0.6023893960141234,458.00000000000017,459.0,9.149039211598115e-16,0.6023893960141238,457.9999999999999,459.0
2014-05-30,-7.673847774040005e-17,0.6033319097740747,458.0,459.0,2.1377898859576667e-17,0.6033319097740757,457.9999999999992,459.0
2014-06-02,1.4179197361025974e-15,0.5995171044013847,457.99999999999966,459.0,-8.181780424781046e-16,0.5995171044013852,457.9999999999993,459.0
2014-06-03,8.146262508455532e-16,0.6040461534598602,458.00000000000006,459.0,-4.802236050086712e-16,0.6040461534598621,457.99999999999864,459.0
2014-06-04,4.141656567392419e-16,0.6056610467549217,458.00000000000085,459.0,-2.8024908238181886e-16,0.6056610467549229,457.99999999999994,459.0
2014-06-05,2.056794588829993e-15,0.6038854955018668,457.9999999999999,459.0,-1.2808535152228298e-15,0.6038854955018658,458.0000000000007,459.0
2014-06-06,1.4714933148446595e-15,0.6041647997143056,458.00000000000034,459.0,-9.047481676170418e-16,0.6041647997143056,458.0000000000003,459.0
2014-06-09,1.1811227395723753e-16,0.6074572345482101,457.9999999999995,459.0,-1.1164989503825346e-16,0.6074572345482069,458.0000000000019,459.0
2014-06-10,9.416305960527522e-16,0.6088272825959423,457.9999999999999,459.0,-5.463472208766083e-16,0.6088272825959397,458.00000000000193,459.0
2014-06-11,6.687280199992522e-16,0.6121879140157979,457.9999999999996,459.0,-4.0487279522844357e-16,0.6121879140157964,458.0000000000007,459.0
2014-06-12,2.671305878164322e-16,0.6128136798113968,458.0000000000001,459.0,-1.5437198862822023e-16,0.612813679811399,457.9999999999985,459.0
2014-06-13,4.302850505838393e-16,0.6158196222592489,458.00000000000006,459.0,-2.7379929519272356e-16,0.6158196222592485,458.0000000000004,459.0
2014-06-16,-4.164892349981763e-16,0.6187136349111347,457.9999999999997,459.0,2.7877420446204747e-16,0.6187136349111345,457.99999999999994,459.0
2014-06-17,-1.4138380818956092e-15,0.619121817541826,457.99999999999943,459.0,9.032222932800336e-16,0.619121817541826,457.99999999999943,459.0
2014-06-18,5.399670261562199e-16,0.6180213248588229,458.0000000000001,459.0,-3.4481099331492274e-16,0.6180213248588233,457.9999999999998,459.0
2014-06-19,1.2669748456646627e-15,0.6188987421881338,458.0,459.0,-7.719668521129951e-16,0.6188987421881338,458.0,459.0
2014-06-20,-1.6464921659262393e-15,0.6206156092822513,457.99999999999966,459.0,1.0203051073700138e-15,0.6206156092822531,457.99999999999835,459.0
2014-06-23,1.3757092053387919e-15,0.6205599318542191,458.0000000000003,459.0,-8.963962335782666e-16,0.6205599318542167,458.0000000000021,459.0
2014-06-24,-7.398977854992548e-16,0.6198959588885168,457.99999999999983,459.0,4.333040249293422e-16,0.6198959588885158,458.00000000000057,459.0
2014-06-25,8.669084409136645e-16,0.6222188595678415,458.00000000000034,459.0,-5.595526823436002e-16,0.6222188595678417,458.0000000000001,459.0
2014-06-26,-1.9914052742624066e-15,0.6200279054543472,457.9999999999997,459.0,1.2618205558771435e-15,0.6200279054543497,457.99999999999784,459.0
2014-06-27,1.2052438470539362e-15,0.6190968405610441,457.9999999999995,459.0,-7.499805078753375e-16,0.6190968405610429,458.00000000000034,459.0
2014-06-30,6.177875223991315e-16,0.6194728898942119,457.9999999999997,459.0,-4.2640471915276607e-16,0.6194728898942103,458.00000000000085,459.0
2014-07-01,4.6455796211844935e-16,0.6147653193222357,458.00000000000006,459.0,-2.694709758730421e-16,0.6147653193222344,458.0000000000009,459.0
2014-07-02,1.5413839849389634e-15,0.6154418124164072,458.0000000000003,459.0,-9.302108965603744e-16,0.6154418124164089,457.999999999999,459.0
2014-07-03,2.0547280047278297e-15,0.6147731062792228,458.00000000000057,459.0,-1.2854316219943884e-15,0.6147731062792239,457.9999999999998,459.0
2014-07-04,-1.6031206180915295e-15,0.6153787624746212,457.99999999999966,459.0,9.799421791036307e-16,0.6153787624746193,458.000000000001,459.0
2014-07-07,1.994664083970374e-15,0.6127626431873672,457.9999999999998,459.0,-1.1884326879706241e-15,0.6127626431873646,458.00000000000165,459.0
2014-07-08,4.1676013704931964e-16,0.6084168612577019,457.99999999999915,459.0,-2.0323860993084927e-16,0.6084168612577011,457.9999999999997,459.0
2014-07-09,1.98092425049166e-15,0.6077310378295827,458.00000000000006,459.0,-1.1758177548396568e-15,0.6077310378295813,458.0000000000012,459.0
2014-07-10,1.4287601774230132e-15,0.6036498824583556,457.99999999999994,459.0,-8.679286733054548e-16,0.6036498824583537,458.00000000000136,459.0
2014-07-11,-2.1052308022857946e-15,0.6057376855722033,457.99999999999994,459.0,1.2454292603931937e-15,0.6057376855722049,457.9999999999988,459.0
2014-07-14,-1.9681705618458992e-16,0.6020428699466293,457.9999999999997,459.0,1.2616417214283285e-16,0.6020428699466305,457.99999999999886,459.0
2014-07-15,2.06941877202705e-15,0.6038791304213367,458.0,459.0,-1.289086268107228e-15,0.6038791304213376,457.9999999999993,459.0
2014-07-16,1.4489579675642144e-15,0.6010297161298424,458.0,459.0,-8.533693082058184e-16,0.6010297161298408,458.0000000000012,459.0
2014-07-17,-2.31016460165624e-15,0.5970608989775098,457.9999999999997,459.0,1.3866538456661777e-15,0.5970608989775087,458.0000000000006,459.0
2014-07-18,2.1422478955241295e-15,0.5988027550148014,458.0000000000003,459.0,-1.2545952173747478e-15,0.5988027550148016,458.0000000000001,459.0
2014-07-22,-1.1859472414456302e-15,0.5976971541279398,458.00000000000017,459.0,6.747797609659974e-16,0.5976971541279383,458.0000000000013,459.0
2014-07-23,-9.219881235297541e-16,0.5947667880378922,457.9999999999999,459.0,5.844472963312708e-16,0.5947667880378931,457.99999999999926,459.0
2014-07-24,-2.3777883356496765e-15,0.5948849988488671,458.0,459.0,1.3950048311733143e-15,0.5948849988488656,458.0000000000012,459.0
2014-07-25,1.2429579696466049e-15,0.5956176232195591,458.0000000000001,459.0,-7.263789424116017e-16,0.5956176232195574,458.0000000000015,459.0
2014-07-28,-1.0084754182866582e-15,0.5973894077765601,457.99999999999983,459.0,5.610739914816276e-16,0.5973894077765592,458.00000000000045,459.0
2014-07-29,-8.194458499133253e-16,0.5955302249578506,458.00000000000017,459.0,4.622100927027231e-16,0.5955302249578519,457.99999999999915,459.0
2014-07-30,-4.3502463369438133e-16,0.5944358353944911,457.99999999999955,459.0,2.7794017778553146e-16,0.5944358353944926,457.99999999999835,459.0
2014-07-31,-1.3498872628016421e-15,0.592960622006089,458.00000000000006,459.0,7.974795595755266e-16,0.59296062200609,457.99999999999926,459.0
2014-08-01,-3.482949916118795e-16,0.5946742153741713,458.0,459.0,1.768113792537108e-16,0.5946742153741724,457.9999999999991,459.0
2014-08-04,3.064443209112334e-15,0.5958366007930468,457.99999999999966,459.0,-1.854339626273432e-15,0.5958366007930495,457.99999999999756,459.0
2014-08-05,-5.715883735854118e-16,0.5916947817399622,458.0000000000002,459.0,3.1226847159055744e-16,0.5916947817399639,457.9999999999989,459.0
2014-08-06,-1.0758760143532257e-15,0.595670556793084,458.0000000000003,459.0,6.877620252418509e-16,0.5956705567930844,458.0,459.0
2014-08-07,-1.789913503860536e-16,0.5976200942923175,457.9999999999998,459.0,1.033925175136372e-16,0.5976200942923174,457.99999999999983,459.0
2014-08-08,1.3756723049603038e-16,0.5931318723224905,457.99999999999994,459.0,-7.201206050133296e-17,0.5931318723224892,458.000000000001,459.0
2014-08-11,-1.6771349588822654e-16,0.5936503684492597,457.99999999999943,459.0,6.925419093172909e-17,0.5936503684492594,457.9999999999996,459.0
2014-08-12,3.341850296163657e-16,0.5841495608425774,457.99999999999994,459.0,-2.1509198144512028e-16,0.5841495608425765,458.0000000000006,459.0
2014-08-13,-5.391866771819893e-17,0.5814248609195034,458.00000000000074,459.0,3.4011489241317406e-17,0.5814248609195061,457.99999999999864,459.0
2014-08-14,-1.8621871853298772e-16,0.5796737981168123,458.0000000000001,459.0,8.831249596694233e-17,0.5796737981168144,457.99999999999847,459.0
2014-08-15,-3.400766061966953e-16,0.5812639803015376,458.00000000000017,459.0,2.2177770586530993e-16,0.5812639803015378,458.0,459.0
2014-08-18,-1.1645488349439169e-15,0.5812259175464806,458.00000000000006,459.0,6.598082494107753e-16,0.5812259175464769,458.00000000000296,459.0
2014-08-19,8.88414578194633e-16,0.5819967185362531,457.99999999999966,459.0,-4.999397755890865e-16,0.5819967185362539,457.99999999999903,459.0
2014-08-20,3.857371549893021e-16,0.5788335393314888,458.0000000000002,459.0,-2.44327227596401e-16,0.5788335393314873,458.0000000000014,459.0
2014-08-21,2.1377799150097947e-15,0.577977545909752,457.99999999999926,459.0,-1.2263872570950567e-15,0.5779775459097505,458.0000000000005,459.0
2014-08-22,4.3897140973017496e-16,0.5802752104051219,457.99999999999994,459.0,-2.570304578221373e-16,0.5802752104051218,458.0,459.0
2014-08-25,-9.551129640377996e-16,0.5814673955547188,458.00000000000006,459.0,5.44760526430929e-16,0.5814673955547224,457.99999999999727,459.0
2014-08-26,1.795017134394245e-16,0.5779712426983439,458.0000000000001,459.0,-1.2063997873758784e-16,0.5779712426983438,458.00000000000017,459.0
2014-08-27,5.175934760149745e-16,0.5754540090934966,458.00000000000006,459.0,-3.2066238824758773e-16,0.575454009093497,457.99999999999983,459.0
2014-08-28,-5.093429944862708e-16,0.5756234782267806,458.0,459.0,2.9017749028303873e-16,0.5756234782267796,458.00000000000074,459.0
2014-08-29,1.1085583529094461e-15,0.5741230722766473,458.00000000000114,459.0,-6.392359022380469e-16,0.5741230722766477,458.0000000000008,459.0
2014-09-01,8.811079825586515e-16,0.5710103061037014,457.9999999999999,459.0,-4.819299904165557e-16,0.5710103061037008,458.00000000000034,459.0
2014-09-02,-3.1379875135699648e-15,0.5659424955214584,458.00000000000074,459.0,1.7522869607534382e-15,0.5659424955214571,458.00000000000176,459.0
2014-09-03,1.9543548401826984e-15,0.5646107260856817,458.0000000000004,459.0,-1.1223160194123262e-15,0.5646107260856832,457.99999999999926,459.0
2014-09-04,4.4225439621781333e-16,0.5660132628879591,457.9999999999997,459.0,-2.713532109326102e-16,0.5660132628879591,457.9999999999998,459.0
2014-09-05,7.262553606508277e-16,0.5637853261268101,458.0000000000002,459.0,-3.911787438581453e-16,0.5637853261268085,458.0000000000014,459.0
2014-09-08,-2.43214288414965e-15,0.5626497568976521,457.99999999999983,459.0,1.360282619732382e-15,0.5626497568976496,458.0000000000018,459.0
2014-09-09,2.441905072142625e-15,0.5582112340108227,457.99999999999994,459.0,-1.3845993594238004e-15,0.5582112340108207,458.00000000000153,459.0
2014-09-10,9.356881874473305e-17,0.5569044335681124,458.00000000000006,459.0,3.5186600141084945e-18,0.5569044335681134,457.9999999999992,459.0
2014-09-11,2.2038265473865957e-15,0.5554564173799017,458.00000000000006,459.0,-1.2270774042916028e-15,0.5554564173799021,457.99999999999966,459.0
2014-09-12,1.8138561462933013e-15,0.5526985185698513,458.00000000000017,459.0,-9.711433576451421e-16,0.5526985185698506,458.00000000000074,459.0
2014-09-16,1.3237094516476929e-15,0.5511634390202612,457.99999999999983,459.0,-6.941740522913402e-16,0.5511634390202602,458.0000000000007,459.0
2014-09-17,-7.184511726949175e-17,0.5490189873421603,458.0000000000003,459.0,-8.712442348379666e-18,0.5490189873421603,458.00000000000034,459.0
2014-09-18,-1.055043878213011e-15,0.5496913606546906,457.9999999999997,459.0,6.427814971359838e-16,0.5496913606546924,457.9999999999983,459.0
2014-09-19,1.3797527371539783e-15,0.5497735183360555,457.9999999999998,459.0,-7.452186386779953e-16,0.5497735183360561,457.99999999999926,459.0
2014-09-22,-5.35445467882496e-16,0.5488916968587492,458.00000000000006,459.0,3.023518187831976e-16,0.5488916968587504,457.9999999999991,459.0
2014-09-24,3.0642668717839346e-15,0.5512528611108026,458.00000000000017,459.0,-1.707623122086581e-15,0.5512528611108015,458.00000000000114,459.0
2014-09-25,-1.3721819689975408e-15,0.5539476695037672,457.9999999999997,459.0,7.263761836618474e-16,0.553947669503766,458.0000000000007,459.0
2014-09-26,1.2166601998304335e-15,0.5572815293954585,457.99999999999994,459.0,-6.87610966451301e-16,0.5572815293954578,458.0000000000005,459.0
2014-09-29,5.166692614979339e-16,0.558623309165536,457.99999999999983,459.0,-2.840267478168956e-16,0.5586233091655347,458.0000000000009,459.0
2014-09-30,5.174596475131836e-16,0.5581259404645095,458.0000000000004,459.0,-3.0695967850710354e-16,0.5581259404645106,457.9999999999995,459.0
2014-10-01,1.3831525948786708e-15,0.5594009250153901,458.9999999999999,460.0,-7.952528210755611e-16,0.5594009250153906,458.9999999999994,460.0
2014-10-02,-1.2709366506322715e-15,0.5615084069799657,459.00000000000017,460.0,7.077956728434335e-16,0.561508406979968,458.9999999999983,460.0
2014-10-03,-9.396924955288064e-16,0.5660817100996556,458.9999999999996,460.0,5.502505383967268e-16,0.5660817100996542,459.0000000000007,460.0
2014-10-06,-2.9775218162629217e-15,0.5669151542423568,458.99999999999994,460.0,1.7379972358427748e-15,0.5669151542423574,458.99999999999955,460.0
2014-10-07,1.4251245809465934e-15,0.561136591955205,458.9999999999996,460.0,-8.0336874446294e-16,0.5611365919552035,459.00000000000085,460.0
2014-10-08,2.2635102480679133e-16,0.5596394035794571,459.0000000000001,460.0,-1.2536957656141628e-16,0.5596394035794576,458.99999999999966,460.0
2014-10-09,6.785339645839251e-17,0.5566757897462844,459.9999999999999,461.0,-1.0827298032745541e-17,0.5566757897462833,460.00000000000074,461.0
2014-10-10,2.3437158873343784e-15,0.558976126782048,460.0000000000002,461.0,-1.301077754494899e-15,0.5589761267820484,459.9999999999999,461.0
2014-10-14,-1.0754300161934836e-15,0.5601908401595116,460.0000000000003,461.0,6.356413894187409e-16,0.5601908401595131,459.999999999999,461.0
2014-10-15,-1.669182711052853e-15,0.5600884166775547,459.9999999999997,461.0,9.888129500172402e-16,0.5600884166775528,460.00000000000125,461.0
2014-10-16,-2.384514733452975e-16,0.5572859572810319,461.0000000000002,462.0,1.2590655096390652e-16,0.5572859572810314,461.0000000000007,462.0
2014-10-17,-3.5218880609177923e-16,0.5577343290791271,460.99999999999983,462.0,2.1670839516953335e-16,0.5577343290791321,460.99999999999574,462.0
2014-10-20,-7.554824215322251e-16,0.5572020670707571,460.9999999999994,462.0,4.1777702523391777e-16,0.5572020670707567,460.9999999999997,462.0
2014-10-21,2.5403102181656483e-15,0.5586385782867834,461.0000000000003,462.0,-1.4155817148607951e-15,0.5586385782867843,460.9999999999995,462.0
2014-10-22,-1.2750831325065164e-15,0.5525780941710224,460.99999999999994,462.0,7.184905088730384e-16,0.5525780941710238,460.99999999999875,462.0
2014-10-23,5.577488263602496e-16,0.5502309034472783,461.00000000000006,462.0,-3.0102102191189337e-16,0.5502309034472788,460.99999999999966,462.0
2014-10-24,-2.0625698190153268e-15,0.5500525037675456,460.9999999999999,462.0,1.156163167144856e-15,0.5500525037675461,460.9999999999995,462.0
2014-10-27,-3.2531369885291887e-16,0.5526983413127765,461.00000000000034,462.0,1.745117039151769e-16,0.5526983413127754,461.00000000000125,462.0
2014-10-28,2.05052562761724e-15,0.5561554093769953,460.9999999999998,462.0,-1.1200889124460339e-15,0.5561554093769951,460.99999999999983,462.0
2014-10-29,-1.3320161793900403e-16,0.557556429657505,461.00000000000017,462.0,1.0101240970860765e-16,0.5575564296575051,461.00000000000006,462.0
2014-10-30,8.179930807915555e-16,0.5583457611467452,460.9999999999998,462.0,-4.426336388803893e-16,0.5583457611467455,460.9999999999995,462.0
2014-10-31,-1.497077089328442e-15,0.5614421909997747,461.00000000000045,462.0,8.648717955197138e-16,0.5614421909997757,460.99999999999966,462.0
2014-11-04,-3.0271042357965714e-16,0.5596275646422957,460.9999999999997,462.0,1.443149566726515e-16,0.5596275646422956,460.99999999999983,462.0
2014-11-05,-3.945196011473598e-16,0.5647128539314805,461.00000000000017,462.0,2.5017237878342107e-16,0.5647128539314803,461.0000000000004,462.0
2014-11-06,-7.027312655031316e-16,0.5695827808464615,461.00000000000017,462.0,3.7362616894039125e-16,0.5695827808464619,460.9999999999999,462.0
2014-11-07,-3.385311844048919e-16,0.5678222171031203,460.9999999999997,462.0,2.1007293796023638e-16,0.5678222171031204,460.9999999999996,462.0
2014-11-10,1.1978883316672734e-15,0.585191326480066,460.99999999999966,462.0,-7.15657141582943e-16,0.585191326480067,460.9999999999988,462.0
2014-11-11,-5.947612096480447e-16,0.5862177693095273,461.00000000000006,462.0,3.4327719465142834e-16,0.5862177693095282,460.9999999999994,462.0
2014-11-12,1.7564162043247e-16,0.5863520293100319,461.00000000000006,462.0,-1.195007137071287e-16,0.5863520293100317,461.0000000000002,462.0
2014-11-13,2.931022959484502e-16,0.5872955540586139,461.9999999999998,463.0,-1.4822195379791693e-16,0.5872955540586133,462.0000000000002,463.0
2014-11-14,2.047835758288675e-15,0.5942704977794464,461.99999999999994,463.0,-1.2418046801431502e-15,0.5942704977794455,462.0000000000006,463.0
2014-11-17,-5.707760825804434e-16,0.5973115969762285,461.9999999999996,463.0,3.1861503640399284e-16,0.5973115969762272,462.0000000000007,463.0
2014-11-18,-1.556976986993498e-15,0.6015323264866866,461.99999999999943,463.0,9.372366849644727e-16,0.6015323264866844,462.00000000000114,463.0
2014-11-19,5.190852802808722e-16,0.605092328872832,461.9999999999997,463.0,-3.4009489798143375e-16,0.6050923288728332,461.9999999999988,463.0
2014-11-20,-1.3319507412675022e-15,0.6008744122694751,461.9999999999997,463.0,8.447477838943848e-16,0.6008744122694754,461.99999999999955,463.0
2014-11-21,1.5983280368642645e-15,0.6021603943744364,462.0,463.0,-9.42857383041444e-16,0.6021603943744354,462.00000000000074,463.0
2014-11-25,-5.234561737998304e-16,0.6010916755967117,461.99999999999994,463.0,2.706909431109541e-16,0.6010916755967134,461.99999999999864,463.0
2014-11-26,1.0046959101648464e-16,0.5982878969573742,462.0000000000002,463.0,-4.7369806595260066e-17,0.5982878969573742,462.0000000000002,463.0
2014-11-27,-2.111766655679724e-15,0.5988954205168631,461.99999999999994,463.0,1.2618439574050305e-15,0.5988954205168633,461.9999999999998,463.0
2014-11-28,1.5079295925475262e-15,0.5979135224830706,461.99999999999983,463.0,-9.057519720506865e-16,0.5979135224830712,461.9999999999994,463.0
2014-12-01,-1.847405643852312e-15,0.5988755154671168,462.00000000000006,463.0,1.1426504147665676e-15,0.5988755154671169,462.0,463.0
2014-12-02,-2.6401066575573845e-15,0.6001310036922671,461.99999999999994,463.0,1.5839303980866717e-15,0.6001310036922671,461.99999999999994,463.0
2014-12-03,-1.30537088507386e-15,0.5981287055218145,461.9999999999997,463.0,7.925802448730852e-16,0.598128705521812,462.00000000000165,463.0
2014-12-04,1.1030011212022425e-15,0.5983179427345733,461.9999999999998,463.0,-6.707217414021817e-16,0.5983179427345748,461.9999999999986,463.0
2014-12-05,2.9789667081070626e-15,0.5961159176454943,462.0000000000001,463.0,-1.7257065646829612e-15,0.5961159176454947,461.99999999999983,463.0
2014-12-08,-9.512340126315188e-16,0.5939129244858115,461.9999999999997,463.0,5.518739335592541e-16,0.5939129244858125,461.999999999999,463.0
2014-12-09,1.6699114930392457e-15,0.5939861087018401,462.0000000000004,463.0,-9.954541267438379e-16,0.5939861087018403,462.00000000000017,463.0
2014-12-10,1.420191687854936e-16,0.5925533132475969,462.00000000000017,463.0,-5.245156657112668e-17,0.592553313247595,462.00000000000165,463.0
2014-12-11,1.9185878492396094e-15,0.5899631027979555,462.0000000000002,463.0,-1.126238889092919e-15,0.5899631027979562,461.9999999999997,463.0
2014-12-12,-4.3536886934326336e-16,0.5926196197831519,461.99999999999994,463.0,2.256873084995161e-16,0.5926196197831495,462.0000000000018,463.0
2014-12-15,-8.40581462141291e-16,0.5919573518828842,462.99999999999966,464.0,4.789661601118637e-16,0.5919573518828851,462.999999999999,464.0
2014-12-16,2.966105363035115e-16,0.5895256345248452,463.00000000000017,464.0,-1.7357156233520135e-16,0.5895256345248476,462.9999999999983,464.0
2014-12-17,2.389717875006017e-16,0.5920824583421931,463.0,464.0,-8.9589892354946e-17,0.5920824583421922,463.00000000000074,464.0
2014-12-18,4.397753226318555e-16,0.5892534820094473,463.0000000000003,464.0,-2.275883179932509e-16,0.5892534820094463,463.000000000001,464.0
2014-12-19,-1.2788660196755829e-15,0.584578792341602,462.99999999999983,464.0,7.428334226306145e-16,0.5845787923416017,463.0000000000001,464.0
2014-12-22,-6.17627714116565e-16,0.584960489160895,462.9999999999995,464.0,3.3916350639862793e-16,0.5849604891608956,462.99999999999903,464.0
2014-12-24,5.355149881891879e-16,0.5836348714833193,463.00000000000034,464.0,-2.50127863271302e-16,0.5836348714833187,463.0000000000008,464.0
2014-12-25,1.0473037878283622e-15,0.5851096334701154,463.0000000000007,464.0,-5.738024429529311e-16,0.585109633470117,462.9999999999993,464.0
2014-12-26,7.682842171983252e-16,0.582095681839602,463.0000000000003,464.0,-4.38632666674171e-16,0.5820956818396016,463.0000000000006,464.0
2014-12-29,-1.4446113857781631e-15,0.5814178601483319,463.0000000000005,464.0,8.776585677122856e-16,0.5814178601483349,462.9999999999981,464.0
2014-12-30,1.7591343614553155e-15,0.5805461643252129,463.0000000000008,464.0,-1.0321942183989673e-15,0.5805461643252146,462.99999999999943,464.0
2015-01-05,1.6902005317048127e-15,0.5760929845773334,463.0000000000001,464.0,-9.7965752940072e-16,0.5760929845773346,462.9999999999991,464.0
2015-01-06,7.098458562983359e-16,0.5804020379798799,462.9999999999993,464.0,-4.3173048922577515e-16,0.5804020379798797,462.9999999999995,464.0
2015-01-07,-1.8051874609179273e-15,0.5755303096182639,463.0,464.0,1.0358797761905874e-15,0.5755303096182619,463.00000000000165,464.0
2015-01-08,-1.5454646513688784e-15,0.5765530006209502,462.9999999999997,464.0,8.271882454993117e-16,0.5765530006209502,462.9999999999997,464.0
2015-01-09,3.151307413403279e-19,0.5740664131069989,462.9999999999993,464.0,-2.0858876713791378e-18,0.5740664131070016,462.99999999999716,464.0
2015-01-13,-9.043321520591347e-16,0.5760040665903439,463.0000000000001,464.0,5.18820475129918e-16,0.5760040665903455,462.9999999999988,464.0
2015-01-14,1.3156657543909833e-16,0.5709345263316907,462.9999999999997,464.0,-2.705519212850641e-17,0.5709345263316881,463.0000000000018,464.0
2015-01-15,-1.3334924352122924e-15,0.5672521641995065,462.9999999999996,464.0,6.935225351873587e-16,0.5672521641995074,462.9999999999989,464.0
2015-01-16,-4.525070700959704e-16,0.5651582949963506,462.9999999999999,464.0,2.6587539533817987e-16,0.56515829499635,463.0000000000005,464.0
2015-01-19,4.443111952853407e-16,0.5577668398435162,463.0000000000002,464.0,-2.900606870334251e-16,0.5577668398435163,463.00000000000006,464.0
2015-01-20,1.7256405237552565e-15,0.5566458538247039,463.00000000000045,464.0,-9.318066063967952e-16,0.5566458538247059,462.9999999999988,464.0
2015-01-21,1.6220601480926722e-16,0.5489276713563397,462.9999999999995,464.0,-6.68574269870702e-17,0.5489276713563414,462.99999999999807,464.0
2015-01-22,8.483820129248147e-16,0.5473039164641924,462.99999999999983,464.0,-4.618506949331998e-16,0.547303916464192,463.0000000000002,464.0
2015-01-23,-2.898600992526102e-15,0.546490322958784,462.99999999999983,464.0,1.5567248241546924e-15,0.5464903229587862,462.999999999998,464.0
2015-01-26,2.705641973868777e-15,0.5494364689204881,462.9999999999998,464.0,-1.49244567360884e-15,0.5494364689204878,463.00000000000006,464.0
2015-01-27,2.7259069605460855e-16,0.5468404650920559,462.99999999999983,464.0,-1.476065419473999e-16,0.5468404650920552,463.0000000000004,464.0
2015-01-28,-3.411454501437851e-16,0.5568637218226541,463.00000000000034,464.0,1.4691801582385141e-16,0.5568637218226554,462.99999999999926,464.0
2015-01-29,8.740120252461491e-16,0.5582571535224705,463.0,464.0,-4.922880887694189e-16,0.5582571535224697,463.0000000000006,464.0
2015-01-30,2.0109109068721732e-15,0.5592064196532152,462.99999999999994,464.0,-1.1553279118621939e-15,0.5592064196532167,462.99999999999864,464.0
2015-02-02,-1.3616570184987704e-15,0.5563958920535446,463.00000000000006,464.0,7.66179753934464e-16,0.5563958920535446,463.00000000000006,464.0
2015-02-03,-1.6836676714909006e-15,0.5578601459601805,462.9999999999999,464.0,9.642505268182938e-16,0.5578601459601817,462.9999999999988,464.0
2015-02-04,9.69463604309394e-16,0.5596782464183171,463.00000000000006,464.0,-5.050707770849727e-16,0.5596782464183194,462.99999999999807,464.0
2015-02-05,8.997121959164607e-16,0.5607692591306622,462.9999999999996,464.0,-4.802391016355207e-16,0.5607692591306604,463.000000000001,464.0
2015-02-06,-5.656448360733265e-16,0.5594807679552761,463.0000000000002,464.0,3.220561750365542e-16,0.559480767955279,462.9999999999978,464.0
2015-02-09,-8.871984715307169e-16,0.5640914218023069,462.9999999999994,464.0,5.148934848775892e-16,0.5640914218023051,463.00000000000085,464.0
2015-02-10,-6.528090197148448e-16,0.5657657401054386,463.00000000000006,464.0,3.9271762663167505e-16,0.5657657401054402,462.99999999999875,464.0
2015-02-12,-2.049114203464713e-15,0.562660507052895,463.0000000000002,464.0,1.1316518159677298e-15,0.5626605070528956,462.9999999999998,464.0
2015-02-13,-8.352178611772247e-16,0.5616541464758208,462.9999999999998,464.0,4.3021821182850453e-16,0.5616541464758213,462.9999999999993,464.0
2015-02-16,4.282038397052188e-17,0.5623876223934745,462.99999999999983,464.0,-1.9779610621495295e-17,0.5623876223934747,462.9999999999996,464.0
2015-02-17,2.0192026807256282e-15,0.5612658713882139,463.00000000000017,464.0,-1.0926644205099476e-15,0.5612658713882145,462.9999999999997,464.0
2015-02-18,1.9813290034377923e-15,0.561734918182817,463.00000000000006,464.0,-1.0953136323680699e-15,0.5617349181828173,462.9999999999998,464.0
2015-02-19,-2.5291209836065885e-16,0.5602440882048576,463.0000000000001,464.0,1.0206124030493896e-16,0.5602440882048569,463.0000000000006,464.0
2015-02-20,1.432957502684904e-15,0.5570331447558603,463.0,464.0,-7.651912069243553e-16,0.5570331447558614,462.9999999999991,464.0
2015-02-23,-2.1472645564068104e-15,0.5600543330306443,462.99999999999983,464.0,1.2014557935578626e-15,0.5600543330306441,463.0,464.0
2015-02-24,4.742831332991997e-16,0.5580541938867808,463.00000000000006,464.0,-2.725557091193453e-16,0.5580541938867801,463.00000000000057,464.0
2015-02-25,-6.85454406195543e-16,0.5584929342495829,463.0,464.0,3.775143825917534e-16,0.5584929342495822,463.0000000000006,464.0
2015-02-26,2.1942702394114238e-15,0.5598402088408833,462.99999999999983,464.0,-1.2080033428883705e-15,0.5598402088408846,462.99999999999875,464.0
2015-02-27,2.3846703041866017e-15,0.5600736332109576,462.9999999999999,464.0,-1.300068834917595e-15,0.5600736332109574,463.0,464.0
2015-03-02,-9.462069030274868e-16,0.5604838567952014,462.9999999999996,464.0,5.704526586054679e-16,0.5604838567951987,463.0000000000018,464.0
2015-03-03,-2.935374787227069e-17,0.5619716342278689,462.99999999999955,464.0,2.266568658672852e-17,0.5619716342278694,462.99999999999903,464.0
2015-03-04,4.155822960540375e-16,0.5572841065407286,463.00000000000006,464.0,-2.9112824857262697e-16,0.5572841065407267,463.00000000000165,464.0
2015-03-05,4.919693580427115e-16,0.5603557070266731,462.9999999999999,464.0,-2.952619208044578e-16,0.5603557070266755,462.99999999999795,464.0
2015-03-06,-1.3420646313369614e-15,0.5577549780068343,463.00000000000017,464.0,7.746080584504714e-16,0.5577549780068349,462.9999999999996,464.0
2015-03-09,1.0863042347289256e-15,0.5567950002890947,462.99999999999983,464.0,-6.169418197217376e-16,0.5567950002890949,462.9999999999996,464.0
2015-03-10,2.9123296972665187e-15,0.5557143203415572,462.9999999999997,464.0,-1.6104230345539282e-15,0.5557143203415558,463.00000000000097,464.0
2015-03-11,-5.355472688347271e-16,0.5540067014640961,462.9999999999997,464.0,2.6862937827572184e-16,0.5540067014640955,463.0000000000003,464.0
2015-03-12,8.135597164944047e-16,0.5512210448417943,462.99999999999983,464.0,-4.867208385106475e-16,0.5512210448417922,463.0000000000016,464.0
2015-03-13,-5.0467680411796654e-17,0.5542180966355129,463.0000000000002,464.0,1.8748705859292646e-17,0.5542180966355117,463.0000000000013,464.0
2015-03-16,-2.9465464953145337e-16,0.553024201218258,462.9999999999994,464.0,1.636155290149638e-16,0.5530242012182572,463.00000000000006,464.0
2015-03-17,1.0734972632320332e-16,0.5573280858981025,462.99999999999966,464.0,-3.1220373499718987e-18,0.5573280858981029,462.99999999999926,464.0
2015-03-18,1.375269863335757e-15,0.5570291268488503,463.0000000000001,464.0,-8.075344358929036e-16,0.5570291268488509,462.99999999999966,464.0
2015-03-19,-1.7820005894158237e-15,0.5597381259011281,462.9999999999994,464.0,9.866915878153905e-16,0.5597381259011278,462.99999999999966,464.0
2015-03-20,-2.655680713783109e-15,0.5565520986305244,462.9999999999998,464.0,1.4918217840684562e-15,0.5565520986305222,463.00000000000153,464.0
2015-03-23,-1.0071557162189898e-15,0.5659589159767885,463.0000000000002,464.0,5.647994817113582e-16,0.5659589159767873,463.0000000000013,464.0
2015-03-24,-1.9466123578208915e-15,0.5653662709895092,463.0000000000007,464.0,1.1266235849197161e-15,0.5653662709895085,463.00000000000125,464.0
2015-03-25,-3.3778451169785173e-16,0.5644119972105789,463.0000000000003,464.0,2.3209475899183115e-16,0.5644119972105793,462.9999999999999,464.0
2015-03-26,6.9479468907530685e-16,0.5635244492640266,462.9999999999997,464.0,-3.218553296481694e-16,0.5635244492640258,463.0000000000004,464.0
2015-03-27,2.523381130783723e-16,0.562423697158531,463.0000000000001,464.0,-1.221373105676618e-16,0.5624236971585314,462.99999999999983,464.0
2015-03-30,-2.719821116438922e-15,0.5655734856245614,462.99999999999994,464.0,1.5277012501518085e-15,0.5655734856245614,462.99999999999994,464.0
2015-03-31,5.070794728925338e-16,0.564671049329749,463.0000000000001,464.0,-3.050961071631023e-16,0.564671049329749,463.0000000000001,464.0
2015-04-01,5.553316140847153e-16,0.5632631861978408,463.9999999999998,465.0,-2.9902876410165213e-16,0.5632631861978395,464.00000000000074,465.0
2015-04-02,2.6720436389674348e-15,0.563401915094956,464.0000000000001,465.0,-1.5226304670714266e-15,0.5634019150949544,464.0000000000014,465.0
2015-04-03,-1.2445176973106799e-15,0.5609876473831329,464.0000000000005,465.0,7.114582043147631e-16,0.5609876473831347,463.9999999999991,465.0
2015-04-06,-1.9543456804911975e-15,0.5616098905743306,464.0000000000004,465.0,1.0754182135677228e-15,0.5616098905743323,463.9999999999991,465.0
2015-04-07,-6.065655561046898e-16,0.5627854667812031,463.9999999999997,465.0,3.670946953060733e-16,0.5627854667812009,464.0000000000016,465.0
2015-04-08,1.343304099412518e-15,0.5848996835711417,463.9999999999999,465.0,-7.798838457584126e-16,0.5848996835711425,463.99999999999926,465.0
2015-04-09,1.0322524714239895e-15,0.5867841722112143,464.0000000000001,465.0,-6.197646347074423e-16,0.5867841722112134,464.00000000000085,465.0
2015-04-10,7.485932894662253e-16,0.5895414207163844,464.0000000000001,465.0,-4.2438132472504353e-16,0.5895414207163852,463.9999999999995,465.0
2015-04-13,5.377829661316805e-16,0.5920097274794583,463.99999999999926,465.0,-3.107884181855845e-16,0.5920097274794577,463.9999999999997,465.0
2015-04-14,-4.876543938821182e-16,0.5958156308678353,464.0000000000006,465.0,2.7477677947322737e-16,0.5958156308678362,463.9999999999999,465.0
2015-04-15,-1.0724593274336795e-15,0.6022968087992541,463.9999999999999,465.0,6.646527359725794e-16,0.6022968087992546,463.99999999999943,465.0
2015-04-16,7.078048868058502e-16,0.6056007792419046,463.99999999999966,465.0,-4.551815142889885e-16,0.6056007792419064,463.99999999999835,465.0
2015-04-17,1.1754678496283274e-16,0.6062519192773314,463.9999999999997,465.0,-9.002525137273396e-17,0.6062519192773317,463.99999999999943,465.0
2015-04-20,7.812952830714353e-16,0.6105408901231418,463.9999999999999,465.0,-4.981286377777267e-16,0.6105408901231412,464.0000000000004,465.0
2015-04-21,7.375679428815055e-16,0.607938331595153,463.99999999999966,465.0,-4.55808709995181e-16,0.6079383315951514,464.0000000000008,465.0
2015-04-22,1.6338041462732466e-15,0.6035486851934304,463.9999999999999,465.0,-9.47147452895977e-16,0.6035486851934307,463.9999999999996,465.0
2015-04-23,-7.568680036991036e-16,0.6013728380107333,464.00000000000006,465.0,4.442053109424791e-16,0.6013728380107324,464.0000000000008,465.0
2015-04-24,-1.9168211752081836e-15,0.6034961100925165,463.9999999999999,465.0,1.153037065468624e-15,0.6034961100925179,463.99999999999875,465.0
2015-04-27,9.529692368525796e-16,0.6030682641129121,463.9999999999997,465.0,-5.557150589353352e-16,0.6030682641129094,464.0000000000019,465.0
2015-04-28,2.252684153308552e-15,0.6005461579984547,464.0,465.0,-1.3876064726421564e-15,0.6005461579984552,463.99999999999955,465.0
2015-04-30,1.3392467532813817e-15,0.5971468115187106,464.00000000000017,465.0,-8.384392719838627e-16,0.5971468115187107,464.0000000000001,465.0
2015-05-01,4.1269805413134807e-16,0.5973222029273842,463.9999999999997,465.0,-2.337289758046207e-16,0.5973222029273844,463.9999999999996,465.0
2015-05-07,8.517277070956364e-16,0.5985705423296827,464.00000000000017,465.0,-5.1713508186997935e-16,0.5985705423296815,464.000000000001,465.0
2015-05-08,-2.8085092764331295e-16,0.5922944478542882,464.0,465.0,1.7336012382105415e-16,0.5922944478542882,464.0,465.0
2015-05-11,4.439600629111745e-16,0.5918175443113842,464.0000000000004,465.0,-2.635190204671158e-16,0.5918175443113864,463.9999999999987,465.0
2015-05-12,3.0148262058545395e-16,0.5917542536371976,463.9999999999997,465.0,-1.8848844707630558e-16,0.5917542536371972,464.0,465.0
2015-05-13,-6.900783253974059e-16,0.5875291484808113,463.9999999999999,465.0,3.742511471709304e-16,0.5875291484808126,463.9999999999988,465.0
2015-05-14,6.308418979670523e-16,0.5869708232544792,464.00000000000006,465.0,-3.746677136187908e-16,0.5869708232544789,464.0000000000003,465.0
2015-05-15,1.6682985119626887e-15,0.5831062099777033,463.9999999999999,465.0,-1.0034439437997192e-15,0.583106209977705,463.9999999999985,465.0
2015-05-18,1.2237816570208436e-15,0.5820210159896482,463.99999999999966,465.0,-7.125034616530833e-16,0.582021015989647,464.0000000000006,465.0
2015-05-19,-1.4261110678104742e-15,0.580585698452105,464.0000000000007,465.0,8.479621961451729e-16,0.5805856984521058,463.99999999999994,465.0
2015-05-20,-9.604810099688542e-16,0.5867275779604021,463.99999999999983,465.0,5.508197496893473e-16,0.5867275779603995,464.0000000000018,465.0
2015-05-21,-2.1359878359988074e-16,0.5831202581373637,464.0000000000002,465.0,1.3924746586374763e-16,0.5831202581373658,463.9999999999985,465.0
2015-05-22,-8.633549226896666e-16,0.5893687728232426,464.0000000000002,465.0,4.907978208491241e-16,0.5893687728232452,463.99999999999824,465.0
2015-05-25,5.146215483259741e-16,0.5937980674457255,464.00000000000017,465.0,-3.0523349247503817e-16,0.5937980674457247,464.00000000000074,465.0
2015-05-26,-6.680433599637341e-16,0.5887027068064723,464.0,465.0,4.4164240476232743e-16,0.5887027068064705,464.0000000000014,465.0
2015-05-27,-1.8874198162301083e-16,0.5862136912693792,463.99999999999994,465.0,1.0590267395845884e-16,0.5862136912693777,464.00000000000114,465.0
2015-05-28,1.3370053303453773e-16,0.5871593088510674,464.00000000000006,465.0,-9.57515184723771e-17,0.5871593088510686,463.9999999999991,465.0
2015-05-29,-1.8433821714201804e-15,0.5871338889463448,464.0000000000001,465.0,1.0941633537140905e-15,0.5871338889463454,463.99999999999955,465.0
2015-06-01,-5.873861243336148e-17,0.5831060313788912,464.0,465.0,2.1959831360007732e-17,0.5831060313788895,464.00000000000136,465.0
2015-06-02,2.6406313549734576e-16,0.5750093323419876,464.00000000000057,465.0,-1.640646784371921e-16,0.5750093323419875,464.0000000000006,465.0
2015-06-03,-1.5782578364619126e-15,0.5747432876141615,464.00000000000006,465.0,9.039752647596785e-16,0.5747432876141606,464.0000000000008,465.0
2015-06-04,6.226723680122338e-16,0.575949385242215,463.9999999999999,465.0,-3.323007790821166e-16,0.5759493852422145,464.0000000000003,465.0
2015-06-05,1.0991862496624075e-15,0.5806383820097758,464.00000000000034,465.0,-6.392584328659111e-16,0.580638382009778,463.9999999999986,465.0
2015-06-08,-2.976454263764537e-16,0.5792771893028626,463.9999999999999,465.0,1.5869687767687032e-16,0.5792771893028613,464.0000000000009,465.0
2015-06-09,2.595098305195325e-16,0.5814987485212892,463.99999999999983,465.0,-1.490478603609386e-16,0.5814987485212895,463.9999999999997,465.0
2015-06-10,-3.5757993108197514e-16,0.5817679141700525,463.9999999999998,465.0,1.9097001878596476e-16,0.5817679141700538,463.9999999999987,465.0
2015-06-11,3.1337667922141394e-16,0.57611397997204,463.99999999999994,465.0,-1.8401007694000216e-16,0.5761139799720394,464.00000000000045,465.0
2015-06-12,-7.177585123570361e-16,0.5745892411550163,464.00000000000017,465.0,4.0378003752940565e-16,0.5745892411550189,463.9999999999982,465.0
2015-06-15,-1.700434012066823e-15,0.5720574496002412,464.00000000000017,465.0,9.749946839030726e-16,0.5720574496002399,464.0000000000012,465.0
2015-06-16,1.6471496598295522e-15,0.5716532150294658,464.00000000000006,465.0,-9.516041307515643e-16,0.5716532150294659,463.99999999999994,465.0
2015-06-17,-8.34030416914784e-16,0.5717288277852411,463.99999999999994,465.0,4.837499350383275e-16,0.5717288277852393,464.0000000000015,465.0
2015-06-18,-2.7881034330767234e-15,0.5689584324473799,464.0,465.0,1.607790272112738e-15,0.5689584324473809,463.99999999999915,465.0
2015-06-19,-5.44229971924491e-16,0.5668161141382178,464.0000000000004,465.0,3.1678335291948475e-16,0.5668161141382179,464.0000000000003,465.0
2015-06-22,-6.508572416038015e-16,0.5667022749267462,464.00000000000017,465.0,3.2969989351097464e-16,0.5667022749267465,463.99999999999994,465.0
2015-06-23,-1.0192863891055064e-15,0.5658817838208152,464.0000000000002,465.0,6.128266762059507e-16,0.5658817838208162,463.9999999999994,465.0
2015-06-24,-1.3775736857811399e-15,0.5675345140616415,463.9999999999995,465.0,8.111972760323418e-16,0.5675345140616386,464.0000000000019,465.0
2015-06-25,8.10642920498074e-16,0.5615272085295216,463.99999999999955,465.0,-4.754688692624292e-16,0.5615272085295211,464.0,465.0
2015-06-26,-7.807098582033981e-16,0.5648879857072867,463.9999999999999,465.0,4.565390972161503e-16,0.5648879857072866,463.99999999999994,465.0
2015-06-29,-6.783475895438397e-16,0.5657988402266896,464.0,465.0,3.999189915979823e-16,0.5657988402266871,464.000000000002,465.0
2015-06-30,2.090132361892755e-15,0.5625973908466164,464.00000000000034,465.0,-1.185388261686872e-15,0.5625973908466194,463.9999999999979,465.0
2015-07-01,-5.349153568824151e-16,0.557751550213651,463.99999999999966,465.0,2.995218129866145e-16,0.5577515502136514,463.9999999999994,465.0
2015-07-02,7.435420721837144e-16,0.5583625905235055,464.0000000000005,465.0,-4.455037427112993e-16,0.558362590523507,463.9999999999992,465.0
2015-07-03,2.956366527119477e-16,0.5602630084781549,464.0000000000001,465.0,-1.2769111827596242e-16,0.560263008478155,464.0,465.0
2015-07-06,6.940737441848607e-16,0.5619761766270914,464.00000000000006,465.0,-4.148214388257649e-16,0.5619761766270924,463.9999999999992,465.0
2015-07-07,5.852200468332886e-16,0.560912694099348,464.0,465.0,-3.2870736031288876e-16,0.5609126940993466,464.0000000000011,465.0
2015-07-08,6.69951468492829e-16,0.5609058467978747,464.0000000000002,465.0,-3.928801611034092e-16,0.5609058467978758,463.9999999999994,465.0
2015-07-09,-1.2208571999513172e-15,0.5667289036184671,463.9999999999999,465.0,7.01153486354755e-16,0.5667289036184654,464.00000000000125,465.0
2015-07-10,1.2953327093734662e-15,0.5686435924430504,463.9999999999999,465.0,-7.345026370622634e-16,0.5686435924430487,464.00000000000125,465.0
2015-07-13,-9.210833641066235e-16,0.5628978818837842,464.0000000000002,465.0,5.02848250364742e-16,0.5628978818837858,463.999999999999,465.0
2015-07-14,8.685180849606355e-16,0.5653227106181403,464.0000000000001,465.0,-4.754482630595532e-16,0.5653227106181423,463.99999999999847,465.0
2015-07-15,4.146141008041974e-16,0.5658917621168856,464.0000000000004,465.0,-2.5206375108250714e-16,0.565891762116887,463.9999999999993,465.0
2015-07-16,-3.1509428320802563e-15,0.5658855988300371,463.9999999999998,465.0,1.7743596303651016e-15,0.5658855988300376,463.9999999999994,465.0
2015-07-17,7.049118415659222e-16,0.5608979355578545,463.99999999999983,465.0,-3.928062204467972e-16,0.560897935557855,463.9999999999994,465.0
2015-07-21,1.8983654782854997e-15,0.5610087552982845,463.9999999999999,465.0,-1.058040977986711e-15,0.561008755298285,463.9999999999996,465.0
2015-07-22,-1.7350371446219453e-16,0.5652394418250763,464.00000000000006,465.0,1.2564979219719315e-16,0.5652394418250767,463.99999999999983,465.0
2015-07-23,-1.8172958089614032e-15,0.5637849462922114,464.00000000000017,465.0,1.0231821894401241e-15,0.56378494629221,464.00000000000136,465.0
2015-07-24,-4.254370707021489e-16,0.563672186500876,464.0000000000001,465.0,2.524876389538216e-16,0.5636721865008752,464.00000000000074,465.0
2015-07-27,1.0878470878597764e-15,0.5811314733285076,463.99999999999994,465.0,-6.431768718853797e-16,0.5811314733285079,463.99999999999966,465.0
2015-07-28,3.235793718804366e-16,0.5870034764741454,464.00000000000006,465.0,-1.6728566130702705e-16,0.5870034764741408,464.00000000000375,465.0
2015-07-29,1.836001784649132e-16,0.5921230798459536,465.0000000000001,466.0,-1.1072518729980222e-16,0.5921230798459524,465.0000000000011,466.0
2015-07-30,1.6733811784077383e-16,0.5912773176731076,464.99999999999994,466.0,-1.191064432042193e-16,0.5912773176731085,464.9999999999993,466.0
2015-07-31,1.4930606254051023e-15,0.5941934032871327,464.99999999999983,466.0,-8.664556869584487e-16,0.5941934032871339,464.99999999999886,466.0
2015-08-03,8.698815338422228e-16,0.600143302417245,465.00000000000006,466.0,-4.837349750012614e-16,0.6001433024172426,465.0000000000019,466.0
2015-08-04,1.9863386961107808e-17,0.5985421090121517,464.9999999999998,466.0,-1.595985705932557e-17,0.5985421090121521,464.9999999999995,466.0
2015-08-05,-2.9955749511164703e-16,0.598267551309347,465.0,466.0,2.2344343255745886e-16,0.5982675513093476,464.9999999999995,466.0
2015-08-06,2.2706494545515078e-15,0.6069223937789472,464.9999999999999,466.0,-1.3427060551201313e-15,0.6069223937789474,464.9999999999997,466.0
2015-08-07,-9.478609786988877e-16,0.6063364695784561,465.0000000000006,466.0,5.588849826788708e-16,0.6063364695784557,465.0000000000009,466.0
2015-08-10,5.662515183469401e-16,0.6086024420480303,464.9999999999997,466.0,-3.2210331261535217e-16,0.6086024420480283,465.0000000000013,466.0
2015-08-11,3.948808041966104e-16,0.6134984157953655,465.0,466.0,-2.143824663924816e-16,0.6134984157953649,465.0000000000004,466.0
2015-08-12,1.674437908730296e-15,0.6131199838767721,465.0,466.0,-1.010313160170478e-15,0.6131199838767707,465.00000000000114,466.0
2015-08-13,1.2418295033423056e-15,0.6159565336752357,465.00000000000006,466.0,-7.611981535049617e-16,0.6159565336752336,465.0000000000017,466.0
2015-08-14,-2.462531795709182e-15,0.6167162253819151,465.00000000000034,466.0,1.5279656340755539e-15,0.6167162253819168,464.99999999999903,466.0
2015-08-17,-2.7162536795775043e-16,0.6189462956306997,465.00000000000017,466.0,2.0457127119869925e-16,0.6189462956307009,464.99999999999926,466.0
2015-08-18,-2.6510097259790004e-16,0.6195772990825316,464.9999999999997,466.0,1.3157172572607642e-16,0.6195772990825291,465.00000000000153,466.0
2015-08-19,-1.366980953915229e-15,0.6269802262908405,465.0,466.0,8.286219332420216e-16,0.626980226290841,464.9999999999996,466.0
2015-08-20,-2.1858659555853045e-15,0.6255547311866204,464.99999999999983,466.0,1.3540011155317941e-15,0.6255547311866217,464.99999999999886,466.0
2015-08-21,-2.9571968432963415e-16,0.6298721704260254,465.00000000000006,466.0,1.9981159583896294e-16,0.6298721704260272,464.99999999999875,466.0
2015-08-24,8.805426498028128e-16,0.6343324038062248,465.00000000000045,466.0,-5.704277281430848e-16,0.6343324038062261,464.9999999999995,466.0
2015-08-25,-1.920448735373889e-15,0.6428942394360435,465.0000000000002,466.0,1.2393453772769527e-15,0.6428942394360448,464.99999999999926,466.0
2015-08-26,-2.0936520976828055e-15,0.6432358165802199,464.99999999999966,466.0,1.3127545665223965e-15,0.6432358165802179,465.00000000000114,466.0
2015-08-27,2.499958957124856e-15,0.6411636629588066,464.9999999999998,466.0,-1.5850816669437274e-15,0.6411636629588037,465.0000000000018,466.0
2015-08-28,-8.298015575410384e-16,0.6474965042577154,465.0000000000002,466.0,5.236650947101333e-16,0.6474965042577161,464.9999999999997,466.0
2015-08-31,-1.1137171247599197e-15,0.6472886827229194,464.99999999999994,466.0,7.057216887523672e-16,0.647288682722919,465.0000000000003,466.0
2015-09-01,2.3330240052516395e-17,0.6519010636726463,465.0000000000004,466.0,4.5870575201582596e-18,0.6519010636726456,465.0000000000009,466.0
2015-09-02,1.0968243592678461e-15,0.6511364690617126,465.00000000000006,466.0,-6.717426152521291e-16,0.6511364690617126,465.00000000000006,466.0
2015-09-03,-2.009254056464966e-15,0.6499278914330857,464.9999999999999,466.0,1.2776948128382075e-15,0.6499278914330853,465.0000000000002,466.0
2015-09-04,-2.0847388373573024e-15,0.6512932050838375,464.99999999999994,466.0,1.3446407061484325e-15,0.6512932050838373,465.00000000000006,466.0
2015-09-07,-1.9974626405936516e-15,0.6445268492141127,465.00000000000006,466.0,1.2894029659700203e-15,0.6445268492141115,465.00000000000097,466.0
2015-09-08,8.625097395656569e-16,0.6424419638791473,465.0000000000002,466.0,-5.449131114637696e-16,0.6424419638791475,465.00000000000006,466.0
2015-09-09,-1.0758303814350351e-15,0.6400758831881842,464.99999999999983,466.0,6.642829024296066e-16,0.6400758831881828,465.00000000000085,466.0
2015-09-10,2.5912666197375986e-15,0.6356454119928546,465.0000000000001,466.0,-1.622492610034314e-15,0.6356454119928558,464.9999999999992,466.0
2015-09-11,-3.8409778198941123e-16,0.6345090797989591,465.00000000000017,466.0,2.662724089267045e-16,0.6345090797989573,465.0000000000015,466.0
2015-09-14,1.1884063171440425e-15,0.6360478940593249,465.0,466.0,-7.796451373952945e-16,0.6360478940593246,465.0000000000002,466.0
2015-09-15,-1.428795210688736e-15,0.6366340184660146,465.00000000000017,466.0,8.567715843842523e-16,0.6366340184660151,464.99999999999983,466.0
2015-09-16,2.0293231545872197e-15,0.6372961681476583,465.0,466.0,-1.3527026540475368e-15,0.6372961681476562,465.0000000000016,466.0
2015-09-17,8.499416153295613e-16,0.63693601725294,465.0000000000002,466.0,-5.710927794668163e-16,0.6369360172529405,464.9999999999999,466.0
2015-09-18,1.3377400737382206e-15,0.6391156890939858,464.99999999999966,466.0,-7.801018702520723e-16,0.6391156890939858,464.9999999999996,466.0
2015-09-24,-4.39029094623949e-16,0.6377612405321912,465.00000000000045,466.0,2.960380048413404e-16,0.6377612405321923,464.99999999999966,466.0
2015-09-25,-1.5844417787891567e-15,0.6345304906138939,464.99999999999966,466.0,9.441786592668569e-16,0.6345304906138939,464.9999999999997,466.0
2015-09-28,-5.352811663687234e-16,0.6087203559875508,464.9999999999997,466.0,3.1792584808257874e-16,0.6087203559875518,464.999999999999,466.0
2015-09-29,-2.843606900984105e-15,0.6069244856386358,465.000000000001,466.0,1.788927053193888e-15,0.6069244856386361,465.0000000000008,466.0
2015-09-30,-1.9799946558431259e-16,0.6000676622287421,465.0000000000002,466.0,6.026934398756471e-17,0.6000676622287433,464.99999999999926,466.0
2015-10-01,-1.2473892048591663e-16,0.6010025334639103,467.0,468.0,5.1631287476848507e-17,0.6010025334639089,467.00000000000114,468.0
2015-10-02,-2.707258795360632e-15,0.5972955126864358,466.99999999999994,468.0,1.656784144481673e-15,0.5972955126864358,467.0,468.0
2015-10-05,9.908510721146575e-16,0.5959659726908962,466.99999999999955,468.0,-5.629024583223633e-16,0.595965972690895,467.00000000000057,468.0
2015-10-06,4.2718962856846384e-16,0.5945514407848104,466.9999999999998,468.0,-2.5927745289244855e-16,0.5945514407848079,467.00000000000165,468.0
2015-10-07,1.3235252986549372e-15,0.5930696931539585,467.0,468.0,-7.16200022890553e-16,0.5930696931539593,466.9999999999994,468.0
2015-10-08,-7.437275238602505e-16,0.5913414200557935,467.0000000000002,468.0,4.1376341484170024e-16,0.5913414200557936,467.0000000000001,468.0
2015-10-09,-9.622278682327012e-16,0.5919348738551129,467.0,468.0,5.180663479832146e-16,0.5919348738551137,466.9999999999994,468.0
2015-10-13,4.274216665071277e-16,0.5921192706687982,467.00000000000034,468.0,-2.1711298122527503e-16,0.5921192706687967,467.00000000000153,468.0
2015-10-14,-1.155540169033683e-15,0.5898639919651172,466.99999999999994,468.0,6.60574180876846e-16,0.5898639919651183,466.99999999999903,468.0
2015-10-15,-2.7024867614508746e-15,0.582541151324973,466.9999999999994,468.0,1.5989544595542059e-15,0.5825411513249736,466.99999999999886,468.0
2015-10-16,-1.2376371328820314e-15,0.576088179931404,466.9999999999997,468.0,6.725714470523125e-16,0.576088179931402,467.00000000000125,468.0
2015-10-19,2.0943715219149873e-15,0.5730524308926523,467.00000000000006,468.0,-1.2015190331486727e-15,0.5730524308926519,467.0000000000004,468.0
2015-10-20,1.8092194998410646e-15,0.5682423830134068,466.9999999999997,468.0,-1.0050453556452747e-15,0.5682423830134067,466.99999999999983,468.0
2015-10-21,-2.3375643094981773e-15,0.565024803655327,467.0000000000003,468.0,1.3563503527740759e-15,0.565024803655327,467.00000000000034,468.0
2015-10-22,1.7571488773294327e-15,0.5679272965671697,466.9999999999999,468.0,-1.0104281356800483e-15,0.5679272965671693,467.00000000000017,468.0
2015-10-23,1.649847577476845e-15,0.5640782379745769,466.99999999999966,468.0,-8.960094235391277e-16,0.5640782379745752,467.000000000001,468.0
2015-10-26,1.999583529479404e-15,0.5587937228260051,467.0000000000005,468.0,-1.1101963925358498e-15,0.5587937228260059,466.9999999999999,468.0
2015-10-27,-1.3731445931340034e-15,0.5547273350248372,466.9999999999996,468.0,7.495269835765337e-16,0.5547273350248368,466.9999999999999,468.0
2015-10-28,-9.753922370378295e-16,0.5516056091896017,466.9999999999996,468.0,4.893018982582831e-16,0.5516056091896008,467.00000000000034,468.0
2015-10-29,2.5322802919402793e-15,0.5487556787639114,466.99999999999994,468.0,-1.3825778277458338e-15,0.5487556787639128,466.99999999999864,468.0
2015-10-30,7.138465607706478e-16,0.5467745465720466,467.0000000000001,468.0,-4.034304479117681e-16,0.546774546572046,467.0000000000006,468.0
2015-11-02,2.357804234853445e-15,0.54733340969422,466.99999999999983,468.0,-1.2295658178576858e-15,0.5473334096942198,466.99999999999994,468.0
2015-11-04,-6.461236417474752e-17,0.5434258214430551,469.9999999999999,471.0,5.3944342990347115e-17,0.5434258214430553,469.9999999999997,471.0
2015-11-05,4.230954474039957e-16,0.5444604601028407,470.0,471.0,-2.0307787936850077e-16,0.5444604601028404,470.00000000000017,471.0
2015-11-06,-1.204852006831658e-16,0.5647552355475064,470.00000000000006,471.0,1.0063321982625199e-16,0.5647552355475075,469.9999999999992,471.0
2015-11-09,5.626836982014423e-16,0.5626043721717955,470.00000000000017,471.0,-3.514679828285045e-16,0.5626043721717975,469.9999999999985,471.0
2015-11-10,-1.883953650999104e-15,0.5609706068932463,469.9999999999999,471.0,1.0652022711237758e-15,0.5609706068932445,470.00000000000136,471.0
2015-11-11,2.1854240285395037e-15,0.5598811816798615,469.9999999999999,471.0,-1.1906864652239455e-15,0.5598811816798611,470.00000000000017,471.0
2015-11-12,1.879193919121842e-15,0.5572028509474847,470.0000000000003,471.0,-1.0690950014834412e-15,0.5572028509474846,470.0000000000004,471.0
2015-11-13,-7.314535844461905e-16,0.5501865309231266,470.0,471.0,3.744530012925182e-16,0.5501865309231281,469.99999999999875,471.0
2015-11-16,3.1871935265600725e-16,0.5484735949793691,470.0,471.0,-1.517773377200669e-16,0.5484735949793681,470.0000000000008,471.0
2015-11-17,-7.219942692824976e-17,0.5492052192005363,470.0000000000001,471.0,-1.4342381065555266e-17,0.5492052192005369,469.99999999999966,471.0
2015-11-18,1.7733936537758326e-15,0.550689715959346,469.9999999999994,471.0,-9.760558900324083e-16,0.5506897159593471,469.9999999999984,471.0
2015-11-19,-9.43904087201912e-16,0.5506247576374153,470.00000000000017,471.0,4.778121660420472e-16,0.5506247576374149,470.0000000000005,471.0
2015-11-20,2.255969549040848e-15,0.5495893711902436,470.0000000000002,471.0,-1.2143153981181826e-15,0.549589371190244,470.0,471.0
2015-11-24,1.153392157391364e-15,0.5488261028186888,470.0000000000002,471.0,-6.567308355127287e-16,0.548826102818689,470.0000000000001,471.0
2015-11-25,-2.2871065452399258e-15,0.5490901211776803,469.9999999999995,471.0,1.215982858512637e-15,0.5490901211776789,470.0000000000008,471.0
2015-11-26,-7.304366882436948e-16,0.5542591712281338,470.0000000000007,471.0,4.3796099405137833e-16,0.5542591712281335,470.0000000000009,471.0
2015-11-27,-7.297176000513888e-16,0.554993164070685,469.99999999999994,471.0,4.254179907618288e-16,0.5549931640706843,470.0000000000005,471.0
2015-11-30,7.222743426458581e-17,0.5560225291570562,470.0,471.0,-2.574857334459533e-17,0.5560225291570587,469.9999999999979,471.0
2015-12-01,-7.07098909326555e-16,0.5573822593019537,469.99999999999983,471.0,4.2255926840206426e-16,0.5573822593019543,469.9999999999994,471.0
2015-12-02,-9.341092633855092e-17,0.5587633280605648,470.0,471.0,3.1933214744878016e-18,0.5587633280605622,470.0000000000023,471.0
2015-12-03,2.509005303916369e-16,0.5673688224102451,470.0000000000002,471.0,-1.1837753213797892e-16,0.5673688224102466,469.99999999999903,471.0
2015-12-04,-1.8164225787442693e-18,0.5645742707346996,470.00000000000006,471.0,5.2050756932537606e-17,0.5645742707346991,470.00000000000045,471.0
2015-12-07,-1.540987253092129e-15,0.5653367919969409,470.00000000000034,471.0,8.968776726023258e-16,0.5653367919969419,469.99999999999955,471.0
2015-12-08,-5.413227074785376e-16,0.5751538802247995,470.0,471.0,3.139071432296589e-16,0.5751538802248002,469.9999999999995,471.0
2015-12-09,2.8220960318020377e-15,0.5785204833682276,470.99999999999943,472.0,-1.6278282005671226e-15,0.5785204833682271,470.99999999999983,472.0
2015-12-10,8.855478580310161e-16,0.5902381122656087,470.9999999999998,472.0,-5.15863505765628e-16,0.5902381122656097,470.99999999999903,472.0
2015-12-11,-2.692881681879945e-16,0.5892453738844635,470.99999999999994,472.0,1.8132500626551159e-16,0.5892453738844624,471.0000000000009,472.0
2015-12-14,1.4468188093624638e-15,0.5908693949425777,471.0000000000004,472.0,-8.555698878794017e-16,0.5908693949425774,471.0000000000007,472.0
2015-12-15,-1.3647388757884025e-15,0.5936607221544473,470.99999999999983,472.0,8.27936982033894e-16,0.5936607221544444,471.0000000000021,472.0
2015-12-16,-1.541792938092121e-15,0.5956233967614466,471.00000000000045,472.0,9.60899305702404e-16,0.5956233967614465,471.0000000000005,472.0
2015-12-17,-1.9509042060762404e-15,0.5970988288954936,470.9999999999995,472.0,1.1701800634442557e-15,0.5970988288954934,470.99999999999966,472.0
2015-12-18,1.132456687969883e-15,0.5962656938770357,470.99999999999943,472.0,-6.851741838227293e-16,0.5962656938770342,471.00000000000057,472.0
2015-12-21,-4.3249565856439806e-16,0.5999018357694437,470.9999999999997,472.0,2.3269175824119307e-16,0.5999018357694459,470.99999999999795,472.0
2015-12-22,1.1781666991664375e-15,0.6014431774148816,470.9999999999997,472.0,-7.010562466568518e-16,0.6014431774148811,471.00000000000017,472.0
2015-12-24,-1.953098553862913e-15,0.6014687754156959,471.00000000000034,472.0,1.1575761706063404e-15,0.6014687754156955,471.00000000000057,472.0
2015-12-25,1.2707956117021732e-15,0.6040649933078311,471.0000000000005,472.0,-7.497913432327247e-16,0.60406499330783,471.00000000000136,472.0
2015-12-28,1.3308135953029316e-15,0.6027690644655775,470.99999999999983,472.0,-7.961081755516097e-16,0.6027690644655759,471.00000000000114,472.0
2015-12-29,-5.365180960772929e-17,0.6085925295771754,470.9999999999999,472.0,2.2766681150318822e-17,0.6085925295771752,471.0,472.0
2015-12-30,-9.780476849986643e-16,0.6052503470321591,470.9999999999997,472.0,6.001614654858962e-16,0.6052503470321599,470.9999999999991,472.0
2016-01-04,-6.284759382370312e-16,0.6112051078293503,471.0000000000003,472.0,3.6832479920164023e-16,0.6112051078293491,471.00000000000125,472.0
2016-01-05,-2.608577675923789e-15,0.6189756892627983,471.00000000000034,472.0,1.6099304819220149e-15,0.6189756892627979,471.0000000000007,472.0
2016-01-06,-2.059315808816272e-15,0.616525845303922,470.99999999999994,472.0,1.29619527224408e-15,0.6165258453039223,470.9999999999997,472.0
2016-01-07,3.841913073220384e-16,0.6182783851097623,470.9999999999998,472.0,-2.3266960189263737e-16,0.61827838510976,471.0000000000016,472.0
2016-01-08,-1.2317825475266365e-15,0.6182333054709811,471.0000000000001,472.0,7.524468720957748e-16,0.6182333054709823,470.9999999999992,472.0
2016-01-12,2.0015119978441805e-15,0.6246311441287855,471.00000000000057,472.0,-1.2359340888310622e-15,0.6246311441287865,470.9999999999998,472.0
2016-01-13,-6.3573869680132975e-16,0.625267817728749,470.99999999999983,472.0,4.126205021809295e-16,0.6252678177287476,471.0000000000008,472.0
2016-01-14,-1.1365486161392046e-15,0.6243032314169147,471.00000000000006,472.0,7.259145283390532e-16,0.6243032314169148,471.0,472.0
2016-01-15,-6.007718722190356e-16,0.62963501185413,471.0,472.0,3.781250375275223e-16,0.6296350118541281,471.0000000000014,472.0
2016-01-18,-1.7818247337097898e-16,0.6299096525944899,470.9999999999999,472.0,1.4817148737992684e-16,0.6299096525944902,470.99999999999966,472.0
2016-01-19,-1.2936128281532267e-15,0.6329203183934019,471.00000000000034,472.0,8.199875205141465e-16,0.6329203183934026,470.9999999999999,472.0
2016-01-20,2.4139937662595317e-15,0.6335647920885934,470.9999999999998,472.0,-1.4878855412632614e-15,0.633564792088595,470.99999999999864,472.0
2016-01-21,5.152382778642998e-16,0.6344076399476587,471.00000000000057,472.0,-3.5462939739301855e-16,0.6344076399476599,470.9999999999997,472.0
2016-01-22,-1.3535370578049683e-15,0.6369142616496063,471.00000000000034,472.0,8.285703003761505e-16,0.6369142616496064,471.0000000000002,472.0
2016-01-25,8.83772153175857e-17,0.633169456202752,470.9999999999997,472.0,-5.4478119476846484e-17,0.6331694562027539,470.9999999999983,472.0
2016-01-26,-9.857898970281901e-17,0.6362682928694879,470.9999999999999,472.0,8.491145268210062e-17,0.6362682928694878,471.0,472.0
2016-01-27,-1.0039769970557515e-15,0.6357931215226609,471.0000000000004,472.0,6.455385903977906e-16,0.6357931215226582,471.00000000000233,472.0
2016-01-28,1.2515214144417705e-15,0.6367482305341132,471.0000000000004,472.0,-8.009596529689785e-16,0.6367482305341127,471.0000000000008,472.0
2016-01-29,-1.1096459716993698e-15,0.6362966389225896,471.00000000000017,472.0,7.271665505755379e-16,0.6362966389225906,470.99999999999943,472.0
2016-02-01,1.5922892251582948e-17,0.638164214886442,471.0,472.0,-5.69032776578367e-17,0.6381642148864438,470.99999999999875,472.0
2016-02-02,1.8155117005515702e-15,0.6366058051519145,471.00000000000057,472.0,-1.1605915332714998e-15,0.6366058051519146,471.0000000000005,472.0
2016-02-03,-4.678738408473756e-16,0.6373972237180492,470.99999999999983,472.0,3.417935378606964e-16,0.6373972237180502,470.99999999999903,472.0
2016-02-04,3.383829889576932e-16,0.6365932355072796,470.99999999999966,472.0,-2.0757820543583583e-16,0.6365932355072794,470.9999999999999,472.0
2016-02-05,4.499864704929497e-16,0.6379461454849246,471.0000000000003,472.0,-3.1140802451472174e-16,0.6379461454849235,471.00000000000114,472.0
2016-02-08,-1.059469308261721e-15,0.6382989198611886,471.0000000000001,472.0,6.3440823693776415e-16,0.6382989198611891,470.9999999999997,472.0
2016-02-09,-1.130233538671276e-15,0.6408874936355007,471.0000000000002,472.0,7.029034818089093e-16,0.6408874936355028,470.99999999999864,472.0
2016-02-10,-8.76386992218363e-17,0.6393139233826156,470.99999999999994,472.0,7.995012823352342e-17,0.6393139233826146,471.0000000000007,472.0
2016-02-12,-2.7731897368355437e-15,0.6385448304870316,470.99999999999994,472.0,1.7752638771487386e-15,0.6385448304870321,470.99999999999955,472.0
2016-02-15,5.366590836639401e-16,0.638241542343589,471.0000000000002,472.0,-3.733256691982412e-16,0.6382415423435897,470.9999999999997,472.0
2016-02-16,-1.9358906102227115e-15,0.6400976189136647,470.99999999999955,472.0,1.2413804512277928e-15,0.6400976189136659,470.9999999999987,472.0
2016-02-17,1.6537650350489573e-15,0.6398959087455255,470.9999999999994,472.0,-1.0669883879647248e-15,0.639895908745522,471.0000000000019,472.0
2016-02-18,2.8990850276115165e-16,0.641963186963645,470.99999999999955,472.0,-1.393719507749717e-16,0.6419631869636442,471.0000000000001,472.0
2016-02-19,2.0102080664356467e-15,0.6390777383815948,470.9999999999997,472.0,-1.2643634069917058e-15,0.6390777383815924,471.0000000000014,472.0
2016-02-22,1.904894208811947e-15,0.6324496385126697,470.99999999999966,472.0,-1.2158990658877336e-15,0.6324496385126684,471.0000000000005,472.0
2016-02-23,-2.0885460382899795e-16,0.6301828330776161,470.9999999999996,472.0,1.7741960828630285e-16,0.6301828330776165,470.9999999999994,472.0
2016-02-24,-1.7026385892581982e-15,0.6300158444321773,471.00000000000017,472.0,1.0223309334480245e-15,0.6300158444321761,471.0000000000011,472.0
2016-02-25,1.7394941634583718e-15,0.6288977602434265,471.0000000000002,472.0,-1.1452929870641565e-15,0.6288977602434256,471.00000000000085,472.0
2016-02-26,-2.1609823816088493e-15,0.6279011643667565,471.0000000000004,472.0,1.3910786063073162e-15,0.6279011643667582,470.9999999999991,472.0
2016-02-29,-6.394802966638587e-16,0.627663749418749,471.0000000000001,472.0,3.711579295801276e-16,0.6276637494187493,470.9999999999999,472.0
2016-03-01,8.304635390146088e-17,0.6276024808612997,470.9999999999995,472.0,-7.95464546090802e-19,0.6276024808613001,470.9999999999992,472.0
2016-03-02,-6.045053558283144e-16,0.6284444262343097,470.9999999999999,472.0,3.718569596673728e-16,0.628444426234309,471.0000000000005,472.0
2016-03-03,-6.817409276042551e-16,0.6231173849169946,471.0,472.0,3.97897587254344e-16,0.6231173849169956,470.9999999999992,472.0
2016-03-04,-4.1948511697761594e-16,0.6233979890949537,471.0,472.0,2.5381257752036115e-16,0.6233979890949528,471.0000000000006,472.0
2016-03-07,-1.9871626839666494e-15,0.6291512788758904,470.9999999999997,472.0,1.2620211225965985e-15,0.6291512788758922,470.99999999999835,472.0
2016-03-08,1.5878399018091241e-15,0.6317184028151509,471.00000000000034,472.0,-1.016389852045803e-15,0.6317184028151518,470.9999999999997,472.0
2016-03-09,2.887518249061871e-16,0.6293128046974271,471.00000000000034,472.0,-1.7056329314992954e-16,0.6293128046974262,471.000000000001,472.0
2016-03-10,1.5054320458095885e-16,0.6296025210180842,470.99999999999994,472.0,-4.3315725035505705e-17,0.6296025210180846,470.99999999999966,472.0
2016-03-11,-1.2511507265521729e-15,0.6284748686437452,470.9999999999999,472.0,8.329946909683996e-16,0.6284748686437435,471.0000000000012,472.0
2016-03-14,-2.8571118875540425e-15,0.6319103285900796,470.9999999999999,472.0,1.815046380536108e-15,0.6319103285900814,470.9999999999985,472.0
2016-03-15,-5.839135822825357e-16,0.6297747462806721,471.0000000000002,472.0,3.179180145528951e-16,0.6297747462806725,470.99999999999983,472.0
2016-03-16,-1.9148995790781956e-15,0.6322208696919539,471.0000000000002,472.0,1.2338668527847246e-15,0.6322208696919536,471.0000000000005,472.0
2016-03-17,-1.8254439244031743e-15,0.6304635942703722,471.00000000000006,472.0,1.116862712922256e-15,0.6304635942703737,470.9999999999989,472.0
2016-03-18,-5.180826571974367e-16,0.6336493535186244,471.0000000000002,472.0,3.3968547648826925e-16,0.6336493535186228,471.0000000000013,472.0
2016-03-22,-2.05693260049232e-16,0.6344380924711106,471.00000000000045,472.0,1.0513230433438207e-16,0.6344380924711112,471.00000000000006,472.0
2016-03-23,-2.0200144743603165e-15,0.6355937074503469,470.99999999999994,472.0,1.2840486828952204e-15,0.6355937074503469,470.99999999999994,472.0
2016-03-24,-5.353068248031152e-16,0.6354710205574725,471.0000000000004,472.0,3.140890615424945e-16,0.6354710205574716,471.000000000001,472.0
2016-03-25,-2.2752475984563316e-16,0.6378151125891769,471.0,472.0,1.3883994051874114e-16,0.6378151125891779,470.99999999999926,472.0
2016-03-28,6.325117926864559e-16,0.6439078922054127,470.9999999999998,472.0,-4.2910348465055915e-16,0.6439078922054131,470.9999999999995,472.0
2016-03-29,-1.7450592494421185e-15,0.6564648068954994,471.00000000000017,472.0,1.2064721964634171e-15,0.6564648068954996,471.0,472.0
2016-03-30,-1.127328672331074e-15,0.6559294407092042,471.0,472.0,7.377058538437941e-16,0.6559294407092044,470.9999999999999,472.0
2016-03-31,4.994210266910353e-16,0.6534724506525147,470.99999999999994,472.0,-3.724502552245061e-16,0.6534724506525156,470.99999999999926,472.0
