Date,gross,net,turnover,cost_all,long,short,rankic,label_coverage,cost,net_all_cost,q1,q2,q3,q4,q5,long_turnover,long_cost_all,long_cost,long_net,short_turnover,short_cost_all,short_cost,short_net,positive_exposure,negative_exposure
2008-11-04,0.008459557260794899,0.00746619270185657,1.0031225604996097,0.0010031225604996098,-0.012482416664299863,0.020941973925094764,,0.990632318501171,0.0009933645589383288,0.007456434700295289,-0.04385378061653561,-0.03956743877224205,-0.03739517949308713,-0.02897044671497814,-0.023037632411215616,0.5015612802498048,0.0005015612802498049,0.0004996096799375488,-0.012982026344237412,0.5015612802498048,0.0005015612802498049,0.0004937548790007807,0.020448219046093983,0.5015612802498048,0.5015612802498048
2008-11-05,-0.0011458610219535236,-0.0011458610219535236,0.0,0.0,0.007406193815189841,-0.008552054837143365,,0.990632318501171,0.0,-0.0011458610219535236,0.016252716523943635,0.01943078261799681,0.0055622495321142286,0.01004355297391576,0.017158577099385758,0.0,0.0,0.0,0.007406193815189841,0.0,0.0,0.0,-0.008552054837143365,0.5015612802498048,0.5015612802498048
2008-11-06,-0.0028124502876217894,-0.0028124502876217894,0.0,0.0,0.011588963577224349,-0.01440141386484614,,0.990632318501171,0.0,-0.0028124502876217894,0.030933124709015505,0.02567670015567714,0.03617737155522438,0.0319252280289114,0.01893294059616976,0.0,0.0,0.0,0.011588963577224349,0.0,0.0,0.0,-0.01440141386484614,0.5015612802498048,0.5015612802498048
2008-11-07,-0.00039501436012315245,-0.00039501436012315245,0.0,0.0,-0.006636979421163193,0.006241965061040041,,0.990632318501171,0.0,-0.00039501436012315245,-0.012949739276563912,-0.012033255280166822,-0.019142571874356053,-0.021063825797896632,-0.009485040048725017,0.0,0.0,0.0,-0.006636979421163193,0.0,0.0,0.0,0.006241965061040041,0.5015612802498048,0.5015612802498048
2008-11-10,-0.001990323341185974,-0.001990323341185974,0.0,0.0,0.0031119676147751815,-0.0051022909559611555,,0.9882903981264637,0.0,-0.001990323341185974,0.013254205457909826,0.004615563915543396,0.016732640619672903,0.0035339560351340662,0.00754488313290431,0.0,0.0,0.0,0.0031119676147751815,0.0,0.0,0.0,-0.0051022909559611555,0.5015612802498048,0.5015612802498048
2008-11-11,-0.0031889060184010615,-0.0031889060184010615,0.0,0.0,-0.0013255682681682101,-0.0018633377502328512,,0.9882903981264637,0.0,-0.0031889060184010615,0.00672763019915687,-0.002088900121893348,-0.0026787791118333183,-0.007516956476794113,-0.00027788858464351953,0.0,0.0,0.0,-0.0013255682681682101,0.0,0.0,0.0,-0.0018633377502328512,0.5015612802498048,0.5015612802498048
2008-11-12,-0.005143502522954149,-0.005143502522954149,0.0,0.0,0.013300382569548847,-0.018443885092502995,,0.9882903981264637,0.0,-0.005143502522954149,0.04255172917904323,0.027404240706181807,0.016176192854015586,0.02827694467781023,0.02581309695174866,0.0,0.0,0.0,0.013300382569548847,0.0,0.0,0.0,-0.018443885092502995,0.5015612802498048,0.5015612802498048
2008-11-13,-0.0035648008278231125,-0.0035648008278231125,0.0,0.0,-0.011639750428652045,0.008074949600828933,,0.990632318501171,0.0,-0.0035648008278231125,-0.018623366852252774,-0.011869159344544458,-0.01636723068337947,-0.019008705603442727,-0.02539230726134953,0.0,0.0,0.0,-0.011639750428652045,0.0,0.0,0.0,0.008074949600828933,0.5015612802498048,0.5015612802498048
2008-11-14,-0.0021955673824201544,-0.0021955673824201544,0.0,0.0,0.002333637872141017,-0.004529205254561171,,0.990632318501171,0.0,-0.0021955673824201544,0.008261764755401068,0.010973979923879586,0.007562608679650488,0.006024684544072357,0.004009782232459181,0.0,0.0,0.0,0.002333637872141017,0.0,0.0,0.0,-0.004529205254561171,0.5015612802498048,0.5015612802498048
2008-11-17,-0.0001575128446624761,-0.0001575128446624761,0.0,0.0,0.0038507923684988226,-0.004008305213161299,,0.990632318501171,0.0,-0.0001575128446624761,0.010383335335501068,0.0036406500571725866,0.0072438435910244,0.011610607581649902,0.005801482399768632,0.0,0.0,0.0,0.0038507923684988226,0.0,0.0,0.0,-0.004008305213161299,0.5015612802498048,0.5015612802498048
2008-11-18,-0.0066145622244399415,-0.0066145622244399415,0.0,0.0,-0.0012622580837010314,-0.00535230414073891,,0.9882903981264637,0.0,-0.0066145622244399415,0.010630983850591148,0.011387087557325055,-0.007805724580877219,-0.002434311081352645,-0.0025715052979929445,0.0,0.0,0.0,-0.0012622580837010314,0.0,0.0,0.0,-0.00535230414073891,0.5015612802498048,0.5015612802498048
2008-11-19,-0.001580364808312014,-0.001580364808312014,0.0,0.0,-0.0016314581302768554,5.1093321964841324e-05,,0.9882903981264637,0.0,-0.001580364808312014,-0.0007511324390845922,0.0011905956141836527,0.0019598952771035317,0.003354772162971367,-0.006498604695601485,0.0,0.0,0.0,-0.0016314581302768554,0.0,0.0,0.0,5.1093321964841324e-05,0.5015612802498048,0.5015612802498048
2008-11-20,0.009659675762853915,0.009659675762853915,0.0,0.0,0.01584456078256593,-0.006184885019712016,,0.990632318501171,0.0,0.009659675762853915,0.01036194890467435,0.016803854919001722,0.03755487166506737,0.027680975262065498,0.033683436180077214,0.0,0.0,0.0,0.01584456078256593,0.0,0.0,0.0,-0.006184885019712016,0.5015612802498048,0.5015612802498048
2008-11-21,-0.001130172381497722,-0.001130172381497722,0.0,0.0,-0.00956258039319134,0.008432408011693617,,0.990632318501171,0.0,-0.001130172381497722,-0.016354561392176677,-0.018508230015366216,-0.03482441233493413,-0.032049804456948244,-0.01283536406446273,0.0,0.0,0.0,-0.00956258039319134,0.0,0.0,0.0,0.008432408011693617,0.5015612802498048,0.5015612802498048
2008-11-25,0.002399295820473059,0.002399295820473059,0.0,0.0,0.006394519900611736,-0.003995224080138677,,0.990632318501171,0.0,0.002399295820473059,0.006064955657164984,0.012096944332462835,0.016884110859540828,0.00827500381659916,0.015008439979529793,0.0,0.0,0.0,0.006394519900611736,0.0,0.0,0.0,-0.003995224080138677,0.5015612802498048,0.5015612802498048
2008-11-26,0.0009401888332763378,0.0009401888332763378,0.0,0.0,-0.0019109173684821739,0.0028511062017585118,,0.990632318501171,0.0,0.0009401888332763378,-0.007593939620171271,-0.0021779407246151515,-0.004433087228704815,-0.005361140497594149,-0.003074524754723008,0.0,0.0,0.0,-0.0019109173684821739,0.0,0.0,0.0,0.0028511062017585118,0.5015612802498048,0.5015612802498048
2008-11-27,-0.0005721409629972269,-0.0005721409629972269,0.0,0.0,-0.0014150261858672062,0.0008428852228699791,,0.990632318501171,0.0,-0.0005721409629972269,-0.002248986181599335,-0.0006360554081163408,0.0009932632277168093,-0.00022253576949285385,-0.004106781470935795,0.0,0.0,0.0,-0.0014150261858672062,0.0,0.0,0.0,0.0008428852228699791,0.5015612802498048,0.5015612802498048
2008-11-28,0.003569158535508895,0.003569158535508895,0.0,0.0,0.0002023372848221009,0.003366821250686794,,0.990632318501171,0.0,0.003569158535508895,-0.00703853223000078,-0.006384538755432731,2.906396290033979e-05,0.00014789587268568643,0.0005305486711467832,0.0,0.0,0.0,0.0002023372848221009,0.0,0.0,0.0,0.003366821250686794,0.5015612802498048,0.5015612802498048
2008-12-01,-0.0010474274780786757,-0.0010474274780786757,0.0,0.0,0.007026874434047177,-0.008074301912125853,,0.990632318501171,0.0,-0.0010474274780786757,0.01897313348891074,0.011173951454544502,0.007966089830418542,0.008067503444457017,0.01699360564343828,0.0,0.0,0.0,0.007026874434047177,0.0,0.0,0.0,-0.008074301912125853,0.5015612802498048,0.5015612802498048
2008-12-02,-0.003912936032519661,-0.003912936032519661,0.0,0.0,-0.0033625496636399466,-0.0005503863688797149,,0.990632318501171,0.0,-0.003912936032519661,0.003178269035122805,-0.0029638967351372386,-0.020014611820032637,-0.012211283377372087,-0.004053620022964263,0.0,0.0,0.0,-0.0033625496636399466,0.0,0.0,0.0,-0.0005503863688797149,0.5015612802498048,0.5015612802498048
2008-12-03,-0.0028437820869907054,-0.0028437820869907054,0.0,0.0,0.00249842709185162,-0.005342209178842325,,0.990632318501171,0.0,-0.0028437820869907054,0.011385017723160426,0.009701941244092422,-0.011260978718688175,-0.004163129096891512,0.009476144686067774,0.0,0.0,0.0,0.00249842709185162,0.0,0.0,0.0,-0.005342209178842325,0.5015612802498048,0.5015612802498048
2008-12-04,-0.0024825187654650117,-0.0024825187654650117,0.0,0.0,0.0024501051870046025,-0.004932623952469614,,0.990632318501171,0.0,-0.0024825187654650117,0.009850182406837504,0.010266421987020349,0.014672491095033855,0.0055821411176655905,0.004572872348472376,0.0,0.0,0.0,0.0024501051870046025,0.0,0.0,0.0,-0.004932623952469614,0.5015612802498048,0.5015612802498048
2008-12-05,-0.003509465028388838,-0.003509465028388838,0.0,0.0,-0.004090414803081757,0.000580949774692919,,0.990632318501171,0.0,-0.003509465028388838,-0.0011782038315466593,-0.0011734167159154468,0.007553566443179827,-0.0033264705127943753,-0.01056107570944398,0.0,0.0,0.0,-0.004090414803081757,0.0,0.0,0.0,0.000580949774692919,0.5015612802498048,0.5015612802498048
2008-12-08,0.0019184429230478324,0.0019184429230478324,0.0,0.0,0.0017267879216698158,0.0001916550013780167,,0.990632318501171,0.0,0.0019184429230478324,-0.0027108759977861477,0.0042026252343762,0.0014595476506363337,-0.0013996621625853081,0.005827777632097556,0.0,0.0,0.0,0.0017267879216698158,0.0,0.0,0.0,0.0001916550013780167,0.5015612802498048,0.5015612802498048
2008-12-09,0.004486184603975079,0.004486184603975079,0.0,0.0,-0.0023577778353269904,0.006843962439302069,,0.990632318501171,0.0,0.004486184603975079,-0.009176620907298282,-0.023119694605556105,0.00972029754325556,0.0017298231159641193,-0.007868782003270557,0.0,0.0,0.0,-0.0023577778353269904,0.0,0.0,0.0,0.006843962439302069,0.5015612802498048,0.5015612802498048
2008-12-10,0.0029703009905658784,0.002967980045334714,0.0023437443002327324,2.3437443002327328e-06,-0.0006042778291003618,0.0035745788196662404,,0.9883177570093458,2.320945231164273e-06,0.0029679572462656457,-0.008677572477398084,-0.004447900065620037,0.002391888053328206,-0.010322240108283068,0.0032366923027315796,0.0011718721501163662,1.1718721501163664e-06,1.167312336302684e-06,-0.0006054451414366645,0.0011718721501163662,1.1718721501163664e-06,1.1536328948616368e-06,0.0035734251867713786,0.5003894080996885,0.5003894080996885
2008-12-11,0.0017559959070399954,0.0017559959070399954,0.0,0.0,0.010098072206243295,-0.0083420762992033,,0.9883177570093458,0.0,0.0017559959070399954,0.016751132499661116,0.017297648556797027,0.012072304469925424,0.015573920106337876,0.022547445326710318,0.0,0.0,0.0,0.010098072206243295,0.0,0.0,0.0,-0.0083420762992033,0.5003894080996885,0.5003894080996885
2008-12-12,-0.005898977308058944,-0.005898977308058944,0.0,0.0,-0.010706158457545637,0.004807181149486692,,0.9883177570093458,0.0,-0.005898977308058944,-0.0072940521821833046,-0.014630205550230235,-0.023339514017531465,-0.018848268382007417,-0.02276411883550474,0.0,0.0,0.0,-0.010706158457545637,0.0,0.0,0.0,0.004807181149486692,0.5003894080996885,0.5003894080996885
2008-12-15,0.0005725529402145077,0.0005725529402145077,0.0,0.0,0.008243167151249873,-0.0076706142110353655,,0.9883177570093458,0.0,0.0005725529402145077,0.013569726364708747,0.0195283932884317,0.021268549598103842,0.021303758063388474,0.014210319602077345,0.0,0.0,0.0,0.008243167151249873,0.0,0.0,0.0,-0.0076706142110353655,0.5003894080996885,0.5003894080996885
2008-12-16,0.004384030699378702,0.004384030699378702,0.0,0.0,-0.004041402519666328,0.00842543321904503,,0.9883177570093458,0.0,0.004384030699378702,-0.01731490859392706,-0.016687033617903305,-0.026646505407518124,-0.023110208819993726,-0.000781434844309029,0.0,0.0,0.0,-0.004041402519666328,0.0,0.0,0.0,0.00842543321904503,0.5003894080996885,0.5003894080996885
2008-12-17,0.0005072733336824975,0.0005072733336824975,0.0,0.0,0.001189988004778533,-0.0006827146710960354,,0.985981308411215,0.0,0.0005072733336824975,0.005407525008712469,-0.006435375251427602,-0.0015891725644644763,0.0047880380202556996,0.0012150153811207889,0.0,0.0,0.0,0.001189988004778533,0.0,0.0,0.0,-0.0006827146710960354,0.5003894080996885,0.5003894080996885
2008-12-18,-0.0009092704406622948,-0.0009092704406622948,0.0,0.0,-0.0014765675570823573,0.0005672971164200624,,0.985981308411215,0.0,-0.0009092704406622948,-0.006248107922089938,0.008774377836159834,-0.0007691960402167258,-0.004160061368035527,-0.002377441525596014,0.0,0.0,0.0,-0.0014765675570823573,0.0,0.0,0.0,0.0005672971164200624,0.5003894080996885,0.5003894080996885
2008-12-19,0.002239934564031535,0.002239934564031535,0.0,0.0,-0.0021950255274350043,0.004434960091466539,,0.9883177570093458,0.0,0.002239934564031535,-0.00974679566089742,-0.007533339199369975,-0.009675954540686663,-0.009554467387641695,-0.0018883130833064867,0.0,0.0,0.0,-0.0021950255274350043,0.0,0.0,0.0,0.004434960091466539,0.5003894080996885,0.5003894080996885
2008-12-22,-0.001862560005633979,-0.001862560005633979,0.0,0.0,0.00560876661790863,-0.0074713266235426085,,0.969626168224299,0.0,-0.001862560005633979,0.014553336477005754,0.016979424703835577,0.01882674857819782,0.018296444056943965,0.008315386278846187,0.0,0.0,0.0,0.00560876661790863,0.0,0.0,0.0,-0.0074713266235426085,0.5003894080996885,0.5003894080996885
2008-12-24,0.00040391558450626134,0.00040391558450626134,0.0,0.0,-0.00431418290686501,0.004718098491371271,,0.969626168224299,0.0,0.00040391558450626134,-0.010386281020361234,-0.008272197240824364,-0.010823883663096927,-0.01081152116850783,-0.008007347018965223,0.0,0.0,0.0,-0.00431418290686501,0.0,0.0,0.0,0.004718098491371271,0.5003894080996885,0.5003894080996885
2008-12-25,0.0003185603099915092,0.0003185603099915092,0.0,0.0,-0.0004554282986607626,0.0007739886086522718,,0.9719626168224299,0.0,0.0003185603099915092,-0.0008215020942974659,-0.0031266047899015967,-0.002395875445676535,-0.0027908003150595596,-3.049607444146865e-05,0.0,0.0,0.0,-0.0004554282986607626,0.0,0.0,0.0,0.0007739886086522718,0.5003894080996885,0.5003894080996885
2008-12-26,-0.001959001886736418,-0.001959001886736418,0.0,0.0,-0.0032962311579961194,0.0013372292712597017,,0.969626168224299,0.0,-0.001959001886736418,-0.004037278050025632,-0.00010412489408142202,-0.0028930091311615037,-0.0059193733864218905,-0.007274431958194048,0.0,0.0,0.0,-0.0032962311579961194,0.0,0.0,0.0,0.0013372292712597017,0.5003894080996885,0.5003894080996885
2008-12-29,0.0007779947064441551,0.0007779947064441551,0.0,0.0,0.002838570823092549,-0.002060576116648394,,0.969626168224299,0.0,0.0007779947064441551,0.007168156024551034,-0.0017797355928531552,0.01588640728502175,0.0069780748344649875,0.005335468905507254,0.0,0.0,0.0,0.002838570823092549,0.0,0.0,0.0,-0.002060576116648394,0.5003894080996885,0.5003894080996885
2008-12-30,0.0017841189348123253,0.0017841189348123253,0.0,0.0,-0.005172137304876307,0.006956256239688632,,0.985981308411215,0.0,0.0017841189348123253,-0.01910646316596815,-0.004319611819302767,0.0065569668023279315,-0.003163952372293246,-0.013899056514603712,0.0,0.0,0.0,-0.005172137304876307,0.0,0.0,0.0,0.006956256239688632,0.5003894080996885,0.5003894080996885
2009-01-05,-0.003304798074645736,-0.003304798074645736,0.0,0.0,-0.0033485982304324213,4.3800155786685026e-05,,0.9883177570093458,0.0,-0.003304798074645736,-0.005163048545242309,0.009939957595160781,0.030292270607145053,0.013212630616984609,-0.01645175013358604,0.0,0.0,0.0,-0.0033485982304324213,0.0,0.0,0.0,4.3800155786685026e-05,0.5003894080996885,0.5003894080996885
2009-01-06,0.00366965095693243,0.00366965095693243,0.0,0.0,-0.00683561961744991,0.010505270574382341,,0.9883177570093458,0.0,0.00366965095693243,-0.022414359701811236,-0.01917522984821744,0.007229250050226407,0.00524566065801987,-0.022973312388348505,0.0,0.0,0.0,-0.00683561961744991,0.0,0.0,0.0,0.010505270574382341,0.5003894080996885,0.5003894080996885
2009-01-07,0.0014421165547606441,0.0014421165547606441,0.0,0.0,0.005092784283940671,-0.003650667729180027,,0.9883177570093458,0.0,0.0014421165547606441,0.009614025566141384,0.0030567841246483467,0.001957810495727206,0.01469751515870205,0.008029434505238119,0.0,0.0,0.0,0.005092784283940671,0.0,0.0,0.0,-0.003650667729180027,0.5003894080996885,0.5003894080996885
2009-01-08,-0.003119365520917106,-0.003119365520917106,0.0,0.0,-0.0006406782593915215,-0.002478687261525585,,0.9883177570093458,0.0,-0.003119365520917106,0.010508383525291555,-0.0057924077026993035,-0.01313397694719414,-0.0020864181020669894,-0.0008941467061038271,0.0,0.0,0.0,-0.0006406782593915215,0.0,0.0,0.0,-0.002478687261525585,0.5003894080996885,0.5003894080996885
2009-01-09,-0.0010223174259350652,-0.0010223174259350652,0.0,0.0,0.005707540898214138,-0.006729858324149203,,0.9883177570093458,0.0,-0.0010223174259350652,0.012088177894001174,0.016772251165774514,0.0174422905790976,0.017441011032107493,0.008525279526893907,0.0,0.0,0.0,0.005707540898214138,0.0,0.0,0.0,-0.006729858324149203,0.5003894080996885,0.5003894080996885
2009-01-13,0.0012379727337166987,0.0012379727337166987,0.0,0.0,-0.004184369199103979,0.005422341932820678,,0.9883177570093458,0.0,0.0012379727337166987,-0.012522201296822704,-0.0080139411627116,0.0012656391708583644,-0.007216718129485789,-0.008970277312691845,0.0,0.0,0.0,-0.004184369199103979,0.0,0.0,0.0,0.005422341932820678,0.5003894080996885,0.5003894080996885
2009-01-14,-0.0002721821497418961,-0.0002721821497418961,0.0,0.0,0.0077943485173570665,-0.008066530667098963,,0.9883177570093458,0.0,-0.0002721821497418961,0.014292411491983455,0.020492294352574193,0.014161797948415397,0.017486876044368264,0.014734184946439854,0.0,0.0,0.0,0.0077943485173570665,0.0,0.0,0.0,-0.008066530667098963,0.5003894080996885,0.5003894080996885
2009-01-15,-0.0026410104889661467,-0.0026410104889661467,0.0,0.0,-0.003906799264486975,0.001265788775520828,,0.9883177570093458,0.0,-0.0026410104889661467,-0.0006876916184271288,-0.0062891402730792904,-0.005909853195496988,-0.005192184928671592,-0.009130166094372654,0.0,0.0,0.0,-0.003906799264486975,0.0,0.0,0.0,0.001265788775520828,0.5003894080996885,0.5003894080996885
2009-01-16,0.0015872030450411279,0.0015872030450411279,0.0,0.0,-0.0018547092124353666,0.003441912257476494,,0.9883177570093458,0.0,0.0015872030450411279,-0.007130840692585786,-0.006703351753947242,-0.0031459734739612867,-0.002279779090035237,-0.004424867488045606,0.0,0.0,0.0,-0.0018547092124353666,0.0,0.0,0.0,0.003441912257476494,0.5003894080996885,0.5003894080996885
2009-01-19,7.104365789255419e-05,7.104365789255419e-05,0.0,0.0,-0.004201374679006077,0.0042724183368986314,,0.9883177570093458,0.0,7.104365789255419e-05,-0.007730016051941038,-0.01053731013064756,-0.00661765281198249,-0.005390895735860314,-0.009912737170495668,0.0,0.0,0.0,-0.004201374679006077,0.0,0.0,0.0,0.0042724183368986314,0.5003894080996885,0.5003894080996885
2009-01-20,0.0011782872665371156,0.0011782872665371156,0.0,0.0,0.008793496476236357,-0.007615209209699242,,0.9883177570093458,0.0,0.0011782872665371156,0.01562127076975081,0.015138799538628175,0.017084767008222014,0.018366953634987568,0.017287881888697895,0.0,0.0,0.0,0.008793496476236357,0.0,0.0,0.0,-0.007615209209699242,0.5003894080996885,0.5003894080996885
2009-01-21,-8.070399119840129e-05,-8.070399119840129e-05,0.0,0.0,0.00030611150941118015,-0.00038681550060958145,,0.9883177570093458,0.0,-8.070399119840129e-05,0.0011858021656560506,-6.427326083946839e-06,-0.014739960232671243,-0.012865176244092476,0.007197056254286918,0.0,0.0,0.0,0.00030611150941118015,0.0,0.0,0.0,-0.00038681550060958145,0.5003894080996885,0.5003894080996885
2009-01-22,-0.0014707026361028936,-0.0014707026361028936,0.0,0.0,0.0026363923623089302,-0.004107094998411824,,0.9883177570093458,0.0,-0.0014707026361028936,0.008492135562853772,0.0080320613720574,0.0035880810246329236,0.01459590646217676,0.0007441568282501085,0.0,0.0,0.0,0.0026363923623089302,0.0,0.0,0.0,-0.004107094998411824,0.5003894080996885,0.5003894080996885
2009-01-23,-0.0018247945014800446,-0.0018247945014800446,0.0,0.0,0.0005713061116725753,-0.00239610061315262,,0.9906542056074766,0.0,-0.0018247945014800446,0.0028594388304484437,0.00875920792634059,-0.006070573900109925,-0.004131060695166547,0.0037234413799361894,0.0,0.0,0.0,0.0005713061116725753,0.0,0.0,0.0,-0.00239610061315262,0.5003894080996885,0.5003894080996885
2009-01-26,0.0020971085346559804,0.0020971085346559804,0.0,0.0,-0.005284153771016095,0.007381262305672076,,0.9906542056074766,0.0,0.0020971085346559804,-0.013964064032785602,-0.01667206393670147,-0.017507191186944725,-0.020053715238467124,-0.005985054050945513,0.0,0.0,0.0,-0.005284153771016095,0.0,0.0,0.0,0.007381262305672076,0.5003894080996885,0.5003894080996885
2009-01-27,-0.003580399054910054,-0.003580399054910054,0.0,0.0,0.0014702984849095583,-0.0050506975398196124,,0.9906542056074766,0.0,-0.003580399054910054,0.009199379926610966,0.012119337281499868,0.01812618554308606,0.016754906972115752,-0.003792249324466129,0.0,0.0,0.0,0.0014702984849095583,0.0,0.0,0.0,-0.0050506975398196124,0.5003894080996885,0.5003894080996885
2009-01-28,-0.002171120717782002,-0.002171120717782002,0.0,0.0,-0.0060479212859916275,0.0038768005682096253,,0.9906542056074766,0.0,-0.002171120717782002,-0.005723312056591532,-0.011978373202492978,-0.026410058448944534,-0.02105199038599706,-0.00777816965152062,0.0,0.0,0.0,-0.0060479212859916275,0.0,0.0,0.0,0.0038768005682096253,0.5003894080996885,0.5003894080996885
2009-01-29,-0.002287118711368246,-0.002287118711368246,0.0,0.0,0.004201802664507245,-0.006488921375875492,,0.9906542056074766,0.0,-0.002287118711368246,0.015039788234687778,0.009128776691208594,0.0029469673512447993,0.006976001632859973,0.00913989367052723,0.0,0.0,0.0,0.004201802664507245,0.0,0.0,0.0,-0.006488921375875492,0.5003894080996885,0.5003894080996885
2009-01-30,-0.0011009730229525313,-0.0011009730229525313,0.0,0.0,0.003504479040799152,-0.004605452063751683,,0.9906542056074766,0.0,-0.0011009730229525313,0.007169213715365099,0.01348933939212703,0.020182661922425196,0.016016930155437786,0.0026423157110329666,0.0,0.0,0.0,0.003504479040799152,0.0,0.0,0.0,-0.004605452063751683,0.5003894080996885,0.5003894080996885
2009-02-02,0.004435349558144562,0.004435349558144562,0.0,0.0,-0.0018319177631273963,0.006267267321271959,,0.9906542056074766,0.0,0.004435349558144562,-0.015553976001050537,-0.006761089129725721,0.014141522792539007,0.004519908319616452,-0.0076775887325000736,0.0,0.0,0.0,-0.0018319177631273963,0.0,0.0,0.0,0.006267267321271959,0.5003894080996885,0.5003894080996885
2009-02-03,0.001273531724347986,0.001273531724347986,0.0,0.0,-0.0005663808503898634,0.0018399125747378493,,0.9906542056074766,0.0,0.001273531724347986,-0.005930986263694733,0.0007445713699146491,0.00564819305571463,-0.0032692693202559043,-9.461966196940625e-05,0.0,0.0,0.0,-0.0005663808503898634,0.0,0.0,0.0,0.0018399125747378493,0.5003894080996885,0.5003894080996885
2009-02-04,-0.00034311091349027327,-0.0017819738418391826,1.4447040498442367,0.0014447040498442366,0.003103577059274174,-0.003446687972764447,0.01303501038183329,0.9906542056074766,0.0014388629283489094,-0.0017878149633345098,0.010153259731687252,0.00028068551719544215,-0.002814233378840738,-0.004388884109510656,0.011436350738090822,0.7554517133956387,0.0007554517133956385,0.0007535046728971962,0.0023500723863769776,0.6892523364485982,0.000689252336448598,0.0006853582554517133,-0.004132046228216161,0.5003894080996885,0.5003894080996885
2009-02-05,0.0005597070714771486,0.0003922615886111052,0.1674454828660436,0.0001674454828660436,-0.0004135481211050504,0.0009732551925821992,0.011046591235905552,0.9906542056074766,0.00016744548286604343,0.00039226158861110504,-0.0018985109648180926,-0.0020390585995471245,-0.005525168595673335,0.00025319955763631214,-0.0013600016127827935,0.0895638629283489,8.95638629283489e-05,8.95638629283489e-05,-0.0005031119840333992,0.0778816199376947,7.788161993769471e-05,7.788161993769471e-05,0.0008953735726445045,0.5003894080996885,0.5003894080996885
2009-02-06,0.001960886338042654,0.0018323816651454577,0.12850467289719625,0.00012850467289719626,-0.00036521471950983945,0.0023261010575524933,0.06895567512030444,0.9906542056074766,0.00012850467289719628,0.0018323816651454577,-0.004015594618078788,-0.005929449751169519,-0.008263057919257957,0.0023249840893422064,-0.0022395228345019826,0.0778816199376947,7.788161993769471e-05,7.788161993769471e-05,-0.00044309633944753413,0.050623052959501556,5.062305295950156e-05,5.062305295950156e-05,0.002275478004592992,0.5003894080996885,0.5003894080996885
2009-02-09,-0.0003014696855750616,-0.0004182921154816035,0.11682242990654206,0.00011682242990654205,-0.004649939525877831,0.00434846984030277,-0.01110750988834638,0.9906542056074766,0.00011682242990654194,-0.0004182921154816036,-0.009675533233264295,-0.006696263457153459,-0.010025656442303868,-0.014884219195396394,-0.0065293622609427955,0.050623052959501556,5.062305295950156e-05,5.062305295950156e-05,-0.004700562578837333,0.06619937694704049,6.61993769470405e-05,6.61993769470405e-05,0.004282270463355729,0.5003894080996885,0.5003894080996885
2009-02-10,0.0024474681842048076,0.002354010240279574,0.09345794392523364,9.345794392523364e-05,0.008188978981965073,-0.005741510797760266,0.06383610539084193,0.9906542056074766,9.345794392523346e-05,0.002354010240279574,0.011406238239624335,0.011611376100168078,0.017577331065777285,0.013103570325867023,0.017977070508363748,0.050623052959501556,5.062305295950156e-05,5.062305295950156e-05,0.008138355929005572,0.042834890965732085,4.2834890965732084e-05,4.2834890965732084e-05,-0.005784345688725998,0.5003894080996885,0.5003894080996885
2009-02-12,-0.004969832244347023,-0.005086654674253565,0.11682242990654206,0.00011682242990654205,-0.0001062596457091332,-0.004863572598637889,-0.147753338661536,0.9906542056074766,0.00011682242990654172,-0.005086654674253565,0.010338281436006859,0.008467605643144006,0.0014120539823734054,0.004093492722538358,-0.0023402432293719256,0.06230529595015576,6.230529595015576e-05,6.230529595015576e-05,-0.00016856494165928896,0.05451713395638629,5.451713395638629e-05,5.451713395638629e-05,-0.004918089732594276,0.5003894080996885,0.5003894080996885
2009-02-13,-0.0015076811616091138,-0.0015933509435405778,0.08566978193146417,8.566978193146417e-05,-0.0061407208636310275,0.004633039702021913,-0.0784680909028203,0.9906542056074766,8.566978193146405e-05,-0.001593350943540578,-0.012017806808642045,-0.003676075527906155,-0.0058492212489248425,-0.009738348030012344,-0.013523922401220035,0.04672897196261682,4.672897196261682e-05,4.672897196261682e-05,-0.006187449835593644,0.03894080996884735,3.8940809968847354e-05,3.8940809968847354e-05,0.0045940988920530655,0.5003894080996885,0.5003894080996885
2009-02-16,0.00124848002908973,0.001186174733139574,0.06230529595015576,6.230529595015576e-05,-0.0013951784101347406,0.0026436584392244703,0.06831838825932827,0.9906542056074766,6.2305295950156e-05,0.0011861747331395741,-0.008704345025666776,0.001639580823870562,0.004945370050307581,0.0030642369191584266,-0.0056803707533352845,0.03115264797507788,3.115264797507788e-05,3.115264797507788e-05,-0.0014263310581098185,0.03115264797507788,3.115264797507788e-05,3.115264797507788e-05,0.0026125057912493926,0.5003894080996885,0.5003894080996885
2009-02-17,0.005501543555426177,0.005415873773494712,0.08566978193146417,8.566978193146417e-05,0.0076534168163020135,-0.002151873260875837,0.18885931163512576,0.9906542056074766,8.566978193146491e-05,0.005415873773494713,0.0038052397759623297,0.005302363121415402,0.00656801199468326,0.01693808175167622,0.014482894930001369,0.042834890965732085,4.2834890965732084e-05,4.2834890965732084e-05,0.0076105819253362815,0.042834890965732085,4.2834890965732084e-05,4.2834890965732084e-05,-0.002194708151841569,0.5003894080996885,0.5003894080996885
2009-02-18,0.0017674576677977512,0.001670105642875633,0.09735202492211838,9.735202492211838e-05,-0.001634482388755494,0.003401940056553245,0.04517783449307293,0.9906542056074766,9.735202492211817e-05,0.0016701056428756328,-0.007641453732482775,-0.005093016130102462,-0.007425804152338673,-0.002116284559411524,-0.003834802135551408,0.05841121495327103,5.8411214953271024e-05,5.8411214953271024e-05,-0.001692893603708765,0.03894080996884735,3.8940809968847354e-05,3.8940809968847354e-05,0.0033629992465843976,0.5003894080996885,0.5003894080996885
2009-02-19,0.005082545481533787,0.004996875699602323,0.08566978193146417,8.566978193146417e-05,0.00039289610542957084,0.004689649376104215,0.16488130625167732,0.9906542056074766,8.566978193146405e-05,0.004996875699602323,-0.011022012670626467,-0.006033149884933801,-0.0017477857095477218,-0.0017037760143888206,0.0020151883777423103,0.042834890965732085,4.2834890965732084e-05,4.2834890965732084e-05,0.00035006121446383876,0.042834890965732085,4.2834890965732084e-05,4.2834890965732084e-05,0.004646814485138483,0.5003894080996885,0.5003894080996885
2009-02-20,0.00467476369195728,0.0046202465580008935,0.05451713395638629,5.451713395638629e-05,0.002959926613014297,0.0017148370789429827,0.17700156663413089,0.9906542056074766,5.451713395638637e-05,0.0046202465580008935,-0.006072933885208306,0.0019271094648319123,-0.00046482576138256543,0.006146159201995463,0.005801132420200749,0.027258566978193146,2.7258566978193143e-05,2.7258566978193143e-05,0.002932668046036104,0.027258566978193146,2.7258566978193143e-05,2.7258566978193143e-05,0.0016875785119647895,0.5003894080996885,0.5003894080996885
2009-02-23,0.0011327931029688082,0.001074381888015537,0.05841121495327103,5.8411214953271024e-05,0.00897134160121323,-0.007838548498244422,0.0458783994728278,0.9953271028037384,5.841121495327108e-05,0.001074381888015537,0.0170842953806797,0.012792702390840315,0.013841258136355868,0.01658676168437723,0.01859189711169215,0.03115264797507788,3.115264797507788e-05,3.115264797507788e-05,0.008940188953238152,0.027258566978193146,2.7258566978193143e-05,2.7258566978193143e-05,-0.007865807065222614,0.5003894080996885,0.5003894080996885
2009-02-24,0.000632839650300682,0.0005705343543505261,0.06230529595015576,6.230529595015576e-05,-0.00800077207294816,0.00863361172324884,0.007783023151715452,0.9953271028037384,6.23052959501559e-05,0.0005705343543505262,-0.01955955783059544,-0.012587988637625752,-0.018325455459929283,-0.018211212388700094,-0.01489095048620155,0.03115264797507788,3.115264797507788e-05,3.115264797507788e-05,-0.008031924720923237,0.03115264797507788,3.115264797507788e-05,3.115264797507788e-05,0.008602459075273763,0.5003894080996885,0.5003894080996885
2009-02-25,0.0006834758829675401,0.0006250646680142694,0.05841121495327103,5.8411214953271024e-05,0.003415575867188945,-0.002732099984221405,0.04693578728725896,0.9953271028037384,5.841121495327075e-05,0.0006250646680142692,0.006306132922761794,0.003747666931542175,0.004257495288778699,0.006289028775455073,0.007091118136480005,0.02336448598130841,2.336448598130841e-05,2.336448598130841e-05,0.0033922113812076366,0.035046728971962614,3.504672897196262e-05,3.504672897196262e-05,-0.0027671467131933675,0.5003894080996885,0.5003894080996885
2009-02-26,-0.000320031829195997,-0.00038623120614303744,0.06619937694704049,6.61993769470405e-05,-0.006292255150431295,0.005972223321235298,-0.02283985619542213,0.9953271028037384,6.619937694704044e-05,-0.0003862312061430375,-0.01212819682030621,-0.011544518172868012,-0.008483731496066441,-0.00567486720483302,-0.01598452635378318,0.027258566978193146,2.7258566978193143e-05,2.7258566978193143e-05,-0.006319513717409488,0.03894080996884735,3.8940809968847354e-05,3.8940809968847354e-05,0.005933282511266451,0.5003894080996885,0.5003894080996885
2009-02-27,0.0006833404097698229,0.0006132469518258977,0.07009345794392523,7.009345794392523e-05,0.0025563049225216113,-0.0018729645127517883,0.052346517724947486,0.9953271028037384,7.00934579439252e-05,0.0006132469518258977,0.00505003008381351,0.001098228227451704,0.005809029757573362,0.006661841570107635,0.004341056248534597,0.035046728971962614,3.504672897196262e-05,3.504672897196262e-05,0.0025212581935496487,0.035046728971962614,3.504672897196262e-05,3.504672897196262e-05,-0.0019080112417237509,0.5003894080996885,0.5003894080996885
2009-03-02,0.00036132020656041964,0.00031459123459780263,0.04672897196261682,4.672897196261682e-05,0.005784247982851356,-0.005422927776290937,0.07086780153645937,0.9953271028037384,4.6728971962617e-05,0.0003145912345978028,0.013284444555729556,0.005885779321382843,0.003960772287772332,0.013675421035825508,0.01051383125550749,0.01557632398753894,1.557632398753894e-05,1.557632398753894e-05,0.005768671658863817,0.03115264797507788,3.115264797507788e-05,3.115264797507788e-05,-0.005454080424266015,0.5003894080996885,0.5003894080996885
2009-03-03,-0.0012460677223622583,-0.0013044789373155292,0.05841121495327103,5.8411214953271024e-05,0.008626313347206729,-0.009872381069568987,-0.014745453132410595,0.9953271028037384,5.841121495327086e-05,-0.0013044789373155294,0.021842652152870446,0.015453161729846055,0.016488974849062036,0.013031602389564308,0.019318536814025636,0.035046728971962614,3.504672897196262e-05,3.504672897196262e-05,0.008591266618234766,0.02336448598130841,2.336448598130841e-05,2.336448598130841e-05,-0.009895745555550296,0.5003894080996885,0.5003894080996885
2009-03-04,-0.001226134543464591,-0.0012884398394147469,0.06230529595015576,6.230529595015576e-05,-0.006445887670646429,0.005219753127181838,-0.05907355008077697,0.9953271028037384,6.230529595015579e-05,-0.0012884398394147469,-0.01241226500269499,-0.006423007360671217,-0.00839304640717751,-0.008264573124691685,-0.01516348367468147,0.03115264797507788,3.115264797507788e-05,3.115264797507788e-05,-0.006477040318621507,0.03115264797507788,3.115264797507788e-05,3.115264797507788e-05,0.00518860047920676,0.5003894080996885,0.5003894080996885
2009-03-05,0.00162845857069116,0.0015622591937441194,0.06619937694704049,6.61993769470405e-05,0.007238743835952999,-0.005610285265261839,0.061915008189565815,0.9953271028037384,6.619937694704071e-05,0.0015622591937441196,0.01101780561706836,0.011604469954149677,0.011960448940573814,0.016972857425588288,0.013227476470758465,0.027258566978193146,2.7258566978193143e-05,2.7258566978193143e-05,0.007211485268974806,0.03894080996884735,3.8940809968847354e-05,3.8940809968847354e-05,-0.0056492260752306865,0.5003894080996885,0.5003894080996885
2009-03-06,0.0060038957226969504,0.005949378588740564,0.05451713395638629,5.451713395638629e-05,0.00535686535392074,0.0006470303687762112,0.19823863903053365,0.9953271028037384,5.451713395638637e-05,0.005949378588740564,-0.00018030993343975894,-0.003544723398256748,0.0024221173250783524,0.010433610749823088,0.010839704256039124,0.02336448598130841,2.336448598130841e-05,2.336448598130841e-05,0.005333500867939431,0.03115264797507788,3.115264797507788e-05,3.115264797507788e-05,0.0006158777208011333,0.5003894080996885,0.5003894080996885
2009-03-09,0.0002037356908746641,0.0001336422329307388,0.07009345794392523,7.009345794392523e-05,0.006432407161449633,-0.0062286714705749695,0.0027556190804006453,0.9953271028037384,7.009345794392529e-05,0.00013364223293073886,0.01370316702459989,0.009907069871248508,0.010305991516446848,0.0108490379419173,0.013846023796846286,0.035046728971962614,3.504672897196262e-05,3.504672897196262e-05,0.00639736043247767,0.035046728971962614,3.504672897196262e-05,3.504672897196262e-05,-0.0062637181995469325,0.5003894080996885,0.5003894080996885
2009-03-10,0.004300476845316854,0.004226489306376043,0.07398753894080996,7.398753894080997e-05,-0.006119790931545473,0.010420267776862327,0.1625740749780637,0.9953271028037384,7.398753894081057e-05,0.004226489306376044,-0.020072551645627032,-0.022345537025278136,-0.02316050251985164,-0.015593511329180371,-0.01056788464803153,0.03115264797507788,3.115264797507788e-05,3.115264797507788e-05,-0.00615094357952055,0.042834890965732085,4.2834890965732084e-05,4.2834890965732084e-05,0.010377432885896595,0.5003894080996885,0.5003894080996885
2009-03-11,0.0033981239343402686,0.003359183124371421,0.03894080996884735,3.8940809968847354e-05,0.011245254319739207,-0.00784713038539894,0.11190498846519054,0.9953271028037384,3.894080996884753e-05,0.003359183124371421,0.018229543601511817,0.010527113723304261,0.007832832314859352,0.012101823327377892,0.027598300208086835,0.019470404984423675,1.9470404984423677e-05,1.9470404984423677e-05,0.011225783914754784,0.019470404984423675,1.9470404984423677e-05,1.9470404984423677e-05,-0.007866600790383363,0.5003894080996885,0.5003894080996885
2009-03-12,-0.004114171852412366,-0.004168688986368752,0.05451713395638629,5.451713395638629e-05,-0.001619938067245708,-0.002494233785166658,-0.1298309871521658,0.9953271028037384,5.45171339563855e-05,-0.0041686889863687526,0.0018017544123497243,0.011425137801616974,0.005075076912498373,0.00043800073341713455,-0.005053664265568907,0.035046728971962614,3.504672897196262e-05,3.504672897196262e-05,-0.0016549847962176705,0.019470404984423675,1.9470404984423677e-05,1.9470404984423677e-05,-0.002513704190151082,0.5003894080996885,0.5003894080996885
2009-03-13,-0.005722207019166373,-0.005788406396113413,0.06619937694704049,6.61993769470405e-05,-0.005394646905133307,-0.00032756011403306556,-0.13576218461008152,0.9953271028037384,6.619937694703985e-05,-0.005788406396113414,0.004437850645613316,-0.00700088748797774,-0.005194468483756037,-0.0052521483024840455,-0.01351312816724025,0.03115264797507788,3.115264797507788e-05,3.115264797507788e-05,-0.005425799553108385,0.035046728971962614,3.504672897196262e-05,3.504672897196262e-05,-0.00036260684300502816,0.5003894080996885,0.5003894080996885
2009-03-16,-0.007868318938663578,-0.007922836072619965,0.05451713395638629,5.451713395638629e-05,-0.00676115774307671,-0.0011071611955868691,-0.18739249749419146,0.9953271028037384,5.451713395638637e-05,-0.007922836072619965,0.007884116718332286,-0.009263883358820437,-0.002208047209389945,-0.01263140586784634,-0.013946866965565461,0.03115264797507788,3.115264797507788e-05,3.115264797507788e-05,-0.0067923103910517875,0.02336448598130841,2.336448598130841e-05,2.336448598130841e-05,-0.0011305256815681776,0.5003894080996885,0.5003894080996885
2009-03-17,-0.006096759928125686,-0.006155171143078958,0.05841121495327103,5.8411214953271024e-05,-0.004166513753664189,-0.0019302461744614967,-0.16255482716699654,0.9953271028037384,5.841121495327173e-05,-0.006155171143078957,0.005941749143616089,-0.0003600754999828548,-0.0026536898507999876,-0.0001413070461474904,-0.012371571889298785,0.027258566978193146,2.7258566978193143e-05,2.7258566978193143e-05,-0.0041937723206423826,0.03115264797507788,3.115264797507788e-05,3.115264797507788e-05,-0.0019613988224365746,0.5003894080996885,0.5003894080996885
2009-03-18,-0.0057766614324443,-0.005835072647397571,0.05841121495327103,5.8411214953271024e-05,-0.007125562326479105,0.001348900894034805,-0.1959577734190757,0.9953271028037384,5.841121495327086e-05,-0.005835072647397571,-0.00035767598051800875,-0.007426767417966806,0.001236625561229864,-0.008861472271588197,-0.01689804458020158,0.027258566978193146,2.7258566978193143e-05,2.7258566978193143e-05,-0.0071528208934572984,0.03115264797507788,3.115264797507788e-05,3.115264797507788e-05,0.0013177482460597272,0.5003894080996885,0.5003894080996885
2009-03-19,-0.008753281236394496,-0.008850633261316614,0.09735202492211838,9.735202492211838e-05,-0.002986303222105958,-0.005766978014288539,-0.2864171301969505,0.9953271028037384,9.735202492211839e-05,-0.008850633261316614,0.015539334017040442,0.0034018171436192646,-0.002367050845523853,0.0004021686025012549,-0.009115986430733875,0.050623052959501556,5.062305295950156e-05,5.062305295950156e-05,-0.0030369262750654592,0.04672897196261682,4.672897196261682e-05,4.672897196261682e-05,-0.0058137069862511555,0.5003894080996885,0.5003894080996885
2009-03-23,-0.006009630414787531,-0.006075829791734571,0.06619937694704049,6.61993769470405e-05,-0.007533046692014392,0.0015234162772268607,-0.18664284182041058,0.9953271028037384,6.619937694703985e-05,-0.006075829791734572,-0.003356639821919988,-0.0024127594189820903,-0.006320618214176777,-0.010925952621165755,-0.017094574466392454,0.03115264797507788,3.115264797507788e-05,3.115264797507788e-05,-0.0075641993399894695,0.035046728971962614,3.504672897196262e-05,3.504672897196262e-05,0.001488369548254898,0.5003894080996885,0.5003894080996885
2009-03-24,-0.008676740864999144,-0.008735152079952414,0.05841121495327103,5.8411214953271024e-05,-0.009325446568157569,0.0006487057031584257,-0.271119233842056,0.9953271028037384,5.8411214953269994e-05,-0.008735152079952416,0.00036343630316214987,-0.004655132862188908,-0.0012558935605708694,-0.013685669079965875,-0.02108295049772458,0.02336448598130841,2.336448598130841e-05,2.336448598130841e-05,-0.009348811054138878,0.035046728971962614,3.504672897196262e-05,3.504672897196262e-05,0.000613658974186463,0.5003894080996885,0.5003894080996885
2009-03-25,-0.005627426734865161,-0.0057053083548028564,0.0778816199376947,7.788161993769471e-05,-0.004031879021500693,-0.0015955477133644683,-0.1608768526699324,0.9953271028037384,7.788161993769506e-05,-0.0057053083548028564,0.005958886763219501,-0.002417120208114862,-0.00666636571706621,-0.010625638063369114,-0.006788336221258031,0.03894080996884735,3.8940809968847354e-05,3.8940809968847354e-05,-0.004070819831469541,0.03894080996884735,3.8940809968847354e-05,3.8940809968847354e-05,-0.0016344885233333156,0.5003894080996885,0.5003894080996885
2009-03-26,0.0025321492417979363,0.0024581617028571266,0.07398753894080996,7.398753894080997e-05,0.0029225971747452776,-0.00039044793294734095,0.13187177110545567,0.9953271028037384,7.39875389408097e-05,0.002458161702857126,0.002627634288597026,-0.0029578710503168717,-0.0037919068199368513,-0.0020133798109826778,0.00972199530745757,0.035046728971962614,3.504672897196262e-05,3.504672897196262e-05,0.002887550445773315,0.03894080996884735,3.8940809968847354e-05,3.8940809968847354e-05,-0.0004293887429161883,0.5003894080996885,0.5003894080996885
2009-03-27,0.00620998065100992,0.006159357598050419,0.050623052959501556,5.062305295950156e-05,0.007416924009256532,-0.0012069433582466119,0.2304058755429004,0.9953271028037384,5.062305295950101e-05,0.006159357598050418,-0.00012646593580902131,0.007548685291230723,0.010677522284601716,0.016983418751416887,0.013754311495835577,0.02336448598130841,2.336448598130841e-05,2.336448598130841e-05,0.007393559523275224,0.027258566978193146,2.7258566978193143e-05,2.7258566978193143e-05,-0.001234201925224805,0.5003894080996885,0.5003894080996885
2009-03-30,0.004500087827573362,0.004433888450626322,0.06619937694704049,6.61993769470405e-05,0.006152661037241309,-0.0016525732096679467,0.16345331234784663,0.9953271028037384,6.619937694703985e-05,0.004433888450626321,0.0030386607137278237,0.0038366112673443756,0.0016474485673901938,0.004082220413672645,0.016354755660261403,0.035046728971962614,3.504672897196262e-05,3.504672897196262e-05,0.006117614308269346,0.03115264797507788,3.115264797507788e-05,3.115264797507788e-05,-0.0016837258576430246,0.5003894080996885,0.5003894080996885
2009-03-31,-0.004472540346378822,-0.004523163399338323,0.050623052959501556,5.062305295950156e-05,-0.0024207207941244805,-0.0020518195522543415,-0.1192107796822781,0.9953271028037384,5.062305295950101e-05,-0.004523163399338324,0.004969241823959677,0.0023424109213737096,-0.0030209236611917563,-0.0041545647851783316,-0.005175256936756831,0.01557632398753894,1.557632398753894e-05,1.557632398753894e-05,-0.0024362971181120193,0.035046728971962614,3.504672897196262e-05,3.504672897196262e-05,-0.002086866281226304,0.5003894080996885,0.5003894080996885
2009-04-01,0.002310418220889117,0.0022554482868168144,0.054969934072303134,5.4969934072303136e-05,-0.0016940970090005378,0.004004515229889655,0.07889867101477592,0.9906976744186047,5.4969934072302776e-05,0.002255448286816814,-0.007582103020944342,-0.008862885337449245,-0.009041927964499475,-0.012381503366639445,0.001108460656318108,0.023608998043903505,2.3608998043903505e-05,2.3608998043903505e-05,-0.0017177060070444413,0.03136093602839963,3.136093602839963e-05,3.136093602839963e-05,0.003973154293861255,0.5,0.5
2009-04-02,0.0033697232978273884,0.0033055944465890563,0.06412885123833162,6.412885123833162e-05,-0.0008522498570375065,0.004221973154864895,0.14148928781080666,0.988399071925754,6.41288512383321e-05,0.0033055944465890568,-0.009045168934609904,-0.0070900595473721,-0.009533009880875689,-0.0023406486213068543,-0.0013923711896942379,0.01661900393891976,1.661900393891976e-05,1.661900393891976e-05,-0.0008688688609764263,0.04750984729941186,4.7509847299411855e-05,4.7509847299411855e-05,0.004174463307565483,0.4988399071925754,0.502706883217324
2009-04-03,-0.0004873211781999511,-0.0005259909384474375,0.038669760247486466,3.8669760247486464e-05,0.0007623279119570324,-0.0012496490901569833,-0.02539558484779061,0.988399071925754,3.866976024748646e-05,-0.0005259909384474375,0.0036902081079154435,4.9096495952379464e-05,-0.000766167600279336,-0.00016599530064869198,0.00237529995302305,0.019334880123743233,1.9334880123743232e-05,1.9334880123743232e-05,0.0007429930318332891,0.019334880123743233,1.9334880123743232e-05,1.9334880123743232e-05,-0.0012689839702807264,0.4988399071925754,0.502706883217324
2009-04-06,-0.007115699224185984,-0.0071891717686562075,0.07347254447022429,7.347254447022428e-05,-0.005490261451065616,-0.0016254377731203674,-0.2746765297166297,0.988399071925754,7.347254447022389e-05,-0.0071891717686562075,0.005294375683450074,-0.0009365692170053352,-0.002721675658293829,-0.004741445767066501,-0.014138365619322194,0.02320185614849188,2.320185614849188e-05,2.320185614849188e-05,-0.005513463307214108,0.050270688321732405,5.027068832173241e-05,5.027068832173241e-05,-0.0016757084614420997,0.4988399071925754,0.502706883217324
2009-04-07,-0.0005577591551724157,-0.0006118968195188967,0.054137664346481054,5.413766434648105e-05,0.004912758727765666,-0.005470517882938082,-0.021851847338899204,0.988399071925754,5.413766434648093e-05,-0.0006118968195188968,0.01181374853473101,0.008997204697818372,0.009529752469809624,0.005849206483623401,0.011847948002376688,0.027068832173240527,2.7068832173240526e-05,2.7068832173240526e-05,0.004885689895592425,0.027068832173240527,2.7068832173240526e-05,2.7068832173240526e-05,-0.005497586715111323,0.4988399071925754,0.502706883217324
2009-04-08,0.002674833004552643,0.0026168283641814136,0.058004640371229696,5.80046403712297e-05,0.0034426922756604058,-0.0007678592711077624,0.08361336134273224,0.988399071925754,5.800464037122952e-05,0.0026168283641814136,0.0032950355897228807,-0.0020488299720330997,-0.0007063394482209942,0.00023133133472647515,0.010236429942936541,0.027068832173240527,2.7068832173240526e-05,2.7068832173240526e-05,0.0034156234434871654,0.030935808197989172,3.093580819798917e-05,3.093580819798917e-05,-0.0007987950793057516,0.4988399071925754,0.502706883217324
2009-04-09,-0.00168089867170991,-0.001769839120279129,0.08894044856921887,8.894044856921886e-05,-0.003805141048873025,0.002124242377163115,-0.04028903066057425,0.988399071925754,8.89404485692189e-05,-0.001769839120279129,-0.004295713818886441,-0.004083766895145611,-0.007936595339606474,-0.004252199656283961,-0.009315870814166906,0.038669760247486466,3.8669760247486464e-05,3.8669760247486464e-05,-0.0038438108091205115,0.050270688321732405,5.027068832173241e-05,5.027068832173241e-05,0.0020739716888413828,0.4988399071925754,0.502706883217324
2009-04-10,0.0022571967368270347,0.0021914581444063075,0.065738592420727,6.573859242072699e-05,0.0014799084648615686,0.0007772882719654659,0.12667272707376165,0.988399071925754,6.573859242072714e-05,0.0021914581444063075,-0.0018741617009622286,-0.0008826669568966425,0.00210208079885014,0.003845845702615775,0.0025271274860549217,0.02320185614849188,2.320185614849188e-05,2.320185614849188e-05,0.0014567066087130766,0.042536736272235115,4.253673627223511e-05,4.253673627223511e-05,0.0007347515356932307,0.4988399071925754,0.502706883217324
2009-04-13,-0.004665827227870454,-0.004727698844266433,0.061871616395978345,6.187161639597834e-05,-0.0029407870413814922,-0.0017250401864889622,-0.19591270995892038,0.988399071925754,6.187161639597833e-05,-0.004727698844266433,0.002035968921229554,0.006255025490211032,0.006912322320434922,0.0007412738286050446,-0.009213515157340358,0.027068832173240527,2.7068832173240526e-05,2.7068832173240526e-05,-0.0029678558735547326,0.03480278422273782,3.480278422273782e-05,3.480278422273782e-05,-0.0017598429707117,0.4988399071925754,0.502706883217324
2009-04-14,-0.004976592027574616,-0.005069399452168584,0.09280742459396751,9.280742459396752e-05,0.002034225100858525,-0.007010817128433142,-0.19729884763529884,0.988399071925754,9.280742459396793e-05,-0.005069399452168584,0.01491653836439965,0.011982755156047463,0.013226631937851629,0.008631299304596284,0.0018012179184229567,0.03480278422273782,3.480278422273782e-05,3.480278422273782e-05,0.001999422316635787,0.058004640371229696,5.80046403712297e-05,5.80046403712297e-05,-0.007068821768804371,0.4988399071925754,0.502706883217324
2009-04-15,0.002950833353325727,0.002865759880781257,0.08507347254447023,8.507347254447022e-05,0.0007716057548520632,0.002179227598473664,0.10937348051642375,0.988399071925754,8.507347254447031e-05,0.002865759880781257,-0.0038542469207988074,-0.005307645926878913,-0.0016177512722088823,-0.0005645742449097629,0.002602487682975155,0.04640371229698376,4.640371229698376e-05,4.640371229698376e-05,0.0007252020425550795,0.038669760247486466,3.8669760247486464e-05,3.8669760247486464e-05,0.0021405578382261777,0.4988399071925754,0.502706883217324
2009-04-16,0.005546794590009895,0.0054655880934901735,0.08120649651972157,8.120649651972157e-05,0.00016149154998897953,0.0053853030400209155,0.181865531761919,0.988399071925754,8.12064965197215e-05,0.0054655880934901735,-0.010844252811798507,-0.01044626445402183,-0.0077952636739803734,-0.002469945117578788,0.0017205738939888133,0.03480278422273782,3.480278422273782e-05,3.480278422273782e-05,0.00012668876576624172,0.04640371229698376,4.640371229698376e-05,4.640371229698376e-05,0.005338899327723932,0.4988399071925754,0.502706883217324
2009-04-17,0.0022682839593139363,0.0021986783908684608,0.06960556844547564,6.960556844547564e-05,-0.0005508099838797586,0.002819093943193695,0.0683098115496942,0.988399071925754,6.960556844547551e-05,0.0021986783908684608,-0.006752531926186363,-0.0032918003751552546,-0.007986372740519805,-0.0040489199167026224,0.0003681871463593858,0.030935808197989172,3.093580819798917e-05,3.093580819798917e-05,-0.0005817457920777477,0.038669760247486466,3.8669760247486464e-05,3.8669760247486464e-05,0.0027804241829462086,0.4988399071925754,0.502706883217324
2009-04-20,0.006571514494208824,0.0065057759017880966,0.065738592420727,6.573859242072699e-05,0.012306509650357227,-0.005734995156148403,0.24379856672122774,0.988399071925754,6.573859242072714e-05,0.0065057759017880966,0.011600930864695436,0.011018343305848239,0.014336883420587221,0.017889188720936068,0.0280607939602573,0.038669760247486466,3.8669760247486464e-05,3.8669760247486464e-05,0.01226783989010974,0.027068832173240527,2.7068832173240526e-05,2.7068832173240526e-05,-0.005762063988321644,0.4988399071925754,0.502706883217324
2009-04-21,0.001207417064521426,0.0011494124241501961,0.058004640371229696,5.80046403712297e-05,-0.0023637442139750465,0.0035711612784964726,0.03594962809833052,0.988399071925754,5.8004640371229956e-05,0.0011494124241501963,-0.008449387302120016,-0.004381525844994101,-0.006650910291172067,-0.0060524018861399355,-0.004081522937557324,0.027068832173240527,2.7068832173240526e-05,2.7068832173240526e-05,-0.002390813046148287,0.030935808197989172,3.093580819798917e-05,3.093580819798917e-05,0.0035402254702984835,0.4988399071925754,0.502706883217324
2009-04-22,-0.005079693978437926,-0.005137698618809155,0.058004640371229696,5.80046403712297e-05,-0.0017764040214704546,-0.0033032899569674715,-0.17303647117598311,0.988399071925754,5.800464037122952e-05,-0.005137698618809155,0.008722939428181132,0.0022170942469774326,0.004782981529668566,0.001128349301592971,-0.0059057802316367135,0.027068832173240527,2.7068832173240526e-05,2.7068832173240526e-05,-0.0018034728536436952,0.030935808197989172,3.093580819798917e-05,3.093580819798917e-05,-0.0033342257651654606,0.4988399071925754,0.502706883217324
2009-04-23,0.0007091281325233238,0.0006395225640778481,0.06960556844547564,6.960556844547564e-05,0.0028662307188103723,-0.0021571025862870486,0.06548001860652904,0.988399071925754,6.960556844547562e-05,0.0006395225640778481,0.005135701186348003,0.002581877339571034,0.0023807487081811602,0.006264256758428951,0.00548656073571997,0.030935808197989172,3.093580819798917e-05,3.093580819798917e-05,0.002835294910612383,0.038669760247486466,3.8669760247486464e-05,3.8669760247486464e-05,-0.002195772346534535,0.4988399071925754,0.502706883217324
2009-04-24,0.0027149826577022736,0.0026763128974547873,0.038669760247486466,3.8669760247486464e-05,-0.0005487746130488142,0.0032637572707510877,0.10121155481438512,0.988399071925754,3.866976024748635e-05,0.0026763128974547873,-0.005457823946157211,-0.00858551039303614,-0.0068200043922029335,-0.004854711816982725,0.0007772034092538813,0.019334880123743233,1.9334880123743232e-05,1.9334880123743232e-05,-0.0005681094931725575,0.019334880123743233,1.9334880123743232e-05,1.9334880123743232e-05,0.0032444223906273446,0.4988399071925754,0.502706883217324
2009-04-27,-0.003995047660052027,-0.004060786252472753,0.065738592420727,6.573859242072699e-05,0.0005189274679423434,-0.004513975127994369,-0.09479271365095938,0.988399071925754,6.573859242072627e-05,-0.004060786252472754,0.011221627337829944,0.004442613714142763,0.007648323228053237,0.0029139125217203517,0.00010344656716180122,0.02320185614849188,2.320185614849188e-05,2.320185614849188e-05,0.0004957256117938515,0.042536736272235115,4.253673627223511e-05,4.253673627223511e-05,-0.0045565118642666045,0.4988399071925754,0.502706883217324
2009-04-28,-0.003202445316996142,-0.0032488490292931255,0.04640371229698376,4.640371229698376e-05,-0.006115447461511187,0.002913002144515046,-0.11980846001014621,0.988399071925754,4.640371229698353e-05,-0.003248849029293126,-0.0052507370148532125,-0.006895075215799102,-0.011993226780470307,-0.01454706741347488,-0.011115474590318294,0.019334880123743233,1.9334880123743232e-05,1.9334880123743232e-05,-0.0061347823416349305,0.027068832173240527,2.7068832173240526e-05,2.7068832173240526e-05,0.0028859333123418054,0.4988399071925754,0.502706883217324
2009-04-30,0.006165139068645481,0.006114868380323749,0.050270688321732405,5.027068832173241e-05,0.006629124786974898,-0.0004639857183294163,0.2112083964232221,0.988399071925754,5.0270688321731906e-05,0.006114868380323748,0.0011683035458981657,0.00042661158760108343,0.0034041113245665963,0.013526425829739237,0.01317041115387118,0.030935808197989172,3.093580819798917e-05,3.093580819798917e-05,0.006598188978776908,0.019334880123743233,1.9334880123743232e-05,1.9334880123743232e-05,-0.0004833205984531595,0.4988399071925754,0.502706883217324
2009-05-01,-0.005680662928757567,-0.005742534545153545,0.061871616395978345,6.187161639597834e-05,-0.013076996653386783,0.007396333724629215,-0.21712398138239553,0.9907192575406032,6.187161639597833e-05,-0.005742534545153545,-0.015586344281753173,-0.012946045318060206,-0.018487848893317206,-0.022911883239932273,-0.027866283200566676,0.027068832173240527,2.7068832173240526e-05,2.7068832173240526e-05,-0.013104065485560023,0.03480278422273782,3.480278422273782e-05,3.480278422273782e-05,0.007361530940406477,0.4988399071925754,0.502706883217324
2009-05-07,-0.008163943223699604,-0.00823354879214508,0.06960556844547564,6.960556844547564e-05,-0.0018772737251044696,-0.006286669498595135,-0.27703932759100164,0.9907192575406032,6.960556844547681e-05,-0.008233548792145079,0.014757024240968501,0.007950502869126568,0.0027554282916581224,0.0029500755374971778,-0.007119956202609238,0.03480278422273782,3.480278422273782e-05,3.480278422273782e-05,-0.0019120765093272073,0.03480278422273782,3.480278422273782e-05,3.480278422273782e-05,-0.006321472282817872,0.4988399071925754,0.502706883217324
2009-05-08,-0.00993726858308693,-0.010010741127557156,0.07347254447022429,7.347254447022428e-05,-0.008579441176127573,-0.0013578274069593584,-0.33219546052097576,0.9907192575406032,7.347254447022562e-05,-0.010010741127557154,0.003215921260184043,0.001659279483806472,-0.0023610154262521995,-0.008050568668498704,-0.02177289576047844,0.030935808197989172,3.093580819798917e-05,3.093580819798917e-05,-0.008610376984325561,0.042536736272235115,4.253673627223511e-05,4.253673627223511e-05,-0.0014003641432315935,0.4988399071925754,0.502706883217324
2009-05-11,0.0028588374858510533,0.002793098893430326,0.065738592420727,6.573859242072699e-05,0.006568485894908713,-0.00370964840905766,0.1573165293764335,0.9907192575406032,6.573859242072714e-05,0.002793098893430326,0.006111492553039844,0.00994454015041499,0.010904084995183803,0.012478753982720449,0.013511907339144346,0.02320185614849188,2.320185614849188e-05,2.320185614849188e-05,0.006545284038760221,0.042536736272235115,4.253673627223511e-05,4.253673627223511e-05,-0.003752185145329895,0.4988399071925754,0.502706883217324
2009-05-12,-0.012272278442617246,-0.012357351915161716,0.08507347254447023,8.507347254447022e-05,-0.008001693171844841,-0.004270585270772405,-0.4480960295395884,0.9907192575406032,8.507347254447031e-05,-0.012357351915161716,0.011812219872898959,0.001783958653012436,-0.0004495694364186484,-0.006957427937109377,-0.02058219131329503,0.054137664346481054,5.413766434648105e-05,5.413766434648105e-05,-0.008055830836191323,0.030935808197989172,3.093580819798917e-05,3.093580819798917e-05,-0.0043015210789703945,0.4988399071925754,0.502706883217324
2009-05-13,-0.0014128296546202668,-0.0014979031271647372,0.08507347254447023,8.507347254447022e-05,0.006844492651116435,-0.0082573223057367,-0.058427876175530434,0.988399071925754,8.507347254447031e-05,-0.0014979031271647372,0.01458947182011326,0.02048020864497141,0.017392877568652404,0.013875158583387377,0.01364365093596573,0.04640371229698376,4.640371229698376e-05,4.640371229698376e-05,0.006798088938819451,0.038669760247486466,3.8669760247486464e-05,3.8669760247486464e-05,-0.008295992065984187,0.4988399071925754,0.502706883217324
2009-05-14,-0.002255390853988568,-0.0023714001347310276,0.11600928074245939,0.0001160092807424594,-0.005220071483305344,0.002964680629316776,-0.15632287942860892,0.988399071925754,0.00011600928074245948,-0.0023714001347310276,-0.004470297042540262,-0.008888857327508272,-0.006859122087149201,-0.013853567413318784,-0.00876984984662854,0.06960556844547564,6.960556844547564e-05,6.960556844547564e-05,-0.00528967705175082,0.04640371229698376,4.640371229698376e-05,4.640371229698376e-05,0.002918276917019792,0.4988399071925754,0.502706883217324
2009-05-15,0.006327786518474261,0.006223378165806048,0.10440835266821345,0.00010440835266821346,0.01149268353752622,-0.005164897019051958,0.2382939082198381,0.988399071925754,0.00010440835266821349,0.006223378165806048,0.010131833515363701,0.010797783414082746,0.009413207146494773,0.015549128754165238,0.02678366774854855,0.042536736272235115,4.253673627223511e-05,4.253673627223511e-05,0.011450146801253985,0.061871616395978345,6.187161639597834e-05,6.187161639597834e-05,-0.005226768635447936,0.4988399071925754,0.502706883217324
2009-05-18,-0.002732446858056825,-0.002840722186749787,0.10827532869296211,0.0001082753286929621,-0.004753468791944203,0.002021021933887378,-0.108353823361202,0.988399071925754,0.00010827532869296186,-0.0028407221867497875,-0.003867499976176017,-0.0044193319570264775,-0.007740919043528618,-0.005170560523148993,-0.011708289850015862,0.058004640371229696,5.80046403712297e-05,5.80046403712297e-05,-0.004811473432315433,0.050270688321732405,5.027068832173241e-05,5.027068832173241e-05,0.0019707512455656457,0.4988399071925754,0.502706883217324
2009-05-19,-0.0007150027620423298,-0.0008020097225991744,0.08894044856921887,8.894044856921886e-05,-0.0007526169046765522,3.761414263422241e-05,-0.07223430414452923,0.988399071925754,8.700696055684461e-05,-0.0008039432106115487,0.00027141731024828304,-0.0007844781947484826,-0.003034808782548844,-0.004952177904000466,0.00021298742235655388,0.058004640371229696,5.80046403712297e-05,5.80046403712297e-05,-0.000810621545047782,0.030935808197989172,3.093580819798917e-05,2.900232018561485e-05,8.61182244860756e-06,0.4988399071925754,0.502706883217324
2009-05-20,-0.001552997853596937,-0.00163033737409191,0.07733952049497293,7.733952049497293e-05,0.00048689628945312744,-0.0020398941430500644,-0.11224249314525143,0.9907192575406032,7.733952049497291e-05,-0.00163033737409191,0.004425769361758835,0.0033133649051099536,0.00233560199208703,-0.0024695960263659148,0.0026988838323989896,0.038669760247486466,3.8669760247486464e-05,3.8669760247486464e-05,0.000448226529205641,0.038669760247486466,3.8669760247486464e-05,3.8669760247486464e-05,-0.0020785639032975508,0.4988399071925754,0.502706883217324
2009-05-21,-0.0008055458383966518,-0.0008828853588916248,0.07733952049497293,7.733952049497293e-05,0.0024783756367510097,-0.0032839214751476616,-0.011811640767177245,0.9907192575406032,7.733952049497302e-05,-0.0008828853588916247,0.0073484419773381295,0.00488157305685507,0.006708826358434815,0.003869617369575885,0.0055176092182796285,0.04640371229698376,4.640371229698376e-05,4.640371229698376e-05,0.0024319719244540257,0.030935808197989172,3.093580819798917e-05,3.093580819798917e-05,-0.003314857283345651,0.4988399071925754,0.502706883217324
2009-05-22,-0.0031320818462332273,-0.0031978204386539544,0.065738592420727,6.573859242072699e-05,-0.0016830267157516513,-0.0014490551304815762,-0.13964607927110542,0.9907192575406032,6.573859242072714e-05,-0.0031978204386539544,0.0032426454526563943,0.002153848892126262,0.0012211678136123908,0.004733451027597393,-0.007427547707907732,0.027068832173240527,2.7068832173240526e-05,2.7068832173240526e-05,-0.0017100955479248919,0.038669760247486466,3.8669760247486464e-05,3.8669760247486464e-05,-0.0014877248907290627,0.4988399071925754,0.502706883217324
2009-05-25,-0.0018005996034181045,-0.0018663381958388314,0.065738592420727,6.573859242072699e-05,0.00048319397190627663,-0.002283793575324381,-0.10306778669069645,0.9907192575406032,6.573859242072692e-05,-0.0018663381958388314,0.004578594485407463,0.004470960426707805,0.0009186939872362116,0.0022344166139395875,0.0003357447294832659,0.038669760247486466,3.8669760247486464e-05,3.8669760247486464e-05,0.0004445242116587902,0.027068832173240527,2.7068832173240526e-05,2.7068832173240526e-05,-0.0023108624074976215,0.4988399071925754,0.502706883217324
2009-05-26,-0.004486922079933875,-0.004564261600428847,0.07733952049497293,7.733952049497293e-05,-0.008682182414434128,0.004195260334500252,-0.22696239131778703,0.9907192575406032,7.73395204949727e-05,-0.004564261600428847,-0.008377512521190877,-0.00828024960832928,-0.0041276084846757904,-0.014810731138031257,-0.01870175503996885,0.03480278422273782,3.480278422273782e-05,3.480278422273782e-05,-0.008716985198656865,0.042536736272235115,4.253673627223511e-05,4.253673627223511e-05,0.004152723598228017,0.4988399071925754,0.502706883217324
2009-05-27,0.005282177149211805,0.00520870460474158,0.07347254447022429,7.347254447022428e-05,0.005848320228199041,-0.0005661430789872359,0.19743248829579282,0.9907192575406032,7.347254447022476e-05,0.005208704604741581,0.0010186406039874268,0.0013437876204463503,0.0043108046095844425,0.0030282542032297032,0.016071635817132494,0.042536736272235115,4.253673627223511e-05,4.253673627223511e-05,0.005805783491926806,0.030935808197989172,3.093580819798917e-05,3.093580819798917e-05,-0.000597078887185225,0.4988399071925754,0.502706883217324
2009-05-28,0.0001588523741764624,9.311378175573542e-05,0.065738592420727,6.573859242072699e-05,0.0026696653295972565,-0.002510812955420794,0.006450376843564836,0.9907192575406032,6.573859242072698e-05,9.311378175573541e-05,0.005555725473674457,0.003859258466561383,0.005413203664799437,0.0056796700135823995,0.005187786554067527,0.030935808197989172,3.093580819798917e-05,3.093580819798917e-05,0.0026387295213992673,0.03480278422273782,3.480278422273782e-05,3.480278422273782e-05,-0.002545615739643532,0.4988399071925754,0.502706883217324
2009-05-29,-0.000265597953469463,-0.00037000630613767655,0.10440835266821345,0.00010440835266821346,0.0012791178764716682,-0.0015447158299411313,-0.028601361501319852,0.9907192575406032,0.00010440835266821354,-0.0003700063061376765,0.002366219923699113,0.00450238093630125,0.0007752680360814342,0.0005236822069324622,0.003584436604156716,0.042536736272235115,4.253673627223511e-05,4.253673627223511e-05,0.001236581140199433,0.061871616395978345,6.187161639597834e-05,6.187161639597834e-05,-0.0016065874463371097,0.4988399071925754,0.502706883217324
2009-06-01,0.0017413746768228779,0.0016563012042784076,0.08507347254447023,8.507347254447022e-05,-0.0011079311495280676,0.0028493058263509455,0.0301604324892206,0.9907192575406032,8.507347254447031e-05,0.0016563012042784076,-0.006206094598319301,-0.004579075735827333,-0.00871310515195537,-0.0008614015347421693,-0.0029008224334191282,0.042536736272235115,4.253673627223511e-05,4.253673627223511e-05,-0.0011504678858003028,0.042536736272235115,4.253673627223511e-05,4.253673627223511e-05,0.0028067690900787103,0.4988399071925754,0.502706883217324
2009-06-02,0.002207845812864574,0.0021537081485180935,0.054137664346481054,5.413766434648105e-05,0.003334265344856402,-0.0011264195319918274,0.10277984746228251,0.9907192575406032,5.4137664346480714e-05,0.002153708148518093,0.0015952143640729863,0.0035467079371799253,0.0011152408275726063,0.004239716666650156,0.00790620001760359,0.02320185614849188,2.320185614849188e-05,2.320185614849188e-05,0.00331106348870791,0.030935808197989172,3.093580819798917e-05,3.093580819798917e-05,-0.0011573553401898165,0.4988399071925754,0.502706883217324
2009-06-03,0.0015347383490919386,0.001476733708720709,0.058004640371229696,5.80046403712297e-05,0.004213970719558229,-0.00267923237046629,0.023147156263766143,0.9907192575406032,5.800464037122974e-05,0.001476733708720709,0.005702896919241906,0.004574359512291553,0.0024928625922380834,0.008698469570104785,0.008322077169340142,0.02320185614849188,2.320185614849188e-05,2.320185614849188e-05,0.004190768863409737,0.03480278422273782,3.480278422273782e-05,3.480278422273782e-05,-0.002714035154689028,0.4988399071925754,0.502706883217324
2009-06-04,-0.0029335452474502565,-0.002995416863846235,0.061871616395978345,6.187161639597834e-05,-0.0020414335632457955,-0.000892111684204461,-0.16408994799191964,0.9907192575406032,6.187161639597833e-05,-0.002995416863846235,0.002673870855581577,-4.480657907729353e-05,-0.002414712409088069,-0.0056450215771347975,-0.0033160324609135634,0.030935808197989172,3.093580819798917e-05,3.093580819798917e-05,-0.0020723693714437847,0.030935808197989172,3.093580819798917e-05,3.093580819798917e-05,-0.0009230474924024502,0.4988399071925754,0.502706883217324
2009-06-05,-0.001058708733070826,-0.001112846397417307,0.054137664346481054,5.413766434648105e-05,-0.0033726250374935913,0.0023139163044227653,-0.03168929310503746,0.9907192575406032,5.413766434648093e-05,-0.0011128463974173072,-0.00552279539054562,-0.0027417571475873976,-0.005936425326285239,-0.005684357135154228,-0.007299226487025708,0.03480278422273782,3.480278422273782e-05,3.480278422273782e-05,-0.0034074278217163293,0.019334880123743233,1.9334880123743232e-05,1.9334880123743232e-05,0.002294581424299022,0.4988399071925754,0.502706883217324
2009-06-08,-0.0014893575985889188,-0.0015434952629353998,0.054137664346481054,5.413766434648105e-05,0.000559119044453872,-0.002048476643042791,-0.049158903166201126,0.9907192575406032,5.413766434648093e-05,-0.0015434952629354,0.0027880049497265875,0.0066785960294105245,0.008085232529892433,0.002823766703435854,0.00026937461218639046,0.02320185614849188,2.320185614849188e-05,2.320185614849188e-05,0.0005359171883053801,0.030935808197989172,3.093580819798917e-05,3.093580819798917e-05,-0.00207941245124078,0.4988399071925754,0.502706883217324
2009-06-09,0.0031818144953141177,0.0031276768309676365,0.054137664346481054,5.413766434648105e-05,0.0021522105827556635,0.0010296039125584537,0.10430901634720226,0.9907192575406032,5.413766434648115e-05,0.0031276768309676365,-0.0015476509939833132,-0.0030606961700248344,-0.004018751429000516,0.0019448726769807044,0.005499210832447027,0.030935808197989172,3.093580819798917e-05,3.093580819798917e-05,0.0021212747745576743,0.02320185614849188,2.320185614849188e-05,2.320185614849188e-05,0.0010064020564099618,0.4988399071925754,0.502706883217324
2009-06-10,0.002807408229906303,0.0027494035895350736,0.058004640371229696,5.80046403712297e-05,0.0026757068882649173,0.00013170134164138607,0.10829169902207793,0.9907192575406032,5.800464037122952e-05,0.0027494035895350736,-0.0023028273841950203,0.003867163150616379,0.004833350089890671,0.0058041052764051795,0.00514373574906843,0.02320185614849188,2.320185614849188e-05,2.320185614849188e-05,0.0026525050321164253,0.03480278422273782,3.480278422273782e-05,3.480278422273782e-05,9.689855741864826e-05,0.4988399071925754,0.502706883217324
2009-06-11,0.0005926015180573766,0.0005307299016613984,0.061871616395978345,6.187161639597834e-05,-0.0008613442068759439,0.0014539457249333205,-0.03673812447228183,0.9907192575406032,6.187161639597822e-05,0.0005307299016613983,-0.0030990945084809927,-0.0024737009820909386,-0.0043116639007483816,-0.004769011793504228,-0.0002055361020632244,0.027068832173240527,2.7068832173240526e-05,2.7068832173240526e-05,-0.0008884130390491845,0.03480278422273782,3.480278422273782e-05,3.480278422273782e-05,0.0014191429407105828,0.4988399071925754,0.502706883217324
2009-06-12,-0.0023761667014862557,-0.002453506221981229,0.07733952049497293,7.733952049497293e-05,-0.000609936418767972,-0.0017662302827182838,-0.11401409837915188,0.9907192575406032,7.733952049497313e-05,-0.002453506221981229,0.004471592948507793,0.0015748503393202358,0.0013271074315348392,-0.0031453212380724346,-0.00026140400763119626,0.03480278422273782,3.480278422273782e-05,3.480278422273782e-05,-0.0006447392029907098,0.042536736272235115,4.253673627223511e-05,4.253673627223511e-05,-0.001808767018990519,0.4988399071925754,0.502706883217324
2009-06-15,0.0023840523012047866,0.0022757769725118243,0.10827532869296211,0.0001082753286929621,0.004726206706509529,-0.002342154405304742,0.14055961323325275,0.9907192575406032,0.0001082753286929623,0.0022757769725118243,0.004318582264200875,0.005348010982007679,0.00609007744756987,0.013115308865091291,0.0076539392221446345,0.058004640371229696,5.80046403712297e-05,5.80046403712297e-05,0.0046682020661382995,0.050270688321732405,5.027068832173241e-05,5.027068832173241e-05,-0.0023924250936264743,0.4988399071925754,0.502706883217324
2009-06-16,0.003097383623796737,0.003020044103301764,0.07733952049497293,7.733952049497293e-05,0.004650216210701095,-0.0015528325869043583,0.05775298335131056,0.9907192575406032,7.733952049497313e-05,0.003020044103301764,0.003437268698059468,0.0023841890754021707,0.003855484866816823,0.0012993695173136857,0.013333407242358312,0.030935808197989172,3.093580819798917e-05,3.093580819798917e-05,0.004619280402503105,0.04640371229698376,4.640371229698376e-05,4.640371229698376e-05,-0.001599236299201342,0.4988399071925754,0.502706883217324
2009-06-17,-0.001114386847528833,-0.001199460320073303,0.08507347254447023,8.507347254447022e-05,0.0026514371424015246,-0.0037658239899303575,-0.054384989267611185,0.9907192575406032,8.50734725444701e-05,-0.0011994603200733032,0.005970442662335281,0.010567757492391187,0.006878622452079379,0.004970877695384506,0.005487370978180239,0.04640371229698376,4.640371229698376e-05,4.640371229698376e-05,0.0026050334301045406,0.038669760247486466,3.8669760247486464e-05,3.8669760247486464e-05,-0.003804493750177844,0.4988399071925754,0.502706883217324
2009-06-18,-0.0051793727854283845,-0.005241244401824363,0.061871616395978345,6.187161639597834e-05,-0.006940795596337367,0.001761422810908983,-0.21634433535485936,0.9907192575406032,6.187161639597833e-05,-0.005241244401824363,-0.003150991099390463,-0.004217853796606808,-0.006213111621252369,-0.006276496723971585,-0.017732562582349592,0.027068832173240527,2.7068832173240526e-05,2.7068832173240526e-05,-0.006967864428510608,0.03480278422273782,3.480278422273782e-05,3.480278422273782e-05,0.0017266200266862453,0.4988399071925754,0.502706883217324
2009-06-19,-9.456642320959023e-05,-0.0001641719916550658,0.06960556844547564,6.960556844547564e-05,-0.0017171552607860305,0.0016225888375764404,-0.02446516081320156,0.9907192575406032,6.960556844547557e-05,-0.00016417199165506585,-0.004213008665779303,-0.0012341795226620499,-0.002782131720122591,-0.002218965229312586,-0.004053963320684028,0.030935808197989172,3.093580819798917e-05,3.093580819798917e-05,-0.0017480910689840197,0.038669760247486466,3.8669760247486464e-05,3.8669760247486464e-05,0.0015839190773289538,0.4988399071925754,0.502706883217324
2009-06-22,0.0013524225965799363,0.0012789500521097122,0.07347254447022429,7.347254447022428e-05,0.006522725907598583,-0.005170303311018647,0.08166772968128982,0.9907192575406032,7.34725444702241e-05,0.001278950052109712,0.01240055807803007,0.0060044624056001415,0.005834238771617545,0.011749087899451135,0.013739141163123194,0.03480278422273782,3.480278422273782e-05,3.480278422273782e-05,0.006487923123375846,0.038669760247486466,3.8669760247486464e-05,3.8669760247486464e-05,-0.005208973071266133,0.4988399071925754,0.502706883217324
2009-06-23,-0.0023631258056058782,-0.0024288643980266054,0.065738592420727,6.573859242072699e-05,-0.0013441499046786827,-0.0010189759009271958,-0.11228605965591039,0.988399071925754,6.573859242072714e-05,-0.0024288643980266054,0.0011587657113000438,0.0037835942115504425,0.002813473987098416,-0.00042918741736291163,-0.0038272337953872337,0.030935808197989172,3.093580819798917e-05,3.093580819798917e-05,-0.0013750857128766718,0.03480278422273782,3.480278422273782e-05,3.480278422273782e-05,-0.0010537786851499335,0.4988399071925754,0.502706883217324
2009-06-24,0.0019424543960576011,0.0018786492916492484,0.065738592420727,6.573859242072699e-05,0.0019653243396020362,-2.2869943544435394e-05,0.13116779752769267,0.988399071925754,6.380510440835273e-05,0.0018767158036368742,-0.0003470258231929858,0.000839660791125134,-0.0004700168314146944,0.0023325406932352723,0.004756975520448692,0.038669760247486466,3.8669760247486464e-05,3.673627223511214e-05,0.001928588067366924,0.027068832173240527,2.7068832173240526e-05,2.7068832173240526e-05,-4.993877571767592e-05,0.4988399071925754,0.502706883217324
2009-06-25,0.0018211685749606838,0.001743829054465711,0.07733952049497293,7.733952049497293e-05,0.0010639912064908223,0.0007571773684698615,0.0523915671137288,0.9907192575406032,7.733952049497291e-05,0.001743829054465711,-0.0029931545377494674,0.0015022878441371499,0.0005346141171388789,0.002495271752772968,0.001951760937549872,0.042536736272235115,4.253673627223511e-05,4.253673627223511e-05,0.0010214544702185871,0.03480278422273782,3.480278422273782e-05,3.480278422273782e-05,0.0007223745842471237,0.4988399071925754,0.502706883217324
2009-06-26,-0.0010518770914100814,-0.0011369505639545517,0.08507347254447023,8.507347254447022e-05,0.0028329267342622395,-0.003884803825672321,-0.03400269858772676,0.9907192575406032,8.507347254447031e-05,-0.0011369505639545517,0.00773936754434443,0.007704309138625507,0.010544349558017902,0.014941509337046943,0.0010477901393860073,0.050270688321732405,5.027068832173241e-05,5.027068832173241e-05,0.002782656045940507,0.03480278422273782,3.480278422273782e-05,3.480278422273782e-05,-0.003919606609895059,0.4988399071925754,0.502706883217324
2009-06-29,-0.00013037622905438811,-0.0001999817974998638,0.06960556844547564,6.960556844547564e-05,-0.00282849021316809,0.002698113984113702,-0.01352145352581245,0.9907192575406032,6.960556844547568e-05,-0.00019998179749986374,-0.004780178767157353,-0.00655480752439799,-0.004904059730744185,-0.007299904156472441,-0.0048552522139180595,0.030935808197989172,3.093580819798917e-05,3.093580819798917e-05,-0.002859426021366079,0.038669760247486466,3.8669760247486464e-05,3.8669760247486464e-05,0.0026594442238662155,0.4988399071925754,0.502706883217324
2009-06-30,0.0011387000728652608,0.0010845624085187796,0.054137664346481054,5.413766434648105e-05,0.002907394829442502,-0.0017686947565772413,0.04719630792260843,0.9907192575406032,5.413766434648115e-05,0.0010845624085187796,0.0026741706326390852,0.0052263167211924234,0.004804171184002045,0.0011963547062735218,0.008144291285163599,0.030935808197989172,3.093580819798917e-05,3.093580819798917e-05,0.0028764590212445127,0.02320185614849188,2.320185614849188e-05,2.320185614849188e-05,-0.0017918966127257333,0.4988399071925754,0.502706883217324
2009-07-01,0.0006561330973080343,0.0005826605528378101,0.07347254447022429,7.347254447022428e-05,-6.073693763739543e-05,0.0007168700349454297,0.03166185715487964,0.9907192575406032,7.347254447022421e-05,0.00058266055283781,-0.0015490759172449994,-0.0011770461915482139,-0.0040924471323628975,-0.005156364541667385,0.002395547711844966,0.030935808197989172,3.093580819798917e-05,3.093580819798917e-05,-9.167274583538461e-05,0.042536736272235115,4.253673627223511e-05,4.253673627223511e-05,0.0006743332986731945,0.4988399071925754,0.502706883217324
2009-07-02,0.0027886026343559448,0.002722864041935218,0.065738592420727,6.573859242072699e-05,0.006017428779942767,-0.003228826145586822,0.11610123434031491,0.9907192575406032,6.57385924207267e-05,0.0027228640419352176,0.0066943955555958026,0.005873535532835287,0.003721808929799094,0.00513479435356045,0.01552687122430349,0.03480278422273782,3.480278422273782e-05,3.480278422273782e-05,0.005982625995720029,0.030935808197989172,3.093580819798917e-05,3.093580819798917e-05,-0.003259761953784811,0.4988399071925754,0.502706883217324
2009-07-03,0.001131634197697377,0.0010736295573261475,0.058004640371229696,5.80046403712297e-05,0.004980931373667489,-0.0038492971759701124,0.06719095020560008,0.9907192575406032,5.800464037122952e-05,0.0010736295573261472,0.007406357216735874,0.00816453888022907,0.007660595691179767,0.009153423474889073,0.010400833067560263,0.030935808197989172,3.093580819798917e-05,3.093580819798917e-05,0.0049499955654695,0.027068832173240527,2.7068832173240526e-05,2.7068832173240526e-05,-0.0038763660081433528,0.4988399071925754,0.502706883217324
2009-07-06,-0.0034446553442266346,-0.0035142609126721106,0.06960556844547564,6.960556844547564e-05,-0.0020627764631215174,-0.0013818788811051177,-0.09955627745329029,0.9907192575406032,6.960556844547595e-05,-0.00351426091267211,0.0014712904019484514,0.0053337584577736775,0.0019758050046933054,0.0009284134649841531,-0.006666927585552824,0.038669760247486466,3.8669760247486464e-05,3.8669760247486464e-05,-0.0021014462233690037,0.030935808197989172,3.093580819798917e-05,3.093580819798917e-05,-0.0014128146893031069,0.4988399071925754,0.502706883217324
2009-07-07,-0.0025029499177652475,-0.0025570875821117286,0.054137664346481054,5.413766434648105e-05,-0.0001058409506291168,-0.002397108967136131,-0.12563985105670025,0.9907192575406032,5.413766434648115e-05,-0.0025570875821117286,0.005287454646712438,0.00371822847994003,0.004880246175597892,-0.00044188438121747406,-9.731908651556048e-05,0.02320185614849188,2.320185614849188e-05,2.320185614849188e-05,-0.00012904280677760867,0.030935808197989172,3.093580819798917e-05,3.093580819798917e-05,-0.00242804477533412,0.4988399071925754,0.502706883217324
2009-07-08,0.0004983590815396215,0.00043648746514364327,0.061871616395978345,6.187161639597834e-05,0.004754163046730291,-0.00425580396519067,0.016465269323925783,0.9907192575406032,6.187161639597822e-05,0.00043648746514364316,0.009630615846836612,0.0061090075982214425,0.006950771208333877,0.009737592426428028,0.009426861506372654,0.030935808197989172,3.093580819798917e-05,3.093580819798917e-05,0.0047232272385323015,0.030935808197989172,3.093580819798917e-05,3.093580819798917e-05,-0.00428673977338866,0.4988399071925754,0.502706883217324
2009-07-09,-0.0006759337366073231,-0.0007494062810775474,0.07347254447022429,7.347254447022428e-05,-0.0021779496499710325,0.0015020159133637097,-0.0373938128541434,0.9907192575406032,7.347254447022432e-05,-0.0007494062810775474,-0.0031377457388318884,-0.0026845915329646746,-0.006006172905333479,0.0019115531338798506,-0.007504820514410961,0.038669760247486466,3.8669760247486464e-05,3.8669760247486464e-05,-0.002216619410218519,0.03480278422273782,3.480278422273782e-05,3.480278422273782e-05,0.001467213129140972,0.4988399071925754,0.502706883217324
2009-07-10,-0.006305615003903336,-0.006371353596324063,0.065738592420727,6.573859242072699e-05,-0.004096511630802891,-0.0022091033731004442,-0.21997528298332975,0.9907192575406032,6.573859242072714e-05,-0.006371353596324063,0.005913758471671367,0.0013203987267061846,0.0004965367170591392,-0.0029508027407610677,-0.010842713835731418,0.02320185614849188,2.320185614849188e-05,2.320185614849188e-05,-0.004119713486951383,0.042536736272235115,4.253673627223511e-05,4.253673627223511e-05,-0.0022516401093726794,0.4988399071925754,0.502706883217324
2009-07-13,0.0012528823365949163,0.0011678088640504464,0.08507347254447023,8.507347254447022e-05,0.00014497089159388424,0.0011079114450010322,0.025088326804707517,0.9907192575406032,8.507347254446988e-05,0.001167808864050446,-0.00193250337773299,-0.0027529792049882985,-0.005769148127408425,-0.004011755833699144,0.0024418020164562984,0.030935808197989172,3.093580819798917e-05,3.093580819798917e-05,0.00011403508339589508,0.054137664346481054,5.413766434648105e-05,5.413766434648105e-05,0.001053773780654551,0.4988399071925754,0.502706883217324
2009-07-14,0.0017422982310744295,0.0016765596386537024,0.065738592420727,6.573859242072699e-05,0.0067563317629094136,-0.005014033531834984,0.08204304731406672,0.9907192575406032,6.573859242072714e-05,0.0016765596386537026,0.01143635878805661,0.007015485041200044,0.007514690823604495,0.008776558083230551,0.015927853445458846,0.038669760247486466,3.8669760247486464e-05,3.8669760247486464e-05,0.006717662002661927,0.027068832173240527,2.7068832173240526e-05,2.7068832173240526e-05,-0.005041102364008225,0.4988399071925754,0.502706883217324
2009-07-15,0.001038269864179219,0.000972531271758492,0.065738592420727,6.573859242072699e-05,-0.0027887397537295923,0.003827009617908811,0.011137454418559773,0.9907192575406032,6.573859242072692e-05,0.0009725312717584919,-0.008368237479267682,-0.0060843727091844275,-0.0031770138739244894,-0.005482309836355611,-0.005644520666874201,0.030935808197989172,3.093580819798917e-05,3.093580819798917e-05,-0.0028196755619275815,0.03480278422273782,3.480278422273782e-05,3.480278422273782e-05,0.003792206833686073,0.4988399071925754,0.502706883217324
2009-07-16,0.003300327463268027,0.0032191209667483053,0.08120649651972157,8.120649651972157e-05,0.0034448146415782654,-0.00014448717831023867,0.13592848650043357,0.9907192575406032,8.12064965197215e-05,0.0032191209667483053,-0.0015084553949657484,0.003920930317977856,0.00598654689511851,0.005263667386896612,0.0077266438218091295,0.03480278422273782,3.480278422273782e-05,3.480278422273782e-05,0.0034100118573555274,0.04640371229698376,4.640371229698376e-05,4.640371229698376e-05,-0.00019089089060722245,0.4988399071925754,0.502706883217324
2009-07-17,0.003192424019661391,0.003161488211463402,0.030935808197989172,3.093580819798917e-05,0.0015889989341188987,0.0016034250855424927,0.1557857948980847,0.9907192575406032,3.0935808197989165e-05,0.003161488211463402,-0.0034834246040964007,-0.0025950648038349238,0.0002504300796135726,-0.002762588779488124,0.006159377231176007,0.01160092807424594,1.160092807424594e-05,1.160092807424594e-05,0.0015773980060446527,0.019334880123743233,1.9334880123743232e-05,1.9334880123743232e-05,0.0015840902054187495,0.4988399071925754,0.502706883217324
2009-07-21,0.002233121844179135,0.002186718131882151,0.04640371229698376,4.640371229698376e-05,-5.5228091278566215e-05,0.002288349935457701,0.07600806308665536,0.9907192575406032,4.6403712296983965e-05,0.002186718131882151,-0.006007311897877765,-0.0016077013533487416,-8.477882866592044e-05,0.0015174685827772226,-0.0009248038774890443,0.019334880123743233,1.9334880123743232e-05,1.9334880123743232e-05,-7.456297140230944e-05,0.027068832173240527,2.7068832173240526e-05,2.7068832173240526e-05,0.002261281103284461,0.4988399071925754,0.502706883217324
2009-07-22,0.0008406273923971423,0.000778755776001164,0.061871616395978345,6.187161639597834e-05,0.005027329892247728,-0.004186702499850585,0.007910031045781352,0.9907192575406032,6.187161639597822e-05,0.0007787557760011639,0.009894275755360107,0.005159983156861209,0.012206829741326277,0.007180871127398838,0.01152662850764084,0.030935808197989172,3.093580819798917e-05,3.093580819798917e-05,0.004996394084049738,0.030935808197989172,3.093580819798917e-05,3.093580819798917e-05,-0.004217638308048575,0.4988399071925754,0.502706883217324
2009-07-23,-0.001816043592040618,-0.0018817821844613449,0.065738592420727,6.573859242072699e-05,-0.003116859280639171,0.0013008156885985528,-0.05016016121241005,0.9907192575406032,6.573859242072692e-05,-0.0018817821844613449,-0.0026786826574487963,-0.002403384787756756,-0.002016843344724916,-0.0031907595333985233,-0.007776943605083175,0.03480278422273782,3.480278422273782e-05,3.480278422273782e-05,-0.0031516620648619088,0.030935808197989172,3.093580819798917e-05,3.093580819798917e-05,0.0012698798804005637,0.4988399071925754,0.502706883217324
2009-07-24,0.0004071454327444038,0.0003452738163484255,0.061871616395978345,6.187161639597834e-05,-0.0025318667143321375,0.0029390121470765414,-0.015941828387206956,0.9907192575406032,6.187161639597833e-05,0.0003452738163484255,-0.00595518747591036,-0.0056262146704602846,-0.00044332122865059297,-0.006345124103035435,-0.004440702277857756,0.03480278422273782,3.480278422273782e-05,3.480278422273782e-05,-0.0025666694985548755,0.027068832173240527,2.7068832173240526e-05,2.7068832173240526e-05,0.002911943314903301,0.4988399071925754,0.502706883217324
2009-07-27,-0.0010985120238680135,-0.0011603836402639919,0.061871616395978345,6.187161639597834e-05,-0.003416838442130009,0.0023183264182619957,-0.0967721856694652,0.988399071925754,6.187161639597833e-05,-0.0011603836402639919,-0.005977525025160067,-0.001848244990084333,-0.00611013089946519,-0.005933182292677232,-0.007307762587787202,0.038669760247486466,3.8669760247486464e-05,3.8669760247486464e-05,-0.0034555082023774953,0.02320185614849188,2.320185614849188e-05,2.320185614849188e-05,0.0022951245621135037,0.4988399071925754,0.502706883217324
2009-07-28,0.0025050683557825667,0.0024431967393865883,0.061871616395978345,6.187161639597834e-05,0.0033346516609688882,-0.0008295833051863218,0.09731887952595031,0.988399071925754,6.187161639597833e-05,0.0024431967393865883,0.002111188227954813,0.0007176015555607925,0.002080528823850622,0.007127746150908067,0.006463346919040787,0.027068832173240527,2.7068832173240526e-05,2.7068832173240526e-05,0.003307582828795648,0.03480278422273782,3.480278422273782e-05,3.480278422273782e-05,-0.0008643860894090597,0.4988399071925754,0.502706883217324
2009-07-29,-0.0038443126005453638,-0.00388298236079285,0.038669760247486466,3.8669760247486464e-05,-0.001814140202293475,-0.0020301723982518887,-0.18558663147877613,0.9907192575406032,3.866976024748635e-05,-0.00388298236079285,0.005089876140377837,0.0019112408831410833,-0.0023279893690522258,0.0014728451889787866,-0.006191499993478843,0.015467904098994586,1.5467904098994586e-05,1.5467904098994586e-05,-0.0018296081063924696,0.02320185614849188,2.320185614849188e-05,2.320185614849188e-05,-0.0020533742544003807,0.4988399071925754,0.502706883217324
2009-07-30,0.00037068359489213297,0.00032427988259514927,0.04640371229698376,4.640371229698376e-05,-0.0017038227188717304,0.0020745063137638632,0.0294396993266478,0.9907192575406032,4.6403712296983694e-05,0.0003242798825951492,-0.0063650747325482235,0.0004021899765665207,0.0011715024071671668,-0.0019790677245193375,-0.004133821429603465,0.019334880123743233,1.9334880123743232e-05,1.9334880123743232e-05,-0.0017231575989954736,0.027068832173240527,2.7068832173240526e-05,2.7068832173240526e-05,0.002047437481590623,0.4988399071925754,0.502706883217324
2009-07-31,-0.0008911898315981308,-0.0009723963281178524,0.08120649651972157,8.120649651972157e-05,0.0013367523271195498,-0.0022279421587176806,-0.03986890548130209,0.9907192575406032,8.120649651972161e-05,-0.0009723963281178524,0.006276368833957077,0.0007000407834913142,-0.0027837102627269556,0.0005359931403491543,0.0037515865902104885,0.03480278422273782,3.480278422273782e-05,3.480278422273782e-05,0.001301949542896812,0.04640371229698376,4.640371229698376e-05,4.640371229698376e-05,-0.0022743458710146646,0.4988399071925754,0.502706883217324
2009-08-03,-0.002667060694436397,-0.002732799286857124,0.065738592420727,6.573859242072699e-05,-0.004424672216141692,0.0017576115217052951,-0.11225742689629427,0.9907192575406032,6.573859242072714e-05,-0.002732799286857124,-0.003306535752180323,-0.0038802262575186337,-0.00202735952995911,-0.0028653370443850377,-0.011872217932391687,0.038669760247486466,3.8669760247486464e-05,3.8669760247486464e-05,-0.004463341976389179,0.027068832173240527,2.7068832173240526e-05,2.7068832173240526e-05,0.0017305426895320546,0.4988399071925754,0.502706883217324
2009-08-04,-0.004476313863383928,-0.004565254311953147,0.08894044856921887,8.894044856921886e-05,-0.003763841375611884,-0.0007124724877720439,-0.1985044941011166,0.9907192575406032,8.894044856921912e-05,-0.004565254311953147,0.0012066297846627296,0.001843455676097513,-0.002259707041152206,-0.002407690013247749,-0.01011393847864628,0.038669760247486466,3.8669760247486464e-05,3.8669760247486464e-05,-0.0038025111358593704,0.050270688321732405,5.027068832173241e-05,5.027068832173241e-05,-0.0007627431760937764,0.4988399071925754,0.502706883217324
2009-08-05,-0.0020280188470611082,-0.0021053583675560814,0.07733952049497293,7.733952049497293e-05,-0.0024685465950703314,0.00044052774800922294,-0.0669156658967132,0.9907192575406032,7.733952049497313e-05,-0.0021053583675560814,-0.00011428493801826847,-0.0024180857215719926,-0.0027416389849707944,-0.003552234012451854,-0.005646745197090209,0.03480278422273782,3.480278422273782e-05,3.480278422273782e-05,-0.0025033493792930694,0.042536736272235115,4.253673627223511e-05,4.253673627223511e-05,0.00039799101173698784,0.4988399071925754,0.502706883217324
2009-08-06,-0.002491710872596172,-0.002576784345140642,0.08507347254447023,8.507347254447022e-05,0.0015032522945310311,-0.0039949631671272025,-0.1025757733161648,0.9907192575406032,8.507347254447031e-05,-0.002576784345140642,0.008430153756731519,0.006969165074033779,0.002943187644346579,0.006269996528585176,0.0013852464260065357,0.030935808197989172,3.093580819798917e-05,3.093580819798917e-05,0.001472316486333042,0.054137664346481054,5.413766434648105e-05,5.413766434648105e-05,-0.004049100831473683,0.4988399071925754,0.502706883217324
2009-08-07,-0.0001293990053874097,-0.00020287154985763398,0.07347254447022429,7.347254447022428e-05,-0.003138184167846978,0.0030087851624595683,-0.033431167670956025,0.9907192575406032,7.34725444702243e-05,-0.00020287154985763396,-0.0068627455864036,-0.0042096041161611905,-0.00594020805403707,-0.008529864177602044,-0.005171514722887682,0.03480278422273782,3.480278422273782e-05,3.480278422273782e-05,-0.003172986952069716,0.038669760247486466,3.8669760247486464e-05,3.8669760247486464e-05,0.002970115402212082,0.4988399071925754,0.502706883217324
2009-08-10,0.00031270763491750297,0.0002392350904472787,0.07347254447022429,7.347254447022428e-05,0.0005025687332978725,-0.00018986109838036968,0.023288497647444343,0.9907192575406032,7.347254447022427e-05,0.0002392350904472787,-0.00023335076626859578,0.001613944109454219,0.006108151498758156,0.007015437069083791,-0.001996506041160153,0.030935808197989172,3.093580819798917e-05,3.093580819798917e-05,0.00047163292509988335,0.042536736272235115,4.253673627223511e-05,4.253673627223511e-05,-0.00023239783465260478,0.4988399071925754,0.502706883217324
2009-08-11,0.001295607938628776,0.0012182684181338032,0.07733952049497293,7.733952049497293e-05,0.004256871370063248,-0.002961263431434472,0.04634887615874502,0.9907192575406032,7.733952049497291e-05,0.0012182684181338032,0.005983482193303357,0.005702785408175873,0.0038843333710528523,0.006694191158763684,0.00945321763338974,0.042536736272235115,4.253673627223511e-05,4.253673627223511e-05,0.004214334633791013,0.03480278422273782,3.480278422273782e-05,3.480278422273782e-05,-0.00299606621565721,0.4988399071925754,0.502706883217324
2009-08-12,0.001632757202559795,0.0015399497779658275,0.09280742459396751,9.280742459396752e-05,0.0009177344717941397,0.0007150227307656552,0.10713152825332568,0.9907192575406032,9.28074245939675e-05,0.0015399497779658275,-0.0013831352057815025,-0.001501677099372272,0.0018737264888400115,6.863674616837195e-05,0.002725287840938657,0.054137664346481054,5.413766434648105e-05,5.413766434648105e-05,0.0008635968074476587,0.038669760247486466,3.8669760247486464e-05,3.8669760247486464e-05,0.0006763529705181687,0.4988399071925754,0.502706883217324
2009-08-13,-0.000721210687470316,-0.0007908162559157917,0.06960556844547564,6.960556844547564e-05,-0.0007265302133650525,5.319525894736442e-06,-0.07262265179864232,0.9907192575406032,6.960556844547562e-05,-0.0007908162559157917,-0.00013359002137667975,0.00023829540612540224,0.0011675895358659906,-0.0019792469167126694,-0.0011950359971809046,0.03480278422273782,3.480278422273782e-05,3.480278422273782e-05,-0.0007613329975877904,0.03480278422273782,3.480278422273782e-05,3.480278422273782e-05,-2.9483258328001374e-05,0.4988399071925754,0.502706883217324
2009-08-14,-0.001254955018114382,-0.0013361615146341038,0.08120649651972157,8.120649651972157e-05,-0.0011551954107034501,-9.975960741093202e-05,-0.09842138475097559,0.9907192575406032,8.120649651972172e-05,-0.0013361615146341036,0.0013005573133618672,-0.0020314105066515215,-0.001002844496565635,-0.0006854244815263321,-0.003130933494212557,0.04640371229698376,4.640371229698376e-05,4.640371229698376e-05,-0.0012015991230004339,0.03480278422273782,3.480278422273782e-05,3.480278422273782e-05,-0.00013456239163366985,0.4988399071925754,0.502706883217324
2009-08-17,0.0012704130795392543,0.0012046744871185274,0.065738592420727,6.573859242072699e-05,0.0029931989605685833,-0.0017227858810293288,0.08461663191960095,0.9907192575406032,6.573859242072692e-05,0.0012046744871185274,0.00337343879735013,0.003535424499179609,0.002009259799887906,0.005499454082320465,0.006250752623991345,0.030935808197989172,3.093580819798917e-05,3.093580819798917e-05,0.002962263152370594,0.03480278422273782,3.480278422273782e-05,3.480278422273782e-05,-0.0017575886652520666,0.4988399071925754,0.502706883217324
2009-08-18,0.0006488689104019896,0.0005831303179812627,0.065738592420727,6.573859242072699e-05,6.094421499953314e-05,0.0005879246954024565,0.05028034534451868,0.9953596287703016,6.573859242072692e-05,0.0005831303179812626,-0.0019282519410929863,0.0003655951777677811,-0.0016500343624399408,0.0026184448766848807,-0.0011259646011461699,0.03480278422273782,3.480278422273782e-05,3.480278422273782e-05,2.6141430776795324e-05,0.030935808197989172,3.093580819798917e-05,3.093580819798917e-05,0.0005569888872044674,0.4988399071925754,0.502706883217324
2009-08-19,0.0015754017583472417,0.001528998046050258,0.04640371229698376,4.640371229698376e-05,0.0011556582196461658,0.00041974353870107597,0.07999150686273386,0.9953596287703016,4.640371229698375e-05,0.001528998046050258,-0.001168806970857569,-0.00015952261961604044,0.001833274130224452,0.0008099028270883818,0.0030700859771592794,0.02320185614849188,2.320185614849188e-05,2.320185614849188e-05,0.0011324563634976738,0.02320185614849188,2.320185614849188e-05,2.320185614849188e-05,0.0003965416825525841,0.4988399071925754,0.502706883217324
2009-08-20,0.001039845913468137,0.0009663733689979128,0.07347254447022429,7.347254447022428e-05,0.004345392925377552,-0.0033055470119094156,0.04569636145138569,0.9953596287703016,7.347254447022421e-05,0.0009663733689979127,0.007129668199834364,0.0054542633463764015,0.009025003161270686,0.01193719842661657,0.00709789625765259,0.042536736272235115,4.253673627223511e-05,4.253673627223511e-05,0.004302856189105317,0.030935808197989172,3.093580819798917e-05,3.093580819798917e-05,-0.0033364828201074047,0.4988399071925754,0.502706883217324
2009-08-21,0.0019419299287980836,0.0018877922644516027,0.054137664346481054,5.413766434648105e-05,-0.0020689188416724872,0.004010848770470571,0.08064640403625664,0.9976798143851509,5.413766434648093e-05,0.0018877922644516024,-0.008928626295642084,-0.0060561628912285635,-0.006436809835458605,-0.0060972285084949125,-0.003172576588270046,0.030935808197989172,3.093580819798917e-05,3.093580819798917e-05,-0.0020998546498704764,0.02320185614849188,2.320185614849188e-05,2.320185614849188e-05,0.003987646914322079,0.4988399071925754,0.502706883217324
2009-08-24,-0.00022891971628315023,-0.0002907913326791285,0.061871616395978345,6.187161639597834e-05,0.0014226418964933447,-0.0016515616127764949,-0.0035499713118005084,0.9976798143851509,6.187161639597825e-05,-0.0002907913326791286,0.0034828875909880767,0.0028856421546055552,0.004306222587337543,0.00420416263897317,0.002175769778573635,0.038669760247486466,3.8669760247486464e-05,3.8669760247486464e-05,0.0013839721362458582,0.02320185614849188,2.320185614849188e-05,2.320185614849188e-05,-0.0016747634689249869,0.4988399071925754,0.502706883217324
2009-08-25,-0.000654550834694582,-0.0007164224510905603,0.061871616395978345,6.187161639597834e-05,-0.0007286155712183289,7.406473652374691e-05,-0.07516837707345209,0.9953596287703016,6.187161639597833e-05,-0.0007164224510905603,0.0005633281569584841,-0.0015851788493123037,-0.0031970319273982714,-0.0026884810262000165,-0.0008466895650053388,0.027068832173240527,2.7068832173240526e-05,2.7068832173240526e-05,-0.0007556844033915695,0.03480278422273782,3.480278422273782e-05,3.480278422273782e-05,3.9261952301009095e-05,0.4988399071925754,0.502706883217324
2009-08-26,-0.0016344453301296359,-0.0016963169465256142,0.061871616395978345,6.187161639597834e-05,0.0013340964023719247,-0.0029685417325015606,-0.08041746479823798,0.9953596287703016,6.187161639597833e-05,-0.0016963169465256142,0.005968721549846812,0.005776421329958858,0.0030934868396589148,0.006258326863254272,0.0008824334248075119,0.030935808197989172,3.093580819798917e-05,3.093580819798917e-05,0.0013031605941739356,0.030935808197989172,3.093580819798917e-05,3.093580819798917e-05,-0.0029994775406995498,0.4988399071925754,0.502706883217324
2009-08-27,-0.0010119875019141851,-0.0010738591183101635,0.061871616395978345,6.187161639597834e-05,-7.382734419068436e-05,-0.0009381601577235009,-0.04933125139186688,0.9976798143851509,6.187161639597833e-05,-0.0010738591183101635,0.0011405882651228136,0.003334349714456106,0.002311067978953707,-0.0011220800424888637,0.0003390429141780251,0.030935808197989172,3.093580819798917e-05,3.093580819798917e-05,-0.00010476315238867352,0.030935808197989172,3.093580819798917e-05,3.093580819798917e-05,-0.00096909596592149,0.4988399071925754,0.502706883217324
2009-08-28,-0.002823538931023807,-0.0028970114754940314,0.07347254447022429,7.347254447022428e-05,-0.00357807128069727,0.0007545323496734629,-0.18091330277434678,0.9976798143851509,7.347254447022432e-05,-0.0028970114754940314,-0.0026034072246955307,0.0007296363470454338,-0.0037249712024648714,-0.0056071449804912235,-0.007955604639851064,0.038669760247486466,3.8669760247486464e-05,3.8669760247486464e-05,-0.0036167410409447564,0.03480278422273782,3.480278422273782e-05,3.480278422273782e-05,0.000719729565450725,0.4988399071925754,0.502706883217324
2009-08-31,0.001966725968024128,0.0019164552797023956,0.050270688321732405,5.027068832173241e-05,-0.0001739030061849948,0.002140628974209123,0.08004117094340912,0.9976798143851509,5.0270688321732556e-05,0.0019164552797023959,-0.004777818787363626,-0.003206893447205666,-0.0055298519758478675,-0.005854756899775378,0.0024044561545453675,0.027068832173240527,2.7068832173240526e-05,2.7068832173240526e-05,-0.00020097183835823533,0.02320185614849188,2.320185614849188e-05,2.320185614849188e-05,0.002117427118060631,0.4988399071925754,0.502706883217324
2009-09-01,0.0019002416255065123,0.0018345030330857853,0.065738592420727,6.573859242072699e-05,0.004238680035530919,-0.0023384384100244068,0.10808595185318044,0.9976798143851509,6.573859242072692e-05,0.0018345030330857853,0.004574490013045613,0.0048078963185428664,0.004626622038720311,0.007358417644826236,0.009066403470474042,0.03480278422273782,3.480278422273782e-05,3.480278422273782e-05,0.004203877251308182,0.030935808197989172,3.093580819798917e-05,3.093580819798917e-05,-0.002369374218222396,0.4988399071925754,0.502706883217324
2009-09-02,-0.0009373529793241568,-0.001022426451868627,0.08507347254447023,8.507347254447022e-05,0.00014418115320131473,-0.0010815341325254716,-0.05629052637393825,0.9976798143851509,8.50734725444702e-05,-0.001022426451868627,0.0008496840055710707,0.004785167864800088,0.003259700407368175,0.003026455585967179,-0.0010796784183573103,0.03480278422273782,3.480278422273782e-05,3.480278422273782e-05,0.00010937836897857692,0.050270688321732405,5.027068832173241e-05,5.027068832173241e-05,-0.001131804820847204,0.4988399071925754,0.502706883217324
2009-09-03,0.0010582818697527177,0.0009925432773319907,0.065738592420727,6.573859242072699e-05,0.0010830795642916527,-2.4797694538935072e-05,0.049966821604829695,0.9976798143851509,6.573859242072692e-05,0.0009925432773319907,-0.0013411825475288957,0.0028626875684368033,0.0020621583386752343,0.001868967532883741,0.0023223112954862853,0.030935808197989172,3.093580819798917e-05,3.093580819798917e-05,0.0010521437560936635,0.03480278422273782,3.480278422273782e-05,3.480278422273782e-05,-5.960047876167289e-05,0.4988399071925754,0.502706883217324
2009-09-04,0.00018115737273402725,0.00011541878031330025,0.065738592420727,6.573859242072699e-05,-0.0024022296239428697,0.002583386996676897,-0.016487168266044353,0.9976798143851509,6.5738592420727e-05,0.00011541878031330026,-0.004751789240527049,-0.005922284032902144,-0.002487983204467342,-0.004219234789291024,-0.005113831218745489,0.030935808197989172,3.093580819798917e-05,3.093580819798917e-05,-0.002433165432140859,0.03480278422273782,3.480278422273782e-05,3.480278422273782e-05,0.002548584212454159,0.4988399071925754,0.502706883217324
2009-09-07,0.0005526693751508995,0.000513999614903413,0.038669760247486466,3.8669760247486464e-05,0.0017760137047171786,-0.0012233443295662791,0.02504148148382958,0.9976798143851509,3.866976024748646e-05,0.000513999614903413,0.003023784521994113,0.0012392462840081846,-0.0011472783043755168,0.0031283461889578174,0.003776258812961352,0.019334880123743233,1.9334880123743232e-05,1.9334880123743232e-05,0.0017566788245934354,0.019334880123743233,1.9334880123743232e-05,1.9334880123743232e-05,-0.0012426792096900223,0.4988399071925754,0.502706883217324
2009-09-08,0.0009373482596680342,0.0008754766432720559,0.061871616395978345,6.187161639597834e-05,0.003420950525341393,-0.002483602265673359,0.022999838579353678,0.9976798143851509,6.187161639597833e-05,0.0008754766432720559,0.0059642144508715335,0.0028691369459838884,0.0018326947250825556,0.00730509874340329,0.006634169301010962,0.030935808197989172,3.093580819798917e-05,3.093580819798917e-05,0.003390014717143404,0.030935808197989172,3.093580819798917e-05,3.093580819798917e-05,-0.002514538073871348,0.4988399071925754,0.502706883217324
2009-09-09,0.0016815284076379955,0.001588720983044028,0.09280742459396751,9.280742459396752e-05,0.0002243683987616104,0.001457160008876385,0.08070104103865336,0.9976798143851509,9.28074245939675e-05,0.001588720983044028,-0.00435107002489054,4.003520628008814e-05,0.004549177954407331,0.0005669208855413413,0.0003912101144357533,0.038669760247486466,3.8669760247486464e-05,3.8669760247486464e-05,0.00018569863851412394,0.054137664346481054,5.413766434648105e-05,5.413766434648105e-05,0.0014030223445299038,0.4988399071925754,0.502706883217324
2009-09-10,-0.0005812964088239979,-0.0006509019772694735,0.06960556844547564,6.960556844547564e-05,-0.0024661832341632784,0.0018848868253392805,-0.08454137889473486,0.9953596287703016,6.960556844547562e-05,-0.0006509019772694735,-0.004095608627460406,-0.0030491577312484327,-0.0062430149005839874,-0.006343023670971621,-0.004244243796544699,0.03480278422273782,3.480278422273782e-05,3.480278422273782e-05,-0.0025009860183860164,0.03480278422273782,3.480278422273782e-05,3.480278422273782e-05,0.0018500840411165428,0.4988399071925754,0.502706883217324
2009-09-11,-0.0014792084109931684,-0.00156041490751289,0.08120649651972157,8.120649651972157e-05,0.0005407754880409844,-0.002019983899034153,-0.12618785003987573,0.9953596287703016,8.12064965197215e-05,-0.00156041490751289,0.0038575800664344,0.0043432179188474225,0.0024258693040987104,0.003545729339564256,-0.000146765353417028,0.04640371229698376,4.640371229698376e-05,4.640371229698376e-05,0.0004943717757440007,0.03480278422273782,3.480278422273782e-05,3.480278422273782e-05,-0.002054786683256891,0.4988399071925754,0.502706883217324
2009-09-14,0.0013132616252220207,0.0012629909369002883,0.050270688321732405,5.027068832173241e-05,0.0002401871022315215,0.0010730745229904992,0.07907053940395223,0.9953596287703016,5.027068832173234e-05,0.0012629909369002883,-0.004380266169464713,0.0024089787232113233,6.379045882112923e-05,0.0024690599725622447,-0.0005122929556175007,0.02320185614849188,2.320185614849188e-05,2.320185614849188e-05,0.00021698524608302963,0.027068832173240527,2.7068832173240526e-05,2.7068832173240526e-05,0.0010460056908172587,0.4988399071925754,0.502706883217324
2009-09-15,0.0022364843047633963,0.002174612688367418,0.061871616395978345,6.187161639597834e-05,0.0016222308878893815,0.0006142534168740148,0.12197069328545339,0.9976798143851509,6.187161639597833e-05,0.002174612688367418,-0.0019801378306962382,0.00031223389923145387,0.0014830090386627264,-0.00017049257658609303,0.004963256841876698,0.027068832173240527,2.7068832173240526e-05,2.7068832173240526e-05,0.001595162055716141,0.03480278422273782,3.480278422273782e-05,3.480278422273782e-05,0.000579450632651277,0.4988399071925754,0.502706883217324
2009-09-16,0.0007774503531121143,0.0007155787367161359,0.061871616395978345,6.187161639597834e-05,-0.002320494005908276,0.0030979443590203903,-0.004498421375504698,0.9976798143851509,6.187161639597833e-05,0.0007155787367161359,-0.008530863381870318,-0.0013707743493012825,0.0006058225359393466,-0.004818119474556816,-0.004568611773510895,0.03480278422273782,3.480278422273782e-05,3.480278422273782e-05,-0.0023552967901310138,0.027068832173240527,2.7068832173240526e-05,2.7068832173240526e-05,0.00307087552684715,0.4988399071925754,0.502706883217324
2009-09-17,0.0022748254369861468,0.0022168207966149172,0.058004640371229696,5.80046403712297e-05,0.002141754072189915,0.00013307136479623192,0.07935111465899544,0.9976798143851509,5.800464037122952e-05,0.0022168207966149172,-0.0024840475863592746,0.004225578722719798,0.004380693455251742,0.004329981009213202,0.004275214182234236,0.02320185614849188,2.320185614849188e-05,2.320185614849188e-05,0.002118552216041423,0.03480278422273782,3.480278422273782e-05,3.480278422273782e-05,9.826858057349411e-05,0.4988399071925754,0.502706883217324
2009-09-18,0.0034505297338311308,0.0033693232373114093,0.08120649651972157,8.120649651972157e-05,-0.0009653509767426744,0.004415880710573805,0.09689623338995618,0.9976798143851509,8.12064965197215e-05,0.0033693232373114093,-0.010445132723940612,-0.005423725692361692,-0.004810916385169891,-0.0023015699414634513,-0.0017520029663107813,0.030935808197989172,3.093580819798917e-05,3.093580819798917e-05,-0.0009962867849406636,0.050270688321732405,5.027068832173241e-05,5.027068832173241e-05,0.004365610022252072,0.4988399071925754,0.502706883217324
2009-09-24,0.0011637717983213288,0.0011019001819253505,0.061871616395978345,6.187161639597834e-05,-0.0005558830510162552,0.001719654849337584,0.03948330903722477,0.9976798143851509,6.187161639597833e-05,0.0011019001819253505,-0.0038206963404072035,-0.0026116781958900577,-0.0018066704896047023,-0.004368081465888494,0.0005125133260511816,0.03480278422273782,3.480278422273782e-05,3.480278422273782e-05,-0.0005906858352389931,0.027068832173240527,2.7068832173240526e-05,2.7068832173240526e-05,0.0016925860171643433,0.4988399071925754,0.502706883217324
2009-09-25,-0.003572708051955099,-0.0036307126923263286,0.058004640371229696,5.80046403712297e-05,0.002283221154044728,-0.005855929205999828,-0.13699586894454824,0.9976798143851509,5.800464037122952e-05,-0.0036307126923263286,0.013600714719659153,0.007699560745609516,0.006753694825355569,0.0068879169201236405,0.0034216344519843044,0.027068832173240527,2.7068832173240526e-05,2.7068832173240526e-05,0.0022561523218714878,0.030935808197989172,3.093580819798917e-05,3.093580819798917e-05,-0.005886865014197817,0.4988399071925754,0.502706883217324
2009-09-28,-0.0002798439055042484,-0.0003301145938259808,0.050270688321732405,5.027068832173241e-05,-0.002096668177810293,0.0018168242723060441,0.008643287010362186,0.9976798143851509,5.0270688321732394e-05,-0.0003301145938259808,-0.0024149726828327747,-0.006040189149113758,-0.005987840537121849,-0.001771172494295358,-0.0054190462038028065,0.02320185614849188,2.320185614849188e-05,2.320185614849188e-05,-0.002119870033958785,0.027068832173240527,2.7068832173240526e-05,2.7068832173240526e-05,0.0017897554401328035,0.4988399071925754,0.502706883217324
2009-09-29,0.003567199014876003,0.003509194374504773,0.058004640371229696,5.80046403712297e-05,0.003049899671257179,0.0005172993436188238,0.13702650792655524,0.9976798143851509,5.8004640371229956e-05,0.0035091943745047733,-0.0025087008031167944,0.0019647292932868203,0.001987386980543456,0.003738122849009775,0.007301915959066118,0.019334880123743233,1.9334880123743232e-05,1.9334880123743232e-05,0.003030564791133436,0.038669760247486466,3.8669760247486464e-05,3.8669760247486464e-05,0.0004786295833713373,0.4988399071925754,0.502706883217324
2009-09-30,-0.004484758722108468,-0.004527295458380703,0.042536736272235115,4.253673627223511e-05,-0.00996539285173104,0.005480634129622572,-0.14431858564421982,0.9976798143851509,4.253673627223516e-05,-0.004527295458380703,-0.010860440584855727,-0.010986829186929042,-0.008655867789711618,-0.012124776640683533,-0.023903316231491337,0.02320185614849188,2.320185614849188e-05,2.320185614849188e-05,-0.009988594707879531,0.019334880123743233,1.9334880123743232e-05,1.9334880123743232e-05,0.005461299249498829,0.4988399071925754,0.502706883217324
2009-10-01,-0.006262774584087157,-0.006340114104582129,0.07733952049497293,7.733952049497293e-05,0.0018660532347161054,-0.008128827818803261,-0.2185591030113541,0.9976798143851509,7.73395204949727e-05,-0.006340114104582129,0.02055001860189278,0.007308447804136087,0.005712187122747536,0.002423177860441677,0.004399589749983637,0.042536736272235115,4.253673627223511e-05,4.253673627223511e-05,0.0018235164984438702,0.03480278422273782,3.480278422273782e-05,3.480278422273782e-05,-0.008163630603025999,0.4988399071925754,0.502706883217324
2009-10-02,-0.0012746466118848231,-0.0013249173002065557,0.050270688321732405,5.027068832173241e-05,3.366268836990738e-05,-0.0013083093002547305,-0.059289826129815024,0.9976798143851509,5.0270688321732556e-05,-0.0013249173002065555,0.0039481694650438034,-0.0001200455444869215,0.00044227372231299883,0.0019996427576660595,-0.0008985984577579362,0.019334880123743233,1.9334880123743232e-05,1.9334880123743232e-05,1.4327808246164146e-05,0.030935808197989172,3.093580819798917e-05,3.093580819798917e-05,-0.0013392451084527197,0.4988399071925754,0.502706883217324
2009-10-05,0.00021122722692809792,0.0001416216584826223,0.06960556844547564,6.960556844547564e-05,-0.00017024075032510272,0.00038146797725320075,0.009390546123251978,0.9976798143851509,6.960556844547562e-05,0.0001416216584826223,-0.00015357513381171055,-0.0019834088901409044,-0.0036668500570849437,-0.002420120550278069,0.0006981502979986671,0.038669760247486466,3.8669760247486464e-05,3.8669760247486464e-05,-0.00020891051057258918,0.030935808197989172,3.093580819798917e-05,3.093580819798917e-05,0.0003505321690552116,0.4988399071925754,0.502706883217324
2009-10-06,-0.003415242029741987,-0.0034732466701132164,0.058004640371229696,5.80046403712297e-05,-0.00043395375827322497,-0.002981288271468762,-0.15962268169124041,0.9976798143851509,5.800464037122952e-05,-0.0034732466701132164,0.0063998029570085475,0.004980890459118098,0.00034769565236370155,-0.002555929215519213,-2.6924251420114334e-05,0.030935808197989172,3.093580819798917e-05,3.093580819798917e-05,-0.00046488956647121413,0.027068832173240527,2.7068832173240526e-05,2.7068832173240526e-05,-0.0030083571036420022,0.4988399071925754,0.502706883217324
2009-10-07,0.00023769507617484202,0.00017195648375411496,0.065738592420727,6.573859242072699e-05,0.0009414611535465965,-0.0007037660773717546,0.05511069917025021,0.9976798143851509,6.573859242072706e-05,0.00017195648375411502,0.0030441144116149575,-0.001926605725631757,-0.0014015131052010272,-0.001695734023844312,0.00367881880619134,0.03480278422273782,3.480278422273782e-05,3.480278422273782e-05,0.0009066583693238587,0.030935808197989172,3.093580819798917e-05,3.093580819798917e-05,-0.0007347018855697438,0.4988399071925754,0.502706883217324
2009-10-08,0.0032129443494676303,0.003143338781022155,0.06960556844547564,6.960556844547564e-05,0.002942146039813427,0.00027079830965420353,0.16324909952711256,0.9976798143851509,6.960556844547551e-05,0.003143338781022155,-0.0003495029661218553,-0.0009214345307901305,0.0026856063957101856,0.0010105901200871059,0.008341669659674495,0.03480278422273782,3.480278422273782e-05,3.480278422273782e-05,0.002907343255590689,0.03480278422273782,3.480278422273782e-05,3.480278422273782e-05,0.00023599552543146572,0.4988399071925754,0.502706883217324
2009-10-09,0.0043429666030033245,0.004288828938656844,0.054137664346481054,5.413766434648105e-05,0.0009687400123578005,0.0033742265906455244,0.24146966593623911,0.9976798143851509,5.4137664346480714e-05,0.004288828938656844,-0.00796062792864417,-0.004186055036020694,-0.0056773610916509626,-0.0009811187852727362,0.0034035380809587777,0.02320185614849188,2.320185614849188e-05,2.320185614849188e-05,0.0009455381562093086,0.030935808197989172,3.093580819798917e-05,3.093580819798917e-05,0.003343290782447535,0.4988399071925754,0.502706883217324
2009-10-13,0.001432787508691846,0.001355447988196873,0.07733952049497293,7.733952049497293e-05,0.0026513183183012688,-0.0012185308096094231,0.11521698625162599,0.9976798143851509,7.733952049497313e-05,0.0013554479881968731,0.0015439096173355171,0.004204463503646671,0.005069061716545249,0.005598748944075578,0.005173078052528585,0.03480278422273782,3.480278422273782e-05,3.480278422273782e-05,0.0026165155340785308,0.042536736272235115,4.253673627223511e-05,4.253673627223511e-05,-0.0012610675458816583,0.4988399071925754,0.502706883217324
2009-10-14,0.002197386508191043,0.0021239139637208187,0.07347254447022429,7.347254447022428e-05,-0.0018601140970611104,0.004057500605252153,0.07020726516673081,0.9976798143851509,7.347254447022432e-05,0.0021239139637208187,-0.00953770011564138,-0.005104412708311786,-0.006094673888942604,-0.0018420840157076233,-0.004672277823541574,0.030935808197989172,3.093580819798917e-05,3.093580819798917e-05,-0.0018910499052590996,0.042536736272235115,4.253673627223511e-05,4.253673627223511e-05,0.004014963868979918,0.4988399071925754,0.502706883217324
2009-10-15,0.0030214891503717906,0.002951883581926315,0.06960556844547564,6.960556844547564e-05,0.0010100608754652369,0.0020114282749065537,0.19029637781577932,0.9976798143851509,6.960556844547551e-05,0.002951883581926315,-0.005908375816002794,-0.0001424803697346909,0.0015343799610559278,0.003302523497094244,0.0013859678141890438,0.03480278422273782,3.480278422273782e-05,3.480278422273782e-05,0.000975258091242499,0.03480278422273782,3.480278422273782e-05,3.480278422273782e-05,0.0019766254906838157,0.4988399071925754,0.502706883217324
2009-10-16,-0.001612516688631952,-0.0016627873769536844,0.050270688321732405,5.027068832173241e-05,0.0013478771798432858,-0.002960393868475238,-0.04743918105472561,0.9976798143851509,5.027068832173234e-05,-0.0016627873769536844,0.006611962549526224,0.004425979362300348,0.001766862330974502,0.0033762069522564274,0.0023649318576796207,0.019334880123743233,1.9334880123743232e-05,1.9334880123743232e-05,0.0013285422997195426,0.030935808197989172,3.093580819798917e-05,3.093580819798917e-05,-0.002991329676673227,0.4988399071925754,0.502706883217324
2009-10-19,-0.003962223226042688,-0.004012493914364421,0.050270688321732405,5.027068832173241e-05,-0.00519354654911459,0.0012313233230719018,-0.2204043847552827,0.9976798143851509,5.027068832173277e-05,-0.004012493914364421,-0.0023356751841503813,-0.002679452798263037,-0.006245622372899939,-0.005897182021575438,-0.012668282682247548,0.030935808197989172,3.093580819798917e-05,3.093580819798917e-05,-0.00522448235731258,0.019334880123743233,1.9334880123743232e-05,1.9334880123743232e-05,0.0012119884429481586,0.4988399071925754,0.502706883217324
2009-10-20,0.001976067861345102,0.0019219301969986213,0.054137664346481054,5.413766434648105e-05,0.0019354125544159293,4.0655306929173086e-05,0.06355543652135032,0.9976798143851509,5.413766434648093e-05,0.001921930196998621,0.00117284713364623,-0.002617468906955957,0.000896273478470997,0.0018834186835925493,0.004878031199738136,0.027068832173240527,2.7068832173240526e-05,2.7068832173240526e-05,0.0019083437222426887,0.027068832173240527,2.7068832173240526e-05,2.7068832173240526e-05,1.358647475593256e-05,0.4988399071925754,0.502706883217324
2009-10-21,0.0007840842283580541,0.0007299465640115731,0.054137664346481054,5.413766434648105e-05,0.0027568199305137322,-0.001972735702155678,0.053233872858639515,0.9976798143851509,5.413766434648104e-05,0.0007299465640115731,0.004061138516226529,0.003647218643389542,0.007473820111206644,0.0017442466960392905,0.0074175700709437405,0.02320185614849188,2.320185614849188e-05,2.320185614849188e-05,0.0027336180743652403,0.030935808197989172,3.093580819798917e-05,3.093580819798917e-05,-0.002003671510353667,0.4988399071925754,0.502706883217324
2009-10-22,0.0021180250843002074,0.0020600204439289774,0.058004640371229696,5.80046403712297e-05,0.001044986158593037,0.00107303892570717,0.1677773297644221,0.9976798143851509,5.8004640371229956e-05,0.002060020443928978,-0.0033057449314896816,0.00023516146166809558,0.002003017230887895,0.003857564038989971,0.0012134670573905888,0.027068832173240527,2.7068832173240526e-05,2.7068832173240526e-05,0.0010179173264197965,0.030935808197989172,3.093580819798917e-05,3.093580819798917e-05,0.001042103117509181,0.4988399071925754,0.502706883217324
2009-10-23,-0.0010493800768144263,-0.00109578378911141,0.04640371229698376,4.640371229698376e-05,-0.00019494601493042114,-0.0008544340618840051,-0.04896524384818727,0.9976798143851509,4.640371229698375e-05,-0.00109578378911141,0.0026710648195275018,-0.00026572071850439335,0.0005597638958952822,-0.0009578122135670182,-0.00010729202648401319,0.030935808197989172,3.093580819798917e-05,3.093580819798917e-05,-0.0002258818231284103,0.015467904098994586,1.5467904098994586e-05,1.5467904098994586e-05,-0.0008699019659829997,0.4988399071925754,0.502706883217324
2009-10-26,-0.00047998166362075187,-0.0005341193279672329,0.054137664346481054,5.413766434648105e-05,-0.00042187542872466357,-5.8106234896088314e-05,0.04229696372970942,0.9976798143851509,5.413766434648104e-05,-0.0005341193279672329,0.0003981425651566593,-0.00045609606568606734,0.0006883926001953073,-0.001078819911439436,-0.0007291596473988633,0.027068832173240527,2.7068832173240526e-05,2.7068832173240526e-05,-0.0004489442608979041,0.027068832173240527,2.7068832173240526e-05,2.7068832173240526e-05,-8.517506706932885e-05,0.4988399071925754,0.502706883217324
2009-10-27,-0.00569608125426309,-0.005750218918609571,0.054137664346481054,5.413766434648105e-05,-0.007614424333093198,0.0019183430788301081,-0.25190638991063136,0.9976798143851509,5.4137664346480714e-05,-0.005750218918609571,-0.0037119538839431,-0.0040265937740096795,-0.004967815778237515,-0.006829792376505402,-0.01948150070172289,0.019334880123743233,1.9334880123743232e-05,1.9334880123743232e-05,-0.007633759213216941,0.03480278422273782,3.480278422273782e-05,3.480278422273782e-05,0.0018835402946073704,0.4988399071925754,0.502706883217324
2009-10-28,-0.00041729577401109603,-0.00048303436643182306,0.065738592420727,6.573859242072699e-05,0.003399378262580766,-0.003816674036591862,0.0069187500231113796,0.9976798143851509,6.573859242072703e-05,-0.000483034366431823,0.008991651223733896,0.004760889520879224,0.005324420417017233,0.005652739260350601,0.00739548175009663,0.02320185614849188,2.320185614849188e-05,2.320185614849188e-05,0.003376176406432274,0.042536736272235115,4.253673627223511e-05,4.253673627223511e-05,-0.003859210772864097,0.4988399071925754,0.502706883217324
2009-10-29,-0.003340855379418936,-0.003406593971839663,0.065738592420727,6.573859242072699e-05,-0.005965010374814368,0.0026241549953954315,-0.1447276085074659,0.9976798143851509,6.57385924207267e-05,-0.0034065939718396633,-0.005307361455926917,-0.005043396166130626,-0.014244577653684753,-0.00954945851969371,-0.01316191821604844,0.030935808197989172,3.093580819798917e-05,3.093580819798917e-05,-0.005995946183012357,0.03480278422273782,3.480278422273782e-05,3.480278422273782e-05,0.0025893522111726935,0.4988399071925754,0.502706883217324
2009-10-30,0.0011852667827480768,0.0011117942382778525,0.07347254447022429,7.347254447022428e-05,0.005815752053815681,-0.004630485271067603,0.055099530280257505,0.9976798143851509,7.347254447022432e-05,0.0011117942382778525,0.010779211595748617,0.006038420517859364,0.011629098207827461,0.011084043199533652,0.011945809576009162,0.038669760247486466,3.8669760247486464e-05,3.8669760247486464e-05,0.005777082293568194,0.03480278422273782,3.480278422273782e-05,3.480278422273782e-05,-0.004665288055290341,0.4988399071925754,0.502706883217324
2009-11-02,-0.0013905743138153607,-0.0014563129062360877,0.065738592420727,6.573859242072699e-05,-0.0016891876990215472,0.0002986133852061865,-0.06241651160398689,0.9976798143851509,6.573859242072692e-05,-0.0014563129062360877,-0.00115274753950443,0.0005364561516875713,-0.00022010514772224625,-0.003410269764436759,-0.0033742132453045523,0.03480278422273782,3.480278422273782e-05,3.480278422273782e-05,-0.001723990483244285,0.030935808197989172,3.093580819798917e-05,3.093580819798917e-05,0.0002676775770081973,0.4988399071925754,0.502706883217324
2009-11-04,0.001585957652101341,0.0015047511555816196,0.08120649651972157,8.120649651972157e-05,0.002709301984369458,-0.0011233443322681167,0.05986321279308877,0.9976798143851509,8.12064965197215e-05,0.0015047511555816196,0.002183434233897841,0.002338094557567973,0.00482551502702819,0.001560936489918409,0.007366339815016863,0.038669760247486466,3.8669760247486464e-05,3.8669760247486464e-05,0.0026706322241219715,0.042536736272235115,4.253673627223511e-05,4.253673627223511e-05,-0.001165881068540352,0.4988399071925754,0.502706883217324
2009-11-05,-0.0009722243399686284,-0.0010418299084141041,0.06960556844547564,6.960556844547564e-05,-0.004224153142946364,0.0032519288029777362,-0.01392541732217879,0.9976798143851509,6.960556844547573e-05,-0.0010418299084141041,-0.005677412140842155,-0.008070091446436629,-0.008954247164834563,-0.007356599553226613,-0.00902363048810681,0.019334880123743233,1.9334880123743232e-05,1.9334880123743232e-05,-0.004243488023070108,0.050270688321732405,5.027068832173241e-05,5.027068832173241e-05,0.003201658114656004,0.4988399071925754,0.502706883217324
2009-11-06,0.004978420498911058,0.0049010809784160855,0.07733952049497293,7.733952049497293e-05,0.0058107850726686954,-0.0008323645737576373,0.22726298879647394,0.9976798143851509,7.73395204949727e-05,0.0049010809784160855,0.0028169489135330406,-0.0006936064349685936,0.005050345710743079,0.010206677607633252,0.012369556775161569,0.04640371229698376,4.640371229698376e-05,4.640371229698376e-05,0.0057643813603717115,0.030935808197989172,3.093580819798917e-05,3.093580819798917e-05,-0.0008633003819556264,0.4988399071925754,0.502706883217324
2009-11-09,-0.00046206569437177037,-0.0005471391669162406,0.08507347254447023,8.507347254447022e-05,-0.002549263877315705,0.0020871981829439345,-0.03526448723890213,0.9976798143851509,8.50734725444702e-05,-0.0005471391669162406,-0.004563656988010832,-0.0033188672593571886,-0.0033325146767657836,-0.005709918193848229,-0.00481061809695776,0.038669760247486466,3.8669760247486464e-05,3.8669760247486464e-05,-0.002587933637563191,0.04640371229698376,4.640371229698376e-05,4.640371229698376e-05,0.0020407944706469505,0.4988399071925754,0.502706883217324
2009-11-10,-0.0006090699255547965,-0.0006941433980992667,0.08507347254447023,8.507347254447022e-05,-0.001493223028379889,0.0008841531028250927,-0.01685830746188277,0.9976798143851509,8.50734725444702e-05,-0.0006941433980992667,-0.0013450473484281067,-0.0025958807692400858,-0.005110758531592168,-0.0007825767097360953,-0.00409879856535334,0.050270688321732405,5.027068832173241e-05,5.027068832173241e-05,-0.0015434937167016214,0.03480278422273782,3.480278422273782e-05,3.480278422273782e-05,0.0008493503186023548,0.4988399071925754,0.502706883217324
2009-11-11,0.0011279657685954588,0.001050626248100486,0.07733952049497293,7.733952049497293e-05,-0.0025823810227863205,0.0037103467913817793,0.05136263099202517,0.9976798143851509,7.733952049497291e-05,0.001050626248100486,-0.007412709276541851,-0.0073160458881903956,-0.009396228393076345,-0.0068847344625257885,-0.004322792448882949,0.03480278422273782,3.480278422273782e-05,3.480278422273782e-05,-0.0026171838070090585,0.042536736272235115,4.253673627223511e-05,4.253673627223511e-05,0.003667810055109544,0.4988399071925754,0.502706883217324
2009-11-12,-0.0006929906355819192,-0.0007703301560768921,0.07733952049497293,7.733952049497293e-05,1.4765941762050822e-05,-0.00070775657734397,-0.0816742437774765,0.9976798143851509,7.733952049497291e-05,-0.0007703301560768921,0.002179390597072777,-0.00015304955916699923,-0.004246782976335616,0.0006128204160368415,-0.00026200936453392855,0.038669760247486466,3.8669760247486464e-05,3.8669760247486464e-05,-2.390381848543564e-05,0.038669760247486466,3.8669760247486464e-05,3.8669760247486464e-05,-0.0007464263375914564,0.4988399071925754,0.502706883217324
2009-11-13,0.0015234594526068808,0.001442252956087159,0.08120649651972157,8.120649651972157e-05,0.0005821773422669763,0.0009412821103399045,0.04278371603006684,0.9976798143851509,8.120649651972172e-05,0.0014422529560871593,-0.0025848808290791147,-0.00043095166520968096,0.001291769955682382,0.00015668958353223529,0.0016722489374227205,0.042536736272235115,4.253673627223511e-05,4.253673627223511e-05,0.0005396406059947411,0.038669760247486466,3.8669760247486464e-05,3.8669760247486464e-05,0.0009026123500924181,0.4988399071925754,0.502706883217324
2009-11-16,-0.0018273667972082967,-0.0018969723656537725,0.06960556844547564,6.960556844547564e-05,-0.005438965486009973,0.0036115986888016764,-0.09779830438173395,0.9953596287703016,6.960556844547573e-05,-0.0018969723656537725,-0.007448744578346922,-0.006649270758323983,-0.004333625331813554,-0.007730314459670399,-0.01248968549902735,0.03480278422273782,3.480278422273782e-05,3.480278422273782e-05,-0.005473768270232711,0.03480278422273782,3.480278422273782e-05,3.480278422273782e-05,0.0035767959045789385,0.4988399071925754,0.502706883217324
2009-11-17,0.001603667329727088,0.0015263278092321152,0.07733952049497293,7.733952049497293e-05,0.00246771811674392,-0.0008640507870168318,0.04157640427459635,0.9953596287703016,7.733952049497291e-05,0.0015263278092321152,-0.0013758012862574514,0.007979959195975604,0.008564038256882307,0.005950403465037382,0.004445169255736864,0.030935808197989172,3.093580819798917e-05,3.093580819798917e-05,0.0024367823085459307,0.04640371229698376,4.640371229698376e-05,4.640371229698376e-05,-0.0009104544993138155,0.4988399071925754,0.502706883217324
2009-11-18,0.0011252052893260726,0.0010478657688310995,0.07733952049497293,7.733952049497293e-05,-0.0003025703847394689,0.0014277756740655415,0.06230648294446423,0.9976798143851509,7.733952049497313e-05,0.0010478657688310997,-0.0039415413835383615,-0.0006118299754770125,-0.0012534862918627302,-0.00022341160627127872,-0.0007981163072553684,0.042536736272235115,4.253673627223511e-05,4.253673627223511e-05,-0.000345107121011704,0.03480278422273782,3.480278422273782e-05,3.480278422273782e-05,0.0013929728898428037,0.4988399071925754,0.502706883217324
2009-11-19,-0.00306979228714062,-0.00315486575968509,0.08507347254447023,8.507347254447022e-05,0.003995979837537966,-0.007065772124678586,-0.10791477987290862,0.9976798143851509,8.507347254447031e-05,-0.00315486575968509,0.013822561963872073,0.01452664606011656,0.00808262210194537,0.006481517006980186,0.008775059938222907,0.042536736272235115,4.253673627223511e-05,4.253673627223511e-05,0.003953443101265731,0.042536736272235115,4.253673627223511e-05,4.253673627223511e-05,-0.007108308860950821,0.4988399071925754,0.502706883217324
2009-11-20,0.003432348135822906,0.003374343495451676,0.058004640371229696,5.80046403712297e-05,-0.0023215874250407673,0.005753935560863673,0.10230920539019606,0.9976798143851509,5.8004640371229956e-05,0.0033743434954516763,-0.015383354680411387,-0.0034794390428733767,-0.004434113287093162,-0.0020874032113136027,-0.005937257791035554,0.02320185614849188,2.320185614849188e-05,2.320185614849188e-05,-0.0023447892811892593,0.03480278422273782,3.480278422273782e-05,3.480278422273782e-05,0.005719132776640936,0.4988399071925754,0.502706883217324
2009-11-24,0.003779064828712558,0.0037210601883413286,0.058004640371229696,5.80046403712297e-05,-0.0011735262707022079,0.0049525910994147665,0.16219391680461123,0.9976798143851509,5.800464037122952e-05,0.0037210601883413286,-0.010707213982694362,-0.00812121957707556,-0.003314909522095096,-0.007942728738609591,0.0004425981646118777,0.02320185614849188,2.320185614849188e-05,2.320185614849188e-05,-0.0011967281268506999,0.03480278422273782,3.480278422273782e-05,3.480278422273782e-05,0.004917788315192029,0.4988399071925754,0.502706883217324
2009-11-25,0.0009643054433938473,0.0008908328989236231,0.07347254447022429,7.347254447022428e-05,0.0003869149520000869,0.0005773904913937604,0.008646606186130279,0.9976798143851509,7.347254447022421e-05,0.000890832898923623,-0.0014504642909573754,-0.0005377392502589484,0.00395354952986819,-0.000941953750739268,0.001634421138011756,0.04640371229698376,4.640371229698376e-05,4.640371229698376e-05,0.00034051123970310317,0.027068832173240527,2.7068832173240526e-05,2.7068832173240526e-05,0.0005503216592205199,0.4988399071925754,0.502706883217324
2009-11-26,-0.0009768608506856905,-0.0010503333951559146,0.07347254447022429,7.347254447022428e-05,0.004895490672257331,-0.005872351522943021,-0.04448092780257028,0.9976798143851509,7.34725444702241e-05,-0.0010503333951559148,0.012638841637132569,0.00974443910238446,0.011868192164449716,0.011515258008118668,0.008962997598798175,0.03480278422273782,3.480278422273782e-05,3.480278422273782e-05,0.004860687888034594,0.038669760247486466,3.8669760247486464e-05,3.8669760247486464e-05,-0.005911021283190507,0.4988399071925754,0.502706883217324
2009-11-27,-0.0041737951943139435,-0.004224065882635675,0.050270688321732405,5.027068832173241e-05,-0.005916814300095235,0.0017430191057812917,-0.18598530913860326,0.9976798143851509,5.0270688321731906e-05,-0.004224065882635676,-0.004299769139560219,-0.0017829029212396055,-0.005291361283059731,-0.0083290906020783,-0.013627177699014663,0.027068832173240527,2.7068832173240526e-05,2.7068832173240526e-05,-0.005943883132268476,0.02320185614849188,2.320185614849188e-05,2.320185614849188e-05,0.0017198172496327997,0.4988399071925754,0.502706883217324
2009-11-30,-0.002251012299870667,-0.002324484844340892,0.07347254447022429,7.347254447022428e-05,0.0015702793065318016,-0.003821291606402469,-0.11684324955786672,0.9976798143851509,7.347254447022476e-05,-0.0023244848443408914,0.008404445915882871,0.0059767259240434585,0.0044679925229976405,0.0018437852065041475,0.0037999007533656456,0.030935808197989172,3.093580819798917e-05,3.093580819798917e-05,0.0015393434983338125,0.042536736272235115,4.253673627223511e-05,4.253673627223511e-05,-0.0038638283426747043,0.4988399071925754,0.502706883217324
2009-12-01,0.003054278212158525,0.003007874499861541,0.04640371229698376,4.640371229698376e-05,0.0020187878237632262,0.0010354903883952986,0.19006029313049225,0.9976798143851509,4.6403712296983965e-05,0.003007874499861541,-0.002542868090224425,-0.0010825183858023085,0.002511264711907828,0.0025597176143265796,0.0047905892303386904,0.027068832173240527,2.7068832173240526e-05,2.7068832173240526e-05,0.001991718991589986,0.019334880123743233,1.9334880123743232e-05,1.9334880123743232e-05,0.0010161555082715554,0.4988399071925754,0.502706883217324
2009-12-02,-0.0027686160179099667,-0.002834354610330694,0.065738592420727,6.573859242072699e-05,-0.004109634396190896,0.0013410183782809298,-0.15674576327465767,0.9976798143851509,6.573859242072714e-05,-0.002834354610330694,-0.0034175596296249153,-0.001150224763862345,-0.004841949228179045,-0.005759319951854066,-0.009477915080526058,0.03480278422273782,3.480278422273782e-05,3.480278422273782e-05,-0.004144437180413634,0.030935808197989172,3.093580819798917e-05,3.093580819798917e-05,0.0013100825700829407,0.4988399071925754,0.502706883217324
2009-12-03,0.0009087182940042186,0.0008545806296577377,0.054137664346481054,5.413766434648105e-05,0.004605095061796467,-0.003696376767792248,0.07031879252242929,0.9976798143851509,5.413766434648093e-05,0.0008545806296577376,0.008626932024548225,0.004775347581753019,0.004286255849164093,0.0032791540734867456,0.012207836718844607,0.027068832173240527,2.7068832173240526e-05,2.7068832173240526e-05,0.0045780262296232265,0.027068832173240527,2.7068832173240526e-05,2.7068832173240526e-05,-0.0037234455999654885,0.4988399071925754,0.502706883217324
2009-12-04,-8.561294250401363e-08,-5.4223277288985134e-05,0.054137664346481054,5.413766434648105e-05,-0.005595138970548526,0.005595053357606021,-0.029635545936350108,0.9953596287703016,5.413766434648112e-05,-5.422327728898507e-05,-0.011731388325227946,-0.009912791022839207,-0.010110381359500709,-0.006067844721715946,-0.0137905304040705,0.02320185614849188,2.320185614849188e-05,2.320185614849188e-05,-0.005618340826697018,0.030935808197989172,3.093580819798917e-05,3.093580819798917e-05,0.005564117549408032,0.4988399071925754,0.502706883217324
2009-12-07,0.0030356106528218263,0.002973739036425848,0.061871616395978345,6.187161639597834e-05,0.0010642617607431193,0.001971348892078707,0.15802751910119875,0.9953596287703016,6.187161639597833e-05,0.002973739036425848,-0.005476320715136719,-0.0007756028203409092,-0.0005871563653559826,0.0006111517050445371,0.002894634511758785,0.027068832173240527,2.7068832173240526e-05,2.7068832173240526e-05,0.0010371929285698787,0.03480278422273782,3.480278422273782e-05,3.480278422273782e-05,0.001936546107855969,0.4988399071925754,0.502706883217324
2009-12-08,0.0035585611322684306,0.0035005564918972006,0.058004640371229696,5.80046403712297e-05,0.003723831253242394,-0.00016527012097396372,0.16897569597078582,0.9976798143851509,5.8004640371229956e-05,0.003500556491897201,-0.0007539176777349663,0.0025192951452746304,0.005121735490301618,0.00381478776097625,0.009290080097284934,0.027068832173240527,2.7068832173240526e-05,2.7068832173240526e-05,0.0036967624210691536,0.030935808197989172,3.093580819798917e-05,3.093580819798917e-05,-0.0001962059291719529,0.4988399071925754,0.502706883217324
2009-12-09,-1.1398645145045664e-05,-6.940328551627535e-05,0.058004640371229696,5.80046403712297e-05,0.0019450571442552608,-0.0019564557894003066,0.03685257708891228,0.9976798143851509,5.8004640371229685e-05,-6.940328551627536e-05,0.004808456514023925,0.0020372965213683197,-0.0005756651047281012,0.006747702111467344,0.002474890543154821,0.038669760247486466,3.8669760247486464e-05,3.8669760247486464e-05,0.0019063873840077742,0.019334880123743233,1.9334880123743232e-05,1.9334880123743232e-05,-0.0019757906695240498,0.4988399071925754,0.502706883217324
2009-12-10,0.003440440276332031,0.0033669677318618066,0.07347254447022429,7.347254447022428e-05,0.0007288634888740754,0.0027115767874579554,0.1861985745328971,0.9976798143851509,7.347254447022432e-05,0.0033669677318618066,-0.006105591381872947,-0.0039541234189228135,0.00018251606185941687,-0.0032557203694246633,0.003819535745442982,0.030935808197989172,3.093580819798917e-05,3.093580819798917e-05,0.0006979276806760862,0.042536736272235115,4.253673627223511e-05,4.253673627223511e-05,0.0026690400511857203,0.4988399071925754,0.502706883217324
2009-12-11,0.0017730547276761576,0.0016995821832059333,0.07347254447022429,7.347254447022428e-05,0.0018740560574151697,-0.00010100132973901213,0.07892970354525418,0.9976798143851509,7.347254447022432e-05,0.0016995821832059333,0.00017891052685709753,0.0002454355356730478,-0.0020690671277608726,0.00042971380979068294,0.005420386077053065,0.03480278422273782,3.480278422273782e-05,3.480278422273782e-05,0.001839253273192432,0.038669760247486466,3.8669760247486464e-05,3.8669760247486464e-05,-0.0001396710899864986,0.4988399071925754,0.502706883217324
2009-12-14,-0.0030808295349486047,-0.0031349671992950854,0.054137664346481054,5.413766434648105e-05,-0.002603153970735128,-0.0004776755642134764,-0.08436170746643956,0.9976798143851509,5.4137664346480714e-05,-0.003134967199295086,0.0012699253120469888,0.0003033348548259766,-0.0038114372249251705,-0.0011948899861517694,-0.007230178458460209,0.027068832173240527,2.7068832173240526e-05,2.7068832173240526e-05,-0.0026302228029083685,0.027068832173240527,2.7068832173240526e-05,2.7068832173240526e-05,-0.000504744396386717,0.4988399071925754,0.502706883217324
2009-12-15,-0.0022440634994266347,-0.002298201163773116,0.054137664346481054,5.413766434648105e-05,-0.002364346965926569,0.00012028346649993439,-0.12102494171236415,0.9976798143851509,5.413766434648115e-05,-0.002298201163773116,-0.0013401423417476487,0.0019880716115154044,0.0003161412133868297,-0.004112851126121862,-0.005053110778667102,0.027068832173240527,2.7068832173240526e-05,2.7068832173240526e-05,-0.0023914157980998094,0.027068832173240527,2.7068832173240526e-05,2.7068832173240526e-05,9.321463432669387e-05,0.4988399071925754,0.502706883217324
2009-12-16,-0.0006066132771461295,-0.0006684848935421078,0.061871616395978345,6.187161639597834e-05,-0.0018644451794877085,0.001257831902341579,-0.03198807343845924,0.9976798143851509,6.187161639597833e-05,-0.0006684848935421078,-0.0017325172305814277,-0.004059216997324374,-0.0036904692500704405,-0.003219422348101309,-0.003996632121478664,0.027068832173240527,2.7068832173240526e-05,2.7068832173240526e-05,-0.001891514011660949,0.03480278422273782,3.480278422273782e-05,3.480278422273782e-05,0.0012230291181188411,0.4988399071925754,0.502706883217324
2009-12-17,-0.0023613502318514247,-0.002423221848247403,0.061871616395978345,6.187161639597834e-05,0.0022046488206970884,-0.004565999052548513,-0.14226786541036798,0.9976798143851509,6.187161639597833e-05,-0.002423221848247403,0.01031663019841185,0.006586523900632896,0.006221067164971856,0.00559770862916108,0.003830473418352798,0.027068832173240527,2.7068832173240526e-05,2.7068832173240526e-05,0.002177579988523848,0.03480278422273782,3.480278422273782e-05,3.480278422273782e-05,-0.00460080183677125,0.4988399071925754,0.502706883217324
2009-12-18,-0.0005987129347928257,-0.0006567175751640553,0.058004640371229696,5.80046403712297e-05,0.0012483838843167362,-0.0018470968191095618,-0.06458703978803261,0.9976798143851509,5.800464037122963e-05,-0.0006567175751640554,0.0049574785634887404,0.0010781070325165641,0.0004235891174204381,-0.0005069958241964306,0.004007359220055285,0.027068832173240527,2.7068832173240526e-05,2.7068832173240526e-05,0.0012213150521434956,0.030935808197989172,3.093580819798917e-05,3.093580819798917e-05,-0.001878032627307551,0.4988399071925754,0.502706883217324
2009-12-21,6.719409576817791e-05,9.189455396948229e-06,0.058004640371229696,5.80046403712297e-05,-8.587718748475701e-05,0.0001530712832529349,0.029216830760023984,0.9976798143851509,5.8004640371229685e-05,9.189455396948216e-06,0.0014635330608764022,-0.0038816653522199054,-0.0050903008208086796,-0.005044727787689455,0.0022641331882219578,0.03480278422273782,3.480278422273782e-05,3.480278422273782e-05,-0.00012067997170749482,0.02320185614849188,2.320185614849188e-05,2.320185614849188e-05,0.00012986942710444303,0.4988399071925754,0.502706883217324
2009-12-22,0.0008274600313935798,0.0007771893430718475,0.050270688321732405,5.027068832173241e-05,-0.0004818713609695303,0.0013093313923631103,0.04969483653992368,0.9976798143851509,5.027068832173234e-05,0.0007771893430718474,-0.003906619771167399,2.9833070382870604e-05,-0.0017122321352107807,-0.0023338816798366036,-0.00028203513620635563,0.02320185614849188,2.320185614849188e-05,2.320185614849188e-05,-0.0005050732171180222,0.027068832173240527,2.7068832173240526e-05,2.7068832173240526e-05,0.0012822625601898697,0.4988399071925754,0.502706883217324
2009-12-24,-0.00012475490647023522,-0.00018662652286621355,0.061871616395978345,6.187161639597834e-05,-0.0005334529707268879,0.0004086980642566527,0.004515777752706475,0.9976798143851509,6.187161639597833e-05,-0.00018662652286621355,-9.263479552080584e-05,-0.0022704672606153552,-0.0007013104909760751,-0.0003248998880757291,-0.0014416307330548475,0.038669760247486466,3.8669760247486464e-05,3.8669760247486464e-05,-0.0005721227309743743,0.02320185614849188,2.320185614849188e-05,2.320185614849188e-05,0.00038549620810816084,0.4988399071925754,0.502706883217324
2009-12-25,-0.0011310575986783033,-0.0012083971191732762,0.07733952049497293,7.733952049497293e-05,0.0010501491797598598,-0.002181206778438163,-0.08400551048800119,0.9976798143851509,7.733952049497291e-05,-0.0012083971191732762,0.004558964731183674,0.0038937242160727763,0.0006557039542937683,0.003013916622987173,0.001650815849970364,0.030935808197989172,3.093580819798917e-05,3.093580819798917e-05,0.0010192133715618706,0.04640371229698376,4.640371229698376e-05,4.640371229698376e-05,-0.002227610490735147,0.4988399071925754,0.502706883217324
2009-12-28,-6.379684795549754e-05,-0.00012566846435147592,0.061871616395978345,6.187161639597834e-05,0.0007253824142651672,-0.0007891792622206648,0.03895685601831396,0.9976798143851509,6.187161639597839e-05,-0.0001256684643514759,0.0006739151794788036,0.0033825845719908836,0.0037005777131661538,0.0017626555017345243,0.0012998802994696244,0.03480278422273782,3.480278422273782e-05,3.480278422273782e-05,0.0006905796300424293,0.027068832173240527,2.7068832173240526e-05,2.7068832173240526e-05,-0.0008162480943939053,0.4988399071925754,0.502706883217324
2009-12-29,0.0004333272073414864,0.0003753225669702567,0.058004640371229696,5.80046403712297e-05,-0.001251746427210072,0.0016850736345515585,0.028450403532689187,0.9976798143851509,5.8004640371229685e-05,0.0003753225669702567,-0.003982681152983573,-0.0020759716647781893,-0.0034335257454482385,-0.0037374870823939864,-0.0018952288550416647,0.027068832173240527,2.7068832173240526e-05,2.7068832173240526e-05,-0.0012788152593833126,0.030935808197989172,3.093580819798917e-05,3.093580819798917e-05,0.0016541378263535693,0.4988399071925754,0.502706883217324
2009-12-30,-0.00016261437729996468,-0.00023608692177018898,0.07347254447022429,7.347254447022428e-05,0.001751842756022558,-0.0019144571333225226,0.013295731409366547,0.9976798143851509,7.34725444702243e-05,-0.00023608692177018898,0.003381436924916182,0.00467194423743015,0.0045787397830018735,0.005583304119486014,0.002476098367087615,0.050270688321732405,5.027068832173241e-05,5.027068832173241e-05,0.0017015720677008256,0.02320185614849188,2.320185614849188e-05,2.320185614849188e-05,-0.0019376589894710145,0.4988399071925754,0.502706883217324
2010-01-04,-0.0035318630533217135,-0.003593734669717692,0.061871616395978345,6.187161639597834e-05,-0.003714995609709973,0.00018313255638825976,-0.182602343428977,0.9976798143851509,6.187161639597833e-05,-0.003593734669717692,0.0019366372051519388,-0.005019663161167969,-0.00484746104321967,-0.0056653281905474934,-0.008338241307877406,0.027068832173240527,2.7068832173240526e-05,2.7068832173240526e-05,-0.0037420644418832134,0.03480278422273782,3.480278422273782e-05,3.480278422273782e-05,0.00014832977216552195,0.4988399071925754,0.502706883217324
2010-01-05,-0.005971969845545549,-0.0060299744859167795,0.058004640371229696,5.80046403712297e-05,-0.004930061556139467,-0.0010419082894060818,-0.2988546229575744,0.9976798143851509,5.800464037123039e-05,-0.006029974485916779,0.003022489782742123,0.00015071796608948968,-0.0013612729090189085,-0.00600530210519243,-0.011821929394120835,0.030935808197989172,3.093580819798917e-05,3.093580819798917e-05,-0.004960997364337457,0.027068832173240527,2.7068832173240526e-05,2.7068832173240526e-05,-0.0010689771215793224,0.4988399071925754,0.502706883217324
2010-01-06,-0.0024296569109992566,-0.002499262479444732,0.06960556844547564,6.960556844547564e-05,-0.0001412827568460232,-0.0022883741541532333,-0.13996541417897918,0.9976798143851509,6.960556844547551e-05,-0.002499262479444732,0.0062145012148108495,0.0011886500133833076,0.0027174717456414413,0.003261455434302592,-0.00205556168134178,0.03480278422273782,3.480278422273782e-05,3.480278422273782e-05,-0.000176085541068761,0.03480278422273782,3.480278422273782e-05,3.480278422273782e-05,-0.0023231769383759713,0.4988399071925754,0.502706883217324
2010-01-07,-0.0027511424599501243,-0.002809147100321354,0.058004640371229696,5.80046403712297e-05,-0.0032214966479903445,0.00047035418804022004,-0.1418826896947007,0.9976798143851509,5.8004640371229956e-05,-0.0028091471003213538,-0.0002936493000918015,-0.002234560556260795,-0.004369759526994165,-0.0061045434624856865,-0.006634693770737425,0.030935808197989172,3.093580819798917e-05,3.093580819798917e-05,-0.0032524324561883336,0.027068832173240527,2.7068832173240526e-05,2.7068832173240526e-05,0.0004432853558669795,0.4988399071925754,0.502706883217324
2010-01-08,-0.00128904748881204,-0.0013702539853317616,0.08120649651972157,8.120649651972157e-05,-0.002404120447976978,0.0011150729591649382,-0.056076894199041556,0.9953596287703016,8.12064965197215e-05,-0.0013702539853317616,-0.0015392499888976865,-0.0035917004233942855,-0.003971612306866957,-0.0053434623596392864,-0.00455740309746927,0.04640371229698376,4.640371229698376e-05,4.640371229698376e-05,-0.002450524160273962,0.03480278422273782,3.480278422273782e-05,3.480278422273782e-05,0.0010802701749422004,0.4988399071925754,0.502706883217324
2010-01-12,-0.0010122113260009424,-0.0010895508464959154,0.07733952049497293,7.733952049497293e-05,0.0018537010718389767,-0.0028659123978399194,-0.014203206052803966,0.9953596287703016,7.733952049497291e-05,-0.0010895508464959154,0.00570423226237528,0.0056943427733663655,0.00395109994390502,0.00527070633743757,0.002938682844973766,0.030935808197989172,3.093580819798917e-05,3.093580819798917e-05,0.0018227652636409876,0.04640371229698376,4.640371229698376e-05,4.640371229698376e-05,-0.0029123161101369034,0.4988399071925754,0.502706883217324
2010-01-13,0.00017769446780380442,6.168518706134504e-05,0.11600928074245939,0.0001160092807424594,0.00014501345255149187,3.26810152523126e-05,0.012237705638666087,0.9976798143851509,0.00011600928074245938,6.168518706134503e-05,-0.00010955077378719918,2.510713430786717e-05,-0.0009136500791585721,0.002826775659304974,-0.0009773357502360239,0.054137664346481054,5.413766434648105e-05,5.413766434648105e-05,9.087578820501082e-05,0.061871616395978345,6.187161639597834e-05,6.187161639597834e-05,-2.9190601143665747e-05,0.4988399071925754,0.502706883217324
2010-01-14,-0.0026214077170052877,-0.0027296830456982495,0.10827532869296211,0.0001082753286929621,-0.00448307695700575,0.0018616692400004625,-0.10144180537532936,0.9976798143851509,0.00010827532869296186,-0.00272968304569825,-0.0030459843885231163,-0.005033186596804848,-0.00463977411717525,-0.007573456879085587,-0.009693779712569846,0.050270688321732405,5.027068832173241e-05,5.027068832173241e-05,-0.0045333476453274825,0.058004640371229696,5.80046403712297e-05,5.80046403712297e-05,0.0018036645996292327,0.4988399071925754,0.502706883217324
2010-01-15,-0.001208777485078952,-0.00132865374184616,0.11987625676720805,0.00011987625676720804,0.0026600854089345893,-0.003868862894013541,-0.061321800198398696,0.9976798143851509,0.00011987625676720807,-0.00132865374184616,0.008247668669806474,0.0065800179097381065,0.004352819737948199,0.002906886069424105,0.006545371927502887,0.061871616395978345,6.187161639597834e-05,6.187161639597834e-05,0.002598213792538611,0.058004640371229696,5.80046403712297e-05,5.80046403712297e-05,-0.0039268675343847705,0.4988399071925754,0.502706883217324
2010-01-18,-0.001640630224220546,-0.001748905552913508,0.10827532869296211,0.0001082753286929621,0.0004958112700610144,-0.0021364414942815603,-0.07624781197327467,0.9976798143851509,0.00010827532869296208,-0.001748905552913508,0.004672736176616671,0.003394319140827002,0.00562403942029707,0.004020908236000461,-0.0005195611594214126,0.054137664346481054,5.413766434648105e-05,5.413766434648105e-05,0.0004416736057145334,0.054137664346481054,5.413766434648105e-05,5.413766434648105e-05,-0.0021905791586280415,0.4988399071925754,0.502706883217324
2010-01-19,-0.00044784461117011303,-0.00051358320359084,0.065738592420727,6.573859242072699e-05,-0.003405810385956367,0.002957965774786254,-0.03840746745834967,0.9976798143851509,6.573859242072698e-05,-0.00051358320359084,-0.0055154722566938845,-0.006629857279705986,-0.005278267363367923,-0.007503726738490881,-0.006489329256432659,0.027068832173240527,2.7068832173240526e-05,2.7068832173240526e-05,-0.0034328792181296075,0.038669760247486466,3.8669760247486464e-05,3.8669760247486464e-05,0.002919296014538768,0.4988399071925754,0.502706883217324
2010-01-20,0.0003061124467875612,0.00023650687834208563,0.06960556844547564,6.960556844547564e-05,-0.0016081674952612807,0.001914279942048842,0.009064835773949247,0.9976798143851509,6.960556844547557e-05,0.00023650687834208558,-0.004330117719993899,-0.0027514546831246814,-0.0013666358414317465,-0.005158941980584935,-0.002256251268714128,0.03480278422273782,3.480278422273782e-05,3.480278422273782e-05,-0.0016429702794840185,0.03480278422273782,3.480278422273782e-05,3.480278422273782e-05,0.0018794771578261042,0.4988399071925754,0.502706883217324
2010-01-21,0.002008107889004205,0.0019307683685092323,0.07733952049497293,7.733952049497293e-05,0.0031880808768784065,-0.0011799729878742011,0.08935601171073032,0.9976798143851509,7.733952049497291e-05,0.0019307683685092323,0.0014298386301296526,0.004203373345185783,0.0036250779032957147,0.004461062148761687,0.0073559539809767835,0.03480278422273782,3.480278422273782e-05,3.480278422273782e-05,0.0031532780926556685,0.042536736272235115,4.253673627223511e-05,4.253673627223511e-05,-0.0012225097241464363,0.4988399071925754,0.502706883217324
2010-01-22,-0.00016265354939391016,-0.0002283921418146371,0.065738592420727,6.573859242072699e-05,0.0008892771417419997,-0.00105193069113591,0.01739365690156172,0.9976798143851509,6.573859242072695e-05,-0.00022839214181463713,0.002715634763429897,0.0008318384257987265,0.002317490330726898,8.078816911729905e-06,0.0026699962758985666,0.03480278422273782,3.480278422273782e-05,3.480278422273782e-05,0.0008544743575192618,0.030935808197989172,3.093580819798917e-05,3.093580819798917e-05,-0.0010828664993338991,0.4988399071925754,0.502706883217324
2010-01-25,-0.0014563247707394223,-0.0015297973152096464,0.07347254447022429,7.347254447022428e-05,0.0004946020713366602,-0.0019509268420760827,-0.09533347998788025,0.9976798143851509,7.34725444702241e-05,-0.0015297973152096466,0.004494402084983034,0.0026394581387756046,0.0037791901446957653,-0.0026911592465355687,0.0028328365494033696,0.038669760247486466,3.8669760247486464e-05,3.8669760247486464e-05,0.0004559323110891738,0.03480278422273782,3.480278422273782e-05,3.480278422273782e-05,-0.0019857296262988204,0.4988399071925754,0.502706883217324
2010-01-26,-0.0013248539179082316,-0.0013905925103289585,0.065738592420727,6.573859242072699e-05,-0.000703673007066887,-0.0006211809108413446,-0.0433816978898725,0.9976798143851509,6.573859242072692e-05,-0.0013905925103289585,0.0023271736933115203,-0.000972714599407688,-3.0817714969943845e-05,0.0011576189364341676,-0.002694737835978677,0.03480278422273782,3.480278422273782e-05,3.480278422273782e-05,-0.0007384757912896249,0.030935808197989172,3.093580819798917e-05,3.093580819798917e-05,-0.0006521167190393337,0.4988399071925754,0.502706883217324
2010-01-27,0.0007435081085784284,0.0006661685880834556,0.07733952049497293,7.733952049497293e-05,0.0005960076849774378,0.0001475004236009906,0.048534781465229854,0.9976798143851509,7.73395204949728e-05,0.0006661685880834555,-9.451430215677791e-05,-0.0006958340757110808,-5.115474909619599e-05,-0.0009241807362498629,0.00225427161620825,0.03480278422273782,3.480278422273782e-05,3.480278422273782e-05,0.0005612049007546999,0.042536736272235115,4.253673627223511e-05,4.253673627223511e-05,0.0001049636873287555,0.4988399071925754,0.502706883217324
2010-01-28,0.00043124489028138307,0.00036163932183590745,0.06960556844547564,6.960556844547564e-05,0.002316100718930792,-0.0018848558286494088,0.03742898228410558,0.9976798143851509,6.960556844547562e-05,0.00036163932183590745,0.005085631126716953,0.0010459025410316785,0.0032113938101130638,0.005809716795268536,0.004059602601383206,0.042536736272235115,4.253673627223511e-05,4.253673627223511e-05,0.0022735639826585567,0.027068832173240527,2.7068832173240526e-05,2.7068832173240526e-05,-0.0019119246608226494,0.4988399071925754,0.502706883217324
2010-01-29,0.0024676499841306825,0.0023903104636357098,0.07733952049497293,7.733952049497293e-05,0.0020870771007108035,0.0003805728834198787,0.06005699906309629,0.9976798143851509,7.73395204949727e-05,0.0023903104636357093,-0.002501811434599323,0.0027730569106455922,0.003926394343924358,0.001910098905398041,0.0053207428524616055,0.04640371229698376,4.640371229698376e-05,4.640371229698376e-05,0.0020406733884138196,0.030935808197989172,3.093580819798917e-05,3.093580819798917e-05,0.0003496370752218895,0.4988399071925754,0.502706883217324
2010-02-01,0.0017009264800581622,0.0015965181273899487,0.10440835266821345,0.00010440835266821346,8.091836010222366e-05,0.0016200081199559387,0.12567301041913895,0.9976798143851509,0.00010440835266821349,0.0015965181273899487,-0.00416019661169807,-0.0013255115023924086,-0.001648570745629331,0.0002993027281624042,9.366826292385646e-05,0.054137664346481054,5.413766434648105e-05,5.413766434648105e-05,2.6780695755742608e-05,0.050270688321732405,5.027068832173241e-05,5.027068832173241e-05,0.0015697374316342063,0.4988399071925754,0.502706883217324
2010-02-02,-0.0027618342195437117,-0.0028507746681129304,0.08894044856921887,8.894044856921886e-05,0.0004620602398158126,-0.003223894459359524,-0.05082093215692741,0.9976798143851509,8.894044856921869e-05,-0.0028507746681129304,0.0070395580515370095,0.0051455245745733276,0.00498401081560394,0.001924124063339935,0.00042734236386920814,0.038669760247486466,3.8669760247486464e-05,3.8669760247486464e-05,0.00042339047956832613,0.050270688321732405,5.027068832173241e-05,5.027068832173241e-05,-0.0032741651476812564,0.4988399071925754,0.502706883217324
2010-02-03,-0.003229857950266922,-0.0033149314228113924,0.08507347254447023,8.507347254447022e-05,-0.005829834977194901,0.0025999770269279792,-0.15658562556528346,0.9976798143851509,8.507347254447031e-05,-0.0033149314228113924,-0.005429020256479474,-0.004651844112787469,-0.0028013861168756835,-0.00783945412986288,-0.01361045113393602,0.042536736272235115,4.253673627223511e-05,4.253673627223511e-05,-0.005872371713467136,0.042536736272235115,4.253673627223511e-05,4.253673627223511e-05,0.002557440290655744,0.4988399071925754,0.502706883217324
2010-02-04,-0.00016294470037223638,-0.00023255026881771206,0.06960556844547564,6.960556844547564e-05,0.00558855565326483,-0.0057515003536370655,0.003246750551558192,0.9976798143851509,6.960556844547568e-05,-0.000232550268817712,0.013820362823734214,0.006627126181062062,0.009045505837857303,0.010209715284515931,0.011699799240698834,0.038669760247486466,3.8669760247486464e-05,3.8669760247486464e-05,0.005549885893017343,0.030935808197989172,3.093580819798917e-05,3.093580819798917e-05,-0.005782436161835055,0.4988399071925754,0.502706883217324
2010-02-05,-0.0016374725862331402,-0.001738013962876605,0.10054137664346481,0.00010054137664346481,-0.003423679644977517,0.0017862070587443767,-0.10868286734039716,0.9976798143851509,0.00010054137664346468,-0.0017380139628766051,-0.003404305785816048,-0.0038543846982627824,-0.0039983572949235996,-0.003606538129731239,-0.008491656007124914,0.054137664346481054,5.413766434648105e-05,5.413766434648105e-05,-0.003477817309323998,0.04640371229698376,4.640371229698376e-05,4.640371229698376e-05,0.001739803346447393,0.4988399071925754,0.502706883217324
2010-02-08,0.002170281000368398,0.002085207527823928,0.08507347254447023,8.507347254447022e-05,0.0037506388971743753,-0.0015803578968059773,0.12242241112904255,0.9976798143851509,8.507347254446988e-05,0.0020852075278239277,0.002341872285784757,0.004765992168622136,0.008631451584399671,0.006452927825075753,0.00805162002710507,0.042536736272235115,4.253673627223511e-05,4.253673627223511e-05,0.00370810216090214,0.042536736272235115,4.253673627223511e-05,4.253673627223511e-05,-0.0016228946330782124,0.4988399071925754,0.502706883217324
2010-02-09,-0.0006905167590682164,-0.0007755902316126867,0.08507347254447023,8.507347254447022e-05,-0.00045416192514913814,-0.00023635483391907838,0.04883347376197967,0.9976798143851509,8.50734725444702e-05,-0.0007755902316126867,0.0008000490113913795,-0.0001972768358041017,0.0002968869264114379,-9.504762322185504e-05,-0.0013181305354072947,0.050270688321732405,5.027068832173241e-05,5.027068832173241e-05,-0.0005044326134708705,0.03480278422273782,3.480278422273782e-05,3.480278422273782e-05,-0.0002711576181418162,0.4988399071925754,0.502706883217324
2010-02-10,-0.0035021022187674273,-0.003606510571435641,0.10440835266821345,0.00010440835266821346,-0.0028744528035027305,-0.0006276494152646966,-0.151238897615631,0.9976798143851509,0.00010440835266821349,-0.003606510571435641,0.0010229555224419908,0.001704953682209241,-0.0015236057496054414,-0.005642657683544715,-0.005822083890620737,0.054137664346481054,5.413766434648105e-05,5.413766434648105e-05,-0.0029285904678492116,0.050270688321732405,5.027068832173241e-05,5.027068832173241e-05,-0.0006779201035864291,0.4988399071925754,0.502706883217324
2010-02-12,0.0015595963700626525,0.0014629219694439364,0.09667440061871617,9.667440061871617e-05,0.00014362927128210793,0.0014159670987805447,0.06287321915660554,0.9976798143851509,9.667440061871609e-05,0.0014629219694439364,-0.0030353597357954047,-0.0023742510402429908,-0.0013777440185503964,0.000739104400929187,6.233767806509402e-05,0.04640371229698376,4.640371229698376e-05,4.640371229698376e-05,9.722555898512417e-05,0.050270688321732405,5.027068832173241e-05,5.027068832173241e-05,0.0013656964104588123,0.4988399071925754,0.502706883217324
2010-02-15,0.0009198924670957212,0.0008464199226254969,0.07347254447022429,7.347254447022428e-05,0.002986042377978345,-0.002066149910882624,0.09250594007514096,0.9976798143851509,7.347254447022432e-05,0.0008464199226254969,0.0035255298199237763,0.005292680758625072,0.0047766311480038825,0.006436561499387777,0.005760679238040996,0.03480278422273782,3.480278422273782e-05,3.480278422273782e-05,0.002951239593755607,0.038669760247486466,3.8669760247486464e-05,3.8669760247486464e-05,-0.00210481967113011,0.4988399071925754,0.502706883217324
2010-02-16,0.0008785596660211055,0.000785752241427138,0.09280742459396751,9.280742459396752e-05,-0.0026282893844985526,0.003506849050519658,0.08194153011505842,0.9976798143851509,9.28074245939675e-05,0.000785752241427138,-0.006873957524006305,-0.007182252555251976,-0.005930367058429768,-0.005066209379576179,-0.005370100366390116,0.050270688321732405,5.027068832173241e-05,5.027068832173241e-05,-0.002678560072820285,0.042536736272235115,4.253673627223511e-05,4.253673627223511e-05,0.003464312314247423,0.4988399071925754,0.502706883217324
2010-02-17,-0.0005425501753803948,-0.0006392245759991109,0.09667440061871617,9.667440061871617e-05,0.0018483178846549575,-0.002390868060035352,-0.027770308793348776,0.9976798143851509,9.667440061871609e-05,-0.000639224575999111,0.0066353220156549495,0.0009536154642595685,0.002227533561882684,0.002108814310359908,0.004503441739840651,0.061871616395978345,6.187161639597834e-05,6.187161639597834e-05,0.0017864462682589792,0.03480278422273782,3.480278422273782e-05,3.480278422273782e-05,-0.00242567084425809,0.4988399071925754,0.502706883217324
2010-02-18,0.0020137704482843673,0.001928696975739897,0.08507347254447023,8.507347254447022e-05,0.004422776003382553,-0.0024090055550981854,0.20349556017823434,0.9976798143851509,8.507347254447031e-05,0.001928696975739897,0.005052088580286113,0.004265979768918577,0.00543724233656287,0.007812256510154153,0.009393056331838366,0.03480278422273782,3.480278422273782e-05,3.480278422273782e-05,0.004387973219159815,0.050270688321732405,5.027068832173241e-05,5.027068832173241e-05,-0.0024592762434199177,0.4988399071925754,0.502706883217324
2010-02-19,0.00024162669772261966,0.00015655322517814946,0.08507347254447023,8.507347254447022e-05,-0.003959758048001565,0.0042013847457241845,0.02157006647375179,0.9976798143851509,8.50734725444702e-05,0.00015655322517814943,-0.008626134850791613,-0.00781405495873032,-0.005847260467575879,-0.007381638247017454,-0.008216081239435515,0.04640371229698376,4.640371229698376e-05,4.640371229698376e-05,-0.004006161760298549,0.038669760247486466,3.8669760247486464e-05,3.8669760247486464e-05,0.004162714985476698,0.4988399071925754,0.502706883217324
2010-02-22,-0.00125233932538748,-0.001329678845882453,0.07733952049497293,7.733952049497293e-05,-0.0036272344492916334,0.0023748951239041536,-0.05008982276559031,0.9976798143851509,7.733952049497291e-05,-0.001329678845882453,-0.004770295191123075,-0.00463098133520713,-0.0036367000165159024,-0.005973752294343795,-0.007920133487558528,0.030935808197989172,3.093580819798917e-05,3.093580819798917e-05,-0.0036581702574896226,0.04640371229698376,4.640371229698376e-05,4.640371229698376e-05,0.0023284914116071696,0.4988399071925754,0.502706883217324
2010-02-23,0.001679771764894286,0.0015946982923498157,0.08507347254447023,8.507347254447022e-05,0.005479889468976352,-0.003800117704082066,0.10014138454218312,0.9976798143851509,8.507347254447031e-05,0.0015946982923498157,0.007289332558585933,0.008105546643689445,0.009521567158120482,0.007759467391367424,0.012598166498238202,0.042536736272235115,4.253673627223511e-05,4.253673627223511e-05,0.0054373527327041165,0.042536736272235115,4.253673627223511e-05,4.253673627223511e-05,-0.0038426544403543012,0.4988399071925754,0.502706883217324
2010-02-24,-0.0013757666154055152,-0.0014647070639747341,0.08894044856921887,8.894044856921886e-05,-0.0027274912932115894,0.0013517246778060742,-0.08794420385636055,0.9976798143851509,8.89404485692189e-05,-0.0014647070639747341,-0.0031939961372426935,-0.001666938086989221,-0.00030550856594317813,-0.0029825297774922913,-0.00671023799991103,0.027068832173240527,2.7068832173240526e-05,2.7068832173240526e-05,-0.0027545601253848298,0.061871616395978345,6.187161639597834e-05,6.187161639597834e-05,0.0012898530614100959,0.4988399071925754,0.502706883217324
2010-02-25,-0.0015335638649591767,-0.0016109033854541496,0.07733952049497293,7.733952049497293e-05,0.0009246904456037708,-0.0024582543105629477,-0.10006984328464931,0.9976798143851509,7.733952049497291e-05,-0.0016109033854541496,0.005339889588912865,0.003979864429678115,0.0047214829994633506,0.0019550724286488035,0.00180298645117717,0.03480278422273782,3.480278422273782e-05,3.480278422273782e-05,0.000889887661381033,0.042536736272235115,4.253673627223511e-05,4.253673627223511e-05,-0.002500791046835183,0.4988399071925754,0.502706883217324
2010-02-26,0.001531455355698687,0.0014579828112284627,0.07347254447022429,7.347254447022428e-05,0.0001265972821703753,0.0014048580735283116,0.09108462357261796,0.9976798143851509,7.347254447022432e-05,0.0014579828112284627,-0.0025463438008314376,-0.0032968462126066584,-0.0037218484364058084,-0.0028485180215825617,0.0018049340941547582,0.038669760247486466,3.8669760247486464e-05,3.8669760247486464e-05,8.792752192288885e-05,0.03480278422273782,3.480278422273782e-05,3.480278422273782e-05,0.0013700552893055739,0.4988399071925754,0.502706883217324
2010-03-01,-0.0004691823931696909,-0.0005349209855904178,0.065738592420727,6.573859242072699e-05,-0.000513079490811116,4.389709764142511e-05,0.011378908686414217,0.9976798143851509,6.573859242072692e-05,-0.0005349209855904179,0.0003399968559974032,-0.0009518957191127121,-0.0011372141454002109,-0.0009505551196625868,-0.001067540536956551,0.038669760247486466,3.8669760247486464e-05,3.8669760247486464e-05,-0.0005517492510586024,0.027068832173240527,2.7068832173240526e-05,2.7068832173240526e-05,1.682826546818458e-05,0.4988399071925754,0.502706883217324
2010-03-02,0.0015871377023521783,0.001502064229807708,0.08507347254447023,8.507347254447022e-05,0.0015244138023562165,6.272389999596191e-05,0.0858269448675751,0.9976798143851509,8.507347254447031e-05,0.001502064229807708,0.0005528155536402254,-0.0014957059001315194,-0.0026791857199096637,0.003320300445662722,0.0029237266293700055,0.042536736272235115,4.253673627223511e-05,4.253673627223511e-05,0.0014818770660839813,0.042536736272235115,4.253673627223511e-05,4.253673627223511e-05,2.0187163723726804e-05,0.4988399071925754,0.502706883217324
2010-03-03,0.0011256160624081226,0.0010521435179378983,0.07347254447022429,7.347254447022428e-05,0.0028686334011722337,-0.001743017338764111,0.09545014959141113,0.9976798143851509,7.347254447022432e-05,0.0010521435179378983,0.003375622835157043,0.0036526766778078234,0.0031890791636525312,0.0037330557306604283,0.006759386059590014,0.03480278422273782,3.480278422273782e-05,3.480278422273782e-05,0.0028338306169494957,0.038669760247486466,3.8669760247486464e-05,3.8669760247486464e-05,-0.0017816870990115976,0.4988399071925754,0.502706883217324
2010-03-04,0.0009680678654402573,0.0008945953209700331,0.07347254447022429,7.347254447022428e-05,0.0027261012755220313,-0.0017580334100817739,0.08309886843313703,0.9976798143851509,7.347254447022421e-05,0.000894595320970033,0.0024201152842560766,0.005676218839927164,0.005145755059169275,0.007284345159832542,0.004555150557874394,0.04640371229698376,4.640371229698376e-05,4.640371229698376e-05,0.0026796975632250473,0.027068832173240527,2.7068832173240526e-05,2.7068832173240526e-05,-0.0017851022422550144,0.4988399071925754,0.502706883217324
2010-03-05,0.0006705783388066689,0.0005893718422869474,0.08120649651972157,8.120649651972157e-05,-0.0032390700630664316,0.003909648401873101,0.035721953544216534,0.9976798143851509,8.12064965197215e-05,0.0005893718422869473,-0.007096376975511379,-0.009154657671044043,-0.008005532139466812,-0.006064004336523136,-0.006707806184168423,0.038669760247486466,3.8669760247486464e-05,3.8669760247486464e-05,-0.003277739823313918,0.042536736272235115,4.253673627223511e-05,4.253673627223511e-05,0.0038671116656008656,0.4988399071925754,0.502706883217324
2010-03-08,-0.0010222034921388166,-0.001084075108534795,0.061871616395978345,6.187161639597834e-05,-0.0010360419520406888,1.3838459901872206e-05,-0.014903145740031296,0.9976798143851509,6.187161639597833e-05,-0.001084075108534795,5.7840628023201235e-05,-0.00020025024113122416,-0.0017589764754792308,-0.0023070138082688274,-0.001961847151653053,0.019334880123743233,1.9334880123743232e-05,1.9334880123743232e-05,-0.001055376832164432,0.042536736272235115,4.253673627223511e-05,4.253673627223511e-05,-2.8698276370362903e-05,0.4988399071925754,0.502706883217324
2010-03-09,0.00217441895984777,0.002120281295501289,0.054137664346481054,5.413766434648105e-05,0.0029158519133550224,-0.0007414329535072525,0.12698592431259242,0.9953596287703016,5.4137664346480714e-05,0.0021202812955012887,0.0008576643296061007,0.0027236689558429008,0.0023863503447916117,0.004681969962579732,0.006426913911659074,0.02320185614849188,2.320185614849188e-05,2.320185614849188e-05,0.0028926500572065304,0.030935808197989172,3.093580819798917e-05,3.093580819798917e-05,-0.0007723687617052417,0.4988399071925754,0.502706883217324
2010-03-10,0.0005235074685890421,0.0004616358521930638,0.061871616395978345,6.187161639597834e-05,0.001466190620836411,-0.0009426831522473688,0.04836087624611859,0.9953596287703016,6.187161639597833e-05,0.0004616358521930638,0.002630984695015551,0.00034609755127480593,0.0023781823843687126,0.00457189170722624,0.0021228552457856695,0.027068832173240527,2.7068832173240526e-05,2.7068832173240526e-05,0.0014391217886631704,0.03480278422273782,3.480278422273782e-05,3.480278422273782e-05,-0.0009774859364701067,0.4988399071925754,0.502706883217324
2010-03-11,-0.0007053539858717195,-0.0007788265303419438,0.07347254447022429,7.347254447022428e-05,-0.0012377908549585559,0.0005324368690868364,-0.06135274103762746,0.9976798143851509,7.347254447022432e-05,-0.0007788265303419438,-0.0016982668388389216,0.00023397768914256545,-0.001627684483086658,-0.0010158248253830712,-0.003214095902335006,0.030935808197989172,3.093580819798917e-05,3.093580819798917e-05,-0.001268726663156545,0.042536736272235115,4.253673627223511e-05,4.253673627223511e-05,0.0004899001328146013,0.4988399071925754,0.502706883217324
2010-03-12,-0.00043583969008190957,-0.00048611037840364196,0.050270688321732405,5.027068832173241e-05,-0.0021018371461920507,0.0016659974561101412,-0.06086297019227468,0.9976798143851509,5.0270688321732394e-05,-0.00048611037840364196,-0.003953289745479752,-0.0020207147510080017,-0.00028975444662498464,-0.0022541649463697104,-0.005193092945481009,0.03480278422273782,3.480278422273782e-05,3.480278422273782e-05,-0.0021366399304147887,0.015467904098994586,1.5467904098994586e-05,1.5467904098994586e-05,0.0016505295520111466,0.4988399071925754,0.502706883217324
2010-03-15,0.001586049181186787,0.0015319115168403057,0.054137664346481054,5.413766434648105e-05,0.0015420907729664071,4.395840822037973e-05,0.0796909991212047,0.9976798143851509,5.413766434648115e-05,0.0015319115168403057,-0.0003831375813314588,0.0005108215165127143,0.0023407359926296166,0.0031373975621296862,0.003068332310669028,0.03480278422273782,3.480278422273782e-05,3.480278422273782e-05,0.0015072879887436694,0.019334880123743233,1.9334880123743232e-05,1.9334880123743232e-05,2.4623528096636497e-05,0.4988399071925754,0.502706883217324
2010-03-16,0.0017747789973840292,0.001720641333037548,0.054137664346481054,5.413766434648105e-05,0.0012629460132590974,0.0005118329841249318,0.11154436671082654,0.9976798143851509,5.413766434648115e-05,0.001720641333037548,-0.0006612462936103786,-0.0017402693523396375,-0.0006925004067433171,0.0016579115620704073,0.0029686935099973843,0.02320185614849188,2.320185614849188e-05,2.320185614849188e-05,0.0012397441571106054,0.030935808197989172,3.093580819798917e-05,3.093580819798917e-05,0.0004808971759269426,0.4988399071925754,0.502706883217324
2010-03-17,-0.0005505311422249633,-0.0006162697346456902,0.065738592420727,6.573859242072699e-05,0.00027300187332097975,-0.000823533015545943,-0.06488784511770537,0.9976798143851509,6.573859242072692e-05,-0.0006162697346456903,0.002054561071342974,0.0007957866189149339,0.0030480279023530265,0.0015163012123777023,6.275967800656022e-05,0.019334880123743233,1.9334880123743232e-05,1.9334880123743232e-05,0.0002536669931972365,0.04640371229698376,4.640371229698376e-05,4.640371229698376e-05,-0.0008699367278429267,0.4988399071925754,0.502706883217324
2010-03-18,-0.0035290258314218627,-0.0035968590358559952,0.06783320443413256,6.783320443413256e-05,-0.002820102102162037,-0.0007089237292598251,-0.18466843683484271,0.9953703703703703,6.78332044341326e-05,-0.0035968590358559952,0.0023774411035018717,-0.0005368452414073531,-9.908939923861798e-05,-0.004185171582610327,-0.006333426285381104,0.039699163587408,3.9699163587408004e-05,3.9699163587408004e-05,-0.0028598012657494454,0.02813404084672455,2.8134040846724554e-05,2.8134040846724554e-05,-0.0007370577701065497,0.5015432098765432,0.5015432098765432
2010-03-19,-0.00033220115225490076,-0.0003707813991684809,0.038580246913580245,3.8580246913580246e-05,-0.00046409752602965734,0.0001318963737747567,-0.026777183319567174,0.9953703703703703,3.858024691358016e-05,-0.000370781399168481,0.000397844172895421,-0.0015999996075422923,-0.0018263262447673896,0.0019524962476076104,-0.0023477174413105107,0.011574074074074073,1.1574074074074075e-05,1.1574074074074075e-05,-0.0004756716001037314,0.02700617283950617,2.7006172839506174e-05,2.7006172839506174e-05,0.00010489020093525051,0.5015432098765432,0.5015432098765432
2010-03-23,-0.002465668914670522,-0.0025235392850408924,0.057870370370370364,5.787037037037037e-05,-0.0018313346657743168,-0.0006343342488962051,-0.15221270393126002,0.9953703703703703,5.7870370370370454e-05,-0.0025235392850408924,0.00155746499556101,0.0006725577372113606,-0.0012633700347466218,-0.00014131487269321912,-0.005386269032676949,0.030864197530864196,3.08641975308642e-05,3.08641975308642e-05,-0.001862198863305181,0.02700617283950617,2.7006172839506174e-05,2.7006172839506174e-05,-0.0006613404217357113,0.5015432098765432,0.5015432098765432
2010-03-24,-0.00046030671827463986,-0.0005143190639536522,0.05401234567901234,5.401234567901235e-05,-0.0006132464100832056,0.00015293969180856567,-0.0380112737852985,0.9953703703703703,5.401234567901236e-05,-0.0005143190639536522,-0.0006700962403941094,0.00043386987901179714,0.0017493431195364556,-0.0018187799499531899,-0.0009281141568457439,0.019290123456790122,1.9290123456790123e-05,1.9290123456790123e-05,-0.0006325365335399957,0.034722222222222224,3.472222222222222e-05,3.472222222222222e-05,0.00011821746958634344,0.5015432098765432,0.5015432098765432
2010-03-25,-0.0007730749204252906,-0.000834803315487019,0.06172839506172839,6.17283950617284e-05,-0.0050910394114533275,0.0043179644910280365,-0.050080630084976964,0.9930555555555556,6.172839506172838e-05,-0.000834803315487019,-0.007600679622866288,-0.010650169043839537,-0.01144190831224624,-0.01219336483695842,-0.009247473575110356,0.034722222222222224,3.472222222222222e-05,3.472222222222222e-05,-0.00512576163367555,0.02700617283950617,2.7006172839506174e-05,2.7006172839506174e-05,0.00429095831818853,0.5015432098765432,0.5015432098765432
2010-03-26,0.0018561374911414189,0.0017866930466969742,0.06944444444444445,6.944444444444444e-05,0.001910770627882058,-5.46331367406392e-05,0.09544747797301589,0.9930555555555556,6.944444444444467e-05,0.0017866930466969744,0.0002349653202838801,-0.00014607148422148586,0.001240175986533106,0.0015183506386629575,0.004999798480052585,0.034722222222222224,3.472222222222222e-05,3.472222222222222e-05,0.0018760484056598358,0.034722222222222224,3.472222222222222e-05,3.472222222222222e-05,-8.935535896286142e-05,0.5015432098765432,0.5015432098765432
2010-03-29,0.0011072106784989354,0.001035537352040226,0.07167332645870933,7.167332645870934e-05,-2.3951867549959045e-05,0.0011311625460488945,0.032467858157925536,0.9953596287703016,7.167332645870942e-05,0.001035537352040226,-0.0029926303321031827,-0.000747902221285283,0.0017805026490537344,0.00260834115989239,-0.0013761932886487466,0.043539285611984786,4.3539285611984785e-05,4.3539285611984785e-05,-6.749115316194383e-05,0.02813404084672455,2.8134040846724554e-05,2.8134040846724554e-05,0.0011030285052021698,0.4988399071925754,0.502706883217324
2010-03-30,0.0007361175107540852,0.0006781128703828554,0.058004640371229696,5.80046403712297e-05,0.002811309909760432,-0.0020751923990063466,0.01617054972847192,0.9953596287703016,5.800464037122974e-05,0.0006781128703828554,0.0028472649543770396,0.0067193651942381106,0.0033381719019340748,0.004885406318670693,0.0060108403600140446,0.030935808197989172,3.093580819798917e-05,3.093580819798917e-05,0.002780374101562443,0.027068832173240527,2.7068832173240526e-05,2.7068832173240526e-05,-0.002102261231179587,0.4988399071925754,0.502706883217324
2010-03-31,0.0009066009344302104,0.0008331283899599861,0.07347254447022429,7.347254447022428e-05,0.0010949737274044099,-0.00018837279297419942,0.09962519549565844,0.9953596287703016,7.347254447022432e-05,0.0008331283899599861,-0.0004022851502829434,0.001946790984598699,0.0016380669827495945,0.00048066506030247766,0.0030522280036485334,0.027068832173240527,2.7068832173240526e-05,2.7068832173240526e-05,0.0010679048952311693,0.04640371229698376,4.640371229698376e-05,4.640371229698376e-05,-0.0002347765052711832,0.4988399071925754,0.502706883217324
2010-04-01,-5.3299936195199196e-05,-0.00011763964558393172,0.06433970938873267,6.433970938873266e-05,-0.0007886647787949553,0.0007353648425997561,0.013508768996706402,0.988479262672811,6.433970938873252e-05,-0.00011763964558393186,-0.000518101257145208,-0.003365843577961917,-0.0047324520851077904,-0.005947995013171769,0.0006134422376409841,0.03598337022107698,3.598337022107698e-05,3.598337022107698e-05,-0.0008246481490160322,0.028356339167655686,2.8356339167655682e-05,2.8356339167655682e-05,0.0007070085034321004,0.5011520737327189,0.5011520737327189
2010-04-02,-0.0007263145949914776,-0.0007954390189546111,0.06912442396313365,6.912442396313364e-05,0.0013283432313157706,-0.002054657826307248,0.02330657822942109,0.988479262672811,6.912442396313353e-05,-0.0007954390189546112,0.006090551407290644,0.00011850403531313663,-0.0004946676492004234,-0.0002552899217931825,0.004103513667041725,0.03840245775729647,3.840245775729647e-05,3.840245775729647e-05,0.001289940773558474,0.030721966205837174,3.0721966205837174e-05,3.0721966205837174e-05,-0.002085379792513085,0.5011520737327189,0.5011520737327189
2010-04-05,-0.00022462401116012215,-0.0002822276977960668,0.0576036866359447,5.76036866359447e-05,-0.00037892423654510896,0.00015430022538498683,-0.0014999779616167359,0.988479262672811,5.760368663594467e-05,-0.0002822276977960668,-0.00039440758376287516,-0.00013485790581334336,0.0028664860520316426,0.002804261216588312,-0.00253629004733262,0.026881720430107527,2.6881720430107527e-05,2.6881720430107527e-05,-0.0004058059569752165,0.030721966205837174,3.0721966205837174e-05,3.0721966205837174e-05,0.00012357825917914966,0.5011520737327189,0.5011520737327189
2010-04-06,0.0007988153825939186,0.000741211695957974,0.0576036866359447,5.76036866359447e-05,-0.0020254424482600273,0.002824257830853946,0.007260811346879593,0.988479262672811,5.7603686635944646e-05,0.0007412116959579738,-0.0074749698372808225,-0.0019566520301364586,-0.002973486657126469,-0.004122537093716121,-0.004001090229313332,0.026881720430107527,2.6881720430107527e-05,2.6881720430107527e-05,-0.0020523241686901347,0.030721966205837174,3.0721966205837174e-05,3.0721966205837174e-05,0.002793535864648109,0.5011520737327189,0.5011520737327189
2010-04-07,-0.000840241300736317,-0.0009208864620266395,0.08064516129032258,8.064516129032258e-05,0.00037118597170065896,-0.001211427272436976,-0.0655508151921975,0.988479262672811,8.064516129032253e-05,-0.0009208864620266395,0.001584516950368319,0.004082820392196432,-0.0005447483473787937,-0.0012936730647478258,0.0017578345442227816,0.042242703533026116,4.2242703533026114e-05,4.2242703533026114e-05,0.00032894326816763285,0.03840245775729647,3.840245775729647e-05,3.840245775729647e-05,-0.0012498297301942723,0.5011520737327189,0.5011520737327189
2010-04-08,0.0015995252293470737,0.0015380812969353994,0.06144393241167435,6.144393241167435e-05,0.004754863527763234,-0.00315533829841616,0.10086405661280688,0.988479262672811,6.144393241167435e-05,0.0015380812969353994,0.006174031793213588,0.006540444296505425,0.0063549487966185715,0.007109872934963258,0.010676861953547636,0.030721966205837174,3.0721966205837174e-05,3.0721966205837174e-05,0.004724141561557397,0.030721966205837174,3.0721966205837174e-05,3.0721966205837174e-05,-0.003186060264621997,0.5011520737327189,0.5011520737327189
2010-04-09,0.001001389616401135,0.00094762617554092,0.053763440860215055,5.3763440860215054e-05,-0.000917865252754571,0.001919254869155706,0.05173698677605526,0.9861751152073732,5.3763440860215054e-05,0.00094762617554092,-0.004042074305907324,-0.0034049081221657167,-0.002443544087997437,-0.0023767697997478235,-0.00155888075319839,0.026881720430107527,2.6881720430107527e-05,2.6881720430107527e-05,-0.0009447469731846785,0.026881720430107527,2.6881720430107527e-05,2.6881720430107527e-05,0.0018923731487255984,0.5011520737327189,0.5011520737327189
2010-04-12,-8.367390116662205e-05,-0.00017583979978413357,0.09216589861751152,9.216589861751152e-05,0.0006451330499990353,-0.0007288069511656573,0.03712971569567249,0.9861751152073732,9.216589861751152e-05,-0.00017583979978413357,0.0017042884008955906,0.0009542123955315117,-0.0006686520258725925,0.0016081271422942113,0.001126886385401731,0.03840245775729647,3.840245775729647e-05,3.840245775729647e-05,0.0006067305922417388,0.053763440860215055,5.3763440860215054e-05,5.3763440860215054e-05,-0.0007825703920258724,0.5011520737327189,0.5011520737327189
2010-04-13,0.0010581551755288186,0.0009967112431171442,0.06144393241167435,6.144393241167435e-05,0.001355652473029225,-0.0002974972975004065,0.0994858217201186,0.988479262672811,6.144393241167435e-05,0.0009967112431171442,0.00011548559290239997,0.0015499091881976332,0.0011013871912981805,0.002939601447774712,0.0025878073678001173,0.030721966205837174,3.0721966205837174e-05,3.0721966205837174e-05,0.001324930506823388,0.030721966205837174,3.0721966205837174e-05,3.0721966205837174e-05,-0.0003282192637062437,0.5011520737327189,0.5011520737327189
2010-04-14,0.0009253313208875214,0.0008562068969243877,0.06912442396313365,6.912442396313364e-05,-0.0011776789408272869,0.002103010261714808,0.07469355248099,0.988479262672811,6.912442396313364e-05,0.0008562068969243877,-0.003864143507651104,-0.004860767516894024,-0.003374786292266754,-0.002446752781729784,-0.0023015385078871253,0.030721966205837174,3.0721966205837174e-05,3.0721966205837174e-05,-0.001208400907033124,0.03840245775729647,3.840245775729647e-05,3.840245775729647e-05,0.0020646078039575117,0.5011520737327189,0.5011520737327189
2010-04-15,-0.001396472793627279,-0.0014886386922447906,0.09216589861751152,9.216589861751152e-05,-0.0030173995133796487,0.0016209267197523696,-0.17461497424548936,0.988479262672811,9.216589861751152e-05,-0.0014886386922447906,-0.0029866564116880507,-0.003729889885210498,-0.005268222797989681,-0.006129219438123116,-0.005966779169260978,0.04608294930875576,4.608294930875576e-05,4.608294930875576e-05,-0.0030634824626884043,0.04608294930875576,4.608294930875576e-05,4.608294930875576e-05,0.0015748437704436139,0.5011520737327189,0.5011520737327189
2010-04-16,0.0013203846882085012,0.0012589407557968269,0.06144393241167435,6.144393241167435e-05,0.0047860113069394606,-0.003465626618730959,0.07800675742427536,0.988479262672811,6.144393241167435e-05,0.0012589407557968269,0.007135033763931903,0.006475890438056696,0.0069162407550679384,0.008166215311129038,0.010241919290723244,0.026881720430107527,2.6881720430107527e-05,2.6881720430107527e-05,0.004759129586509353,0.03456221198156682,3.456221198156682e-05,3.456221198156682e-05,-0.003500188830712526,0.5011520737327189,0.5011520737327189
2010-04-19,0.00010151962411911558,2.8554954380252285e-05,0.07296466973886329,7.296466973886329e-05,0.0008259672455559929,-0.0007244476214368775,0.02983632320732951,0.988479262672811,7.296466973886329e-05,2.8554954380252288e-05,0.0004760962425345834,0.003384500862566761,0.0052470615621954,0.005096564904658846,-7.607704149286462e-05,0.02304147465437788,2.304147465437788e-05,2.304147465437788e-05,0.000802925770901615,0.04992319508448541,4.992319508448541e-05,4.992319508448541e-05,-0.0007743708165213628,0.5011520737327189,0.5011520737327189
2010-04-20,0.0008018591112981038,0.0007442554246621592,0.0576036866359447,5.76036866359447e-05,-0.0003986559478422766,0.0012005150591403804,0.06673526430101087,0.988479262672811,5.7603686635944646e-05,0.000744255424662159,-0.0023260113195466875,-0.0025345088873469724,-0.0027186235712505433,-0.0047895132747514235,0.001201538145213311,0.03456221198156682,3.456221198156682e-05,3.456221198156682e-05,-0.0004332181598238434,0.02304147465437788,2.304147465437788e-05,2.304147465437788e-05,0.0011774735844860026,0.5011520737327189,0.5011520737327189
2010-04-21,0.002058209353587241,0.001985244683848378,0.07296466973886329,7.296466973886329e-05,0.004630988982711805,-0.002572779629124564,0.10262879915129426,0.988479262672811,7.296466973886334e-05,0.001985244683848378,0.006121098535839818,0.003158994087493614,0.003944978493026691,0.004807718962675999,0.01145716961174423,0.02304147465437788,2.304147465437788e-05,2.304147465437788e-05,0.004607947508057427,0.04992319508448541,4.992319508448541e-05,4.992319508448541e-05,-0.0026227028242090493,0.5011520737327189,0.5011520737327189
2010-04-22,0.0013861034537608337,0.0013284997671248887,0.0576036866359447,5.76036866359447e-05,0.004480134405248852,-0.0030940309514880184,0.05273921905089043,0.988479262672811,5.760368663594497e-05,0.001328499767124889,0.005520584119021543,0.0074803411818989834,0.009794662379609798,0.00737742295586467,0.009720794259157332,0.02304147465437788,2.304147465437788e-05,2.304147465437788e-05,0.004457092930594474,0.03456221198156682,3.456221198156682e-05,3.456221198156682e-05,-0.0031285931634695853,0.5011520737327189,0.5011520737327189
2010-04-23,0.0009986756464137212,0.0009218707308991284,0.07680491551459294,7.680491551459293e-05,-0.0018816308805077971,0.0028803065269215186,0.026532085606199927,0.988479262672811,7.680491551459283e-05,0.0009218707308991283,-0.005308938590855045,-0.00662423361393045,-0.004657446023075872,-0.0048001019808311726,-0.003231864886414648,0.04608294930875576,4.608294930875576e-05,4.608294930875576e-05,-0.0019277138298165529,0.030721966205837174,3.0721966205837174e-05,3.0721966205837174e-05,0.0028495845607156814,0.5011520737327189,0.5011520737327189
2010-04-26,-0.0013328210591627494,-0.0013981052373501534,0.065284178187404,6.5284178187404e-05,-0.0024808760121722197,0.0011480549530094705,-0.10227876882951867,0.988479262672811,6.528417818740394e-05,-0.0013981052373501534,-0.0015831491971963396,-0.003706196082932979,-0.0052473417818376155,-0.00713856293591574,-0.003856237078819671,0.03456221198156682,3.456221198156682e-05,3.456221198156682e-05,-0.0025154382241537867,0.030721966205837174,3.0721966205837174e-05,3.0721966205837174e-05,0.0011173329868036333,0.5011520737327189,0.5011520737327189
2010-04-27,8.145104414085939e-05,2.7687603280644415e-05,0.053763440860215055,5.3763440860215054e-05,0.004608574207982016,-0.004527123163841157,0.029546784447892903,0.988479262672811,5.376344086021497e-05,2.7687603280644334e-05,0.009856703450960643,0.007386889003003707,0.005997297225715775,0.01020488870794089,0.008691494999575727,0.019201228878648235,1.9201228878648233e-05,1.9201228878648233e-05,0.004589372979103367,0.03456221198156682,3.456221198156682e-05,3.456221198156682e-05,-0.004561685375822724,0.5011520737327189,0.5011520737327189
2010-04-28,0.0012242889543690016,0.001166685267733057,0.0576036866359447,5.76036866359447e-05,-0.0005469340245531931,0.0017712229789221949,0.03677431023660104,0.988479262672811,5.760368663594454e-05,0.0011666852677330568,-0.0036111487173826483,-0.0033806097769896347,2.4638080165172864e-05,0.0020306194001250017,-0.002652339814932058,0.019201228878648235,1.9201228878648233e-05,1.9201228878648233e-05,-0.0005661352534318414,0.03840245775729647,3.840245775729647e-05,3.840245775729647e-05,0.0017328205211648985,0.5011520737327189,0.5011520737327189
2010-04-30,-0.0027971808776858314,-0.002877826038976154,0.08064516129032258,8.064516129032258e-05,-0.005383764248057268,0.0025865833703714375,-0.1349986245009066,0.988479262672811,8.064516129032253e-05,-0.002877826038976154,-0.00452706057619358,-0.006429702057836341,-0.008341118508501569,-0.009915143183672393,-0.011156591743728319,0.030721966205837174,3.0721966205837174e-05,3.0721966205837174e-05,-0.005414486214263105,0.04992319508448541,4.992319508448541e-05,4.992319508448541e-05,0.002536660175286952,0.5011520737327189,0.5011520737327189
2010-05-06,-0.0029264987798049485,-0.003007143941095271,0.08064516129032258,8.064516129032258e-05,0.0035452223031569603,-0.006471721082961909,-0.10546916678192488,0.988479262672811,8.064516129032253e-05,-0.003007143941095271,0.01395528456348716,0.01083049225241145,0.004907457642644666,0.008676291593329003,0.006273071303819089,0.03840245775729647,3.840245775729647e-05,3.840245775729647e-05,0.003506819845399664,0.042242703533026116,4.2242703533026114e-05,4.2242703533026114e-05,-0.0065139637864949345,0.5011520737327189,0.5011520737327189
2010-05-07,0.001975591501557498,0.0019141475691458237,0.06144393241167435,6.144393241167435e-05,0.003507725875109393,-0.0015321343735518952,0.11686073109676674,0.988479262672811,6.144393241167413e-05,0.0019141475691458235,0.0018379157987218795,0.005495841755956551,0.0052943058702791925,0.008686152541746128,0.006155910141523327,0.03456221198156682,3.456221198156682e-05,3.456221198156682e-05,0.003473163663127826,0.026881720430107527,2.6881720430107527e-05,2.6881720430107527e-05,-0.0015590160939820028,0.5011520737327189,0.5011520737327189
2010-05-10,0.0001040702611440121,2.3425099853689628e-05,0.08064516129032258,8.064516129032258e-05,-0.0001313652809125028,0.00023543554205651495,0.014300174939166462,0.988479262672811,8.064516129032247e-05,2.3425099853689526e-05,-0.0008974196347629529,0.0003854734039738024,0.004059479387539994,0.00010542769644254608,-0.00044590372350421253,0.03840245775729647,3.840245775729647e-05,3.840245775729647e-05,-0.00016976773866979927,0.042242703533026116,4.2242703533026114e-05,4.2242703533026114e-05,0.00019319283852348883,0.5011520737327189,0.5011520737327189
2010-05-11,0.0009955252036662218,0.0009033593050487103,0.09216589861751152,9.216589861751152e-05,0.00274299340899038,-0.0017474682053241581,0.042594571262252204,0.988479262672811,9.216589861751152e-05,0.0009033593050487103,0.0021023048960136766,0.006256096430188987,0.0033818722980583815,0.0040372148476256016,0.0061914556072342666,0.03840245775729647,3.840245775729647e-05,3.840245775729647e-05,0.002704590951233084,0.053763440860215055,5.3763440860215054e-05,5.3763440860215054e-05,-0.0018012316461843733,0.5011520737327189,0.5011520737327189
2010-05-12,0.0011841778809801387,0.0011304144401199235,0.053763440860215055,5.3763440860215054e-05,-0.0027412795682792237,0.003925457449259363,0.028964819140867827,0.988479262672811,5.376344086021516e-05,0.0011304144401199237,-0.008674964533989422,-0.006148671386897892,-0.004627854162440174,-0.005518430581654761,-0.005445718037677331,0.019201228878648235,1.9201228878648233e-05,1.9201228878648233e-05,-0.002760480797157872,0.03456221198156682,3.456221198156682e-05,3.456221198156682e-05,0.0038908952372777956,0.5011520737327189,0.5011520737327189
2010-05-13,-0.0023853810654555874,-0.0024698664725216393,0.08448540706605223,8.448540706605223e-05,-0.0005311199289379005,-0.0018542611365176868,-0.06909017954442861,0.988479262672811,8.44854070660519e-05,-0.0024698664725216397,0.006331908276599888,-0.0015638257497697624,0.00036001477741122825,-0.0004884069445223332,-0.0013454934184908942,0.042242703533026116,4.2242703533026114e-05,4.2242703533026114e-05,-0.0005733626324709265,0.042242703533026116,4.2242703533026114e-05,4.2242703533026114e-05,-0.001896503840050713,0.5011520737327189,0.5011520737327189
2010-05-14,-0.004401482821670549,-0.004470607245633683,0.06912442396313365,6.912442396313364e-05,-0.0023759538173379374,-0.0020255290043326123,-0.25168852013016324,0.988479262672811,6.912442396313397e-05,-0.004470607245633683,0.0035219405795597412,0.005081354535781949,0.0035215737309293393,-0.0007458816009253587,-0.006738534763155698,0.030721966205837174,3.0721966205837174e-05,3.0721966205837174e-05,-0.0024066757835437746,0.03840245775729647,3.840245775729647e-05,3.840245775729647e-05,-0.0020639314620899086,0.5011520737327189,0.5011520737327189
2010-05-17,-0.0058394712324330595,-0.005923956639499112,0.08448540706605223,8.448540706605223e-05,-0.00788928701558705,0.0020498157831539904,-0.2885304654050579,0.988479262672811,8.448540706605234e-05,-0.005923956639499112,-0.0036638993660746437,-0.004942822645627704,-0.0076692573415490526,-0.007871558542589066,-0.01967767289949705,0.04608294930875576,4.608294930875576e-05,4.608294930875576e-05,-0.007935369964895807,0.03840245775729647,3.840245775729647e-05,3.840245775729647e-05,0.002011413325396694,0.5011520737327189,0.5011520737327189
2010-05-18,0.0007867547727642147,0.0006869083825952439,0.09984639016897082,9.984639016897081e-05,0.0036122522826831007,-0.002825497509918886,0.003888786718606323,0.988479262672811,9.984639016897081e-05,0.0006869083825952439,0.006904167157412217,0.003105678365241725,0.001819679179716405,0.004794561087637497,0.008414564219522394,0.0576036866359447,5.76036866359447e-05,5.76036866359447e-05,0.003554648596047156,0.042242703533026116,4.2242703533026114e-05,4.2242703533026114e-05,-0.002867740213451912,0.5011520737327189,0.5011520737327189
2010-05-19,0.0008835953915137746,0.0008144709675506409,0.06912442396313365,6.912442396313364e-05,-0.0018905885491673725,0.002774183940681147,0.02950361961446508,0.988479262672811,6.912442396313364e-05,0.0008144709675506409,-0.00570317684464599,-0.0052004853487165395,-0.0044549996044767485,-0.003443644889615216,-0.003936904660976114,0.03456221198156682,3.456221198156682e-05,3.456221198156682e-05,-0.0019251507611489393,0.03456221198156682,3.456221198156682e-05,3.456221198156682e-05,0.00273962172869958,0.5011520737327189,0.5011520737327189
2010-05-20,0.0002611012362880787,0.00016893533767056704,0.09216589861751152,9.216589861751152e-05,0.004312017904633844,-0.004050916668345766,-0.0056477536807899775,0.988479262672811,9.216589861751166e-05,0.00016893533767056717,0.010968155487293636,0.0023133143228204834,0.0030003080457718418,0.0047811466171087036,0.010515742350832465,0.04992319508448541,4.992319508448541e-05,4.992319508448541e-05,0.004262094709549359,0.042242703533026116,4.2242703533026114e-05,4.2242703533026114e-05,-0.0040931593718787915,0.5011520737327189,0.5011520737327189
2010-05-21,0.0016566918472552487,0.0015798869317406557,0.07680491551459294,7.680491551459293e-05,0.001007503160095129,0.0006491886871601197,0.08496845471416217,0.988479262672811,7.680491551459293e-05,0.0015798869317406557,-0.0011938818361398266,-0.0014984141239616146,-0.00034197705608296345,0.002383437199357585,0.001823842582950766,0.04608294930875576,4.608294930875576e-05,4.608294930875576e-05,0.0009614202107863733,0.030721966205837174,3.0721966205837174e-05,3.0721966205837174e-05,0.0006184667209542825,0.5011520737327189,0.5011520737327189
2010-05-24,-0.004106043880189167,-0.004155967075273653,0.04992319508448541,4.992319508448541e-05,-0.003962577853352871,-0.00014346602683629626,-0.21034861682546968,0.988479262672811,4.992319508448535e-05,-0.004155967075273653,0.0012370279731648954,-0.0016152386270614793,-0.0011163409007970337,-0.0030455289105968102,-0.010337640981633636,0.030721966205837174,3.0721966205837174e-05,3.0721966205837174e-05,-0.003993299819558708,0.019201228878648235,1.9201228878648233e-05,1.9201228878648233e-05,-0.0001626672557149445,0.5011520737327189,0.5011520737327189
2010-05-25,-0.002489546045273647,-0.0025471497319095914,0.0576036866359447,5.76036866359447e-05,-0.0035022169625457426,0.0010126709172720958,-0.13402680779338028,0.988479262672811,5.760368663594454e-05,-0.0025471497319095914,-0.0013228768584438234,-0.0034163039120239332,-0.003554327111381382,-0.0069776536800366315,-0.006993670827187561,0.02304147465437788,2.304147465437788e-05,2.304147465437788e-05,-0.0035252584372001206,0.03456221198156682,3.456221198156682e-05,3.456221198156682e-05,0.000978108705290529,0.5011520737327189,0.5011520737327189
2010-05-26,0.0023502321346821993,0.002296468693821984,0.053763440860215055,5.3763440860215054e-05,0.007800249504468339,-0.005450017369786141,0.09840472502937185,0.988479262672811,5.376344086021516e-05,0.002296468693821984,0.012740052842518211,0.007144825880304057,0.005832129920112318,0.01436371881395134,0.0161650942822606,0.02304147465437788,2.304147465437788e-05,2.304147465437788e-05,0.007777208029813961,0.030721966205837174,3.0721966205837174e-05,3.0721966205837174e-05,-0.005480739335991977,0.5011520737327189,0.5011520737327189
2010-05-27,0.0009151073099536678,0.0008575036233177231,0.0576036866359447,5.76036866359447e-05,-0.0025149695721227282,0.003430076882076396,0.03484481178460748,0.988479262672811,5.7603686635944755e-05,0.0008575036233177231,-0.007240659738470314,-0.0060518304102477275,-0.00626906457990213,-0.009530558900857501,-0.002762284648200657,0.030721966205837174,3.0721966205837174e-05,3.0721966205837174e-05,-0.0025456915383285654,0.026881720430107527,2.6881720430107527e-05,2.6881720430107527e-05,0.0034031951616462887,0.5011520737327189,0.5011520737327189
2010-05-28,0.0013596158953761719,0.0012789707340858493,0.08064516129032258,8.064516129032258e-05,0.0034812870594915137,-0.002121671164115342,0.0837016276485957,0.988479262672811,8.064516129032253e-05,0.0012789707340858493,0.004358172879988268,0.003984416794865649,0.008604738878756473,0.008939876276485037,0.005949914163959668,0.04608294930875576,4.608294930875576e-05,4.608294930875576e-05,0.0034352041101827577,0.03456221198156682,3.456221198156682e-05,3.456221198156682e-05,-0.002156233376096909,0.5011520737327189,0.5011520737327189
2010-05-31,0.0002514897199278512,0.00017084455863752862,0.08064516129032258,8.064516129032258e-05,-0.0030277367879005014,0.0032792265078283524,-0.019937897355849974,0.988479262672811,8.064516129032258e-05,0.00017084455863752862,-0.007506385640870716,-0.004617357054775879,-0.0034519942574080757,-0.006140457089361547,-0.0059921008756558996,0.03456221198156682,3.456221198156682e-05,3.456221198156682e-05,-0.0030622989998820684,0.04608294930875576,4.608294930875576e-05,4.608294930875576e-05,0.003233143558519597,0.5011520737327189,0.5011520737327189
2010-06-01,0.0008250489663640616,0.0007520842966251982,0.07296466973886329,7.296466973886329e-05,0.0049651260415184174,-0.004140077075154356,0.09358333472656447,0.988479262672811,7.296466973886334e-05,0.0007520842966251982,0.007893596559601984,0.008996164820340727,0.010008364132000793,0.0109203276250194,0.009400972063483354,0.03456221198156682,3.456221198156682e-05,3.456221198156682e-05,0.0049305638295368505,0.03840245775729647,3.840245775729647e-05,3.840245775729647e-05,-0.004178479532911652,0.5011520737327189,0.5011520737327189
2010-06-02,0.00026806113564051157,0.0002104574490045669,0.0576036866359447,5.76036866359447e-05,-0.0009945374782390002,0.0012625986138795119,-0.012372500353374076,0.988479262672811,5.760368663594467e-05,0.00021045744900456687,-0.00262334364385066,-0.002311489242280861,-0.002259681068849151,-0.003515824842139618,-0.0012188411344869227,0.026881720430107527,2.6881720430107527e-05,2.6881720430107527e-05,-0.0010214191986691078,0.030721966205837174,3.0721966205837174e-05,3.0721966205837174e-05,0.0012318766476736747,0.5011520737327189,0.5011520737327189
2010-06-03,0.0008933466279949568,0.000847263678686201,0.04608294930875576,4.608294930875576e-05,-0.0038285970455214625,0.004721943673516419,0.07979019459132478,0.988479262672811,4.608294930875576e-05,0.000847263678686201,-0.009989579609693166,-0.008287372564146439,-0.009551929639952019,-0.00720499529846318,-0.007856889369777477,0.030721966205837174,3.0721966205837174e-05,3.0721966205837174e-05,-0.0038593190117272996,0.015360983102918587,1.5360983102918587e-05,1.5360983102918587e-05,0.004706582690413501,0.5011520737327189,0.5011520737327189
2010-06-04,-3.582803357774542e-05,-9.727196598941973e-05,0.06144393241167435,6.144393241167435e-05,0.0031808733652895185,-0.003216701398867264,0.01087480222450881,0.988479262672811,6.144393241167432e-05,-9.727196598941976e-05,0.006633941562908381,0.005987956972230029,0.003612488980836796,0.006116567244575517,0.006462399415889146,0.026881720430107527,2.6881720430107527e-05,2.6881720430107527e-05,0.003153991644859411,0.03456221198156682,3.456221198156682e-05,3.456221198156682e-05,-0.003251263610848831,0.5011520737327189,0.5011520737327189
2010-06-07,0.0039844132345365265,0.003930649793676312,0.053763440860215055,5.3763440860215054e-05,0.0044045059976135495,-0.000420092763077023,0.21879509319196344,0.988479262672811,5.376344086021473e-05,0.003930649793676312,0.0009922438697412379,0.0005302744560406688,0.0028594376274475365,0.0059616141369114636,0.010202335020953099,0.02304147465437788,2.304147465437788e-05,2.304147465437788e-05,0.0043814645229591715,0.030721966205837174,3.0721966205837174e-05,3.0721966205837174e-05,-0.0004508147292828602,0.5011520737327189,0.5011520737327189
2010-06-08,-0.0009629609302842321,-0.001032085354247366,0.06912442396313365,6.912442396313364e-05,0.000791341653355273,-0.0017543025836395051,-0.06115833742436655,0.988479262672811,6.912442396313375e-05,-0.0010320853542473657,0.0037623528208395917,0.00297691258314213,0.005188268151166873,0.0038217879066585136,0.00045767347809273263,0.030721966205837174,3.0721966205837174e-05,3.0721966205837174e-05,0.0007606196871494358,0.03840245775729647,3.840245775729647e-05,3.840245775729647e-05,-0.0017927050413968017,0.5011520737327189,0.5011520737327189
2010-06-09,-8.167266771404012e-05,-0.0001392763543499847,0.0576036866359447,5.76036866359447e-05,0.004168073422235346,-0.004249746089949386,-0.018627297501455295,0.988479262672811,5.760368663594459e-05,-0.00013927635434998482,0.00893367773749294,0.007572503877262861,0.009287881628880699,0.0085785713732554,0.008186189246131887,0.02304147465437788,2.304147465437788e-05,2.304147465437788e-05,0.004145031947580968,0.03456221198156682,3.456221198156682e-05,3.456221198156682e-05,-0.004284308301930953,0.5011520737327189,0.5011520737327189
2010-06-10,-0.0003057028114335771,-0.0003709869896209811,0.065284178187404,6.5284178187404e-05,-0.0009512509562187931,0.0006455481447852161,-0.050646788551591854,0.988479262672811,6.5284178187404e-05,-0.0003709869896209811,-0.0012115854482113713,-0.0014412138599466892,-0.0025950317963664856,-0.003248831403726814,-0.001222776815370774,0.02304147465437788,2.304147465437788e-05,2.304147465437788e-05,-0.000974292430873171,0.042242703533026116,4.2242703533026114e-05,4.2242703533026114e-05,0.0006033054412521899,0.5011520737327189,0.5011520737327189
2010-06-11,0.0018483432796720617,0.0017868993472603873,0.06144393241167435,6.144393241167435e-05,-0.00017069388739179424,0.002019037167063856,0.13022131096462763,0.988479262672811,6.144393241167435e-05,0.0017868993472603873,-0.004389765198879315,-0.0033068438161132784,-0.0034070162745195726,-0.003648356279047304,0.001313273676571661,0.02304147465437788,2.304147465437788e-05,2.304147465437788e-05,-0.00019373536204617212,0.03840245775729647,3.840245775729647e-05,3.840245775729647e-05,0.0019806347093065594,0.5011520737327189,0.5011520737327189
2010-06-14,-1.447135582670028e-05,-8.950181294836989e-05,0.07503045712166953,7.503045712166953e-05,0.00047072507801267257,-0.0004851964338393728,0.0028845963860091224,0.9862068965517241,7.503045712166961e-05,-8.95018129483698e-05,0.000508625174749112,0.0018939282535380133,-0.00014107811259072843,0.0010406697840494208,0.0008918403420133073,0.03944859367551245,3.944859367551244e-05,3.944859367551244e-05,0.00043127648433716014,0.035581863446157075,3.558186344615708e-05,3.558186344615708e-05,-0.0005207782972855299,0.5,0.5
2010-06-15,-0.002283951244325183,-0.0023490853439420414,0.06513409961685825,6.513409961685825e-05,-0.005294925971465283,0.0030109747271400995,-0.14845434938892882,0.9862068965517241,6.513409961685828e-05,-0.0023490853439420414,-0.006878033197442726,-0.004309781967955145,-0.004709591383868916,-0.007622164647836842,-0.012073695590477428,0.02681992337164751,2.6819923371647513e-05,2.6819923371647513e-05,-0.00532174589483693,0.03831417624521073,3.831417624521073e-05,3.831417624521073e-05,0.0029726605508948885,0.5,0.5
2010-06-16,-0.0024129165329724255,-0.0024550621268421575,0.0421455938697318,4.21455938697318e-05,-0.00029771803543548694,-0.0021151984975369387,-0.1476684150450723,0.9862068965517241,4.214559386973198e-05,-0.0024550621268421575,0.005268999943757183,0.002153191097707264,0.0024420894034037624,0.0011751121366406399,-0.0014807101746267812,0.011494252873563218,1.149425287356322e-05,1.149425287356322e-05,-0.00030921228830905014,0.030651340996168584,3.065134099616859e-05,3.065134099616859e-05,-0.002145849838533107,0.5,0.5
2010-06-17,0.0007938479049128654,0.0007133881347979228,0.08045977011494253,8.045977011494254e-05,0.0029044850021579336,-0.002110637097245068,0.06404126193302459,0.9862068965517241,8.045977011494258e-05,0.0007133881347979228,0.003178361770046075,0.0063070990433782585,0.005412093297755034,0.006809629575750502,0.00530864021859855,0.034482758620689655,3.448275862068966e-05,3.448275862068966e-05,0.002870002243537244,0.04597701149425287,4.597701149425288e-05,4.597701149425288e-05,-0.002156614108739321,0.5,0.5
2010-06-18,-0.0002260264470309885,-0.0002873291290233257,0.06130268199233717,6.130268199233717e-05,-0.0029075856199058886,0.0026815591728749,-0.031144035273572332,0.9862068965517241,6.130268199233717e-05,-0.0002873291290233257,-0.005048464385150873,-0.005992426266947654,-0.006700139398734033,-0.008224822294555206,-0.004610345712440061,0.030651340996168584,3.065134099616859e-05,3.065134099616859e-05,-0.002938236960902057,0.030651340996168584,3.065134099616859e-05,3.065134099616859e-05,0.002650907831878732,0.5,0.5
2010-06-21,-0.002767474754853239,-0.002813451766347492,0.04597701149425287,4.597701149425288e-05,-0.0018647344485739816,-0.0009027403062792578,-0.19926543788747658,0.9862068965517241,4.597701149425303e-05,-0.002813451766347492,0.0015790823685271464,0.0022582771006212535,0.0013808343920908583,-0.0023269082026118743,-0.004430749244416007,0.02681992337164751,2.6819923371647513e-05,2.6819923371647513e-05,-0.0018915543719456292,0.019157088122605366,1.9157088122605367e-05,1.9157088122605367e-05,-0.0009218973944018631,0.5,0.5
2010-06-22,0.0016071856767153722,0.0015535458299720773,0.05363984674329502,5.363984674329503e-05,0.0028396067707640808,-0.0012324210940487083,0.10690941312545311,0.9862068965517241,5.363984674329491e-05,0.001553545829972077,0.003130815897377597,0.0011328947695370562,0.0020023874087930636,0.006508715490070539,0.005264462567256972,0.019157088122605366,1.9157088122605367e-05,1.9157088122605367e-05,0.0028204496826414755,0.034482758620689655,3.448275862068966e-05,3.448275862068966e-05,-0.001266903852669398,0.5,0.5
2010-06-23,0.001157807958390964,0.0011041681116476692,0.05363984674329502,5.363984674329503e-05,2.871492482353911e-05,0.0011290930335674252,0.07963136624297242,0.9862068965517241,5.363984674329491e-05,0.001104168111647669,-0.0024165494352766884,-0.0019414593308511726,0.0009226588859560243,-0.001067969909852132,0.0006201297293966833,0.030651340996168584,3.065134099616859e-05,3.065134099616859e-05,-1.9364161726294764e-06,0.022988505747126436,2.298850574712644e-05,2.298850574712644e-05,0.0011061045278202987,0.5,0.5
2010-06-24,-0.0014956230280260732,-0.0015569257100184104,0.06130268199233717,6.130268199233717e-05,0.0008664299673955577,-0.002362052995421631,-0.07106101896364883,0.9862068965517241,6.130268199233723e-05,-0.0015569257100184104,0.004683104900160865,0.004806108172208056,0.006404474924676851,0.006056037047287784,-0.00042872862145721904,0.02681992337164751,2.6819923371647513e-05,2.6819923371647513e-05,0.0008396100440239101,0.034482758620689655,3.448275862068966e-05,3.448275862068966e-05,-0.0023965357540423208,0.5,0.5
2010-06-25,-0.002711654433602263,-0.0027729571155946002,0.06130268199233717,6.130268199233717e-05,-0.002018923230348984,-0.000692731203253279,-0.18734449640774353,0.9862068965517241,6.130268199233723e-05,-0.0027729571155946002,0.00045384148887865904,0.003248704241762356,0.002385589034886501,0.0009097152447401722,-0.006511627313417038,0.034482758620689655,3.448275862068966e-05,3.448275862068966e-05,-0.002053405988969674,0.02681992337164751,2.6819923371647513e-05,2.6819923371647513e-05,-0.0007195511266249266,0.5,0.5
2010-06-28,0.00045150168066513524,0.000386367581048277,0.06513409961685825,6.513409961685825e-05,-0.0035819646411865257,0.004033466321851661,0.044297606327599805,0.9862068965517241,6.513409961685822e-05,0.00038636758104827697,-0.00804336600151692,-0.008114065928076121,-0.007326842317175789,-0.003954257035380141,-0.008768765405869506,0.034482758620689655,3.448275862068966e-05,3.448275862068966e-05,-0.003616447399807215,0.030651340996168584,3.065134099616859e-05,3.065134099616859e-05,0.004002814980855493,0.5,0.5
2010-06-29,0.001243572420495701,0.0011669440680052796,0.07662835249042146,7.662835249042147e-05,0.0028976267072610335,-0.0016540542867653325,0.0688090001717474,0.9862068965517241,7.662835249042143e-05,0.0011669440680052796,0.002658752986835437,0.004606819746921119,0.00069108170723813,-0.0003958074491263832,0.008890783846346291,0.030651340996168584,3.065134099616859e-05,3.065134099616859e-05,0.002866975366264865,0.04597701149425287,4.597701149425288e-05,4.597701149425288e-05,-0.0017000312982595853,0.5,0.5
2010-06-30,-0.0006926448095330689,-0.0007577789091499272,0.06513409961685825,6.513409961685825e-05,0.001517050129192386,-0.002209694938725455,-0.04371336118782326,0.9862068965517241,6.513409961685828e-05,-0.0007577789091499272,0.0045551594290540644,0.0041478507742446005,0.0029285616242023843,0.004629887319488743,0.002236206727832787,0.034482758620689655,3.448275862068966e-05,3.448275862068966e-05,0.0014825673705716963,0.030651340996168584,3.065134099616859e-05,3.065134099616859e-05,-0.0022403462797216233,0.5,0.5
2010-07-01,0.002625566943980225,0.002552770009114324,0.07279693486590039,7.279693486590039e-05,0.003934965059433827,-0.001309398115453602,0.17887932541268772,0.9862068965517241,7.279693486590081e-05,0.0025527700091143245,0.003535352309022071,0.0007856840746774701,0.004446521281910247,0.0006586942648788282,0.011475548045862064,0.030651340996168584,3.065134099616859e-05,3.065134099616859e-05,0.0039043137184376587,0.0421455938697318,4.21455938697318e-05,4.21455938697318e-05,-0.0013515437093233338,0.5,0.5
2010-07-02,0.0017443169457897186,0.0016791828461728603,0.06513409961685825,6.513409961685825e-05,0.0007630405875674008,0.0009812763582223178,0.09187285220756206,0.9862068965517241,6.513409961685828e-05,0.0016791828461728603,-0.0018602249978373646,-0.002167208153659177,1.4826361600765061e-05,0.0003463377469475944,0.002115952889228405,0.030651340996168584,3.065134099616859e-05,3.065134099616859e-05,0.0007323892465712321,0.034482758620689655,3.448275862068966e-05,3.448275862068966e-05,0.0009467935996016281,0.5,0.5
2010-07-05,-0.0014338802551516281,-0.0015181714428910919,0.0842911877394636,8.42911877394636e-05,0.002046329998356545,-0.0034802102535081733,-0.10796254386778185,0.9862068965517241,8.429118773946374e-05,-0.0015181714428910917,0.007441602165340519,0.005998057190367999,0.004299547175951998,0.0032823461756900634,0.004497816907224604,0.030651340996168584,3.065134099616859e-05,3.065134099616859e-05,0.0020156786573603766,0.05363984674329502,5.363984674329503e-05,5.363984674329503e-05,-0.0035338501002514684,0.5,0.5
2010-07-06,-0.002501019835367267,-0.0025814796054822093,0.08045977011494253,8.045977011494254e-05,0.004327727927181232,-0.006828747762548499,-0.179030250340835,0.9862068965517241,8.045977011494248e-05,-0.0025814796054822093,0.014511623813802207,0.011949238947686578,0.008959450636049249,0.01122726731278119,0.0073695501251531004,0.0421455938697318,4.21455938697318e-05,4.21455938697318e-05,0.0042855823333115,0.03831417624521073,3.831417624521073e-05,3.831417624521073e-05,-0.006867061938793709,0.5,0.5
2010-07-07,-0.003017644760949715,-0.003059790354819447,0.0421455938697318,4.21455938697318e-05,-0.006312254310875061,0.0032946095499253457,-0.1863947180834814,0.9862068965517241,4.214559386973198e-05,-0.003059790354819447,-0.006718274615843176,-0.006331108067865721,-0.0059760843805266965,-0.007822947762959059,-0.015025289051145653,0.019157088122605366,1.9157088122605367e-05,1.9157088122605367e-05,-0.006331411398997666,0.022988505747126436,2.298850574712644e-05,2.298850574712644e-05,0.0032716210441782194,0.5,0.5
2010-07-08,0.0009346841309476944,0.0008695500313308362,0.06513409961685825,6.513409961685825e-05,-0.0005840156981632591,0.0015186998291109536,0.08746243975541955,0.9862068965517241,6.513409961685817e-05,0.0008695500313308361,-0.0031726001256883745,-0.002766998723288971,-0.00504744025007162,9.913380401989908e-05,-0.0018016139964997268,0.034482758620689655,3.448275862068966e-05,3.448275862068966e-05,-0.0006184984567839488,0.030651340996168584,3.065134099616859e-05,3.065134099616859e-05,0.001488048488114785,0.5,0.5
2010-07-09,-0.0011638240681967203,-0.0012289581678135786,0.06513409961685825,6.513409961685825e-05,0.000596418458579236,-0.0017602425267759564,-0.11529798174005955,0.9862068965517241,6.513409961685828e-05,-0.0012289581678135786,0.004842994811361564,0.0008754655379326099,-0.0017431651900487672,0.0012059234459777138,0.0011862936527488512,0.02681992337164751,2.6819923371647513e-05,2.6819923371647513e-05,0.0005695985352075885,0.03831417624521073,3.831417624521073e-05,3.831417624521073e-05,-0.001798556703021167,0.5,0.5
2010-07-12,-0.00217100038813881,-0.0022476287406292313,0.07662835249042146,7.662835249042147e-05,0.0022909501453855464,-0.004461950533524357,-0.1131225653286075,0.9862068965517241,7.662835249042143e-05,-0.0022476287406292313,0.009394514177210312,0.007982674846725513,0.002290148543873749,0.004505040964647557,0.00462032995383286,0.03831417624521073,3.831417624521073e-05,3.831417624521073e-05,0.0022526359691403355,0.03831417624521073,3.831417624521073e-05,3.831417624521073e-05,-0.004500264709769567,0.5,0.5
2010-07-13,0.000961161461514145,0.0008960273618972866,0.06513409961685825,6.513409961685825e-05,-0.003702284956606209,0.004663446418120354,0.07896398320219229,0.9862068965517241,6.513409961685839e-05,0.0008960273618972867,-0.00933559675496218,-0.009309484998797761,-0.007497127672245021,-0.007741594716598778,-0.007236057511519237,0.0421455938697318,4.21455938697318e-05,4.21455938697318e-05,-0.003744430550475941,0.022988505747126436,2.298850574712644e-05,2.298850574712644e-05,0.004640457912373228,0.5,0.5
2010-07-14,-0.0009765203328420509,-0.0010416544324589093,0.06513409961685825,6.513409961685825e-05,0.0018952474066884137,-0.0028717677395304645,-0.04398861299535066,0.9862068965517241,6.513409961685839e-05,-0.0010416544324589091,0.006565318950996552,0.004099968535189683,0.0026974156516171295,0.003174120896593286,0.004098681771768598,0.022988505747126436,2.298850574712644e-05,2.298850574712644e-05,0.0018722589009412872,0.0421455938697318,4.21455938697318e-05,4.21455938697318e-05,-0.0029139133334001965,0.5,0.5
2010-07-15,0.0021748578176921116,0.0021097237180752533,0.06513409961685825,6.513409961685825e-05,-0.0008913320458985601,0.0030661898635906716,0.10330484555652997,0.9862068965517241,6.513409961685828e-05,0.0021097237180752533,-0.007289114764073738,-0.003818909653396554,0.00044976775465928304,-0.0032535745917235616,-0.0010472088418338995,0.030651340996168584,3.065134099616859e-05,3.065134099616859e-05,-0.0009219833868947287,0.034482758620689655,3.448275862068966e-05,3.448275862068966e-05,0.003031707104969982,0.5,0.5
2010-07-16,0.001395517813717221,0.0013227208788513204,0.07279693486590039,7.279693486590039e-05,0.007038166777848471,-0.00564264896413125,0.09564703933319452,0.9862068965517241,7.279693486590059e-05,0.0013227208788513206,0.010326052389450495,0.01320378900588651,0.013002672379031258,0.013606387289105883,0.014311306688992468,0.034482758620689655,3.448275862068966e-05,3.448275862068966e-05,0.007003684019227781,0.03831417624521073,3.831417624521073e-05,3.831417624521073e-05,-0.00568096314037646,0.5,0.5
2010-07-20,-0.003138297828744035,-0.0032110947636099355,0.07279693486590039,7.279693486590039e-05,-0.005450285164209339,0.0023119873354653037,-0.20740018512241942,0.9862068965517241,7.279693486590038e-05,-0.0032110947636099355,-0.004729761889040171,-0.004412400234711478,-0.003489826790350741,-0.008687769265532002,-0.012006970859862014,0.03831417624521073,3.831417624521073e-05,3.831417624521073e-05,-0.005488599340454549,0.034482758620689655,3.448275862068966e-05,3.448275862068966e-05,0.0022775045768446142,0.5,0.5
2010-07-21,-0.001670245872290673,-0.0017315485542830102,0.06130268199233717,6.130268199233717e-05,0.003709459528285977,-0.00537970540057665,-0.12110562769115257,0.9862068965517241,6.130268199233723e-05,-0.0017315485542830102,0.010839980687560662,0.010598271028338574,0.009307184740292459,0.007363403108453958,0.007446677030630952,0.034482758620689655,3.448275862068966e-05,3.448275862068966e-05,0.003674976769665287,0.02681992337164751,2.6819923371647513e-05,2.6819923371647513e-05,-0.005406525323948298,0.5,0.5
2010-07-22,-0.0016480823741763426,-0.0017170478914177222,0.06896551724137931,6.896551724137933e-05,-0.004064558533967849,0.0024164761597915063,-0.108013634901945,0.9839080459770115,6.896551724137954e-05,-0.001717047891417722,-0.005153287737327381,-0.004192281484094274,-0.007179279287841643,-0.00794496116770442,-0.008221195018051335,0.03831417624521073,3.831417624521073e-05,3.831417624521073e-05,-0.00410287271021306,0.030651340996168584,3.065134099616859e-05,3.065134099616859e-05,0.002385824818795338,0.5,0.5
2010-07-23,-0.000790367001526027,-0.0008555011011428852,0.06513409961685825,6.513409961685825e-05,-0.0010074023757334894,0.0002170353742074625,-0.028124931602792794,0.9839080459770115,6.513409961685828e-05,-0.0008555011011428852,0.0006009102575290885,-0.002504032760302951,-0.0031618495084877003,-0.0031514467194068644,-0.0014464837674970357,0.02681992337164751,2.6819923371647513e-05,2.6819923371647513e-05,-0.001034222299105137,0.03831417624521073,3.831417624521073e-05,3.831417624521073e-05,0.00017872119796225175,0.5,0.5
2010-07-26,-0.0031526390810668347,-0.003229267433557256,0.07662835249042146,7.662835249042147e-05,-0.0011486731906277666,-0.002003965890439068,-0.16890870485741166,0.9862068965517241,7.662835249042143e-05,-0.003229267433557256,0.004201319927174415,0.0036211554882855782,0.004305791031255066,0.0019136905361007036,-0.0044028648399336515,0.0421455938697318,4.21455938697318e-05,4.21455938697318e-05,-0.0011908187844974984,0.034482758620689655,3.448275862068966e-05,3.448275862068966e-05,-0.0020384486490597573,0.5,0.5
2010-07-27,0.0006904113615113607,0.000602288756147376,0.08812260536398468,8.812260536398468e-05,-0.0041906310558355395,0.0048810424173469005,-0.02845550450418957,0.9862068965517241,8.812260536398468e-05,0.000602288756147376,-0.009445575095222737,-0.010395104313635927,-0.010309785062771925,-0.012535456695446662,-0.006304164819783289,0.04597701149425287,4.597701149425288e-05,4.597701149425288e-05,-0.004236608067329792,0.0421455938697318,4.21455938697318e-05,4.21455938697318e-05,0.004838896823477169,0.5,0.5
2010-07-28,0.002773301740034487,0.0026851791346705024,0.08812260536398468,8.812260536398468e-05,0.0024340989779925277,0.0003392027620419592,0.12983176354182657,0.9862068965517241,8.812260536398457e-05,0.0026851791346705024,-0.00042369764502884995,-0.0011878212821940552,0.00015335437530791446,0.0008464264714859076,0.006879083698234629,0.04597701149425287,4.597701149425288e-05,4.597701149425288e-05,0.0023881219664982746,0.0421455938697318,4.21455938697318e-05,4.21455938697318e-05,0.0002970571681722274,0.5,0.5
2010-07-29,-0.0008770916226483251,-0.0009575513927632677,0.08045977011494253,8.045977011494254e-05,-0.0010135222013488146,0.00013643057870048957,-0.07510200845576975,0.9839080459770115,8.045977011494258e-05,-0.0009575513927632677,-0.0003562279990572931,-0.00010612747408835093,-0.00022082220653921823,-0.0016780298133271653,-0.0022015516973828615,0.0421455938697318,4.21455938697318e-05,4.21455938697318e-05,-0.0010556677952185463,0.03831417624521073,3.831417624521073e-05,3.831417624521073e-05,9.811640245527883e-05,0.5,0.5
2010-07-30,-0.00039877628737055817,-0.00047157322223645854,0.07279693486590039,7.279693486590039e-05,0.0006550689736385397,-0.0010538452610090979,-0.004504611368407906,0.9839080459770115,7.279693486590038e-05,-0.00047157322223645854,0.0018125215665422147,0.0026980284329701566,0.004555706493375806,-0.00030534377329633394,0.002117878807563786,0.02681992337164751,2.6819923371647513e-05,2.6819923371647513e-05,0.0006282490502668921,0.04597701149425287,4.597701149425288e-05,4.597701149425288e-05,-0.0010998222725033507,0.5,0.5
2010-08-02,-0.0003007556554469597,-0.0004042039313090286,0.10344827586206898,0.00010344827586206898,-0.0035890699559727288,0.003288314300525769,-0.02665382867512839,0.9862068965517241,0.00010344827586206888,-0.0004042039313090287,-0.0067558729899636315,-0.006218139823227352,-0.005235069404780482,-0.007866676495264738,-0.006833871620285815,0.03831417624521073,3.831417624521073e-05,3.831417624521073e-05,-0.0036273841322179397,0.06513409961685825,6.513409961685825e-05,6.513409961685825e-05,0.0032231802009089106,0.5,0.5
2010-08-03,0.0002469844338019166,0.0001588618284379319,0.08812260536398468,8.812260536398468e-05,0.0033013667984673266,-0.00305438236466541,-0.008711240943364396,0.9862068965517241,8.812260536398468e-05,0.0001588618284379319,0.006270485375779244,0.005785323436433972,0.0061189757242130875,0.006045552011597004,0.0068813243896034765,0.03831417624521073,3.831417624521073e-05,3.831417624521073e-05,0.0032630526222221156,0.04980842911877395,4.980842911877396e-05,4.980842911877396e-05,-0.003104190793784184,0.5,0.5
2010-08-04,0.0008470167977693886,0.0007550627747808826,0.09195402298850575,9.195402298850576e-05,-0.002831997660051154,0.0036790144578205427,0.017097225747519162,0.9862068965517241,9.195402298850595e-05,0.0007550627747808828,-0.006044819573209506,-0.009984447600504242,-0.0059978931748702145,-0.005503678380921621,-0.005744153789692652,0.0421455938697318,4.21455938697318e-05,4.21455938697318e-05,-0.002874143253920886,0.04980842911877395,4.980842911877396e-05,4.980842911877396e-05,0.0036292060287017687,0.5,0.5
2010-08-05,-0.002360612185355869,-0.0024372405378462903,0.07662835249042146,7.662835249042147e-05,-0.0017822138779088502,-0.0005783983074470188,-0.073093355681172,0.9885057471264368,7.662835249042143e-05,-0.0024372405378462903,0.0027981343381991305,-0.0021258788317161485,0.0016164292993488924,-0.0011490123304887172,-0.004772135468482192,0.04597701149425287,4.597701149425288e-05,4.597701149425288e-05,-0.001828190889403103,0.030651340996168584,3.065134099616859e-05,3.065134099616859e-05,-0.0006090496484431875,0.5,0.5
2010-08-06,0.0001953608082606807,0.00012639529101930142,0.06896551724137931,6.896551724137933e-05,0.0030781867832156327,-0.002882825974954952,0.029776935415526038,0.9885057471264368,6.896551724137927e-05,0.00012639529101930136,0.00608974776864097,0.005117460312447771,0.005963524450819921,0.004917310449690328,0.006775905124801733,0.030651340996168584,3.065134099616859e-05,3.065134099616859e-05,0.0030475354422194643,0.03831417624521073,3.831417624521073e-05,3.831417624521073e-05,-0.002921140151200163,0.5,0.5
2010-08-09,-0.003114414182840562,-0.003194873952955505,0.08045977011494253,8.045977011494254e-05,-0.00455660564948773,0.001442191466647168,-0.16428174426339862,0.9885057471264368,8.045977011494291e-05,-0.0031948739529555044,-0.0019222264014527746,-0.004808695996977458,-0.005639991167522382,-0.004589035987528485,-0.011375298954698946,0.030651340996168584,3.065134099616859e-05,3.065134099616859e-05,-0.0045872569904838985,0.04980842911877395,4.980842911877396e-05,4.980842911877396e-05,0.001392383037528394,0.5,0.5
2010-08-10,2.6648422407210677e-05,-5.3811347707731846e-05,0.08045977011494253,8.045977011494254e-05,-0.0015739677746238105,0.0016006161970310213,0.02053679337443434,0.9885057471264368,8.045977011494253e-05,-5.3811347707731867e-05,-0.0034206476529626707,-0.0027624018762607856,-0.0024439911190840664,-0.0030074935946516755,-0.0032181565265455934,0.0421455938697318,4.21455938697318e-05,4.21455938697318e-05,-0.0016161133684935423,0.03831417624521073,3.831417624521073e-05,3.831417624521073e-05,0.0015623020207858106,0.5,0.5
2010-08-11,0.0011295997932121203,0.0010338143525990935,0.09578544061302682,9.578544061302684e-05,0.0040792506072469285,-0.0029496508140348077,0.04854791245553669,0.9885057471264368,9.578544061302689e-05,0.0010338143525990935,0.004891558904501166,0.007914787075206514,0.00793381507737976,0.00867250509771686,0.007901499272882353,0.06130268199233717,6.130268199233717e-05,6.130268199233717e-05,0.004017947925254592,0.034482758620689655,3.448275862068966e-05,3.448275862068966e-05,-0.0029841335726554976,0.5,0.5
2010-08-12,-0.0008475689684487306,-0.0009280287385636731,0.08045977011494253,8.045977011494254e-05,-0.0009887929938540343,0.00014122402540530374,-0.06099684592103521,0.9885057471264368,8.045977011494248e-05,-0.0009280287385636732,0.0007588766743335569,-0.0023650975010989367,-0.0011493530994792168,-0.0010729556656432651,-0.0024299011487404704,0.04597701149425287,4.597701149425288e-05,4.597701149425288e-05,-0.001034770005348287,0.034482758620689655,3.448275862068966e-05,3.448275862068966e-05,0.00010674126678461408,0.5,0.5
2010-08-13,0.002061277978676305,0.0019616611204387575,0.0996168582375479,9.961685823754791e-05,0.000614659837618881,0.0014466181410574242,0.1580976515525698,0.9885057471264368,9.961685823754772e-05,0.0019616611204387575,-0.003305072102188309,-0.002069564641967927,-0.0007698000385567608,0.001923341931363501,0.0008823085471748924,0.0421455938697318,4.21455938697318e-05,4.21455938697318e-05,0.0005725142437491492,0.0574712643678161,5.7471264367816097e-05,5.7471264367816097e-05,0.001389146876689608,0.5,0.5
2010-08-16,0.0013760581596188553,0.0012879355542548705,0.08812260536398468,8.812260536398468e-05,0.002654281703457907,-0.0012782235438390517,0.10740478428386484,0.9885057471264368,8.812260536398479e-05,0.0012879355542548708,0.0021525253606598346,0.0033642905417146404,0.005433248762318728,0.004573914411092888,0.005675887904827277,0.04597701149425287,4.597701149425288e-05,4.597701149425288e-05,0.002608304691963654,0.0421455938697318,4.21455938697318e-05,4.21455938697318e-05,-0.0013203691377087835,0.5,0.5
2010-08-17,0.00016633256374031617,7.820995837633142e-05,0.08812260536398468,8.812260536398468e-05,-0.0029112335451272715,0.0030775661088675876,0.056381680155489035,0.9885057471264368,8.812260536398475e-05,7.820995837633148e-05,-0.005706192682105836,-0.007053011288993854,-0.003271063834938842,-0.004921812095840422,-0.006272794587461604,0.0421455938697318,4.21455938697318e-05,4.21455938697318e-05,-0.0029533791389970035,0.04597701149425287,4.597701149425288e-05,4.597701149425288e-05,0.0030315890973733346,0.5,0.5
2010-08-18,-0.0021186632101587092,-0.0021876287274000886,0.06896551724137931,6.896551724137933e-05,-0.0038294787789334307,0.0017108155687747212,-0.16547134415082926,0.9954022988505747,6.896551724137933e-05,-0.0021876287274000886,-0.002669654366356498,-0.004925584679935331,-0.006987009004136279,-0.006753360168127464,-0.008111756252736559,0.0421455938697318,4.21455938697318e-05,4.21455938697318e-05,-0.0038716243728031626,0.02681992337164751,2.6819923371647513e-05,2.6819923371647513e-05,0.0016839956454030736,0.5,0.5
2010-08-19,-7.932877238092182e-05,-0.00013680003674873794,0.0574712643678161,5.7471264367816097e-05,0.002053728770026505,-0.002133057542407427,-0.01617079610260843,0.9954022988505747,5.7471264367816124e-05,-0.00013680003674873791,0.0044405368030472885,0.003917271648349984,0.003304271645220826,0.0038618984954989577,0.004230237062330036,0.022988505747126436,2.298850574712644e-05,2.298850574712644e-05,0.002030740264279379,0.034482758620689655,3.448275862068966e-05,3.448275862068966e-05,-0.0021675403010281164,0.5,0.5
2010-08-20,0.0005100622113637666,0.00044492811174690826,0.06513409961685825,6.513409961685825e-05,-0.001092670663999397,0.0016027328753631636,0.06321559802575068,0.9954022988505747,6.513409961685833e-05,0.0004449281117469083,-0.0035583491011059354,-0.0024996990499671096,-0.0027680812720920663,-0.0013454597503412807,-0.0026052821168275507,0.030651340996168584,3.065134099616859e-05,3.065134099616859e-05,-0.0011233220049955655,0.034482758620689655,3.448275862068966e-05,3.448275862068966e-05,0.001568250116742474,0.5,0.5
2010-08-23,0.0014931184679546512,0.0014203215330887509,0.07279693486590039,7.279693486590039e-05,0.0005084715857352891,0.0009846468822193623,0.07439272787947632,0.993103448275862,7.279693486590038e-05,0.0014203215330887509,-0.0033295118870950683,0.0007511424808739633,0.00019727175727017677,0.0008597462395700512,0.0010955416374208416,0.022988505747126436,2.298850574712644e-05,2.298850574712644e-05,0.0004854830799881626,0.04980842911877395,4.980842911877396e-05,4.980842911877396e-05,0.0009348384531005883,0.5,0.5
2010-08-24,-0.002435431013052102,-0.0025082279479180024,0.07279693486590039,7.279693486590039e-05,0.003923725283746341,-0.006359156296798443,-0.1305846139099199,0.993103448275862,7.279693486590038e-05,-0.0025082279479180024,0.01451572458233148,0.009123488616127693,0.007974460636296516,0.005212859198227552,0.009164746252125246,0.0421455938697318,4.21455938697318e-05,4.21455938697318e-05,0.003881579689876609,0.030651340996168584,3.065134099616859e-05,3.065134099616859e-05,-0.006389807637794611,0.5,0.5
2010-08-25,-0.0006107726521716473,-0.0006759067517885055,0.06513409961685825,6.513409961685825e-05,-0.0025163738738769306,0.0019056012217052835,0.009427008659551126,0.9954022988505747,6.513409961685817e-05,-0.0006759067517885056,-0.002195919542010126,-0.007041768246211448,-0.0051591972696811645,-0.0060269606398947045,-0.004535641301683439,0.030651340996168584,3.065134099616859e-05,3.065134099616859e-05,-0.002547025214873099,0.034482758620689655,3.448275862068966e-05,3.448275862068966e-05,0.0018711184630845938,0.5,0.5
2010-08-26,-0.0031627606449022906,-0.003224063326894628,0.06130268199233717,6.130268199233717e-05,0.0021861741107843287,-0.00534893475568662,-0.2092174210345618,0.9954022988505747,6.130268199233723e-05,-0.003224063326894628,0.012313501680671095,0.007466605172777526,0.006228625986620192,0.005320201678274378,0.0038984214932157976,0.034482758620689655,3.448275862068966e-05,3.448275862068966e-05,0.0021516913521636392,0.02681992337164751,2.6819923371647513e-05,2.6819923371647513e-05,-0.005375754679058267,0.5,0.5
2010-08-27,0.0006986109303022879,0.000652633918808035,0.04597701149425287,4.597701149425288e-05,-0.0035669631738230586,0.004265574104125347,0.08109225913036693,0.9954022988505747,4.597701149425292e-05,0.000652633918808035,-0.009009071219894613,-0.0075753021849628505,-0.005625021414139534,-0.006898646709123982,-0.007251566166907184,0.019157088122605366,1.9157088122605367e-05,1.9157088122605367e-05,-0.003586120261945664,0.02681992337164751,2.6819923371647513e-05,2.6819923371647513e-05,0.004238754180753699,0.5,0.5
2010-08-30,-0.0002571251027555575,-0.00032609061999693695,0.06896551724137931,6.896551724137933e-05,0.0036337058534819133,-0.003890830956237471,0.015296836843965282,0.9954022988505747,6.896551724137944e-05,-0.00032609061999693684,0.007534385839989346,0.008276214057446133,0.006672248307929484,0.0073616284048375145,0.007220303358026982,0.030651340996168584,3.065134099616859e-05,3.065134099616859e-05,0.003603054512485745,0.03831417624521073,3.831417624521073e-05,3.831417624521073e-05,-0.003929145132482681,0.5,0.5
2010-08-31,0.0007045281269396606,0.0006508882801963655,0.05363984674329502,5.363984674329503e-05,0.0006231665721664795,8.136155477318107e-05,0.054765723857406405,0.9954022988505747,5.363984674329502e-05,0.0006508882801963655,-0.00017336019337561715,-0.00014144894188785218,0.002213749543004082,-0.00116250073821405,0.0024507500856064636,0.030651340996168584,3.065134099616859e-05,3.065134099616859e-05,0.0005925152311703109,0.022988505747126436,2.298850574712644e-05,2.298850574712644e-05,5.837304902605463e-05,0.5,0.5
2010-09-01,-0.00014646850045108592,-0.00022309685294150735,0.07662835249042146,7.662835249042147e-05,-0.0029461064605047875,0.0027996379600537017,-0.021893326121908353,0.9954022988505747,7.662835249042143e-05,-0.0002230968529415074,-0.006903183531702681,-0.0029914606969168463,-0.0046488363523594905,-0.004369070177457887,-0.006653784292785419,0.03831417624521073,3.831417624521073e-05,3.831417624521073e-05,-0.0029844206367499984,0.03831417624521073,3.831417624521073e-05,3.831417624521073e-05,0.0027613237838084908,0.5,0.5
2010-09-02,-0.004978425311255242,-0.005051222246121142,0.07279693486590039,7.279693486590039e-05,-0.00022602470951975265,-0.004752400601735489,-0.3144512064296418,0.9954022988505747,7.279693486589994e-05,-0.005051222246121143,0.011440015961817901,0.005634371686777131,0.0009390081965685077,0.0005058846280732019,-0.0009310164425958591,0.03831417624521073,3.831417624521073e-05,3.831417624521073e-05,-0.00026433888576496336,0.034482758620689655,3.448275862068966e-05,3.448275862068966e-05,-0.0047868833603561785,0.5,0.5
2010-09-03,-0.0010000044288111687,-0.001065138528428027,0.06513409961685825,6.513409961685825e-05,-0.002068734597669803,0.0010687301688586343,-0.0637795269144578,0.993103448275862,6.513409961685828e-05,-0.001065138528428027,-0.00032435140813800013,-0.005830697710792965,-0.005888729876274016,-0.00132025436518955,-0.005546076610414633,0.03831417624521073,3.831417624521073e-05,3.831417624521073e-05,-0.002107048773915014,0.02681992337164751,2.6819923371647513e-05,2.6819923371647513e-05,0.0010419102454869867,0.5,0.5
2010-09-06,0.0012250291922822104,0.001156063675040831,0.06896551724137931,6.896551724137933e-05,-0.000534967629924951,0.0017599968222071613,0.07727022865753098,0.9908045977011494,6.896551724137933e-05,0.001156063675040831,-0.003696473816068559,-0.0032038592697233585,-0.00012445232438023008,-0.001738330277962186,-0.000745728154690094,0.0421455938697318,4.21455938697318e-05,4.21455938697318e-05,-0.0005771132237946827,0.02681992337164751,2.6819923371647513e-05,2.6819923371647513e-05,0.0017331768988355137,0.5,0.5
2010-09-07,0.00016988083120729353,0.00010857814921495633,0.06130268199233717,6.130268199233717e-05,0.0035914678489153856,-0.0034215870177080917,0.03163015208238083,0.9908045977011494,6.13026819923372e-05,0.00010857814921495635,0.0056515330172278045,0.009333740444720766,0.005029006984240615,0.006334954678294551,0.00764333399310632,0.030651340996168584,3.065134099616859e-05,3.065134099616859e-05,0.003560816507919217,0.030651340996168584,3.065134099616859e-05,3.065134099616859e-05,-0.00345223835870426,0.5,0.5
2010-09-08,-0.0008770351893144608,-0.0009536635418048823,0.07662835249042146,7.662835249042147e-05,0.0003929392528736786,-0.0012699744421881395,-0.04371437045481434,0.9954022988505747,7.662835249042153e-05,-0.0009536635418048822,0.004001903539793134,-0.0003839604264574323,0.0006010598556516994,0.00037451065249894224,0.0009915624323715646,0.04980842911877395,4.980842911877396e-05,4.980842911877396e-05,0.00034313082375490465,0.02681992337164751,2.6819923371647513e-05,2.6819923371647513e-05,-0.001296794365559787,0.5,0.5
2010-09-09,-0.0014684172694291312,-0.0015412142042950316,0.07279693486590039,7.279693486590039e-05,-0.002994385407608462,0.001525968138179331,-0.05621357687024524,0.9954022988505747,7.279693486590038e-05,-0.0015412142042950316,-0.002343109357632729,-0.004469590113810527,-0.004129278501672705,-0.004459530548198964,-0.006753390948725903,0.03831417624521073,3.831417624521073e-05,3.831417624521073e-05,-0.003032699583853673,0.034482758620689655,3.448275862068966e-05,3.448275862068966e-05,0.0014914853795586413,0.5,0.5
2010-09-10,-0.0007176275618062101,-0.0007827616614230684,0.06513409961685825,6.513409961685825e-05,-0.0014900493105813822,0.0007724217487751721,-0.025003290743003066,0.9954022988505747,6.513409961685828e-05,-0.0007827616614230684,-0.0018431585196765647,-0.0009482134532979033,-0.0018579251014179813,-0.003700376581589086,-0.0026199596409496036,0.02681992337164751,2.6819923371647513e-05,2.6819923371647513e-05,-0.0015168692339530298,0.03831417624521073,3.831417624521073e-05,3.831417624521073e-05,0.0007341075725299614,0.5,0.5
2010-09-13,0.0008250164907499559,0.0007483881382595345,0.07662835249042146,7.662835249042147e-05,0.00027343425032037497,0.0005515822404295809,0.08386224805676748,0.9954022988505747,7.662835249042143e-05,0.0007483881382595345,-0.0023734312215706412,0.0014373690005637977,0.0014670180952166053,-0.00040316561361260656,0.001021885557767428,0.04597701149425287,4.597701149425288e-05,4.597701149425288e-05,0.0002274572388261221,0.030651340996168584,3.065134099616859e-05,3.065134099616859e-05,0.0005209308994334123,0.5,0.5
2010-09-14,-0.0020321957850366027,-0.002089667049404419,0.0574712643678161,5.7471264367816097e-05,-0.0017016596370848405,-0.00033053614795176215,-0.0787487179775284,0.9954022988505747,5.747126436781618e-05,-0.002089667049404419,0.0008992207767086023,0.00018477533429336806,0.0033002063950489636,-0.0005057955612892384,-0.0048520811306099025,0.030651340996168584,3.065134099616859e-05,3.065134099616859e-05,-0.0017323109780810091,0.02681992337164751,2.6819923371647513e-05,2.6819923371647513e-05,-0.00035735607132340966,0.5,0.5
2010-09-15,-0.00048428689225016845,-0.0005609152447405899,0.07662835249042146,7.662835249042147e-05,-0.0009356828430977541,0.00045139595084758556,-0.018851873994070484,0.9954022988505747,7.662835249042148e-05,-0.0005609152447405899,-0.0010204074885812734,-0.000667560727922966,-0.004381645892923049,-0.005431224684641229,-9.14361869726471e-05,0.03831417624521073,3.831417624521073e-05,3.831417624521073e-05,-0.0009739970193429648,0.03831417624521073,3.831417624521073e-05,3.831417624521073e-05,0.00041308177460237485,0.5,0.5
2010-09-16,-0.0023400094606700695,-0.0024013121426624067,0.06130268199233717,6.130268199233717e-05,0.0007469616738194887,-0.0030869711344895584,-0.1602671292504185,0.9954022988505747,6.130268199233723e-05,-0.0024013121426624067,0.008886598901994128,0.0007486290029490926,0.003803379953870424,7.029793038762296e-05,0.0022057360562646546,0.030651340996168584,3.065134099616859e-05,3.065134099616859e-05,0.0007163103328233201,0.030651340996168584,3.065134099616859e-05,3.065134099616859e-05,-0.0031176224754857268,0.5,0.5
2010-09-17,0.0009316898936983147,0.0008359044530852878,0.09578544061302682,9.578544061302684e-05,-0.0011294554468281944,0.0020611453405265092,0.023860455054512668,0.9954022988505747,9.578544061302689e-05,0.0008359044530852878,-0.004345954054180236,-0.0036749639347985813,-0.0018000054283426985,-0.003505271155866688,-0.0016357307625512393,0.06130268199233717,6.130268199233717e-05,6.130268199233717e-05,-0.0011907581288205316,0.034482758620689655,3.448275862068966e-05,3.448275862068966e-05,0.00202666258190582,0.5,0.5
2010-09-21,-0.0006857048713281583,-0.0007508389709450165,0.06513409961685825,6.513409961685825e-05,0.0003820589850873723,-0.0010677638564155305,-0.021618389255764377,0.9954022988505747,6.513409961685828e-05,-0.0007508389709450165,0.0015662970454139982,0.003273989047665186,0.0007719020559128638,0.00040791424706388487,0.0009422198317301744,0.034482758620689655,3.448275862068966e-05,3.448275862068966e-05,0.00034757622646668264,0.030651340996168584,3.065134099616859e-05,3.065134099616859e-05,-0.0010984151974116991,0.5,0.5
2010-09-22,0.0015553461430786197,0.0014787177905881983,0.07662835249042146,7.662835249042147e-05,0.002747061853733387,-0.0011917157106547673,0.1158025950344855,0.9954022988505747,7.662835249042143e-05,0.0014787177905881983,0.001509257455779854,0.004131779352368896,0.0022910382500046563,0.004193804695018993,0.0061442832136906645,0.034482758620689655,3.448275862068966e-05,3.448275862068966e-05,0.002712579095112697,0.0421455938697318,4.21455938697318e-05,4.21455938697318e-05,-0.001233861304524499,0.5,0.5
2010-09-24,0.0024558428503940145,0.0023715516626545505,0.0842911877394636,8.42911877394636e-05,-0.005075715170474401,0.0075315580208684145,0.1216872786786026,0.9954022988505747,8.429118773946396e-05,0.002371551662654551,-0.017218816860484196,-0.010751714404242094,-0.01028800778652583,-0.011688378737352713,-0.009382956142746843,0.0421455938697318,4.21455938697318e-05,4.21455938697318e-05,-0.005117860764344132,0.0421455938697318,4.21455938697318e-05,4.21455938697318e-05,0.007489412426998683,0.5,0.5
2010-09-27,0.0001521140841247759,9.847423738148097e-05,0.05363984674329502,5.363984674329503e-05,0.00044692836745357253,-0.0002948142833287966,0.038351253871013916,0.9954022988505747,5.3639846743294925e-05,9.847423738148088e-05,0.0014127490584926934,-0.0010566124170126071,0.001700545760806861,-3.7807075538442355e-05,0.0013596886401299388,0.034482758620689655,3.448275862068966e-05,3.448275862068966e-05,0.00041244560883288287,0.019157088122605366,1.9157088122605367e-05,1.9157088122605367e-05,-0.00031397137145140194,0.5,0.5
2010-09-28,-0.0004562264570529262,-0.0005136977214207423,0.0574712643678161,5.7471264367816097e-05,0.0001670926546384456,-0.0006233191116913718,-0.013985787094360987,0.9954022988505747,5.747126436781607e-05,-0.0005136977214207423,0.0016317658594395452,0.0004763829512691396,0.0005655233762923258,-7.712681027956231e-05,0.0005398413690551177,0.03831417624521073,3.831417624521073e-05,3.831417624521073e-05,0.00012877847839323485,0.019157088122605366,1.9157088122605367e-05,1.9157088122605367e-05,-0.0006424761998139771,0.5,0.5
2010-09-29,0.003940658564207625,0.0038755244645907664,0.06513409961685825,6.513409961685825e-05,0.006097200258952988,-0.002156541694745363,0.2701661202542996,0.9954022988505747,6.513409961685828e-05,0.0038755244645907664,0.004422655036084084,0.004093940096304009,0.0060292796015990035,0.005521224625238641,0.015530988464239642,0.03831417624521073,3.831417624521073e-05,3.831417624521073e-05,0.0060588860827077776,0.02681992337164751,2.6819923371647513e-05,2.6819923371647513e-05,-0.0021833616181170102,0.5,0.5
2010-09-30,0.002265021174168153,0.0021998870745512946,0.06513409961685825,6.513409961685825e-05,-0.0006594827576077959,0.0029245039317759487,0.0954611840510963,0.9954022988505747,6.513409961685828e-05,0.0021998870745512946,-0.007153866404441738,-0.0032392907817722165,-0.0048110041989614,-0.0036230811270423708,-0.00016690770930220212,0.0421455938697318,4.21455938697318e-05,4.21455938697318e-05,-0.0007016283514775277,0.022988505747126436,2.298850574712644e-05,2.298850574712644e-05,0.0029015154260288224,0.5,0.5
2010-10-01,0.006021509011002852,0.0059733878116636835,0.04812119933916831,4.812119933916831e-05,0.002094173522364196,0.003927335488638656,0.3177049955511441,0.9931192660550459,4.8121199339168363e-05,0.0059733878116636835,-0.009037324595203124,-0.00533577929770109,-0.0036296881588421814,0.00137529694827802,0.005609314668969883,0.02406499349713521,2.4064993497135212e-05,2.4064993497135212e-05,0.002070108528867061,0.0240562058420331,2.40562058420331e-05,2.40562058420331e-05,0.003903279282796623,0.49885321100917435,0.5026758409785933
2010-10-04,-0.0036704615783887487,-0.0037469141777771277,0.07645259938837921,7.645259938837921e-05,-0.002065047857708417,-0.0016054137206803318,-0.2158397041206458,0.9931192660550459,7.645259938837906e-05,-0.0037469141777771277,0.004240261723454811,0.0010766252337000308,0.001503978599504963,0.00027479194286236124,-0.006346781253919936,0.034403669724770644,3.4403669724770645e-05,3.4403669724770645e-05,-0.0020994515274331874,0.04204892966360857,4.204892966360857e-05,4.204892966360857e-05,-0.0016474626503439403,0.49885321100917435,0.5026758409785933
2010-10-05,-0.0021216002236372844,-0.0021904075630868255,0.06880733944954129,6.880733944954129e-05,-0.0024414923296726425,0.0003198921060353582,-0.12962637631954876,0.9931192660550459,6.880733944954111e-05,-0.0021904075630868255,0.0007866224148852797,-0.0035150930447989492,-0.004852641216268751,-0.0016371324078907406,-0.00652274866320823,0.04204892966360857,4.204892966360857e-05,4.204892966360857e-05,-0.002483541259336251,0.026758409785932726,2.6758409785932723e-05,2.6758409785932723e-05,0.00029313369624942546,0.49885321100917435,0.5026758409785933
2010-10-06,-0.0016332406616073967,-0.0016867574811792621,0.05351681957186545,5.3516819571865445e-05,0.0009360667416252523,-0.002569307403232649,-0.10328143801441891,0.9931192660550459,5.351681957186543e-05,-0.0016867574811792621,0.004882934253532394,0.005573163272984143,0.0035074029210178637,0.004187941404646706,0.0007206851552532677,0.034403669724770644,3.4403669724770645e-05,3.4403669724770645e-05,0.0009016630719004816,0.019113149847094803,1.9113149847094803e-05,1.9113149847094803e-05,-0.0025884205530797436,0.49885321100917435,0.5026758409785933
2010-10-07,-0.0013100876270752252,-0.0013674270766165096,0.05733944954128441,5.733944954128441e-05,0.000486310122978321,-0.001796397750053546,-0.06176885362930758,0.9931192660550459,5.733944954128441e-05,-0.0013674270766165096,0.0036472921151130375,0.0034247343743462146,-0.0009112622158158513,0.005556705619216328,-0.0013160685777561091,0.034403669724770644,3.4403669724770645e-05,3.4403669724770645e-05,0.0004519064532535503,0.022935779816513763,2.293577981651376e-05,2.293577981651376e-05,-0.00181933352987006,0.49885321100917435,0.5026758409785933
2010-10-08,0.0026688270968643676,0.002611487647323083,0.05733944954128441,5.733944954128441e-05,0.0012496855429064138,0.001419141553957954,0.15576514169876146,0.9908256880733946,5.733944954128441e-05,0.002611487647323083,-0.001278326723263471,-0.005948383422257821,-0.003636145942471939,0.0004346626891928577,0.003540343805108374,0.022935779816513763,2.293577981651376e-05,2.293577981651376e-05,0.0012267497630899,0.034403669724770644,3.4403669724770645e-05,3.4403669724770645e-05,0.0013847378842331835,0.49885321100917435,0.5026758409785933
2010-10-12,0.0018394327732419776,0.0017706254337924365,0.06880733944954129,6.880733944954129e-05,0.0014522588697176563,0.0003871739035243214,0.12297263696680973,0.9908256880733946,6.880733944954111e-05,0.0017706254337924363,-0.001249427846518988,0.0001991944214185857,0.0011740264291725594,0.004058614328314015,0.002337485023407807,0.03822629969418961,3.822629969418961e-05,3.822629969418961e-05,0.0014140325700234668,0.030581039755351685,3.0581039755351684e-05,3.0581039755351684e-05,0.0003565928637689697,0.49885321100917435,0.5026758409785933
2010-10-13,0.0005188949673108567,0.0004233292180753828,0.09556574923547402,9.556574923547401e-05,-0.004013068950114763,0.004531963917425619,0.030216448482339477,0.9931192660550459,9.556574923547394e-05,0.00042332921807538274,-0.00888862859300484,-0.009272699876186574,-0.008308019574695022,-0.010169164760354158,-0.006982300807754205,0.05733944954128441,5.733944954128441e-05,5.733944954128441e-05,-0.004070408399656047,0.03822629969418961,3.822629969418961e-05,3.822629969418961e-05,0.00449373761773143,0.49885321100917435,0.5026758409785933
2010-10-14,0.0032552452005515185,0.0031864378611019773,0.06880733944954129,6.880733944954129e-05,0.0038537330781200393,-0.0005984878775685208,0.18322871928848286,0.9908256880733946,6.880733944954111e-05,0.0031864378611019773,0.0010349094516750362,0.0015055723453913066,0.0018521307575206777,0.005902034701247125,0.008636759353240831,0.030581039755351685,3.0581039755351684e-05,3.0581039755351684e-05,0.0038231520383646875,0.03822629969418961,3.822629969418961e-05,3.822629969418961e-05,-0.0006367141772627104,0.49885321100917435,0.5026758409785933
2010-10-15,-0.0026953490928322754,-0.0027641564322818165,0.06880733944954129,6.880733944954129e-05,-0.0009860853435905805,-0.0017092637492416947,-0.19002026590904197,0.9908256880733946,6.880733944954111e-05,-0.0027641564322818165,0.003628870311825426,0.0029379956174940187,0.003994003031544769,-0.0004944976866406595,-0.002717807776027898,0.034403669724770644,3.4403669724770645e-05,3.4403669724770645e-05,-0.001020489013315351,0.034403669724770644,3.4403669724770645e-05,3.4403669724770645e-05,-0.0017436674189664652,0.49885321100917435,0.5026758409785933
2010-10-18,-0.004136819151496506,-0.004201803860976628,0.06498470948012233,6.498470948012233e-05,-0.004738055332906255,0.0006012361814097488,-0.22500227081593263,0.9931192660550459,6.498470948012192e-05,-0.004201803860976628,-0.0007562417296078599,-0.002085841674742496,-0.003109953760666335,-0.005283953095068872,-0.011604865694859544,0.030581039755351685,3.0581039755351684e-05,3.0581039755351684e-05,-0.004768636372661607,0.034403669724770644,3.4403669724770645e-05,3.4403669724770645e-05,0.0005668325116849781,0.49885321100917435,0.5026758409785933
2010-10-19,0.0009561127226260603,0.0008949506431153569,0.06116207951070337,6.116207951070337e-05,0.0035447726350361385,-0.0025886599124100786,0.10401334655888768,0.9931192660550459,6.116207951070338e-05,0.0008949506431153569,0.0066735100686708465,0.0020672309665159057,0.002041771212828525,0.004869729521930705,0.008223899851970898,0.034403669724770644,3.4403669724770645e-05,3.4403669724770645e-05,0.003510368965311368,0.026758409785932726,2.6758409785932723e-05,2.6758409785932723e-05,-0.002615418322196011,0.49885321100917435,0.5026758409785933
2010-10-20,-0.0007242139990239447,-0.000781553448565229,0.05733944954128441,5.733944954128441e-05,0.0005191579568347835,-0.001243371955858728,-0.033965936948257794,0.9931192660550459,5.73394495412843e-05,-0.0007815534485652291,0.002268415410109058,0.002888403392253934,-0.0005238843428073334,0.0037086316421254466,-0.00029326155085606417,0.034403669724770644,3.4403669724770645e-05,3.4403669724770645e-05,0.00048475428711001285,0.022935779816513763,2.293577981651376e-05,2.293577981651376e-05,-0.0012663077356752418,0.49885321100917435,0.5026758409785933
2010-10-21,-0.001960672628951528,-0.0020256573384316505,0.06498470948012233,6.498470948012233e-05,-0.0009185747564907394,-0.0010420978724607886,-0.07938388126452876,0.9931192660550459,6.498470948012236e-05,-0.0020256573384316505,0.0012934222924968802,0.0036503825677245243,-0.0032394677146047363,-0.0012655595624187436,-0.002129279486583472,0.03822629969418961,3.822629969418961e-05,3.822629969418961e-05,-0.0009568010561849291,0.026758409785932726,2.6758409785932723e-05,2.6758409785932723e-05,-0.0010688562822467214,0.49885321100917435,0.5026758409785933
2010-10-22,0.001470535988663323,0.0014170191690914575,0.05351681957186545,5.3516819571865445e-05,-0.00046332724248123076,0.0019338632311445537,0.11619408443770181,0.9931192660550459,5.351681957186543e-05,0.0014170191690914575,-0.003247493478169916,-0.005060211383642817,0.0010912649548852032,-0.0024416012515968677,-0.00017237646193823242,0.022935779816513763,2.293577981651376e-05,2.293577981651376e-05,-0.0004862630222977445,0.030581039755351685,3.0581039755351684e-05,3.0581039755351684e-05,0.001903282191389202,0.49885321100917435,0.5026758409785933
2010-10-25,-0.000545816019743188,-0.0005993328393150534,0.05351681957186545,5.3516819571865445e-05,0.00227401094915264,-0.0028198269688958283,-0.053906082608198166,0.9908256880733946,5.351681957186543e-05,-0.0005993328393150534,0.006380991242716993,0.004049184039173637,0.003036491245134186,0.004148371565481758,0.004763529898849128,0.034403669724770644,3.4403669724770645e-05,3.4403669724770645e-05,0.0022396072794278695,0.019113149847094803,1.9113149847094803e-05,1.9113149847094803e-05,-0.002838940118742923,0.49885321100917435,0.5026758409785933
2010-10-26,-0.0022589716788571188,-0.00232777901830666,0.06880733944954129,6.880733944954129e-05,-0.0016337346332069252,-0.0006252370456501933,-0.10138372450510125,0.9908256880733946,6.880733944954111e-05,-0.00232777901830666,0.0032954890067179903,-0.0029066901482550024,-0.004336530445570538,-0.004369429910712677,-0.002727756079665864,0.034403669724770644,3.4403669724770645e-05,3.4403669724770645e-05,-0.0016681383029316958,0.034403669724770644,3.4403669724770645e-05,3.4403669724770645e-05,-0.000659640715374964,0.49885321100917435,0.5026758409785933
2010-10-27,0.0016163655245334443,0.0015590260749921599,0.05733944954128441,5.733944954128441e-05,-1.3047329052403932e-05,0.0016294128535858483,0.09499829975199421,0.9931192660550459,5.733944954128441e-05,0.0015590260749921599,-0.0032994651965019815,-0.0031241716139283563,-0.004703882291402741,0.003726177742986883,-0.0019023208402303255,0.019113149847094803,1.9113149847094803e-05,1.9113149847094803e-05,-3.2160478899498735e-05,0.03822629969418961,3.822629969418961e-05,3.822629969418961e-05,0.0015911865538916587,0.49885321100917435,0.5026758409785933
2010-10-28,-0.0025912888517562764,-0.0026486283012975608,0.05733944954128441,5.733944954128441e-05,-8.145222549259888e-06,-0.0025831436292070163,-0.19077654468388716,0.9931192660550459,5.733944954128441e-05,-0.0026486283012975608,0.0034043364140861,0.008647557907148934,0.0023845789718460082,0.0027876226983243268,-0.0014183031907585584,0.022935779816513763,2.293577981651376e-05,2.293577981651376e-05,-3.108100236577365e-05,0.034403669724770644,3.4403669724770645e-05,3.4403669724770645e-05,-0.002617547298931787,0.49885321100917435,0.5026758409785933
2010-10-29,0.0017041696636915752,0.001627717064303196,0.07645259938837921,7.645259938837921e-05,0.0019896585509023563,-0.00028548888721078116,0.11494198164813661,0.9931192660550459,7.645259938837928e-05,0.001627717064303196,0.0001837142307279731,0.001345219323914453,0.00686752046069347,0.0006935072500194672,0.005635943810807006,0.034403669724770644,3.4403669724770645e-05,3.4403669724770645e-05,0.0019552548811775858,0.04204892966360857,4.204892966360857e-05,4.204892966360857e-05,-0.0003275378168743897,0.49885321100917435,0.5026758409785933
2010-11-01,0.00046494515000260997,0.0004152509604001635,0.04969418960244649,4.9694189602446484e-05,0.0017614652730000237,-0.0012965201229974137,0.03734190939586282,0.9931192660550459,4.969418960244646e-05,0.0004152509604001635,0.0025543520081339572,0.00262957902207667,0.004538462299283302,0.0005242930184705268,0.005034397346130324,0.030581039755351685,3.0581039755351684e-05,3.0581039755351684e-05,0.001730884233244672,0.019113149847094803,1.9113149847094803e-05,1.9113149847094803e-05,-0.0013156332728445086,0.49885321100917435,0.5026758409785933
2010-11-02,-0.0022956720470592917,-0.002383592536355928,0.0879204892966361,8.79204892966361e-05,-0.0007781270022757709,-0.0015175450447835208,-0.13015438918673664,0.9954128440366973,8.79204892966362e-05,-0.002383592536355928,0.0035753973570896162,0.001893214167620293,0.001434137946931,-0.0007600874522451243,-0.0019597036738238935,0.04204892966360857,4.204892966360857e-05,4.204892966360857e-05,-0.0008201759319393795,0.045871559633027525,4.587155963302752e-05,4.587155963302752e-05,-0.0015634166044165483,0.49885321100917435,0.5026758409785933
2010-11-04,0.0006522344851057748,0.0005681366257785577,0.08409785932721714,8.409785932721714e-05,-0.003367275289793668,0.0040195097748994425,0.011253026294497405,0.9954128440366973,8.409785932721712e-05,0.0005681366257785577,-0.008491080086711086,-0.006995142746738359,-0.008955741091221662,-0.010416303937420667,-0.004916896488876143,0.04204892966360857,4.204892966360857e-05,4.204892966360857e-05,-0.0034093242194572766,0.04204892966360857,4.204892966360857e-05,4.204892966360857e-05,0.003977460845235834,0.49885321100917435,0.5026758409785933
2010-11-05,0.0005658604274986929,0.0005046983479879895,0.06116207951070337,6.116207951070337e-05,-0.0006239393696544907,0.0011897997971531834,0.04925412658433629,0.9931192660550459,6.116207951070338e-05,0.0005046983479879895,-0.0018986960905993987,-0.0033141694474143842,-0.006202991026497799,-0.003481196220252026,-0.00013552302897300745,0.026758409785932726,2.6758409785932723e-05,2.6758409785932723e-05,-0.0006506977794404234,0.034403669724770644,3.4403669724770645e-05,3.4403669724770645e-05,0.0011553961274284128,0.49885321100917435,0.5026758409785933
2010-11-08,-0.00010625050491412178,-0.0002056388841190148,0.09938837920489298,9.938837920489297e-05,0.0013984807939562578,-0.0015047312988703797,0.017692039520845377,0.9931192660550459,9.938837920489302e-05,-0.00020563888411901475,0.004132165964256602,0.0006898184581588592,-0.002242719321634184,0.003326889340295007,0.002541642406852003,0.05733944954128441,5.733944954128441e-05,5.733944954128441e-05,0.0013411413444149734,0.04204892966360857,4.204892966360857e-05,4.204892966360857e-05,-0.0015467802285339882,0.49885321100917435,0.5026758409785933
2010-11-09,-0.003746038197215935,-0.0038110229066960575,0.06498470948012233,6.498470948012233e-05,-0.004041528910643554,0.0002954907134276184,-0.21075369522488382,0.9954128440366973,6.498470948012236e-05,-0.0038110229066960575,-0.000442218801169561,-0.000882416462752726,-0.0038181722040877848,-0.007694517863963274,-0.008305200413125874,0.030581039755351685,3.0581039755351684e-05,3.0581039755351684e-05,-0.004072109950398905,0.034403669724770644,3.4403669724770645e-05,3.4403669724770645e-05,0.0002610870437028477,0.49885321100917435,0.5026758409785933
2010-11-10,-0.004226795577035245,-0.0043147160663318815,0.0879204892966361,8.79204892966361e-05,-0.004307227052372972,8.043147533772668e-05,-0.27333434133324996,0.9954128440366973,8.79204892966362e-05,-0.0043147160663318815,0.0017970291969249264,-0.004119067661557306,-0.005716474056755764,-0.005420086985599797,-0.010241342678473313,0.03822629969418961,3.822629969418961e-05,3.822629969418961e-05,-0.004345453352067161,0.04969418960244649,4.9694189602446484e-05,4.9694189602446484e-05,3.073728573528019e-05,0.49885321100917435,0.5026758409785933
2010-11-11,-0.0019743489098572693,-0.002054624139215067,0.08027522935779817,8.027522935779818e-05,0.001739151865832315,-0.003713500775689584,-0.12129996755806971,0.9954128440366973,8.027522935779782e-05,-0.0020546241392150675,0.008065422655669644,0.006015968028079687,0.007507245946516987,0.006223935931532704,0.002117481782529435,0.034403669724770644,3.4403669724770645e-05,3.4403669724770645e-05,0.0017047481961075443,0.045871559633027525,4.587155963302752e-05,4.587155963302752e-05,-0.0037593723353226117,0.49885321100917435,0.5026758409785933
2010-11-12,-0.0004335959008734803,-0.0005024032403230215,0.06880733944954129,6.880733944954129e-05,0.0006187649702042744,-0.0010523608710777546,0.011549917280397481,0.9954128440366973,6.880733944954117e-05,-0.0005024032403230216,0.004215050367486369,-0.002198317895743904,-0.0004511455657341924,-0.0013962330587734529,0.002558678784621648,0.034403669724770644,3.4403669724770645e-05,3.4403669724770645e-05,0.0005843613004795037,0.034403669724770644,3.4403669724770645e-05,3.4403669724770645e-05,-0.0010867645408025252,0.49885321100917435,0.5026758409785933
2010-11-15,0.001126884714411147,0.0010580773749616058,0.06880733944954129,6.880733944954129e-05,-0.0015777665717173163,0.002704651286128463,0.08232340061977869,0.9954128440366973,6.880733944954133e-05,0.0010580773749616058,-0.0061212256601110345,-0.003882044100262872,-0.004611348985160934,-0.004395860346932733,-0.0025462506904560464,0.034403669724770644,3.4403669724770645e-05,3.4403669724770645e-05,-0.0016121702414420868,0.034403669724770644,3.4403669724770645e-05,3.4403669724770645e-05,0.0026702476164036926,0.49885321100917435,0.5026758409785933
2010-11-16,-0.0021324569465770455,-0.0022012642860265866,0.06880733944954129,6.880733944954129e-05,0.0012321363505125287,-0.003364593297089574,-0.12991205445549064,0.9954128440366973,6.880733944954111e-05,-0.0022012642860265866,0.007291208148681713,0.005483937688152682,0.00481435752899907,0.0024298473216190766,0.0024899828828005475,0.04204892966360857,4.204892966360857e-05,4.204892966360857e-05,0.0011900874208489202,0.026758409785932726,2.6758409785932723e-05,2.6758409785932723e-05,-0.0033913517068755064,0.49885321100917435,0.5026758409785933
2010-11-17,-0.004045707486264012,-0.0041259827156218095,0.08027522935779817,8.027522935779818e-05,-0.0014670782960398603,-0.002578629190224151,-0.2034184408198993,0.9954128440366973,8.027522935779782e-05,-0.0041259827156218095,0.007109509510670873,0.0011248864189333566,0.002369690474225716,-0.0016362469022978786,-0.0035932292183226406,0.03822629969418961,3.822629969418961e-05,3.822629969418961e-05,-0.0015053045957340498,0.04204892966360857,4.204892966360857e-05,4.204892966360857e-05,-0.0026206781198877594,0.49885321100917435,0.5026758409785933
2010-11-18,-0.0010540935098570159,-0.001134368739214814,0.08027522935779817,8.027522935779818e-05,-0.0015987248577096715,0.0005446313478526556,-0.11640537581806686,0.9954128440366973,8.027522935779826e-05,-0.001134368739214814,-0.001372223507461547,-0.000499307860727323,-0.002195097758125699,-0.0018336376451136458,-0.00389038143924605,0.045871559633027525,4.587155963302752e-05,4.587155963302752e-05,-0.001644596417342699,0.034403669724770644,3.4403669724770645e-05,3.4403669724770645e-05,0.0005102276781278849,0.49885321100917435,0.5026758409785933
2010-11-19,-0.0010782020605939594,-0.0011431867700740818,0.06498470948012233,6.498470948012233e-05,-0.00426338315544461,0.003185181094850651,-0.09425972404544952,0.9954128440366973,6.498470948012236e-05,-0.0011431867700740818,-0.005762163093746437,-0.007498230394557326,-0.009187431386027964,-0.011164155462760027,-0.007237474377405157,0.034403669724770644,3.4403669724770645e-05,3.4403669724770645e-05,-0.004297786825169381,0.030581039755351685,3.0581039755351684e-05,3.0581039755351684e-05,0.003154600055095299,0.49885321100917435,0.5026758409785933
2010-11-22,0.003834298339804754,0.0037654910003552125,0.06880733944954129,6.880733944954129e-05,0.009384726019321579,-0.005550427679516825,0.21251495025999415,0.9954128440366973,6.880733944954155e-05,0.003765491000355213,0.011545514589988683,0.010022680391783842,0.009787944844759365,0.01718321254114292,0.01962729403580239,0.03822629969418961,3.822629969418961e-05,3.822629969418961e-05,0.009346499719627388,0.030581039755351685,3.0581039755351684e-05,3.0581039755351684e-05,-0.005581008719272177,0.49885321100917435,0.5026758409785933
2010-11-24,-0.0005266324325003817,-0.0005954397719499232,0.06880733944954129,6.880733944954129e-05,-0.0015017975559461938,0.000975165123445812,0.018228472634831253,0.9954128440366973,6.880733944954144e-05,-0.000595439771949923,-0.0005270202622315077,-0.004798285361311534,-0.0020555300427847014,-0.00257232600288047,-0.0032295868909221126,0.030581039755351685,3.0581039755351684e-05,3.0581039755351684e-05,-0.0015323785957015454,0.03822629969418961,3.822629969418961e-05,3.822629969418961e-05,0.0009369388237516224,0.49885321100917435,0.5026758409785933
2010-11-25,-0.0010063012308275318,-0.0010751085702770731,0.06880733944954129,6.880733944954129e-05,-0.00011433258448483869,-0.000891968646342693,-0.08169706506991713,0.9954128440366973,6.880733944954133e-05,-0.0010751085702770731,0.0021679838099010794,0.000978308565792035,0.00121744050631929,-0.0003416324689801409,-0.00017297001954709974,0.030581039755351685,3.0581039755351684e-05,3.0581039755351684e-05,-0.00014491362424019037,0.03822629969418961,3.822629969418961e-05,3.822629969418961e-05,-0.0009301949460368827,0.49885321100917435,0.5026758409785933
2010-11-26,-0.0017086148982302506,-0.001765954347771535,0.05733944954128441,5.733944954128441e-05,-0.0010977967247760472,-0.0006108181734542035,-0.1848566665039677,0.9954128440366973,5.733944954128441e-05,-0.001765954347771535,0.0007890612576537133,0.0020770722644159268,0.0004254899282110691,0.000793043876988856,-0.003697483124717576,0.03822629969418961,3.822629969418961e-05,3.822629969418961e-05,-0.0011360230244702367,0.019113149847094803,1.9113149847094803e-05,1.9113149847094803e-05,-0.0006299313233012983,0.49885321100917435,0.5026758409785933
2010-11-29,0.0010460907240715926,0.001004041794407984,0.04204892966360857,4.204892966360857e-05,0.00031935516179621586,0.0007267355622753767,0.054354392816682195,0.9954128440366973,4.204892966360851e-05,0.001004041794407984,-0.0008612496672265859,-0.0026281391350643445,-0.0003762434650484646,-0.00033169380849276924,0.0011261148390267304,0.019113149847094803,1.9113149847094803e-05,1.9113149847094803e-05,0.00030024201194912104,0.022935779816513763,2.293577981651376e-05,2.293577981651376e-05,0.000703799782458863,0.49885321100917435,0.5026758409785933
2010-11-30,0.00037073342133776133,0.00029428082194938215,0.07645259938837921,7.645259938837921e-05,0.0032935104888057896,-0.0029227770674680282,0.027806621162338445,0.9954128440366973,7.645259938837917e-05,0.0002942808219493821,0.006087818055167594,0.005261390620572135,0.006546172552956822,0.007838528347489411,0.005983981158112703,0.030581039755351685,3.0581039755351684e-05,3.0581039755351684e-05,0.003262929449050438,0.045871559633027525,4.587155963302752e-05,4.587155963302752e-05,-0.002968648627101056,0.49885321100917435,0.5026758409785933
2010-12-01,0.0006949505472511277,0.0006376110977098434,0.05733944954128441,5.733944954128441e-05,-0.001671846261285818,0.0023667968085369457,0.06915099404778725,0.9954128440366973,5.73394495412843e-05,0.0006376110977098433,-0.004566073355661302,-0.0049963124095418485,-0.0034763059470813685,-0.0035277677848881243,-0.0032631848656291553,0.030581039755351685,3.0581039755351684e-05,3.0581039755351684e-05,-0.0017024273010411695,0.026758409785932726,2.6758409785932723e-05,2.6758409785932723e-05,0.002340038398751013,0.49885321100917435,0.5026758409785933
2010-12-02,-0.00048074390094175734,-0.0005304380905442039,0.04969418960244649,4.9694189602446484e-05,-0.0009556605637489688,0.0004749166628072115,-0.03910903606742196,0.9954128440366973,4.9694189602446565e-05,-0.0005304380905442038,-0.0007129521513384852,-0.0014137565441972367,-0.000264199786196141,-0.001503082362699338,-0.002122031272405851,0.019113149847094803,1.9113149847094803e-05,1.9113149847094803e-05,-0.0009747737135960636,0.030581039755351685,3.0581039755351684e-05,3.0581039755351684e-05,0.0004443356230518598,0.49885321100917435,0.5026758409785933
2010-12-03,0.0002595870872000617,0.00019842500768935836,0.06116207951070337,6.116207951070337e-05,0.002302161716949089,-0.0020425746297490274,0.009477813428829055,0.9954128440366973,6.116207951070335e-05,0.00019842500768935833,0.004681694558629742,0.002812606942136279,0.002346620868916028,0.0024269861277039064,0.0057088690643535825,0.030581039755351685,3.0581039755351684e-05,3.0581039755351684e-05,0.0022715806771937373,0.030581039755351685,3.0581039755351684e-05,3.0581039755351684e-05,-0.002073155669504379,0.49885321100917435,0.5026758409785933
2010-12-06,0.00017592169007621115,9.182383074899406e-05,0.08409785932721714,8.409785932721714e-05,0.0017185383768199287,-0.0015426166867437174,-0.013343246959762103,0.9954128440366973,8.40978593272171e-05,9.182383074899402e-05,0.0021462958177088844,0.004935045822845392,0.004692106732429554,0.00527864598112217,0.002528144128704355,0.04204892966360857,4.204892966360857e-05,4.204892966360857e-05,0.0016764894471563202,0.04204892966360857,4.204892966360857e-05,4.204892966360857e-05,-0.0015846656164073259,0.49885321100917435,0.5026758409785933
2010-12-07,-0.0021731431186831143,-0.0022419504581326554,0.06880733944954129,6.880733944954129e-05,-0.0018485066571333364,-0.00032463646154977767,-0.1997049399439019,0.9954128440366973,6.880733944954111e-05,-0.0022419504581326554,0.00031328707395845566,0.0013185203639787984,-0.005087483813624464,-0.004860117584079763,-0.003128209501133461,0.030581039755351685,3.0581039755351684e-05,3.0581039755351684e-05,-0.001879087696888688,0.03822629969418961,3.822629969418961e-05,3.822629969418961e-05,-0.00036286276124396726,0.49885321100917435,0.5026758409785933
2010-12-08,-0.003076160902024348,-0.003118209831687957,0.04204892966360857,4.204892966360857e-05,-0.0003518316028281776,-0.0027243292991961706,-0.1632497562268131,0.9954128440366973,4.204892966360894e-05,-0.0031182098316879566,0.005489599557262964,0.005278155945530515,0.0035485054122209782,0.002540459957773261,-0.002328151212218254,0.019113149847094803,1.9113149847094803e-05,1.9113149847094803e-05,-0.00037094475267527243,0.022935779816513763,2.293577981651376e-05,2.293577981651376e-05,-0.0027472650790126845,0.49885321100917435,0.5026758409785933
2010-12-09,-0.0018183144712527767,-0.001875653920794061,0.05733944954128441,5.733944954128441e-05,-0.00447843062402751,0.0026601161527747327,-0.15904786615429953,0.9954128440366973,5.733944954128419e-05,-0.0018756539207940611,-0.005288934383816398,-0.005297934707816711,-0.005161046376640586,-0.007402514115590023,-0.009764920542729084,0.030581039755351685,3.0581039755351684e-05,3.0581039755351684e-05,-0.004509011663782861,0.026758409785932726,2.6758409785932723e-05,2.6758409785932723e-05,0.0026333577429888,0.49885321100917435,0.5026758409785933
2010-12-10,1.3983709794690869e-05,-5.308288969165949e-05,0.06706659948635052,6.706659948635052e-05,0.0024046523298695004,-0.0023906686200748095,-0.003926574084845914,0.9931350114416476,6.706659948635036e-05,-5.308288969165965e-05,0.004468696888378536,0.005369838758765606,0.0018351633576415914,0.00238608674705531,0.0059852848567599655,0.0354314935723833,3.54314935723833e-05,3.54314935723833e-05,0.002369220836297117,0.03163510591396722,3.163510591396722e-05,3.163510591396722e-05,-0.0024223037259887767,0.5015255530129672,0.5015255530129672
2010-12-13,-0.001743424088009598,-0.001800632325995868,0.057208237986270026,5.720823798627003e-05,-0.0008842655922275091,-0.0008591584957820889,-0.11092606653751061,0.9931350114416476,5.720823798627001e-05,-0.001800632325995868,0.0016248036692483034,0.0018916927517290353,0.002557165168085672,1.5924521095737038e-05,-0.002642581306246789,0.01906941266209001,1.906941266209001e-05,1.906941266209001e-05,-0.000903335004889599,0.03813882532418002,3.813882532418002e-05,3.813882532418002e-05,-0.000897297321106269,0.5015255530129672,0.5015255530129672
2010-12-14,0.0009219264666419686,0.0008532765810584446,0.06864988558352403,6.864988558352403e-05,-5.423819169657056e-05,0.0009761646583385391,0.09966886481515258,0.9931350114416476,6.864988558352399e-05,0.0008532765810584446,-0.0024432875274292875,-0.0009411740460364978,-0.0017169195815881489,-0.0008650185030757723,0.0002659892161472192,0.034324942791762014,3.432494279176202e-05,3.432494279176202e-05,-8.856313448833258e-05,0.034324942791762014,3.432494279176202e-05,3.432494279176202e-05,0.0009418397155467771,0.5015255530129672,0.5015255530129672
2010-12-15,-0.001305857723905296,-0.0013803677531973072,0.07451002929201117,7.451002929201118e-05,-0.0025194902953242673,0.0012136325714189712,-0.14926068005471088,0.9908675799086758,7.451002929201116e-05,-0.0013803677531973072,-0.002582660561820321,-0.002107322076522239,0.0006553766113936802,-0.0022556657028990025,-0.006409097631080806,0.04296713095026634,4.296713095026634e-05,4.296713095026634e-05,-0.0025624574262745337,0.031542898341744834,3.1542898341744835e-05,3.1542898341744835e-05,0.0011820896730772264,0.5003805175038052,0.5003805175038052
2010-12-16,-0.00016761347900547086,-0.00024752215480455765,0.07990867579908675,7.990867579908676e-05,0.0006211879050070166,-0.0007888013840124875,-0.0301315769675533,0.9908675799086758,7.990867579908678e-05,-0.00024752215480455765,0.0014702061502777385,0.00179123821825381,0.002859071088883846,8.439837256485153e-05,0.0018133733207871922,0.045662100456621,4.5662100456621006e-05,4.5662100456621006e-05,0.0005755258045503956,0.03424657534246575,3.424657534246575e-05,3.424657534246575e-05,-0.0008230479593549533,0.5003805175038052,0.5003805175038052
2010-12-17,0.00038212803423778613,0.00030602453347675107,0.076103500761035,7.6103500761035e-05,-0.0007499645112637054,0.0011320925455014913,0.023702497257666332,0.9908675799086758,7.610350076103507e-05,0.0003060245334767511,-0.0021222932364698545,-0.002546025658584937,-0.0008689348808013881,-0.0005362989137505858,-0.0019745644410449014,0.04185692541856925,4.185692541856925e-05,4.185692541856925e-05,-0.0007918214366822746,0.03424657534246575,3.424657534246575e-05,3.424657534246575e-05,0.0010978459701590257,0.5003805175038052,0.5003805175038052
2010-12-20,-0.0008009836050321863,-0.0008846974558693249,0.0837138508371385,8.37138508371385e-05,-0.0009921120372229702,0.00019112843219078386,-0.03948879744310644,0.9908675799086758,8.371385083713861e-05,-0.0008846974558693248,-0.0011640601213189156,0.001200200889570726,-0.0007434385181013753,-0.00035155769748154334,-0.002789025949338062,0.05707762557077625,5.7077625570776254e-05,5.7077625570776254e-05,-0.0010491896627937464,0.02663622526636225,2.6636225266362252e-05,2.6636225266362252e-05,0.0001644922069244216,0.5003805175038052,0.5003805175038052
2010-12-21,-0.001553849473100415,-0.0016375633239375535,0.0837138508371385,8.37138508371385e-05,-0.0026771952488519528,0.0011233457757515379,-0.11807165775675821,0.9908675799086758,8.371385083713861e-05,-0.0016375633239375533,-0.0019492932735830958,-0.0028431600411998104,-0.005138992956940034,-0.0034102741396764215,-0.006309318026390556,0.045662100456621,4.5662100456621006e-05,4.5662100456621006e-05,-0.002722857349308574,0.0380517503805175,3.80517503805175e-05,3.80517503805175e-05,0.0010852940253710203,0.5003805175038052,0.5003805175038052
2010-12-22,0.0009642667085470978,0.0009033839079382697,0.060882800608828,6.0882800608828e-05,0.0009548394551700635,9.427253377034211e-06,0.06715941206714891,0.9908675799086758,6.08828006088281e-05,0.0009033839079382698,0.0003175956191535857,-0.0006994459005287383,0.0007585051245928514,0.0029000861708010127,0.001417932504418735,0.0380517503805175,3.80517503805175e-05,3.80517503805175e-05,0.000916787704789546,0.0228310502283105,2.2831050228310503e-05,2.2831050228310503e-05,-1.3403796851276292e-05,0.5003805175038052,0.5003805175038052
2010-12-24,-5.1798583267325186e-05,-0.0001240969089903084,0.07229832572298325,7.229832572298326e-05,-0.0006056278212579541,0.000553829237990629,-0.024907986402282093,0.9908675799086758,7.229832572298322e-05,-0.00012409690899030845,-0.0003583462034702138,-0.0026209622491622634,-0.0006787131773729228,-0.0024526533218218118,-0.0005962337719016083,0.03424657534246575,3.424657534246575e-05,3.424657534246575e-05,-0.0006398743966004198,0.0380517503805175,3.80517503805175e-05,3.80517503805175e-05,0.0005157774876101115,0.5003805175038052,0.5003805175038052
2010-12-27,0.0006607340319930441,0.0005846305312320092,0.076103500761035,7.6103500761035e-05,0.0011267239236474342,-0.00046598989165438996,0.07540274413191973,0.9908675799086758,7.610350076103496e-05,0.0005846305312320092,0.0011284514263355217,0.0005323774254999491,0.0036514401365923504,0.0017181921216323996,0.0025154737482220037,0.03424657534246575,3.424657534246575e-05,3.424657534246575e-05,0.0010924773483049685,0.04185692541856925,4.185692541856925e-05,4.185692541856925e-05,-0.0005078468170729592,0.5003805175038052,0.5003805175038052
2010-12-28,-0.000948194465349888,-0.0010090772659587161,0.060882800608828,6.0882800608828e-05,-0.00040511023156328843,-0.0005430842337865997,-0.090546875831462,0.9885844748858448,6.08828006088281e-05,-0.0010090772659587161,0.0009502924162455525,0.0013585472186094206,-0.0023346906249323658,-0.0021052949797579065,-0.00016912087767458246,0.04185692541856925,4.185692541856925e-05,4.185692541856925e-05,-0.0004469671569818577,0.01902587519025875,1.902587519025875e-05,1.902587519025875e-05,-0.0005621101089768585,0.5003805175038052,0.5003805175038052
2010-12-29,0.0023471887962227033,0.002293916345689979,0.0532724505327245,5.3272450532724505e-05,0.0056070000230635745,-0.0032598112268408717,0.26767976429937246,0.9885844748858448,5.327245053272445e-05,0.002293916345689979,0.005840828504824477,0.007877827172166141,0.00931222022802626,0.011714071370793671,0.010954062516267987,0.01902587519025875,1.902587519025875e-05,1.902587519025875e-05,0.005587974147873316,0.03424657534246575,3.424657534246575e-05,3.424657534246575e-05,-0.0032940578021833375,0.5003805175038052,0.5003805175038052
2010-12-30,0.0017346311405935341,0.0016889690401369131,0.045662100456621,4.5662100456621006e-05,-0.001299931620064818,0.003034562760658352,0.12818884137182374,0.9908675799086758,4.566210045662102e-05,0.0016889690401369131,-0.006808793105170813,-0.004558834488413412,-0.005620425036917092,-0.004895690607600008,-0.0014620396400276574,0.030441400304414,3.0441400304414e-05,3.0441400304414e-05,-0.0013303730203692318,0.015220700152207,1.5220700152207e-05,1.5220700152207e-05,0.003019342060506145,0.5003805175038052,0.5003805175038052
2011-01-04,0.0018051272494678768,0.0017366340987829455,0.0684931506849315,6.84931506849315e-05,0.002623636000782534,-0.0008185087513146574,0.15774695957860727,0.9908675799086758,6.849315068493131e-05,0.0017366340987829453,0.00016390814290652588,0.004613337546430292,0.0021377716038376714,0.0026651730961439533,0.006517687628674865,0.03424657534246575,3.424657534246575e-05,3.424657534246575e-05,0.0025893894254400683,0.03424657534246575,3.424657534246575e-05,3.424657534246575e-05,-0.0008527553266571232,0.5003805175038052,0.5003805175038052
2011-01-05,-0.0009975567101437707,-0.0010584395107525988,0.060882800608828,6.0882800608828e-05,-0.0022976507889528874,0.0013000940788091167,-0.016644249686865682,0.9908675799086758,6.08828006088281e-05,-0.0010584395107525988,-0.0017630078251443424,-0.004287816903409972,-0.00027898479370990794,-0.0037735289378799637,-0.004996296801580005,0.045662100456621,4.5662100456621006e-05,4.5662100456621006e-05,-0.0023433128894095085,0.015220700152207,1.5220700152207e-05,1.5220700152207e-05,0.0012848733786569096,0.5003805175038052,0.5003805175038052
2011-01-06,0.00035967999278399706,0.00029499201713711735,0.06468797564687975,6.468797564687976e-05,0.0001458145881924418,0.0002138654045915552,-0.02026526779819507,0.9908675799086758,6.46879756468797e-05,0.0002949920171371173,-0.0012874430525284637,0.0013124404665711283,-0.0018808259236621392,-0.0017286089348844775,0.0012899382095960057,0.045662100456621,4.5662100456621006e-05,4.5662100456621006e-05,0.00010015248773582079,0.01902587519025875,1.902587519025875e-05,1.902587519025875e-05,0.00019483952940129646,0.5003805175038052,0.5003805175038052
2011-01-07,0.004028040677236976,0.003970963051666199,0.05707762557077625,5.7077625570776254e-05,0.004283571497201043,-0.000255530819964068,0.26791431074301186,0.9908675799086758,5.70776255707766e-05,0.003970963051666199,0.00025186135197150937,0.0010342459888060744,0.0011412941292433777,0.0075853105749951995,0.009042745221047081,0.02663622526636225,2.6636225266362252e-05,2.6636225266362252e-05,0.004256935271934681,0.030441400304414,3.0441400304414e-05,3.0441400304414e-05,-0.000285972220268482,0.5003805175038052,0.5003805175038052
2011-01-11,-5.710266923956636e-06,-7.800859264693985e-05,0.07229832572298325,7.229832572298326e-05,-0.002319048476868884,0.002313338209944927,-0.005170376997940085,0.9908675799086758,7.229832572298322e-05,-7.80085926469399e-05,-0.005418032806132038,-0.0030151355088254626,-0.0032360150169015935,-0.00539544276066855,-0.004258456586727964,0.0380517503805175,3.80517503805175e-05,3.80517503805175e-05,-0.0023571002272494016,0.03424657534246575,3.424657534246575e-05,3.424657534246575e-05,0.0022790916346024613,0.5003805175038052,0.5003805175038052
2011-01-12,-0.000631733725236176,-0.0007192527511113663,0.08751902587519025,8.751902587519026e-05,-0.004478709200846575,0.0038469754756103986,-0.052996822966535274,0.9908675799086758,8.751902587519032e-05,-0.0007192527511113662,-0.007103115313186654,-0.008871517412183616,-0.008034298334991969,-0.008963702314399032,-0.008944133264842296,0.045662100456621,4.5662100456621006e-05,4.5662100456621006e-05,-0.004524371301303195,0.04185692541856925,4.185692541856925e-05,4.185692541856925e-05,0.0038051185501918293,0.5003805175038052,0.5003805175038052
2011-01-13,-0.0017626245262270654,-0.0018425332020261522,0.07990867579908675,7.990867579908676e-05,0.001738149919580017,-0.0035007744458070826,-0.11952332387355136,0.9908675799086758,7.990867579908689e-05,-0.001842533202026152,0.007881503671278796,0.005205314972082003,0.005782852126381237,0.006035924050576133,0.002207080712108713,0.0380517503805175,3.80517503805175e-05,3.80517503805175e-05,0.0017000981691994994,0.04185692541856925,4.185692541856925e-05,4.185692541856925e-05,-0.003542631371225652,0.5003805175038052,0.5003805175038052
2011-01-14,-0.0008335832667216665,-0.0008982712423685462,0.06468797564687975,6.468797564687976e-05,-0.0006828341720292271,-0.00015074909469243934,-0.060789784756625,0.9908675799086758,6.46879756468797e-05,-0.0008982712423685462,0.001706721365997817,-0.002541945244198502,0.0018849181470251433,-0.0004097720003328286,-0.0018366333908500323,0.030441400304414,3.0441400304414e-05,3.0441400304414e-05,-0.0007132755723336412,0.03424657534246575,3.424657534246575e-05,3.424657534246575e-05,-0.00018499567003490508,0.5003805175038052,0.5003805175038052
2011-01-17,0.0007851126774351186,0.0006861781264457731,0.0989345509893455,9.893455098934551e-05,0.0012939951911370012,-0.0005088825137018826,0.08320187135601748,0.9908675799086758,9.893455098934547e-05,0.0006861781264457731,0.0009671434220257576,0.0011178322635077716,0.0012634185834462523,0.004360595543984236,0.0017088185234942004,0.04946727549467275,4.9467275494672755e-05,4.9467275494672755e-05,0.0012445279156423285,0.04946727549467275,4.9467275494672755e-05,4.9467275494672755e-05,-0.0005583497891965553,0.5003805175038052,0.5003805175038052
2011-01-18,0.0013109323604203217,0.0012500495598114936,0.060882800608828,6.0882800608828e-05,-0.0005898205886412583,0.00190075294906158,0.0725497629427323,0.9908675799086758,6.08828006088281e-05,0.0012500495598114936,-0.0034573307496333435,-0.004489029173463196,-0.002772904960192637,-0.0033895846965216305,-8.588541359354245e-05,0.0228310502283105,2.2831050228310503e-05,2.2831050228310503e-05,-0.0006126516388695688,0.0380517503805175,3.80517503805175e-05,3.80517503805175e-05,0.0018627011986810625,0.5003805175038052,0.5003805175038052
2011-01-19,-0.00345252229505591,-0.0035210154457408415,0.0684931506849315,6.84931506849315e-05,-0.00028384642655393305,-0.0031686758685019766,-0.26300324896352817,0.9908675799086758,6.849315068493175e-05,-0.003521015445740841,0.006064454222071965,0.006874851648275553,0.004153228662268508,0.005005153989855774,-0.003321807266557952,0.0380517503805175,3.80517503805175e-05,3.80517503805175e-05,-0.00032189817693445053,0.030441400304414,3.0441400304414e-05,3.0441400304414e-05,-0.003199117268806391,0.5003805175038052,0.5003805175038052
2011-01-20,-0.005578950227587824,-0.005628417503082496,0.04946727549467275,4.9467275494672755e-05,-0.0015394394903455806,-0.004039510737242243,-0.3562362080525706,0.9908675799086758,4.94672754946723e-05,-0.005628417503082497,0.008463142138453617,0.007283377323295246,0.005044914514065972,0.0004089374470873823,-0.0047994713296718155,0.01902587519025875,1.902587519025875e-05,1.902587519025875e-05,-0.0015584653655358394,0.030441400304414,3.0441400304414e-05,3.0441400304414e-05,-0.004069952137546656,0.5003805175038052,0.5003805175038052
2011-01-21,0.0024643880110518214,0.0024073103854810453,0.05707762557077625,5.7077625570776254e-05,0.0022128511304291706,0.0002515368806226509,0.15924486645046054,0.9908675799086758,5.7077625570776166e-05,0.0024073103854810453,-0.0008332951099724065,0.00016611672298710625,0.0002502048364636755,0.001266933562452643,0.0059821098535238195,0.02663622526636225,2.6636225266362252e-05,2.6636225266362252e-05,0.002186214905162808,0.030441400304414,3.0441400304414e-05,3.0441400304414e-05,0.00022109548031823688,0.5003805175038052,0.5003805175038052
2011-01-24,0.001984602626348701,0.001923719825739873,0.060882800608828,6.0882800608828e-05,-0.0011419606598078228,0.0031265632861565236,0.12232624761043559,0.9908675799086758,6.08828006088281e-05,0.001923719825739873,-0.00669038027147818,-0.00535419236119206,-0.005114560536625249,-0.006125248971411656,-0.0003824878538760092,0.030441400304414,3.0441400304414e-05,3.0441400304414e-05,-0.0011724020601122367,0.030441400304414,3.0441400304414e-05,3.0441400304414e-05,0.0030961218858521094,0.5003805175038052,0.5003805175038052
2011-01-25,-0.00014672447265534175,-0.00021141244830222156,0.06468797564687975,6.468797564687976e-05,0.001762237719253914,-0.001908962191909256,-0.020941557190455762,0.9908675799086758,6.468797564687981e-05,-0.0002114124483022215,0.00388133118472382,0.0036808763167369266,0.0012618604262489193,0.0039870530523094415,0.0032918098277780446,0.03424657534246575,3.424657534246575e-05,3.424657534246575e-05,0.0017279911439114484,0.030441400304414,3.0441400304414e-05,3.0441400304414e-05,-0.00193940359221367,0.5003805175038052,0.5003805175038052
2011-01-26,0.0016888770254724246,0.0016051631746352862,0.0837138508371385,8.37138508371385e-05,-0.0005662341252635065,0.0022551111507359313,0.09827797226215279,0.9908675799086758,8.371385083713839e-05,0.001605163174635286,-0.005626911345541182,-0.0022408048736960624,-0.0009734395094707525,-0.001086214845750697,-0.0011540452537397066,0.0380517503805175,3.80517503805175e-05,3.80517503805175e-05,-0.000604285875644024,0.045662100456621,4.5662100456621006e-05,4.5662100456621006e-05,0.0022094490502793103,0.5003805175038052,0.5003805175038052
2011-01-27,0.0016880915514337126,0.0016462346260151433,0.04185692541856925,4.185692541856925e-05,0.00021240929344324116,0.0014756822579904713,-0.002319157361326361,0.9908675799086758,4.1856925418569304e-05,0.0016462346260151433,-0.004202986495973052,-0.0004125628909026966,-0.0012156976345900836,-0.0012738207228205746,0.001264004133631577,0.015220700152207,1.5220700152207e-05,1.5220700152207e-05,0.00019718859329103416,0.02663622526636225,2.6636225266362252e-05,2.6636225266362252e-05,0.001449046032724109,0.5003805175038052,0.5003805175038052
2011-01-28,0.0030014499574304073,0.002944372331859631,0.05707762557077625,5.7077625570776254e-05,0.004831291320065604,-0.0018298413626351966,0.1602244364774967,0.9908675799086758,5.7077625570776166e-05,0.002944372331859631,0.0024611069589588574,0.0060759746600494305,0.007210347137864783,0.008710772099351055,0.010122099688539431,0.03424657534246575,3.424657534246575e-05,3.424657534246575e-05,0.0047970447447231385,0.0228310502283105,2.2831050228310503e-05,2.2831050228310503e-05,-0.0018526724128635071,0.5003805175038052,0.5003805175038052
2011-01-31,0.0035129916540899355,0.0034444985034050037,0.0684931506849315,6.84931506849315e-05,0.003274652224314146,0.00023833942977578902,0.15002284513494044,0.9908675799086758,6.849315068493175e-05,0.003444498503405004,-0.0006198198653380507,-0.00018601043667422742,0.0027235719647266433,0.004935716186347554,0.007339488073223171,0.045662100456621,4.5662100456621006e-05,4.5662100456621006e-05,0.003228990123857525,0.0228310502283105,2.2831050228310503e-05,2.2831050228310503e-05,0.0002155083795474785,0.5003805175038052,0.5003805175038052
2011-02-01,0.0019586670009766423,0.0018901738502917105,0.0684931506849315,6.84931506849315e-05,-0.003474003209469231,0.005432670210445873,0.12764819152773949,0.9908675799086758,6.849315068493175e-05,0.0018901738502917107,-0.011821990955469174,-0.00890506959135375,-0.008024859977289594,-0.0059033735666297734,-0.007456491969319531,0.0380517503805175,3.80517503805175e-05,3.80517503805175e-05,-0.0035120549598497484,0.030441400304414,3.0441400304414e-05,3.0441400304414e-05,0.005402228810141459,0.5003805175038052,0.5003805175038052
2011-02-02,-0.00018866736968562367,-0.00027238122052276225,0.0837138508371385,8.37138508371385e-05,0.00189049757133229,-0.0020791649410179134,-0.0016904298885561104,0.9908675799086758,8.371385083713858e-05,-0.0002723812205227622,0.0031639594525463693,0.0061603704523086715,0.001666059726310157,0.003166322968440167,0.004080542188852029,0.04946727549467275,4.9467275494672755e-05,4.9467275494672755e-05,0.0018410302958376172,0.03424657534246575,3.424657534246575e-05,3.424657534246575e-05,-0.0021134115163603793,0.5003805175038052,0.5003805175038052
2011-02-03,-0.000125499025766954,-0.000201602526527989,0.076103500761035,7.6103500761035e-05,0.0003876865758266402,-0.0005131856015935942,0.023262109114236318,0.9908675799086758,7.610350076103501e-05,-0.000201602526527989,0.0020547599324122986,-0.0010564068495054187,0.003760607839644585,-0.0003400902880399125,0.0013258859051929232,0.03424657534246575,3.424657534246575e-05,3.424657534246575e-05,0.00035344000048417445,0.04185692541856925,4.185692541856925e-05,4.185692541856925e-05,-0.0005550425270121635,0.5003805175038052,0.5003805175038052
2011-02-04,0.002457010754322187,0.0023961279537133592,0.060882800608828,6.0882800608828e-05,0.001741715153733296,0.0007152956005888911,0.10503748987566008,0.9908675799086758,6.088280060882788e-05,0.0023961279537133592,-0.0023002823895470013,0.00033207279184771304,-0.0007508268846073656,-0.000278508606359051,0.0053390666679287374,0.030441400304414,3.0441400304414e-05,3.0441400304414e-05,0.0017112737534288821,0.030441400304414,3.0441400304414e-05,3.0441400304414e-05,0.0006848542002844771,0.5003805175038052,0.5003805175038052
2011-02-07,-0.0014323112452950433,-0.0014893888708658195,0.05707762557077625,5.7077625570776254e-05,-0.0027002610708130597,0.0012679498255180161,-0.11316955053619092,0.9908675799086758,5.7077625570776166e-05,-0.0014893888708658195,-0.0019852521095943434,-0.003644023643720285,-0.004088145622642008,-0.004899769138071457,-0.005641916498904133,0.030441400304414,3.0441400304414e-05,3.0441400304414e-05,-0.002730702471117474,0.02663622526636225,2.6636225266362252e-05,2.6636225266362252e-05,0.001241313600251654,0.5003805175038052,0.5003805175038052
2011-02-08,-0.0007602702323703625,-0.0008249582080172423,0.06468797564687975,6.468797564687976e-05,-0.002607500285422232,0.0018472300530518696,-0.09429979936650165,0.9908675799086758,6.468797564687981e-05,-0.0008249582080172423,-0.004106104048642678,-0.002853216130148867,-0.0059837106967549495,-0.004461860570952358,-0.005581365229233353,0.030441400304414,3.0441400304414e-05,3.0441400304414e-05,-0.002637941685726646,0.03424657534246575,3.424657534246575e-05,3.424657534246575e-05,0.001812983477709404,0.5003805175038052,0.5003805175038052
2011-02-09,-0.0010939729774476611,-0.0011738816532467478,0.07990867579908675,7.990867579908676e-05,0.0014763980813502892,-0.00257037105879795,-0.06376255152082541,0.9908675799086758,7.990867579908668e-05,-0.0011738816532467478,0.0044185964558928715,0.006589816692724799,0.005300114525024509,0.0026675299379920136,0.003090452994047767,0.0380517503805175,3.80517503805175e-05,3.80517503805175e-05,0.0014383463309697716,0.04185692541856925,4.185692541856925e-05,4.185692541856925e-05,-0.0026122279842165194,0.5003805175038052,0.5003805175038052
2011-02-10,0.0030630408983242335,0.0030059632727534574,0.05707762557077625,5.7077625570776254e-05,-0.00039804478982530614,0.0034610856881495396,0.18574360822483577,0.9908675799086758,5.7077625570776166e-05,0.0030059632727534574,-0.00726192209762628,-0.006218946534588194,-0.00505833597536118,-0.0034261691699103763,0.0005049112286933058,0.01902587519025875,1.902587519025875e-05,1.902587519025875e-05,-0.0004170706650155649,0.0380517503805175,3.80517503805175e-05,3.80517503805175e-05,0.003423033937769022,0.5003805175038052,0.5003805175038052
2011-02-14,0.002953119713852564,0.002880821388129581,0.07229832572298325,7.229832572298326e-05,0.001408215970616782,0.001544903743235782,0.1767956551305769,0.9908675799086758,7.229832572298303e-05,0.0028808213881295805,-0.003306588034630244,-0.0026441599235609674,-0.0028270144686902386,-0.0018416199164030668,0.005115791175472998,0.0380517503805175,3.80517503805175e-05,3.80517503805175e-05,0.0013701642202362644,0.03424657534246575,3.424657534246575e-05,3.424657534246575e-05,0.0015106571678933163,0.5003805175038052,0.5003805175038052
2011-02-15,0.00013596804429579667,7.508524368696867e-05,0.060882800608828,6.0882800608828e-05,0.000580735740705066,-0.0004447676964092694,-0.03140209676134889,0.9908675799086758,6.0882800608828e-05,7.508524368696867e-05,0.0012398619786493498,0.00017878382747616619,-0.00151281703872413,-0.0018136998253558915,0.0026308328984121897,0.030441400304414,3.0441400304414e-05,3.0441400304414e-05,0.000550294340400652,0.030441400304414,3.0441400304414e-05,3.0441400304414e-05,-0.0004752090967136834,0.5003805175038052,0.5003805175038052
2011-02-16,-0.0011209427465721394,-0.001189435897257071,0.0684931506849315,6.84931506849315e-05,-0.0028265133990571906,0.0017055706524850515,-0.0771468279759504,0.9908675799086758,6.849315068493153e-05,-0.001189435897257071,-0.004359080045234418,-0.0014856304251136257,-0.00499555642172681,-0.0035372962461294568,-0.006692446983699982,0.04185692541856925,4.185692541856925e-05,4.185692541856925e-05,-0.00286837032447576,0.02663622526636225,2.6636225266362252e-05,2.6636225266362252e-05,0.0016789344272186892,0.5003805175038052,0.5003805175038052
2011-02-17,0.0005073323060414052,0.00044644950543257716,0.060882800608828,6.0882800608828e-05,0.0012382194604480365,-0.0007308871544066313,-0.04244732499066928,0.9908675799086758,6.0882800608828044e-05,0.0004464495054325772,0.0018652424612809334,0.0006422024732262194,-0.002170398156605472,-0.0019153159352128923,0.004644549061221645,0.030441400304414,3.0441400304414e-05,3.0441400304414e-05,0.0012077780601436226,0.030441400304414,3.0441400304414e-05,3.0441400304414e-05,-0.0007613285547110454,0.5003805175038052,0.5003805175038052
2011-02-18,-0.0002351554176813582,-0.0002960382182901862,0.060882800608828,6.0882800608828e-05,-0.0009823902642550674,0.0007472348465737092,-0.03679347520926694,0.9908675799086758,6.088280060882802e-05,-0.0002960382182901862,-0.0020165506452657416,-0.0004348703654295524,-0.0011181500521542979,-0.0023108876239099985,-0.0017914607932516676,0.02663622526636225,2.6636225266362252e-05,2.6636225266362252e-05,-0.0010090264895214296,0.03424657534246575,3.424657534246575e-05,3.424657534246575e-05,0.0007129882712312434,0.5003805175038052,0.5003805175038052
2011-02-21,-0.00459905687697216,-0.00466374485261904,0.06468797564687975,6.468797564687976e-05,-0.002335094796539873,-0.0022639620804322867,-0.27262103242394403,0.9908675799086758,6.468797564688003e-05,-0.00466374485261904,0.005211916159556748,0.0031338071884278434,0.0015095359120954226,-0.0009693163719295419,-0.006494291481269814,0.03424657534246575,3.424657534246575e-05,3.424657534246575e-05,-0.002369341371882339,0.030441400304414,3.0441400304414e-05,3.0441400304414e-05,-0.002294403480736701,0.5003805175038052,0.5003805175038052
2011-02-22,0.0011768916088101156,0.0011122036331632358,0.06468797564687975,6.468797564687976e-05,0.0024740353838189908,-0.001297143775008875,0.07431673754295219,0.9931506849315068,6.468797564687981e-05,0.0011122036331632358,0.002719586441590949,0.0023348454531569845,0.00560450321537346,0.004017280489107807,0.005402554518084559,0.0228310502283105,2.2831050228310503e-05,2.2831050228310503e-05,0.0024512043335906805,0.04185692541856925,4.185692541856925e-05,4.185692541856925e-05,-0.0013390007004274443,0.5003805175038052,0.5003805175038052
2011-02-23,-0.0029071996059019042,-0.0029642772314726804,0.05707762557077625,5.7077625570776254e-05,-0.0015771559265471988,-0.0013300436793547055,-0.22167852149687217,0.9931506849315068,5.7077625570776166e-05,-0.0029642772314726804,0.0030284633440382804,0.0019087518312424817,0.000114390661179838,6.82664211425481e-05,-0.004743706441094371,0.02663622526636225,2.6636225266362252e-05,2.6636225266362252e-05,-0.001603792151813561,0.030441400304414,3.0441400304414e-05,3.0441400304414e-05,-0.0013604850796591194,0.5003805175038052,0.5003805175038052
2011-02-24,0.005265988747765603,0.005205105947156775,0.060882800608828,6.0882800608828e-05,0.005577055331611134,-0.0003110665838455314,0.3061120773482113,0.9931506849315068,6.0882800608828315e-05,0.005205105947156775,0.0007641461633216621,0.0003334123186735493,0.0027009727009873244,0.006457140999347161,0.013463233041770507,0.0380517503805175,3.80517503805175e-05,3.80517503805175e-05,0.005539003581230617,0.0228310502283105,2.2831050228310503e-05,2.2831050228310503e-05,-0.0003338976340738419,0.5003805175038052,0.5003805175038052
2011-02-25,0.0045877814857020315,0.004538314210207359,0.04946727549467275,4.9467275494672755e-05,0.00291615119609447,0.0016716302896075614,0.33726071053172524,0.9931506849315068,4.94672754946723e-05,0.004538314210207358,-0.004628635644811898,-0.0007352759394349445,0.001209354745629563,0.0024498978425822925,0.0074976588429692854,0.02663622526636225,2.6636225266362252e-05,2.6636225266362252e-05,0.0028895149708281077,0.0228310502283105,2.2831050228310503e-05,2.2831050228310503e-05,0.0016487992393792509,0.5003805175038052,0.5003805175038052
2011-02-28,0.0004482663006786101,0.00037216279991757515,0.076103500761035,7.6103500761035e-05,-0.004081835320025113,0.004530101620703723,0.03632024515370945,0.9931506849315068,7.610350076103496e-05,0.0003721627999175751,-0.009148384643057594,-0.008860985226020003,-0.006200349615705777,-0.00861621739402388,-0.007930691652983646,0.04185692541856925,4.185692541856925e-05,4.185692541856925e-05,-0.004123692245443682,0.03424657534246575,3.424657534246575e-05,3.424657534246575e-05,0.004495855045361257,0.5003805175038052,0.5003805175038052
2011-03-01,0.0015786508683060954,0.0015025473675450605,0.076103500761035,7.6103500761035e-05,0.003413399892954347,-0.0018347490246482514,0.10195805154117653,0.9931506849315068,7.610350076103496e-05,0.0015025473675450605,0.0029958080762562097,0.005023929493494577,0.0044788999393266405,0.004849466044182205,0.007796474078937233,0.04185692541856925,4.185692541856925e-05,4.185692541856925e-05,0.0033715429675357776,0.03424657534246575,3.424657534246575e-05,3.424657534246575e-05,-0.001868995599990717,0.5003805175038052,0.5003805175038052
2011-03-02,0.00123322983028249,0.0011761522047117141,0.05707762557077625,5.7077625570776254e-05,0.0032109440851732464,-0.001977714254890756,0.07670004679730062,0.9931506849315068,5.707762557077595e-05,0.001176152204711714,0.003561812737488031,0.0047426157537090565,0.005541776066483061,0.004211434757513611,0.007507257882178262,0.03424657534246575,3.424657534246575e-05,3.424657534246575e-05,0.0031766975098307805,0.0228310502283105,2.2831050228310503e-05,2.2831050228310503e-05,-0.002000545305119066,0.5003805175038052,0.5003805175038052
2011-03-03,-0.0004264639407069862,-0.0004835415662777625,0.05707762557077625,5.7077625570776254e-05,-0.0028744477072616685,0.002447983766554682,-0.05469671412972328,0.9931506849315068,5.707762557077633e-05,-0.00048354156627776246,-0.005193345444251243,-0.004283120339228993,-0.005997155922982801,-0.0063695678582213365,-0.005435552904951572,0.030441400304414,3.0441400304414e-05,3.0441400304414e-05,-0.0029048891075660827,0.02663622526636225,2.6636225266362252e-05,2.6636225266362252e-05,0.0024213475412883196,0.5003805175038052,0.5003805175038052
2011-03-04,-0.0001234663978736913,-0.00018815437352057108,0.06468797564687975,6.468797564687976e-05,0.0003751616350664073,-0.0004986280329400985,0.009577264384338504,0.9931506849315068,6.468797564687979e-05,-0.00018815437352057106,0.0008408797636843472,0.0013113109851134565,0.0017159521046049087,0.00017377090085285904,0.0010344709489585506,0.0380517503805175,3.80517503805175e-05,3.80517503805175e-05,0.0003371098846858898,0.02663622526636225,2.6636225266362252e-05,2.6636225266362252e-05,-0.0005252642582064608,0.5003805175038052,0.5003805175038052
2011-03-07,-0.00043445765990999917,-0.0005029508105949306,0.0684931506849315,6.84931506849315e-05,0.001392049098235,-0.0018265067581449993,-0.030625698861557256,0.9931506849315068,6.849315068493147e-05,-0.0005029508105949306,0.0037633209379636405,0.0034214651379242634,0.0014333414635031615,0.0017412730330602494,0.0032964218872504228,0.0380517503805175,3.80517503805175e-05,3.80517503805175e-05,0.0013539973478544824,0.030441400304414,3.0441400304414e-05,3.0441400304414e-05,-0.0018569481584494133,0.5003805175038052,0.5003805175038052
2011-03-08,-0.0013335876804495435,-0.0013640290807539574,0.030441400304414,3.0441400304414e-05,-0.0022427019944315897,0.0009091143139820465,-0.07302828102289277,0.9931506849315068,3.044140030441394e-05,-0.0013640290807539574,-0.0021488951567430878,-0.0011451142050825306,-0.00239388498323263,-0.0029736507263128527,-0.005227594062977418,0.01141552511415525,1.1415525114155251e-05,1.1415525114155251e-05,-0.002254117519545745,0.01902587519025875,1.902587519025875e-05,1.902587519025875e-05,0.0008900884387917877,0.5003805175038052,0.5003805175038052
2011-03-09,-0.003161702324165324,-0.003207364424621945,0.045662100456621,4.5662100456621006e-05,-0.0020188027334137604,-0.0011428995907515635,-0.2154431092068222,0.9931506849315068,4.566210045662102e-05,-0.003207364424621945,0.002803401526138352,0.0012334408769962286,-0.0006672489444505828,-0.0008406599697328276,-0.005613325564292709,0.02663622526636225,2.6636225266362252e-05,2.6636225266362252e-05,-0.002045438958680123,0.01902587519025875,1.902587519025875e-05,1.902587519025875e-05,-0.0011619254659418223,0.5003805175038052,0.5003805175038052
2011-03-10,-0.011104100947241052,-0.01116878892288793,0.06468797564687975,6.468797564687976e-05,-0.017218308238653907,0.006114207291412856,-0.18651625440820366,0.9931506849315068,6.46879756468783e-05,-0.011168788922887932,-0.015585676574905527,-0.005408600864174994,-0.003520651822798962,-0.02608868828549415,-0.038524016644309676,0.045662100456621,4.5662100456621006e-05,4.5662100456621006e-05,-0.017263970339110528,0.01902587519025875,1.902587519025875e-05,1.902587519025875e-05,0.006095181416222597,0.5003805175038052,0.5003805175038052
2011-03-11,0.003612234786805773,0.003549271708271815,0.06296307853395876,6.296307853395876e-05,0.01635093806688561,-0.012738703280079838,0.04857341126080092,0.9908883826879271,6.296307853395806e-05,0.003549271708271814,0.028516855811958074,0.019224798466379974,0.01744440393988884,0.03428602769700451,0.03179831668351672,0.03337545896131721,3.337545896131721e-05,3.337545896131721e-05,0.016317562607924295,0.029587619572641548,2.958761957264155e-05,2.958761957264155e-05,-0.012768290899652479,0.501138952164009,0.501138952164009
2011-03-14,0.017682532944921184,0.017617992322294,0.06454062262718299,6.4540622627183e-05,0.01594950011652833,0.0017330328283928502,0.2614062224373375,0.9908883826879271,6.454062262718427e-05,0.017617992322294,-0.0036642324837342314,-0.003046099737046917,0.0047232967838008715,0.01718047118626269,0.03914951816475005,0.037965072133637055,3.7965072133637056e-05,3.7965072133637056e-05,0.015911535044394694,0.026575550493545937,2.657555049354594e-05,2.657555049354594e-05,0.0017064572778993042,0.501138952164009,0.501138952164009
2011-03-15,0.0030276380542849715,0.0029175393450974244,0.11009870918754745,0.00011009870918754746,-0.011439785913798784,0.014467423968083756,0.05661117566190481,0.9908883826879271,0.00011009870918754711,0.002917539345097424,-0.03665950586415148,-0.013288249026089348,-0.025920532464692954,-0.02494711577544203,-0.021767801313353985,0.05315110098709187,5.315110098709188e-05,5.315110098709188e-05,-0.011492937014785876,0.05694760820045558,5.6947608200455584e-05,5.6947608200455584e-05,0.0144104763598833,0.501138952164009,0.501138952164009
2011-03-16,0.002141439875440572,0.0020313411662530242,0.11009870918754745,0.00011009870918754746,0.017511693007338007,-0.015370253131897436,0.045343668587639975,0.9908883826879271,0.00011009870918754754,0.0020313411662530242,0.034082178971543815,0.02384756648740747,0.035942081121723965,0.03688633759496523,0.03397251231766319,0.060744115413819286,6.074411541381929e-05,6.074411541381929e-05,0.017450948891924188,0.04935459377372817,4.935459377372817e-05,4.935459377372817e-05,-0.015419607725671164,0.501138952164009,0.501138952164009
2011-03-17,-0.005080483664784301,-0.005224750938892121,0.1442672741078208,0.0001442672741078208,0.004306006374053082,-0.009386490038837384,-0.19661499525466625,0.9908883826879271,0.00014426727410782065,-0.005224750938892121,0.021537277174612693,0.013116388292360224,0.007327319428651396,0.01215685962199443,0.006810230176793488,0.08352315869400152,8.352315869400152e-05,8.352315869400152e-05,0.00422248321535908,0.060744115413819286,6.074411541381929e-05,6.074411541381929e-05,-0.009447234154251203,0.501138952164009,0.501138952164009
2011-03-18,0.0009149803156399885,0.0007821025631722588,0.13287775246772968,0.0001328777524677297,-0.005631138668854801,0.00654611898449479,0.015502152530042846,0.9908883826879271,0.00013287775246772961,0.0007821025631722587,-0.014108841734593662,-0.01096976517890194,-0.011168406830551994,-0.00538115749250096,-0.014164443133026276,0.060744115413819286,6.074411541381929e-05,6.074411541381929e-05,-0.005691882784268621,0.0721336370539104,7.21336370539104e-05,7.21336370539104e-05,0.006473985347440879,0.501138952164009,0.501138952164009
2011-03-22,0.0008484250981625665,0.0007611054322552011,0.08731966590736523,8.731966590736523e-05,0.0002815250866714101,0.0005669000114911562,0.06286918477936021,0.9908883826879271,8.731966590736536e-05,0.0007611054322552012,-0.001856259319788648,0.00031884902533251035,-0.006890035779035468,-0.00035014814812354034,0.0010177298448486953,0.04555808656036446,4.555808656036447e-05,4.555808656036447e-05,0.00023596700011104563,0.04176157934700076,4.176157934700076e-05,4.176157934700076e-05,0.0005251384321441554,0.501138952164009,0.501138952164009
2011-03-23,0.00021551733236937898,0.00013579068088874122,0.07972665148063782,7.972665148063782e-05,0.004625718151179064,-0.0044102008188096845,-0.02924466824212719,0.9908883826879271,7.972665148063776e-05,0.00013579068088874117,0.00819037828544712,0.01002030923988919,0.008621974918418438,0.010648655743361395,0.008521287594462091,0.03416856492027335,3.416856492027335e-05,3.416856492027335e-05,0.004591549586258791,0.04555808656036446,4.555808656036447e-05,4.555808656036447e-05,-0.004455758905370049,0.501138952164009,0.501138952164009
2011-03-24,-0.0037539140664605035,-0.0038070651674475954,0.05315110098709187,5.315110098709188e-05,-0.0035134014317948826,-0.00024051263466562124,-0.17060109018758282,0.9908883826879271,5.315110098709193e-05,-0.0038070651674475954,0.001345390941197501,-0.0012509857921467146,0.0010318669754640721,-0.0056003902196027485,-0.007716054175821036,0.03416856492027335,3.416856492027335e-05,3.416856492027335e-05,-0.003547569996715156,0.018982536066818528,1.8982536066818528e-05,1.8982536066818528e-05,-0.0002594951707324398,0.501138952164009,0.501138952164009
2011-03-25,0.0003954623920483986,0.0003309217694212157,0.06454062262718299,6.4540622627183e-05,-0.007920802239812437,0.008316264631860837,0.02141202471947132,0.9908883826879271,6.454062262718291e-05,0.0003309217694212156,-0.02035990720642251,-0.009064369769703711,-0.012386228710762155,-0.011377335379175997,-0.018019733560032412,0.030372057706909643,3.0372057706909645e-05,3.0372057706909645e-05,-0.007951174297519346,0.03416856492027335,3.416856492027335e-05,3.416856492027335e-05,0.008282096066940563,0.501138952164009,0.501138952164009
2011-03-28,0.000602712696926741,0.0005267825526594669,0.07593014426727411,7.593014426727411e-05,0.0034472380784398137,-0.0028445253815130725,-0.01915190462097831,0.9908883826879271,7.593014426727411e-05,0.0005267825526594669,0.006112302137865993,0.004803759030871271,-0.0014817139677257224,0.0019240248613497928,0.009356197908655182,0.037965072133637055,3.7965072133637056e-05,3.7965072133637056e-05,0.0034092730063061765,0.037965072133637055,3.7965072133637056e-05,3.7965072133637056e-05,-0.0028824904536467097,0.501138952164009,0.501138952164009
2011-03-29,0.0008827508734596198,0.0007992277147656183,0.08352315869400152,8.352315869400152e-05,0.003594706585217787,-0.002711955711758167,0.04984349874696947,0.9908883826879271,8.352315869400147e-05,0.0007992277147656182,0.005618604603347546,0.0049975438496026635,0.003078632361996477,0.002586655576871778,0.00946628260413644,0.04176157934700076,4.176157934700076e-05,4.176157934700076e-05,0.003552945005870786,0.04176157934700076,4.176157934700076e-05,4.176157934700076e-05,-0.002753717291105168,0.501138952164009,0.501138952164009
2011-03-30,0.0007344367625057727,0.0006812856615186809,0.05315110098709187,5.315110098709188e-05,0.0020890488004312027,-0.00135461203792543,0.039059126421231105,0.9908883826879271,5.3151100987091824e-05,0.0006812856615186808,0.002968151926631235,0.0021728963919547648,0.003268706967970319,0.002693517987721497,0.004906143892884466,0.026575550493545937,2.657555049354594e-05,2.657555049354594e-05,0.002062473249937657,0.026575550493545937,2.657555049354594e-05,2.657555049354594e-05,-0.001381187588418976,0.501138952164009,0.501138952164009
2011-03-31,0.0017223132746413338,0.0016501796375874233,0.0721336370539104,7.21336370539104e-05,-0.0014622371635826118,0.0031845504382239454,0.06551315937177904,0.9908883826879271,7.213363705391054e-05,0.0016501796375874235,-0.0044268760474570155,-0.01021012484663568,-0.01046254572915563,-0.00789113383555256,-0.0004311747741289475,0.02277904328018223,2.2779043280182233e-05,2.2779043280182233e-05,-0.001485016206862794,0.04935459377372817,4.935459377372817e-05,4.935459377372817e-05,0.003135195844450217,0.501138952164009,0.501138952164009
2011-04-01,0.0014380898887066192,0.0013811422805061636,0.05694760820045558,5.6947608200455584e-05,-8.59633508014386e-05,0.0015240532395080577,0.07087356419029736,0.9908883826879271,5.694760820045561e-05,0.0013811422805061636,-0.002018836174334695,-0.005085864544203848,-0.003256846868406413,0.0010758592474374106,-0.0007952335623675565,0.026575550493545937,2.657555049354594e-05,2.657555049354594e-05,-0.00011253890129498454,0.030372057706909643,3.0372057706909645e-05,3.0372057706909645e-05,0.001493681181801148,0.501138952164009,0.501138952164009
2011-04-04,-0.003908589512386712,-0.003965537120587168,0.05694760820045558,5.6947608200455584e-05,-0.0016120690114922915,-0.0022965205008944204,-0.24658489044912288,0.9908883826879271,5.6947608200456044e-05,-0.003965537120587167,0.005825944822614128,0.0020959171714897066,0.005193321249660736,0.0018316673352141155,-0.005741049322460121,0.02277904328018223,2.2779043280182233e-05,2.2779043280182233e-05,-0.0016348480547724738,0.03416856492027335,3.416856492027335e-05,3.416856492027335e-05,-0.002330689065814694,0.501138952164009,0.501138952164009
2011-04-05,-0.0030287948871158543,-0.003074352973676219,0.04555808656036446,4.555808656036447e-05,-0.0024292363917691588,-0.0005995584953466956,-0.20921104999438725,0.9908883826879271,4.5558086560364575e-05,-0.003074352973676219,0.0005575152830454691,0.0024741446083254163,-0.0026037050533525264,-0.0026941673605897776,-0.005924062519614162,0.030372057706909643,3.0372057706909645e-05,3.0372057706909645e-05,-0.0024596084494760686,0.015186028853454821,1.5186028853454822e-05,1.5186028853454822e-05,-0.0006147445242001504,0.501138952164009,0.501138952164009
2011-04-06,-0.0033339283140332377,-0.0033908759222336933,0.05694760820045558,5.6947608200455584e-05,-0.004226589623398359,0.000892661309365121,-0.18655809498539955,0.9908883826879271,5.694760820045561e-05,-0.0033908759222336933,-0.0024837311565915096,-0.00037633288878909153,-0.0060194671274728636,-0.004548784723724385,-0.010376558851809714,0.018982536066818528,1.8982536066818528e-05,1.8982536066818528e-05,-0.004245572159465178,0.037965072133637055,3.7965072133637056e-05,3.7965072133637056e-05,0.0008546962372314839,0.501138952164009,0.501138952164009
2011-04-07,0.00030658430601520747,0.0002534332050281155,0.05315110098709187,5.315110098709188e-05,0.0009716078393843897,-0.0006650235333691823,0.10993502318726064,0.9908883826879271,5.3151100987091986e-05,0.0002534332050281156,0.0013346549412860736,0.0013117628149151848,0.0010167212964741457,0.0012758904494928466,0.002270253694501852,0.026575550493545937,2.657555049354594e-05,2.657555049354594e-05,0.0009450322888908437,0.026575550493545937,2.657555049354594e-05,2.657555049354594e-05,-0.0006915990838627283,0.501138952164009,0.501138952164009
2011-04-08,-0.0017660857824031587,-0.001842015926670433,0.07593014426727411,7.593014426727411e-05,-0.001502246484244631,-0.0002638392981585275,-0.1313159954922974,0.9908883826879271,7.593014426727422e-05,-0.001842015926670433,0.001615502799134274,-0.0016515676179286358,-0.0034976036557040216,-0.003308875365134317,-0.002842059180501431,0.026575550493545937,2.657555049354594e-05,2.657555049354594e-05,-0.001528822034738177,0.04935459377372817,4.935459377372817e-05,4.935459377372817e-05,-0.0003131938919322557,0.501138952164009,0.501138952164009
2011-04-11,-0.0033207220138155567,-0.003381466129229376,0.060744115413819286,6.074411541381929e-05,-0.0022365131191974764,-0.0010842088946180803,-0.20881596997975033,0.9908883826879271,6.074411541381929e-05,-0.003381466129229376,0.0019945395790795964,0.0025013895428044977,0.001315488946024934,-0.0007774507014417184,-0.006305565053786133,0.030372057706909643,3.0372057706909645e-05,3.0372057706909645e-05,-0.002266885176904386,0.030372057706909643,3.0372057706909645e-05,3.0372057706909645e-05,-0.00111458095232499,0.501138952164009,0.501138952164009
2011-04-12,0.0023837589845786293,0.002334404390804901,0.04935459377372817,4.935459377372817e-05,0.001581762856378743,0.000801996128199886,0.14807380269616596,0.9908883826879271,4.9354593773728254e-05,0.002334404390804901,-0.001110737209066911,-0.0025795660402264044,0.002586033136282068,0.0007132549750107389,0.004377876334882823,0.02277904328018223,2.2779043280182233e-05,2.2779043280182233e-05,0.0015589838130985608,0.026575550493545937,2.657555049354594e-05,2.657555049354594e-05,0.00077542057770634,0.501138952164009,0.501138952164009
2011-04-13,0.0014983707784569525,0.0014490161846832245,0.04935459377372817,4.935459377372817e-05,0.003267874619137375,-0.0017695038406804224,0.060912882669982814,0.9908883826879271,4.935459377372804e-05,0.0014490161846832242,0.002777581795883054,0.005037729854488966,0.0030572502502285467,0.003204504735140816,0.008179090526529417,0.018982536066818528,1.8982536066818528e-05,1.8982536066818528e-05,0.0032488920830705567,0.030372057706909643,3.0372057706909645e-05,3.0372057706909645e-05,-0.001799875898387332,0.501138952164009,0.501138952164009
2011-04-14,0.0003571766788622669,0.0002964325634484476,0.060744115413819286,6.074411541381929e-05,0.0011641841189370418,-0.000807007440074775,-0.011151024073639416,0.9908883826879271,6.074411541381934e-05,0.00029643256344844763,0.001269548896145885,0.002291942201246769,0.0027209222806547427,0.004246262739897275,0.0013614833678697357,0.026575550493545937,2.657555049354594e-05,2.657555049354594e-05,0.0011376085684434959,0.03416856492027335,3.416856492027335e-05,3.416856492027335e-05,-0.0008411760049950483,0.501138952164009,0.501138952164009
2011-04-15,-0.0005169590450600978,-0.0005625171316204623,0.04555808656036446,4.555808656036447e-05,-0.002188198167146059,0.0016712391220859608,-0.06866301132611304,0.9908883826879271,4.555808656036447e-05,-0.0005625171316204623,-0.002781904121854993,-0.004440836864413698,-0.0029205689886092714,-0.003409703710841071,-0.004844823113059827,0.018982536066818528,1.8982536066818528e-05,1.8982536066818528e-05,-0.0022071807032128772,0.026575550493545937,2.657555049354594e-05,2.657555049354594e-05,0.0016446635715924149,0.501138952164009,0.501138952164009
2011-04-18,0.001894611041918314,0.0018642389842114043,0.030372057706909643,3.0372057706909645e-05,0.005890820171312952,-0.003996209129394639,0.1164303718854647,0.9908883826879271,3.0372057706909645e-05,0.0018642389842114043,0.008026088102043624,0.007870584811425203,0.010943429994910154,0.010583854808433331,0.012340368426735969,0.011389521640091115,1.1389521640091117e-05,1.1389521640091117e-05,0.005879430649672861,0.018982536066818528,1.8982536066818528e-05,1.8982536066818528e-05,-0.004015191665461457,0.501138952164009,0.501138952164009
2011-04-19,0.0003678019307455061,0.00031465082975841424,0.05315110098709187,5.315110098709188e-05,-0.00033001797470650566,0.0006978199054520119,0.019159777064074398,0.9908883826879271,5.315110098709188e-05,0.00031465082975841424,-0.002498327790165074,0.0008192518736015134,-0.001363368036334265,-0.0004357045871500234,-0.0007699515079896882,0.026575550493545937,2.657555049354594e-05,2.657555049354594e-05,-0.0003565935252000516,0.026575550493545937,2.657555049354594e-05,2.657555049354594e-05,0.0006712443549584659,0.501138952164009,0.501138952164009
2011-04-20,-0.0010281730890228339,-0.0010699346683698346,0.04176157934700076,4.176157934700076e-05,-0.0029560267647302917,0.0019278536757074579,-0.0852849459935825,0.9908883826879271,4.176157934700068e-05,-0.0010699346683698346,-0.0028692740386094223,-0.005802285063266257,-0.005046597395041455,-0.004092425449199757,-0.006801712841649654,0.011389521640091115,1.1389521640091117e-05,1.1389521640091117e-05,-0.0029674162863703828,0.030372057706909643,3.0372057706909645e-05,3.0372057706909645e-05,0.0018974816180005482,0.501138952164009,0.501138952164009
2011-04-21,0.002228371770219157,0.002186610190872156,0.04176157934700076,4.176157934700076e-05,0.0028867217792105703,-0.0006583500089914134,0.13425737349056838,0.9908883826879271,4.17615793470009e-05,0.002186610190872156,-0.00015756932893103758,0.004256261211687946,0.0019322605320393532,0.003590747138270033,0.006845109574547531,0.015186028853454821,1.5186028853454822e-05,1.5186028853454822e-05,0.0028715357503571156,0.026575550493545937,2.657555049354594e-05,2.657555049354594e-05,-0.0006849255594849594,0.501138952164009,0.501138952164009
2011-04-22,-8.68274395674955e-05,-0.00012479251170113248,0.037965072133637055,3.7965072133637056e-05,-0.0005535335199275651,0.0004667060803600696,-0.027914516930855168,0.9908883826879271,3.796507213363699e-05,-0.00012479251170113256,0.0007165859930860738,-0.0042270442945094725,-0.002792952803377638,-0.004005122228196556,0.00034573464649690727,0.02277904328018223,2.2779043280182233e-05,2.2779043280182233e-05,-0.0005763125632077474,0.015186028853454821,1.5186028853454822e-05,1.5186028853454822e-05,0.0004515200515066148,0.501138952164009,0.501138952164009
2011-04-25,0.002586324225243226,0.002544562645896225,0.04176157934700076,4.176157934700076e-05,0.0030557580656701876,-0.0004694338404269615,0.17365734754066336,0.9908883826879271,4.17615793470009e-05,0.002544562645896225,0.0006428441471777885,0.0015245133776549153,0.0032100140078653474,0.0065983520304435,0.005847263467704699,0.018982536066818528,1.8982536066818528e-05,1.8982536066818528e-05,0.003036775529603369,0.02277904328018223,2.2779043280182233e-05,2.2779043280182233e-05,-0.0004922128837071437,0.501138952164009,0.501138952164009
2011-04-26,0.0015053249423795869,0.001463563363032586,0.04176157934700076,4.176157934700076e-05,0.0008990048576635555,0.0006063200847160311,0.08875683918493972,0.9908883826879271,4.17615793470009e-05,0.0014635633630325862,-0.0019700675299626448,0.0003104825527843211,0.003694536931665027,0.0026530788799958966,0.00136434555441774,0.015186028853454821,1.5186028853454822e-05,1.5186028853454822e-05,0.0008838188288101007,0.026575550493545937,2.657555049354594e-05,2.657555049354594e-05,0.0005797445342224851,0.501138952164009,0.501138952164009
2011-04-27,-0.0005080362356617192,-0.0005384082933686289,0.030372057706909643,3.0372057706909645e-05,0.0001704734623342658,-0.000678509697995985,-0.0461345575468301,0.9908883826879271,3.0372057706909645e-05,-0.0005384082933686289,0.0002880883924927266,0.003485628998017784,0.0032096023736192508,-1.7574168934890143e-05,0.0005190451524088722,0.015186028853454821,1.5186028853454822e-05,1.5186028853454822e-05,0.00015528743348081097,0.015186028853454821,1.5186028853454822e-05,1.5186028853454822e-05,-0.0006936957268494398,0.501138952164009,0.501138952164009
2011-04-28,-0.0036262762361140796,-0.003675630829887808,0.04935459377372817,4.935459377372817e-05,-0.006071807392203217,0.002445531156089138,-0.1948133720735286,0.9908883826879271,4.9354593773728254e-05,-0.003675630829887808,-0.003143096160644192,-0.008353646463117955,-0.0053065615870751745,-0.009652192293951672,-0.013347927342868797,0.02277904328018223,2.2779043280182233e-05,2.2779043280182233e-05,-0.006094586435483399,0.026575550493545937,2.657555049354594e-05,2.657555049354594e-05,0.0024189556055955923,0.501138952164009,0.501138952164009
2011-05-02,0.002008064170697501,0.0019625060841371366,0.04555808656036446,4.555808656036447e-05,0.006191178498209626,-0.004183114327512124,0.07652772152773407,0.9931662870159453,4.5558086560364575e-05,0.0019625060841371366,0.008349444397523893,0.008342754701922523,0.005943454741409849,0.01099559067441603,0.013033527576751252,0.018982536066818528,1.8982536066818528e-05,1.8982536066818528e-05,0.006172195962142807,0.026575550493545937,2.657555049354594e-05,2.657555049354594e-05,-0.00420968987800567,0.501138952164009,0.501138952164009
2011-05-06,-0.002006554303062269,-0.0020938739689696346,0.08731966590736523,8.731966590736523e-05,-0.0024858535043682734,0.0004792992013060044,-0.13416286065668986,0.9931662870159453,8.731966590736547e-05,-0.002093873968969634,-0.00046049795120049357,-0.001948263407235412,-0.0032099505298223644,-0.002134798454757033,-0.006373212284560157,0.05315110098709187,5.315110098709188e-05,5.315110098709188e-05,-0.0025390046053553653,0.03416856492027335,3.416856492027335e-05,3.416856492027335e-05,0.0004451306363857311,0.501138952164009,0.501138952164009
2011-05-09,0.0018046696208995497,0.0017211464622055484,0.08352315869400152,8.352315869400152e-05,0.0018570050988782028,-5.2335477978653056e-05,0.05827161473361397,0.9931662870159453,8.352315869400136e-05,0.0017211464622055481,-0.0006049708639920409,0.0015232409302472002,-0.0009402913500926016,0.0012594451136994581,0.004928631341383437,0.04555808656036446,4.555808656036447e-05,4.555808656036447e-05,0.0018114470123178385,0.037965072133637055,3.7965072133637056e-05,3.7965072133637056e-05,-9.030055011229011e-05,0.501138952164009,0.501138952164009
2011-05-10,-0.00017268329259879746,-0.0002182413791591619,0.04555808656036446,4.555808656036447e-05,-0.0013675584212746775,0.00119487512867588,-0.07376655199625583,0.9908883826879271,4.555808656036444e-05,-0.00021824137915916193,-0.0027822252564427127,-0.0016067652029027148,-0.003269690835994391,-0.004034125978944296,-0.002099209182723559,0.018982536066818528,1.8982536066818528e-05,1.8982536066818528e-05,-0.0013865409573414961,0.026575550493545937,2.657555049354594e-05,2.657555049354594e-05,0.001168299578182334,0.501138952164009,0.501138952164009
2011-05-11,0.000570959898166247,0.0005026227683257004,0.0683371298405467,6.83371298405467e-05,-0.00012933479119141232,0.0007002946893576593,0.015978875024802015,0.9908883826879271,6.833712984054665e-05,0.0005026227683257002,-0.003278147419737613,0.0023912494657494818,0.002061320486638765,0.0015677841641502756,-0.0011621067629585793,0.037965072133637055,3.7965072133637056e-05,3.7965072133637056e-05,-0.00016729986332504937,0.030372057706909643,3.0372057706909645e-05,3.0372057706909645e-05,0.0006699226316507497,0.501138952164009,0.501138952164009
2011-05-12,-0.000507174909851456,-0.0005641225180519115,0.05694760820045558,5.6947608200455584e-05,-0.0015910182441752777,0.0010838433343238218,0.010795009847698343,0.9954441913439636,5.69476082004555e-05,-0.0005641225180519116,-0.003157083456155559,-0.00017411341180012313,-0.0002272872525854846,-0.00474465649764544,-0.0023898786320382813,0.026575550493545937,2.657555049354594e-05,2.657555049354594e-05,-0.0016175937946688237,0.030372057706909643,3.0372057706909645e-05,3.0372057706909645e-05,0.0010534712766169122,0.501138952164009,0.501138952164009
2011-05-13,-0.0008082281037096063,-0.0008803617407635167,0.0721336370539104,7.21336370539104e-05,-0.00020080560000281309,-0.0006074225037067932,-0.043675120430656245,0.9954441913439636,7.213363705391043e-05,-0.0008803617407635167,0.0017153277786256312,0.00020559643084803997,0.005018333593888938,0.003095856726102358,-0.0021489760339686898,0.037965072133637055,3.7965072133637056e-05,3.7965072133637056e-05,-0.00023877067213645014,0.03416856492027335,3.416856492027335e-05,3.416856492027335e-05,-0.0006415910686270665,0.501138952164009,0.501138952164009
2011-05-16,0.002013985541546042,0.0019456484117054953,0.0683371298405467,6.83371298405467e-05,0.0016537381130710019,0.0003602474284750403,0.1200970548645571,0.9954441913439636,6.833712984054686e-05,0.0019456484117054956,-0.0008170946492832874,-0.000522382807349916,0.002072309196704118,0.0015925169602575549,0.004153680371949652,0.03416856492027335,3.416856492027335e-05,3.416856492027335e-05,0.0016195695481507285,0.03416856492027335,3.416856492027335e-05,3.416856492027335e-05,0.0003260788635547669,0.501138952164009,0.501138952164009
2011-05-17,0.00434083419257935,0.0042535145266719854,0.08731966590736523,8.731966590736523e-05,0.003520638613378395,0.0008201955792009556,0.25930326007198284,0.9954441913439636,8.73196659073646e-05,0.004253514526671985,-0.002641282227572946,0.00037257546511108153,0.002015636800845154,0.002504127753638586,0.009285847609133766,0.03416856492027335,3.416856492027335e-05,3.416856492027335e-05,0.0034864700484581214,0.05315110098709187,5.315110098709188e-05,5.315110098709188e-05,0.0007670444782138636,0.501138952164009,0.501138952164009
2011-05-18,0.0011506501523633162,0.001089906036949497,0.060744115413819286,6.074411541381929e-05,0.0008148394028990642,0.0003358107494642522,-0.013681664473096879,0.9954441913439636,6.074411541381929e-05,0.001089906036949497,-0.0026195728522869716,0.003228860445281125,0.001886413797642988,0.000218031765251685,0.0023299466028697657,0.037965072133637055,3.7965072133637056e-05,3.7965072133637056e-05,0.0007768743307654271,0.02277904328018223,2.2779043280182233e-05,2.2779043280182233e-05,0.00031303170618406995,0.501138952164009,0.501138952164009
2011-05-19,-0.0005524013132077719,-0.0006245349502616823,0.0721336370539104,7.21336370539104e-05,-0.001027089595878782,0.00047468828267101005,-0.031061697910838855,0.9954441913439636,7.213363705391043e-05,-0.0006245349502616823,-0.0018692591508156795,0.0008968616276417211,-0.0023309975234180637,-0.002243621485342922,-0.0019524551613566204,0.04176157934700076,4.176157934700076e-05,4.176157934700076e-05,-0.0010688511752257827,0.030372057706909643,3.0372057706909645e-05,3.0372057706909645e-05,0.0004443162249641004,0.501138952164009,0.501138952164009
2011-05-20,-0.0037759591127259247,-0.003855685764206563,0.07972665148063782,7.972665148063782e-05,-0.001284571849740441,-0.002491387262985484,-0.1897963553235323,0.9954441913439636,7.972665148063812e-05,-0.0038556857642065624,0.0045113675922932505,0.005891614930649326,0.0018041505363535417,0.0018846038505955238,-0.004787259030089037,0.04176157934700076,4.176157934700076e-05,4.176157934700076e-05,-0.0013263334290874416,0.037965072133637055,3.7965072133637056e-05,3.7965072133637056e-05,-0.002529352335119121,0.501138952164009,0.501138952164009
2011-05-23,-0.0006029424101956079,-0.0006598900183960635,0.05694760820045558,5.6947608200455584e-05,0.0023910772482596864,-0.002994019658455294,-0.007585107421657422,0.9954441913439636,5.694760820045561e-05,-0.0006598900183960635,0.008158370382409507,0.0016065496451156324,0.004648918482827739,0.0035174486558469382,0.0053982046174356375,0.030372057706909643,3.0372057706909645e-05,3.0372057706909645e-05,0.002360705190552777,0.026575550493545937,2.657555049354594e-05,2.657555049354594e-05,-0.0030205952089488396,0.501138952164009,0.501138952164009
2011-05-24,-0.0005800429861061524,-0.0006445836087333353,0.06454062262718299,6.4540622627183e-05,-0.0025453552063599365,0.0019653122202537843,-0.025495163721128863,0.9954441913439636,6.454062262718297e-05,-0.0006445836087333353,-0.004646486831761278,-0.002472099945905779,-0.0020000532946726148,-0.0023572026233623228,-0.00644010961280983,0.03416856492027335,3.416856492027335e-05,3.416856492027335e-05,-0.00257952377128021,0.030372057706909643,3.0372057706909645e-05,3.0372057706909645e-05,0.0019349401625468746,0.501138952164009,0.501138952164009
2011-05-25,0.0025594461528295922,0.0024797195013489546,0.07972665148063782,7.972665148063782e-05,0.00037126468413222765,0.0021881814686973648,0.18893675774691301,0.9954441913439636,7.972665148063768e-05,0.0024797195013489546,-0.004392292209496792,-0.004314665554981094,-0.0027152141485557077,-0.0014049193898615284,0.0018137223972083637,0.04176157934700076,4.176157934700076e-05,4.176157934700076e-05,0.0003295031047852269,0.037965072133637055,3.7965072133637056e-05,3.7965072133637056e-05,0.0021502163965637275,0.501138952164009,0.501138952164009
2011-05-26,0.0005560296496138359,0.0005161663238735171,0.04176157934700076,4.176157934700076e-05,0.0008640809831182572,-0.00030805133350442123,0.07836663796421343,0.9931662870159453,3.986332574031884e-05,0.0005142680702668351,0.0007692240787344862,0.0003091724670443629,0.0015121561594135067,0.002340159441327178,0.0014162717674426493,0.018982536066818528,1.8982536066818528e-05,1.8982536066818528e-05,0.0008450984470514387,0.02277904328018223,2.2779043280182233e-05,2.088078967350038e-05,-0.0003289321231779216,0.501138952164009,0.501138952164009
2011-05-27,0.0017058432077607002,0.001645099092346881,0.060744115413819286,6.074411541381929e-05,0.00282589652588544,-0.0011200533181247396,0.1552983101145581,0.9931662870159453,6.074411541381929e-05,0.001645099092346881,0.0012910283890858647,0.004170380362172421,0.003457347254137673,0.004413428972125839,0.006251707615280545,0.026575550493545937,2.657555049354594e-05,2.657555049354594e-05,0.002799320975391894,0.03416856492027335,3.416856492027335e-05,3.416856492027335e-05,-0.001154221883045013,0.501138952164009,0.501138952164009
2011-05-30,0.0014767532010170439,0.0014273986072433158,0.04935459377372817,4.935459377372817e-05,1.785771074264924e-05,0.0014588954902743946,0.09619917574526995,0.9931662870159453,4.935459377372804e-05,0.0014273986072433156,-0.004854860251702404,0.0009874627588858846,-0.000884136158686708,-0.000438711236691985,0.00027280699345524033,0.02277904328018223,2.2779043280182233e-05,2.2779043280182233e-05,-4.921332537532994e-06,0.026575550493545937,2.657555049354594e-05,2.657555049354594e-05,0.0014323199397808487,0.501138952164009,0.501138952164009
2011-05-31,0.00016245382616011237,0.00011309923238638422,0.04935459377372817,4.935459377372817e-05,-0.003418306001290322,0.0035807598274504343,0.00747098713334016,0.9931662870159453,4.9354593773728145e-05,0.00011309923238638419,-0.007090119986548024,-0.007338886890441801,-0.005480755284120547,-0.00718788837107105,-0.006637667186508461,0.026575550493545937,2.657555049354594e-05,2.657555049354594e-05,-0.0034448815517838676,0.02277904328018223,2.2779043280182233e-05,2.2779043280182233e-05,0.0035579807841702523,0.501138952164009,0.501138952164009
2011-06-01,0.0005471198656671479,0.000493968764680056,0.05315110098709187,5.315110098709188e-05,0.005390687670579745,-0.0048435678049125975,0.039445214518498,0.9954441913439636,5.3151100987091824e-05,0.000493968764680056,0.010051460107266248,0.008892437963057916,0.009249702338501153,0.010686796552160831,0.010791910046995777,0.026575550493545937,2.657555049354594e-05,2.657555049354594e-05,0.0053641121200861995,0.026575550493545937,2.657555049354594e-05,2.657555049354594e-05,-0.004870143355406143,0.501138952164009,0.501138952164009
2011-06-02,-0.0006840344157354683,-0.0007371855167225603,0.05315110098709187,5.315110098709188e-05,-0.0014681823396677492,0.0007841479239322807,-0.040980353818980776,0.9954441913439636,5.315110098709193e-05,-0.0007371855167225601,-0.0019394381521844043,-0.0008153183129894357,-0.0002447280559474357,-0.0010657040309225265,-0.0038616846694078857,0.03416856492027335,3.416856492027335e-05,3.416856492027335e-05,-0.0015023509045880225,0.018982536066818528,1.8982536066818528e-05,1.8982536066818528e-05,0.0007651653878654622,0.501138952164009,0.501138952164009
2011-06-03,0.004958262586514103,0.004908907992740374,0.04935459377372817,4.935459377372817e-05,0.003147623606475371,0.0018106389800387316,0.27256185465706334,0.9954441913439636,4.935459377372869e-05,0.004908907992740375,-0.005853370944943328,0.0008675985412002469,0.006092566604257331,0.003910739870279594,0.007466039814242165,0.026575550493545937,2.657555049354594e-05,2.657555049354594e-05,0.003121048055981825,0.02277904328018223,2.2779043280182233e-05,2.2779043280182233e-05,0.0017878599367585494,0.501138952164009,0.501138952164009
2011-06-06,0.0023309508046497687,0.0022815962108760405,0.04935459377372817,4.935459377372817e-05,0.001104689752589196,0.0012262610520605726,0.15147791092614604,0.9908883826879271,4.9354593773728254e-05,0.0022815962108760405,-0.003958991847986868,0.0005837729082779205,-0.0011884577047089468,0.0017531171457036631,0.002429978709329922,0.026575550493545937,2.657555049354594e-05,2.657555049354594e-05,0.0010781142020956501,0.02277904328018223,2.2779043280182233e-05,2.2779043280182233e-05,0.0012034820087803903,0.501138952164009,0.501138952164009
2011-06-07,0.003477560138400107,0.003424409037413015,0.05315110098709187,5.315110098709188e-05,0.0011602496514864316,0.0023173104869136756,0.22233842985355923,0.9908883826879271,5.315110098709193e-05,0.003424409037413015,-0.0064449060997160195,-0.0009937435742081006,0.0003153955143558651,-1.2891258349942631e-05,0.00347928379055595,0.03416856492027335,3.416856492027335e-05,3.416856492027335e-05,0.0011260810865661582,0.018982536066818528,1.8982536066818528e-05,1.8982536066818528e-05,0.002298327950846857,0.501138952164009,0.501138952164009
2011-06-08,0.002011483127532709,0.001962128533758981,0.04935459377372817,4.935459377372817e-05,0.004596601353329385,-0.0025851182257966765,0.13461545909621703,0.9931662870159453,4.935459377372782e-05,0.0019621285337589806,0.004796843789337559,0.005881770163934985,0.009198555696090951,0.007796553696738628,0.00986018674784614,0.02277904328018223,2.2779043280182233e-05,2.2779043280182233e-05,0.004573822310049203,0.026575550493545937,2.657555049354594e-05,2.657555049354594e-05,-0.002611693776290222,0.501138952164009,0.501138952164009
2011-06-09,-9.151262714235454e-05,-0.00016364626419626503,0.0721336370539104,7.21336370539104e-05,-0.0032585619192435013,0.0031670492921011466,-0.021513950610746686,0.9954441913439636,7.213363705391049e-05,-0.00016364626419626495,-0.006709774564015717,-0.005539559588774066,-0.00663692873780552,-0.005320010240213633,-0.007093463169992481,0.037965072133637055,3.7965072133637056e-05,3.7965072133637056e-05,-0.0032965269913771385,0.03416856492027335,3.416856492027335e-05,3.416856492027335e-05,0.003132880727180873,0.501138952164009,0.501138952164009
2011-06-10,0.001296124826425235,0.0012315842037980518,0.06454062262718299,6.4540622627183e-05,0.0033475100500843956,-0.0020513852236591604,0.06811389337129702,0.9931662870159453,6.454062262718318e-05,0.001231584203798052,0.005444486425305912,0.00139136505647506,0.0033745126351366504,0.0030819906436212407,0.008478710896282899,0.026575550493545937,2.657555049354594e-05,2.657555049354594e-05,0.00332093449959085,0.037965072133637055,3.7965072133637056e-05,3.7965072133637056e-05,-0.0020893502957927976,0.501138952164009,0.501138952164009
2011-06-13,-0.008133125819727154,-0.008182480413500883,0.04935459377372817,4.935459377372817e-05,-0.0021983158183723358,-0.005934810001354819,-0.2643396408147802,0.9931662870159453,4.9354593773729555e-05,-0.008182480413500882,0.016687182269282362,0.0021535662422729877,-0.0014047662877113472,-0.0014377984421519204,-0.005861059717097599,0.03416856492027335,3.416856492027335e-05,3.416856492027335e-05,-0.0022324843832926093,0.015186028853454821,1.5186028853454822e-05,1.5186028853454822e-05,-0.005949996030208273,0.501138952164009,0.501138952164009
2011-06-14,9.334949969601266e-06,-0.00010076375921794627,0.11009870918754745,0.00011009870918754746,-0.0022284880855693617,0.002237823035538963,-0.006055071972056902,0.9954441913439636,0.00011009870918754753,-0.0001007637592179462,-0.004733359880583133,-0.003929702683401072,-0.004974193333312154,-0.0023467762710745596,-0.0054968818842237414,0.05315110098709187,5.315110098709188e-05,5.315110098709188e-05,-0.0022816391865564537,0.05694760820045558,5.6947608200455584e-05,5.6947608200455584e-05,0.0021808754273385076,0.501138952164009,0.501138952164009
2011-06-15,9.618904365998601e-05,3.164842103280308e-05,0.06454062262718299,6.4540622627183e-05,0.0031730204344722463,-0.0030768313908122605,-0.017523896950251527,0.9954441913439636,6.454062262718293e-05,3.1648421032803015e-05,0.007902690779136102,0.0026136499949084655,0.0038430070944480465,0.005781333894460244,0.00660676012595158,0.03416856492027335,3.416856492027335e-05,3.416856492027335e-05,0.0031388518695519728,0.030372057706909643,3.0372057706909645e-05,3.0372057706909645e-05,-0.00310720344851917,0.501138952164009,0.501138952164009
2011-06-16,-0.0010540597160120502,-0.0011831409612664161,0.12908124525436598,0.000129081245254366,1.8237603680670782e-05,-0.001072297319692721,-0.020542264618859028,0.9931662870159453,0.00012908124525436594,-0.0011831409612664161,0.0035411614315160422,-0.0006631611810533856,-0.0014132397667273792,-5.869172699847353e-05,8.393432724342616e-05,0.07593014426727411,7.593014426727411e-05,7.593014426727411e-05,-5.769254058660333e-05,0.05315110098709187,5.315110098709188e-05,5.315110098709188e-05,-0.0011254484206798128,0.501138952164009,0.501138952164009
2011-06-17,-0.004089487267617151,-0.004210975498444789,0.12148823082763857,0.00012148823082763858,-0.0011385150774909784,-0.0029509721901261722,-0.25113646403994294,0.9931662870159453,0.00012148823082763858,-0.004210975498444789,0.007755832786384336,0.0021539270381230047,0.00160252020470796,0.0023819129284310733,-0.004598739093887397,0.05694760820045558,5.6947608200455584e-05,5.6947608200455584e-05,-0.001195462685691434,0.06454062262718299,6.4540622627183e-05,6.4540622627183e-05,-0.003015512812753355,0.501138952164009,0.501138952164009
2011-06-20,-0.0011025081616499067,-0.0012050138564107266,0.10250569476082004,0.00010250569476082005,1.1699932254949747e-05,-0.0011142080939048563,-0.11037660198080573,0.9954441913439636,0.00010250569476081997,-0.0012050138564107266,0.003469602993631751,-0.00026915117056943057,-0.0007978430385776705,0.0008040292390435884,-0.00036699459502231965,0.037965072133637055,3.7965072133637056e-05,3.7965072133637056e-05,-2.6265139878687307e-05,0.06454062262718299,6.4540622627183e-05,6.4540622627183e-05,-0.0011787487165320393,0.501138952164009,0.501138952164009
2011-06-21,0.0003766171348895787,0.00030068699062230466,0.07593014426727411,7.593014426727411e-05,-0.002148201027130343,0.0025248181620199216,-0.017044777041183654,0.9954441913439636,7.593014426727406e-05,0.0003006869906223046,-0.0067658356257716,-0.001582808382003332,-0.004827737987598907,-0.004267565939544343,-0.004296173286433878,0.04555808656036446,4.555808656036447e-05,4.555808656036447e-05,-0.0021937591136907074,0.030372057706909643,3.0372057706909645e-05,3.0372057706909645e-05,0.002494446104313012,0.501138952164009,0.501138952164009
2011-06-22,-0.002044944039901867,-0.0021284671985958683,0.08352315869400152,8.352315869400152e-05,0.0006013204065302125,-0.0026462644464320794,-0.1557027159820333,0.9908883826879271,8.352315869400136e-05,-0.0021284671985958683,0.004024923510348806,0.0077916542336253355,0.0028606085716544687,0.00565078652332334,-0.0010255319539337385,0.04176157934700076,4.176157934700076e-05,4.176157934700076e-05,0.0005595588271832117,0.04176157934700076,4.176157934700076e-05,4.176157934700076e-05,-0.0026880260257790803,0.501138952164009,0.501138952164009
2011-06-23,-0.004557469271712896,-0.004618213387126716,0.060744115413819286,6.074411541381929e-05,-0.004498013589977305,-5.945568173559078e-05,-0.2928587571766344,0.9908883826879271,6.074411541381972e-05,-0.004618213387126716,0.0006385305234259561,-0.0009211377157347625,-0.0015499458642254064,-0.004982707537476142,-0.010972018726716727,0.03416856492027335,3.416856492027335e-05,3.416856492027335e-05,-0.004532182154897578,0.026575550493545937,2.657555049354594e-05,2.657555049354594e-05,-8.603123222913672e-05,0.501138952164009,0.501138952164009
2011-06-24,0.0002876949041817434,0.00021176475991446927,0.07593014426727411,7.593014426727411e-05,0.0022324192530895513,-0.0019447243489078077,0.023775317451437895,0.9931662870159453,7.593014426727411e-05,0.00021176475991446927,0.0031122260403731797,0.005417375044306289,0.0023634783624704456,0.00039019975393379174,0.006486936841939783,0.03416856492027335,3.416856492027335e-05,3.416856492027335e-05,0.0021982506881692778,0.04176157934700076,4.176157934700076e-05,4.176157934700076e-05,-0.0019864859282548086,0.501138952164009,0.501138952164009
2011-06-27,-0.0027799263227330853,-0.002859652974213723,0.07972665148063782,7.972665148063782e-05,-0.00012992146071742771,-0.0026500048620156577,-0.19959953146071346,0.9931662870159453,7.972665148063768e-05,-0.002859652974213723,0.006107361498116374,0.0036491697459246197,0.0029511897369671157,0.0001828433107485015,-0.0004803002093852785,0.03416856492027335,3.416856492027335e-05,3.416856492027335e-05,-0.00016409002563770106,0.04555808656036446,4.555808656036447e-05,4.555808656036447e-05,-0.0026955629485760223,0.501138952164009,0.501138952164009
2011-06-28,-0.0036061768097803357,-0.0036745139396208823,0.0683371298405467,6.83371298405467e-05,-0.003466714266884131,-0.00013946254289620437,-0.24855610665608938,0.9954441913439636,6.833712984054665e-05,-0.0036745139396208823,0.0013613668127385515,-0.0018878601300484617,-0.002802150656869577,-0.006287301445935781,-0.007232855389501202,0.04176157934700076,4.176157934700076e-05,4.176157934700076e-05,-0.003508475846231132,0.026575550493545937,2.657555049354594e-05,2.657555049354594e-05,-0.0001660380933897503,0.501138952164009,0.501138952164009
2011-06-29,-0.0008243389085095933,-0.00089267603835014,0.0683371298405467,6.83371298405467e-05,0.00020515166738438914,-0.0010294905758939826,-0.09252658139497019,0.9954441913439636,6.833712984054675e-05,-0.0008926760383501399,0.0030410829536474115,8.073904021597165e-05,-0.0027421311330363203,0.000709948499295966,0.00025908199113665445,0.04176157934700076,4.176157934700076e-05,4.176157934700076e-05,0.00016339008803738838,0.026575550493545937,2.657555049354594e-05,2.657555049354594e-05,-0.0010560661263875285,0.501138952164009,0.501138952164009
2011-06-30,-0.0012076498683899824,-0.0012835800126572564,0.07593014426727411,7.593014426727411e-05,-0.000659121575889697,-0.0005485282925002853,-0.08336902108016166,0.9954441913439636,7.5930144267274e-05,-0.0012835800126572566,0.00014750223345085382,0.002988685356838637,-0.0003138363213802762,0.0007749629250374917,-0.002360352179443134,0.04176157934700076,4.176157934700076e-05,4.176157934700076e-05,-0.0007008831552366978,0.03416856492027335,3.416856492027335e-05,3.416856492027335e-05,-0.0005826968574205587,0.501138952164009,0.501138952164009
2011-07-01,-0.004713906858631162,-0.004782243988471709,0.0683371298405467,6.83371298405467e-05,-0.006116483696903643,0.001402576838272481,-0.26049980963539343,0.9954441913439636,6.833712984054708e-05,-0.004782243988471709,4.932675443509742e-05,-0.008494988490710455,-0.008877116698489045,-0.01255522957010704,-0.012030133007723976,0.030372057706909643,3.0372057706909645e-05,3.0372057706909645e-05,-0.0061468557546105525,0.037965072133637055,3.7965072133637056e-05,3.7965072133637056e-05,0.001364611766138844,0.501138952164009,0.501138952164009
2011-07-04,0.0006734223523691158,0.0006126782369552966,0.060744115413819286,6.074411541381929e-05,0.004850997210102782,-0.004177574857733665,0.044209668020015074,0.9954441913439636,6.074411541381918e-05,0.0006126782369552965,0.008025813470803236,0.008956855274917332,0.007321359730101024,0.007940200381303735,0.010549816458678503,0.02277904328018223,2.2779043280182233e-05,2.2779043280182233e-05,0.0048282181668226,0.037965072133637055,3.7965072133637056e-05,3.7965072133637056e-05,-0.004215539929867302,0.501138952164009,0.501138952164009
2011-07-05,0.0007334858642736099,0.0006575557200063358,0.07593014426727411,7.593014426727411e-05,0.0017873584085592832,-0.0010538725442856731,-0.0017376724313117383,0.9954441913439636,7.593014426727411e-05,0.0006575557200063358,0.0009668411848291907,0.004375181906815399,0.006328602061912508,0.002714184843374283,0.003992796269386895,0.026575550493545937,2.657555049354594e-05,2.657555049354594e-05,0.0017607828580657372,0.04935459377372817,4.935459377372817e-05,4.935459377372817e-05,-0.0011032271380594014,0.501138952164009,0.501138952164009
2011-07-06,0.0005902239490668211,0.0004991077759460921,0.09111617312072892,9.111617312072893e-05,0.0036883915775001437,-0.0030981676284333225,-0.03202863388527388,0.9954441913439636,9.111617312072893e-05,0.0004991077759460921,0.0037843078361041644,0.01097814235800388,0.008039173700082074,0.007572355464185602,0.007253848876015583,0.04555808656036446,4.555808656036447e-05,4.555808656036447e-05,0.003642833490939779,0.04555808656036446,4.555808656036447e-05,4.555808656036447e-05,-0.003143725714993687,0.501138952164009,0.501138952164009
2011-07-07,-0.0010517963586747544,-0.0011277265029420286,0.07593014426727411,7.593014426727411e-05,-0.003321829228297433,0.002270032869622679,-0.03618289971148198,0.9954441913439636,7.593014426727422e-05,-0.0011277265029420286,-0.003313700347959149,-0.0069618415281411,-0.005868213647931919,-0.00608200420344975,-0.006901836747519942,0.030372057706909643,3.0372057706909645e-05,3.0372057706909645e-05,-0.0033522012860043426,0.04555808656036446,4.555808656036447e-05,4.555808656036447e-05,0.0022244747830623144,0.501138952164009,0.501138952164009
2011-07-08,0.004030608858901723,0.0039546787146344485,0.07593014426727411,7.593014426727411e-05,0.0022845092089904227,0.0017460996499113,0.23485460015685727,0.9954441913439636,7.593014426727444e-05,0.0039546787146344485,-0.004555986474478059,-0.0013408145007401647,-0.00019934550273455456,0.0011973887136932997,0.00623925707097241,0.026575550493545937,2.657555049354594e-05,2.657555049354594e-05,0.002257933658496877,0.04935459377372817,4.935459377372817e-05,4.935459377372817e-05,0.0016967450561375717,0.501138952164009,0.501138952164009
2011-07-11,0.0005746061242870413,0.0005176585160865857,0.05694760820045558,5.6947608200455584e-05,0.00401988371054324,-0.0034452775862561986,0.07781470993743514,0.9954441913439636,5.694760820045561e-05,0.0005176585160865857,0.007488891684466314,0.005646901090610163,0.00971355260978913,0.008828779220612988,0.007617853223296794,0.026575550493545937,2.657555049354594e-05,2.657555049354594e-05,0.003993308160049694,0.030372057706909643,3.0372057706909645e-05,3.0372057706909645e-05,-0.0034756496439631085,0.501138952164009,0.501138952164009
2011-07-12,0.0012621256864591703,0.0011899920494052598,0.0721336370539104,7.21336370539104e-05,0.0010978073668554645,0.00016431831960370558,0.049507739163354145,0.9954441913439636,7.213363705391054e-05,0.00118999204940526,-0.0006976470655814855,0.00041162491789896964,0.0010700645396760152,0.0004522593717102182,0.0030598073644827247,0.037965072133637055,3.7965072133637056e-05,3.7965072133637056e-05,0.0010598422947218275,0.03416856492027335,3.416856492027335e-05,3.416856492027335e-05,0.00013014975468343223,0.501138952164009,0.501138952164009
2011-07-13,0.0019481615631453575,0.0018760279260914472,0.0721336370539104,7.21336370539104e-05,0.0022346805940484738,-0.00028651903090311633,0.14747302173499724,0.9954441913439636,7.213363705391032e-05,0.0018760279260914472,0.0004501336493297353,0.0008149398090650937,0.0019364103816311474,0.0009084126254872256,0.006234599010806024,0.030372057706909643,3.0372057706909645e-05,3.0372057706909645e-05,0.0022043085363415644,0.04176157934700076,4.176157934700076e-05,4.176157934700076e-05,-0.00032828061025011706,0.501138952164009,0.501138952164009
2011-07-14,0.0020799486732515074,0.002007815036197597,0.0721336370539104,7.21336370539104e-05,8.284895572724743e-05,0.0019970997175242596,0.158265082651959,0.9954441913439636,7.213363705391032e-05,0.002007815036197597,-0.0066953187294658,0.0014352723317522826,-0.002133041185227019,0.000791641208360171,-0.00014783861624193795,0.04176157934700076,4.176157934700076e-05,4.176157934700076e-05,4.1087376380246666e-05,0.030372057706909643,3.0372057706909645e-05,3.0372057706909645e-05,0.0019667276598173498,0.501138952164009,0.501138952164009
2011-07-15,0.0017474027729746538,0.0016714726287073796,0.07593014426727411,7.593014426727411e-05,0.005426727243224435,-0.0036793244702497804,0.14497856416520286,0.9954441913439636,7.593014426727422e-05,0.0016714726287073798,0.0064128069535507376,0.009200160307984708,0.008379967985412599,0.008848517260332709,0.011818922686484963,0.026575550493545937,2.657555049354594e-05,2.657555049354594e-05,0.005400151692730889,0.04935459377372817,4.935459377372817e-05,4.935459377372817e-05,-0.0037286790640235087,0.501138952164009,0.501138952164009
2011-07-19,-0.0012813122913153277,-0.0013344633923024196,0.05315110098709187,5.315110098709188e-05,-0.0030817766008368478,0.00180046430952152,-0.1278695833306822,0.9954441913439636,5.315110098709193e-05,-0.0013344633923024196,-0.003159612132515407,-0.004459009806059377,-0.005611133856128731,-0.005312243099818368,-0.006568196139413835,0.02277904328018223,2.2779043280182233e-05,2.2779043280182233e-05,-0.00310455564411703,0.030372057706909643,3.0372057706909645e-05,3.0372057706909645e-05,0.0017700922518146104,0.501138952164009,0.501138952164009
2011-07-20,-4.595329825645777e-05,-0.00012567994973709554,0.07972665148063782,7.972665148063782e-05,0.0005550399794865108,-0.0006009932777429685,-0.0663775914238112,0.9954441913439636,7.972665148063776e-05,-0.0001256799497370956,0.0017564475447999716,8.486921397955492e-05,-0.0005439309560013412,0.0014314379489720316,0.0009456166004770172,0.03416856492027335,3.416856492027335e-05,3.416856492027335e-05,0.0005208714145662375,0.04555808656036446,4.555808656036447e-05,4.555808656036447e-05,-0.0006465513643033329,0.501138952164009,0.501138952164009
2011-07-21,-0.0007346549150080978,-0.0007916025232085533,0.05694760820045558,5.6947608200455584e-05,-0.0023225022336466755,0.0015878473186385778,-0.03367089933589339,0.9954441913439636,5.69476082004555e-05,-0.0007916025232085534,-0.0032924327718254847,-0.002920565904744517,-0.002491978700952445,-0.0033523503477456834,-0.005275496284565049,0.030372057706909643,3.0372057706909645e-05,3.0372057706909645e-05,-0.002352874291353585,0.026575550493545937,2.657555049354594e-05,2.657555049354594e-05,0.0015612717681450319,0.501138952164009,0.501138952164009
2011-07-22,0.003061623922627167,0.0030008798072133475,0.060744115413819286,6.074411541381929e-05,0.0033184008070821997,-0.000256776884455033,0.21770161851436104,0.9954441913439636,6.074411541381929e-05,0.0030008798072133475,-0.0007791961885125758,0.0030955521807855086,0.0035064180380557555,0.002490961478826775,0.008687096221784924,0.02277904328018223,2.2779043280182233e-05,2.2779043280182233e-05,0.0032956217638020176,0.037965072133637055,3.7965072133637056e-05,3.7965072133637056e-05,-0.00029474195658867004,0.501138952164009,0.501138952164009
2011-07-25,-0.0011345915657515562,-0.0011953356811653755,0.060744115413819286,6.074411541381929e-05,-0.0027545495641766297,0.0016199579984250735,-0.07253201281536975,0.9931662870159453,6.074411541381929e-05,-0.0011953356811653755,-0.0048850341295965695,7.24106049848574e-05,-0.0032395011052806185,-0.00378320397965814,-0.00635326568294507,0.02277904328018223,2.2779043280182233e-05,2.2779043280182233e-05,-0.0027773286074568118,0.037965072133637055,3.7965072133637056e-05,3.7965072133637056e-05,0.0015819929262914365,0.501138952164009,0.501138952164009
2011-07-26,0.0018770254651428381,0.0018086883353022915,0.0683371298405467,6.83371298405467e-05,0.00045198801276812847,0.0014250374523747096,0.17276606166132524,0.9931662870159453,6.833712984054665e-05,0.0018086883353022915,-0.0034913435333177438,-0.001548105318716752,-0.0007022388256006244,0.0004859597256717937,0.001109902439017797,0.02277904328018223,2.2779043280182233e-05,2.2779043280182233e-05,0.00042920896948794624,0.04555808656036446,4.555808656036447e-05,4.555808656036447e-05,0.0013794793658143453,0.501138952164009,0.501138952164009
2011-07-27,0.002660589000861282,0.002611234407087554,0.04935459377372817,4.935459377372817e-05,0.0033853399008655443,-0.0007247509000042623,0.06002098450298018,0.9954441913439636,4.9354593773728254e-05,0.002611234407087554,0.00099918655447154,0.002340249324264254,0.002159072668438122,0.004210044210236253,0.008027915734518061,0.018982536066818528,1.8982536066818528e-05,1.8982536066818528e-05,0.003366357364798726,0.030372057706909643,3.0372057706909645e-05,3.0372057706909645e-05,-0.000755122957711172,0.501138952164009,0.501138952164009
2011-07-28,0.0005163314006332745,0.00046318029964618264,0.05315110098709187,5.315110098709188e-05,0.0009182248420750935,-0.00040189344144181904,0.031697333684045675,0.9954441913439636,5.3151100987091824e-05,0.0004631802996461826,-0.0002901803641688011,0.0029862410118779454,0.0023471606807708833,9.840807399978171e-05,0.0026992098653021504,0.030372057706909643,3.0372057706909645e-05,3.0372057706909645e-05,0.0008878527843681839,0.02277904328018223,2.2779043280182233e-05,2.2779043280182233e-05,-0.00042467248472200127,0.501138952164009,0.501138952164009
2011-07-29,0.0022216859424772396,0.0021495523054233293,0.0721336370539104,7.21336370539104e-05,-0.0002929362856116071,0.0025146222280888466,0.14586965638350063,0.9977220956719818,7.213363705391032e-05,0.0021495523054233293,-0.007349492814736661,-0.00035445743594945603,-0.00254829774802202,-0.0028022788338898023,0.0005243278529665226,0.037965072133637055,3.7965072133637056e-05,3.7965072133637056e-05,-0.00033090135774524416,0.03416856492027335,3.416856492027335e-05,3.416856492027335e-05,0.002480453663168573,0.501138952164009,0.501138952164009
2011-08-01,0.0036052439592615996,0.0035293138149943256,0.07593014426727411,7.593014426727411e-05,-0.0006133909476461517,0.004218634906907752,0.1802980705467111,0.9977220956719818,7.5930144267274e-05,0.0035293138149943256,-0.00971460046715737,-0.005825081667492114,-0.004607125664586181,-0.0022587413213745887,-0.0007066199712444823,0.03416856492027335,3.416856492027335e-05,3.416856492027335e-05,-0.000647559512566425,0.04176157934700076,4.176157934700076e-05,4.176157934700076e-05,0.004176873327560751,0.501138952164009,0.501138952164009
2011-08-02,0.00027454676536408,0.00017963408502998736,0.09491268033409263,9.491268033409264e-05,0.005464320164338235,-0.005189773398974155,0.0007414025103362033,0.9977220956719818,9.491268033409267e-05,0.00017963408502998739,0.011092671763736545,0.008882527229113103,0.007777750694520394,0.0075498175217681845,0.012580795003737398,0.04935459377372817,4.935459377372817e-05,4.935459377372817e-05,0.005414965570564507,0.04555808656036446,4.555808656036447e-05,4.555808656036447e-05,-0.005235331485534519,0.501138952164009,0.501138952164009
2011-08-03,-0.0008160041088983266,-0.0008805447315255097,0.06454062262718299,6.4540622627183e-05,-0.010086618785018438,0.009270614676120111,-0.01840681861812156,0.9977220956719818,6.454062262718308e-05,-0.0008805447315255096,-0.019313674564452758,-0.016869921454958966,-0.014458582374831335,-0.017144451490788668,-0.021618858208854033,0.030372057706909643,3.0372057706909645e-05,3.0372057706909645e-05,-0.010116990842725347,0.03416856492027335,3.416856492027335e-05,3.416856492027335e-05,0.009236446111199838,0.501138952164009,0.501138952164009
2011-08-04,0.003301158929227687,0.003229025292173777,0.0721336370539104,7.21336370539104e-05,0.010802263692380533,-0.007501104763152846,0.10413981153323981,0.9977220956719818,7.213363705391032e-05,0.003229025292173777,0.015443485971002313,0.014017368844687638,0.010890472071753454,0.013530967440001205,0.0255676555592384,0.04176157934700076,4.176157934700076e-05,4.176157934700076e-05,0.010760502113033532,0.030372057706909643,3.0372057706909645e-05,3.0372057706909645e-05,-0.007531476820859756,0.501138952164009,0.501138952164009
2011-08-05,0.001991191230140956,0.001915261085873682,0.07593014426727411,7.593014426727411e-05,-0.0035639827958873073,0.005555174026028263,0.09372082865419562,0.9977220956719818,7.5930144267274e-05,0.001915261085873682,-0.011559830806061988,-0.010135630170963401,-0.005315708248922947,-0.003947647284417709,-0.008693824862753836,0.037965072133637055,3.7965072133637056e-05,3.7965072133637056e-05,-0.0036019478680209445,0.037965072133637055,3.7965072133637056e-05,3.7965072133637056e-05,0.0055172089538946265,0.501138952164009,0.501138952164009
2011-08-08,-0.0007565351377952787,-0.0008438548037026439,0.08731966590736523,8.731966590736523e-05,0.013685388610011106,-0.014441923747806385,-0.06065297829510846,0.9977220956719818,8.731966590736526e-05,-0.0008438548037026439,0.03131003713222367,0.023834532898557248,0.0207627088372343,0.022651285918173444,0.029637213403151067,0.05315110098709187,5.315110098709188e-05,5.315110098709188e-05,0.013632237509024014,0.03416856492027335,3.416856492027335e-05,3.416856492027335e-05,-0.014476092312726658,0.501138952164009,0.501138952164009
2011-08-09,0.005180272305505341,0.005081563117957885,0.09870918754745633,9.870918754745634e-05,-0.002975345845626562,0.008155618151131904,0.24558030792730842,0.9977220956719818,9.870918754745651e-05,0.005081563117957885,-0.015937698121523427,-0.016947099688956406,-0.007834616059219875,-0.008045413598704976,-0.004883044288579745,0.05694760820045558,5.6947608200455584e-05,5.6947608200455584e-05,-0.0030322934538270178,0.04176157934700076,4.176157934700076e-05,4.176157934700076e-05,0.008113856571784903,0.501138952164009,0.501138952164009
2011-08-10,0.004652901706870828,0.004542802997683279,0.11009870918754745,0.00011009870918754746,0.010675307346578143,-0.0060224056397073155,0.24167685919543658,0.9977220956719818,0.00011009870918754841,0.00454280299768328,0.012381934647994504,0.011288440828986146,0.01517312830280515,0.014892574649386448,0.02450684852858726,0.05315110098709187,5.315110098709188e-05,5.315110098709188e-05,0.010622156245591052,0.05694760820045558,5.6947608200455584e-05,5.6947608200455584e-05,-0.006079353247907771,0.501138952164009,0.501138952164009
2011-08-11,0.00034674238417135736,0.0002670157326907195,0.07972665148063782,7.972665148063782e-05,0.0021559302870689068,-0.0018091879028975493,0.0277876337093281,0.9977220956719818,7.972665148063784e-05,0.0002670157326907195,0.002548282808795897,0.005733891055663081,0.004335986981663302,0.005930006991472888,0.0034880878407857166,0.04555808656036446,4.555808656036447e-05,4.555808656036447e-05,0.002110372200508542,0.03416856492027335,3.416856492027335e-05,3.416856492027335e-05,-0.0018433564678178227,0.501138952164009,0.501138952164009
2011-08-12,0.0001838327847601652,8.892010442607243e-05,0.09491268033409263,9.491268033409264e-05,-0.00321609110252518,0.0033999238872853455,0.009914856890326772,0.9977220956719818,9.491268033409277e-05,8.892010442607256e-05,-0.005685004477248442,-0.008983171770752207,-0.005529065464584224,-0.010448156791376602,-0.004402267018006386,0.04555808656036446,4.555808656036447e-05,4.555808656036447e-05,-0.0032616491890855447,0.04935459377372817,4.935459377372817e-05,4.935459377372817e-05,0.003350569293511617,0.501138952164009,0.501138952164009
2011-08-15,0.0005957173158006744,0.0005159906643200367,0.07972665148063782,7.972665148063782e-05,-0.0007981845932826945,0.001393901909083369,0.04047466325025051,0.9977220956719818,7.972665148063768e-05,0.0005159906643200366,-0.002617622787104761,-0.0031091581269850096,0.00021583232420576166,-0.0022174949742507434,-0.001280364125041239,0.03416856492027335,3.416856492027335e-05,3.416856492027335e-05,-0.0008323531582029678,0.04555808656036446,4.555808656036447e-05,4.555808656036447e-05,0.0013483438225230047,0.501138952164009,0.501138952164009
2011-08-16,0.004254148274312825,0.004189607651685642,0.06454062262718299,6.4540622627183e-05,0.003457967892564867,0.000796180381747958,0.24347827515064938,0.9977220956719818,6.45406226271834e-05,0.004189607651685642,-0.002715823538350207,0.0006654217914183193,0.0029603578870927055,0.0038231217129893412,0.008438765767386988,0.030372057706909643,3.0372057706909645e-05,3.0372057706909645e-05,0.0034275958348579574,0.03416856492027335,3.416856492027335e-05,3.416856492027335e-05,0.0007620118168276846,0.501138952164009,0.501138952164009
2011-08-17,0.011106806293721367,0.011019486627814002,0.08731966590736523,8.731966590736523e-05,0.0018228082114772424,0.009283998082244125,0.5256949193400797,0.9977220956719818,8.73196659073646e-05,0.011019486627814002,-0.021633440714898464,-0.012310507089819032,-0.006567094032356864,0.0008541172198389675,0.005028937786706717,0.030372057706909643,3.0372057706909645e-05,3.0372057706909645e-05,0.0017924361537703327,0.05694760820045558,5.6947608200455584e-05,5.6947608200455584e-05,0.00922705047404367,0.501138952164009,0.501138952164009
2011-08-18,0.0055007561278167276,0.005432418997976181,0.0683371298405467,6.83371298405467e-05,0.007327717655228392,-0.001826961527411664,0.3188027110353293,0.9977220956719818,6.833712984054621e-05,0.0054324189979761805,0.0015388976057938938,0.007859060841144764,0.010149948988911838,0.014496408206876511,0.014684987150961271,0.030372057706909643,3.0372057706909645e-05,3.0372057706909645e-05,0.007297345597521482,0.037965072133637055,3.7965072133637056e-05,3.7965072133637056e-05,-0.001864926599545301,0.501138952164009,0.501138952164009
2011-08-19,0.0009662550060672037,0.0009017143834400208,0.06454062262718299,6.4540622627183e-05,0.0014454549722613566,-0.00047919996619415293,0.06636412665922098,0.9977220956719818,6.454062262718286e-05,0.0009017143834400207,0.0009971168710566876,0.0008744315100579856,0.004020176079081068,0.005713127922953708,0.001469945580496343,0.037965072133637055,3.7965072133637056e-05,3.7965072133637056e-05,0.0014074899001277196,0.026575550493545937,2.657555049354594e-05,2.657555049354594e-05,-0.0005057755166876989,0.501138952164009,0.501138952164009
2011-08-22,-0.003103990722257993,-0.0031609383304584487,0.05694760820045558,5.6947608200455584e-05,0.00020808866942415046,-0.003312079391682143,-0.13499758899596767,0.9977220956719818,5.694760820045561e-05,-0.0031609383304584487,0.007288240243692501,0.005250831143730374,0.0020406731250710076,0.002150801773140133,-0.0004525536646800523,0.030372057706909643,3.0372057706909645e-05,3.0372057706909645e-05,0.00017771661171724082,0.026575550493545937,2.657555049354594e-05,2.657555049354594e-05,-0.003338654942175689,0.501138952164009,0.501138952164009
2011-08-23,0.004290184151915808,0.004237033050928716,0.05315110098709187,5.315110098709188e-05,0.00358643833071704,0.0007037458211987684,0.24232850506539344,0.9977220956719818,5.31511009870915e-05,0.004237033050928716,-0.004456263564642998,0.004699648736018825,0.005484125908856655,0.007709958271141435,0.006879882867961876,0.030372057706909643,3.0372057706909645e-05,3.0372057706909645e-05,0.00355606627301013,0.02277904328018223,2.2779043280182233e-05,2.2779043280182233e-05,0.0006809667779185862,0.501138952164009,0.501138952164009
2011-08-24,-0.008542924491373923,-0.00861126162121447,0.0683371298405467,6.83371298405467e-05,-0.007419961236239533,-0.0011229632551343904,-0.43758191540614083,0.9977220956719818,6.833712984054795e-05,-0.008611261621214469,0.005403968917625472,-0.004085471439741888,-0.009529873105929664,-0.010989919119616057,-0.016714333504118026,0.03416856492027335,3.416856492027335e-05,3.416856492027335e-05,-0.007454129801159806,0.03416856492027335,3.416856492027335e-05,3.416856492027335e-05,-0.0011571318200546638,0.501138952164009,0.501138952164009
2011-08-25,-0.004639170581820949,-0.004692321682808041,0.05315110098709187,5.315110098709188e-05,0.00046677430392892254,-0.005105944885749871,-0.24094852390357155,0.9977220956719818,5.3151100987092366e-05,-0.00469232168280804,0.01269562364001252,0.005174795513304873,0.0023785321359000374,-0.0011695259690657786,0.001981903344247414,0.026575550493545937,2.657555049354594e-05,2.657555049354594e-05,0.00044019875343537663,0.026575550493545937,2.657555049354594e-05,2.657555049354594e-05,-0.005132520436243417,0.501138952164009,0.501138952164009
2011-08-26,-0.005542252645371537,-0.0056143862824254475,0.0721336370539104,7.21336370539104e-05,-0.0009199719959821657,-0.004622280649389372,-0.3240053099927102,0.9977220956719818,7.213363705391076e-05,-0.0056143862824254475,0.011212223250150229,0.00524620629627137,0.002794074767197942,-0.001499470573364571,-0.0020039081649279693,0.04555808656036446,4.555808656036447e-05,4.555808656036447e-05,-0.0009655300825425301,0.026575550493545937,2.657555049354594e-05,2.657555049354594e-05,-0.004648856199882917,0.501138952164009,0.501138952164009
2011-08-29,0.0013689335849040216,0.0013195789911302934,0.04935459377372817,4.935459377372817e-05,-0.0009379962874822385,0.0023069298723862597,0.09638767830915392,0.9977220956719818,4.9354593773728254e-05,0.0013195789911302934,-0.005135401127197997,-0.0035393188452981154,-0.0058611169325551195,-0.0029319353530098615,-0.0013416257567089513,0.026575550493545937,2.657555049354594e-05,2.657555049354594e-05,-0.0009645718379757845,0.02277904328018223,2.2779043280182233e-05,2.2779043280182233e-05,0.0022841508291060776,0.501138952164009,0.501138952164009
2011-08-30,0.0005674474457177727,0.0005029068230905897,0.06454062262718299,6.4540622627183e-05,0.0006156265299537688,-4.817908423599607e-05,0.02721938937083184,0.9977220956719818,6.454062262718297e-05,0.0005029068230905897,-0.002886841548547493,0.006062100614998653,0.004455262767048832,0.0035870862172013044,4.9139027647333375e-05,0.026575550493545937,2.657555049354594e-05,2.657555049354594e-05,0.0005890509794602228,0.037965072133637055,3.7965072133637056e-05,3.7965072133637056e-05,-8.614415636963312e-05,0.501138952164009,0.501138952164009
2011-08-31,-0.003440603801396661,-0.003489958395170389,0.04935459377372817,4.935459377372817e-05,-0.006406997106097227,0.0029663933047005663,-0.23428311349627431,0.9977220956719818,4.9354593773728254e-05,-0.003489958395170389,-0.005165289556118117,-0.007427329898175794,-0.008167568666343545,-0.010198834538598293,-0.0140778899778146,0.026575550493545937,2.657555049354594e-05,2.657555049354594e-05,-0.0064335726565907725,0.02277904328018223,2.2779043280182233e-05,2.2779043280182233e-05,0.0029436142614203843,0.501138952164009,0.501138952164009
2011-09-01,0.009003079289177238,0.008957521202616874,0.04555808656036446,4.555808656036447e-05,0.004342630206465066,0.004660449082712173,0.48919175418769584,0.9977220956719818,4.555808656036414e-05,0.008957521202616874,-0.011354595460251173,-0.005189951997370071,0.0006767595919511728,0.0068179510009869085,0.009589306276584934,0.018982536066818528,1.8982536066818528e-05,1.8982536066818528e-05,0.004323647670398247,0.026575550493545937,2.657555049354594e-05,2.657555049354594e-05,0.004633873532218627,0.501138952164009,0.501138952164009
2011-09-02,0.012216247763720196,0.012163096662733104,0.05315110098709187,5.315110098709188e-05,0.009941336326693456,0.002274911437026741,0.5709499612946917,0.9977220956719818,5.31511009870915e-05,0.012163096662733104,-0.006717895405660413,-0.00018265629124379997,0.007845858350973815,0.014925963972196355,0.0222932451553911,0.02277904328018223,2.2779043280182233e-05,2.2779043280182233e-05,0.009918557283413273,0.030372057706909643,3.0372057706909645e-05,3.0372057706909645e-05,0.002244539379319831,0.501138952164009,0.501138952164009
2011-09-05,0.0019380161213665666,0.0018772720059527473,0.060744115413819286,6.074411541381929e-05,0.0034310993696627496,-0.001493083248296183,0.13927238336962253,0.9886104783599089,6.074411541381929e-05,0.0018772720059527473,0.002933454472132946,0.0030712303193980773,0.005425994725601973,0.007848462369965893,0.006390266600859681,0.02277904328018223,2.2779043280182233e-05,2.2779043280182233e-05,0.0034083203263825675,0.037965072133637055,3.7965072133637056e-05,3.7965072133637056e-05,-0.00153104832042982,0.501138952164009,0.501138952164009
2011-09-06,-0.004304836244490423,-0.004354190838264151,0.04935459377372817,4.935459377372817e-05,-0.0037525720982527306,-0.000552264146237692,-0.3131850375192349,0.9886104783599089,4.935459377372782e-05,-0.004354190838264151,0.002516618329631845,-0.0017271826565589605,-0.0027848790032670915,-0.007445417375809738,-0.0075517253958187,0.018982536066818528,1.8982536066818528e-05,1.8982536066818528e-05,-0.003771554634319549,0.030372057706909643,3.0372057706909645e-05,3.0372057706909645e-05,-0.0005826362039446016,0.501138952164009,0.501138952164009
2011-09-07,0.007045375099044808,0.007015003041337899,0.030372057706909643,3.0372057706909645e-05,0.001045547529972921,0.005999827569071888,0.358612611436356,0.9954441913439636,3.0372057706909428e-05,0.007015003041337899,-0.013915402379396924,-0.008086344825150136,-0.0016419481933473133,0.0031686272199782095,0.0015452002467707519,0.011389521640091115,1.1389521640091117e-05,1.1389521640091117e-05,0.00103415800833283,0.018982536066818528,1.8982536066818528e-05,1.8982536066818528e-05,0.005980845033005069,0.501138952164009,0.501138952164009
2011-09-08,0.010622475650872787,0.010580714071525787,0.04176157934700076,4.176157934700076e-05,0.0006172595356571832,0.010005216115215603,0.48844099759370874,0.9977220956719818,4.176157934700046e-05,0.010580714071525787,-0.023613341940385505,-0.012668178045315117,-0.007602573862771023,-0.0009613705294158992,0.002328255283936382,0.026575550493545937,2.657555049354594e-05,2.657555049354594e-05,0.0005906839851636372,0.015186028853454821,1.5186028853454822e-05,1.5186028853454822e-05,0.009990030086362149,0.501138952164009,0.501138952164009
2011-09-09,-0.0041701258219754775,-0.004234666444602661,0.06454062262718299,6.4540622627183e-05,0.006658594124910761,-0.010828719946886238,-0.2435268308367737,0.9977220956719818,6.45406226271834e-05,-0.004234666444602661,0.023288609536044814,0.01824743624631572,0.016336847334505945,0.010903658583322373,0.014478553577673976,0.037965072133637055,3.7965072133637056e-05,3.7965072133637056e-05,0.006620629052777124,0.026575550493545937,2.657555049354594e-05,2.657555049354594e-05,-0.010855295497379784,0.501138952164009,0.501138952164009
2011-09-12,-0.003274309646366828,-0.003304681704073738,0.030372057706909643,3.0372057706909645e-05,-0.0035757668339415623,0.000301457187574734,-0.13818341324909017,0.9977220956719818,3.037205770690986e-05,-0.003304681704073738,0.0015223722837381668,-0.004849376913094173,-0.00319626351305186,-0.004421556785294294,-0.008492141880764302,0.007593014426727411,7.593014426727411e-06,7.593014426727411e-06,-0.0035833598483682896,0.02277904328018223,2.2779043280182233e-05,2.2779043280182233e-05,0.00027867814429455176,0.501138952164009,0.501138952164009
2011-09-13,-0.0005321699566860988,-0.0005853210576731907,0.05315110098709187,5.315110098709188e-05,0.002428092565721969,-0.0029602625224080677,-0.007783833512834661,0.9977220956719818,5.315110098709193e-05,-0.0005853210576731906,0.006111117603038328,0.005498972712157096,0.003377713473176536,0.004277920838677452,0.005128762101242713,0.026575550493545937,2.657555049354594e-05,2.657555049354594e-05,0.0024015170152284233,0.026575550493545937,2.657555049354594e-05,2.657555049354594e-05,-0.0029868380729016135,0.501138952164009,0.501138952164009
2011-09-14,-0.0038773006648945064,-0.003922858751454871,0.04555808656036446,4.555808656036447e-05,-0.002984661069013974,-0.0008926395958805323,-0.23805531906476893,0.9977220956719818,4.5558086560364575e-05,-0.003922858751454871,0.002515618757078309,0.0003124277030009315,6.441058074168896e-06,-0.0024245952002356925,-0.007721335645089889,0.02277904328018223,2.2779043280182233e-05,2.2779043280182233e-05,-0.003007440112294156,0.02277904328018223,2.2779043280182233e-05,2.2779043280182233e-05,-0.0009154186391607145,0.501138952164009,0.501138952164009
2011-09-15,-0.0023040390996408476,-0.0023458006789878485,0.04176157934700076,4.176157934700076e-05,-0.00675812096392928,0.004454081864288433,-0.08907076484274135,0.9977220956719818,4.17615793470009e-05,-0.0023458006789878485,-0.00986408756714187,-0.006935578571479289,-0.009717727430728566,-0.010747243475147564,-0.014854663056732725,0.018982536066818528,1.8982536066818528e-05,1.8982536066818528e-05,-0.006777103499996099,0.02277904328018223,2.2779043280182233e-05,2.2779043280182233e-05,0.004431302821008251,0.501138952164009,0.501138952164009
2011-09-16,0.00017209867066129503,0.0001227440768875668,0.04935459377372817,4.935459377372817e-05,0.0012917075437138563,-0.0011196088730525613,0.028035553330245287,0.9977220956719818,4.935459377372823e-05,0.00012274407688756686,0.0016674384326873916,0.0033675089792171414,0.006101614937341101,0.005749599075149076,0.0009915159966780726,0.030372057706909643,3.0372057706909645e-05,3.0372057706909645e-05,0.0012613354860069466,0.018982536066818528,1.8982536066818528e-05,1.8982536066818528e-05,-0.0011385914091193799,0.501138952164009,0.501138952164009
2011-09-20,0.0010064141683266245,0.0009760421106197149,0.030372057706909643,3.0372057706909645e-05,-0.0010262755222265436,0.002032689690553168,0.07728672825289001,0.9977220956719818,3.0372057706909645e-05,0.0009760421106197149,-0.0041399773377272285,-0.0038884649720842806,-0.00034651925437010744,-0.0020399865697699185,-0.0020518359486885814,0.018982536066818528,1.8982536066818528e-05,1.8982536066818528e-05,-0.0010452580582933622,0.011389521640091115,1.1389521640091117e-05,1.1389521640091117e-05,0.002021300168913077,0.501138952164009,0.501138952164009
2011-09-21,0.004227663840930284,0.004178309247156556,0.04935459377372817,4.935459377372817e-05,0.004068338323414428,0.0001593255175158555,0.18971513450032165,0.9977220956719818,4.935459377372782e-05,0.004178309247156556,-0.001901965668140597,0.002850150851879458,0.004589695676181291,0.008521328065730078,0.00791661226699133,0.026575550493545937,2.657555049354594e-05,2.657555049354594e-05,0.004041762772920883,0.02277904328018223,2.2779043280182233e-05,2.2779043280182233e-05,0.00013654647423567328,0.501138952164009,0.501138952164009
2011-09-22,0.0017675666812390447,0.0017220085946786803,0.04555808656036446,4.555808656036447e-05,-0.0008490545716325682,0.002616621252871613,0.08823146552699807,0.9977220956719818,4.555808656036436e-05,0.0017220085946786801,-0.005583140406869972,-0.004497765504586939,-0.0006244866270871035,0.0008815329706980718,-0.0029821411918037914,0.026575550493545937,2.657555049354594e-05,2.657555049354594e-05,-0.0008756301221261142,0.018982536066818528,1.8982536066818528e-05,1.8982536066818528e-05,0.0025976387168047945,0.501138952164009,0.501138952164009
2011-09-26,-0.0013123863185097913,-0.0013465548834300648,0.03416856492027335,3.416856492027335e-05,-0.0010555210655682553,-0.0002568652529415362,-0.04208099959591673,0.9977220956719818,3.416856492027354e-05,-0.0013465548834300646,0.0011943081022458316,-0.000850927394837104,-0.0005872346431710591,-0.003031469851544423,-0.0016436315363945887,0.018982536066818528,1.8982536066818528e-05,1.8982536066818528e-05,-0.0010745036016350739,0.015186028853454821,1.5186028853454822e-05,1.5186028853454822e-05,-0.00027205128179499103,0.501138952164009,0.501138952164009
2011-09-27,0.010130396601132482,0.010073448992932027,0.05694760820045558,5.6947608200455584e-05,0.0022873400547791,0.007843056546353382,0.4035836524144065,0.9977220956719818,5.694760820045518e-05,0.010073448992932027,-0.02072243093756608,-0.005506526631901501,0.0023810086236048613,0.005462596150270515,0.0041151265888285495,0.03416856492027335,3.416856492027335e-05,3.416856492027335e-05,0.0022531714898588267,0.02277904328018223,2.2779043280182233e-05,2.2779043280182233e-05,0.0078202775030732,0.501138952164009,0.501138952164009
2011-09-28,-5.7090716170381154e-05,-0.00010644530994410929,0.04935459377372817,4.935459377372817e-05,0.004053131975424135,-0.004110222691594516,0.024118680379268464,0.9977220956719818,4.935459377372814e-05,-0.00010644530994410932,0.009491846955722461,0.0056215937468731565,0.005772329426095966,0.005075789995306805,0.009593865937877475,0.018982536066818528,1.8982536066818528e-05,1.8982536066818528e-05,0.004034149439357317,0.030372057706909643,3.0372057706909645e-05,3.0372057706909645e-05,-0.004140594749301426,0.501138952164009,0.501138952164009
2011-09-29,0.005392801975709347,0.005328261353082163,0.06454062262718299,6.4540622627183e-05,-0.002243908829230032,0.007636710804939379,0.24198176034212907,0.9977220956719818,6.45406226271834e-05,0.005328261353082163,-0.016334004147962197,-0.01304811956818998,-0.0069283886539469935,-0.005191690214836179,-0.004120582001890893,0.037965072133637055,3.7965072133637056e-05,3.7965072133637056e-05,-0.0022818739013636693,0.026575550493545937,2.657555049354594e-05,2.657555049354594e-05,0.007610135254445833,0.501138952164009,0.501138952164009
2011-09-30,0.011198201939260095,0.011160236867126458,0.037965072133637055,3.7965072133637056e-05,0.009236167261241142,0.0019620346780189527,0.4732060798288326,0.9977220956719818,3.7965072133636785e-05,0.011160236867126458,-0.007835111793253332,0.003924770536729569,0.012631429325940148,0.018491145885359894,0.018399954973353196,0.018982536066818528,1.8982536066818528e-05,1.8982536066818528e-05,0.009217184725174323,0.018982536066818528,1.8982536066818528e-05,1.8982536066818528e-05,0.001943052141952134,0.501138952164009,0.501138952164009
2011-10-03,-0.003555178773409159,-0.0035893473383294327,0.03416856492027335,3.416856492027335e-05,0.002796030895995682,-0.0063512096694048415,-0.18671367904363007,0.9977220956719818,3.416856492027354e-05,-0.0035893473383294327,0.014710302712908935,0.008600045186028383,0.0012060796526066559,0.0055192322780463375,0.005609412701945725,0.018982536066818528,1.8982536066818528e-05,1.8982536066818528e-05,0.0027770483599288635,0.015186028853454821,1.5186028853454822e-05,1.5186028853454822e-05,-0.006366395698258296,0.501138952164009,0.501138952164009
2011-10-04,-0.001129987298687331,-0.0011755453852476956,0.04555808656036446,4.555808656036447e-05,0.0014036456706602817,-0.0025336329693476127,-0.06567320780784001,0.9977220956719818,4.5558086560364575e-05,-0.0011755453852476954,0.006059970085659533,0.0030473081042755074,0.0025343222947608775,0.0024969746773913903,0.002952879361894284,0.026575550493545937,2.657555049354594e-05,2.657555049354594e-05,0.0013770701201667357,0.018982536066818528,1.8982536066818528e-05,1.8982536066818528e-05,-0.002552615505414431,0.501138952164009,0.501138952164009
2011-10-05,-0.006472208176104385,-0.006529155784304841,0.05694760820045558,5.6947608200455584e-05,-0.004178459846112042,-0.002293748329992343,-0.28514976465844394,0.9977220956719818,5.6947608200456044e-05,-0.00652915578430484,0.0074106495834228205,-0.0010900875732096603,-0.0033173883636998442,-0.007706607223846359,-0.008653586427462183,0.03416856492027335,3.416856492027335e-05,3.416856492027335e-05,-0.004212628411032315,0.02277904328018223,2.2779043280182233e-05,2.2779043280182233e-05,-0.002316527373272525,0.501138952164009,0.501138952164009
2011-10-06,-0.010141272271729044,-0.010194423372716135,0.05315110098709187,5.315110098709188e-05,-0.0027141620974589086,-0.007427110174270135,-0.41613815349437777,0.9977220956719818,5.31511009870915e-05,-0.010194423372716135,0.019719703497217387,0.005021975276082346,-0.002252842231710588,-0.006745903916165807,-0.00475102868362933,0.030372057706909643,3.0372057706909645e-05,3.0372057706909645e-05,-0.0027445341551658184,0.02277904328018223,2.2779043280182233e-05,2.2779043280182233e-05,-0.007449889217550317,0.501138952164009,0.501138952164009
2011-10-07,-0.0013619231428925436,-0.0013998882150261806,0.037965072133637055,3.7965072133637056e-05,-0.005922856542389855,0.004560933399497312,-0.0675477429139224,0.9977220956719818,3.7965072133637e-05,-0.0013998882150261806,-0.008585736560754077,-0.010131932729118933,-0.011545306993283735,-0.011097973289555958,-0.012179199869602565,0.018982536066818528,1.8982536066818528e-05,1.8982536066818528e-05,-0.005941839078456673,0.018982536066818528,1.8982536066818528e-05,1.8982536066818528e-05,0.004541950863430493,0.501138952164009,0.501138952164009
2011-10-11,-0.012723855025637443,-0.01277320961941117,0.04935459377372817,4.935459377372817e-05,-0.0022782373155038125,-0.01044561771013363,-0.5288441840177673,0.9977220956719818,4.935459377372782e-05,-0.01277320961941117,0.026577417887070666,0.009376430245158633,0.0035262507666024684,-0.0003861354334355358,-0.006626110793551599,0.030372057706909643,3.0372057706909645e-05,3.0372057706909645e-05,-0.0023086093732107224,0.018982536066818528,1.8982536066818528e-05,1.8982536066818528e-05,-0.010464600246200448,0.501138952164009,0.501138952164009
2011-10-12,-0.009316205049748276,-0.009373152657948731,0.05694760820045558,5.6947608200455584e-05,-0.008714975501995289,-0.0006012295477529865,-0.46920766188733526,0.9977220956719818,5.694760820045518e-05,-0.009373152657948731,0.004142305044722101,-0.004685431387668368,-0.010573058627359595,-0.0176772304772965,-0.01724689097982401,0.026575550493545937,2.657555049354594e-05,2.657555049354594e-05,-0.008741551052488835,0.030372057706909643,3.0372057706909645e-05,3.0372057706909645e-05,-0.0006316016054598962,0.501138952164009,0.501138952164009
2011-10-13,-0.0052788991022040144,-0.005332050203191107,0.05315110098709187,5.315110098709188e-05,0.0022823683818767966,-0.007561267484080812,-0.33414645066146054,0.9977220956719818,5.3151100987092366e-05,-0.005332050203191106,0.01789045697394203,0.009483582763636072,0.006932330826920674,0.007009034765092682,0.003327026160480344,0.037965072133637055,3.7965072133637056e-05,3.7965072133637056e-05,0.0022444033097431594,0.015186028853454821,1.5186028853454822e-05,1.5186028853454822e-05,-0.007576453512934267,0.501138952164009,0.501138952164009
2011-10-14,0.007677701117912723,0.007628346524138995,0.04935459377372817,4.935459377372817e-05,-0.004455194900509622,0.012132896018422344,0.3879097341226298,0.9977220956719818,4.935459377372869e-05,0.0076283465241389955,-0.0284349167857602,-0.01576209395694427,-0.011751894044999895,-0.009755368747820493,-0.008457523998751507,0.015186028853454821,1.5186028853454822e-05,1.5186028853454822e-05,-0.0044703809293630764,0.03416856492027335,3.416856492027335e-05,3.416856492027335e-05,0.012098727453502071,0.501138952164009,0.501138952164009
2011-10-17,-0.007136523421263873,-0.007197267536677693,0.060744115413819286,6.074411541381929e-05,0.001338025720229072,-0.008474549141492945,-0.3703727055920941,0.9977220956719818,6.074411541381972e-05,-0.007197267536677692,0.020824523589145476,0.009082685636919094,0.0051882554331685905,0.0033719655593223,0.0023189714783881407,0.02277904328018223,2.2779043280182233e-05,2.2779043280182233e-05,0.0013152466769488897,0.037965072133637055,3.7965072133637056e-05,3.7965072133637056e-05,-0.008512514213626582,0.501138952164009,0.501138952164009
2011-10-18,0.0032562213841662263,0.003184087747112316,0.0721336370539104,7.21336370539104e-05,0.0008782981918429967,0.0023779231923232295,0.20730357493381252,0.9977220956719818,7.213363705391032e-05,0.003184087747112316,-0.006988191125203717,-0.0002587306781820827,0.0012118251042364555,0.0019207660546452974,0.0016685231514437756,0.026575550493545937,2.657555049354594e-05,2.657555049354594e-05,0.0008517226413494507,0.04555808656036446,4.555808656036447e-05,4.555808656036447e-05,0.002332365105762865,0.501138952164009,0.501138952164009
2011-10-19,0.005583404630887568,0.00553405003711384,0.04935459377372817,4.935459377372817e-05,0.003061450680924602,0.002521953949962966,0.3879660015941974,0.9977220956719818,4.935459377372782e-05,0.00553405003711384,-0.00634884348411233,-0.0023996464504172765,-0.0015853627425220168,0.0011588783170189407,0.008584039356894394,0.026575550493545937,2.657555049354594e-05,2.657555049354594e-05,0.0030348751304310564,0.02277904328018223,2.2779043280182233e-05,2.2779043280182233e-05,0.002499174906682784,0.501138952164009,0.501138952164009
2011-10-20,-0.0050349312363773355,-0.0050804893229377,0.04555808656036446,4.555808656036447e-05,-0.000594105105989729,-0.004440826130387606,-0.3177877543844892,0.9977220956719818,4.555808656036414e-05,-0.0050804893229377,0.010578218168658978,0.00542796372504785,0.005091570085246395,-0.0015732807382584264,-0.0009916242322082253,0.030372057706909643,3.0372057706909645e-05,3.0372057706909645e-05,-0.0006244771636966386,0.015186028853454821,1.5186028853454822e-05,1.5186028853454822e-05,-0.004456012159241061,0.501138952164009,0.501138952164009
2011-10-21,-0.0057286739392590534,-0.005774232025819418,0.04555808656036446,4.555808656036447e-05,-0.00299407232103154,-0.0027346016182275136,-0.3006223196636462,0.9977220956719818,4.555808656036414e-05,-0.005774232025819418,0.009185629966668147,-0.002000940246037954,-0.004231631963285139,-0.004616717310392048,-0.006653444178437016,0.02277904328018223,2.2779043280182233e-05,2.2779043280182233e-05,-0.003016851364311722,0.02277904328018223,2.2779043280182233e-05,2.2779043280182233e-05,-0.0027573806615076957,0.501138952164009,0.501138952164009
2011-10-24,-0.0031827784946398215,-0.0032207435667734583,0.037965072133637055,3.7965072133637056e-05,-0.003700908493458824,0.0005181299988190025,-0.1575276320750349,0.9954441913439636,3.7965072133636785e-05,-0.0032207435667734588,-7.512486570093124e-05,-0.002951464852437349,-0.007270032033231346,-0.00720459714705334,-0.007475193439848946,0.030372057706909643,3.0372057706909645e-05,3.0372057706909645e-05,-0.0037312805511657337,0.007593014426727411,7.593014426727411e-06,7.593014426727411e-06,0.0005105369843922752,0.501138952164009,0.501138952164009
2011-10-25,-0.004269834563204239,-0.004319189156977967,0.04935459377372817,4.935459377372817e-05,0.00030627600855470026,-0.004576110571758939,-0.2824864711899687,0.9954441913439636,4.935459377372869e-05,-0.004319189156977966,0.01237007862385337,0.002654104675050185,0.0017202057115011686,0.000793265913175704,0.0005201068235633756,0.030372057706909643,3.0372057706909645e-05,3.0372057706909645e-05,0.0002759039508477906,0.018982536066818528,1.8982536066818528e-05,1.8982536066818528e-05,-0.004595093107825758,0.501138952164009,0.501138952164009
2011-10-26,-0.005216382294694038,-0.005273329902894493,0.05694760820045558,5.6947608200455584e-05,-0.0026952024984074814,-0.002521179796286556,-0.19136345723340126,0.9977220956719818,5.694760820045518e-05,-0.005273329902894493,0.008307276536798953,-0.0015218540203733844,-0.0023156636174325117,-0.002932073941610891,-0.006601194143746039,0.037965072133637055,3.7965072133637056e-05,3.7965072133637056e-05,-0.0027331675705411186,0.018982536066818528,1.8982536066818528e-05,1.8982536066818528e-05,-0.0025401623323533743,0.501138952164009,0.501138952164009
2011-10-27,0.004746448564051282,0.004700890477490918,0.04555808656036446,4.555808656036447e-05,-0.003734137182177108,0.00848058574622839,0.17046951706157554,0.9977220956719818,4.555808656036414e-05,0.004700890477490918,-0.02149321709093477,-0.007781435944415871,-0.006795137794678132,-0.007889081956790018,-0.007232410541894197,0.030372057706909643,3.0372057706909645e-05,3.0372057706909645e-05,-0.0037645092398840172,0.015186028853454821,1.5186028853454822e-05,1.5186028853454822e-05,0.008465399717374936,0.501138952164009,0.501138952164009
2011-10-28,0.0021505116651297615,0.0020935640569293063,0.05694760820045558,5.6947608200455584e-05,0.002596528423647653,-0.00044601675851789095,0.13984287522781008,0.9977220956719818,5.694760820045518e-05,0.002093564056929306,-3.3583473994228166e-06,0.0026767351991991294,-0.0008338802674000064,0.0029991588320284843,0.0062723022520402094,0.030372057706909643,3.0372057706909645e-05,3.0372057706909645e-05,0.002566156365940743,0.026575550493545937,2.657555049354594e-05,2.657555049354594e-05,-0.00047259230901143686,0.501138952164009,0.501138952164009
2011-10-31,0.0037220952322195864,0.003672740638445858,0.04935459377372817,4.935459377372817e-05,0.0013934341042989283,0.002328661127920658,0.20909999250957137,0.9977220956719818,4.9354593773728254e-05,0.003672740638445858,-0.006768699639491948,-0.0004028130186138637,-0.0001875509194459589,0.002223410327033413,0.0030590964623053133,0.02277904328018223,2.2779043280182233e-05,2.2779043280182233e-05,0.001370655061018746,0.026575550493545937,2.657555049354594e-05,2.657555049354594e-05,0.0023020855774271124,0.501138952164009,0.501138952164009
2011-11-01,-0.0016908577384067034,-0.0017667878826739774,0.07593014426727411,7.593014426727411e-05,0.00507764236915906,-0.006768500107565764,-0.08784287722716184,0.9977220956719818,7.5930144267274e-05,-0.0017667878826739774,0.014943621848644152,0.010631459219366745,0.009689413141775448,0.011133354227029687,0.00963162970508171,0.04935459377372817,4.935459377372817e-05,4.935459377372817e-05,0.0050282877753853325,0.026575550493545937,2.657555049354594e-05,2.657555049354594e-05,-0.0067950756580593095,0.501138952164009,0.501138952164009
2011-11-02,0.004466902908235503,0.004413751807248412,0.05315110098709187,5.315110098709188e-05,-0.0013169037688685412,0.0057838066771040446,0.2004756457888403,0.9977220956719818,5.31511009870915e-05,0.004413751807248412,-0.011794614659579466,-0.011034740652413916,-0.005401269216703237,-0.003693678799396488,-0.002094893017574185,0.02277904328018223,2.2779043280182233e-05,2.2779043280182233e-05,-0.0013396828121487235,0.030372057706909643,3.0372057706909645e-05,3.0372057706909645e-05,0.005753434619397135,0.501138952164009,0.501138952164009
2011-11-04,0.0023037202586051703,0.00223158662155126,0.0721336370539104,7.21336370539104e-05,-0.00047729498464028734,0.0027810152432454576,0.08520201914536422,0.9977220956719818,7.213363705391032e-05,0.00223158662155126,-0.007256273252057782,-0.002135622020222015,-0.0022785044016780318,-0.003905422482808923,0.0005240805714697831,0.03416856492027335,3.416856492027335e-05,3.416856492027335e-05,-0.0005114635495605607,0.037965072133637055,3.7965072133637056e-05,3.7965072133637056e-05,0.0027430501711118204,0.501138952164009,0.501138952164009
2011-11-07,0.0021396007746227563,0.002063670630355482,0.07593014426727411,7.593014426727411e-05,0.0036180789086700765,-0.0014784781340473204,0.09771739005475297,0.9977220956719818,7.593014426727444e-05,0.0020636706303554823,2.796662506680035e-05,0.00879477448868604,0.008010818620757676,0.006786825277443609,0.007436155367456584,0.03416856492027335,3.416856492027335e-05,3.416856492027335e-05,0.003583910343749803,0.04176157934700076,4.176157934700076e-05,4.176157934700076e-05,-0.001520239713394321,0.501138952164009,0.501138952164009
2011-11-08,0.006380544329574266,0.006304614185306992,0.07593014426727411,7.593014426727411e-05,-0.003999615709106586,0.010380160038680851,0.32534673222731575,0.9977220956719818,7.593014426727357e-05,0.006304614185306991,-0.022503988883489826,-0.017131434828214356,-0.008724429095796491,-0.008826952317368254,-0.007558100861528086,0.037965072133637055,3.7965072133637056e-05,3.7965072133637056e-05,-0.0040375807812402225,0.037965072133637055,3.7965072133637056e-05,3.7965072133637056e-05,0.010342194966547215,0.501138952164009,0.501138952164009
2011-11-09,-0.0014002304675898556,-0.001472364104643766,0.0721336370539104,7.21336370539104e-05,0.006363934996677955,-0.007764165464267811,-0.049650831062700455,0.9977220956719818,7.213363705391032e-05,-0.001472364104643766,0.016339914663397567,0.013799288475208088,0.013181077566993271,0.012253963437939415,0.012921432805177718,0.04176157934700076,4.176157934700076e-05,4.176157934700076e-05,0.006322173417330955,0.030372057706909643,3.0372057706909645e-05,3.0372057706909645e-05,-0.00779453752197472,0.501138952164009,0.501138952164009
2011-11-10,-0.004564635409083084,-0.004625379524496903,0.060744115413819286,6.074411541381929e-05,0.0001504498396954823,-0.004715085248778566,-0.19434534760480154,0.9977220956719818,6.0744115413818855e-05,-0.004625379524496903,0.011989366562387103,0.004247481750868394,0.0002510280362413674,0.00031603840199423525,0.000292304523727769,0.02277904328018223,2.2779043280182233e-05,2.2779043280182233e-05,0.00012767079641530006,0.037965072133637055,3.7965072133637056e-05,3.7965072133637056e-05,-0.004753050320912203,0.501138952164009,0.501138952164009
2011-11-11,0.0010338558929178052,0.0009617222558638947,0.0721336370539104,7.21336370539104e-05,-0.002307353348003134,0.003341209240920939,0.12311626939881957,0.9954441913439636,7.213363705391054e-05,0.0009617222558638948,-0.007802935896954976,-0.0043958217074213084,-0.0037084170542337276,-0.005797213240233947,-0.004007721469246953,0.04176157934700076,4.176157934700076e-05,4.176157934700076e-05,-0.002349114927350135,0.030372057706909643,3.0372057706909645e-05,3.0372057706909645e-05,0.0033108371832140295,0.501138952164009,0.501138952164009
2011-11-14,-0.00010880814359320354,-0.00016955225900702268,0.060744115413819286,6.074411541381929e-05,0.00042254089176350554,-0.0005313490353567091,0.02720069458004969,0.9954441913439636,6.074411541381914e-05,-0.0001695522590070228,0.0014425521846145894,0.00029574417424712055,-0.00029297687982108434,-0.0004562863472780633,0.001492884888303888,0.026575550493545937,2.657555049354594e-05,2.657555049354594e-05,0.00039596534126995963,0.03416856492027335,3.416856492027335e-05,3.416856492027335e-05,-0.0005655176002769824,0.501138952164009,0.501138952164009
2011-11-15,0.0016560861543655618,0.001561173474031469,0.09491268033409263,9.491268033409264e-05,-0.0012804791708129466,0.002936565325178508,0.12182828724315738,0.9977220956719818,9.491268033409283e-05,0.0015611734740314691,-0.005966665060331799,-0.0056460177577913806,-0.00352039149054957,-0.0024358365860750746,-0.0026147886796003047,0.04935459377372817,4.935459377372817e-05,4.935459377372817e-05,-0.0013298337645866749,0.04555808656036446,4.555808656036447e-05,4.555808656036447e-05,0.0028910072386181436,0.501138952164009,0.501138952164009
2011-11-16,-0.0010214418019978148,-0.00110876146790518,0.08731966590736523,8.731966590736523e-05,0.00014091308131159875,-0.0011623548833094137,-0.03065913130021631,0.9977220956719818,8.731966590736526e-05,-0.00110876146790518,0.0038429185641673438,-0.0007275581223415152,-0.0009318635203222721,-0.001620612031752292,0.0012320844888019996,0.04176157934700076,4.176157934700076e-05,4.176157934700076e-05,9.9151501964598e-05,0.04555808656036446,4.555808656036447e-05,4.555808656036447e-05,-0.001207912969869778,0.501138952164009,0.501138952164009
2011-11-17,0.0010891112134377469,0.0010017915475303816,0.08731966590736523,8.731966590736523e-05,0.0025674327923926018,-0.0014783215789548549,0.0677011217577387,0.9977220956719818,8.731966590736526e-05,0.0010017915475303816,0.00176559627553659,0.005318577992033837,0.004038486208066585,0.005858849742299677,0.004755368282443471,0.04555808656036446,4.555808656036447e-05,4.555808656036447e-05,0.002521874705832237,0.04176157934700076,4.176157934700076e-05,4.176157934700076e-05,-0.0015200831583018555,0.501138952164009,0.501138952164009
2011-11-18,0.0038904442049773162,0.0038221070751367696,0.0683371298405467,6.83371298405467e-05,0.001905596827318648,0.0019848473776586683,0.19845572143913556,0.9931662870159453,6.833712984054665e-05,0.0038221070751367696,-0.005421903124256997,-0.0010382119168335794,0.0021915690171256936,0.0008333385578509618,0.005287128497389653,0.037965072133637055,3.7965072133637056e-05,3.7965072133637056e-05,0.001867631755185011,0.030372057706909643,3.0372057706909645e-05,3.0372057706909645e-05,0.0019544753199517585,0.501138952164009,0.501138952164009
2011-11-21,-0.0032611238474800804,-0.0033636295422409,0.10250569476082004,0.00010250569476082005,-0.0009373058286527748,-0.0023238180188273057,-0.1670002758157377,0.9931662870159453,0.00010250569476081975,-0.0033636295422409005,0.006123458777269607,0.0016643021308951572,-0.0029894624560055532,-0.0015470172714446265,-0.002032018128677015,0.04176157934700076,4.176157934700076e-05,4.176157934700076e-05,-0.0009790674079997756,0.060744115413819286,6.074411541381929e-05,6.074411541381929e-05,-0.002384562134241125,0.501138952164009,0.501138952164009
2011-11-22,-0.003954371409130253,-0.00403409806061089,0.07972665148063782,7.972665148063782e-05,0.00027930363471833784,-0.004233675043848591,-0.13775012515585125,0.9977220956719818,7.972665148063725e-05,-0.004034098060610891,0.010686353726980763,0.003971610876713903,0.0035508354953618054,0.0032697426277467274,-0.0007988647526823388,0.04555808656036446,4.555808656036447e-05,4.555808656036447e-05,0.00023374554815797338,0.03416856492027335,3.416856492027335e-05,3.416856492027335e-05,-0.004267843608768864,0.501138952164009,0.501138952164009
2011-11-24,-0.0065409844667509535,-0.006632100639871683,0.09111617312072892,9.111617312072893e-05,-0.001641323506394377,-0.004899660960356577,-0.3075385059086915,0.9977220956719818,9.111617312072915e-05,-0.006632100639871683,0.012709000272965591,0.003913151657657967,-0.0007911337768310628,-0.0009802393830030164,-0.00442265998559257,0.060744115413819286,6.074411541381929e-05,6.074411541381929e-05,-0.0017020676218081963,0.030372057706909643,3.0372057706909645e-05,3.0372057706909645e-05,-0.004930033018063487,0.501138952164009,0.501138952164009
2011-11-25,-0.0005460832854499862,-0.0006220134297172603,0.07593014426727411,7.593014426727411e-05,-0.0004777066113094227,-6.83766741405636e-05,-0.04724646773449665,0.9977220956719818,7.593014426727411e-05,-0.0006220134297172603,0.000325993419079916,-0.0002426592025092761,-0.002302319263372633,-0.00474107763388558,0.0009406760735461774,0.030372057706909643,3.0372057706909645e-05,3.0372057706909645e-05,-0.0005080786690163323,0.04555808656036446,4.555808656036447e-05,4.555808656036447e-05,-0.00011393476070092807,0.501138952164009,0.501138952164009
2011-11-28,-0.002397561437843744,-0.0024696950748976545,0.0721336370539104,7.21336370539104e-05,-0.004242406697855502,0.0018448452600117581,-0.15187768765540943,0.9977220956719818,7.213363705391032e-05,-0.0024696950748976545,-0.004247222015293248,-0.0025494705486657117,-0.005263963494436686,-0.006314232662780425,-0.009541178261963644,0.04176157934700076,4.176157934700076e-05,4.176157934700076e-05,-0.004284168277202503,0.030372057706909643,3.0372057706909645e-05,3.0372057706909645e-05,0.0018144732023048485,0.501138952164009,0.501138952164009
2011-11-29,-0.0020986266642881776,-0.0021745568085554516,0.07593014426727411,7.593014426727411e-05,0.0029108263242249117,-0.005009452988513089,-0.10249055681161658,0.9977220956719818,7.5930144267274e-05,-0.0021745568085554516,0.011266618039414374,0.007455171129679154,0.007196427890523618,0.005788060701374528,0.005818602078867755,0.04935459377372817,4.935459377372817e-05,4.935459377372817e-05,0.0028614717304511835,0.026575550493545937,2.657555049354594e-05,2.657555049354594e-05,-0.005036028539006635,0.501138952164009,0.501138952164009
2011-11-30,-0.0025688016573802972,-0.002614359743940662,0.04555808656036446,4.555808656036447e-05,-0.003531885104001463,0.0009630834466211656,-0.1120309420572649,0.9954441913439636,4.5558086560364575e-05,-0.002614359743940662,-0.0015437778160807749,-0.0026778120914751555,-0.00646031110510916,-0.006143442685935015,-0.007499852934236871,0.02277904328018223,2.2779043280182233e-05,2.2779043280182233e-05,-0.003554664147281645,0.02277904328018223,2.2779043280182233e-05,2.2779043280182233e-05,0.0009403044033409833,0.501138952164009,0.501138952164009
2011-12-01,-0.0003124171036820982,-0.000380754233522645,0.0683371298405467,6.83371298405467e-05,-0.0005515359198475881,0.0002391188161654899,0.00908774824866725,0.9954441913439636,6.833712984054675e-05,-0.0003807542335226449,-0.00046948652219369196,-0.0004924791414760258,0.0030390836541508023,-0.0012401219235803856,-0.0010307863255717927,0.03416856492027335,3.416856492027335e-05,3.416856492027335e-05,-0.0005857044847678614,0.03416856492027335,3.416856492027335e-05,3.416856492027335e-05,0.00020495025124521655,0.501138952164009,0.501138952164009
2011-12-02,-0.0018396463125955067,-0.0019231694712895083,0.08352315869400152,8.352315869400152e-05,-0.002005049795069174,0.0001654034824736674,-0.1119159295425576,0.9977220956719818,8.352315869400158e-05,-0.0019231694712895083,0.000736990818054701,-0.002464147028917674,-0.0042635032445706685,-0.004083891618618789,-0.003959532781840838,0.04176157934700076,4.176157934700076e-05,4.176157934700076e-05,-0.002046811374416175,0.04176157934700076,4.176157934700076e-05,4.176157934700076e-05,0.00012364190312666665,0.501138952164009,0.501138952164009
2011-12-05,0.0011334714727822982,0.0010651343429417515,0.0683371298405467,6.83371298405467e-05,0.0006500941910877716,0.00048337728169452665,0.08706198754560932,0.9977220956719818,6.833712984054665e-05,0.0010651343429417515,-0.0013796114394015126,-0.0001344493029773912,0.002998887318373771,0.0025528178530909084,0.0006694411863240803,0.03416856492027335,3.416856492027335e-05,3.416856492027335e-05,0.0006159256261674983,0.03416856492027335,3.416856492027335e-05,3.416856492027335e-05,0.0004492087167742533,0.501138952164009,0.501138952164009
2011-12-06,-0.0013642470013136804,-0.0014629561888611369,0.09870918754745633,9.870918754745634e-05,-0.0012091099846651126,-0.00015513701664856785,-0.0740572038822556,0.9977220956719818,9.870918754745651e-05,-0.0014629561888611366,0.0004946987106495788,-6.069082618023112e-05,-0.0017897958168916373,-0.003183881697038424,-0.0020271451737624998,0.05315110098709187,5.315110098709188e-05,5.315110098709188e-05,-0.0012622610856522045,0.04555808656036446,4.555808656036447e-05,4.555808656036447e-05,-0.00020069510320893232,0.501138952164009,0.501138952164009
2011-12-07,-0.001227729633188837,-0.0013112527918828385,0.08352315869400152,8.352315869400152e-05,-0.002198178283476809,0.000970448650287972,-0.07037368384635867,0.9977220956719818,8.352315869400158e-05,-0.0013112527918828385,-0.0007047033282535413,-0.004400051854535005,-0.002749593934398243,-0.002708092989443421,-0.0052255007765031935,0.04555808656036446,4.555808656036447e-05,4.555808656036447e-05,-0.0022437363700371737,0.037965072133637055,3.7965072133637056e-05,3.7965072133637056e-05,0.000932483578154335,0.501138952164009,0.501138952164009
2011-12-08,-0.0001162055259915677,-0.0001807461486187507,0.06454062262718299,6.4540622627183e-05,0.006525962753278247,-0.006642168279269815,0.015725974481257815,0.9954441913439636,6.454062262718301e-05,-0.00018074614861875068,0.012955599521469206,0.013851235610690434,0.012423678002936141,0.014030077697598752,0.012518354210444832,0.037965072133637055,3.7965072133637056e-05,3.7965072133637056e-05,0.00648799768114461,0.026575550493545937,2.657555049354594e-05,2.657555049354594e-05,-0.006668743829763361,0.501138952164009,0.501138952164009
2011-12-09,-0.0006450419517724808,-0.000694396545546209,0.04935459377372817,4.935459377372817e-05,-0.003431036864523204,0.002785994912750723,-0.07249837441465268,0.9954441913439636,4.9354593773728254e-05,-0.0006943965455462089,-0.0051205906537436655,-0.0064367973292976804,-0.007906820426034574,-0.006490568002971417,-0.007024433158916701,0.03416856492027335,3.416856492027335e-05,3.416856492027335e-05,-0.0034652054294434776,0.015186028853454821,1.5186028853454822e-05,1.5186028853454822e-05,0.0027708088838972684,0.501138952164009,0.501138952164009
2011-12-12,-0.0013991796605735296,-0.001497888848120986,0.09870918754745633,9.870918754745634e-05,0.0008465745554949762,-0.002245754216068506,-0.0642135381964376,0.9977220956719818,9.870918754745629e-05,-0.001497888848120986,0.0042976648139721445,0.004848571747338539,0.0028897322064511096,-0.0003735278741975137,0.002720715504341674,0.05315110098709187,5.315110098709188e-05,5.315110098709188e-05,0.0007934234545078844,0.04555808656036446,4.555808656036447e-05,4.555808656036447e-05,-0.0022913123026288705,0.501138952164009,0.501138952164009
2011-12-13,-0.0001892056994500263,-0.000284118379784119,0.09491268033409263,9.491268033409264e-05,-0.0015139974068458571,0.0013247917073958308,-0.054340167855578825,0.9977220956719818,9.491268033409272e-05,-0.00028411837978411895,-0.003460000960179579,-0.0010106829825513386,-0.00046338786567475345,-0.00036414073150575066,-0.0043495991451925654,0.05315110098709187,5.315110098709188e-05,5.315110098709188e-05,-0.001567148507832949,0.04176157934700076,4.176157934700076e-05,4.176157934700076e-05,0.0012830301280488301,0.501138952164009,0.501138952164009
2011-12-14,0.0005470896223399787,0.00046155604050799134,0.08553358183198727,8.553358183198728e-05,0.0029146865496104584,-0.0023675969272704796,0.02725694862215743,0.9954545454545455,8.553358183198732e-05,0.0004615560405079914,0.005020851992743009,0.004163877578136859,0.009374746808734128,0.007168941525959243,0.005159588885851754,0.05033823427900875,5.0338234279008755e-05,5.0338234279008755e-05,0.00286434831533145,0.03519534755297851,3.5195347552978514e-05,3.5195347552978514e-05,-0.002402792274823458,0.5,0.5
2011-12-15,0.0001284629564334804,5.649325946378339e-05,0.07196969696969698,7.196969696969698e-05,-0.0002727786228940236,0.000401241579327504,0.019446480887375158,0.9954545454545455,7.196969696969702e-05,5.649325946378343e-05,0.0003813797806674918,-0.0031702090373000075,-0.0029905799059830487,-0.002179592763489535,0.0002714605130626968,0.026515151515151516,2.651515151515152e-05,2.651515151515152e-05,-0.0002992937744091751,0.045454545454545456,4.545454545454546e-05,4.545454545454546e-05,0.0003557870338729585,0.5,0.5
2011-12-16,0.0011637802801337954,0.0011145378558913713,0.04924242424242424,4.9242424242424245e-05,0.000771462659000733,0.0003923176211330624,0.047300450232599586,0.9954545454545455,4.924242424242408e-05,0.001114537855891371,-0.002333823420492844,0.002313741114187314,0.004020850606029978,0.0039232204471832555,0.00035277775341057105,0.026515151515151516,2.651515151515152e-05,2.651515151515152e-05,0.0007449475074855815,0.022727272727272728,2.272727272727273e-05,2.272727272727273e-05,0.00036959034840578967,0.5,0.5
2011-12-19,0.0005432579173276298,0.00044856094763066017,0.0946969696969697,9.469696969696971e-05,0.002866142403937756,-0.002322884486610126,0.07742660852425035,0.9931818181818182,9.46969696969696e-05,0.00044856094763066006,0.004978584877254332,0.003980137165152093,0.0035503106363999606,0.0037494495603354228,0.006723702431645557,0.06060606060606061,6.060606060606061e-05,6.060606060606061e-05,0.0028055363433316955,0.03409090909090909,3.409090909090909e-05,3.409090909090909e-05,-0.002356975395701035,0.5,0.5
2011-12-20,0.00046483634415952406,0.0004061242229474028,0.06060606060606061,6.060606060606061e-05,-0.0015236633567657929,0.001988499700925317,-0.05208284317522552,0.990909090909091,5.8712121212121276e-05,0.0004042302835534635,-0.005204499304970948,-0.0015394938438354068,-0.003253884964130042,-0.002787322811911289,-0.003177328664341734,0.030303030303030304,3.0303030303030306e-05,3.0303030303030306e-05,-0.0015539663870688231,0.030303030303030304,3.0303030303030306e-05,2.8409090909090912e-05,0.0019600906100162257,0.5,0.5
2011-12-21,-0.0005483796043995696,-0.0006203493013692666,0.07196969696969698,7.196969696969698e-05,0.0009740067479013179,-0.0015223863523008874,-0.08723116729537972,0.9931818181818182,7.196969696969709e-05,-0.0006203493013692665,0.0027301515813124276,0.0036740149511804696,0.003045923629231225,0.0025305281189384648,0.0016567561842347213,0.03409090909090909,3.409090909090909e-05,3.409090909090909e-05,0.0009399158388104089,0.03787878787878788,3.787878787878788e-05,3.787878787878788e-05,-0.0015602651401796753,0.5,0.5
2011-12-22,0.0007276100909592937,0.0006404888788380816,0.08712121212121213,8.712121212121212e-05,-0.0036004632746262926,0.004328073365585586,0.0688109840991228,0.9886363636363636,8.71212121212121e-05,0.0006404888788380816,-0.008447126551260183,-0.009074187090993153,-0.0087240243034906,-0.007601029140548148,-0.007000875253604804,0.045454545454545456,4.545454545454546e-05,4.545454545454546e-05,-0.003645917820080838,0.04166666666666667,4.166666666666667e-05,4.166666666666667e-05,0.00428640669891892,0.5,0.5
2011-12-26,-0.0009466221484112061,-0.0010319267247872112,0.08530887102315673,8.530887102315675e-05,0.00031400892335916854,-0.0012606310717703747,-0.10507612215115965,0.9863945578231292,8.53045763760051e-05,-0.0010319310194343628,0.002629333786491267,0.0022885580366142156,0.0024083676471685724,0.0016567922292639828,0.00011577162537750851,0.03510444581873153,3.5104445818731535e-05,3.5104445818731535e-05,0.000278904477540437,0.05020442520442521,5.020442520442521e-05,5.0200130557273414e-05,-0.001310831202327648,0.4988662131519275,0.5026455026455027
2011-12-27,0.00024093577708505219,0.00017290856620069843,0.06802721088435375,6.802721088435374e-05,0.00027047330704168247,-2.9537529956630387e-05,0.026148173957666665,0.9863945578231292,6.802721088435375e-05,0.00017290856620069846,-0.00010757683232625303,0.00039976939088645776,0.001585727951039748,0.0010812131234148982,0.0002726574956019734,0.04157218442932729,4.157218442932729e-05,4.157218442932729e-05,0.0002289011226123552,0.026455026455026457,2.6455026455026456e-05,2.6455026455026456e-05,-5.599255641165684e-05,0.4988662131519275,0.5026455026455027
2011-12-28,1.6868894440441345e-05,-6.627547441821321e-05,0.08314436885865457,8.314436885865457e-05,0.0003657920225917781,-0.0003489231281513368,-0.0039905567942565435,0.9909297052154195,8.314436885865456e-05,-6.627547441821324e-05,-0.0004501367231663244,0.0030088006379692406,0.0016309184772368053,0.0006129358393246269,0.000793402184630692,0.04157218442932729,4.157218442932729e-05,4.157218442932729e-05,0.0003242198381624508,0.04157218442932729,4.157218442932729e-05,4.157218442932729e-05,-0.00039049531258066413,0.4988662131519275,0.5026455026455027
2011-12-29,-0.0015904584111876095,-0.0016773820695398392,0.08692365835222979,8.692365835222978e-05,0.0012028475222611483,-0.002793305933448758,-0.15408582888733433,0.9931972789115646,8.692365835222975e-05,-0.0016773820695398392,0.00569336461497834,0.0052818022558515695,0.0047110672005423035,0.00489603301494704,0.0011687272924162508,0.0491307634164777,4.9130763416477704e-05,4.9130763416477704e-05,0.0011537167588446706,0.03779289493575208,3.779289493575208e-05,3.779289493575208e-05,-0.00283109882838451,0.4988662131519275,0.5026455026455027
2011-12-30,-0.0013984685777703992,-0.0014589372096676025,0.06046863189720333,6.046863189720333e-05,-0.005278860229159516,0.003880391651389117,-0.10084723245799095,0.9931972789115646,6.0468631897203336e-05,-0.0014589372096676025,-0.0075218533427730055,-0.00812060644206279,-0.006652992547910176,-0.0100218468401516,-0.010861649496237927,0.026455026455026457,2.6455026455026456e-05,2.6455026455026456e-05,-0.005305315255614542,0.034013605442176874,3.401360544217687e-05,3.401360544217687e-05,0.0038463780459469404,0.4988662131519275,0.5026455026455027
2012-01-04,0.002825849155262755,0.0027427047864041,0.08314436885865457,8.314436885865457e-05,0.0003710573090235939,0.0024547918462391608,0.18626082586509987,0.9931972789115646,8.314436885865483e-05,0.0027427047864041006,-0.005457577201982159,-0.00372303526223795,-0.0030006762114646967,-0.003086170465171878,0.0026587870958546087,0.034013605442176874,3.401360544217687e-05,3.401360544217687e-05,0.00033704370358141706,0.0491307634164777,4.9130763416477704e-05,4.9130763416477704e-05,0.002405661082822683,0.4988662131519275,0.5026455026455027
2012-01-05,-8.505375213405778e-05,-0.00015686025251198665,0.07180650037792895,7.180650037792895e-05,0.0021628326208241997,-0.0022478863729582573,0.041492476117921485,0.9931972789115646,7.180650037792887e-05,-0.00015686025251198673,0.005210423791532465,0.0029787049281446722,0.0027792497631740428,0.003808346012183722,0.004599071442431812,0.04157218442932729,4.157218442932729e-05,4.157218442932729e-05,0.0021212604363948723,0.030234315948601664,3.0234315948601665e-05,3.0234315948601665e-05,-0.002278120688906859,0.4988662131519275,0.5026455026455027
2012-01-06,-0.0011204823155282091,-0.0012111852633740143,0.09070294784580499,9.070294784580499e-05,-0.0022866239423201145,0.0011661416267919056,-0.02942906221627748,0.9909297052154195,9.070294784580511e-05,-0.001211185263374014,-0.0009758500145246272,-0.005038873253555599,-0.006043817138963227,-0.0037034610752978143,-0.005023731907099983,0.0491307634164777,4.9130763416477704e-05,4.9130763416477704e-05,-0.002335754705736592,0.04157218442932729,4.157218442932729e-05,4.157218442932729e-05,0.0011245694423625784,0.4988662131519275,0.5026455026455027
2012-01-10,0.0012268105188322726,0.0011361075709864677,0.09070294784580499,9.070294784580499e-05,0.002445622774564516,-0.0012188122557322434,0.08434091824793966,0.9909297052154195,9.07029478458049e-05,0.0011361075709864677,0.0023357233782827706,0.0026049623227178413,0.0019418356300304463,0.0029709746298272246,0.005868055709515602,0.03779289493575208,3.779289493575208e-05,3.779289493575208e-05,0.0024078298796287637,0.052910052910052914,5.291005291005291e-05,5.291005291005291e-05,-0.0012717223086422963,0.4988662131519275,0.5026455026455027
2012-01-11,0.0015830755733092462,0.001507489783437742,0.07558578987150416,7.558578987150416e-05,0.0026727437276900957,-0.0010896681543808495,0.11176140821200897,0.9931972789115646,7.558578987150412e-05,0.001507489783437742,0.0012965077384294438,0.003930386475658006,0.0032505205083751417,0.004957206915893426,0.00555785097781237,0.04157218442932729,4.157218442932729e-05,4.157218442932729e-05,0.0026311715432607683,0.034013605442176874,3.401360544217687e-05,3.401360544217687e-05,-0.0011236817598230264,0.4988662131519275,0.5026455026455027
2012-01-12,0.0006819561366858782,0.0005799153203593476,0.10204081632653061,0.00010204081632653062,-0.002908893519467956,0.0035908496561538345,0.04134166786925296,0.9931972789115646,0.00010204081632653053,0.0005799153203593475,-0.007863533198669144,-0.005688281007653426,-0.004101648984436605,-0.005503679669853315,-0.0059946740883826755,0.06802721088435375,6.802721088435374e-05,6.802721088435374e-05,-0.00297692073035231,0.034013605442176874,3.401360544217687e-05,3.401360544217687e-05,0.003556836050711658,0.4988662131519275,0.5026455026455027
2012-01-13,0.0012972111609740402,0.00120272892363466,0.0944822373393802,9.44822373393802e-05,0.0035592791559977866,-0.002262067995023746,0.05869532727924853,0.9931972789115646,9.448223733938025e-05,0.00120272892363466,0.004916813462584521,0.0036578816662104735,0.002887162281910177,0.0030390353562193134,0.009182587602310959,0.04157218442932729,4.157218442932729e-05,4.157218442932729e-05,0.003517706971568459,0.052910052910052914,5.291005291005291e-05,5.291005291005291e-05,-0.002314978047933799,0.4988662131519275,0.5026455026455027
2012-01-16,0.001933105013415006,0.0018537399340499267,0.07936507936507936,7.936507936507937e-05,0.001783114712624622,0.00014999030079038405,0.09748417995051462,0.9931972789115646,7.936507936507926e-05,0.0018537399340499265,-0.00034233027135789374,-0.00020954635087007007,0.0030268391664252325,0.0040104029463650884,0.003356300265004671,0.030234315948601664,3.0234315948601665e-05,3.0234315948601665e-05,0.0017528803966760204,0.0491307634164777,4.9130763416477704e-05,4.9130763416477704e-05,0.00010085953737390635,0.4988662131519275,0.5026455026455027
2012-01-17,-0.0004960234663787541,-0.0005753885457438335,0.07936507936507936,7.936507936507937e-05,8.277863767730703e-05,-0.0005788021040560612,-0.0056825147903833174,0.9931972789115646,7.936507936507937e-05,-0.0005753885457438335,0.0020722728130274895,-0.0007109373551411994,-0.005478251798081386,-0.0028820261335849623,0.0016899133796267477,0.0491307634164777,4.9130763416477704e-05,4.9130763416477704e-05,3.364787426082933e-05,0.030234315948601664,3.0234315948601665e-05,3.0234315948601665e-05,-0.0006090364200046629,0.4988662131519275,0.5026455026455027
2012-01-18,-0.004695050133913363,-0.0047933116607463185,0.0982615268329554,9.826152683295541e-05,-0.0013833660200814684,-0.003311684113831895,-0.2065501049338361,0.9931972789115646,9.82615268329554e-05,-0.0047933116607463185,0.009079329625893034,0.0015502563594418024,0.002613167563494521,-0.001806809564868875,-0.0032561253188559776,0.052910052910052914,5.291005291005291e-05,5.291005291005291e-05,-0.0014362760729915212,0.045351473922902494,4.5351473922902495e-05,4.5351473922902495e-05,-0.0033570355877547975,0.4988662131519275,0.5026455026455027
2012-01-19,-0.005127609209662151,-0.005203194999533655,0.07558578987150416,7.558578987150416e-05,-0.008446448565188525,0.003318839355526375,-0.2547847522863837,0.9931972789115646,7.558578987150368e-05,-0.005203194999533656,-0.006674863659563655,-0.006456864267525304,-0.009232111296995665,-0.01175705706279944,-0.019518406586201232,0.04157218442932729,4.157218442932729e-05,4.157218442932729e-05,-0.008488020749617853,0.034013605442176874,3.401360544217687e-05,3.401360544217687e-05,0.003284825750084198,0.4988662131519275,0.5026455026455027
2012-01-20,-0.0018122654127199788,-0.0018727340446171822,0.06046863189720333,6.046863189720333e-05,1.7708887643016443e-05,-0.0018299743003629954,-0.05045713386799586,0.9909297052154195,6.0468631897203336e-05,-0.0018727340446171822,0.004732553983305094,0.0014321339854976177,0.0009380710987242181,-0.0009386802164097097,0.000522587513549652,0.026455026455026457,2.6455026455026456e-05,2.6455026455026456e-05,-8.746138812010013e-06,0.034013605442176874,3.401360544217687e-05,3.401360544217687e-05,-0.0018639879058051723,0.4988662131519275,0.5026455026455027
2012-01-23,-0.0012018827441259612,-0.001292585691971766,0.09070294784580499,9.070294784580499e-05,-0.0004801639014843139,-0.0007217188426416473,-0.03765131747904713,0.9909297052154195,9.07029478458049e-05,-0.001292585691971766,0.0012795065043044681,0.0017520619745427775,0.0012563338881849417,0.0010683500873581323,-0.0019779405929148553,0.04157218442932729,4.157218442932729e-05,4.157218442932729e-05,-0.0005217360859136412,0.0491307634164777,4.9130763416477704e-05,4.9130763416477704e-05,-0.000770849606058125,0.4988662131519275,0.5026455026455027
2012-01-24,-0.00047645699305089406,-0.0005444842039352478,0.06802721088435375,6.802721088435374e-05,-0.002855194807933544,0.0023787378148826498,-0.04361221743893176,0.9931972789115646,6.802721088435378e-05,-0.0005444842039352478,-0.00442400653986157,-0.005356305540233396,-0.003446287452874872,-0.004899063753305485,-0.006135519784474708,0.030234315948601664,3.0234315948601665e-05,3.0234315948601665e-05,-0.0028854291238821455,0.03779289493575208,3.779289493575208e-05,3.779289493575208e-05,0.0023409449199468975,0.4988662131519275,0.5026455026455027
2012-01-25,0.0007085018272637971,0.000632916037392293,0.07558578987150416,7.558578987150416e-05,0.0006114978848357487,9.700394242804835e-05,0.055589191475706554,0.9931972789115646,7.558578987150412e-05,0.000632916037392293,-0.0006416004955819216,0.000714436385007487,0.00020712898229320337,0.0009019171977431019,0.0013877043593959388,0.03779289493575208,3.779289493575208e-05,3.779289493575208e-05,0.0005737049898999967,0.03779289493575208,3.779289493575208e-05,3.779289493575208e-05,5.9211047492296275e-05,0.4988662131519275,0.5026455026455027
2012-01-26,0.0009273014768508816,0.0008668328449536784,0.06046863189720333,6.046863189720333e-05,-0.0005245264754798868,0.0014518279523307684,0.048288701256071334,0.9931972789115646,6.046863189720323e-05,0.0008668328449536783,-0.003659089529394853,-0.0013294251834222596,0.0007855545203020189,-0.0007071671546662847,-0.00122357216598479,0.034013605442176874,3.401360544217687e-05,3.401360544217687e-05,-0.0005585400809220637,0.026455026455026457,2.6455026455026456e-05,2.6455026455026456e-05,0.001425372925875742,0.4988662131519275,0.5026455026455027
2012-01-27,0.0015540112967114507,0.0014746462173463714,0.07936507936507936,7.936507936507937e-05,0.0036530845865231374,-0.0020990732898116863,0.1310457611262366,0.9909297052154195,7.936507936507926e-05,0.0014746462173463714,0.004572205568032931,0.0033747385665736664,0.003618782325425753,0.003982289740833998,0.008993016284060525,0.03779289493575208,3.779289493575208e-05,3.779289493575208e-05,0.003615291691587385,0.04157218442932729,4.157218442932729e-05,4.157218442932729e-05,-0.0021406454742410137,0.4988662131519275,0.5026455026455027
2012-01-30,-0.0006471476212274753,-0.0007416298585668556,0.0944822373393802,9.44822373393802e-05,0.0027382674259529135,-0.0033854150471803886,-0.017738076716124915,0.9909297052154195,9.448223733938025e-05,-0.0007416298585668556,0.007164323753569611,0.005867181986732624,0.0031232820295067545,0.0042527530381323295,0.006107095763969527,0.045351473922902494,4.5351473922902495e-05,4.5351473922902495e-05,0.002692915952030011,0.0491307634164777,4.9130763416477704e-05,4.9130763416477704e-05,-0.0034345458105968663,0.4988662131519275,0.5026455026455027
2012-01-31,-0.00028693548981429046,-0.0003814177271536706,0.0944822373393802,9.44822373393802e-05,0.0006121494309250979,-0.0008990849207393884,-0.01653299690907355,0.9931972789115646,9.448223733938014e-05,-0.00038141772715367066,0.0021300306784331918,0.0010982986283429106,-0.0004836768717971367,0.000610784372160158,0.0015352298528151585,0.0491307634164777,4.9130763416477704e-05,4.9130763416477704e-05,0.0005630186675086202,0.045351473922902494,4.5351473922902495e-05,4.5351473922902495e-05,-0.0009444363946622908,0.4988662131519275,0.5026455026455027
2012-02-01,0.0010865652747801618,0.0010034209059215072,0.08314436885865457,8.314436885865457e-05,-0.0019157022788145392,0.0030022675535947008,0.02802841278816818,0.9931972789115646,8.314436885865461e-05,0.0010034209059215072,-0.00630485816741701,-0.005301536767751,-0.008954324227772476,-0.0039967915707091965,-0.0037617726575354814,0.0491307634164777,4.9130763416477704e-05,4.9130763416477704e-05,-0.001964833042231017,0.034013605442176874,3.401360544217687e-05,3.401360544217687e-05,0.002968253948152524,0.4988662131519275,0.5026455026455027
2012-02-02,-0.002087713800881512,-0.0021632995907530164,0.07558578987150416,7.558578987150416e-05,0.0009654501909027397,-0.0030531639917842517,-0.05028276903652452,0.9931972789115646,7.558578987150455e-05,-0.002163299590753016,0.008074526794038523,0.0020280524444701003,0.0026338618289849045,0.0007757216883500766,0.002515072343471154,0.03779289493575208,3.779289493575208e-05,3.779289493575208e-05,0.0009276572959669876,0.03779289493575208,3.779289493575208e-05,3.779289493575208e-05,-0.003090956886720004,0.4988662131519275,0.5026455026455027
2012-02-03,0.0026131205354600656,0.0025375347455885615,0.07558578987150416,7.558578987150416e-05,-0.0011075146617102797,0.003720635197170345,0.1512126175663476,0.9931972789115646,7.558578987150412e-05,0.0025375347455885615,-0.008627359522739157,-0.004923751719261099,-0.00675750863216134,-0.0074395217921098995,0.0003896656745942676,0.030234315948601664,3.0234315948601665e-05,3.0234315948601665e-05,-0.0011377489776588812,0.045351473922902494,4.5351473922902495e-05,4.5351473922902495e-05,0.0036752837232474425,0.4988662131519275,0.5026455026455027
2012-02-06,-0.0023753321855856414,-0.0024698144229250217,0.0944822373393802,9.44822373393802e-05,-0.00026773384249986797,-0.0021075983430857734,-0.10332100185518424,0.9931972789115646,9.448223733938025e-05,-0.0024698144229250217,0.005698994267358972,0.0011468189042169784,0.00037428817262300353,-0.00023076961191835531,-0.0006896421795574706,0.0491307634164777,4.9130763416477704e-05,4.9130763416477704e-05,-0.00031686460591634567,0.045351473922902494,4.5351473922902495e-05,4.5351473922902495e-05,-0.002152949817008676,0.4988662131519275,0.5026455026455027
2012-02-07,-0.0005396828900581686,-0.0006190479694232479,0.07936507936507936,7.936507936507937e-05,-0.0029082029676971797,0.0023685200776390114,-0.024710631317460718,0.9931972789115646,7.936507936507926e-05,-0.000619047969423248,-0.004121513176622791,-0.005906721359633043,-0.006424717032652946,-0.005949151798756423,-0.0057698616603112625,0.03779289493575208,3.779289493575208e-05,3.779289493575208e-05,-0.002945995862632932,0.04157218442932729,4.157218442932729e-05,4.157218442932729e-05,0.002326947893209684,0.4988662131519275,0.5026455026455027
2012-02-08,-0.0015136553511830853,-0.001615696167509616,0.10204081632653061,0.00010204081632653062,0.00047157549039091175,-0.0019852308415739973,-0.051587774506536774,0.9931972789115646,0.00010204081632653075,-0.0016156961675096158,0.0045428109975103655,0.0027495886795922057,-0.0005617495809627285,0.0014391541835874573,0.0006983646668134901,0.04157218442932729,4.157218442932729e-05,4.157218442932729e-05,0.00043000330596158445,0.06046863189720333,6.046863189720333e-05,6.046863189720333e-05,-0.0020456994734712004,0.4988662131519275,0.5026455026455027
2012-02-09,-0.004266470428363094,-0.004357173376208899,0.09070294784580499,9.070294784580499e-05,-0.0021177568689439573,-0.0021487135594191365,-0.20688618371803363,0.9909297052154195,9.070294784580511e-05,-0.004357173376208899,0.005275006736469028,0.002251682006285453,-0.0014569306158257382,-0.0017823054338361724,-0.005476557141292949,0.045351473922902494,4.5351473922902495e-05,4.5351473922902495e-05,-0.00216310834286686,0.045351473922902494,4.5351473922902495e-05,4.5351473922902495e-05,-0.002194065033342039,0.4988662131519275,0.5026455026455027
2012-02-10,-0.00012156974644788828,-0.0002349484312551445,0.11337868480725624,0.00011337868480725624,-9.246197607386283e-05,-2.910777037402538e-05,-0.011239617750903095,0.9909297052154195,0.00011337868480725623,-0.0002349484312551445,0.0003019029698506844,-0.00043562382444872245,-0.00048309607740971473,-0.0026385234727389017,0.0010412453855837224,0.05668934240362812,5.668934240362812e-05,5.668934240362812e-05,-0.00014915131847749094,0.05668934240362812,5.668934240362812e-05,5.668934240362812e-05,-8.57971127776535e-05,0.4988662131519275,0.5026455026455027
2012-02-13,0.002463277245317134,0.0023725742974713294,0.09070294784580499,9.070294784580499e-05,0.002800407908000977,-0.00033713066268384274,0.15619257442176426,0.9931972789115646,9.070294784580468e-05,0.002372574297471329,5.604441676053349e-05,0.0019140186421467567,0.0007355506002487323,0.006091046524461515,0.005374794152053998,0.04157218442932729,4.157218442932729e-05,4.157218442932729e-05,0.0027588357235716495,0.0491307634164777,4.9130763416477704e-05,4.9130763416477704e-05,-0.00038626142610032044,0.4988662131519275,0.5026455026455027
2012-02-14,-0.00010831558260168456,-0.00021791497791536548,0.10959939531368103,0.00010959939531368103,-0.004323696827762003,0.004215381245160319,-0.01260498471245644,0.9931972789115646,0.00010959939531368092,-0.0002179149779153656,-0.008774880043435455,-0.007600580763719655,-0.007843386703616404,-0.008385591513795866,-0.008807774477486454,0.0491307634164777,4.9130763416477704e-05,4.9130763416477704e-05,-0.004372827591178481,0.06046863189720333,6.046863189720333e-05,6.046863189720333e-05,0.004154912613263116,0.4988662131519275,0.5026455026455027
2012-02-15,-0.0013519690769383007,-0.0014426720247841056,0.09070294784580499,9.070294784580499e-05,0.0023446652693335244,-0.003696634346271825,-0.08489226243005929,0.9931972789115646,9.07029478458049e-05,-0.0014426720247841056,0.008557350869959275,0.004921027740844305,0.0075091817903369445,0.006173741903764646,0.003963111210227342,0.04157218442932729,4.157218442932729e-05,4.157218442932729e-05,0.002303093084904197,0.0491307634164777,4.9130763416477704e-05,4.9130763416477704e-05,-0.0037457651096883026,0.4988662131519275,0.5026455026455027
2012-02-16,-0.00022104052890387606,-0.00030040560826895545,0.07936507936507936,7.936507936507937e-05,-0.0032076407219883605,0.0029866001930844844,-0.04256541397042773,0.9931972789115646,7.936507936507939e-05,-0.0003004056082689554,-0.0071773437782166345,-0.00344251851883805,-0.0010129815493844585,-0.004911234204325043,-0.007189175341452481,0.03779289493575208,3.779289493575208e-05,3.779289493575208e-05,-0.0032454336169241127,0.04157218442932729,4.157218442932729e-05,4.157218442932729e-05,0.002945028008655157,0.4988662131519275,0.5026455026455027
2012-02-17,-0.0013916887147983558,-0.0014710537941634353,0.07936507936507936,7.936507936507937e-05,-0.0053250390179016265,0.00393335030310327,-0.07026172014658962,0.9931972789115646,7.936507936507947e-05,-0.001471053794163435,-0.009059097226863377,-0.00532965538659738,-0.0077167076797710205,-0.007396895340152614,-0.012312976467841536,0.03779289493575208,3.779289493575208e-05,3.779289493575208e-05,-0.005362831912837379,0.04157218442932729,4.157218442932729e-05,4.157218442932729e-05,0.003891778118673943,0.4988662131519275,0.5026455026455027
2012-02-20,0.0018281358978270677,0.0017260950815005372,0.10204081632653061,0.00010204081632653062,0.0039064827631947185,-0.0020783468653676504,0.06233057725070422,0.9931972789115646,0.00010204081632653053,0.0017260950815005372,0.004847757516758392,0.0026927309451087156,0.007578595846678268,0.005329119730705776,0.009081523533980321,0.04157218442932729,4.157218442932729e-05,4.157218442932729e-05,0.003864910578765391,0.06046863189720333,6.046863189720333e-05,6.046863189720333e-05,-0.0021388154972648535,0.4988662131519275,0.5026455026455027
2012-02-21,0.0012039514935872863,0.0010981313877671804,0.10582010582010583,0.00010582010582010582,0.0013009035115588634,-9.695201797157722e-05,0.06604280226575113,0.9931972789115646,0.00010582010582010589,0.0010981313877671804,-4.318717874532378e-05,0.0006703900650821165,0.0018413583630508363,0.001847498667086719,0.00298783099780295,0.05668934240362812,5.668934240362812e-05,5.668934240362812e-05,0.0012442141691552352,0.0491307634164777,4.9130763416477704e-05,4.9130763416477704e-05,-0.00014608278138805492,0.4988662131519275,0.5026455026455027
2012-02-22,-0.00094444291258882,-0.0010389251499282003,0.0944822373393802,9.44822373393802e-05,0.0005350044194646302,-0.0014794473320534503,-0.0822888207887457,0.9931972789115646,9.448223733938025e-05,-0.0010389251499282003,0.003106292360459529,0.0026136759995555653,0.0030420775857063023,0.001867118324739239,0.0006751018534297122,0.04157218442932729,4.157218442932729e-05,4.157218442932729e-05,0.0004934322350353029,0.052910052910052914,5.291005291005291e-05,5.291005291005291e-05,-0.0015323573849635032,0.4988662131519275,0.5026455026455027
2012-02-23,-0.0018609408559925823,-0.0019251887773833608,0.06424792139077853,6.424792139077853e-05,-0.0011133736008854624,-0.0007475672551071199,-0.09200252860876035,0.9931972789115646,6.424792139077848e-05,-0.0019251887773833608,0.0017802193139570266,0.0008946994717992852,-0.0009298893025890759,4.587750533343194e-05,-0.003370650738965504,0.030234315948601664,3.0234315948601665e-05,3.0234315948601665e-05,-0.001143607916834064,0.034013605442176874,3.401360544217687e-05,3.401360544217687e-05,-0.0007815808605492968,0.4988662131519275,0.5026455026455027
2012-02-24,0.0012963590814388016,0.0011792011071379703,0.11715797430083144,0.00011715797430083145,-0.003418688082956095,0.004715047164394897,0.05927313994412811,0.9931972789115646,0.00011715797430083131,0.00117920110713797,-0.010135422069966909,-0.0078533844425417,-0.005623132255316577,-0.00423698662458802,-0.008160880173503521,0.052910052910052914,5.291005291005291e-05,5.291005291005291e-05,-0.003471598135866148,0.06424792139077853,6.424792139077853e-05,6.424792139077853e-05,0.004650799243004118,0.4988662131519275,0.5026455026455027
2012-02-27,0.0016672519015375673,0.0015954454011596383,0.07180650037792895,7.180650037792895e-05,0.0035738957238290498,-0.0019066438222914823,0.09286667701093196,0.9931972789115646,7.180650037792898e-05,0.0015954454011596383,0.00336793181642829,0.0046534550844592815,0.006252809526637705,0.008354296362020298,0.006568906461321289,0.03779289493575208,3.779289493575208e-05,3.779289493575208e-05,0.0035361028288932975,0.034013605442176874,3.401360544217687e-05,3.401360544217687e-05,-0.0019406574277336592,0.4988662131519275,0.5026455026455027
2012-02-28,0.0008912086744711521,0.0007967264371317718,0.0944822373393802,9.44822373393802e-05,0.0004925753743289446,0.00039863330014220755,0.028441278931066565,0.9931972789115646,9.448223733938025e-05,0.000796726437131772,-0.0014075311806044518,0.0004498159967310929,-0.0014327870538752964,0.0027552939603160517,0.00010343761129014134,0.052910052910052914,5.291005291005291e-05,5.291005291005291e-05,0.00043966532141889166,0.04157218442932729,4.157218442932729e-05,4.157218442932729e-05,0.00035706111571288024,0.4988662131519275,0.5026455026455027
2012-02-29,0.0003262645141209489,0.00027335446121089593,0.052910052910052914,5.291005291005291e-05,0.0010447008052351077,-0.0007184362911141589,0.02664257638184306,0.9931972789115646,5.2910052910052946e-05,0.000273354461210896,0.0008361468579919224,0.0026291175515346663,0.0024632934955575534,0.0035120677233231156,0.0013851915140794591,0.022675736961451247,2.2675736961451248e-05,2.2675736961451248e-05,0.0010220250682736565,0.030234315948601664,3.0234315948601665e-05,3.0234315948601665e-05,-0.0007486706070627605,0.4988662131519275,0.5026455026455027
2012-03-01,0.0029775567954631967,0.0029057502950852678,0.07180650037792895,7.180650037792895e-05,-0.0007151809246290157,0.003692737720092212,0.17675762122551839,0.9931972789115646,7.180650037792898e-05,0.0029057502950852678,-0.009369478644115574,-0.0032548818502298464,-0.0018489477415518688,-0.0019298367703330058,-0.00118550062229756,0.04157218442932729,4.157218442932729e-05,4.157218442932729e-05,-0.000756753109058343,0.030234315948601664,3.0234315948601665e-05,3.0234315948601665e-05,0.0036625034041436106,0.4988662131519275,0.5026455026455027
2012-03-02,0.0013359496271731642,0.0012490259688209345,0.08692365835222979,8.692365835222978e-05,0.0019135144461469302,-0.0005775648189737659,0.0799471514199789,0.9931972789115646,8.692365835222975e-05,0.0012490259688209345,0.0016665204214981752,0.00010234849061638316,0.002906040806555868,0.0020188114142056113,0.004744184320743532,0.04157218442932729,4.157218442932729e-05,4.157218442932729e-05,0.001871942261717603,0.045351473922902494,4.5351473922902495e-05,4.5351473922902495e-05,-0.0006229162928966683,0.4988662131519275,0.5026455026455027
2012-03-05,0.0016627221078992463,0.0016098120549891935,0.052910052910052914,5.291005291005291e-05,0.0010928125500880704,0.0005699095578111757,0.09250865023118576,0.9931972789115646,5.291005291005284e-05,0.0016098120549891935,-0.0012918785880638441,-0.0008141107877080674,-0.001246049065259165,-5.8990650335067525e-05,0.0033153839700914363,0.026455026455026457,2.6455026455026456e-05,2.6455026455026456e-05,0.001066357523633044,0.026455026455026457,2.6455026455026456e-05,2.6455026455026456e-05,0.0005434545313561493,0.4988662131519275,0.5026455026455027
2012-03-06,-0.0006433265843642623,-0.0007151330847421913,0.07180650037792895,7.180650037792895e-05,0.004981775304507453,-0.005625101888871715,-0.08617556065215713,0.9931972789115646,7.180650037792898e-05,-0.0007151330847421913,0.01166588833207031,0.010230406778209055,0.011839961783808172,0.012088228100416426,0.008935178513117606,0.03779289493575208,3.779289493575208e-05,3.779289493575208e-05,0.004943982409571701,0.034013605442176874,3.401360544217687e-05,3.401360544217687e-05,-0.005659115494313892,0.4988662131519275,0.5026455026455027
2012-03-07,0.00657320756676836,0.006520297513858307,0.052910052910052914,5.291005291005291e-05,0.0014510421961636954,0.005122165370604665,0.3682246877244585,0.9931972789115646,5.291005291005284e-05,0.006520297513858307,-0.012358060381702118,-0.0058058541611478555,-0.00340998101591498,0.0025427234229392793,0.0030916583465407446,0.026455026455026457,2.6455026455026456e-05,2.6455026455026456e-05,0.001424587169708669,0.026455026455026457,2.6455026455026456e-05,2.6455026455026456e-05,0.005095710344149638,0.4988662131519275,0.5026455026455027
2012-03-08,-0.00018521448958140743,-0.0002343452529978851,0.0491307634164777,4.9130763416477704e-05,-0.001598353098028203,0.0014131386084467955,0.025701024503555596,0.9931972789115646,4.913076341647767e-05,-0.00023434525299788513,-0.003326963363977909,-0.0017685621909315496,-0.00356438931528406,-0.0010391213444384156,-0.004286396483897412,0.026455026455026457,2.6455026455026456e-05,2.6455026455026456e-05,-0.0016248081244832294,0.022675736961451247,2.2675736961451248e-05,2.2675736961451248e-05,0.0013904628714853443,0.4988662131519275,0.5026455026455027
2012-03-09,-0.0016774307612496156,-0.001719002945678943,0.04157218442932729,4.157218442932729e-05,-0.0014245664889857106,-0.00025286427226390516,-0.12269443499711058,0.9931972789115646,4.1572184429327416e-05,-0.0017190029456789428,0.0015912888995557027,-0.0016981096731688238,-0.003961546369050257,-0.0038712664180996555,-0.002347779211241297,0.022675736961451247,2.2675736961451248e-05,2.2675736961451248e-05,-0.0014472422259471619,0.01889644746787604,1.889644746787604e-05,1.889644746787604e-05,-0.0002717607197317812,0.4988662131519275,0.5026455026455027
2012-03-12,0.0021094758768537562,0.002026331507995102,0.08314436885865457,8.314436885865457e-05,0.0023341452319062387,-0.00022466935505248252,0.15951521146108416,0.9931972789115646,8.31443688586544e-05,0.002026331507995102,-0.0007820596458500738,0.0029329731778987146,0.00033293308168022556,0.005910905356323815,0.004062897644137988,0.045351473922902494,4.5351473922902495e-05,4.5351473922902495e-05,0.002288793757983336,0.03779289493575208,3.779289493575208e-05,3.779289493575208e-05,-0.0002624622499882346,0.4988662131519275,0.5026455026455027
2012-03-13,0.00018663063898840225,0.0001488377440526502,0.03779289493575208,3.779289493575208e-05,-0.003537492879685861,0.0037241235186742635,-0.030578300363903445,0.9931972789115646,3.779289493575206e-05,0.00014883774405265017,-0.008887689878227821,-0.004418151906339409,-0.0032876726828117656,-0.006011035970968851,-0.007631079923207379,0.01889644746787604,1.889644746787604e-05,1.889644746787604e-05,-0.0035563893271537373,0.01889644746787604,1.889644746787604e-05,1.889644746787604e-05,0.0037052270712063873,0.4988662131519275,0.5026455026455027
2012-03-14,0.0021456942757694937,0.002094477207745703,0.05121706802379062,5.121706802379062e-05,-0.001433265471760895,0.0035789597475303883,0.16321344101365992,0.9909502262443439,5.1217068023790696e-05,0.002094477207745703,-0.008262463803121449,-0.004858655603801137,-0.0030877244810887205,-0.004441842644359092,-0.0020748418736987557,0.027481077901245925,2.7481077901245923e-05,2.7481077901245923e-05,-0.001460746549662141,0.0237359901225447,2.37359901225447e-05,2.37359901225447e-05,0.0035552237574078436,0.5015082956259428,0.5015082956259428
2012-03-15,-0.0022701399574488797,-0.0023380132606163006,0.06787330316742082,6.787330316742082e-05,-0.00025954727707309277,-0.0020105926803757872,-0.1719100500202113,0.9909502262443439,6.787330316742083e-05,-0.0023380132606163006,0.004480408219938538,0.003055746528662018,0.0016242075720335923,-0.0015724621174498519,4.004441438306652e-06,0.041478129713423836,4.147812971342384e-05,4.147812971342384e-05,-0.0003010254067865166,0.026395173453996987,2.639517345399699e-05,2.639517345399699e-05,-0.0020369878538297843,0.5015082956259428,0.5015082956259428
2012-03-16,0.0034401238732726705,0.0033722505701052497,0.06787330316742082,6.787330316742082e-05,-0.00015922630540383495,0.0035993501786765053,0.23410345745761427,0.9909502262443439,6.787330316742083e-05,0.0033722505701052497,-0.008030724238811961,-0.005450300230244195,-0.006037259298237371,-0.00031497527383942276,-0.0003187404960018251,0.037707390648567124,3.770739064856712e-05,3.770739064856712e-05,-0.00019693369605240207,0.0301659125188537,3.01659125188537e-05,3.01659125188537e-05,0.0035691842661576515,0.5015082956259428,0.5015082956259428
2012-03-19,-0.001973972824107384,-0.0020267631710153776,0.052790346907993974,5.279034690799398e-05,0.0012802526788290628,-0.0032542255029364467,-0.15636523272918873,0.9909502262443439,5.279034690799369e-05,-0.002026763171015378,0.0075903390077246185,0.004260918902073966,0.004159527221798146,0.0024464730095699995,0.0026053730112852516,0.0301659125188537,3.01659125188537e-05,3.01659125188537e-05,0.0012500867663102092,0.022624434389140274,2.2624434389140274e-05,2.2624434389140274e-05,-0.003276849937325587,0.5015082956259428,0.5015082956259428
2012-03-21,0.0019959579741444826,0.0019582505834959156,0.037707390648567124,3.770739064856712e-05,0.0006258194197624145,0.0013701385543820684,0.18115662357754153,0.9909502262443439,3.7707390648566985e-05,0.0019582505834959156,-0.00205552095595052,-0.004100440444148368,0.0007357383242511318,9.856095907265096e-05,0.001816074471031412,0.01508295625942685,1.508295625942685e-05,1.508295625942685e-05,0.0006107364635029877,0.022624434389140274,2.2624434389140274e-05,2.2624434389140274e-05,0.001347514119992928,0.5015082956259428,0.5015082956259428
2012-03-22,0.0005583343675081247,0.0005055440206001308,0.052790346907993974,5.279034690799398e-05,0.0031935252129506953,-0.0026351908454425705,0.051995785080822726,0.9909502262443439,5.279034690799391e-05,0.0005055440206001307,0.004694043972313716,0.006388243151714746,0.005843662341385393,0.006264806292309954,0.006418779883290857,0.0301659125188537,3.01659125188537e-05,3.01659125188537e-05,0.0031633593004318414,0.022624434389140274,2.2624434389140274e-05,2.2624434389140274e-05,-0.0026578152798317108,0.5015082956259428,0.5015082956259428
2012-03-23,0.0009702499298273357,0.000940084017308482,0.0301659125188537,3.01659125188537e-05,0.0007781830476778996,0.00019206688214943614,0.04861887992171681,0.9909502262443439,3.016591251885374e-05,0.000940084017308482,-0.002518896628504297,0.003937401427064818,0.0027274452418628407,0.0035211530097063685,0.0005780158631134689,0.01508295625942685,1.508295625942685e-05,1.508295625942685e-05,0.0007631000914184728,0.01508295625942685,1.508295625942685e-05,1.508295625942685e-05,0.0001769839258900093,0.5015082956259428,0.5015082956259428
2012-03-26,0.002587813791135751,0.0025387941832926138,0.04901960784313726,4.901960784313726e-05,-0.006037907532763842,0.008625721323899592,0.1789543375901199,0.9909502262443439,4.901960784313734e-05,0.0025387941832926138,-0.016651623656334068,-0.018307881583737265,-0.013106960571068856,-0.011718523221089301,-0.012198180404056643,0.026395173453996987,2.639517345399699e-05,2.639517345399699e-05,-0.006064302706217839,0.022624434389140274,2.2624434389140274e-05,2.2624434389140274e-05,0.008603096889510452,0.5015082956259428,0.5015082956259428
2012-03-27,-0.0012672580484263838,-0.0013200483953343777,0.052790346907993974,5.279034690799398e-05,0.0005877457360453479,-0.0018550037844717317,-0.08174642521256859,0.9909502262443439,5.279034690799391e-05,-0.0013200483953343777,0.004292314797763382,0.002498431514567323,-0.0019317903949633082,-0.00023824966492308673,0.0018691365669195738,0.018853695324283562,1.885369532428356e-05,1.885369532428356e-05,0.0005688920407210643,0.03393665158371041,3.393665158371041e-05,3.393665158371041e-05,-0.0018889404360554422,0.5015082956259428,0.5015082956259428
2012-03-28,0.0017867641270812508,0.001745285997367827,0.041478129713423836,4.147812971342384e-05,0.004689610378649243,-0.0029028462515679927,0.11638505201777795,0.9909502262443439,4.147812971342377e-05,0.001745285997367827,0.006659509363497955,0.004025874831011674,0.007182448561933117,0.007823603333445365,0.010106136244339137,0.022624434389140274,2.2624434389140274e-05,2.2624434389140274e-05,0.0046669859442601035,0.018853695324283562,1.885369532428356e-05,1.885369532428356e-05,-0.0029216999468922762,0.5015082956259428,0.5015082956259428
2012-03-29,0.0002776712288443485,0.00022488088193635451,0.052790346907993974,5.279034690799398e-05,0.0007895453736270026,-0.0005118741447826542,-0.01445024359602269,0.9909502262443439,5.2790346907993964e-05,0.00022488088193635451,0.0009057108316828296,0.001253199072195183,0.0020391174402463186,0.0017482422507494177,0.0014883682477854685,0.03393665158371041,3.393665158371041e-05,3.393665158371041e-05,0.0007556087220432922,0.018853695324283562,1.885369532428356e-05,1.885369532428356e-05,-0.0005307278401069378,0.5015082956259428,0.5015082956259428
2012-03-30,-0.001278357584907878,-0.001342460149010442,0.06410256410256411,6.410256410256412e-05,-0.0034682100749201914,0.0021898524900123132,-0.05022964340347083,0.9909502262443439,6.410256410256405e-05,-0.001342460149010442,-0.0024906876660922097,-0.008160856319751336,-0.005661464693788747,-0.008255167220410219,-0.006253280383941405,0.037707390648567124,3.770739064856712e-05,3.770739064856712e-05,-0.0035059174655687583,0.026395173453996987,2.639517345399699e-05,2.639517345399699e-05,0.002163457316558316,0.5015082956259428,0.5015082956259428
2012-04-02,-0.0007670565530613566,-0.0008160761609044938,0.04901960784313726,4.901960784313726e-05,-0.00012950228347466188,-0.0006375542695866946,-0.045865629707625505,0.9909502262443439,4.901960784313723e-05,-0.0008160761609044938,0.0007168021981643055,0.002392818105858368,0.001026077561415121,0.00016657655104623676,-0.00046824015532039053,0.03393665158371041,3.393665158371041e-05,3.393665158371041e-05,-0.0001634389350583723,0.01508295625942685,1.508295625942685e-05,1.508295625942685e-05,-0.0006526372258461214,0.5015082956259428,0.5015082956259428
2012-04-03,-0.0059362134753470274,-0.0060003160394495915,0.06410256410256411,6.410256410256412e-05,-0.004050824232667383,-0.0018853892426796436,-0.40606242019105376,0.9909502262443439,6.410256410256405e-05,-0.0060003160394495915,0.005287846286437101,0.0006678842651304418,-0.002422401266761743,-0.007111700223580964,-0.008554649176020534,0.0301659125188537,3.01659125188537e-05,3.01659125188537e-05,-0.004080990145186237,0.03393665158371041,3.393665158371041e-05,3.393665158371041e-05,-0.001919325894263354,0.5015082956259428,0.5015082956259428
2012-04-04,-0.002573252150939363,-0.0026222717587825,0.04901960784313726,4.901960784313726e-05,-0.0004337329282877537,-0.0021395192226516093,-0.17925795343923853,0.9909502262443439,4.901960784313734e-05,-0.0026222717587825,0.005743437014239511,0.0012780591722702328,-0.0013116375942708715,0.00026932863806559585,-0.0014255778950202078,0.026395173453996987,2.639517345399699e-05,2.639517345399699e-05,-0.00046012810174175074,0.022624434389140274,2.2624434389140274e-05,2.2624434389140274e-05,-0.0021621436570407495,0.5015082956259428,0.5015082956259428
2012-04-05,0.0011635601382096012,0.0011069990522367505,0.056561085972850686,5.656108597285069e-05,-0.00018191500098291952,0.0013454751391925206,0.10797734934366636,0.9909502262443439,5.6561085972850695e-05,0.0011069990522367505,-0.0029309975499340747,-0.0021809369311300867,-0.0013698516538204364,0.00041668925875628493,-0.0007480695016398518,0.037707390648567124,3.770739064856712e-05,3.770739064856712e-05,-0.00021962239163148665,0.018853695324283562,1.885369532428356e-05,1.885369532428356e-05,0.0013266214438682371,0.5015082956259428,0.5015082956259428
2012-04-06,-7.942601828619548e-05,-0.00016992375584275662,0.0904977375565611,9.04977375565611e-05,0.004187114512736657,-0.004266540531022853,0.013041843076733908,0.9909502262443439,9.049773755656114e-05,-0.0001699237558427566,0.008990468565184317,0.007530337421042186,0.007744607141405091,0.0075936228266204105,0.008722509712432174,0.052790346907993974,5.279034690799398e-05,5.279034690799398e-05,0.004134324165828663,0.037707390648567124,3.770739064856712e-05,3.770739064856712e-05,-0.00430424792167142,0.5015082956259428,0.5015082956259428
2012-04-09,0.0024147502351911064,0.002335564714829115,0.07918552036199096,7.918552036199096e-05,-0.0035726312793788965,0.005987381514570003,0.21201076308188366,0.9909502262443439,7.918552036199119e-05,0.0023355647148291156,-0.01343953756434021,-0.008903062146311045,-0.007858211509783518,-0.007841483427959216,-0.0067689499377649185,0.04524886877828055,4.524886877828055e-05,4.524886877828055e-05,-0.003617880148157177,0.03393665158371041,3.393665158371041e-05,3.393665158371041e-05,0.005953444862986292,0.5015082956259428,0.5015082956259428
2012-04-10,-0.0007498050370987748,-0.0008139076012013388,0.06410256410256411,6.410256410256412e-05,0.00374488629171466,-0.004494691328813435,-0.0448111144536782,0.9909502262443439,6.410256410256405e-05,-0.0008139076012013389,0.008768375152191053,0.009354698905825434,0.006540035778054234,0.005691728662302247,0.008345031274398078,0.041478129713423836,4.147812971342384e-05,4.147812971342384e-05,0.0037034081620012363,0.022624434389140274,2.2624434389140274e-05,2.2624434389140274e-05,-0.004517315763202575,0.5015082956259428,0.5015082956259428
2012-04-11,-0.004355240598717279,-0.004411801684690129,0.056561085972850686,5.656108597285069e-05,-0.002462711115189267,-0.0018925294835280117,-0.2923758504296357,0.9909502262443439,5.656108597285048e-05,-0.004411801684690129,0.005066347516139668,0.0011589520476181412,-0.0004164158392585527,-0.002473178323806696,-0.006115630803378638,0.0301659125188537,3.01659125188537e-05,3.01659125188537e-05,-0.0024928770277081206,0.026395173453996987,2.639517345399699e-05,2.639517345399699e-05,-0.0019189246569820087,0.5015082956259428,0.5015082956259428
2012-04-12,0.003314521035347341,0.0032428769931150633,0.07164404223227754,7.164404223227754e-05,-0.0008765330726620052,0.004191054108009346,0.22843857980616142,0.9909502262443439,7.164404223227762e-05,0.0032428769931150633,-0.008610536750058751,-0.007843858606564762,-0.006546308196747568,-0.00513453001736966,-7.345224837863691e-05,0.04524886877828055,4.524886877828055e-05,4.524886877828055e-05,-0.0009217819414402857,0.026395173453996987,2.639517345399699e-05,2.639517345399699e-05,0.004164658934555349,0.5015082956259428,0.5015082956259428
2012-04-13,0.0006015090199922293,0.0005411771949545219,0.0603318250377074,6.03318250377074e-05,0.003449162415114279,-0.0028476533951220496,0.02707172296067725,0.9909502262443439,6.033182503770737e-05,0.0005411771949545219,0.005722020908249165,0.00558949589891345,0.004663100874927172,0.006071157335405635,0.007276257862139986,0.03393665158371041,3.393665158371041e-05,3.393665158371041e-05,0.0034152257635305687,0.026395173453996987,2.639517345399699e-05,2.639517345399699e-05,-0.0028740485685760466,0.5015082956259428,0.5015082956259428
2012-04-16,0.0022676994419921883,0.002211138356019338,0.056561085972850686,5.656108597285069e-05,0.004416437696431328,-0.0021487382544391393,0.1479970886581843,0.9909502262443439,5.656108597285048e-05,0.002211138356019338,0.0037284699151099855,0.0054093536961925225,0.007450016980552343,0.007837774134516522,0.009285137249155742,0.03393665158371041,3.393665158371041e-05,3.393665158371041e-05,0.004382501044847617,0.022624434389140274,2.2624434389140274e-05,2.2624434389140274e-05,-0.0021713626888282796,0.5015082956259428,0.5015082956259428
2012-04-17,-5.1220242026110254e-05,-0.00011909354519353106,0.06787330316742082,6.787330316742082e-05,-0.0035089911783169996,0.0034577709362908896,0.0246963502333065,0.9909502262443439,6.78733031674208e-05,-0.00011909354519353107,-0.0068739256235238674,-0.006936851632061807,-0.0036125017725248286,-0.0065383748438509115,-0.007223550195058742,0.03393665158371041,3.393665158371041e-05,3.393665158371041e-05,-0.0035429278299007098,0.03393665158371041,3.393665158371041e-05,3.393665158371041e-05,0.0034238342847071794,0.5015082956259428,0.5015082956259428
2012-04-18,-3.88974800902353e-05,-0.00011431226138736955,0.07541478129713425,7.541478129713424e-05,0.000172678614352101,-0.00021157609444233622,-0.02846227212477326,0.9909502262443439,7.541478129713425e-05,-0.00011431226138736954,0.0010165474351134212,-0.0007809713972497027,-0.0009411703277206444,0.002989669498868279,-0.0009634953867868217,0.037707390648567124,3.770739064856712e-05,3.770739064856712e-05,0.00013497122370353387,0.037707390648567124,3.770739064856712e-05,3.770739064856712e-05,-0.0002492834850909033,0.5015082956259428,0.5015082956259428
2012-04-19,0.0019676224396017656,0.0019223735708234853,0.04524886877828055,4.524886877828055e-05,0.00301636996468766,-0.0010487475250858945,0.05932041033267857,0.9909502262443439,4.524886877828034e-05,0.001922373570823485,0.0021979105992281293,0.0018753136436699014,0.0019491919206704304,0.003883438667492345,0.007068202396241621,0.0301659125188537,3.01659125188537e-05,3.01659125188537e-05,0.0029862040521688063,0.01508295625942685,1.508295625942685e-05,1.508295625942685e-05,-0.0010638304813453214,0.5015082956259428,0.5015082956259428
2012-04-20,-0.0022453011476209483,-0.002301862233593799,0.056561085972850686,5.656108597285069e-05,-0.003052235517960235,0.0008069343703392866,-0.19698549163239146,0.9909502262443439,5.656108597285048e-05,-0.002301862233593799,-0.0006790448828475694,-0.0034900909191032973,-0.004658000955578842,-0.006061630869976081,-0.006098214618922547,0.03393665158371041,3.393665158371041e-05,3.393665158371041e-05,-0.003086172169543945,0.022624434389140274,2.2624434389140274e-05,2.2624434389140274e-05,0.0007843099359501463,0.5015082956259428,0.5015082956259428
2012-04-23,-0.0005079338401078519,-0.0005569534479509892,0.04901960784313726,4.901960784313726e-05,0.004319488755550424,-0.004827422595658276,-0.026600018751063496,0.9909502262443439,4.901960784313734e-05,-0.0005569534479509891,0.009613587661039013,0.00965052660309324,0.007261852546811974,0.009134137841185531,0.008355352280447292,0.018853695324283562,1.885369532428356e-05,1.885369532428356e-05,0.004300635060226141,0.0301659125188537,3.01659125188537e-05,3.01659125188537e-05,-0.004857588508177129,0.5015082956259428,0.5015082956259428
2012-04-24,0.00384822105877884,0.0037992014509357027,0.04901960784313726,4.901960784313726e-05,0.001605269664074098,0.002242951394704742,0.2641557140866972,0.9909502262443439,4.901960784313734e-05,0.0037992014509357027,-0.005814487396958864,-0.001757757535144514,-0.0011033163794029561,-0.0004303174541358052,0.0049960840774654625,0.022624434389140274,2.2624434389140274e-05,2.2624434389140274e-05,0.0015826452296849576,0.026395173453996987,2.639517345399699e-05,2.639517345399699e-05,0.002216556221250745,0.5015082956259428,0.5015082956259428
2012-04-25,-0.0009423973434641844,-0.0009838754731776081,0.041478129713423836,4.147812971342384e-05,-0.0005112338456653981,-0.0004311634977987863,-0.10622834496729953,0.9909502262443439,4.147812971342377e-05,-0.0009838754731776081,0.0014565022103140495,-0.0003473667523116436,0.002338940494407841,-0.0021745263213589776,-0.0004483152554007702,0.026395173453996987,2.639517345399699e-05,2.639517345399699e-05,-0.0005376290191193951,0.01508295625942685,1.508295625942685e-05,1.508295625942685e-05,-0.00044624645405821314,0.5015082956259428,0.5015082956259428
2012-04-26,-0.00015191130523716485,-0.00020093091308030217,0.04901960784313726,4.901960784313726e-05,-0.0019440052197776498,0.0017920939145404848,-0.000783099319022814,0.9886877828054299,4.9019607843137314e-05,-0.0002009309130803021,-0.0041704697162631066,-0.002365715940652727,-0.0034368021178565254,-0.002302744870006285,-0.004654263033761304,0.018853695324283562,1.885369532428356e-05,1.885369532428356e-05,-0.0019628589151019335,0.0301659125188537,3.01659125188537e-05,3.01659125188537e-05,0.0017619280020216312,0.5015082956259428,0.5015082956259428
2012-04-27,0.002594038482669286,0.002529935918566722,0.06410256410256411,6.410256410256412e-05,0.0038343411937397168,-0.001240302711070431,0.1578848150916439,0.9886877828054299,6.410256410256405e-05,0.002529935918566722,0.002322563506257936,0.0027777301572482257,0.005114011855233689,0.0068465963482226555,0.008040640957954787,0.022624434389140274,2.2624434389140274e-05,2.2624434389140274e-05,0.0038117167593505765,0.041478129713423836,4.147812971342384e-05,4.147812971342384e-05,-0.0012817808407838548,0.5015082956259428,0.5015082956259428
2012-05-01,-0.0014709079980684341,-0.0015161568668467147,0.04524886877828055,4.524886877828055e-05,-0.005010265338955539,0.003539357340887105,-0.048075627480490435,0.9909502262443439,4.5248868778280556e-05,-0.0015161568668467147,-0.005698923552876057,-0.00980530387721116,-0.008936659847937988,-0.009303294284847743,-0.010330083363569754,0.018853695324283562,1.885369532428356e-05,1.885369532428356e-05,-0.005029119034279822,0.026395173453996987,2.639517345399699e-05,2.639517345399699e-05,0.003512962167433108,0.5015082956259428,0.5015082956259428
2012-05-02,0.00234538396588452,0.002277510662717099,0.06787330316742082,6.787330316742082e-05,0.005945834821056793,-0.003600450855172273,0.16211785530910566,0.9932126696832579,6.787330316742083e-05,0.002277510662717099,0.005518668448778535,0.01053813806478175,0.009931426088090025,0.012714043867565545,0.011431656903049184,0.03393665158371041,3.393665158371041e-05,3.393665158371041e-05,0.005911898169473083,0.03393665158371041,3.393665158371041e-05,3.393665158371041e-05,-0.0036343875067559833,0.5015082956259428,0.5015082956259428
2012-05-07,-0.0001409878110462432,-0.00022017333140823407,0.07918552036199096,7.918552036199096e-05,-0.0027485032264935342,0.002607515415447291,-0.05292312143811504,0.9932126696832579,7.918552036199086e-05,-0.00022017333140823418,-0.004987470180601311,-0.005627914593252384,-0.0054574760724654375,-0.008664812442326907,-0.0039061944741988906,0.037707390648567124,3.770739064856712e-05,3.770739064856712e-05,-0.002786210617142101,0.041478129713423836,4.147812971342384e-05,4.147812971342384e-05,0.0025660372857338673,0.5015082956259428,0.5015082956259428
2012-05-08,0.0013340028736175745,0.001262358831385297,0.07164404223227754,7.164404223227754e-05,0.0005773427209415112,0.000756660152676063,0.023765804202350523,0.9932126696832579,7.16440422322774e-05,0.0012623588313852969,-0.0023840994329628906,0.000261785841909213,0.004056518460670884,0.005087129044031712,-0.0007946335768955794,0.022624434389140274,2.2624434389140274e-05,2.2624434389140274e-05,0.000554718286552371,0.04901960784313726,4.901960784313726e-05,4.901960784313726e-05,0.0007076405448329258,0.5015082956259428,0.5015082956259428
2012-05-09,-0.00010429500781656546,-0.00016839757191912958,0.06410256410256411,6.410256410256412e-05,0.002279408218641029,-0.0023837032264575945,-0.025146305000893574,0.9932126696832579,6.410256410256412e-05,-0.00016839757191912958,0.005143627861248009,0.003963073091033662,0.003975037047352236,0.00152695236275414,0.006037226467667626,0.0301659125188537,3.01659125188537e-05,3.01659125188537e-05,0.002249242306122175,0.03393665158371041,3.393665158371041e-05,3.393665158371041e-05,-0.0024176398780413047,0.5015082956259428,0.5015082956259428
2012-05-10,0.0008031029095665887,0.0007239173892045977,0.07918552036199096,7.918552036199096e-05,-0.0031016818168948497,0.0039047847264614384,0.023124842206191473,0.9932126696832579,7.918552036199097e-05,0.0007239173892045977,-0.010214226989137735,-0.0028746069869162493,-0.005706670993167278,-0.0017791096420283657,-0.008362754984171527,0.037707390648567124,3.770739064856712e-05,3.770739064856712e-05,-0.0031393892075434167,0.041478129713423836,4.147812971342384e-05,4.147812971342384e-05,0.0038633065967480147,0.5015082956259428,0.5015082956259428
2012-05-11,-0.001034679627761779,-0.0011063236699940565,0.07164404223227754,7.164404223227754e-05,-0.0048091856151061246,0.0037745059873443457,-0.03217944099149828,0.9932126696832579,7.164404223227762e-05,-0.0011063236699940565,-0.008565352650196345,-0.005424604590369218,-0.0033803599494388594,-0.003237876849130784,-0.012729544311959433,0.0301659125188537,3.01659125188537e-05,3.01659125188537e-05,-0.004839351527624978,0.041478129713423836,4.147812971342384e-05,4.147812971342384e-05,0.003733027857630922,0.5015082956259428,0.5015082956259428
2012-05-14,0.0008743339097241138,0.0008177728237512631,0.056561085972850686,5.656108597285069e-05,0.0017299425197418242,-0.0008556086100177105,0.04261666813231702,0.9932126696832579,5.6561085972850695e-05,0.0008177728237512631,0.0023185394671070376,0.0004672134273675098,0.0005096048763230365,0.004470755325894867,0.0029445788977096356,0.018853695324283562,1.885369532428356e-05,1.885369532428356e-05,0.0017110888244175407,0.037707390648567124,3.770739064856712e-05,3.770739064856712e-05,-0.0008933160006662776,0.5015082956259428,0.5015082956259428
2012-05-15,0.0008993434712016948,0.0008201579508397038,0.07918552036199096,7.918552036199096e-05,0.0006437531743175416,0.0002555902968841532,0.017628895210374942,0.995475113122172,7.918552036199097e-05,0.0008201579508397038,-2.033410401664996e-05,-0.0014993820790044445,-0.002563060552926757,0.0023751758141933917,0.0007439955730843008,0.037707390648567124,3.770739064856712e-05,3.770739064856712e-05,0.0006060457836689745,0.041478129713423836,4.147812971342384e-05,4.147812971342384e-05,0.00021411216717072938,0.5015082956259428,0.5015082956259428
2012-05-16,-0.004313015961299554,-0.004380889264466975,0.06787330316742082,6.787330316742082e-05,-0.004704618629741072,0.0003916026684415174,-0.31057458659539205,0.995475113122172,6.787330316742127e-05,-0.004380889264466974,0.0018882126699060896,-0.006179635347553008,-0.008880394536835494,-0.010881792764997946,-0.008638943583678903,0.041478129713423836,4.147812971342384e-05,4.147812971342384e-05,-0.004746096759454496,0.026395173453996987,2.639517345399699e-05,2.639517345399699e-05,0.0003652074949875204,0.5015082956259428,0.5015082956259428
2012-05-17,-0.003070181681907744,-0.003138054985075165,0.06787330316742082,6.787330316742082e-05,0.0015948348358567183,-0.0046650165177644625,-0.17803344370792135,0.995475113122172,6.787330316742083e-05,-0.003138054985075165,0.00976717587518239,0.00836099380954324,0.004273372844406859,0.004288476367698071,0.0026321038010167024,0.03393665158371041,3.393665158371041e-05,3.393665158371041e-05,0.001560898184273008,0.03393665158371041,3.393665158371041e-05,3.393665158371041e-05,-0.004698953169348173,0.5015082956259428,0.5015082956259428
2012-05-18,0.00024801721768981497,0.00018768539265210754,0.0603318250377074,6.03318250377074e-05,0.004678798080856062,-0.004430780863166246,0.0006673118850859919,0.995475113122172,6.0331825037707426e-05,0.00018768539265210757,0.009264779628916284,0.0079654022258668,0.004229076307096583,0.008555221835820396,0.009712218991763258,0.03393665158371041,3.393665158371041e-05,3.393665158371041e-05,0.004644861429272351,0.026395173453996987,2.639517345399699e-05,2.639517345399699e-05,-0.0044571760366202435,0.5015082956259428,0.5015082956259428
2012-05-21,0.003371522849135678,0.0033036495459682577,0.06787330316742082,6.787330316742082e-05,-0.00016926256396438945,0.003540785413100068,0.13855983966483118,0.995475113122172,6.78733031674204e-05,0.0033036495459682572,-0.008824082515413837,-0.0034925669927796904,-0.004415663990247437,-0.002283296803221177,0.0006244564873974799,0.026395173453996987,2.639517345399699e-05,2.639517345399699e-05,-0.00019565773741838643,0.041478129713423836,4.147812971342384e-05,4.147812971342384e-05,0.003499307283386644,0.5015082956259428,0.5015082956259428
2012-05-22,0.0012914041893304978,0.0012310723642927905,0.0603318250377074,6.03318250377074e-05,-0.002091364760574864,0.003382768949905362,0.06018436163683565,0.995475113122172,6.033182503770726e-05,0.0012310723642927903,-0.007817502693748724,-0.004576195131165123,-0.001974018650880438,-0.0022206764178382284,-0.005133934518197435,0.026395173453996987,2.639517345399699e-05,2.639517345399699e-05,-0.002117759934028861,0.03393665158371041,3.393665158371041e-05,3.393665158371041e-05,0.0033488322983216516,0.5015082956259428,0.5015082956259428
2012-05-23,-0.002165175933561135,-0.002229278497663699,0.06410256410256411,6.410256410256412e-05,0.0016909259454759077,-0.0038561018790370426,-0.15844078922414578,0.995475113122172,6.410256410256405e-05,-0.002229278497663699,0.00836078374378839,0.006330192389169473,0.007027401955403354,0.0028800491208090667,0.0036147348249956374,0.041478129713423836,4.147812971342384e-05,4.147812971342384e-05,0.0016494478157624839,0.022624434389140274,2.2624434389140274e-05,2.2624434389140274e-05,-0.003878726313426183,0.5015082956259428,0.5015082956259428
2012-05-24,0.004395798249074395,0.00430907125058269,0.08672699849170439,8.672699849170438e-05,-0.0012624776861983713,0.005658275935272766,0.2192410443719791,0.995475113122172,8.672699849170476e-05,0.00430907125058269,-0.011617217363875297,-0.010605509832941727,-0.004337601138933413,-0.0027287738727735603,-0.0024128430559300154,0.037707390648567124,3.770739064856712e-05,3.770739064856712e-05,-0.0013001850768469385,0.04901960784313726,4.901960784313726e-05,4.901960784313726e-05,0.005609256327429629,0.5015082956259428,0.5015082956259428
2012-05-25,0.0012456027005835351,0.001181500136480971,0.06410256410256411,6.410256410256412e-05,-0.0029573697287743187,0.004202972429357854,0.04183976492082859,0.995475113122172,6.410256410256405e-05,0.001181500136480971,-0.010095067246026945,-0.004912893258393284,-0.006122877412550697,-0.0025057416333315705,-0.007573503597801799,0.03393665158371041,3.393665158371041e-05,3.393665158371041e-05,-0.002991306380358029,0.0301659125188537,3.01659125188537e-05,3.01659125188537e-05,0.004172806516839001,0.5015082956259428,0.5015082956259428
2012-05-28,-0.000948076921199644,-0.001000867268107638,0.052790346907993974,5.279034690799398e-05,0.0013618072813100025,-0.0023098842025096465,-0.04067122954257477,0.995475113122172,5.279034690799402e-05,-0.001000867268107638,0.005128089817917797,0.003549574925247141,0.0007548654924915083,0.0025320799357832244,0.0028060648744825923,0.026395173453996987,2.639517345399699e-05,2.639517345399699e-05,0.0013354121078560054,0.026395173453996987,2.639517345399699e-05,2.639517345399699e-05,-0.0023362793759636436,0.5015082956259428,0.5015082956259428
2012-05-29,0.0007952080415583918,0.0007612713899746814,0.03393665158371041,3.393665158371041e-05,-0.0024752568235533396,0.0032704648651117317,0.16560428440432476,0.995475113122172,3.393665158371031e-05,0.0007612713899746813,-0.005571862683639243,-0.008441625076903147,-0.00562368263422726,-0.00533842503078462,-0.004736487733166543,0.01508295625942685,1.508295625942685e-05,1.508295625942685e-05,-0.0024903397798127663,0.018853695324283562,1.885369532428356e-05,1.885369532428356e-05,0.003251611169787448,0.5015082956259428,0.5015082956259428
2012-05-30,-0.0009846203156857567,-0.0010298691844640372,0.04524886877828055,4.524886877828055e-05,0.003345565812352059,-0.004330186128037815,-0.09187752044681587,0.995475113122172,4.5248868778280556e-05,-0.0010298691844640372,0.009800576128906833,0.00627532012915728,0.008800657930673887,0.007252045247158973,0.006383753511918776,0.0301659125188537,3.01659125188537e-05,3.01659125188537e-05,0.003315399899833205,0.01508295625942685,1.508295625942685e-05,1.508295625942685e-05,-0.0043452690842972425,0.5015082956259428,0.5015082956259428
2012-05-31,0.003351876504814805,0.0032764617235176707,0.07541478129713425,7.541478129713424e-05,-0.004748023640048958,0.008099900144863764,0.1654956014574504,0.995475113122172,7.54147812971344e-05,0.0032764617235176707,-0.01924804734528721,-0.009886756924711545,-0.010447106738253097,-0.00746558992062872,-0.010457190031835054,0.03393665158371041,3.393665158371041e-05,3.393665158371041e-05,-0.0047819602916326686,0.041478129713423836,4.147812971342384e-05,4.147812971342384e-05,0.00805842201515034,0.5015082956259428,0.5015082956259428
2012-06-01,0.0006247109686835833,0.0005681498827107326,0.056561085972850686,5.656108597285069e-05,0.007969126273309549,-0.007344415304625966,0.07167291687526038,0.995475113122172,5.6561085972850695e-05,0.0005681498827107326,0.015039045356683397,0.013846906864590535,0.017013141028963456,0.01704272304594037,0.015320589591688945,0.0301659125188537,3.01659125188537e-05,3.01659125188537e-05,0.007938960360790694,0.026395173453996987,2.639517345399699e-05,2.639517345399699e-05,-0.007370810478079963,0.5015082956259428,0.5015082956259428
2012-06-04,-0.004788377032320662,-0.004871333291747509,0.08295625942684767,8.295625942684768e-05,-0.0014073956973615655,-0.003380981334959097,-0.25387258717078476,0.995475113122172,8.295625942684754e-05,-0.004871333291747509,0.008822311979162821,0.002532965542855936,0.004417584640326571,0.0009220127130262144,-0.00464954941925214,0.04524886877828055,4.524886877828055e-05,4.524886877828055e-05,-0.001452644566139846,0.037707390648567124,3.770739064856712e-05,3.770739064856712e-05,-0.003418688725607664,0.5015082956259428,0.5015082956259428
2012-06-05,0.001762775800892533,0.0017137561930493958,0.04901960784313726,4.901960784313726e-05,0.003190781344456993,-0.0014280055435644601,0.035153122333222146,0.995475113122172,4.9019607843137124e-05,0.0017137561930493956,0.0029636661391810076,0.002612290540140569,0.004152319889235858,0.0030273200848169837,0.008011158750764575,0.022624434389140274,2.2624434389140274e-05,2.2624434389140274e-05,0.0031681569100678528,0.026395173453996987,2.639517345399699e-05,2.639517345399699e-05,-0.0014544007170184572,0.5015082956259428,0.5015082956259428
2012-06-06,0.0014335602783849236,0.0013694577142823593,0.06410256410256411,6.410256410256412e-05,-0.001444133998082844,0.0028776942764677676,0.07183090511235642,0.995475113122172,6.410256410256427e-05,0.0013694577142823595,-0.006341988971547777,-0.00451653417389772,-0.0038740158853192122,-0.005924896162434514,-0.0013740326420724897,0.026395173453996987,2.639517345399699e-05,2.639517345399699e-05,-0.001470529171536841,0.037707390648567124,3.770739064856712e-05,3.770739064856712e-05,0.0028399868858192006,0.5015082956259428,0.5015082956259428
2012-06-07,0.0017598402204224877,0.001725903568838777,0.03393665158371041,3.393665158371041e-05,0.0030753650762537043,-0.0013155248558312166,0.16476179786669404,0.995475113122172,3.3936651583710634e-05,0.0017259035688387773,0.0028310216819684834,0.00220264231980099,0.0053238272976139965,0.006320818996989951,0.0060389975545497125,0.018853695324283562,1.885369532428356e-05,1.885369532428356e-05,0.003056511380929421,0.01508295625942685,1.508295625942685e-05,1.508295625942685e-05,-0.0013306078120906436,0.5015082956259428,0.5015082956259428
2012-06-08,-0.0009653018661708929,-0.001029404430273457,0.06410256410256411,6.410256410256412e-05,-0.005769564608100655,0.0048042627419297625,-0.08787583265629545,0.995475113122172,6.410256410256416e-05,-0.001029404430273457,-0.008364103173382402,-0.012038302198380436,-0.011860442263549676,-0.009921884864767515,-0.012286804494590145,0.026395173453996987,2.639517345399699e-05,2.639517345399699e-05,-0.005795959781554652,0.037707390648567124,3.770739064856712e-05,3.770739064856712e-05,0.0047665553512811955,0.5015082956259428,0.5015082956259428
2012-06-11,0.0016274294909573899,0.0015633269268548258,0.06410256410256411,6.410256410256412e-05,0.005827792919316571,-0.004200363428359181,0.08910290045765529,0.995475113122172,6.410256410256405e-05,0.0015633269268548258,0.008380334313649105,0.008365605165592824,0.008168323829589047,0.010173125615432118,0.012336102866558889,0.037707390648567124,3.770739064856712e-05,3.770739064856712e-05,0.005790085528668004,0.026395173453996987,2.639517345399699e-05,2.639517345399699e-05,-0.004226758601813178,0.5015082956259428,0.5015082956259428
2012-06-12,-0.001679000361976792,-0.0017242492307550726,0.04524886877828055,4.524886877828055e-05,-0.002345114962058674,0.0006661146000818822,-0.06771433599561948,0.995475113122172,4.5248868778280556e-05,-0.0017242492307550726,5.7605856040464915e-05,-0.004131375298393558,-0.0018517076967407941,-0.0030436686484914045,-0.005483180532633017,0.0301659125188537,3.01659125188537e-05,3.01659125188537e-05,-0.002375280874577528,0.01508295625942685,1.508295625942685e-05,1.508295625942685e-05,0.0006510316438224554,0.5015082956259428,0.5015082956259428
2012-06-13,-0.0011996127473538382,-0.0012524030942618323,0.052790346907993974,5.279034690799398e-05,0.000701483809701649,-0.0019010965570554871,0.018929920947067296,0.995475113122172,5.2790346907994126e-05,-0.001252403094261832,0.00637579585114283,-0.00143806872319538,0.0007461633209789443,0.00048730978672520663,0.0018493469181681819,0.022624434389140274,2.2624434389140274e-05,2.2624434389140274e-05,0.0006788593753125087,0.0301659125188537,3.01659125188537e-05,3.01659125188537e-05,-0.0019312624695743408,0.5015082956259428,0.5015082956259428
2012-06-14,-0.0016356362611160695,-0.0016884266080240634,0.052790346907993974,5.279034690799398e-05,0.0021030007972676077,-0.003738637058383677,-0.15812234748544263,0.995475113122172,5.279034690799391e-05,-0.0016884266080240634,0.008193730105172244,0.005960103830068669,0.006780653848452247,0.004506066831489644,0.0040387513578632045,0.026395173453996987,2.639517345399699e-05,2.639517345399699e-05,0.0020766056238136106,0.026395173453996987,2.639517345399699e-05,2.639517345399699e-05,-0.0037650322318376742,0.5015082956259428,0.5015082956259428
2012-06-15,-0.0012068529260866755,-0.001267184751124383,0.0603318250377074,6.03318250377074e-05,-0.003261855055484279,0.002055002129397604,-0.07496298845562419,0.995475113122172,6.033182503770748e-05,-0.001267184751124383,-0.0037236420984275167,-0.004854145862640807,-0.005679704859901761,-0.007166410172494814,-0.006176650709265831,0.0301659125188537,3.01659125188537e-05,3.01659125188537e-05,-0.003292020968003133,0.0301659125188537,3.01659125188537e-05,3.01659125188537e-05,0.00202483621687875,0.5015082956259428,0.5015082956259428
2012-06-18,-0.000548042323767002,-0.0005970619316101393,0.04901960784313726,4.901960784313726e-05,0.0025601259310671074,-0.0031081682548341092,-0.03669673009780517,0.995475113122172,4.901960784313723e-05,-0.0005970619316101393,0.00707232023663951,0.004428402730024755,0.0071908250374743046,0.004933803800500607,0.0051894160640108995,0.0301659125188537,3.01659125188537e-05,3.01659125188537e-05,0.0025299600185482536,0.018853695324283562,1.885369532428356e-05,1.885369532428356e-05,-0.0031270219501583927,0.5015082956259428,0.5015082956259428
2012-06-19,-0.002863021215636611,-0.0029195823016094614,0.056561085972850686,5.656108597285069e-05,-0.0030803534965006267,0.0002173322808640159,-0.16925118541363576,0.995475113122172,5.656108597285048e-05,-0.0029195823016094614,-0.0006221765183531652,-5.142751708421173e-05,-0.00047327480612553875,-0.006905678913808883,-0.005764717697352531,0.026395173453996987,2.639517345399699e-05,2.639517345399699e-05,-0.003106748669954624,0.0301659125188537,3.01659125188537e-05,3.01659125188537e-05,0.0001871663683451622,0.5015082956259428,0.5015082956259428
2012-06-20,-0.0024811439339194772,-0.002522622063632901,0.041478129713423836,4.147812971342384e-05,-0.004550652628705044,0.0020695086947855675,-0.1666251856564291,0.995475113122172,4.147812971342377e-05,-0.002522622063632901,-0.0035011133994150216,-0.0053916957570271686,-0.005149922580101023,-0.008764795544692798,-0.00922676486703477,0.022624434389140274,2.2624434389140274e-05,2.2624434389140274e-05,-0.004573277063094184,0.018853695324283562,1.885369532428356e-05,1.885369532428356e-05,0.002050654999461284,0.5015082956259428,0.5015082956259428
2012-06-21,-0.002202589697083464,-0.0022516093049266012,0.04901960784313726,4.901960784313726e-05,0.004475304951718462,-0.006677894648801926,-0.0982531170892524,0.995475113122172,4.901960784313734e-05,-0.0022516093049266012,0.014788104054586543,0.010337190909183365,0.006344998552364631,0.009213207012318928,0.008780559153412392,0.026395173453996987,2.639517345399699e-05,2.639517345399699e-05,0.004448909778264465,0.022624434389140274,2.2624434389140274e-05,2.2624434389140274e-05,-0.006700519083191065,0.5015082956259428,0.5015082956259428
2012-06-22,0.002093851730353638,0.0020372906443807876,0.056561085972850686,5.656108597285069e-05,-0.0021144026613603576,0.004208254391713995,0.14220969899155547,0.995475113122172,5.656108597285048e-05,0.0020372906443807876,-0.010065748849472462,-0.005004032206352327,-0.0042044396892026705,-0.006078995834392995,-0.0032950985289828642,0.0301659125188537,3.01659125188537e-05,3.01659125188537e-05,-0.0021445685738792114,0.026395173453996987,2.639517345399699e-05,2.639517345399699e-05,0.004181859218259998,0.5015082956259428,0.5015082956259428
2012-06-25,0.0020946549723099214,0.0020418646254019273,0.052790346907993974,5.279034690799398e-05,0.0035039562570494814,-0.00140930128473956,0.10276370591098943,0.995475113122172,5.2790346907994126e-05,0.0020418646254019273,0.0030100522630754608,0.0024057283931639846,0.0032346356185385906,0.004614496946578144,0.008159677906967236,0.0301659125188537,3.01659125188537e-05,3.01659125188537e-05,0.0034737903445306276,0.022624434389140274,2.2624434389140274e-05,2.2624434389140274e-05,-0.0014319257191287003,0.5015082956259428,0.5015082956259428
2012-06-26,-0.0032670445686303656,-0.003312293437408646,0.04524886877828055,4.524886877828055e-05,0.0004312778824718198,-0.0036983224511021855,-0.14765582047718445,0.995475113122172,4.5248868778280556e-05,-0.003312293437408646,0.009573183092678851,0.002926859517815493,0.0024304081091202777,0.0027636755646536534,-8.120034172173241e-05,0.026395173453996987,2.639517345399699e-05,2.639517345399699e-05,0.00040488270901782277,0.018853695324283562,1.885369532428356e-05,1.885369532428356e-05,-0.003717176146426469,0.5015082956259428,0.5015082956259428
2012-06-27,-0.0017898824767236406,-0.0018351313455019212,0.04524886877828055,4.524886877828055e-05,-0.0034156364332979805,0.00162575395657434,-0.07272431697117325,0.995475113122172,4.5248868778280556e-05,-0.0018351313455019212,-0.0038169348282438053,-0.0020782443084049157,-0.0007975322304573338,-0.004246829629312657,-0.008078272791245702,0.0301659125188537,3.01659125188537e-05,3.01659125188537e-05,-0.0034458023458168343,0.01508295625942685,1.508295625942685e-05,1.508295625942685e-05,0.0016106710003149132,0.5015082956259428,0.5015082956259428
2012-06-28,-0.002680310700032136,-0.0027444132641347,0.06410256410256411,6.410256410256412e-05,0.0003293680845504478,-0.003009678784582584,-0.18170915309394758,0.995475113122172,6.410256410256405e-05,-0.0027444132641347,0.006858774715025316,0.004266724182592,0.0027783541562210368,0.0010756473986357443,0.0004496621402562469,0.0301659125188537,3.01659125188537e-05,3.01659125188537e-05,0.0002992021720315941,0.03393665158371041,3.393665158371041e-05,3.393665158371041e-05,-0.003043615436166294,0.5015082956259428,0.5015082956259428
2012-06-29,0.001530203424282209,0.0014661008601796449,0.06410256410256411,6.410256410256412e-05,-0.002139500654700009,0.0036697040789822177,0.16170634903165654,0.995475113122172,6.410256410256405e-05,0.0014661008601796449,-0.008277213818987147,-0.005375761178550634,-0.004790372498506525,-0.0026117738085128313,-0.005084017146650311,0.0301659125188537,3.01659125188537e-05,3.01659125188537e-05,-0.002169666567218863,0.03393665158371041,3.393665158371041e-05,3.393665158371041e-05,0.0036357674273985075,0.5015082956259428,0.5015082956259428
2012-07-02,-0.00027573850043828313,-0.00036623623799484425,0.0904977375565611,9.04977375565611e-05,0.00044138835826541394,-0.0007171268587036971,0.009734132140079576,0.995475113122172,9.049773755656111e-05,-0.00036623623799484425,0.0015040865413421358,0.0012799622897447802,0.0010507934324679232,0.0026914330767718016,-1.5358008606421746e-05,0.04524886877828055,4.524886877828055e-05,4.524886877828055e-05,0.0003961394894871334,0.04524886877828055,4.524886877828055e-05,4.524886877828055e-05,-0.0007623757274819777,0.5015082956259428,0.5015082956259428
2012-07-03,0.0005967373216805504,0.0005137810622537028,0.08295625942684767,8.295625942684768e-05,6.202275930074666e-07,0.0005961170940875429,0.06922843102219838,0.995475113122172,8.295625942684765e-05,0.0005137810622537028,-0.0023124631339564807,0.0010845219447752365,0.0013535065020126916,0.0010493520432076243,-0.0005169326465558414,0.037707390648567124,3.770739064856712e-05,3.770739064856712e-05,-3.7087163055559654e-05,0.04524886877828055,4.524886877828055e-05,4.524886877828055e-05,0.0005508682253092624,0.5015082956259428,0.5015082956259428
2012-07-04,-0.0015293167409981493,-0.0016047315222952835,0.07541478129713425,7.541478129713424e-05,0.0014970101377868865,-0.003026326878785036,-0.10977893303985893,0.995475113122172,7.541478129713419e-05,-0.0016047315222952835,0.004918812267871527,0.008291081736664216,0.0042064631002179465,0.005021025875245078,0.001978448876744931,0.037707390648567124,3.770739064856712e-05,3.770739064856712e-05,0.0014593027471383193,0.037707390648567124,3.770739064856712e-05,3.770739064856712e-05,-0.003064034269433603,0.5015082956259428,0.5015082956259428
2012-07-05,0.0008949311254037702,0.0008082041269120658,0.08672699849170439,8.672699849170438e-05,0.001124665463995414,-0.0002297343385916439,0.09754819231134015,0.995475113122172,8.672699849170443e-05,0.0008082041269120658,-0.00040556771017389513,0.002205024381817741,0.003112820873467895,0.002915353898221637,0.0019099517924700195,0.04524886877828055,4.524886877828055e-05,4.524886877828055e-05,0.0010794165952171335,0.041478129713423836,4.147812971342384e-05,4.147812971342384e-05,-0.00027121246830506774,0.5015082956259428,0.5015082956259428
2012-07-06,0.0005466136949069852,0.000482511130804421,0.06410256410256411,6.410256410256412e-05,0.003950803796947348,-0.0034041901020403624,0.04811393353766623,0.995475113122172,6.410256410256421e-05,0.0004825111308044211,0.007267660931234487,0.005817486185937151,0.007302462469326352,0.008534282031128377,0.0075533118829302,0.03393665158371041,3.393665158371041e-05,3.393665158371041e-05,0.003916867145363637,0.0301659125188537,3.01659125188537e-05,3.01659125188537e-05,-0.003434356014559216,0.5015082956259428,0.5015082956259428
2012-07-09,-0.0010075269813226843,-0.0010603173282306782,0.052790346907993974,5.279034690799398e-05,-0.0006928726965153728,-0.0003146542848073114,-0.10100038086817029,0.9932126696832579,5.279034690799391e-05,-0.0010603173282306782,0.0021343923382503827,-0.0024207864039405697,1.3088394876763404e-05,0.0015582376091990513,-0.0028349695946138782,0.018853695324283562,1.885369532428356e-05,1.885369532428356e-05,-0.0007117263918396564,0.03393665158371041,3.393665158371041e-05,3.393665158371041e-05,-0.0003485909363910218,0.5015082956259428,0.5015082956259428
2012-07-10,0.0031009040325472082,0.003063196641898641,0.037707390648567124,3.770739064856712e-05,0.0018836519674149987,0.0012172520651322096,0.19491059987446224,0.9909502262443439,3.770739064856742e-05,0.0030631966418986412,-0.004112589117059595,0.0009932226148331516,0.0009210448821993198,0.003386928918829785,0.0039384228014600784,0.018853695324283562,1.885369532428356e-05,1.885369532428356e-05,0.0018647982720907152,0.018853695324283562,1.885369532428356e-05,1.885369532428356e-05,0.001198398369807926,0.5015082956259428,0.5015082956259428
2012-07-11,0.001980625480203903,0.0019316058723607657,0.04901960784313726,4.901960784313726e-05,0.001552330022515719,0.000428295457688184,0.11406673629409503,0.9909502262443439,4.9019607843137124e-05,0.0019316058723607655,-0.00160700648094311,0.0006767729063225388,0.0009438140591935862,0.0007898738106524215,0.004235095216881596,0.026395173453996987,2.639517345399699e-05,2.639517345399699e-05,0.001525934849061722,0.022624434389140274,2.2624434389140274e-05,2.2624434389140274e-05,0.0004056710232990437,0.5015082956259428,0.5015082956259428
2012-07-12,0.0029070511242963283,0.0028354070820640507,0.07164404223227754,7.164404223227754e-05,0.003359252576955304,-0.00045220145265897536,0.1386563675885266,0.9932126696832579,7.164404223227762e-05,0.0028354070820640507,-0.0013403258480442542,0.0054061931789330595,0.004864538467908052,0.005063864841352913,0.007506334049314812,0.041478129713423836,4.147812971342384e-05,4.147812971342384e-05,0.00331777444724188,0.0301659125188537,3.01659125188537e-05,3.01659125188537e-05,-0.00048236736517782904,0.5015082956259428,0.5015082956259428
2012-07-13,0.009227352967680711,0.00915947966451329,0.06787330316742082,6.787330316742082e-05,0.0029239282492682906,0.00630342471841242,0.36481859077326995,0.9909502262443439,6.787330316742127e-05,0.00915947966451329,-0.018275883499573493,-0.0014406928945569595,-0.001482914144006902,0.004535773657300437,0.006470244166120577,0.0301659125188537,3.01659125188537e-05,3.01659125188537e-05,0.0028937623367494367,0.037707390648567124,3.770739064856712e-05,3.770739064856712e-05,0.006265717327763853,0.5015082956259428,0.5015082956259428
2012-07-17,0.00256334200176975,0.002521863872056326,0.041478129713423836,4.147812971342384e-05,-0.0005906739519807995,0.003154015953750549,0.1196668699193058,0.9932126696832579,4.147812971342377e-05,0.002521863872056326,-0.007802178330746572,-0.0034057576779306198,-0.0034605794956866854,-0.0018253457939455145,-0.0008576574958618584,0.022624434389140274,2.2624434389140274e-05,2.2624434389140274e-05,-0.0006132983863699398,0.018853695324283562,1.885369532428356e-05,1.885369532428356e-05,0.0031351622584262656,0.5015082956259428,0.5015082956259428
2012-07-18,-0.002610879505070508,-0.0026523576347839317,0.041478129713423836,4.147812971342384e-05,-0.0017740503159395606,-0.0008368291891309472,-0.12566972602603765,0.997737556561086,4.147812971342377e-05,-0.0026523576347839317,0.001871497107370655,0.0012582695091258825,-0.00460428800029991,-0.002033121424395311,-0.00428113259678402,0.01508295625942685,1.508295625942685e-05,1.508295625942685e-05,-0.0017891332721989876,0.026395173453996987,2.639517345399699e-05,2.639517345399699e-05,-0.0008632243625849442,0.5015082956259428,0.5015082956259428
2012-07-19,0.0009017265226378899,0.0008338532194704691,0.06787330316742082,6.787330316742082e-05,-0.001253901444469743,0.002155627967107633,0.014182598099743267,0.997737556561086,6.787330316742083e-05,0.0008338532194704691,-0.006023958259007729,-0.0008077329960285539,-0.003195859535314413,-0.002184497563393347,-0.002656368205438973,0.037707390648567124,3.770739064856712e-05,3.770739064856712e-05,-0.0012916088351183103,0.0301659125188537,3.01659125188537e-05,3.01659125188537e-05,0.002125462054588779,0.5015082956259428,0.5015082956259428
2012-07-20,0.00322484259543185,0.0031833644657184262,0.041478129713423836,4.147812971342384e-05,0.0022032386374457127,0.001021603957986137,0.18044339140459037,0.997737556561086,4.147812971342377e-05,0.0031833644657184262,-0.004044406976699805,0.0020232466197354347,0.0042012789533077055,0.004428036438183778,0.0043760144198934465,0.01508295625942685,1.508295625942685e-05,1.508295625942685e-05,0.002188155681186286,0.026395173453996987,2.639517345399699e-05,2.639517345399699e-05,0.00099520878453214,0.5015082956259428,0.5015082956259428
2012-07-23,-0.0013387663073900146,-0.001395327393362865,0.056561085972850686,5.656108597285069e-05,0.00022634340349708543,-0.0015651097108871,-0.11726286560258702,0.997737556561086,5.656108597285048e-05,-0.0013953273933628653,0.002078649598321533,0.005228801842650964,0.0001830453268930707,0.0009158959696890485,0.00022164997686639223,0.03393665158371041,3.393665158371041e-05,3.393665158371041e-05,0.00019240675191337502,0.022624434389140274,2.2624434389140274e-05,2.2624434389140274e-05,-0.0015877341452762402,0.5015082956259428,0.5015082956259428
2012-07-24,0.006994512687781895,0.006937951601809044,0.056561085972850686,5.656108597285069e-05,0.00602222950552523,0.0009722831822566653,0.3416746197324585,0.997737556561086,5.6561085972851345e-05,0.006937951601809045,-0.004175458151392394,0.002585597171351262,0.004923764700647823,0.006915022355146277,0.014526227879088253,0.0301659125188537,3.01659125188537e-05,3.01659125188537e-05,0.005992063593006376,0.026395173453996987,2.639517345399699e-05,2.639517345399699e-05,0.0009458880088026683,0.5015082956259428,0.5015082956259428
2012-07-25,-0.0018932602033325707,-0.001957362767435135,0.06410256410256411,6.410256410256412e-05,0.0007455441976518393,-0.00263880440098441,-0.09766215544429832,0.997737556561086,6.410256410256405e-05,-0.001957362767435135,0.006831475523266328,0.0020865819447809593,-0.0019810379837629176,0.00011818762260240602,0.0021631243350872125,0.037707390648567124,3.770739064856712e-05,3.770739064856712e-05,0.0007078368070032722,0.026395173453996987,2.639517345399699e-05,2.639517345399699e-05,-0.002665199574438407,0.5015082956259428,0.5015082956259428
2012-07-26,-0.0006364534061431199,-0.0007080974483753973,0.07164404223227754,7.164404223227754e-05,-0.0026981964488564715,0.0020617430427133515,-0.04104943250718964,0.997737556561086,7.16440422322774e-05,-0.0007080974483753974,-0.0072636946509442805,0.002265785659237732,-0.001377269683109925,-0.003132518875673267,-0.006491358064124858,0.037707390648567124,3.770739064856712e-05,3.770739064856712e-05,-0.0027359038395050384,0.03393665158371041,3.393665158371041e-05,3.393665158371041e-05,0.0020278063911296413,0.5015082956259428,0.5015082956259428
2012-07-27,0.007381842081028971,0.007329051734120978,0.052790346907993974,5.279034690799398e-05,0.0019352668036040285,0.005446575277424943,0.26705217290443334,0.997737556561086,5.279034690799326e-05,0.007329051734120977,-0.014603513371208748,-0.003289069853079912,-3.667254006133589e-05,0.004202067647087427,0.0036892334813926012,0.03393665158371041,3.393665158371041e-05,3.393665158371041e-05,0.0019013301520203181,0.018853695324283562,1.885369532428356e-05,1.885369532428356e-05,0.005427721582100659,0.5015082956259428,0.5015082956259428
2012-07-30,-0.003726518986502555,-0.0037868508115402625,0.0603318250377074,6.03318250377074e-05,-0.0027452168354376414,-0.0009813021510649137,-0.12245809127260691,0.997737556561086,6.03318250377077e-05,-0.003786850811540262,0.0072442179702220735,-0.008738501565621578,-0.0076390047488345885,-0.005651860760083557,-0.005385950913644784,0.0301659125188537,3.01659125188537e-05,3.01659125188537e-05,-0.002775382747956495,0.0301659125188537,3.01659125188537e-05,3.01659125188537e-05,-0.0010114680635837673,0.5015082956259428,0.5015082956259428
2012-07-31,0.0029363049012654185,0.0028948267715519947,0.041478129713423836,4.147812971342384e-05,0.001281486181006811,0.0016548187202586077,0.17854850867193192,1.0,4.147812971342377e-05,0.0028948267715519947,-0.0060029355911566645,0.0021682577954627367,0.0039019942626838545,0.0035858673134777992,0.0020457525102245285,0.018853695324283562,1.885369532428356e-05,1.885369532428356e-05,0.0012626324856825275,0.022624434389140274,2.2624434389140274e-05,2.2624434389140274e-05,0.0016321942858694674,0.5015082956259428,0.5015082956259428
2012-08-01,0.0009160115156394709,0.0008519089515369066,0.06410256410256411,6.410256410256412e-05,-0.001896515833511407,0.002812527349150878,0.023841663609936458,1.0,6.410256410256427e-05,0.0008519089515369067,-0.004983556244861167,-0.006871494254594746,-0.004421561906774612,-0.0037261440421315142,-0.0038090523729599826,0.04901960784313726,4.901960784313726e-05,4.901960784313726e-05,-0.0019455354413545442,0.01508295625942685,1.508295625942685e-05,1.508295625942685e-05,0.002797444392891451,0.5015082956259428,0.5015082956259428
2012-08-02,0.0033017250984114987,0.0032376225343089347,0.06410256410256411,6.410256410256412e-05,0.004087712088024923,-0.0007859869896134238,0.177525801433727,1.0,6.410256410256405e-05,0.0032376225343089347,0.001316886397901293,0.002073655914369656,0.0053029286693156005,0.008686511360556138,0.007886008380671227,0.037707390648567124,3.770739064856712e-05,3.770739064856712e-05,0.004050004697376356,0.026395173453996987,2.639517345399699e-05,2.639517345399699e-05,-0.0008123821630674207,0.5015082956259428,0.5015082956259428
2012-08-03,0.00486625414437057,0.004817234536527433,0.04901960784313726,4.901960784313726e-05,-0.002714279744962773,0.007580533889333343,0.20348152506101094,1.0,4.901960784313691e-05,0.004817234536527433,-0.017793607640258106,-0.009698329715187061,-0.004340730661845662,-0.005841726959594181,-0.005199898900471722,0.018853695324283562,1.885369532428356e-05,1.885369532428356e-05,-0.0027331334402870564,0.0301659125188537,3.01659125188537e-05,3.01659125188537e-05,0.007550367976814489,0.5015082956259428,0.5015082956259428
2012-08-06,-0.006064191079826331,-0.006139605861123466,0.07541478129713425,7.541478129713424e-05,-0.000566688007856607,-0.005497503071969724,-0.304070342020519,1.0,7.541478129713484e-05,-0.006139605861123465,0.012808238691135182,0.007227376617621354,0.004465956441665392,0.00015669798275878849,-0.0017660715834265043,0.04524886877828055,4.524886877828055e-05,4.524886877828055e-05,-0.0006119368766348876,0.0301659125188537,3.01659125188537e-05,3.01659125188537e-05,-0.005527668984488578,0.5015082956259428,0.5015082956259428
2012-08-07,-0.004054169500421793,-0.004125813542654071,0.07164404223227754,7.164404223227754e-05,-0.0005942848431901849,-0.003459884657231609,-0.21187814759564702,1.0,7.164404223227762e-05,-0.004125813542654071,0.007996977074450634,0.004677964806175368,0.005138460913166565,0.0004568971660179741,-0.0019967170305486277,0.041478129713423836,4.147812971342384e-05,4.147812971342384e-05,-0.0006357629729036088,0.0301659125188537,3.01659125188537e-05,3.01659125188537e-05,-0.0034900505697504627,0.5015082956259428,0.5015082956259428
2012-08-08,-0.003332392990215357,-0.003407807771512491,0.07541478129713425,7.541478129713424e-05,-0.0033133516689414113,-1.904132127394556e-05,-0.10953374015468285,1.0,7.541478129713397e-05,-0.0034078077715124916,0.0007302644183025856,-0.0013623585187972677,-0.0026726784113299536,-0.01036048054459507,-0.004751008074618866,0.041478129713423836,4.147812971342384e-05,4.147812971342384e-05,-0.003354829798654835,0.03393665158371041,3.393665158371041e-05,3.393665158371041e-05,-5.297797285765597e-05,0.5015082956259428,0.5015082956259428
2012-08-09,0.0005867354915494102,0.0005264036665117028,0.0603318250377074,6.03318250377074e-05,0.0006622027626286958,-7.546727107928566e-05,0.03626976559260872,1.0,6.033182503770748e-05,0.0005264036665117029,0.00025665761319917024,-6.428652919317307e-05,-0.0005092044087405676,-0.0004074322716022956,0.0021746426134790016,0.03393665158371041,3.393665158371041e-05,3.393665158371041e-05,0.0006282661110449854,0.026395173453996987,2.639517345399699e-05,2.639517345399699e-05,-0.00010186244453328264,0.5015082956259428,0.5015082956259428
2012-08-10,0.0032121303521151392,0.003148027788012575,0.06410256410256411,6.410256410256412e-05,0.0034700884284937406,-0.00025795807637860133,0.1757355199671646,1.0,6.410256410256405e-05,0.003148027788012575,0.000431197954946078,0.0006825878151228218,0.007891023946282561,0.005067182076286695,0.007834959998650847,0.0301659125188537,3.01659125188537e-05,3.01659125188537e-05,0.0034399225159748867,0.03393665158371041,3.393665158371041e-05,3.393665158371041e-05,-0.00029189472796231175,0.5015082956259428,0.5015082956259428
2012-08-13,0.0029841508682369755,0.0029162775650695546,0.06787330316742082,6.787330316742082e-05,0.0016329915497237365,0.0013511593185132388,0.12026120120773447,1.0,6.787330316742083e-05,0.0029162775650695546,-0.004658817460260826,0.0012797114248523313,0.0032338275506588426,0.002427231314318116,0.003665968327603795,0.04524886877828055,4.524886877828055e-05,4.524886877828055e-05,0.001587742680945456,0.022624434389140274,2.2624434389140274e-05,2.2624434389140274e-05,0.0013285348841240985,0.5015082956259428,0.5015082956259428
2012-08-14,0.0015981295809332193,0.0015377977558955118,0.0603318250377074,6.03318250377074e-05,-0.0005548434879777917,0.002152973068911011,0.09099538725006895,1.0,6.033182503770748e-05,0.0015377977558955118,-0.006000643890708117,-0.0008388898091403998,0.0006791082507630873,0.00043023007670397204,-0.001866006925693091,0.03393665158371041,3.393665158371041e-05,3.393665158371041e-05,-0.0005887801395615021,0.026395173453996987,2.639517345399699e-05,2.639517345399699e-05,0.002126577895457014,0.5015082956259428,0.5015082956259428
2012-08-15,-0.00540610243706031,-0.005455122044903447,0.04901960784313726,4.901960784313726e-05,-0.0033343552411378074,-0.0020717471959225023,-0.29467499083936394,1.0,4.901960784313691e-05,-0.005455122044903447,0.006429492781805724,-0.0005181250277741337,-0.0001456803699687193,-0.00444489185183758,-0.007738154701897673,0.022624434389140274,2.2624434389140274e-05,2.2624434389140274e-05,-0.0033569796755269477,0.026395173453996987,2.639517345399699e-05,2.639517345399699e-05,-0.0020981423693764993,0.5015082956259428,0.5015082956259428
2012-08-16,-0.006170377840680086,-0.006226938926652936,0.056561085972850686,5.656108597285069e-05,-0.00230624091541368,-0.003864136925266406,-0.41333999873052213,1.0,5.656108597285048e-05,-0.006226938926652936,0.01125177380101576,0.0005309373702329091,-0.0011219989076472563,-0.0020411662715059675,-0.005862963762038712,0.026395173453996987,2.639517345399699e-05,2.639517345399699e-05,-0.002332636088867677,0.0301659125188537,3.01659125188537e-05,3.01659125188537e-05,-0.0038943028377852597,0.5015082956259428,0.5015082956259428
2012-08-17,0.003100139141424012,0.0030435780554511614,0.056561085972850686,5.656108597285069e-05,0.0011222439627764458,0.0019778951786475663,0.2591249473960431,1.0,5.656108597285048e-05,0.0030435780554511614,-0.00608477299889402,0.0003865226255507569,-8.012040751689e-05,0.0011998339378847317,0.002750858490577362,0.03393665158371041,3.393665158371041e-05,3.393665158371041e-05,0.0010883073111927354,0.022624434389140274,2.2624434389140274e-05,2.2624434389140274e-05,0.001955270744258426,0.5015082956259428,0.5015082956259428
2012-08-20,0.004292955207724181,0.004232623382686474,0.0603318250377074,6.03318250377074e-05,0.0012686331507113045,0.0030243220570128765,0.34845986835296283,1.0,6.033182503770683e-05,0.004232623382686473,-0.008116916960030012,-0.0018101045472078115,-0.00021294956520372186,-6.830877236117333e-05,0.003814012332050894,0.022624434389140274,2.2624434389140274e-05,2.2624434389140274e-05,0.0012460087163221642,0.037707390648567124,3.770739064856712e-05,3.770739064856712e-05,0.0029866146663643095,0.5015082956259428,0.5015082956259428
2012-08-21,0.0017271723586145989,0.0016706112726417482,0.056561085972850686,5.656108597285069e-05,0.001038134856608235,0.0006890375020063637,0.17811945678147836,1.0,5.6561085972850695e-05,0.0016706112726417482,-0.0011844889318248033,-0.0017571188772654573,0.00011205993080390183,-2.6412856484492558e-05,0.0031064666253687824,0.037707390648567124,3.770739064856712e-05,3.770739064856712e-05,0.001000427465959668,0.018853695324283562,1.885369532428356e-05,1.885369532428356e-05,0.00067018380668208,0.5015082956259428,0.5015082956259428
2012-08-22,0.002342524615369769,0.0022935050075266316,0.04901960784313726,4.901960784313726e-05,-0.0009587698175486604,0.0033012944329184296,0.18816695590085172,1.0,4.901960784313734e-05,0.0022935050075266316,-0.007981808487565684,-0.003752780186741397,-0.0041539254757823494,-0.001786556363682048,-0.0019736772540662312,0.018853695324283562,1.885369532428356e-05,1.885369532428356e-05,-0.000977623512872944,0.0301659125188537,3.01659125188537e-05,3.01659125188537e-05,0.0032711285203995757,0.5015082956259428,0.5015082956259428
2012-08-23,-0.0006564593958120825,-0.0007092497427200765,0.052790346907993974,5.279034690799398e-05,0.004059835648248284,-0.004716295044060367,0.00023916495715024894,1.0,5.279034690799402e-05,-0.0007092497427200765,0.009003156490660013,0.010215466318546999,0.00555790570820395,0.009631589876282013,0.007335713026506025,0.0301659125188537,3.01659125188537e-05,3.01659125188537e-05,0.004029669735729431,0.022624434389140274,2.2624434389140274e-05,2.2624434389140274e-05,-0.004738919478449507,0.5015082956259428,0.5015082956259428
2012-08-24,0.0014955143391172398,0.001442723992209246,0.052790346907993974,5.279034690799398e-05,-0.00020588549773247578,0.0017013998368497155,0.10631827331794935,1.0,5.279034690799391e-05,0.001442723992209246,-0.0038810884512407826,-0.0024044173766389733,-0.0026819360987691263,-0.002669749236220337,0.0007063835100566547,0.0301659125188537,3.01659125188537e-05,3.01659125188537e-05,-0.00023605141025132947,0.022624434389140274,2.2624434389140274e-05,2.2624434389140274e-05,0.0016787754024605753,0.5015082956259428,0.5015082956259428
2012-08-27,0.0033777680874722995,0.003332519218694019,0.04524886877828055,4.524886877828055e-05,0.0015219470296678607,0.001855821057804439,0.12911037410659268,1.0,4.5248868778280556e-05,0.003332519218694019,-0.006667356593728207,0.0023007043707289373,0.005301084783911809,0.004966256155985529,0.0020798323753320595,0.022624434389140274,2.2624434389140274e-05,2.2624434389140274e-05,0.0014993225952787204,0.022624434389140274,2.2624434389140274e-05,2.2624434389140274e-05,0.0018331966234152988,0.5015082956259428,0.5015082956259428
2012-08-28,0.00024573857639759633,0.00018917749042474574,0.056561085972850686,5.656108597285069e-05,-0.0001511793316333615,0.0003969179080309579,0.0383476897738672,1.0,5.6561085972850586e-05,0.00018917749042474564,-0.0006682732148228472,-0.0010405980247858325,0.0017008260309438737,-0.0003384205559861908,-0.00028317139646938264,0.03393665158371041,3.393665158371041e-05,3.393665158371041e-05,-0.0001851159832170719,0.022624434389140274,2.2624434389140274e-05,2.2624434389140274e-05,0.0003742934736418176,0.5015082956259428,0.5015082956259428
2012-08-29,0.002926250858437216,0.0028772312505940785,0.04901960784313726,4.901960784313726e-05,-4.692892427958172e-05,0.0029731797827167975,0.19970392045354082,1.0,4.901960784313734e-05,0.0028772312505940785,-0.006760512769985125,-0.004245491860177693,-0.004643558130026514,-0.0006357594206378239,0.0001744703796530243,0.022624434389140274,2.2624434389140274e-05,2.2624434389140274e-05,-6.955335866872199e-05,0.026395173453996987,2.639517345399699e-05,2.639517345399699e-05,0.0029467846092628004,0.5015082956259428,0.5015082956259428
2012-08-30,-0.0006695090532603601,-0.0007185286611034973,0.04901960784313726,4.901960784313726e-05,0.0030840168678391926,-0.0037535259210995527,-0.04041853033689708,1.0,4.901960784313723e-05,-0.0007185286611034973,0.008346247178566506,0.005741342622345052,0.005297148967550223,0.005250946637332702,0.0065937036102057854,0.03393665158371041,3.393665158371041e-05,3.393665158371041e-05,0.0030500802162554824,0.01508295625942685,1.508295625942685e-05,1.508295625942685e-05,-0.0037686088773589794,0.5015082956259428,0.5015082956259428
2012-08-31,0.0021793007659269455,0.0021265104190189513,0.052790346907993974,5.279034690799398e-05,0.0008346398697773132,0.001344660896149632,0.1386591844120592,1.0,5.2790346907994126e-05,0.0021265104190189513,-0.00439957885912211,0.000794510200067849,0.0020940410243361993,0.0016875633356593903,0.0016527382774823626,0.026395173453996987,2.639517345399699e-05,2.639517345399699e-05,0.0008082446963233162,0.026395173453996987,2.639517345399699e-05,2.639517345399699e-05,0.001318265722695635,0.5015082956259428,0.5015082956259428
2012-09-03,-0.004221126786621425,-0.004273917133529418,0.052790346907993974,5.279034690799398e-05,-0.0036895379071367755,-0.0005315888794846486,-0.2817591798573635,1.0,5.279034690799326e-05,-0.004273917133529419,0.002447426673042445,-0.0017464455241238371,-0.001667425753029418,-0.004562054517750631,-0.008738596114512864,0.037707390648567124,3.770739064856712e-05,3.770739064856712e-05,-0.0037272452977853425,0.01508295625942685,1.508295625942685e-05,1.508295625942685e-05,-0.0005466718357440754,0.5015082956259428,0.5015082956259428
2012-09-04,0.007458217703566196,0.007405427356658202,0.052790346907993974,5.279034690799398e-05,0.003713984924084312,0.003744232779481884,0.449662499125801,1.0,5.2790346907994126e-05,0.007405427356658202,-0.010460915137908533,-0.0014079337691985494,0.001387422085155201,0.0047314639405019576,0.00872768975825925,0.03393665158371041,3.393665158371041e-05,3.393665158371041e-05,0.003680048272500602,0.018853695324283562,1.885369532428356e-05,1.885369532428356e-05,0.0037253790841576006,0.5015082956259428,0.5015082956259428
2012-09-05,-0.001212917715114919,-0.0012694788010877696,0.056561085972850686,5.656108597285069e-05,0.0017860809823805567,-0.0029989986974954756,-0.0767477012248797,1.0,5.656108597285048e-05,-0.0012694788010877698,0.004643836237343729,0.00868256885118655,0.005827232278280467,0.004953734859225295,0.00287308250248776,0.037707390648567124,3.770739064856712e-05,3.770739064856712e-05,0.0017483735917319895,0.018853695324283562,1.885369532428356e-05,1.885369532428356e-05,-0.003017852392819759,0.5015082956259428,0.5015082956259428
2012-09-06,-0.001896521485941419,-0.001949311832849413,0.052790346907993974,5.279034690799398e-05,-0.006080384889829188,0.004183863403887769,-0.10138620829079019,1.0,5.279034690799391e-05,-0.001949311832849413,-0.006917254285335381,-0.011225566893549711,-0.012424913998021871,-0.011879218067675305,-0.012245308739381877,0.03393665158371041,3.393665158371041e-05,3.393665158371041e-05,-0.006114321541412899,0.018853695324283562,1.885369532428356e-05,1.885369532428356e-05,0.0041650097085634856,0.5015082956259428,0.5015082956259428
2012-09-07,0.002053967264165599,0.002012489134452175,0.041478129713423836,4.147812971342384e-05,-0.0009785950259510422,0.003032562290116641,0.10439473946879468,1.0,4.147812971342377e-05,0.002012489134452175,-0.0074703703625497225,-0.003167558115272905,-0.002914288558496572,-0.003238845185054377,-0.001314766435278919,0.026395173453996987,2.639517345399699e-05,2.639517345399699e-05,-0.0010049901994050392,0.01508295625942685,1.508295625942685e-05,1.508295625942685e-05,0.0030174793338572144,0.5015082956259428,0.5015082956259428
2012-09-10,0.0022439411319153495,0.0021873800459424986,0.056561085972850686,5.656108597285069e-05,0.0033461792814468054,-0.001102238149531456,0.143787751036784,1.0,5.656108597285091e-05,0.002187380045942499,0.0009488804231263224,0.0047241636272158955,0.006590179857658443,0.007304605223112881,0.006359596804749729,0.026395173453996987,2.639517345399699e-05,2.639517345399699e-05,0.0033197841079928084,0.0301659125188537,3.01659125188537e-05,3.01659125188537e-05,-0.0011324040620503096,0.5015082956259428,0.5015082956259428
2012-09-11,0.0026939493112334537,0.0026487004424551736,0.04524886877828055,4.524886877828055e-05,0.0017902494214759172,0.0009036998897575367,0.22711895062310233,1.0,4.524886877828012e-05,0.002648700442455173,-0.0028564912222007405,0.0003310570002765265,0.00012167977606138392,0.0005513818827682249,0.005061947682400127,0.026395173453996987,2.639517345399699e-05,2.639517345399699e-05,0.00176385424802192,0.018853695324283562,1.885369532428356e-05,1.885369532428356e-05,0.0008848461944332531,0.5015082956259428,0.5015082956259428
2012-09-12,-0.0025266849868705414,-0.0025493094212596817,0.022624434389140274,2.2624434389140274e-05,0.0008342059057772754,-0.003360890892647817,-0.19622671767879651,1.0,2.2624434389140278e-05,-0.0025493094212596817,0.009395636064783294,0.001252196703738358,-0.0003099616501273895,-0.0010366815652165689,0.002998262866086095,0.011312217194570137,1.1312217194570137e-05,1.1312217194570137e-05,0.0008228936885827053,0.011312217194570137,1.1312217194570137e-05,1.1312217194570137e-05,-0.0033722031098423868,0.5015082956259428,0.5015082956259428
2012-09-13,-0.005685472311312437,-0.005749574875415001,0.06410256410256411,6.410256410256412e-05,-0.00501438521431341,-0.000671087096999028,-0.31025948529297087,1.0,6.410256410256405e-05,-0.005749574875415001,0.002737303037066973,-0.0014919925494276912,-0.005957084296912568,-0.008575720961603596,-0.010702058837363571,0.041478129713423836,4.147812971342384e-05,4.147812971342384e-05,-0.005055863344026834,0.022624434389140274,2.2624434389140274e-05,2.2624434389140274e-05,-0.0006937115313881682,0.5015082956259428,0.5015082956259428
2012-09-14,-0.007661402162240461,-0.007699109552889028,0.037707390648567124,3.770739064856712e-05,-0.003350592814900923,-0.004310809347339538,-0.3351422296698584,1.0,3.7707390648566985e-05,-0.007699109552889028,0.012541467017540131,0.0006144562353039414,0.0012183180464055774,-0.0023313738965668332,-0.008831424304076225,0.01508295625942685,1.508295625942685e-05,1.508295625942685e-05,-0.00336567577116035,0.022624434389140274,2.2624434389140274e-05,2.2624434389140274e-05,-0.004333433781728678,0.5015082956259428,0.5015082956259428
2012-09-18,-0.0026166786562846463,-0.0026770104813223536,0.0603318250377074,6.03318250377074e-05,-0.0018654477630970676,-0.0007512308931875787,-0.14173678298326747,1.0,6.033182503770726e-05,-0.0026770104813223536,0.0031744584678097694,-0.0018931902445846276,-0.004215625492213807,-0.0038238806442782835,-0.003668157285675256,0.026395173453996987,2.639517345399699e-05,2.639517345399699e-05,-0.0018918429365510647,0.03393665158371041,3.393665158371041e-05,3.393665158371041e-05,-0.0007851675447712891,0.5015082956259428,0.5015082956259428
2012-09-19,0.004347997820087359,0.004289342824836958,0.05865499525040104,5.865499525040104e-05,0.0032678402311467855,0.0010801575889405738,0.3279714500132908,0.9977426636568849,5.865499525040119e-05,0.004289342824836958,-0.004283792131866961,0.0021398093771762498,0.002811359147805829,0.004112380479016217,0.007726372947888787,0.027450639919103667,2.7450639919103668e-05,2.7450639919103668e-05,0.0032403895912276816,0.03120435533129737,3.1204355331297373e-05,3.1204355331297373e-05,0.0010489532336092765,0.5003762227238525,0.5003762227238525
2012-09-20,0.0021597139893489684,0.0021108050352481407,0.04890895410082769,4.8908954100827695e-05,0.001870871330544243,0.00028884265880472517,0.14846710166848834,0.9977426636568849,4.890895410082771e-05,0.0021108050352481407,-0.0020270985732213456,0.002355395325145541,0.0014417620737443842,0.003099275121125719,0.004055162857630654,0.030097817908201655,3.0097817908201657e-05,3.0097817908201657e-05,0.0018407735126360414,0.018811136192626036,1.8811136192626035e-05,1.8811136192626035e-05,0.0002700315226120991,0.5003762227238525,0.5003762227238525
2012-09-21,0.004339730001737725,0.004268247684205746,0.07148231753197894,7.148231753197893e-05,0.004205834251675931,0.00013389575006179396,0.2781516245376994,0.9977426636568849,7.148231753197933e-05,0.004268247684205746,-0.0014334655101974681,0.00209065772820795,0.0033030527543438863,0.005816052201270646,0.009685443227410719,0.03762227238525207,3.762227238525207e-05,3.762227238525207e-05,0.00416821197929068,0.033860045146726865,3.386004514672686e-05,3.386004514672686e-05,0.0001000357049150671,0.5003762227238525,0.5003762227238525
2012-09-24,0.006071543035869745,0.006022634081768917,0.04890895410082769,4.8908954100827695e-05,-0.0012486689378653788,0.007320211973735124,0.28463916508222215,0.9977426636568849,4.890895410082814e-05,0.006022634081768918,-0.018231777695546413,-0.0073428210844355725,-0.010311141269576052,-0.0077856895489412485,0.00011993411762693552,0.02633559066967645,2.633559066967645e-05,2.633559066967645e-05,-0.0012750045285350553,0.022573363431151242,2.2573363431151244e-05,2.2573363431151244e-05,0.007297638610303973,0.5003762227238525,0.5003762227238525
2012-09-25,0.0024292240249524756,0.0023953639798057484,0.033860045146726865,3.386004514672686e-05,0.0024029135603755997,2.6310464576875644e-05,0.15907269867741164,0.9977426636568849,3.386004514672721e-05,0.002395363979805749,-0.0012174329620175993,0.0023035957303416538,0.003230026162434545,0.0030361987785317538,0.005675299753847609,0.018811136192626036,1.8811136192626035e-05,1.8811136192626035e-05,0.002384102424182974,0.015048908954100828,1.5048908954100828e-05,1.5048908954100828e-05,1.1261555622774816e-05,0.5003762227238525,0.5003762227238525
2012-09-26,0.003676093237177087,0.0035970864651680575,0.07900677200902935,7.900677200902934e-05,0.0021446237400531173,0.0015314694971239695,0.22115782312778653,0.9977426636568849,7.900677200902958e-05,0.003597086465168058,-0.004646891765567894,0.00014792669999980567,0.002318753443416596,0.002644990175130581,0.00509731935281318,0.03762227238525207,3.762227238525207e-05,3.762227238525207e-05,0.002107001467667865,0.04138449962377728,4.1384499623777275e-05,4.1384499623777275e-05,0.0014900849975001923,0.5003762227238525,0.5003762227238525
2012-09-27,-0.00012390524125487277,-0.00017281419535570045,0.04890895410082769,4.8908954100827695e-05,0.0005828459026645017,-0.0007067511439193745,-0.027481248706506364,0.9977426636568849,4.890895410082768e-05,-0.00017281419535570045,0.0022724447575707004,-0.0003271165765914228,0.00029516854333633686,-0.0019633527708770118,0.002711325425245091,0.02633559066967645,2.633559066967645e-05,2.633559066967645e-05,0.0005565103119948252,0.022573363431151242,2.2573363431151244e-05,2.2573363431151244e-05,-0.0007293245073505258,0.5003762227238525,0.5003762227238525
2012-09-28,-0.002634760848613306,-0.0026874320299526584,0.0526711813393529,5.26711813393529e-05,-0.0009557138024426456,-0.00167904704617066,-0.13139369765595768,0.9977426636568849,5.2671181339352616e-05,-0.002687432029952659,0.005118155144676225,-0.000209661431909603,-0.00017389391768618992,0.0006654716401722256,-0.003183252593897002,0.030097817908201655,3.0097817908201657e-05,3.0097817908201657e-05,-0.0009858116203508474,0.022573363431151242,2.2573363431151244e-05,2.2573363431151244e-05,-0.0017016204096018113,0.5003762227238525,0.5003762227238525
2012-10-01,0.00163525161489336,0.001582580433554007,0.0526711813393529,5.26711813393529e-05,-0.0007898402563579233,0.0024250918712512832,0.08586209569301231,0.9977426636568849,5.267118133935305e-05,0.0015825804335540072,-0.004373933536743137,-0.005802484877464816,-0.004592874465844431,-0.0023458930417470827,-0.0011991038910456676,0.02633559066967645,2.633559066967645e-05,2.633559066967645e-05,-0.0008161758470275997,0.02633559066967645,2.633559066967645e-05,2.633559066967645e-05,0.0023987562805816067,0.5003762227238525,0.5003762227238525
2012-10-02,0.0045113457391037885,0.004451150103287386,0.06019563581640331,6.0195635816403313e-05,0.0018633846052917048,0.002647961133812084,0.20793968596084692,0.9977426636568849,6.0195635816402866e-05,0.004451150103287385,-0.00660349342259033,-0.0026390262444707397,-0.0016520363490971914,0.0029277956272584296,0.004117580005473756,0.033860045146726865,3.386004514672686e-05,3.386004514672686e-05,0.001829524560144978,0.02633559066967645,2.633559066967645e-05,2.633559066967645e-05,0.0026216255431424076,0.5003762227238525,0.5003762227238525
2012-10-03,0.0025405657559607483,0.0024728456656672947,0.06772009029345373,6.772009029345373e-05,0.0004530194827941924,0.002087546273166556,0.09408201878014691,0.9977426636568849,6.772009029345355e-05,0.0024728456656672947,-0.00658208058721064,0.0007030766557744643,0.0010432804044190535,0.0006030844103453053,0.0010547962300168864,0.02633559066967645,2.633559066967645e-05,2.633559066967645e-05,0.00042668389212451594,0.04138449962377728,4.1384499623777275e-05,4.1384499623777275e-05,0.0020461617735427783,0.5003762227238525,0.5003762227238525
2012-10-04,0.001797090178519347,0.0017519434516570446,0.045146726862302484,4.514672686230249e-05,0.0015150345382709618,0.00028205564024838526,0.11663189730248409,0.9977426636568849,4.5146726862302367e-05,0.0017519434516570444,0.001034340128619203,-0.003796060468752952,-0.0012892915832422797,0.0014529391931282069,0.00380636916600877,0.011286681715575621,1.1286681715575622e-05,1.1286681715575622e-05,0.0015037478565553862,0.033860045146726865,3.386004514672686e-05,3.386004514672686e-05,0.00024819559510165837,0.5003762227238525,0.5003762227238525
2012-10-05,0.003972730427224867,0.003935108154839616,0.03762227238525207,3.762227238525207e-05,0.0014225449574453359,0.0025501854697795316,0.20429412272963107,0.9977426636568849,3.762227238525168e-05,0.003935108154839616,-0.00798568732398299,0.000747428953797422,-0.001688670678544248,-0.0014108519713286792,0.00494595434188126,0.030097817908201655,3.0097817908201657e-05,3.0097817908201657e-05,0.0013924471395371342,0.007524454477050414,7.524454477050414e-06,7.524454477050414e-06,0.0025426610153024814,0.5003762227238525,0.5003762227238525
2012-10-09,-0.004492999870643309,-0.004549433279221187,0.056433408577878104,5.643340857787811e-05,-0.002076796064449326,-0.0024162038061939827,-0.274677895977905,0.9977426636568849,5.643340857787796e-05,-0.004549433279221187,0.005238562505181733,0.003999884289208782,0.0004044919928065116,-0.0015192226223220819,-0.0054513100960501045,0.030097817908201655,3.0097817908201657e-05,3.0097817908201657e-05,-0.002106893882357528,0.02633559066967645,2.633559066967645e-05,2.633559066967645e-05,-0.002442539396863659,0.5003762227238525,0.5003762227238525
2012-10-10,-0.004591375949342012,-0.004632760448965789,0.04138449962377728,4.1384499623777275e-05,0.0012828211305534062,-0.005874197079895418,-0.1806486852649964,0.9977426636568849,4.138449962377659e-05,-0.0046327604489657895,0.014674522220190498,0.0058029342327101776,0.006734969226891613,0.003318433747473829,0.002190592939463448,0.022573363431151242,2.2573363431151244e-05,2.2573363431151244e-05,0.001260247767122255,0.018811136192626036,1.8811136192626035e-05,1.8811136192626035e-05,-0.005893008216088044,0.5003762227238525,0.5003762227238525
2012-10-11,0.0006917075093207577,0.0006352741007428795,0.056433408577878104,5.643340857787811e-05,-0.0011219339802374748,0.0018136414895582324,0.014652154129655141,0.9977426636568849,5.6433408577878175e-05,0.0006352741007428797,-0.00338868581677461,-0.004101656141628135,-0.0017987033171420778,-0.0023230189212865696,-0.002202215948432716,0.018811136192626036,1.8811136192626035e-05,1.8811136192626035e-05,-0.0011407451164301009,0.03762227238525207,3.762227238525207e-05,3.762227238525207e-05,0.0017760192171729803,0.5003762227238525,0.5003762227238525
2012-10-12,-0.005689203900183823,-0.005730588399807599,0.04138449962377728,4.1384499623777275e-05,-0.0010410820180804282,-0.0046481218821033945,-0.2818946742404091,0.9977426636568849,4.138449962377659e-05,-0.0057305883998076,0.012439660792757466,0.0029168405842651753,0.0032385735943772378,1.8428963629061495e-05,-0.0031183199416343435,0.011286681715575621,1.1286681715575622e-05,1.1286681715575622e-05,-0.0010523686997960038,0.030097817908201655,3.0097817908201657e-05,3.0097817908201657e-05,-0.004678219700011596,0.5003762227238525,0.5003762227238525
2012-10-15,-0.0013550642771613778,-0.001411497685739256,0.056433408577878104,5.643340857787811e-05,0.0010194016932538587,-0.0023744659704152365,-0.08373670704607594,0.9977426636568849,5.6433408577878175e-05,-0.001411497685739256,0.0048207896027184375,0.004592790461237021,0.002498965728545532,0.003046287466810371,0.0015384305789575203,0.030097817908201655,3.0097817908201657e-05,3.0097817908201657e-05,0.000989303875345657,0.02633559066967645,2.633559066967645e-05,2.633559066967645e-05,-0.002400801561084913,0.5003762227238525,0.5003762227238525
2012-10-16,0.0015164695494054702,0.0014449872318734913,0.07148231753197894,7.148231753197893e-05,-0.0008967418865411196,0.0024132114359465898,0.06553057062380431,0.9977426636568849,7.148231753197889e-05,0.0014449872318734913,-0.005141170172500457,-0.004178805780046885,-0.0026337043020040023,0.0001912477359647484,-0.0027726842002817813,0.03762227238525207,3.762227238525207e-05,3.762227238525207e-05,-0.0009343641589263718,0.033860045146726865,3.386004514672686e-05,3.386004514672686e-05,0.002379351390799863,0.5003762227238525,0.5003762227238525
2012-10-17,-0.003444006340839681,-0.0035004397494175594,0.056433408577878104,5.643340857787811e-05,-0.0039477117706323474,0.0005037054297926665,-0.1892247088104212,0.9977426636568849,5.643340857787839e-05,-0.003500439749417559,0.0007383597646674466,-0.004536339143052125,-0.0036611077835599264,-0.007443595442552156,-0.008109927968109922,0.022573363431151242,2.2573363431151244e-05,2.2573363431151244e-05,-0.003970285134063499,0.033860045146726865,3.386004514672686e-05,3.386004514672686e-05,0.00046984538464593965,0.5003762227238525,0.5003762227238525
2012-10-18,-0.002803445036340577,-0.0028636406721569804,0.06019563581640331,6.0195635816403313e-05,-0.0027404386622363283,-6.300637410424879e-05,-0.08303060762419223,0.9977426636568849,6.01956358164033e-05,-0.0028636406721569804,0.0014394515850066902,-0.0025310022006519574,-0.0012663336633865158,-0.0036114786852256857,-0.00639891611542119,0.03762227238525207,3.762227238525207e-05,3.762227238525207e-05,-0.0027780609346215804,0.022573363431151242,2.2573363431151244e-05,2.2573363431151244e-05,-8.557973753540004e-05,0.5003762227238525,0.5003762227238525
2012-10-19,-7.38352198821834e-05,-0.0001340308556985867,0.06019563581640331,6.0195635816403313e-05,0.003241191325816077,-0.00331502654569826,-0.037475730003757014,0.9977426636568849,6.0195635816403313e-05,-0.0001340308556985867,0.0066128956053046195,0.0066496897039656,0.005038180220876281,0.0031649589061335695,0.008115173736315014,0.03762227238525207,3.762227238525207e-05,3.762227238525207e-05,0.0032035690534308247,0.022573363431151242,2.2573363431151244e-05,2.2573363431151244e-05,-0.003337599909129411,0.5003762227238525,0.5003762227238525
2012-10-22,0.004845076241501048,0.004777356151207594,0.06772009029345373,6.772009029345373e-05,0.0005126835063977598,0.004332392735103287,0.26603032821520217,0.9954853273137697,6.772009029345355e-05,0.004777356151207594,-0.008784037544745424,-0.008403878352457069,-0.0016077547124792194,-0.0023757188902498046,0.0026923039070381014,0.03762227238525207,3.762227238525207e-05,3.762227238525207e-05,0.0004750612340125077,0.030097817908201655,3.0097817908201657e-05,3.0097817908201657e-05,0.004302294917195085,0.5003762227238525,0.5003762227238525
2012-10-23,0.0011904227412208022,0.0011415137871199745,0.04890895410082769,4.8908954100827695e-05,0.00041973645913841634,0.0007706862820823859,0.11003394364738903,0.9954853273137697,4.890895410082771e-05,0.0011415137871199745,-0.0011529985594128103,-0.002323444136130865,0.002006882629030722,-0.0022866265025559846,0.0023711708280918695,0.033860045146726865,3.386004514672686e-05,3.386004514672686e-05,0.00038587641399168946,0.015048908954100828,1.5048908954100828e-05,1.5048908954100828e-05,0.0007556373731282851,0.5003762227238525,0.5003762227238525
2012-10-24,0.0007564094215706668,0.0006811648768001626,0.07524454477050414,7.524454477050414e-05,0.0017728388686913891,-0.0010164294471207223,0.06476040668047042,0.9977426636568849,7.524454477050423e-05,0.0006811648768001627,0.0009586685788574461,0.00420103280741762,-0.001204557774447578,0.0049581144883596535,0.002843410492251084,0.03762227238525207,3.762227238525207e-05,3.762227238525207e-05,0.001735216596306137,0.03762227238525207,3.762227238525207e-05,3.762227238525207e-05,-0.0010540517195059744,0.5003762227238525,0.5003762227238525
2012-10-25,0.000984732938660496,0.0009094883938899918,0.07524454477050414,7.524454477050414e-05,0.002494869597305079,-0.0015101366586445831,0.1024317349791106,0.9977426636568849,7.524454477050423e-05,0.0009094883938899919,0.004540316636476151,-6.122401769652902e-05,0.0002668151648253399,0.0038130178150248754,0.005565882641602197,0.04890895410082769,4.8908954100827695e-05,4.8908954100827695e-05,0.002445960643204251,0.02633559066967645,2.633559066967645e-05,2.633559066967645e-05,-0.0015364722493142597,0.5003762227238525,0.5003762227238525
2012-10-26,-9.100025018414138e-05,-0.00017000702219317068,0.07900677200902935,7.900677200902934e-05,0.0019623210716791287,-0.00205332132186327,0.01878223072524721,0.9977426636568849,7.90067720090293e-05,-0.0001700070221931707,0.005591406568675897,0.0010940368804341427,0.0022877155071202217,0.0029319905833831454,0.004410981518915213,0.030097817908201655,3.0097817908201657e-05,3.0097817908201657e-05,0.001932223253770927,0.04890895410082769,4.8908954100827695e-05,4.8908954100827695e-05,-0.0021022302759640976,0.5003762227238525,0.5003762227238525
2012-10-29,-0.0054669353323536975,-0.0055233687409315755,0.056433408577878104,5.643340857787811e-05,-0.002041553228297876,-0.0034253821040558215,-0.2823711877527535,0.9977426636568849,5.643340857787796e-05,-0.0055233687409315755,0.0081144091464839,0.004279185209567506,0.0024727603822052306,-0.003234076027818481,-0.004498264077051262,0.02633559066967645,2.633559066967645e-05,2.633559066967645e-05,-0.0020678888189675526,0.030097817908201655,3.0097817908201657e-05,3.0097817908201657e-05,-0.0034554799219640234,0.5003762227238525,0.5003762227238525
2012-10-30,-0.0007749812497901876,-0.0008427013400836412,0.06772009029345373,6.772009029345373e-05,-0.0022009030029988305,0.001425921753208643,-0.076328013407134,0.9977426636568849,6.772009029345366e-05,-0.0008427013400836413,-0.0028631804949874064,-0.002822430407931321,0.0006180895309317011,-0.005084593019807953,-0.004059302531747632,0.033860045146726865,3.386004514672686e-05,3.386004514672686e-05,-0.0022347630481455573,0.033860045146726865,3.386004514672686e-05,3.386004514672686e-05,0.0013920617080619162,0.5003762227238525,0.5003762227238525
2012-10-31,0.0016182124148752155,0.0015542545518202869,0.06395786305492852,6.395786305492852e-05,0.002306157654430647,-0.0006879452395554317,0.02730295104671492,0.9977426636568849,6.395786305492864e-05,0.001554254551820287,0.0014439336103292592,0.0012351307580574927,0.005253609868465481,0.0033747272612019217,0.005218974214098668,0.033860045146726865,3.386004514672686e-05,3.386004514672686e-05,0.00227229760928392,0.030097817908201655,3.0097817908201657e-05,3.0097817908201657e-05,-0.0007180430574636334,0.5003762227238525,0.5003762227238525
2012-11-01,-0.0008475545177549021,-0.0009265612897639314,0.07900677200902935,7.900677200902934e-05,-0.00437705887362824,0.0035295043558733375,-0.052589259353680695,0.9977426636568849,7.900677200902925e-05,-0.0009265612897639315,-0.007206635362090653,-0.00674435705829693,-0.008005593322812315,-0.008763380009249826,-0.008739702564083076,0.033860045146726865,3.386004514672686e-05,3.386004514672686e-05,-0.0044109189187749665,0.045146726862302484,4.514672686230249e-05,4.514672686230249e-05,0.003484357629011035,0.5003762227238525,0.5003762227238525
2012-11-02,0.0018499617236878059,0.0017483815882476253,0.10158013544018059,0.0001015801354401806,0.0009929377810892108,0.0008570239425985951,0.04461704806944483,0.9977426636568849,0.00010158013544018054,0.0017483815882476253,-0.003062865370340475,0.001018137591308993,0.0001470172584705395,0.0005839174277577766,0.0026767471392378657,0.03762227238525207,3.762227238525207e-05,3.762227238525207e-05,0.0009553155087039587,0.06395786305492852,6.395786305492852e-05,6.395786305492852e-05,0.0007930660795436666,0.5003762227238525,0.5003762227238525
2012-11-05,-0.0010037234733494742,-0.0010789680181199784,0.07524454477050414,7.524454477050414e-05,0.0005948029475244443,-0.0015985264208739185,0.007464906434878171,0.9977426636568849,7.524454477050423e-05,-0.0010789680181199784,0.003287596716596399,0.0030066412475274556,0.0019657337567875227,0.002937257123516481,0.00032426191030642795,0.02633559066967645,2.633559066967645e-05,2.633559066967645e-05,0.0005684673568547679,0.04890895410082769,4.8908954100827695e-05,4.8908954100827695e-05,-0.0016474353749747462,0.5003762227238525,0.5003762227238525
2012-11-06,-0.0015018216381511634,-0.0015845906373987179,0.08276899924755456,8.276899924755455e-05,-0.005301273422710696,0.003799451784559532,-0.11562513527723992,0.9977426636568849,8.276899924755448e-05,-0.0015845906373987179,-0.006405552580636057,-0.009995456924075332,-0.006415567451227699,-0.011301369875224909,-0.01024514832861356,0.04138449962377728,4.1384499623777275e-05,4.1384499623777275e-05,-0.005342657922334473,0.04138449962377728,4.1384499623777275e-05,4.1384499623777275e-05,0.0037580672849357546,0.5003762227238525,0.5003762227238525
2012-11-07,-0.0026640597559407456,-0.0027430665279497748,0.07900677200902935,7.900677200902934e-05,-4.356470085490249e-05,-0.002620495055085843,-0.19032186585347804,0.9977426636568849,7.900677200902914e-05,-0.0027430665279497748,0.006892460688286668,0.0018886041905523537,0.004765626906917131,-0.0009743637138124165,0.00035160119011812637,0.03762227238525207,3.762227238525207e-05,3.762227238525207e-05,-8.118697324015456e-05,0.04138449962377728,4.1384499623777275e-05,4.1384499623777275e-05,-0.0026618795547096205,0.5003762227238525,0.5003762227238525
2012-11-08,0.00039051861004074255,0.00030774961079318796,0.08276899924755456,8.276899924755455e-05,0.0008186501015879754,-0.00042813149154723293,0.004418714872648139,0.9977426636568849,8.276899924755459e-05,0.000307749610793188,0.001080904875061078,0.00039992764938223945,0.002225916392905938,0.004094523078936012,0.00042065372504381275,0.045146726862302484,4.514672686230249e-05,4.514672686230249e-05,0.000773503374725673,0.03762227238525207,3.762227238525207e-05,3.762227238525207e-05,-0.000465753763932485,0.5003762227238525,0.5003762227238525
2012-11-09,-0.0008941309292062936,-0.0009806621556923735,0.08653122648607976,8.653122648607976e-05,0.0017723626050748418,-0.002666493534281135,0.0007400772429131402,0.9977426636568849,8.653122648607982e-05,-0.0009806621556923735,0.005900621297271279,0.004172697408063226,-0.00017794734763599973,0.007265362781012375,0.0017013260456668366,0.045146726862302484,4.514672686230249e-05,4.514672686230249e-05,0.0017272158782125392,0.04138449962377728,4.1384499623777275e-05,4.1384499623777275e-05,-0.0027078780339049127,0.5003762227238525,0.5003762227238525
2012-11-12,-0.0022643189242776618,-0.002354612378002267,0.09029345372460497,9.029345372460498e-05,-0.0010597786326427344,-0.0012045402916349276,-0.07973246600254966,0.9977426636568849,9.029345372460517e-05,-0.002354612378002267,0.0025625034714702394,0.0020932727399025556,-0.0022909772386388136,-0.0003449375047409864,-0.002994515846604892,0.04890895410082769,4.8908954100827695e-05,4.8908954100827695e-05,-0.001108687586743562,0.04138449962377728,4.1384499623777275e-05,4.1384499623777275e-05,-0.0012459247912587049,0.5003762227238525,0.5003762227238525
2012-11-13,0.0007757641258458194,0.0006817084448826893,0.09405568096313018,9.405568096313018e-05,0.00173710264261632,-0.0009613385167705006,0.02558377058064066,0.9977426636568849,9.405568096313007e-05,0.0006817084448826892,0.00048330105495826634,0.00482977236059803,0.004952466528509344,0.001247289045474241,0.004571249038275857,0.04138449962377728,4.1384499623777275e-05,4.1384499623777275e-05,0.0016957181429925429,0.0526711813393529,5.26711813393529e-05,5.26711813393529e-05,-0.0010140096981098535,0.5003762227238525,0.5003762227238525
2012-11-14,-0.0022993343291048303,-0.00237834110111386,0.07900677200902935,7.900677200902934e-05,-0.001150688403462796,-0.0011486459256420346,-0.12509167584380515,0.9977426636568849,7.900677200902958e-05,-0.0023783411011138594,0.0013168623298731512,0.004275212265385053,0.0033908121295912,0.0001779807778422149,-0.0035245408074771755,0.03762227238525207,3.762227238525207e-05,3.762227238525207e-05,-0.001188310675848048,0.04138449962377728,4.1384499623777275e-05,4.1384499623777275e-05,-0.0011900304252658118,0.5003762227238525,0.5003762227238525
2012-11-15,-0.0018825197891039012,-0.0019577643338744054,0.07524454477050414,7.524454477050414e-05,-0.0012911266769832653,-0.0005913931121206358,-0.10355279462019223,0.9977426636568849,7.524454477050423e-05,-0.0019577643338744054,0.00351908451132469,-0.003545596188778009,-0.003175144743832886,-0.003955272269655959,-0.0019005560772729186,0.045146726862302484,4.514672686230249e-05,4.514672686230249e-05,-0.001336273403845568,0.030097817908201655,3.0097817908201657e-05,3.0097817908201657e-05,-0.0006214909300288374,0.5003762227238525,0.5003762227238525
2012-11-16,-0.0014615394442316707,-0.0015405462162407,0.07900677200902935,7.900677200902934e-05,-0.0026886916397476693,0.0012271521955159988,-0.0432676630297891,0.9977426636568849,7.900677200902936e-05,-0.0015405462162407,-0.001828772542825678,-0.0037140067558333444,-0.0006126253763023421,-0.0013778892362395878,-0.007348619229779648,0.033860045146726865,3.386004514672686e-05,3.386004514672686e-05,-0.002722551684894396,0.045146726862302484,4.514672686230249e-05,4.514672686230249e-05,0.0011820054686536962,0.5003762227238525,0.5003762227238525
2012-11-19,0.0022014056854029055,0.0021223989133938763,0.07900677200902935,7.900677200902934e-05,0.0015615907144484811,0.0006398149709544244,0.12551024924642543,0.9977426636568849,7.900677200902914e-05,0.0021223989133938763,-0.00268626432390814,0.001568516035184965,-0.0004905450718927864,0.0023692396125493034,0.003492407516272325,0.030097817908201655,3.0097817908201657e-05,3.0097817908201657e-05,0.0015314928965402795,0.04890895410082769,4.8908954100827695e-05,4.8908954100827695e-05,0.0005909060168535967,0.5003762227238525,0.5003762227238525
2012-11-20,-0.0025513239632102874,-0.002634092962457842,0.08276899924755456,8.276899924755455e-05,-0.0018051221434763442,-0.0007462018197339433,-0.14841519174087417,0.9977426636568849,8.276899924755448e-05,-0.002634092962457842,0.0012859337842557109,0.0019066440201482688,0.0006504191899466704,-8.32965872392898e-05,-0.005349847369634647,0.033860045146726865,3.386004514672686e-05,3.386004514672686e-05,-0.001838982188623071,0.04890895410082769,4.8908954100827695e-05,4.8908954100827695e-05,-0.000795110773834771,0.5003762227238525,0.5003762227238525
2012-11-21,-0.0029707271586408026,-0.003045971703411307,0.07524454477050414,7.524454477050414e-05,-0.001461424922601683,-0.0015093022360391196,-0.18897567709146518,0.9977426636568849,7.524454477050423e-05,-0.003045971703411307,0.005047638406121307,-0.0010924382683090525,4.284978990542355e-05,-0.003309936204206224,-0.0027281972072185786,0.030097817908201655,3.0097817908201657e-05,3.0097817908201657e-05,-0.0014915227405098846,0.045146726862302484,4.514672686230249e-05,4.514672686230249e-05,-0.0015544489629014222,0.5003762227238525,0.5003762227238525
2012-11-22,-0.0013943143368366955,-0.001458272199891624,0.06395786305492852,6.395786305492852e-05,-0.003008309228426981,0.0016139948915902859,-0.11200694898553275,0.9977426636568849,6.395786305492842e-05,-0.001458272199891624,-0.0025769345364241854,-0.004537560646430579,-0.005840810922676612,-0.006032271411223952,-0.006002119672157728,0.02633559066967645,2.633559066967645e-05,2.633559066967645e-05,-0.0030346448190966577,0.03762227238525207,3.762227238525207e-05,3.762227238525207e-05,0.0015763726192050337,0.5003762227238525,0.5003762227238525
2012-11-26,0.0024279378132441376,0.002360217722950684,0.06772009029345373,6.772009029345373e-05,-0.0001393205896983105,0.002567258402942448,0.1352386066425181,0.9977426636568849,6.772009029345355e-05,0.002360217722950684,-0.007357412245046834,-0.0006265362202939668,-0.0010424564769349449,1.6360128008133355e-05,-0.00042417144240639097,0.030097817908201655,3.0097817908201657e-05,3.0097817908201657e-05,-0.00016941840760651214,0.03762227238525207,3.762227238525207e-05,3.762227238525207e-05,0.0025296361305571957,0.5003762227238525,0.5003762227238525
2012-11-27,0.0006642641971040671,0.0005927818795720882,0.07148231753197894,7.148231753197893e-05,0.002932946444457085,-0.0022686822473530176,0.0734630368903943,0.9977426636568849,7.148231753197889e-05,0.0005927818795720882,0.004583900532903537,0.0044329225890458466,0.006284589796185744,0.006308785516677712,0.005640343844976111,0.033860045146726865,3.386004514672686e-05,3.386004514672686e-05,0.002899086399310358,0.03762227238525207,3.762227238525207e-05,3.762227238525207e-05,-0.0023063045197382697,0.5003762227238525,0.5003762227238525
2012-11-28,-0.00010639479327817695,-0.0001891637925257315,0.08276899924755456,8.276899924755455e-05,0.0007316317068462996,-0.0008380265001244765,-0.014855117250928848,0.9977426636568849,8.276899924755454e-05,-0.00018916379252573152,0.001655849708915296,0.0017131095372641936,0.0007573958259214148,0.0022642482431043023,0.0010656267975635632,0.04138449962377728,4.1384499623777275e-05,4.1384499623777275e-05,0.0006902472072225224,0.04138449962377728,4.1384499623777275e-05,4.1384499623777275e-05,-0.0008794109997482538,0.5003762227238525,0.5003762227238525
2012-11-29,-0.00020285060780335346,-0.0002592840163812316,0.056433408577878104,5.643340857787811e-05,0.0009641821645173044,-0.0011670327723206579,-0.034540296410281425,0.9977426636568849,5.643340857787812e-05,-0.0002592840163812316,0.0027300940380531468,0.0015277032158204722,0.0011565009078084128,0.0011099230001688299,0.002330820306980573,0.030097817908201655,3.0097817908201657e-05,3.0097817908201657e-05,0.0009340843466091027,0.02633559066967645,2.633559066967645e-05,2.633559066967645e-05,-0.0011933683629903344,0.5003762227238525,0.5003762227238525
2012-11-30,-0.0020342444221003427,-0.0020793911489626455,0.045146726862302484,4.514672686230249e-05,-0.0032718236988059134,0.0012375792767055705,-0.08656068782783126,0.9977426636568849,4.51467268623028e-05,-0.002079391148962645,-0.001617555457128911,-0.004204230365087899,-0.006037243147358245,-0.003894287392566259,-0.00784609094235614,0.022573363431151242,2.2573363431151244e-05,2.2573363431151244e-05,-0.0032943970622370646,0.022573363431151242,2.2573363431151244e-05,2.2573363431151244e-05,0.0012150059132744193,0.5003762227238525,0.5003762227238525
2012-12-03,0.001972541986196759,0.0019123463503803557,0.06019563581640331,6.0195635816403313e-05,0.001198917417653423,0.000773624568543336,0.11634943958482855,0.9977426636568849,6.019563581640352e-05,0.001912346350380356,-0.002073891204259873,-0.00047847938953840893,0.002983666031223392,0.0014790395419631642,0.0028493765142236028,0.022573363431151242,2.2573363431151244e-05,2.2573363431151244e-05,0.0011763440542222718,0.03762227238525207,3.762227238525207e-05,3.762227238525207e-05,0.0007360022961580839,0.5003762227238525,0.5003762227238525
2012-12-04,-0.00041305508823382564,-0.0004694884968117037,0.056433408577878104,5.643340857787811e-05,0.0022816332711969424,-0.002694688359430768,0.0015976524313493412,0.9977426636568849,5.6433408577878067e-05,-0.00046948849681170376,0.005801160547905148,0.004544201753935,0.006260388504632297,0.005134022534096266,0.004275967775100131,0.02633559066967645,2.633559066967645e-05,2.633559066967645e-05,0.002255297680527266,0.030097817908201655,3.0097817908201657e-05,3.0097817908201657e-05,-0.0027247861773389698,0.5003762227238525,0.5003762227238525
2012-12-05,-0.001041030903720208,-0.0011012265395366112,0.06019563581640331,6.0195635816403313e-05,-0.001202384575268273,0.00016135367154806513,-0.03951717863738654,0.9977426636568849,6.01956358164033e-05,-0.0011012265395366112,-5.6513389653989236e-05,-0.000860411686778879,-0.0027400833556249344,-0.004112028000912537,-0.001558029079395004,0.030097817908201655,3.0097817908201657e-05,3.0097817908201657e-05,-0.0012324823931764747,0.030097817908201655,3.0097817908201657e-05,3.0097817908201657e-05,0.00013125585363986348,0.5003762227238525,0.5003762227238525
2012-12-06,-0.0006496571545469722,-0.0007249016993174762,0.07524454477050414,7.524454477050414e-05,0.0019883811240662347,-0.002638038278613207,-0.0863441747596764,0.9977426636568849,7.524454477050402e-05,-0.0007249016993174763,0.005707602538895958,0.00439122610212841,0.0023129697219115316,0.0018540344852258214,0.005021732420526618,0.04138449962377728,4.1384499623777275e-05,4.1384499623777275e-05,0.0019469966244424575,0.033860045146726865,3.386004514672686e-05,3.386004514672686e-05,-0.0026718983237599336,0.5003762227238525,0.5003762227238525
2012-12-07,-0.001973217754371582,-0.0020522245263806115,0.07900677200902935,7.900677200902934e-05,-0.003613006280391039,0.0016397885260194573,-0.09110871297642169,0.9977426636568849,7.900677200902958e-05,-0.002052224526380611,-0.002515346187866692,-0.004817954079450821,-0.003235530048430797,-0.005739923937801072,-0.007952588944547092,0.03762227238525207,3.762227238525207e-05,3.762227238525207e-05,-0.0036506285527762913,0.04138449962377728,4.1384499623777275e-05,4.1384499623777275e-05,0.00159840402639568,0.5003762227238525,0.5003762227238525
2012-12-10,-0.0009667224859344836,-0.0010231558945123617,0.056433408577878104,5.643340857787811e-05,0.002839095949097477,-0.0038058184350319604,-0.06822211433627105,0.9977426636568849,5.6433408577878175e-05,-0.0010231558945123617,0.009047167615267094,0.0046906505061982675,0.00230546790365794,0.0037129906850955964,0.006643372057594418,0.022573363431151242,2.2573363431151244e-05,2.2573363431151244e-05,0.002816522585666326,0.033860045146726865,3.386004514672686e-05,3.386004514672686e-05,-0.003839678480178687,0.5003762227238525,0.5003762227238525
2012-12-11,-0.001318296294270478,-0.0013860163845639318,0.06772009029345373,6.772009029345373e-05,5.679381302037869e-05,-0.0013750901072908568,-0.056939671162787045,0.9977426636568849,6.772009029345377e-05,-0.0013860163845639318,0.0033458668774944723,0.0015390181459295842,0.0003459468229768091,-0.0007077780897389418,0.0005195284432509,0.04138449962377728,4.1384499623777275e-05,4.1384499623777275e-05,1.5409313396601416e-05,0.02633559066967645,2.633559066967645e-05,2.633559066967645e-05,-0.0014014256979605333,0.5003762227238525,0.5003762227238525
2012-12-12,-0.002487367754908162,-0.0025438011634860403,0.056433408577878104,5.643340857787811e-05,-0.0055385441562379985,0.003051176401329836,-0.11097371749533291,0.9977426636568849,5.643340857787839e-05,-0.00254380116348604,-0.00429547092814572,-0.009743313065193215,-0.011170362759664472,-0.011160677846944238,-0.011023316982724872,0.030097817908201655,3.0097817908201657e-05,3.0097817908201657e-05,-0.0055686419741462,0.02633559066967645,2.633559066967645e-05,2.633559066967645e-05,0.0030248408106601597,0.5003762227238525,0.5003762227238525
2012-12-13,0.0035742097180832782,0.003495202946074249,0.07900677200902935,7.900677200902934e-05,0.007073860236164164,-0.0034996505180808855,0.18147734870993024,0.9977426636568849,7.900677200902914e-05,0.003495202946074249,0.006749034087131817,0.007489615317071995,0.00774218892846334,0.009070393330260608,0.016641963418437843,0.030097817908201655,3.0097817908201657e-05,3.0097817908201657e-05,0.007043762418255962,0.04890895410082769,4.8908954100827695e-05,4.8908954100827695e-05,-0.003548559472181713,0.5003762227238525,0.5003762227238525
2012-12-14,0.003270005191372581,0.0031909984193635517,0.07900677200902935,7.900677200902934e-05,-0.0019557655224737864,0.005225770713846367,0.056545417263971054,0.9977426636568849,7.900677200902914e-05,0.0031909984193635517,-0.011585101954382636,-0.008134904131825224,0.0019905703486097033,-0.009958923126902159,-0.0009174141380880606,0.03762227238525207,3.762227238525207e-05,3.762227238525207e-05,-0.0019933877948590385,0.04138449962377728,4.1384499623777275e-05,4.1384499623777275e-05,0.005184386214222589,0.5003762227238525,0.5003762227238525
2012-12-17,0.001400757904089575,0.0013330378137961212,0.06772009029345373,6.772009029345373e-05,0.0005060707259691715,0.0008946871781204036,0.0699387933676683,0.9977426636568849,6.772009029345377e-05,0.0013330378137961212,-0.00123988922091713,-0.0028967661655176983,0.0015796534291969094,0.00436308872811111,-0.0006456438772391353,0.02633559066967645,2.633559066967645e-05,2.633559066967645e-05,0.000479735135299495,0.04138449962377728,4.1384499623777275e-05,4.1384499623777275e-05,0.0008533026784966264,0.5003762227238525,0.5003762227238525
2012-12-18,0.0006283537905995135,0.0005531092458290095,0.07524454477050414,7.524454477050414e-05,-0.0044576850686143,0.005086038859213814,0.0054979449671863885,0.9977426636568849,7.524454477050402e-05,0.0005531092458290094,-0.013161491328567382,-0.004102190921284877,-0.0040653216494971715,-0.00707431151692921,-0.009815539151604448,0.033860045146726865,3.386004514672686e-05,3.386004514672686e-05,-0.004491545113761027,0.04138449962377728,4.1384499623777275e-05,4.1384499623777275e-05,0.0050446543595900365,0.5003762227238525,0.5003762227238525
2012-12-19,0.0017938006586112668,0.001716530950980385,0.07726970763088145,7.726970763088144e-05,0.0026728266237144417,-0.0008790259651031752,0.031186984257151378,0.9954954954954955,7.726970763088188e-05,0.0017165309509803853,0.0023539442513040893,0.0005544152525263347,0.0011063501807057484,0.00014670646546863345,0.0079271075825188,0.04426124770368563,4.426124770368563e-05,4.426124770368563e-05,0.002628565376010756,0.03300845992719582,3.300845992719582e-05,3.300845992719582e-05,-0.000912034425030371,0.5011261261261262,0.5011261261261262
2012-12-20,0.0012429197216778341,0.0011603371390952516,0.08258258258258258,8.258258258258257e-05,0.00211848147942073,-0.0008755617577428955,0.07127150217614395,0.9954954954954955,8.258258258258253e-05,0.0011603371390952516,0.0016300314630847902,0.0019815022932171016,0.0041851524356853005,0.004274338495101572,0.004203993293097331,0.04504504504504504,4.5045045045045046e-05,4.5045045045045046e-05,0.002073436434375685,0.03753753753753754,3.7537537537537536e-05,3.7537537537537536e-05,-0.000913099295280433,0.5011261261261262,0.5011261261261262
2012-12-21,0.0029207720432373762,0.0028419432144085478,0.07882882882882883,7.882882882882882e-05,-0.0003131371152527437,0.00323390915849012,0.21719728002331337,0.9954954954954955,7.882882882882846e-05,0.0028419432144085473,-0.007260455362515839,-0.0048389409563563655,-0.004087413147081338,-0.006360421881587876,0.0022429106317677482,0.048798798798798795,4.87987987987988e-05,4.87987987987988e-05,-0.00036193591405154254,0.03003003003003003,3.003003003003003e-05,3.003003003003003e-05,0.00320387912846009,0.5011261261261262,0.5011261261261262
2012-12-25,0.0005911997337169512,0.0004973558898731073,0.09384384384384384,9.384384384384384e-05,0.002783123878710657,-0.002191924144993706,0.006860809960379359,0.9954954954954955,9.38438438438439e-05,0.0004973558898731074,0.0055890517715221685,0.0019438872935022525,0.0019327728618976584,0.004673069985983881,0.005994074010249847,0.04504504504504504,4.5045045045045046e-05,4.5045045045045046e-05,0.002738078833665612,0.048798798798798795,4.87987987987988e-05,4.87987987987988e-05,-0.0022407229437925048,0.5011261261261262,0.5011261261261262
2012-12-26,-0.0046208754654954816,-0.00466967426429428,0.048798798798798795,4.87987987987988e-05,-0.00471325530071695,9.23798352214685e-05,-0.21048940499971477,0.9954954954954955,4.879879879879888e-05,-0.00466967426429428,0.0003384614603657162,-0.0012299563612482686,-0.00320768493735222,-0.005160956794653636,-0.011527512749987737,0.02252252252252252,2.2522522522522523e-05,2.2522522522522523e-05,-0.004735777823239472,0.026276276276276277,2.6276276276276274e-05,2.6276276276276274e-05,6.610355894519223e-05,0.5011261261261262,0.5011261261261262
2012-12-27,-0.0008439405017763794,-0.0009227693306052082,0.07882882882882883,7.882882882882882e-05,0.0015885708150664675,-0.0024325113168428467,-0.02698221153368449,0.9954954954954955,7.882882882882878e-05,-0.0009227693306052082,0.006163472465448572,0.0022353250647643053,0.006049122748186719,0.008760482757122726,0.00037476160046905245,0.04129129129129129,4.129129129129129e-05,4.129129129129129e-05,0.0015472795237751762,0.03753753753753754,3.7537537537537536e-05,3.7537537537537536e-05,-0.0024700488543803844,0.5011261261261262,0.5011261261261262
2012-12-28,0.0015532539959732389,0.0014706714133906563,0.08258258258258258,8.258258258258257e-05,-0.003222764184822229,0.004776018180795468,0.04705803140843071,0.9954954954954955,8.258258258258253e-05,0.0014706714133906563,-0.010051201095309891,-0.00848931114340073,-0.006326265758021665,-0.008321601348225667,-0.005485765380231457,0.04129129129129129,4.129129129129129e-05,4.129129129129129e-05,-0.0032640554761135202,0.04129129129129129,4.129129129129129e-05,4.129129129129129e-05,0.004734726889504177,0.5011261261261262,0.5011261261261262
2013-01-04,-0.0027926881461292144,-0.002895971204468453,0.103283058339238,0.000103283058339238,-0.0027485885744447584,-4.409957168445601e-05,-0.1581914933016096,0.9932584269662922,0.00010328305833923841,-0.0028959712044684524,0.0005630485911415745,-0.0008614997521764121,-0.0002227234576186161,-0.0016222771249476608,-0.007434627160860444,0.046027769342376026,4.6027769342376025e-05,4.6027769342376025e-05,-0.0027946163437871344,0.057255288996861976,5.725528899686197e-05,5.725528899686197e-05,-0.00010135486068131798,0.5000000000000001,0.5000000000000001
2013-01-07,-0.0030462934163457958,-0.0031249451017390543,0.07865168539325844,7.865168539325844e-05,-0.001758489888867889,-0.0012878035274779067,-0.18001095211482754,0.9932584269662922,7.865168539325854e-05,-0.0031249451017390543,0.002843883929305258,0.0020390533062569238,0.002525603427861678,0.0001257512777234452,-0.0053383453054653895,0.03370786516853933,3.370786516853933e-05,3.370786516853933e-05,-0.0017921977540364283,0.04494382022471911,4.4943820224719104e-05,4.4943820224719104e-05,-0.0013327473477026258,0.5000000000000001,0.5000000000000001
2013-01-08,0.00524995711221839,0.005171305426825132,0.07865168539325844,7.865168539325844e-05,0.0030785040191508082,0.0021714530930675817,0.2622001743916876,0.9932584269662922,7.865168539325854e-05,0.005171305426825132,-0.005150514638694482,-0.002727689281016525,-0.0002932709870655001,0.0009185965013742274,0.008776213806765309,0.03745318352059926,3.745318352059925e-05,3.745318352059925e-05,0.003041050835630209,0.04119850187265918,4.119850187265918e-05,4.119850187265918e-05,0.0021302545911949227,0.5000000000000001,0.5000000000000001
2013-01-09,-0.0013463931032461913,-0.00141006351523121,0.06367041198501873,6.367041198501874e-05,0.0010953851173570216,-0.0024417782206032127,-0.06638550540897033,0.9932584269662922,6.367041198501863e-05,-0.0014100635152312102,0.0037963803703261125,0.00705790858296705,0.0059469913208129496,0.0039030307985602336,0.0013346399527909478,0.026217228464419477,2.6217228464419478e-05,2.6217228464419478e-05,0.001069167888892602,0.03745318352059926,3.745318352059925e-05,3.745318352059925e-05,-0.002479231404123812,0.5000000000000001,0.5000000000000001
2013-01-10,-0.003773116217717032,-0.00384802258475823,0.07490636704119852,7.49063670411985e-05,-0.0019581982391279154,-0.0018149179785891165,-0.1543358096841793,0.9932584269662922,7.490636704119823e-05,-0.0038480225847582305,0.004843198178128104,0.0012031115152784876,-0.0005237009791409395,-0.002010550295226122,-0.004869319569770684,0.04494382022471911,4.4943820224719104e-05,4.4943820224719104e-05,-0.0020031420593526346,0.029962546816479405,2.9962546816479404e-05,2.9962546816479404e-05,-0.001844880525405596,0.5000000000000001,0.5000000000000001
2013-01-11,0.0014934479148490214,0.001418541547807823,0.07490636704119852,7.49063670411985e-05,-0.0005749944320832558,0.002068442346932277,0.06413365832528531,0.9932584269662922,7.490636704119845e-05,0.001418541547807823,-0.004307294606425566,-0.00379606486874253,-0.005230927974388367,-0.0029162151780833044,-0.00026687570720811533,0.029962546816479405,2.9962546816479404e-05,2.9962546816479404e-05,-0.0006049569788997352,0.04494382022471911,4.4943820224719104e-05,4.4943820224719104e-05,0.0020234985267075577,0.5000000000000001,0.5000000000000001
2013-01-15,-0.0013768328554793039,-0.0014592298592246223,0.08239700374531836,8.239700374531836e-05,0.0018697240585243793,-0.0032465569140036833,-0.10200385068074808,0.9932584269662922,8.23970037453184e-05,-0.0014592298592246223,0.005888334607054034,0.0077026722699140284,0.005843250269211426,0.006492006797444718,0.0023631687768507787,0.04494382022471911,4.4943820224719104e-05,4.4943820224719104e-05,0.0018247802382996602,0.03745318352059926,3.745318352059925e-05,3.745318352059925e-05,-0.0032840100975242825,0.5000000000000001,0.5000000000000001
2013-01-16,-0.0004818923029504622,-0.0005605439883437205,0.07865168539325844,7.865168539325844e-05,0.0001160350751703295,-0.0005979273781207916,0.006060628800921306,0.9932584269662922,7.865168539325832e-05,-0.0005605439883437206,0.002036982843636726,-0.0004864014185487026,0.0031224791176815373,0.0015562244172119778,-0.0004300069830950002,0.03745318352059926,3.745318352059925e-05,3.745318352059925e-05,7.858189164973025e-05,0.04119850187265918,4.119850187265918e-05,4.119850187265918e-05,-0.0006391258799934508,0.5000000000000001,0.5000000000000001
2013-01-17,0.0011676878498966881,0.0010890361645034298,0.07865168539325844,7.865168539325844e-05,-0.0023132836229705603,0.0034809714728672486,0.06572568252861137,0.9932584269662922,7.865168539325832e-05,0.0010890361645034296,-0.0061368965254336135,-0.008612035786336262,-0.005151876302453808,-0.00453372483637496,-0.0046729884507242005,0.03370786516853933,3.370786516853933e-05,3.370786516853933e-05,-0.0023469914881390995,0.04494382022471911,4.4943820224719104e-05,4.4943820224719104e-05,0.0034360276526425293,0.5000000000000001,0.5000000000000001
2013-01-18,5.2578618598379054e-05,-2.2327748442819447e-05,0.07490636704119852,7.49063670411985e-05,0.000800364971234122,-0.0007477863526357432,-0.041555430993373214,0.9932584269662922,7.49063670411985e-05,-2.232774844281945e-05,0.0005281712733380683,0.0034303755691383214,-0.00041429344978241014,0.004601903254612604,0.000100143286396064,0.03745318352059926,3.745318352059925e-05,3.745318352059925e-05,0.0007629117877135228,0.03745318352059926,3.745318352059925e-05,3.745318352059925e-05,-0.0007852395361563424,0.5000000000000001,0.5000000000000001
2013-01-21,-0.0008677611273457936,-0.0009426674943869922,0.07490636704119852,7.49063670411985e-05,-0.0028137900299053907,0.0019460289025595972,-0.042789611069293146,0.9932584269662922,7.490636704119856e-05,-0.0009426674943869922,-0.004263374493865327,-0.0031494244276269287,-0.003810495543094783,-0.006683557674923664,-0.0050995912522543395,0.03370786516853933,3.370786516853933e-05,3.370786516853933e-05,-0.00284749789507393,0.04119850187265918,4.119850187265918e-05,4.119850187265918e-05,0.001904830400686938,0.5000000000000001,0.5000000000000001
2013-01-22,-0.0019154119393346605,-0.001979082351319679,0.06367041198501873,6.367041198501874e-05,-2.0772087374468877e-05,-0.0018946398519601917,-0.09575443304600882,0.9932584269662922,6.367041198501863e-05,-0.001979082351319679,0.004972691578602688,0.0014224559545557725,0.003160786925435275,0.0005921924263681817,-0.0003584124753074975,0.04119850187265918,4.119850187265918e-05,4.119850187265918e-05,-6.197058924712807e-05,0.022471910112359553,2.2471910112359552e-05,2.2471910112359552e-05,-0.0019171117620725513,0.5000000000000001,0.5000000000000001
2013-01-23,0.006011189227959432,0.0059550094526785325,0.05617977528089888,5.6179775280898885e-05,0.0089735933496936,-0.0029624041217341693,0.24023855070765934,0.9932584269662922,5.6179775280899326e-05,0.005955009452678533,0.0031148167627788105,0.011544791204847393,0.01009053297273641,0.011079487452647965,0.021381036322756817,0.029962546816479405,2.9962546816479404e-05,2.9962546816479404e-05,0.008943630802877122,0.026217228464419477,2.6217228464419478e-05,2.6217228464419478e-05,-0.0029886213501985888,0.5000000000000001,0.5000000000000001
2013-01-24,0.0017758442208104979,0.0017121738088254792,0.06367041198501873,6.367041198501874e-05,-0.0017936887495023784,0.0035695329703128763,0.06276301109087497,0.9932584269662922,6.367041198501863e-05,0.0017121738088254792,-0.007825311092291096,-0.005766575637295062,-0.004059366749147432,-0.0022834888534889694,-0.00423932182176265,0.03370786516853933,3.370786516853933e-05,3.370786516853933e-05,-0.0018273966146709177,0.029962546816479405,2.9962546816479404e-05,2.9962546816479404e-05,0.003539570423496397,0.5000000000000001,0.5000000000000001
2013-01-25,-0.0016800274596091534,-0.001747443189946232,0.06741573033707866,6.741573033707866e-05,-0.003282217642383944,0.0016021901827747904,-0.035801158456089506,0.9932584269662922,6.74157303370785e-05,-0.0017474431899462321,-0.0024020419834813074,-0.004809057129686126,-0.008982637461530864,-0.006371535787056164,-0.006660885033623748,0.029962546816479405,2.9962546816479404e-05,2.9962546816479404e-05,-0.003312180189200423,0.03745318352059926,3.745318352059925e-05,3.745318352059925e-05,0.001564736999254191,0.5000000000000001,0.5000000000000001
2013-01-28,-0.000903151023270194,-0.0009480948434949132,0.04494382022471911,4.4943820224719104e-05,-0.0020568802042320866,0.0011537291809618926,-0.046444068163817014,0.9932584269662922,4.494382022471918e-05,-0.000948094843494913,-0.002323652739915228,-0.0022750696059408997,-1.0181255917074529e-05,-0.0024775359188698824,-0.004931872653261318,0.026217228464419477,2.6217228464419478e-05,2.6217228464419478e-05,-0.002083097432696506,0.01872659176029963,1.8726591760299626e-05,1.8726591760299626e-05,0.001135002589201593,0.5000000000000001,0.5000000000000001
2013-01-29,0.005128459393422463,0.0050498077080292055,0.07865168539325844,7.865168539325844e-05,0.0028748196916077136,0.00225363970181475,0.24892533849796214,0.9932584269662922,7.865168539325767e-05,0.005049807708029205,-0.004864882733518272,-0.0037920727438519528,0.002028030820687163,0.0015365335723631494,0.007856192288641565,0.03745318352059926,3.745318352059925e-05,3.745318352059925e-05,0.0028373665080871145,0.04119850187265918,4.119850187265918e-05,4.119850187265918e-05,0.002212441199942091,0.5000000000000001,0.5000000000000001
2013-01-30,0.0019751428176574977,0.001911472405672479,0.06367041198501873,6.367041198501874e-05,0.0018283383330416783,0.00014680448461581932,0.12493714276820296,0.9932584269662922,6.367041198501885e-05,0.0019114724056724791,8.335928347420521e-05,-0.0010475454746433264,8.292734404858646e-05,0.004482714238069988,0.0032436578800900404,0.03370786516853933,3.370786516853933e-05,3.370786516853933e-05,0.001794630467873139,0.029962546816479405,2.9962546816479404e-05,2.9962546816479404e-05,0.00011684193779933991,0.5000000000000001,0.5000000000000001
2013-01-31,0.0059840880851724666,0.005942889583299808,0.04119850187265918,4.119850187265918e-05,0.0024248705474337147,0.0035592175377387523,0.2133627196320445,0.9932584269662922,4.1198501872658985e-05,0.005942889583299808,-0.007582694661874121,-0.006189915902684268,0.00018360433865622426,0.0018112971170031944,0.0063689630837995455,0.026217228464419477,2.6217228464419478e-05,2.6217228464419478e-05,0.002398653318969295,0.014981273408239702,1.4981273408239702e-05,1.4981273408239702e-05,0.0035442362643305124,0.5000000000000001,0.5000000000000001
2013-02-01,-0.0005620434538935733,-0.0006069872741182923,0.04494382022471911,4.4943820224719104e-05,-0.006030149672156115,0.005468106218262541,-0.023303156998169993,0.9932584269662922,4.494382022471907e-05,-0.0006069872741182923,-0.009429982914469994,-0.013948671480635253,-0.008036828977013862,-0.012618732069753717,-0.011781082981591485,0.022471910112359553,2.2471910112359552e-05,2.2471910112359552e-05,-0.006052621582268474,0.022471910112359553,2.2471910112359552e-05,2.2471910112359552e-05,0.005445634308150182,0.5000000000000001,0.5000000000000001
2013-02-04,-0.0017939926079148737,-0.0018614083382519522,0.06741573033707866,6.741573033707866e-05,0.0054634514232657335,-0.007257444031180607,-0.0646171300609148,0.9932584269662922,6.74157303370785e-05,-0.0018614083382519524,0.01547537201241492,0.012593920162253797,0.011024366977889239,0.008718476073244654,0.01203111623317487,0.04119850187265918,4.119850187265918e-05,4.119850187265918e-05,0.0054222529213930745,0.026217228464419477,2.6217228464419478e-05,2.6217228464419478e-05,-0.007283661259645026,0.5000000000000001,0.5000000000000001
2013-02-05,0.0013224969713715041,0.0012475906043303054,0.07490636704119852,7.49063670411985e-05,-0.004118991648985785,0.005441488620357289,0.09397424536753406,0.9932584269662922,7.490636704119867e-05,0.0012475906043303057,-0.009696063281642518,-0.013256805158858695,-0.007031857768641114,-0.0014187145939388152,-0.011647617649987946,0.04119850187265918,4.119850187265918e-05,4.119850187265918e-05,-0.004160190150858444,0.03370786516853933,3.370786516853933e-05,3.370786516853933e-05,0.00540778075518875,0.5000000000000001,0.5000000000000001
2013-02-06,3.071340778416652e-05,-4.419295925703202e-05,0.07490636704119852,7.49063670411985e-05,-0.0006177569423300112,0.0006484703501141777,0.000574565648450733,0.9932584269662922,7.490636704119855e-05,-4.419295925703198e-05,-0.0019181357022681343,-5.4550696148797046e-05,-0.0029884990156241213,0.004265465755238623,-0.003986003704609346,0.04119850187265918,4.119850187265918e-05,4.119850187265918e-05,-0.0006589554442026704,0.03370786516853933,3.370786516853933e-05,3.370786516853933e-05,0.0006147624849456384,0.5000000000000001,0.5000000000000001
2013-02-07,-7.192834563020327e-05,-0.0001468347126714018,0.07490636704119852,7.49063670411985e-05,0.0025109304763613087,-0.0025828588219915117,0.02621441005643445,0.9932584269662922,7.490636704119853e-05,-0.00014683471267140178,0.004379763383008303,0.006737626165932462,0.007303059719307847,0.005898827477571159,0.004583377690298345,0.03745318352059926,3.745318352059925e-05,3.745318352059925e-05,0.0024734772928407095,0.03745318352059926,3.745318352059925e-05,3.745318352059925e-05,-0.002620312005512111,0.5000000000000001,0.5000000000000001
2013-02-08,0.002801707768599412,0.0027342920382623336,0.06741573033707866,6.741573033707866e-05,-0.002884016919454515,0.005685724688053927,0.14176801031136443,0.9955056179775281,6.74157303370785e-05,0.0027342920382623336,-0.012485515033670349,-0.009143318060982864,-0.008191283800979724,-0.005618709196768212,-0.005842696159979437,0.03745318352059926,3.745318352059925e-05,3.745318352059925e-05,-0.002921470102975114,0.029962546816479405,2.9962546816479404e-05,2.9962546816479404e-05,0.005655762141237447,0.5000000000000001,0.5000000000000001
2013-02-12,-0.0021297509617792267,-0.0021934213737642453,0.06367041198501873,6.367041198501874e-05,-0.0020206877973965244,-0.00010906316438270194,-0.08491333534488495,0.9955056179775281,6.367041198501863e-05,-0.0021934213737642453,-9.644869652259396e-05,0.0008472763793413995,0.0029759405667110893,0.0007313009198867053,-0.0064277138521329266,0.04119850187265918,4.119850187265918e-05,4.119850187265918e-05,-0.0020618862992691834,0.022471910112359553,2.2471910112359552e-05,2.2471910112359552e-05,-0.0001315350744950615,0.5000000000000001,0.5000000000000001
2013-02-13,-0.004347174467082706,-0.004414590197419785,0.06741573033707866,6.741573033707866e-05,-0.0007296184561546862,-0.0036175560109280203,-0.22927671652940543,0.9955056179775281,6.74157303370785e-05,-0.004414590197419785,0.008186257774064586,0.005332820517438945,0.00014393339987652055,0.002521427899217269,-0.0034495693180726923,0.029962546816479405,2.9962546816479404e-05,2.9962546816479404e-05,-0.0007595810029711656,0.03745318352059926,3.745318352059925e-05,3.745318352059925e-05,-0.0036550091944486194,0.5000000000000001,0.5000000000000001
2013-02-14,-0.0030983092499150683,-0.0031694702986042067,0.07116104868913858,7.116104868913858e-05,0.0016025090235225526,-0.0047008182734376205,-0.15485625457740715,0.9955056179775281,7.116104868913837e-05,-0.003169470298604207,0.009839453284863712,0.008526003070898297,0.003937838492560689,0.001361230169710785,0.004126911985712266,0.03745318352059926,3.745318352059925e-05,3.745318352059925e-05,0.0015650558400019533,0.03370786516853933,3.370786516853933e-05,3.370786516853933e-05,-0.00473452613860616,0.5000000000000001,0.5000000000000001
2013-02-15,0.004207706838390793,0.0041627630181660736,0.04494382022471911,4.4943820224719104e-05,0.0009153124119205558,0.003292394426470237,0.22390115312701955,0.9955056179775281,4.494382022471929e-05,0.0041627630181660736,-0.008466477593658844,-0.002821411371503732,-0.001995859326474418,0.004242333938045482,0.0006247702667389262,0.026217228464419477,2.6217228464419478e-05,2.6217228464419478e-05,0.0008890951834561363,0.01872659176029963,1.8726591760299626e-05,1.8726591760299626e-05,0.003273667834709937,0.5000000000000001,0.5000000000000001
2013-02-18,0.003971243516487201,0.003892591831093943,0.07865168539325844,7.865168539325844e-05,0.004583694577425932,-0.00061245106093873,0.21178587962547596,0.9955056179775281,7.86516853932581e-05,0.0038925918310939427,-0.0005510908094381291,0.004776887984508638,0.009051355541500496,0.007664129758399568,0.00991901885307801,0.04494382022471911,4.4943820224719104e-05,4.4943820224719104e-05,0.004538750757201213,0.03370786516853933,3.370786516853933e-05,3.370786516853933e-05,-0.0006461589261072694,0.5000000000000001,0.5000000000000001
2013-02-19,0.0024709406486831615,0.002407270236698143,0.06367041198501873,6.367041198501874e-05,0.00010295246880456471,0.0023679881798785965,0.13798889744979242,0.9955056179775281,6.367041198501863e-05,0.002407270236698143,-0.004425643444825514,-0.005356642189620549,-0.006063579578007064,-0.001563220274687713,0.0010904675437575506,0.029962546816479405,2.9962546816479404e-05,2.9962546816479404e-05,7.29899219880853e-05,0.03370786516853933,3.370786516853933e-05,3.370786516853933e-05,0.0023342803147100573,0.5000000000000001,0.5000000000000001
2013-02-20,-0.0025118501506369638,-0.0025717752442699225,0.05992509363295881,5.992509363295881e-05,0.0010759890808027099,-0.003587839231439674,-0.15170158769946315,0.9955056179775281,5.992509363295876e-05,-0.0025717752442699225,0.008159095272821226,0.00520884484299559,0.002602299108265244,0.0026529898378060733,0.0019014723235050927,0.022471910112359553,2.2471910112359552e-05,2.2471910112359552e-05,0.0010535171706903502,0.03745318352059926,3.745318352059925e-05,3.745318352059925e-05,-0.003625292414960273,0.5000000000000001,0.5000000000000001
2013-02-21,0.00340291999063687,0.003350485533708031,0.052434456928838954,5.2434456928838956e-05,0.005760991371666403,-0.0023580713810295332,0.15987777201427447,0.9955056179775281,5.2434456928839024e-05,0.003350485533708031,0.0022388142475932445,0.009670799790990708,0.010022824998441352,0.012358717347763733,0.011103615441117341,0.01872659176029963,1.8726591760299626e-05,1.8726591760299626e-05,0.005742264779906104,0.03370786516853933,3.370786516853933e-05,3.370786516853933e-05,-0.0023917792461980725,0.5000000000000001,0.5000000000000001
2013-02-22,0.001610543346120939,0.0015618542075441601,0.048689138576779034,4.8689138576779034e-05,-0.005698876814138375,0.007309420160259314,0.08196985377970639,0.9955056179775281,4.868913857677894e-05,0.0015618542075441601,-0.01457906429324398,-0.014698392375067917,-0.013162011259384838,-0.010146464080297839,-0.012023398402266204,0.029962546816479405,2.9962546816479404e-05,2.9962546816479404e-05,-0.005728839360954855,0.01872659176029963,1.8726591760299626e-05,1.8726591760299626e-05,0.007290693568499014,0.5000000000000001,0.5000000000000001
2013-02-25,-0.0010216084388604016,-0.0010702975774371808,0.048689138576779034,4.8689138576779034e-05,0.003527292347271865,-0.004548900786132267,-0.07638876427881872,0.9955056179775281,4.8689138576779156e-05,-0.0010702975774371805,0.007741876010820888,0.01180965269515182,0.009143728716319471,0.006518568636509226,0.007322592723560981,0.029962546816479405,2.9962546816479404e-05,2.9962546816479404e-05,0.0034973298004553855,0.01872659176029963,1.8726591760299626e-05,1.8726591760299626e-05,-0.0045676273778925665,0.5000000000000001,0.5000000000000001
2013-02-26,-0.00487208828059137,-0.004898305509055789,0.026217228464419477,2.6217228464419478e-05,0.0016681127790774215,-0.006540201059668791,-0.25567267215122746,0.9955056179775281,2.6217228464419512e-05,-0.004898305509055789,0.014296069375754178,0.01064906760650439,0.008380127786292157,0.004716514174818957,0.0026460812498227855,0.01872659176029963,1.8726591760299626e-05,1.8726591760299626e-05,0.001649386187317122,0.007490636704119851,7.490636704119851e-06,7.490636704119851e-06,-0.00654769169637291,0.5000000000000001,0.5000000000000001
2013-02-27,0.006452079918048402,0.006395900142767504,0.05617977528089888,5.6179775280898885e-05,0.0011090795092687285,0.005343000408779675,0.33642689910117873,0.9955056179775281,5.617977528089846e-05,0.006395900142767504,-0.01161672107209806,-0.008824560308481923,-0.003779356061180277,0.0002655521929127665,0.003194462431349802,0.04494382022471911,4.4943820224719104e-05,4.4943820224719104e-05,0.0010641356890440095,0.011235955056179777,1.1235955056179776e-05,1.1235955056179776e-05,0.005331764453723495,0.5000000000000001,0.5000000000000001
2013-02-28,0.008508961550208494,0.008445291138223475,0.06367041198501873,6.367041198501874e-05,0.004155046755596679,0.004353914794611815,0.3893118423061326,0.9955056179775281,6.367041198501906e-05,0.008445291138223475,-0.011794381677844473,-0.0025347254119819414,0.002075495831972455,0.009828439739909385,0.007550920396835344,0.026217228464419477,2.6217228464419478e-05,2.6217228464419478e-05,0.004128829527132259,0.03745318352059926,3.745318352059925e-05,3.745318352059925e-05,0.0043164616110912156,0.5000000000000001,0.5000000000000001
2013-03-01,0.010484115869681962,0.010424190776049004,0.05992509363295881,5.992509363295881e-05,0.005051672970970981,0.0054324428987109815,0.4423806409598469,0.9955056179775281,5.992509363295789e-05,0.010424190776049003,-0.012839831258550734,-0.006914994875164417,-0.00328214763604486,0.009515981464792832,0.010397028180516524,0.03745318352059926,3.745318352059925e-05,3.745318352059925e-05,0.005014219787450381,0.022471910112359553,2.2471910112359552e-05,2.2471910112359552e-05,0.005409970988598622,0.5000000000000001,0.5000000000000001
2013-03-04,-0.002771470656294227,-0.0028126691581668866,0.04119850187265918,4.119850187265918e-05,0.00010519711297243829,-0.0028766677692666654,-0.1857918662459892,0.9955056179775281,4.119850187265942e-05,-0.002812669158166886,0.0055705244590373345,0.006118957697525323,0.0013693548378812376,0.0013217688226610904,-0.00034529307241323046,0.01872659176029963,1.8726591760299626e-05,1.8726591760299626e-05,8.647052121213867e-05,0.022471910112359553,2.2471910112359552e-05,2.2471910112359552e-05,-0.002899139679379025,0.5000000000000001,0.5000000000000001
2013-03-05,0.005375987679973511,0.005338534496452912,0.03745318352059926,3.745318352059925e-05,0.002055998329286738,0.003319989350686773,0.26172996382795877,0.9955056179775281,3.745318352059955e-05,0.005338534496452912,-0.007722167070933625,-0.004475601962253387,-0.006313856674730301,0.0023222314207167432,0.005006879277501842,0.011235955056179777,1.1235955056179776e-05,1.1235955056179776e-05,0.0020447623742305583,0.026217228464419477,2.6217228464419478e-05,2.6217228464419478e-05,0.0032937721222223537,0.5000000000000001,0.5000000000000001
2013-03-06,-0.0003565588231037102,-0.00040899328003254925,0.052434456928838954,5.2434456928838956e-05,-0.0012433372616307142,0.000886778438527004,-0.031936188356318486,0.9955056179775281,5.243445692883908e-05,-0.00040899328003254914,-0.0007411126093275521,-0.0038384454125069195,-0.002427391400728418,0.0007067420253467093,-0.004083382797565497,0.026217228464419477,2.6217228464419478e-05,2.6217228464419478e-05,-0.0012695544900951337,0.026217228464419477,2.6217228464419478e-05,2.6217228464419478e-05,0.0008605612100625844,0.5000000000000001,0.5000000000000001
2013-03-07,0.006799333939899871,0.006746899482971032,0.052434456928838954,5.2434456928838956e-05,0.0033830610638250565,0.003416272876074815,0.2744292406355877,0.9955056179775281,5.2434456928839024e-05,0.006746899482971032,-0.00909572115371444,-0.0023061949490200055,-0.00048772455396308556,0.004030355128355484,0.008134005627297426,0.029962546816479405,2.9962546816479404e-05,2.9962546816479404e-05,0.003353098517008577,0.022471910112359553,2.2471910112359552e-05,2.2471910112359552e-05,0.003393800965962455,0.5000000000000001,0.5000000000000001
2013-03-08,0.0026916484537807296,0.0026392139968518906,0.052434456928838954,5.2434456928838956e-05,-0.003437973223628258,0.0061296216774089874,0.1378810963195507,0.9955056179775281,5.2434456928839024e-05,0.0026392139968518906,-0.015654113313553722,-0.005469503437346474,-0.0045159982667499635,-0.008722929787240263,-0.005952454777264639,0.026217228464419477,2.6217228464419478e-05,2.6217228464419478e-05,-0.0034641904520926773,0.026217228464419477,2.6217228464419478e-05,2.6217228464419478e-05,0.006103404448944568,0.5000000000000001,0.5000000000000001
2013-03-11,-0.002926144801838369,-0.002978579258767208,0.052434456928838954,5.2434456928838956e-05,-0.0023766664081721943,-0.000549478393666175,-0.2416745366552829,0.9955056179775281,5.2434456928839024e-05,-0.002978579258767208,0.002938118220471613,-0.0025793660789461765,-0.0033510541507422694,-0.0048673621500366394,-0.004696318149498262,0.029962546816479405,2.9962546816479404e-05,2.9962546816479404e-05,-0.0024066289549886737,0.022471910112359553,2.2471910112359552e-05,2.2471910112359552e-05,-0.0005719503037785346,0.5000000000000001,0.5000000000000001
2013-03-12,0.0017014300714263022,0.0016564862512015832,0.04494382022471911,4.4943820224719104e-05,0.0028993614005840365,-0.0011979313291577342,0.08271590385519478,0.9955056179775281,4.494382022471907e-05,0.0016564862512015832,0.002075735734844534,0.003036116505257336,0.001541337533448868,0.0031336373520863526,0.007131265525708932,0.022471910112359553,2.2471910112359552e-05,2.2471910112359552e-05,0.002876889490471677,0.022471910112359553,2.2471910112359552e-05,2.2471910112359552e-05,-0.0012204032392700939,0.5000000000000001,0.5000000000000001
2013-03-13,0.007436297390149704,0.007402589524981165,0.03370786516853933,3.370786516853933e-05,0.003937457458997874,0.0034988399311518302,0.37918350512959464,0.9955056179775281,3.370786516853925e-05,0.007402589524981165,-0.00917151864464,-0.0026500022976309805,0.0018304311285798386,0.006525757740070834,0.008549493506958203,0.014981273408239702,1.4981273408239702e-05,1.4981273408239702e-05,0.003922476185589634,0.01872659176029963,1.8726591760299626e-05,1.8726591760299626e-05,0.0034801133393915305,0.5000000000000001,0.5000000000000001
2013-03-14,0.0024842735127347283,0.0024355843741579496,0.048689138576779034,4.8689138576779034e-05,0.0006167316305529457,0.0018675418821817826,0.12801294496952445,0.9955056179775281,4.868913857677872e-05,0.002435584374157949,-0.005250669196949347,-0.0007039128991920018,0.002139896866627467,0.0003157382818655229,0.0016923257507260754,0.029962546816479405,2.9962546816479404e-05,2.9962546816479404e-05,0.0005867690837364663,0.01872659176029963,1.8726591760299626e-05,1.8726591760299626e-05,0.001848815290421483,0.5000000000000001,0.5000000000000001
2013-03-15,-0.0009884394865347394,-0.0010184020333512188,0.029962546816479405,2.9962546816479404e-05,0.0036729597076402385,-0.004661399194174977,-0.04847958997474334,0.9955056179775281,2.996254681647938e-05,-0.0010184020333512188,0.009807817098397674,0.008352760968254516,0.007652898140534035,0.007230956748699811,0.007403400748570809,0.014981273408239702,1.4981273408239702e-05,1.4981273408239702e-05,0.0036579784342319985,0.014981273408239702,1.4981273408239702e-05,1.4981273408239702e-05,-0.004676380467583217,0.5000000000000001,0.5000000000000001
2013-03-18,0.001524003891148435,0.0014940413443319553,0.029962546816479405,2.9962546816479404e-05,0.0004885075940026096,0.0010354962971458252,0.11144069516131659,0.9955056179775281,2.9962546816479597e-05,0.0014940413443319555,-0.0022876198456634263,-0.0016377380915480978,0.0032277702160371856,0.003705323938063935,-0.00038713918702413895,0.022471910112359553,2.2471910112359552e-05,2.2471910112359552e-05,0.00046603568389025005,0.007490636704119851,7.490636704119851e-06,7.490636704119851e-06,0.0010280056604417053,0.5000000000000001,0.5000000000000001
2013-03-19,0.003126986950176483,0.0031007697217120636,0.026217228464419477,2.6217228464419478e-05,0.0013458679041676235,0.0017811190460088591,0.1708777662170306,0.9955056179775281,2.6217228464419512e-05,0.0031007697217120636,-0.0037990877938681765,-0.0030885386883168003,-0.0022253114068784123,0.000627458994835673,0.003723874215085034,0.011235955056179777,1.1235955056179776e-05,1.1235955056179776e-05,0.0013346319491114437,0.014981273408239702,1.4981273408239702e-05,1.4981273408239702e-05,0.0017661377726006194,0.5000000000000001,0.5000000000000001
2013-03-21,-0.003273661254383651,-0.00331860507460837,0.04494382022471911,4.4943820224719104e-05,0.001268612409075081,-0.004542273663458732,-0.2196958048106634,0.9955056179775281,4.4943820224718854e-05,-0.0033186050746083703,0.01074402757031048,0.005765586840131432,0.0038596800206652966,0.0015321974930999408,0.003039738480675272,0.01872659176029963,1.8726591760299626e-05,1.8726591760299626e-05,0.0012498858173147815,0.026217228464419477,2.6217228464419478e-05,2.6217228464419478e-05,-0.004568490891923151,0.5000000000000001,0.5000000000000001
2013-03-22,0.002752222770670498,0.002703533632093719,0.048689138576779034,4.8689138576779034e-05,-0.0010467414112117813,0.0037989641818822794,0.13406195486928457,0.9955056179775281,4.868913857677872e-05,0.0027035336320937187,-0.007176519307333671,-0.008440746476626331,-0.005928138051178532,-0.005341227983273819,-0.000469610241998434,0.022471910112359553,2.2471910112359552e-05,2.2471910112359552e-05,-0.001069213321324141,0.026217228464419477,2.6217228464419478e-05,2.6217228464419478e-05,0.00377274695341786,0.5000000000000001,0.5000000000000001
2013-03-25,0.004487265930798991,0.004438576792222212,0.048689138576779034,4.8689138576779034e-05,-4.811054023541707e-05,0.0045353764710344075,0.22336904895662033,0.9955056179775281,4.868913857677872e-05,0.004438576792222212,-0.009560330581335508,-0.008091597663535424,-0.00404885538174542,0.0011325020527989437,-0.0007105826471057228,0.026217228464419477,2.6217228464419478e-05,2.6217228464419478e-05,-7.432776869983654e-05,0.022471910112359553,2.2471910112359552e-05,2.2471910112359552e-05,0.004512904560922048,0.5000000000000001,0.5000000000000001
2013-03-26,0.003467729539350825,0.003426531037478166,0.04119850187265918,4.119850187265918e-05,0.0012844946045100568,0.002183234934840768,0.17150925171108414,0.9955056179775281,4.1198501872658985e-05,0.003426531037478166,-0.0034012152655620857,-0.006296979077920436,0.0015722313903794754,0.0015335132519273896,0.003086727187566475,0.011235955056179777,1.1235955056179776e-05,1.1235955056179776e-05,0.001273258649453877,0.029962546816479405,2.9962546816479404e-05,2.9962546816479404e-05,0.002153272388024289,0.5000000000000001,0.5000000000000001
2013-03-27,3.1025126488402355e-05,-1.3918693736316763e-05,0.04494382022471911,4.4943820224719104e-05,0.0013616904245594664,-0.001330665298071064,0.01544620419935783,0.9955056179775281,4.494382022471912e-05,-1.391869373631675e-05,0.004009386099379623,-3.478041033286171e-05,0.0023368922575197934,0.004034756507985916,0.0020676930196854406,0.01872659176029963,1.8726591760299626e-05,1.8726591760299626e-05,0.0013429638327991668,0.026217228464419477,2.6217228464419478e-05,2.6217228464419478e-05,-0.0013568825265354834,0.5000000000000001,0.5000000000000001
2013-03-28,-0.0035298327388187424,-0.0035747765590434617,0.04494382022471911,4.4943820224719104e-05,-0.0008243772117521666,-0.002705455527066576,-0.17064698069876666,0.9955056179775281,4.494382022471929e-05,-0.0035747765590434617,0.0064206921649161315,0.0033913488325671886,-0.001016741727223176,-0.002039427199238238,-0.001453418035637381,0.026217228464419477,2.6217228464419478e-05,2.6217228464419478e-05,-0.0008505944402165861,0.01872659176029963,1.8726591760299626e-05,1.8726591760299626e-05,-0.0027241821188268758,0.5000000000000001,0.5000000000000001
2013-03-29,-0.020758821130572817,-0.020796274314093418,0.03745318352059926,3.745318352059925e-05,-0.011156577710541406,-0.00960224342003141,-0.6819531245902246,0.9955056179775281,3.7453183520601285e-05,-0.020796274314093414,0.024625859902265002,0.008361740715658457,-0.00529775267362993,-0.014368195743274357,-0.026285635259987034,0.022471910112359553,2.2471910112359552e-05,2.2471910112359552e-05,-0.011179049620653766,0.014981273408239702,1.4981273408239702e-05,1.4981273408239702e-05,-0.00961722469343965,0.5000000000000001,0.5000000000000001
2013-04-01,0.0142798433965953,0.01424613553142676,0.03370786516853933,3.370786516853933e-05,0.007316899853678684,0.006962943542916616,0.47269056437825524,0.9955056179775281,3.3707865168540116e-05,0.01424613553142676,-0.017918291504128582,-0.005941078249242525,0.0036292691480697688,0.0034257665026096755,0.02023781630973121,0.014981273408239702,1.4981273408239702e-05,1.4981273408239702e-05,0.007301918580270445,0.01872659176029963,1.8726591760299626e-05,1.8726591760299626e-05,0.0069442169511563165,0.5000000000000001,0.5000000000000001
2013-04-02,0.012479902016983532,0.012438703515110871,0.04119850187265918,4.119850187265918e-05,0.0023688471672677356,0.010111054849715796,0.413134925882237,0.9955056179775281,4.119850187266072e-05,0.012438703515110873,-0.025369385464399166,-0.00992755816949643,-0.005521472737374605,0.0023895223227471496,0.00591178034042963,0.026217228464419477,2.6217228464419478e-05,2.6217228464419478e-05,0.002342629938803316,0.014981273408239702,1.4981273408239702e-05,1.4981273408239702e-05,0.010096073576307556,0.5000000000000001,0.5000000000000001
2013-04-03,0.01229446306569353,0.01225489369332827,0.03956937236526098,3.956937236526098e-05,0.003926687303698173,0.008367775761995358,0.4501552971211715,0.9932735426008968,3.9569372365261604e-05,0.01225489369332827,-0.021965939138653825,-0.005893983627665467,0.004193651661623341,0.007691434164767127,0.007960816877949372,0.023517408172519808,2.351740817251981e-05,2.351740817251981e-05,0.0039031698955256534,0.01605196419274117,1.6051964192741168e-05,1.6051964192741168e-05,0.008351723797802618,0.4988789237668162,0.5026158445440957
2013-04-04,0.009886572185317412,0.009849202977544616,0.03736920777279522,3.736920777279522e-05,0.0050595682269489566,0.004827003958368456,0.2970959120872811,0.9932735426008968,3.7369207772796134e-05,0.009849202977544618,-0.012951700098957094,-0.0028326573113092125,-0.0014061549118057958,0.010074254874326354,0.010175686692404696,0.01868460388639761,1.868460388639761e-05,1.868460388639761e-05,0.005040883623062559,0.01868460388639761,1.868460388639761e-05,1.868460388639761e-05,0.004808319354482058,0.4988789237668162,0.5026158445440957
2013-04-05,0.002262295148607609,0.0022174520992802546,0.044843049327354265,4.4843049327354265e-05,0.0009867314356969156,0.0012755637129106931,0.08255965432967159,0.9932735426008968,4.484304932735441e-05,0.0022174520992802546,-0.0009100742417165026,-0.005829981299335196,-0.006316162208930556,0.0005349803922483847,0.002699356233004961,0.029895366218236175,2.9895366218236178e-05,2.9895366218236178e-05,0.0009568360694786795,0.014947683109118088,1.4947683109118089e-05,1.4947683109118089e-05,0.001260616029801575,0.4988789237668162,0.5026158445440957
2013-04-08,-0.00915524108425697,-0.009196347212807045,0.04110612855007474,4.110612855007474e-05,-0.004253050189576269,-0.004902190894680701,-0.35832999071612803,0.9932735426008968,4.110612855007592e-05,-0.009196347212807043,0.01132578742827919,0.006573155390369173,-0.0015011783831802663,-0.01003140987740161,-0.007772117878497056,0.029895366218236175,2.9895366218236178e-05,2.9895366218236178e-05,-0.004282945555794506,0.011210762331838566,1.1210762331838566e-05,1.1210762331838566e-05,-0.004913401657012539,0.4988789237668162,0.5026158445440957
2013-04-09,-0.009731308885725551,-0.009783625776607465,0.052316890881913304,5.231689088191331e-05,-0.00414250936468241,-0.005588799521043142,-0.3371449291645813,0.9932735426008968,5.231689088191355e-05,-0.009783625776607465,0.013769961033150804,0.005758792333653307,-0.005498315267590656,-0.006766853581125018,-0.009072028332909545,0.029895366218236175,2.9895366218236178e-05,2.9895366218236178e-05,-0.004172404730900647,0.022421524663677132,2.2421524663677132e-05,2.2421524663677132e-05,-0.005611221045706819,0.4988789237668162,0.5026158445440957
2013-04-10,-0.003125963368371808,-0.0031670694969218828,0.04110612855007474,4.110612855007474e-05,-0.006339111798301864,0.0032131484299300567,-0.10549258491098884,0.9932735426008968,4.110612855007462e-05,-0.0031670694969218828,-0.005649377631202305,-0.00789650636047361,-0.007144590593193164,-0.010242198319107084,-0.013938971820509143,0.01868460388639761,1.868460388639761e-05,1.868460388639761e-05,-0.006357796402188262,0.022421524663677132,2.2421524663677132e-05,2.2421524663677132e-05,0.0031907269052663797,0.4988789237668162,0.5026158445440957
2013-04-11,-0.002351645629963206,-0.0023852779169587215,0.033632286995515695,3.36322869955157e-05,-0.002284266155917466,-6.737947404573995e-05,0.04593763656305151,0.9932735426008968,3.363228699551548e-05,-0.0023852779169587215,0.0028137348066643985,-0.005285514277419233,-0.006172862491181713,-0.005815920192676637,-0.003960237918532624,0.014947683109118088,1.4947683109118089e-05,1.4947683109118089e-05,-0.0022992138390265844,0.01868460388639761,1.868460388639761e-05,1.868460388639761e-05,-8.606407793213756e-05,0.4988789237668162,0.5026158445440957
2013-04-12,0.0017960919603998312,0.0017587227526270359,0.03736920777279522,3.736920777279522e-05,0.0021018110520086715,-0.0003057190916088405,0.18842754176707172,0.9932735426008968,3.736920777279527e-05,0.0017587227526270359,0.00197887280102282,-0.0021637780489332163,0.000986912761865267,0.002632958966303596,0.005003123185584387,0.014947683109118088,1.4947683109118089e-05,1.4947683109118089e-05,0.0020868633688995533,0.022421524663677132,2.2421524663677132e-05,2.2421524663677132e-05,-0.00032814061627251765,0.4988789237668162,0.5026158445440957
2013-04-15,0.002834949609442016,0.0027863696393373824,0.04857997010463379,4.857997010463379e-05,0.006290348005988786,-0.0034553983965467695,0.15622730275498833,0.9932735426008968,4.857997010463376e-05,0.0027863696393373824,0.006315886124450559,0.008005277746412702,0.01088585364294831,0.010912476681948124,0.013457212517482107,0.029895366218236175,2.9895366218236178e-05,2.9895366218236178e-05,0.00626045263977055,0.01868460388639761,1.868460388639761e-05,1.868460388639761e-05,-0.003474083000433167,0.4988789237668162,0.5026158445440957
2013-04-16,0.005398681596346671,0.005342627784687478,0.05605381165919283,5.605381165919283e-05,0.002491096890596852,0.0029075847057498188,0.24581018001546484,0.9932735426008968,5.6053811659192466e-05,0.005342627784687478,-0.004229732731230064,-0.008930195987594284,-0.0007461132446510808,0.0013280902510644415,0.006826039457880336,0.01868460388639761,1.868460388639761e-05,1.868460388639761e-05,0.002472412286710454,0.03736920777279522,3.736920777279522e-05,3.736920777279522e-05,0.0028702154979770235,0.4988789237668162,0.5026158445440957
2013-04-17,-0.0008614573658672649,-0.0009175111775264577,0.05605381165919283,5.605381165919283e-05,0.0003850645066845541,-0.001246521872551819,-0.03943671769989656,0.9932735426008968,5.605381165919279e-05,-0.0009175111775264577,0.0018065313535271961,0.003842279354548743,0.0017227591282771128,0.003476167865401333,-0.0005802944721525013,0.022421524663677132,2.2421524663677132e-05,2.2421524663677132e-05,0.00036264298202087693,0.033632286995515695,3.36322869955157e-05,3.36322869955157e-05,-0.0012801541595473347,0.4988789237668162,0.5026158445440957
2013-04-18,-0.0028839719969123794,-0.002928815046239734,0.044843049327354265,4.4843049327354265e-05,0.002196744157223531,-0.0050807161541359105,-0.21363644268968926,0.9932735426008968,4.484304932735441e-05,-0.002928815046239734,0.010111227906688898,0.010103126544826264,0.005705697920438204,0.007655792661552757,0.002777145652066507,0.026158445440956652,2.6158445440956655e-05,2.6158445440956655e-05,0.0021705857117825743,0.01868460388639761,1.868460388639761e-05,1.868460388639761e-05,-0.005099400758022308,0.4988789237668162,0.5026158445440957
2013-04-19,0.0016018514918590958,0.0015495346009771827,0.052316890881913304,5.231689088191331e-05,0.0006825390926521146,0.0009193123992069812,0.0917266152294701,0.9932735426008968,5.231689088191311e-05,0.0015495346009771825,-0.002770879134643837,7.575559753162196e-05,-0.0022580774599784584,-0.0037175806509393188,0.003911008990567478,0.026158445440956652,2.6158445440956655e-05,2.6158445440956655e-05,0.000656380647211158,0.026158445440956652,2.6158445440956655e-05,2.6158445440956655e-05,0.0008931539537660245,0.4988789237668162,0.5026158445440957
2013-04-22,-0.00347142716545175,-0.003501322531669986,0.029895366218236175,2.9895366218236178e-05,0.0035644524001059476,-0.007035879565557697,-0.1571686647373807,0.9932735426008968,2.9895366218236127e-05,-0.003501322531669986,0.016091336169302323,0.00976586778665237,0.010736371093460758,0.008468591181473894,0.006483091625761384,0.01868460388639761,1.868460388639761e-05,1.868460388639761e-05,0.00354576779621955,0.011210762331838566,1.1210762331838566e-05,1.1210762331838566e-05,-0.007047090327889536,0.4988789237668162,0.5026158445440957
2013-04-23,-0.005187232941710582,-0.005232075991037936,0.044843049327354265,4.4843049327354265e-05,-0.002260934856647509,-0.002926298085063073,-0.1927382066805782,0.9932735426008968,4.484304932735397e-05,-0.005232075991037936,0.004803991396326065,0.007881306559405223,-0.0003475867314840941,-0.003256242593238876,-0.005169925530783633,0.026158445440956652,2.6158445440956655e-05,2.6158445440956655e-05,-0.002287093302088466,0.01868460388639761,1.868460388639761e-05,1.868460388639761e-05,-0.0029449826889494705,0.4988789237668162,0.5026158445440957
2013-04-24,-0.001856097822291123,-0.0019046777923957569,0.04857997010463379,4.857997010463379e-05,-0.002085640665079518,0.00022954284278839485,-0.11512084078808285,0.9932735426008968,4.857997010463398e-05,-0.0019046777923957567,-0.0013891503944547295,0.0014291656352977795,-0.0014428814851100528,-0.004679244962634552,-0.0039313600127869825,0.026158445440956652,2.6158445440956655e-05,2.6158445440956655e-05,-0.002111799110520475,0.022421524663677132,2.2421524663677132e-05,2.2421524663677132e-05,0.00020712131812471773,0.4988789237668162,0.5026158445440957
2013-04-25,-0.0016064333549565086,-0.001658750245838422,0.052316890881913304,5.231689088191331e-05,-0.0011711514110345784,-0.0004352819439219301,-0.04969024773831572,0.9932735426008968,5.231689088191333e-05,-0.001658750245838422,-0.0002287474195651325,0.0030801958641431555,-0.0017485171952291627,0.0015073133849087383,-0.004275006328329124,0.033632286995515695,3.36322869955157e-05,3.36322869955157e-05,-0.001204783698030094,0.01868460388639761,1.868460388639761e-05,1.868460388639761e-05,-0.0004539665478083277,0.4988789237668162,0.5026158445440957
2013-04-26,0.007384588540227056,0.007324797807790584,0.05979073243647235,5.9790732436472355e-05,0.005278942219814495,0.0021056463204125607,0.2550228287182211,0.9932735426008968,5.979073243647225e-05,0.007324797807790584,-0.0037235121150454415,-0.005131569999737337,-0.0015268119503131943,0.00412565854926858,0.013809585759324798,0.029895366218236175,2.9895366218236178e-05,2.9895366218236178e-05,0.005249046853596258,0.029895366218236175,2.9895366218236178e-05,2.9895366218236178e-05,0.0020757509541943246,0.4988789237668162,0.5026158445440957
2013-04-30,0.002131637563108377,0.002083057593003743,0.04857997010463379,4.857997010463379e-05,0.0008401087517675738,0.001291528811340803,0.09581463837206766,0.9932735426008968,4.857997010463376e-05,0.002083057593003743,-0.003361641285521916,-0.0009677616678163255,-0.00013615071299383948,0.002147151503739179,0.0014524141579394297,0.022421524663677132,2.2421524663677132e-05,2.2421524663677132e-05,0.0008176872271038967,0.026158445440956652,2.6158445440956655e-05,2.6158445440956655e-05,0.0012653703658998465,0.4988789237668162,0.5026158445440957
2013-05-01,-0.0004723539279617752,-0.0005134600565118498,0.04110612855007474,4.110612855007474e-05,0.005065574420812082,-0.005537928348773857,-0.05006223755393852,0.9932735426008968,4.1106128550074566e-05,-0.00051346005651185,0.01214084162019381,0.008747727647515528,0.008877063190944124,0.007491988677648138,0.01148487886352776,0.011210762331838566,1.1210762331838566e-05,1.1210762331838566e-05,0.0050543636584802435,0.029895366218236175,2.9895366218236178e-05,2.9895366218236178e-05,-0.005567823714992094,0.4988789237668162,0.5026158445440957
2013-05-02,0.0009003557525618985,0.0008405650201254263,0.05979073243647235,5.9790732436472355e-05,0.00020229694245839272,0.0006980588101035058,0.07788859408830197,0.9932735426008968,5.9790732436472145e-05,0.0008405650201254261,-0.0017615205546379351,-0.0006351390486805394,-0.005665010890525934,-0.00037047063350210263,0.0007934899437383082,0.033632286995515695,3.36322869955157e-05,3.36322869955157e-05,0.00016866465546287702,0.026158445440956652,2.6158445440956655e-05,2.6158445440956655e-05,0.0006719003646625491,0.4988789237668162,0.5026158445440957
2013-05-07,-0.006268889715809876,-0.00631373276513723,0.044843049327354265,4.4843049327354265e-05,-0.001396415627576957,-0.004872474088232919,-0.243465746984536,0.9932735426008968,4.484304932735397e-05,-0.00631373276513723,0.011961007448148308,0.005109739228714191,0.0021553379991415688,0.00023002226731706773,-0.0043136720543281255,0.022421524663677132,2.2421524663677132e-05,2.2421524663677132e-05,-0.0014188371522406342,0.022421524663677132,2.2421524663677132e-05,2.2421524663677132e-05,-0.004894895612896596,0.4988789237668162,0.5026158445440957
2013-05-08,-0.009094269688205592,-0.009146586579087505,0.052316890881913304,5.231689088191331e-05,-0.002796122954550278,-0.006298146733655315,-0.2846855312663306,0.9932735426008968,5.231689088191355e-05,-0.009146586579087505,0.015930369948646824,0.005655073495459504,0.007814242907564876,0.0010027173658167135,-0.008908577813668519,0.01868460388639761,1.868460388639761e-05,1.868460388639761e-05,-0.0028148075584366757,0.033632286995515695,3.36322869955157e-05,3.36322869955157e-05,-0.00633177902065083,0.4988789237668162,0.5026158445440957
2013-05-09,-0.006982044720380075,-0.00701941392815287,0.03736920777279522,3.736920777279522e-05,-0.006676089562566,-0.0003059551578140746,-0.17367300397442476,0.9932735426008968,3.736920777279527e-05,-0.00701941392815287,0.0036225456574813914,-0.005486640650388289,-0.0034575460129057764,-0.006690889941983018,-0.016727831062072106,0.01868460388639761,1.868460388639761e-05,1.868460388639761e-05,-0.0066947741664523976,0.01868460388639761,1.868460388639761e-05,1.868460388639761e-05,-0.0003246397617004722,0.4988789237668162,0.5026158445440957
2013-05-10,-0.005340828184277453,-0.005396881995936647,0.05605381165919283,5.605381165919283e-05,-0.00663581706791072,0.001294988883633267,-0.11124690158019065,0.9932735426008968,5.6053811659193334e-05,-0.005396881995936646,-0.0009712718995756141,-0.005823023692100157,-0.008713266609390669,-0.014539626804956286,-0.012682373646655663,0.026158445440956652,2.6158445440956655e-05,2.6158445440956655e-05,-0.006661975513351677,0.029895366218236175,2.9895366218236178e-05,2.9895366218236178e-05,0.0012650935174150309,0.4988789237668162,0.5026158445440957
2013-05-13,-0.0005142728741438271,-0.0005890112896894173,0.07473841554559044,7.473841554559044e-05,0.00519658375103828,-0.005710856625182106,-0.004483616022588271,0.9932735426008968,7.473841554559021e-05,-0.0005890112896894175,0.011566551905446953,0.010949113739516982,0.006016881657978019,0.003206792815326289,0.014021387994335098,0.03736920777279522,3.736920777279522e-05,3.736920777279522e-05,0.005159214543265484,0.03736920777279522,3.736920777279522e-05,3.736920777279522e-05,-0.005748225832954901,0.4988789237668162,0.5026158445440957
2013-05-14,-0.005322805048682152,-0.0053751219395640655,0.052316890881913304,5.231689088191331e-05,-0.006642553835359243,0.0013197487866770915,-0.1171632650187955,0.9932735426008968,5.231689088191355e-05,-0.0053751219395640655,-0.003137100513760396,-0.0015915894174461573,-0.008675953377145973,-0.006647595260115264,-0.016648645137831507,0.022421524663677132,2.2421524663677132e-05,2.2421524663677132e-05,-0.00666497536002292,0.029895366218236175,2.9895366218236178e-05,2.9895366218236178e-05,0.0012898534204588553,0.4988789237668162,0.5026158445440957
2013-05-15,-0.0011516778858973056,-0.0012338901429974553,0.08221225710014948,8.221225710014948e-05,-0.0021123307320403623,0.0009606528461430565,-0.0773244292051201,0.9955156950672646,8.221225710014967e-05,-0.001233890142997455,-0.002396763672258322,-0.0009294824971827615,-0.005823260253155455,-0.005741583286473843,-0.0034804409847855613,0.03736920777279522,3.736920777279522e-05,3.736920777279522e-05,-0.0021496999398131576,0.044843049327354265,4.4843049327354265e-05,4.4843049327354265e-05,0.0009158097968157022,0.4988789237668162,0.5026158445440957
2013-05-16,-0.0002641848295938094,-0.00034639708669395884,0.08221225710014948,8.221225710014948e-05,0.0083853690306668,-0.00864955386026061,-0.03750509837201698,0.9955156950672646,8.221225710014946e-05,-0.0003463970866939589,0.01665427834605763,0.018331136221585456,0.008880707428872696,0.009755416310791597,0.020334929514339437,0.044843049327354265,4.4843049327354265e-05,4.4843049327354265e-05,0.008340525981339447,0.03736920777279522,3.736920777279522e-05,3.736920777279522e-05,-0.008686923068033404,0.4988789237668162,0.5026158445440957
2013-05-17,-0.007029819402083776,-0.007104557817629365,0.07473841554559044,7.473841554559044e-05,-0.005360940826319876,-0.0016688785757638996,-0.30433363335181884,0.9955156950672646,7.473841554558967e-05,-0.007104557817629366,0.006654433974117363,-0.0034226326021605203,-0.013169675754641584,-0.011346257307613569,-0.010445834999262863,0.033632286995515695,3.36322869955157e-05,3.36322869955157e-05,-0.0053945731133153915,0.04110612855007474,4.110612855007474e-05,4.110612855007474e-05,-0.0017099847043139744,0.4988789237668162,0.5026158445440957
2013-05-20,-0.01879302127196938,-0.018856548925183136,0.06352765321375187,6.352765321375188e-05,-0.005994535120825381,-0.012798486151144001,-0.5057974402230876,0.9955156950672646,6.352765321375464e-05,-0.018856548925183132,0.03198213396648501,0.01228051319241535,0.0004294685553334541,0.0008606904112419007,-0.018454363164417262,0.033632286995515695,3.36322869955157e-05,3.36322869955157e-05,-0.006028167407820896,0.029895366218236175,2.9895366218236178e-05,2.9895366218236178e-05,-0.012828381517362238,0.4988789237668162,0.5026158445440957
2013-05-21,-0.0019043908751633124,-0.0019828662114861825,0.07847533632286996,7.847533632286997e-05,-0.0031108217836680416,0.001206430908504729,-0.12807933101133193,0.9955156950672646,7.84753363228701e-05,-0.0019828662114861825,-0.0030571160269499335,-0.0010719206447274484,-0.0026461383606187303,-0.004745540193504328,-0.006980667086501408,0.033632286995515695,3.36322869955157e-05,3.36322869955157e-05,-0.003144454070663557,0.044843049327354265,4.4843049327354265e-05,4.4843049327354265e-05,0.0011615878591773748,0.4988789237668162,0.5026158445440957
2013-05-22,-0.010181012141292113,-0.010252013636060424,0.07100149476831091,7.100149476831092e-05,-0.004091680645411517,-0.006089331495880596,-0.4226694698858445,0.9955156950672646,7.100149476831075e-05,-0.010252013636060424,0.01595347279664998,0.004352641721329199,0.0005268601777095236,-0.0021744535324023807,-0.011215399533935012,0.033632286995515695,3.36322869955157e-05,3.36322869955157e-05,-0.0041253129324070326,0.03736920777279522,3.736920777279522e-05,3.736920777279522e-05,-0.006126700703653391,0.4988789237668162,0.5026158445440957
2013-05-23,0.004128064336862682,0.004030904396653414,0.09715994020926758,9.715994020926757e-05,-0.0016504158630895802,0.005778480199952261,0.13493359948834624,0.9955156950672646,9.715994020926752e-05,0.004030904396653414,-0.011591936886869917,-0.011304426554807472,-0.0019095637453750362,-0.005129384172056871,-0.002397681902317313,0.033632286995515695,3.36322869955157e-05,3.36322869955157e-05,-0.0016840481500850959,0.06352765321375187,6.352765321375188e-05,6.352765321375188e-05,0.005714952546738509,0.4988789237668162,0.5026158445440957
2013-05-24,0.0036315871333633645,0.0035717964009268923,0.05979073243647235,5.9790732436472355e-05,0.004557950032725219,-0.0009263628993618549,0.11067579519390218,0.9977578475336323,5.979073243647225e-05,0.0035717964009268923,0.00010555725667601724,0.005357181095918894,0.0012410802357668408,0.003128190414310938,0.012140482644049797,0.029895366218236175,2.9895366218236178e-05,2.9895366218236178e-05,0.0045280546665069825,0.029895366218236175,2.9895366218236178e-05,2.9895366218236178e-05,-0.000956258265580091,0.4988789237668162,0.5026158445440957
2013-05-27,0.00041860702766725953,0.0003326578497898305,0.085949177877429,8.594917787742901e-05,0.002717586405024132,-0.0022989793773568724,0.015309006307339206,0.9977578475336323,8.594917787742903e-05,0.0003326578497898305,0.005276436708692708,0.0031534287100754015,0.00818506521888753,0.005530278466596777,0.0054059407889988885,0.03736920777279522,3.736920777279522e-05,3.736920777279522e-05,0.0026802171972513367,0.04857997010463379,4.857997010463379e-05,4.857997010463379e-05,-0.002347559347461506,0.4988789237668162,0.5026158445440957
2013-05-28,0.0033825721487005635,0.003307833733154973,0.07473841554559044,7.473841554559044e-05,-0.003421296935379057,0.006803869084079621,0.1305361056179812,0.9977578475336323,7.473841554559053e-05,0.003307833733154973,-0.012767719687129333,-0.0150925976417543,-0.012500002844074593,-0.006525881975385007,-0.0070240147416045255,0.04110612855007474,4.110612855007474e-05,4.110612855007474e-05,-0.0034624030639291317,0.033632286995515695,3.36322869955157e-05,3.36322869955157e-05,0.006770236797084105,0.4988789237668162,0.5026158445440957
2013-05-29,-0.0011123812845848934,-0.0011721720170213656,0.05979073243647235,5.9790732436472355e-05,0.006107332276336179,-0.007219713560921073,-0.07033550139429823,0.9977578475336323,5.979073243647225e-05,-0.0011721720170213656,0.015002447921044739,0.013073596314796683,0.011416620619286007,0.012814940127116451,0.011955699792032351,0.033632286995515695,3.36322869955157e-05,3.36322869955157e-05,0.006073699989340663,0.026158445440956652,2.6158445440956655e-05,2.6158445440956655e-05,-0.007245872006362029,0.4988789237668162,0.5026158445440957
2013-05-30,-0.002493352920657493,-0.0025494067323166857,0.05605381165919283,5.605381165919283e-05,-0.009039160383702284,0.006545807463044792,-0.09700860559661843,0.9977578475336323,5.60538116591929e-05,-0.0025494067323166857,-0.011951785942293538,-0.015190951512457699,-0.012242315241526287,-0.014413020782553253,-0.019971908919720352,0.033632286995515695,3.36322869955157e-05,3.36322869955157e-05,-0.0090727926706978,0.022421524663677132,2.2421524663677132e-05,2.2421524663677132e-05,0.006523385938381115,0.4988789237668162,0.5026158445440957
2013-05-31,-0.0012030771128443516,-0.0012479201621717058,0.044843049327354265,4.4843049327354265e-05,0.0047044763622132784,-0.00590755347505763,-0.07078781294428779,0.9977578475336323,4.484304932735419e-05,-0.0012479201621717058,0.012008006894674454,0.011239116615836417,0.010830342772059985,0.006918593179442861,0.010685848067899616,0.01868460388639761,1.868460388639761e-05,1.868460388639761e-05,0.004685791758326881,0.026158445440956652,2.6158445440956655e-05,2.6158445440956655e-05,-0.005933711920498587,0.4988789237668162,0.5026158445440957
2013-06-03,0.004321913242517728,0.004254648668526697,0.06726457399103139,6.72645739910314e-05,-0.00043718753483482336,0.004759100777352552,0.14153749635854487,0.9977578475336323,6.726457399103096e-05,0.004254648668526697,-0.010666999964814723,-0.007045064521038602,-0.004305954743542202,-0.0021265489091750875,-0.0002512354816124415,0.029895366218236175,2.9895366218236178e-05,2.9895366218236178e-05,-0.00046708290105305954,0.03736920777279522,3.736920777279522e-05,3.736920777279522e-05,0.0047217315695797565,0.4988789237668162,0.5026158445440957
2013-06-04,-0.008319315968259041,-0.008405265146136471,0.085949177877429,8.594917787742901e-05,-0.00606228105954395,-0.0022570349087150925,-0.26594598223524785,0.9977578475336323,8.59491778774299e-05,-0.00840526514613647,0.005320289111878511,0.0028125061011930936,-0.0036444127987272433,-0.004268217430117351,-0.016093603774086952,0.04110612855007474,4.110612855007474e-05,4.110612855007474e-05,-0.006103387188094025,0.044843049327354265,4.4843049327354265e-05,4.4843049327354265e-05,-0.002301877958042447,0.4988789237668162,0.5026158445440957
2013-06-05,-0.007235546154306067,-0.007317758411406216,0.08221225710014948,8.221225710014948e-05,-0.008081357578594345,0.0008458114242882781,-0.2502253812689162,0.9977578475336323,8.221225710014924e-05,-0.007317758411406216,-7.26124518681919e-05,-0.004939416100481032,-0.0045831555348729925,-0.00971769195867106,-0.019439707818775107,0.033632286995515695,3.36322869955157e-05,3.36322869955157e-05,-0.008114989865589861,0.04857997010463379,4.857997010463379e-05,4.857997010463379e-05,0.0007972314541836444,0.4988789237668162,0.5026158445440957
2013-06-06,0.009024880798136636,0.008953879303368325,0.07100149476831091,7.100149476831092e-05,0.014987907829372637,-0.005963027031236002,0.33235414203638064,0.9977578475336323,7.100149476831075e-05,0.008953879303368325,0.01066344162171995,0.014292051406830524,0.01655626365091992,0.024873739432309413,0.0326278958472174,0.04110612855007474,4.110612855007474e-05,4.110612855007474e-05,0.014946801700822562,0.029895366218236175,2.9895366218236178e-05,2.9895366218236178e-05,-0.005992922397454238,0.4988789237668162,0.5026158445440957
2013-06-07,0.006333503580239856,0.006296134372467062,0.03736920777279522,3.736920777279522e-05,-0.0011434297907109516,0.007476933370950808,0.2291050941426609,0.9977578475336323,3.73692077727944e-05,0.006296134372467061,-0.01452992290040575,-0.015576051888312771,-0.00969585607546577,-0.00826500243138687,0.0006945033281175853,0.022421524663677132,2.2421524663677132e-05,2.2421524663677132e-05,-0.0011658513153746288,0.014947683109118088,1.4947683109118089e-05,1.4947683109118089e-05,0.00746198568784169,0.4988789237668162,0.5026158445440957
2013-06-10,-0.001187694785730594,-0.001243748597389787,0.05605381165919283,5.605381165919283e-05,-0.004853819061595436,0.003666124275864842,-0.06771075987080766,0.9977578475336323,5.60538116591929e-05,-0.001243748597389787,-0.007747433565354503,-0.006377209782910703,-0.006843544565541801,-0.008979270137901446,-0.010104544491531732,0.029895366218236175,2.9895366218236178e-05,2.9895366218236178e-05,-0.0048837144278136724,0.026158445440956652,2.6158445440956655e-05,2.6158445440956655e-05,0.0036399658304238853,0.4988789237668162,0.5026158445440957
2013-06-11,0.005224260177620072,0.005143811880886825,0.08044829673324577,8.044829673324576e-05,0.004203911082481563,0.0010203490951385087,0.20736016360836643,0.9955257270693513,8.04482967332468e-05,0.005143811880886826,-0.0025100106243269404,-0.001073183620825244,0.0012793987038058241,0.0035655034360887817,0.010764711660173383,0.04953719030373561,4.953719030373561e-05,4.953719030373561e-05,0.004154373892177827,0.03091110642951016,3.091110642951016e-05,3.091110642951016e-05,0.0009894379887089985,0.5014914243102163,0.5014914243102163
2013-06-12,-0.0013456170901340768,-0.0014127311840938083,0.06711409395973154,6.711409395973155e-05,0.0053467423449369885,-0.006692359435071065,-0.0354759870943797,0.9955257270693513,6.711409395973155e-05,-0.0014127311840938083,0.015001840578640483,0.00999382355973969,0.012391357926620057,0.00836979541087393,0.011794893345869004,0.03355704697986577,3.3557046979865775e-05,3.3557046979865775e-05,0.005313185297957122,0.03355704697986577,3.3557046979865775e-05,3.3557046979865775e-05,-0.006725916482050931,0.5014914243102163,0.5014914243102163
2013-06-13,-0.0022228904396547878,-0.0022639046081857346,0.041014168530947054,4.1014168530947055e-05,-0.004564538545856462,0.0023416481062016746,-0.09629006822087857,0.9955257270693513,4.101416853094682e-05,-0.002263904608185735,-0.003945247272227616,-0.006133882417591095,-0.011745538977425007,-0.004400706293223206,-0.01142642008833634,0.02237136465324385,2.237136465324385e-05,2.237136465324385e-05,-0.004586909910509706,0.018642803877703208,1.864280387770321e-05,1.864280387770321e-05,0.0023230053023239714,0.5014914243102163,0.5014914243102163
2013-06-14,0.002994833523987869,0.002938905112354759,0.05592841163310962,5.592841163310962e-05,0.008038173200787554,-0.005043339676799686,0.10331094029157317,0.9955257270693513,5.592841163310977e-05,0.002938905112354759,0.00925549620448783,0.011677057144129685,0.011838863155760236,0.012082367878886691,0.017979696464897384,0.02982848620432513,2.9828486204325132e-05,2.9828486204325132e-05,0.008008344714583228,0.02609992542878449,2.609992542878449e-05,2.609992542878449e-05,-0.0050694396022284705,0.5014914243102163,0.5014914243102163
2013-06-17,0.0026655446584997575,0.002609616246866648,0.05592841163310962,5.592841163310962e-05,0.0036933292106220927,-0.0010277845521223354,0.1449329990962281,0.9955257270693513,5.5928411633109337e-05,0.0026096162468666477,0.002319229751573101,0.0015038458255647465,0.005975123581781027,0.0038676469385954177,0.00909378450579277,0.02237136465324385,2.237136465324385e-05,2.237136465324385e-05,0.0036709578459688487,0.03355704697986577,3.3557046979865775e-05,3.3557046979865775e-05,-0.0010613415991022012,0.5014914243102163,0.5014914243102163
2013-06-18,-0.004746492815034424,-0.004783778422789831,0.037285607755406416,3.728560775540642e-05,-0.008067064484678605,0.0033205716696441813,-0.24209037794841287,0.9955257270693513,3.7285607755406514e-05,-0.004783778422789831,-0.005947204605947124,-0.007984919264344453,-0.011883466359241795,-0.012808880327439827,-0.017706572446885886,0.02609992542878449,2.609992542878449e-05,2.609992542878449e-05,-0.008093164410107389,0.011185682326621925,1.1185682326621925e-05,1.1185682326621925e-05,0.0033093859873175595,0.5014914243102163,0.5014914243102163
2013-06-19,-0.0005245895226856512,-0.0005767893735432202,0.05219985085756898,5.219985085756898e-05,-0.003152402818669339,0.0026278132959836878,-0.04011424015727889,0.9955257270693513,5.219985085756903e-05,-0.0005767893735432201,-0.0057023472978648395,-0.004304904925280665,-0.006029087078764654,-0.0063869581757145045,-0.006236164412753569,0.02982848620432513,2.9828486204325132e-05,2.9828486204325132e-05,-0.003182231304873664,0.02237136465324385,2.237136465324385e-05,2.237136465324385e-05,0.0026054419313304438,0.5014914243102163,0.5014914243102163
2013-06-20,0.0007034859244946345,0.0006529422870172714,0.050543637477362374,5.054363747736238e-05,0.0073890941092053415,-0.006685608184710708,0.03876717833205029,0.9933035714285714,5.054363747736311e-05,0.0006529422870172721,0.013662591338408766,0.012751871002099985,0.013620152012428124,0.014189759405710208,0.015052713366669907,0.01969562293597532,1.9695622935975322e-05,1.9695622935975322e-05,0.007369398486269366,0.030848014541387057,3.084801454138706e-05,3.084801454138706e-05,-0.006716456199252095,0.5003720238095238,0.5003720238095238
2013-06-21,-0.0017910509348103357,-0.001835693791953193,0.04464285714285714,4.464285714285714e-05,-0.001398725769477869,-0.0003923251653324668,-0.11881277307935352,0.9933035714285714,4.4642857142857244e-05,-0.001835693791953193,0.0010202602566467063,0.0003063726144531131,-0.0008060628141276964,-0.0024368395580811795,-0.002972645850011541,0.026041666666666664,2.6041666666666665e-05,2.6041666666666665e-05,-0.0014247674361445356,0.018601190476190476,1.8601190476190478e-05,1.8601190476190478e-05,-0.00041092635580865727,0.5003720238095238,0.5003720238095238
2013-06-24,-0.0011809395837155713,-0.0012293026789536666,0.04836309523809523,4.836309523809524e-05,0.0013259832203321954,-0.0025069228040477667,-0.08054114246080979,0.9933035714285714,4.836309523809524e-05,-0.0012293026789536666,0.005046430272674362,0.004936676970502183,0.0015134717770493482,0.004889981379438937,0.001542445758225127,0.018601190476190476,1.8601190476190478e-05,1.8601190476190478e-05,0.001307382029856005,0.02976190476190476,2.9761904761904762e-05,2.9761904761904762e-05,-0.0025366847088096715,0.5003720238095238,0.5003720238095238
2013-06-25,-0.004950797812609282,-0.0050028811459426155,0.05208333333333333,5.208333333333333e-05,-0.0071874560909244755,0.0022366582783151932,-0.23045406244439104,0.9933035714285714,5.208333333333367e-05,-0.0050028811459426155,-0.004277770337926954,-0.004858750894330296,-0.00786092265264334,-0.010031402583387597,-0.01650656424755279,0.018601190476190476,1.8601190476190478e-05,1.8601190476190478e-05,-0.007206057281400666,0.033482142857142856,3.348214285714286e-05,3.348214285714286e-05,0.0022031761354580504,0.5003720238095238,0.5003720238095238
2013-06-26,-0.0009601513724235236,-0.001015954943852095,0.055803571428571425,5.580357142857143e-05,-0.0001474600187006982,-0.0008126913537228253,0.00898529184018866,0.9933035714285714,5.580357142857134e-05,-0.001015954943852095,0.002369441528193102,0.00011689209760261313,0.0038392687783933644,0.0037340523959166023,-0.0022866953849448495,0.02976190476190476,2.9761904761904762e-05,2.9761904761904762e-05,-0.00017722192346260297,0.026041666666666664,2.6041666666666665e-05,2.6041666666666665e-05,-0.0008387330203894919,0.5003720238095238,0.5003720238095238
2013-06-27,-0.004153215137327602,-0.004197857994470459,0.04464285714285714,4.464285714285714e-05,-0.0018095871122999745,-0.0023436280250276275,-0.21407586326192218,0.9933035714285714,4.464285714285768e-05,-0.004197857994470458,0.005499612501286347,0.0030337547867787646,0.0002184568326604,-0.002877359926038036,-0.003981938878639339,0.018601190476190476,1.8601190476190478e-05,1.8601190476190478e-05,-0.001828188302776165,0.026041666666666664,2.6041666666666665e-05,2.6041666666666665e-05,-0.0023696696916942943,0.5003720238095238,0.5003720238095238
2013-06-28,0.0016612363748269758,0.0015979923272079282,0.06324404761904762,6.324404761904761e-05,0.0019876062164656517,-0.00032636984163867614,0.06365262037194748,0.9933035714285714,6.324404761904765e-05,0.0015979923272079282,0.002009203567531832,-0.0020921372504581737,-0.0028244094581233426,0.005101415775141191,0.003413950544357603,0.026041666666666664,2.6041666666666665e-05,2.6041666666666665e-05,0.001961564549798985,0.03720238095238095,3.7202380952380956e-05,3.7202380952380956e-05,-0.00036357222259105707,0.5003720238095238,0.5003720238095238
2013-07-01,0.0017646907190337745,0.001705166909509965,0.05952380952380952,5.9523809523809524e-05,-0.0011638800164703433,0.002928570735504118,0.08124170448667802,0.9933035714285714,5.952380952380944e-05,0.001705166909509965,-0.00607411662529066,-0.005405153200614551,-0.004841750207355291,-0.0014638652627998136,-0.002752321602584851,0.02976190476190476,2.9761904761904762e-05,2.9761904761904762e-05,-0.001193641921232248,0.02976190476190476,2.9761904761904762e-05,2.9761904761904762e-05,0.002898808830742213,0.5003720238095238,0.5003720238095238
2013-07-02,-0.0034695185397592347,-0.0035327625873782824,0.06324404761904762,6.324404761904761e-05,-0.0023281092398145875,-0.001141409299944647,-0.20720301547388262,0.9933035714285714,6.324404761904765e-05,-0.0035327625873782824,0.0025417569415259428,0.0017539931480401408,-0.0006995903305040953,-0.004560062689302744,-0.004698588599868768,0.033482142857142856,3.348214285714286e-05,3.348214285714286e-05,-0.0023615913826717304,0.02976190476190476,2.9761904761904762e-05,2.9761904761904762e-05,-0.0011711712047065518,0.5003720238095238,0.5003720238095238
2013-07-03,0.0014199324765801255,0.0013694979792845483,0.05043449729557746,5.0434497295577464e-05,0.0038181206504523126,-0.002398188173872187,0.10606675207454438,0.9910913140311804,5.043449729557714e-05,0.0013694979792845479,0.0053944053258370385,0.0035683425492407488,0.003618438122152091,0.006366172813686364,0.008245821406844073,0.02521724864778873,2.5217248647788732e-05,2.5217248647788732e-05,0.003792903401804524,0.02521724864778873,2.5217248647788732e-05,2.5217248647788732e-05,-0.0024234054225199756,0.5011135857461024,0.5011135857461024
2013-07-04,9.578275825677787e-05,2.8967613490630878e-05,0.06681514476614699,6.681514476614699e-05,0.002234464697589518,-0.0021386819393327404,-0.02734003053562561,0.9910913140311804,6.681514476614699e-05,2.8967613490630878e-05,0.0037118558066571994,0.005379864263490941,0.0043328722373803625,0.004338097931136463,0.00451944869588306,0.022271714922048998,2.2271714922048998e-05,2.2271714922048998e-05,0.002212192982667469,0.044543429844097995,4.4543429844097995e-05,4.4543429844097995e-05,-0.0021832253691768384,0.5011135857461024,0.5011135857461024
2013-07-05,-0.0006113237104928907,-0.0006855627602330542,0.07423904974016332,7.423904974016333e-05,0.0011916191950098534,-0.0018029429055027443,-0.03236815804308905,0.9910913140311804,7.423904974016341e-05,-0.000685562760233054,0.0026989105496387205,0.005395797094998988,0.003096443422568708,0.003576218667579196,0.0017788041232732303,0.04083147735708983,4.0831477357089826e-05,4.0831477357089826e-05,0.0011507877176527635,0.03340757238307349,3.3407572383073495e-05,3.3407572383073495e-05,-0.0018363504778858178,0.5011135857461024,0.5011135857461024
2013-07-08,0.000714094482835014,0.0006324315281208344,0.08166295471417966,8.166295471417965e-05,-0.001943722571190235,0.002657817054025249,0.009359846384294126,0.9910913140311804,8.16629547141796e-05,0.0006324315281208343,-0.004660616012517589,-0.006590232738395981,-0.0035926230568659513,-0.0048803872128048474,-0.0033780159566936794,0.04825538233110616,4.825538233110616e-05,4.825538233110616e-05,-0.001991977953521341,0.03340757238307349,3.3407572383073495e-05,3.3407572383073495e-05,0.0026244094816421757,0.5011135857461024,0.5011135857461024
2013-07-09,-0.002554039147958229,-0.0026282781976983928,0.07423904974016332,7.423904974016333e-05,-0.003117344663140426,0.0005633055151821969,-0.1490300851864768,0.9910913140311804,7.423904974016363e-05,-0.0026282781976983923,-0.0008876497708513063,-0.001597022809188139,-0.0039061168868189744,-0.001264621941976178,-0.008698940720678922,0.04083147735708983,4.0831477357089826e-05,4.0831477357089826e-05,-0.003158176140497516,0.03340757238307349,3.3407572383073495e-05,3.3407572383073495e-05,0.0005298979427991234,0.5011135857461024,0.5011135857461024
2013-07-10,0.0012193703078401297,0.001159979068047999,0.05939123979213066,5.939123979213066e-05,0.004303886960380702,-0.0030845166525405726,0.05969184735155863,0.9910913140311804,5.93912397921306e-05,0.001159979068047999,0.007511116890276082,0.0034437392459907316,0.005041841190260932,0.002567357022429627,0.011599289790191423,0.03340757238307349,3.3407572383073495e-05,3.3407572383073495e-05,0.004270479387997629,0.02598366740905716,2.5983667409057163e-05,2.5983667409057163e-05,-0.0031105003199496297,0.5011135857461024,0.5011135857461024
2013-07-11,0.000824091795186211,0.0007647005553940803,0.05939123979213066,5.939123979213066e-05,0.0015673000738101036,-0.0007432082786238927,0.03570020234864971,0.9910913140311804,5.9391239792130706e-05,0.0007647005553940803,0.0009168544012078537,0.002615631425612663,0.0041505357386469235,0.002313151526116084,0.003534875791213535,0.02598366740905716,2.5983667409057163e-05,2.5983667409057163e-05,0.0015413164064010465,0.03340757238307349,3.3407572383073495e-05,3.3407572383073495e-05,-0.0007766158510069662,0.5011135857461024,0.5011135857461024
2013-07-12,0.0012575826698744523,0.0012093272875433462,0.04825538233110616,4.825538233110616e-05,-0.0009746766264192876,0.00223225929629374,0.05932410165210151,0.9910913140311804,4.82553823311061e-05,0.0012093272875433462,-0.00419840371235732,-0.004966984895763885,-0.003457444405593234,-0.001865723661180347,-0.001984670204491561,0.02598366740905716,2.5983667409057163e-05,2.5983667409057163e-05,-0.0010006602938283447,0.022271714922048998,2.2271714922048998e-05,2.2271714922048998e-05,0.002209987581371691,0.5011135857461024,0.5011135857461024
2013-07-16,0.0003398093413026899,0.0002687414297799043,0.07106791152278545,7.106791152278545e-05,0.0014565057941371936,-0.0011166964528345038,-0.014544373053330046,0.9823399558498896,7.10679115227856e-05,0.00026874142977990445,0.0018909400741466823,0.0029209455362904447,0.0021929297546223717,0.0012205743662152793,0.003746729982052765,0.04098716631349854,4.098716631349854e-05,4.098716631349854e-05,0.001415518627823695,0.030080745209286906,3.0080745209286908e-05,3.0080745209286908e-05,-0.0011467771980437907,0.5003679175864606,0.5003679175864606
2013-07-17,-0.0022769278253349707,-0.002339473815033278,0.06254598969830757,6.254598969830758e-05,-0.0008509001882719626,-0.001426027637063008,-0.1326554266032251,0.9823399558498896,6.254598969830747e-05,-0.002339473815033278,0.0030259890570310294,0.0024939846125311537,0.001808236208738352,-0.0006133851452862719,-0.002238157578400409,0.04047093451066961,4.047093451066961e-05,4.047093451066961e-05,-0.0008913711227826322,0.02207505518763797,2.207505518763797e-05,2.207505518763797e-05,-0.001448102692250646,0.5003679175864606,0.5003679175864606
2013-07-18,0.00042494321977441297,0.0003660764059407116,0.05886681383370125,5.886681383370125e-05,5.17101296815568e-05,0.00037323309009285613,0.027562271224947598,0.9823399558498896,5.886681383370136e-05,0.0003660764059407117,-0.0011963637974522709,0.00016498559290929678,-0.0002497948252252765,-0.0016075971754808429,0.0009494141334514843,0.02207505518763797,2.207505518763797e-05,2.207505518763797e-05,2.963507449391883e-05,0.03679175864606328,3.679175864606328e-05,3.679175864606328e-05,0.00033644133144679285,0.5003679175864606,0.5003679175864606
2013-07-19,-0.00024176979124745373,-0.000311674132674974,0.06990434142752024,6.990434142752024e-05,-0.0023254925356595594,0.0020837227444121054,-0.017655197996265973,0.9823399558498896,6.990434142752026e-05,-0.00031167413267497394,-0.004967456811535807,-0.0025403838240322632,-0.004649482730769633,-0.006557942801187354,-0.0037028730235037065,0.04415011037527594,4.415011037527594e-05,4.415011037527594e-05,-0.0023696426460348354,0.025754231052244298,2.5754231052244297e-05,2.5754231052244297e-05,0.002057968513359861,0.5003679175864606,0.5003679175864606
2013-07-22,-0.00019053655180738664,-0.0002236491345888436,0.033112582781456956,3.3112582781456954e-05,-0.000850435608077514,0.0006598990562701274,-0.023523128402656295,0.9823399558498896,3.3112582781456954e-05,-0.0002236491345888436,-0.001793930755138573,-0.00035806366170245486,-0.0026126563828426284,-0.0014237326773067214,-0.001836048657106218,0.01839587932303164,1.839587932303164e-05,1.839587932303164e-05,-0.0008688314874005456,0.014716703458425313,1.4716703458425313e-05,1.4716703458425313e-05,0.0006451823528117021,0.5003679175864606,0.5003679175864606
2013-07-23,0.0009755932546220436,0.0008983305614653107,0.0772626931567329,7.726269315673289e-05,0.002300317829885993,-0.0013247245752639493,0.06287443751708811,0.9823399558498896,7.726269315673289e-05,0.0008983305614653107,0.001803698344678646,0.004353857559799659,0.005511060968217117,0.0049754833822511935,0.00441021575782098,0.047829286239882265,4.7829286239882266e-05,4.7829286239882266e-05,0.0022524885436461107,0.029433406916850625,2.9433406916850625e-05,2.9433406916850625e-05,-0.0013541579821808,0.5003679175864606,0.5003679175864606
2013-07-24,-0.001615011081340627,-0.0016812362469035408,0.06622516556291391,6.622516556291391e-05,-0.0018037361208902202,0.00018872503954959317,-0.04242182569704954,0.9823399558498896,6.622516556291391e-05,-0.0016812362469035408,0.000298145663346822,-0.001742816024758672,-7.77971797357893e-05,-0.004406914953523259,-0.0032081791730704965,0.025754231052244298,2.5754231052244297e-05,2.5754231052244297e-05,-0.0018294903519424643,0.04047093451066961,4.047093451066961e-05,4.047093451066961e-05,0.00014825410503892356,0.5003679175864606,0.5003679175864606
2013-07-25,0.0011991459979423685,0.0011476375358378799,0.051508462104488596,5.1508462104488595e-05,0.0031578004226125163,-0.0019586544246701473,0.09583870990913977,0.9823399558498896,5.1508462104488595e-05,0.0011476375358378799,0.004442436859299391,0.0028466781873133667,0.003431494367480856,0.0055451495359039125,0.00668965303022424,0.02207505518763797,2.207505518763797e-05,2.207505518763797e-05,0.0031357253674248785,0.029433406916850625,2.9433406916850625e-05,2.9433406916850625e-05,-0.001988087831586998,0.5003679175864606,0.5003679175864606
2013-07-26,-0.002253772246993232,-0.0023163182366915396,0.06254598969830757,6.254598969830758e-05,-0.0015394999942720427,-0.0007142722527211894,-0.08852212971536753,0.9823399558498896,6.254598969830747e-05,-0.0023163182366915396,0.00025277677601892346,0.0038030335927088277,-0.0002295573920538679,-0.0004089543664047283,-0.004395968702801411,0.029433406916850625,2.9433406916850625e-05,2.9433406916850625e-05,-0.0015689334011888933,0.033112582781456956,3.3112582781456954e-05,3.3112582781456954e-05,-0.0007473848355026464,0.5003679175864606,0.5003679175864606
2013-07-29,0.0028399069175408216,0.0027957568071655457,0.04415011037527594,4.415011037527594e-05,0.0022842989182699624,0.0005556079992708593,0.145743932493846,0.9823399558498896,4.415011037527594e-05,0.0027957568071655457,-0.0026425166397139256,0.001987883555825504,0.0021408109057753527,0.003976879364216593,0.004856185435121199,0.02207505518763797,2.207505518763797e-05,2.207505518763797e-05,0.002262223863082324,0.02207505518763797,2.207505518763797e-05,2.207505518763797e-05,0.0005335329440832213,0.5003679175864606,0.5003679175864606
2013-07-30,0.001090024114876224,0.00102379894931331,0.06622516556291391,6.622516556291391e-05,0.0028721790891243107,-0.0017821549742480867,0.007057571743349185,0.9823399558498896,6.622516556291391e-05,0.00102379894931331,0.0011096694246693131,0.00852021787457161,0.0006973084175604559,0.004241742616050913,0.006481097348370292,0.04415011037527594,4.415011037527594e-05,4.415011037527594e-05,0.0028280289787490347,0.02207505518763797,2.207505518763797e-05,2.207505518763797e-05,-0.0018042300294357247,0.5003679175864606,0.5003679175864606
2013-07-31,0.0005962966647121851,0.0005300714991492712,0.06622516556291391,6.622516556291391e-05,-0.0009241636881744282,0.0015204603528866133,0.027433584061093873,0.9823399558498896,6.622516556291391e-05,0.0005300714991492712,-0.0028632370640845253,-0.0033934789129531043,-0.0014327527305170117,-0.00020217678071841378,-0.002660326761686604,0.033112582781456956,3.3112582781456954e-05,3.3112582781456954e-05,-0.0009572762709558852,0.033112582781456956,3.3112582781456954e-05,3.3112582781456954e-05,0.0014873477701051563,0.5003679175864606,0.5003679175864606
2013-08-01,-0.0001240910898423019,-0.00019031625540521575,0.06622516556291391,6.622516556291391e-05,-0.0017980912294338059,0.0016740001395915039,0.011376013373115603,0.9823399558498896,6.622516556291385e-05,-0.0001903162554052158,-0.00274304592772628,-0.004563912411508429,-0.0017746934301609261,-0.005032040228661877,-0.0028821910535200435,0.033112582781456956,3.3112582781456954e-05,3.3112582781456954e-05,-0.001831203812215263,0.033112582781456956,3.3112582781456954e-05,3.3112582781456954e-05,0.001640887556810047,0.5003679175864606,0.5003679175864606
2013-08-02,-0.0011902341216863605,-0.0012527801113846682,0.06254598969830757,6.254598969830758e-05,0.0013834178498810063,-0.0025736519715673666,-0.0612719078406536,0.9823399558498896,6.254598969830769e-05,-0.0012527801113846682,0.005756554737441246,0.0039038249947745975,0.0022217604725923387,0.0024518833491798593,0.0029195408888413607,0.029433406916850625,2.9433406916850625e-05,2.9433406916850625e-05,0.0013539844429641557,0.033112582781456956,3.3112582781456954e-05,3.3112582781456954e-05,-0.0026067645543488235,0.5003679175864606,0.5003679175864606
2013-08-05,-6.891872965927432e-05,-0.00015721895040982618,0.08830022075055188,8.830022075055188e-05,-0.0018876179443294543,0.0018186992146701799,0.0002581233006187641,0.9823399558498896,8.830022075055186e-05,-0.00015721895040982618,-0.005441525663040025,1.9030861984163032e-05,-0.0056021640687955385,-0.003912921965295881,-0.0037030007563783624,0.04415011037527594,4.415011037527594e-05,4.415011037527594e-05,-0.0019317680547047303,0.04415011037527594,4.415011037527594e-05,4.415011037527594e-05,0.001774549104294904,0.5003679175864606,0.5003679175864606
2013-08-06,0.00052048812642519,0.0004285087298100318,0.09197939661515821,9.19793966151582e-05,0.0019842974881299296,-0.0014638093617047395,0.016659540643338463,0.9823399558498896,9.19793966151582e-05,0.0004285087298100318,0.0034897025673634864,0.0017844544640282433,0.0035452052220017877,0.0056980019525852766,0.003109032630850301,0.03679175864606328,3.679175864606328e-05,3.679175864606328e-05,0.0019475057294838663,0.05518763796909492,5.518763796909492e-05,5.518763796909492e-05,-0.0015189969996738345,0.5003679175864606,0.5003679175864606
2013-08-07,-0.0007846892386941909,-0.0008803478111739554,0.09565857247976453,9.565857247976453e-05,0.00018420929294307926,-0.0009688985316372702,-0.05787327303443213,0.9823399558498896,9.565857247976453e-05,-0.0008803478111739554,0.0020265828732862257,0.0017539462095547437,0.002463740020712939,0.0029046277691621813,-0.0008861556460480135,0.047829286239882265,4.7829286239882266e-05,4.7829286239882266e-05,0.000136380006703197,0.047829286239882265,4.7829286239882266e-05,4.7829286239882266e-05,-0.0010167278178771525,0.5003679175864606,0.5003679175864606
2013-08-08,0.0014748748251291288,0.0013755370767847578,0.09933774834437085,9.933774834437086e-05,-0.0010227697919950418,0.0024976446171241706,0.07824588092985264,0.9823399558498896,9.933774834437097e-05,0.0013755370767847578,-0.005584931234984383,-0.00379180143446157,-0.0038081231237560133,-0.002367442842931341,-0.001884108808047715,0.04415011037527594,4.415011037527594e-05,4.415011037527594e-05,-0.0010669199023703177,0.05518763796909492,5.518763796909492e-05,5.518763796909492e-05,0.0024424569791550756,0.5003679175864606,0.5003679175864606
2013-08-09,0.0006420467987964069,0.0005243131711290044,0.1177336276674025,0.0001177336276674025,0.003912820646456209,-0.003270773847659802,0.03775933314720224,0.9823399558498896,0.0001177336276674025,0.0005243131711290044,0.005309732004562133,0.009018015986195114,0.007708117502033907,0.008451337662390425,0.007507631394497016,0.05518763796909492,5.518763796909492e-05,5.518763796909492e-05,0.003857633008487114,0.06254598969830757,6.254598969830758e-05,6.254598969830758e-05,-0.0033333198373581095,0.5003679175864606,0.5003679175864606
2013-08-12,0.0003015324545347674,0.00017276129927354587,0.1287711552612215,0.00012877115526122149,0.00011015655128008779,0.0001913759032546796,0.031845101513061407,0.9823399558498896,0.0001287711552612215,0.0001727612992735459,-0.0009782829054301048,0.000822394975322614,-0.0012879996822217164,-0.002688380382949231,0.0016584359106664095,0.05518763796909492,5.518763796909492e-05,5.518763796909492e-05,5.496891331099287e-05,0.07358351729212656,7.358351729212656e-05,7.358351729212656e-05,0.00011779238596255304,0.5003679175864606,0.5003679175864606
2013-08-13,0.00023150231415853688,0.00011376868649113438,0.1177336276674025,0.0001177336276674025,-0.002503708522761672,0.002735210836920209,-0.0177682242125231,0.9823399558498896,0.0001177336276674025,0.00011376868649113438,-0.006153141302971399,-0.004077654375655898,-0.006543192282449146,-0.005057892536364843,-0.004976953981870379,0.051508462104488596,5.1508462104488595e-05,5.1508462104488595e-05,-0.0025552169848661608,0.06622516556291391,6.622516556291391e-05,6.622516556291391e-05,0.002668985671357295,0.5003679175864606,0.5003679175864606
2013-08-14,-0.0001204902020767737,-0.00022718630215035721,0.10669610007358352,0.00010669610007358352,-0.00048715673377261047,0.0003666665316958368,0.007151465467583773,0.9823399558498896,0.00010669610007358352,-0.00022718630215035721,-0.0013761980946803715,0.0005683125177996744,-0.0021607648669630716,-0.00015234104072923214,-0.0013797126747975834,0.04047093451066961,4.047093451066961e-05,4.047093451066961e-05,-0.0005276276682832801,0.06622516556291391,6.622516556291391e-05,6.622516556291391e-05,0.0003004413661329229,0.5003679175864606,0.5003679175864606
2013-08-15,0.0011798057047660525,0.0010694304288278627,0.11037527593818984,0.00011037527593818985,0.0035105468162672437,-0.002330741111501191,0.08536888276395507,0.9823399558498896,0.00011037527593818985,0.0010694304288278627,0.005632989208354632,0.0026865203587944936,0.0037246684314031155,0.005441436515388291,0.007794527268889712,0.05886681383370125,5.886681383370125e-05,5.886681383370125e-05,0.0034516800024335425,0.051508462104488596,5.1508462104488595e-05,5.1508462104488595e-05,-0.00238224957360568,0.5003679175864606,0.5003679175864606
2013-08-16,-0.0007374524440886662,-0.0008551860717560687,0.1177336276674025,0.0001177336276674025,-0.0008263154837860672,8.886303969740094e-05,-0.0394938849768295,0.9823399558498896,0.0001177336276674025,-0.0008551860717560687,0.0006066924345754045,-0.0017635996830247867,-0.0017578574984825905,-0.0023054932312979804,-0.0013279709130180656,0.05886681383370125,5.886681383370125e-05,5.886681383370125e-05,-0.0008851822976197684,0.05886681383370125,5.886681383370125e-05,5.886681383370125e-05,2.9996225863699694e-05,0.5003679175864606,0.5003679175864606
2013-08-19,0.000398905817016396,0.00028485136521359984,0.11405445180279618,0.00011405445180279617,0.0024226078877664756,-0.00202370207075008,0.044960297628207135,0.9823399558498896,0.00011405445180279617,0.00028485136521359984,0.004149282004306397,0.003832390231955323,0.0021945117804871156,0.005894276281470847,0.004321125178337802,0.05518763796909492,5.518763796909492e-05,5.518763796909492e-05,0.0023674202497973806,0.05886681383370125,5.886681383370125e-05,5.886681383370125e-05,-0.002082568884583781,0.5003679175864606,0.5003679175864606
2013-08-20,-0.0007582643681208775,-0.0008686396440590673,0.11037527593818984,0.00011037527593818985,-0.0011181503837288124,0.00035988601560793505,-0.021871778565485424,0.9823399558498896,0.00011037527593818985,-0.0008686396440590673,-0.000591514314581485,-0.0009775381425627023,-0.0032129626557475554,-0.0029526945682486544,-0.0018795826233659533,0.05518763796909492,5.518763796909492e-05,5.518763796909492e-05,-0.0011733380216979073,0.05518763796909492,5.518763796909492e-05,5.518763796909492e-05,0.0003046983776388401,0.5003679175864606,0.5003679175864606
2013-08-21,0.002321897430201703,0.002255672264638789,0.06622516556291391,6.622516556291391e-05,0.004925326801303499,-0.0026034293711017955,0.1389309297204697,0.9823399558498896,6.622516556291412e-05,0.0022556722646387894,0.004910016601881741,0.005795568717649547,0.00820722510913799,0.009901780062196231,0.009814546393356709,0.03679175864606328,3.679175864606328e-05,3.679175864606328e-05,0.004888535042657436,0.029433406916850625,2.9433406916850625e-05,2.9433406916850625e-05,-0.002632862778018646,0.5003679175864606,0.5003679175864606
2013-08-22,-0.0014074342124829335,-0.0014736593780458474,0.06622516556291391,6.622516556291391e-05,-0.004065976836684289,0.002658542624201356,-0.10976351640384512,0.9845474613686535,6.622516556291391e-05,-0.0014736593780458474,-0.006014640342399225,-0.0038946580911021996,-0.007068020712498871,-0.008250937442613402,-0.008064179332892161,0.033112582781456956,3.3112582781456954e-05,3.3112582781456954e-05,-0.004099089419465746,0.033112582781456956,3.3112582781456954e-05,3.3112582781456954e-05,0.002625430041419899,0.5003679175864606,0.5003679175864606
2013-08-23,0.001819073705038288,0.0017344526601523426,0.08462104488594555,8.462104488594555e-05,0.00012091609905168002,0.001698157605986608,0.11725884222354704,0.9845474613686535,8.462104488594544e-05,0.0017344526601523426,-0.0034830037555343162,-0.003213464345634162,-0.0012618938004997707,-0.0018234810358700585,0.001262875190509882,0.04047093451066961,4.047093451066961e-05,4.047093451066961e-05,8.044516454101041e-05,0.04415011037527594,4.415011037527594e-05,4.415011037527594e-05,0.001654007495611332,0.5003679175864606,0.5003679175864606
2013-08-26,4.132107222888957e-07,-8.052865829905031e-05,0.08094186902133922,8.094186902133922e-05,-0.003660762504568501,0.0036611757152907897,0.025255012929447183,0.9845474613686535,8.09418690213392e-05,-8.052865829905032e-05,-0.008540146012259933,-0.00484342827334184,-0.004820118669149611,-0.005065314951663429,-0.008429187647438068,0.04047093451066961,4.047093451066961e-05,4.047093451066961e-05,-0.0037012334390791705,0.04047093451066961,4.047093451066961e-05,4.047093451066961e-05,0.00362070478078012,0.5003679175864606,0.5003679175864606
2013-08-27,-0.00031453252910835426,-0.0003733993429420555,0.05886681383370125,5.886681383370125e-05,0.0028936070913718553,-0.0032081396204802094,0.0163829808099072,0.9845474613686535,5.886681383370125e-05,-0.0003733993429420555,0.006547428214638622,0.006136808473653475,0.003998914651722941,0.005428322219666144,0.005958328654394437,0.029433406916850625,2.9433406916850625e-05,2.9433406916850625e-05,0.0028641736844550046,0.029433406916850625,2.9433406916850625e-05,2.9433406916850625e-05,-0.00323757302739706,0.5003679175864606,0.5003679175864606
2013-08-28,0.001965755036564617,0.0018995298710017031,0.06622516556291391,6.622516556291391e-05,0.0019656166699640897,1.3836660052697158e-07,0.15043478584324443,0.9845474613686535,6.622516556291369e-05,0.001899529871001703,0.0002937282821346312,-0.0005948195936949931,0.002633632982927335,0.004184661823628386,0.003801591525636947,0.025754231052244298,2.5754231052244297e-05,2.5754231052244297e-05,0.0019398624389118453,0.04047093451066961,4.047093451066961e-05,4.047093451066961e-05,-4.033256791014264e-05,0.5003679175864606,0.5003679175864606
2013-08-29,0.000605343237014774,0.0005575139507748917,0.047829286239882265,4.7829286239882266e-05,0.0003945011659656711,0.00021084207104910287,0.02651255257079071,0.9845474613686535,4.7829286239882266e-05,0.0005575139507748917,-0.0001161214427278866,-0.001038662747175744,-0.003345519549587786,0.0004649271310650508,0.0009483922638631003,0.02207505518763797,2.207505518763797e-05,2.207505518763797e-05,0.00037242611077803315,0.025754231052244298,2.5754231052244297e-05,2.5754231052244297e-05,0.00018508783999685857,0.5003679175864606,0.5003679175864606
2013-08-30,0.0009802589274570388,0.0009250712894879439,0.05518763796909492,5.518763796909492e-05,0.0019151565086717925,-0.0009348975812147537,0.09541374061909176,0.9845474613686535,5.518763796909492e-05,0.0009250712894879439,8.666416604529632e-05,0.005471527188089958,0.004238347175665395,0.0002336095731467154,0.005604693497421879,0.025754231052244298,2.5754231052244297e-05,2.5754231052244297e-05,0.001889402277619548,0.029433406916850625,2.9433406916850625e-05,2.9433406916850625e-05,-0.0009643309881316043,0.5003679175864606,0.5003679175864606
2013-09-02,-0.00207813676311018,-0.0021370035769438813,0.05886681383370125,5.886681383370125e-05,-0.005948816817651592,0.0038706800545414122,-0.11632079366888239,0.9845474613686535,5.886681383370125e-05,-0.0021370035769438813,-0.007808350620713047,-0.007588687385321521,-0.006992118366474746,-0.010658556002191809,-0.012497290010319465,0.033112582781456956,3.3112582781456954e-05,3.3112582781456954e-05,-0.005981929400433049,0.025754231052244298,2.5754231052244297e-05,2.5754231052244297e-05,0.003844925823489168,0.5003679175864606,0.5003679175864606
2013-09-03,0.0019096121092704488,0.0018360285919783222,0.07358351729212656,7.358351729212656e-05,0.0031781019211413273,-0.0012684898118708787,0.09816715321876787,0.9845474613686535,7.358351729212656e-05,0.0018360285919783222,0.0036540437328057684,0.0002723900262484423,0.0034874589402622306,0.006246386928674911,0.0064035240700641965,0.025754231052244298,2.5754231052244297e-05,2.5754231052244297e-05,0.003152347690089083,0.047829286239882265,4.7829286239882266e-05,4.7829286239882266e-05,-0.001316319098110761,0.5003679175864606,0.5003679175864606
2013-09-04,0.0002648460554159147,0.00018758336225918184,0.0772626931567329,7.726269315673289e-05,-0.0009587716337578502,0.001223617689173765,0.03402627415162233,0.9845474613686535,7.726269315673286e-05,0.0001875833622591818,-0.0024835359871191475,-0.002368389179768598,-0.001418475075039904,-0.0011323089426893533,-0.002303738765212778,0.047829286239882265,4.7829286239882266e-05,4.7829286239882266e-05,-0.0010066009199977324,0.029433406916850625,2.9433406916850625e-05,2.9433406916850625e-05,0.0011941842822569143,0.5003679175864606,0.5003679175864606
2013-09-05,0.0022833418857314968,0.00220975836843937,0.07358351729212656,7.358351729212656e-05,0.005449359614619447,-0.00316601772888795,-0.03166309516120469,0.9845474613686535,7.358351729212656e-05,0.00220975836843937,0.005901222345191627,0.007189164117762373,0.007507538297876969,0.0056925014909419,0.013461245891881102,0.033112582781456956,3.3112582781456954e-05,3.3112582781456954e-05,0.0054162470318379905,0.04047093451066961,4.047093451066961e-05,4.047093451066961e-05,-0.00320648866339862,0.5003679175864606,0.5003679175864606
2013-09-06,0.0009493784380890457,0.0008868324483907381,0.06254598969830757,6.254598969830758e-05,-0.002330630172744604,0.0032800086108336498,0.10858848716168623,0.9845474613686535,6.254598969830758e-05,0.0008868324483907381,-0.007191021596743989,-0.005269408336019624,-0.001487846480436299,-0.0039781901788484815,-0.004993920031909909,0.04047093451066961,4.047093451066961e-05,4.047093451066961e-05,-0.0023711011072552737,0.02207505518763797,2.207505518763797e-05,2.207505518763797e-05,0.003257933555646012,0.5003679175864606,0.5003679175864606
2013-09-09,-6.817699891743078e-05,-0.00013072298861573837,0.06254598969830757,6.254598969830758e-05,0.0005462146746895284,-0.000614391673606959,-0.023274763349015945,0.9845474613686535,6.254598969830759e-05,-0.00013072298861573837,0.0022501853843666523,-0.0008394491797998638,0.0019609523771222785,0.000247342806745182,0.0015091288162316552,0.029433406916850625,2.9433406916850625e-05,2.9433406916850625e-05,0.0005167812677726777,0.033112582781456956,3.3112582781456954e-05,3.3112582781456954e-05,-0.000647504256388416,0.5003679175864606,0.5003679175864606
2013-09-10,-0.001705209482978623,-0.0017751138244061432,0.06990434142752024,6.990434142752024e-05,-0.0025459895976605003,0.0008407801146818773,-0.03637335685105148,0.9845474613686535,6.990434142752013e-05,-0.0017751138244061432,-0.0017478862948814191,-0.0015436973852516692,-0.0021728525290822904,-0.001456773517514783,-0.006884012795120426,0.04415011037527594,4.415011037527594e-05,4.415011037527594e-05,-0.0025901397080357763,0.025754231052244298,2.5754231052244297e-05,2.5754231052244297e-05,0.000815025883629633,0.5003679175864606,0.5003679175864606
2013-09-11,-0.0010429440978923547,-0.0011128484393198748,0.06990434142752024,6.990434142752024e-05,-0.001229584184399388,0.00018664008650703357,-0.060920471134379345,0.9845474613686535,6.990434142752013e-05,-0.0011128484393198748,-0.0003956183094353025,-0.0003272779856444267,-0.0023247427657374373,-0.0004183703013504369,-0.003465651843505319,0.03679175864606328,3.679175864606328e-05,3.679175864606328e-05,-0.0012663759430454513,0.033112582781456956,3.3112582781456954e-05,3.3112582781456954e-05,0.0001535275037255766,0.5003679175864606,0.5003679175864606
2013-09-12,0.001797906169171867,0.001731681003608953,0.06622516556291391,6.622516556291391e-05,0.0045830155034099875,-0.0027851093342381207,0.12867706410415516,0.9845474613686535,6.622516556291391e-05,0.001731681003608953,0.005229563312130385,0.0062467212364901385,0.0040735873148685,0.006490047309534706,0.010479247086788714,0.03679175864606328,3.679175864606328e-05,3.679175864606328e-05,0.004546223744763924,0.029433406916850625,2.9433406916850625e-05,2.9433406916850625e-05,-0.0028145427411549713,0.5003679175864606,0.5003679175864606
2013-09-13,-0.0015620888228003514,-0.0016172764607694464,0.05518763796909492,5.518763796909492e-05,0.001367498649254331,-0.0029295874720546822,-0.09091421860453949,0.9845474613686535,5.518763796909503e-05,-0.0016172764607694464,0.0074919394812819244,0.0025443418246179463,0.0016446033550876215,0.004080857150232163,0.002066456715460218,0.02207505518763797,2.207505518763797e-05,2.207505518763797e-05,0.001345423594066693,0.033112582781456956,3.3112582781456954e-05,3.3112582781456954e-05,-0.002962700054836139,0.5003679175864606,0.5003679175864606
2013-09-17,-0.0011326691204980894,-0.001206252637790216,0.07358351729212656,7.358351729212656e-05,-0.0007856950094507811,-0.0003469741110473083,-0.03322916959031896,0.9845474613686535,7.358351729212656e-05,-0.001206252637790216,0.0017340889740849368,-0.0014109896279793526,-0.00240197060811487,-0.0007058065994724358,-0.001997698973543546,0.047829286239882265,4.7829286239882266e-05,4.7829286239882266e-05,-0.0008335242956906633,0.025754231052244298,2.5754231052244297e-05,2.5754231052244297e-05,-0.0003727283420995526,0.5003679175864606,0.5003679175864606
2013-09-18,-0.0005946873125334175,-0.0006793083574193631,0.08462104488594555,8.462104488594555e-05,-0.0022246393486640135,0.001629952036130596,-0.0912668491138417,0.9845474613686535,8.462104488594555e-05,-0.0006793083574193631,-0.002392284457796451,-0.005007179505795976,-0.004540967837707644,-0.0047815328482048,-0.004280087876897394,0.047829286239882265,4.7829286239882266e-05,4.7829286239882266e-05,-0.0022724686349038957,0.03679175864606328,3.679175864606328e-05,3.679175864606328e-05,0.0015931602774845327,0.5003679175864606,0.5003679175864606
2013-09-19,0.0001367083154160543,5.9445622259321406e-05,0.0772626931567329,7.726269315673289e-05,-0.0009934736445508187,0.001130181959966873,0.004570196905657136,0.9845474613686535,7.72626931567329e-05,5.944562225932142e-05,-0.0006575681595891674,-0.00549655009325293,-0.0023713123252910927,-0.0014052628555947637,-0.0022724099789796504,0.03679175864606328,3.679175864606328e-05,3.679175864606328e-05,-0.001030265403196882,0.04047093451066961,4.047093451066961e-05,4.047093451066961e-05,0.0010897110254562033,0.5003679175864606,0.5003679175864606
2013-09-20,0.0005576384101918746,0.00048208564238190834,0.07555276780996643,7.555276780996643e-05,0.0015735110742144541,-0.0010158726640225795,0.040106343730883544,0.9823788546255506,7.555276780996621e-05,0.00048208564238190813,0.0023131496924049862,0.0014555404762834482,0.003923647868929796,0.003066741766444117,0.0031767875411297802,0.03227382793126582,3.227382793126582e-05,3.227382793126582e-05,0.0015412372462831883,0.04327893987870061,4.327893987870061e-05,4.327893987870061e-05,-0.00105915160390128,0.5011013215859031,0.5011013215859031
2013-09-24,-0.001566207609234873,-0.0016249447604830376,0.05873715124816447,5.873715124816447e-05,-0.005188231633833556,0.003622024024598682,-0.08580100858818282,0.9823788546255506,5.8737151248164495e-05,-0.0016249447604830376,-0.008125373899703463,-0.005433633394014636,-0.004008149430840909,-0.007764722504529199,-0.011648125528573427,0.03671071953010279,3.6710719530102796e-05,3.6710719530102796e-05,-0.005224942353363658,0.022026431718061675,2.2026431718061676e-05,2.2026431718061676e-05,0.0035999975928806206,0.5011013215859031,0.5011013215859031
2013-09-25,0.002033937384159471,0.0019605159450992653,0.07342143906020558,7.342143906020559e-05,0.0022511174435646993,-0.00021718005940522833,0.12543508173094645,0.9823788546255506,7.342143906020589e-05,0.0019605159450992657,0.0007117478905212549,-0.00012327933748241773,-0.00047478158469129985,0.0019858468636561543,0.005745586366271088,0.029368575624082235,2.9368575624082234e-05,2.9368575624082234e-05,0.002221748867940617,0.04405286343612335,4.405286343612335e-05,4.405286343612335e-05,-0.0002612329228413517,0.5011013215859031,0.5011013215859031
2013-09-26,-0.0006525882118705186,-0.0007039832192126625,0.05139500734214391,5.1395007342143906e-05,-0.0013831136468016804,0.0007305254349311618,-0.05990640480210523,0.9823788546255506,5.1395007342143906e-05,-0.0007039832192126625,-0.00021224700890269853,-0.00394902528934292,-0.0008686106703100916,-0.003590119565016908,-0.002345161727258334,0.022026431718061675,2.2026431718061676e-05,2.2026431718061676e-05,-0.0014051400785197422,0.029368575624082235,2.9368575624082234e-05,2.9368575624082234e-05,0.0007011568593070796,0.5011013215859031,0.5011013215859031
2013-09-27,0.00017971217186518683,0.00010996180475799162,0.0697503671071953,6.975036710719531e-05,0.004619362648947336,-0.004439650477082149,0.01907687771181079,0.9823788546255506,6.97503671071952e-05,0.00010996180475799151,0.009224036436926453,0.008131285147183956,0.008433533644317977,0.007803822789082595,0.009925719216153803,0.03671071953010279,3.6710719530102796e-05,3.6710719530102796e-05,0.004582651929417233,0.03303964757709251,3.3039647577092515e-05,3.3039647577092515e-05,-0.004472690124659241,0.5011013215859031,0.5011013215859031
2013-09-30,0.0011139905600186433,0.0010405691209584376,0.07342143906020558,7.342143906020559e-05,0.0005915403542073962,0.0005224502058112471,0.07972364426791127,0.9823788546255506,7.342143906020567e-05,0.0010405691209584376,-0.0012129884233899894,-0.0007018349348240588,0.00038477794764490893,0.0002595153859114823,0.0016409631035947502,0.025697503671071955,2.5697503671071953e-05,2.5697503671071953e-05,0.0005658428505363242,0.04772393538913363,4.772393538913363e-05,4.772393538913363e-05,0.0004747262704221135,0.5011013215859031,0.5011013215859031
2013-10-01,-0.0026581601316903137,-0.0027079414810311344,0.0497813493408208,4.97813493408208e-05,-0.0025090519601052895,-0.00014910817158502414,-0.143277887923149,0.9802197802197802,4.978134934082064e-05,-0.0027079414810311344,0.0001690579875801943,0.0005565330543497563,-0.002670464138211949,-0.005647641479252975,-0.004703335140689381,0.023063206983911875,2.3063206983911875e-05,2.3063206983911875e-05,-0.0025321151670892016,0.026718142356908923,2.6718142356908922e-05,2.6718142356908922e-05,-0.00017582631394193307,0.5,0.5
2013-10-02,0.002521227764641475,0.002444304687718398,0.07692307692307693,7.692307692307693e-05,-0.0008294754369722626,0.0033507032016137374,0.15573060084140317,0.9802197802197802,7.692307692307729e-05,0.0024443046877183983,-0.00789294670329164,-0.004318325803099147,-0.005670838187376331,-0.005238336405938912,0.00013074189205266804,0.040293040293040296,4.0293040293040296e-05,4.0293040293040296e-05,-0.000869768477265303,0.03663003663003663,3.663003663003663e-05,3.663003663003663e-05,0.003314073164983701,0.5,0.5
2013-10-03,-0.0010472395059243497,-0.001098521557206401,0.05128205128205128,5.1282051282051286e-05,0.0009990595163397286,-0.0020462990222640783,-0.052458150488823393,0.9802197802197802,5.128205128205124e-05,-0.001098521557206401,0.0033848919498364683,0.005508010233911532,0.0034936170864950725,0.00341597917148109,0.0012891889632786406,0.029304029304029304,2.9304029304029305e-05,2.9304029304029305e-05,0.0009697554870356993,0.021978021978021976,2.197802197802198e-05,2.197802197802198e-05,-0.0020682770442421003,0.5,0.5
2013-10-04,-0.0005975853399042186,-0.0006708454131642919,0.07326007326007326,7.326007326007326e-05,-0.0027047710620174527,0.002107185722113234,-0.0719724009477875,0.9802197802197802,7.326007326007337e-05,-0.0006708454131642918,-0.00554882491157494,-0.0015454645095295254,-0.002736483691939007,-0.006260009248008357,-0.004984308562048179,0.04395604395604395,4.395604395604396e-05,4.395604395604396e-05,-0.0027487271059734968,0.029304029304029304,2.9304029304029305e-05,2.9304029304029305e-05,0.0020778816928092047,0.5,0.5
2013-10-07,0.0040005004150706685,0.00394189235646261,0.05860805860805861,5.860805860805861e-05,0.004008298253567453,-7.797838496784467e-06,0.17707441795507445,0.9802197802197802,5.8608058608058435e-05,0.00394189235646261,0.0008812548149664467,-0.0017157225989521863,3.6569067393984594e-05,0.004023850124174888,0.010012969698614914,0.029304029304029304,2.9304029304029305e-05,2.9304029304029305e-05,0.003978994224263423,0.029304029304029304,2.9304029304029305e-05,2.9304029304029305e-05,-3.7101867800813776e-05,0.5,0.5
2013-10-08,0.00208407839060674,0.002032796339324689,0.05128205128205128,5.1282051282051286e-05,0.0027650224327713424,-0.0006809440421646018,0.12100265013933774,0.9802197802197802,5.128205128205124e-05,0.002032796339324689,0.0020940760138253873,-0.00010248777466316284,0.0032175796993648806,0.007110821320885579,0.004739656637871237,0.029304029304029304,2.9304029304029305e-05,2.9304029304029305e-05,0.002735718403467313,0.021978021978021976,2.197802197802198e-05,2.197802197802198e-05,-0.0007029220641426239,0.5,0.5
2013-10-09,-0.004209574973613903,-0.0042791720432109725,0.0695970695970696,6.95970695970696e-05,-0.0005909295352344725,-0.00361864543837943,-0.23074580946928566,0.9802197802197802,6.959706959706966e-05,-0.0042791720432109725,0.009098529327782785,0.003514813974711011,0.004609803351916274,0.0021529974101607272,-0.0028492873107837818,0.03296703296703297,3.296703296703297e-05,3.296703296703297e-05,-0.0006238965682015055,0.03663003663003663,3.663003663003663e-05,3.663003663003663e-05,-0.003655275475009467,0.5,0.5
2013-10-10,0.0027349019904409654,0.0026653049208438958,0.0695970695970696,6.95970695970696e-05,0.0004729584337501741,0.0022619435566907913,0.18894982860493514,0.9802197802197802,6.959706959706966e-05,0.0026653049208438958,-0.0051415004830150345,-0.0032886603741146794,-0.001753778980094818,-0.002967855034571348,0.0029028028185361966,0.03296703296703297,3.296703296703297e-05,3.296703296703297e-05,0.00043999140078314114,0.03663003663003663,3.663003663003663e-05,3.663003663003663e-05,0.0022253135200607545,0.5,0.5
2013-10-11,0.0011305336791784463,0.0010719256205703877,0.05860805860805861,5.860805860805861e-05,0.0005872827229701785,0.0005432509562082677,0.10937801699781854,0.9802197802197802,5.860805860805865e-05,0.0010719256205703877,-0.0010235438335770293,-0.0012124180700955483,-0.0007867730664795657,0.0035307378801577756,-3.5207711683521686e-06,0.029304029304029304,2.9304029304029305e-05,2.9304029304029305e-05,0.0005579786936661491,0.029304029304029304,2.9304029304029305e-05,2.9304029304029305e-05,0.0005139469269042384,0.5,0.5
2013-10-15,-0.0014840613745157503,-0.001531680422134798,0.047619047619047616,4.761904761904762e-05,0.001709739211472119,-0.0031938005859878695,-0.11964447486357886,0.9802197802197802,4.761904761904764e-05,-0.001531680422134798,0.007205029365044224,0.004752744785838767,0.0032901073444317665,0.0023084922674566338,0.0039749715006880395,0.029304029304029304,2.9304029304029305e-05,2.9304029304029305e-05,0.0016804351821680897,0.018315018315018316,1.8315018315018315e-05,1.8315018315018315e-05,-0.003212115604302888,0.5,0.5
2013-10-16,-0.0013390311898022712,-0.0013976392484103298,0.05860805860805861,5.860805860805861e-05,-0.001971936532607572,0.0006329053428053007,-0.07163681357012014,0.9802197802197802,5.860805860805865e-05,-0.0013976392484103298,-0.001359340044956968,-0.0010787519669178674,-0.0003805896965259144,-0.0030934346725689783,-0.004369092261538227,0.03663003663003663,3.663003663003663e-05,3.663003663003663e-05,-0.0020085665692376083,0.021978021978021976,2.197802197802198e-05,2.197802197802198e-05,0.0006109273208272786,0.5,0.5
2013-10-17,0.0012845700716523469,0.0012222990093812846,0.06227106227106227,6.227106227106228e-05,0.002288314821804325,-0.0010037447501519783,0.09370888640380792,0.9802197802197802,6.227106227106225e-05,0.0012222990093812846,0.002796531900101429,0.0004294047007090112,0.001991304281392837,0.0018023979675549893,0.005963745481635481,0.03296703296703297,3.296703296703297e-05,3.296703296703297e-05,0.0022553477888372924,0.029304029304029304,2.9304029304029305e-05,2.9304029304029305e-05,-0.0010330487794560075,0.5,0.5
2013-10-18,-0.0015766530490944175,-0.0016169460893874577,0.040293040293040296,4.0293040293040296e-05,-0.0006749131927516714,-0.0009017398563427461,-0.13649526258427305,0.9802197802197802,4.029304029304023e-05,-0.0016169460893874577,0.0025141695300137943,0.0003821000780288879,-0.000996280460548478,-0.0007302123374534554,-0.0016596334095282863,0.021978021978021976,2.197802197802198e-05,2.197802197802198e-05,-0.0006968912147296934,0.018315018315018316,1.8315018315018315e-05,1.8315018315018315e-05,-0.0009200548746577644,0.5,0.5
2013-10-21,-0.0015802703247434257,-0.0016388783833514843,0.05860805860805861,5.860805860805861e-05,-1.5114833650976279e-05,-0.0015651554910924494,-0.09763949245283465,0.9802197802197802,5.860805860805865e-05,-0.0016388783833514843,0.004018057826622122,0.0013548172933104527,-0.0010751333160016817,0.0006552172587572794,-0.00037295313033156854,0.029304029304029304,2.9304029304029305e-05,2.9304029304029305e-05,-4.4418862955005584e-05,0.029304029304029304,2.9304029304029305e-05,2.9304029304029305e-05,-0.0015944595203964786,0.5,0.5
2013-10-22,-0.0015581450261874011,-0.0016094270774694524,0.05128205128205128,5.1282051282051286e-05,-0.0019892067286093294,0.0004310617024219282,-0.10946147423764956,0.9802197802197802,5.128205128205124e-05,-0.0016094270774694524,0.0003166536623605722,-0.0032196775392527134,-0.0018539067013219294,-0.004649126850496971,-0.003643056760579502,0.02564102564102564,2.5641025641025643e-05,2.5641025641025643e-05,-0.002014847754250355,0.02564102564102564,2.5641025641025643e-05,2.5641025641025643e-05,0.00040542067678090256,0.5,0.5
2013-10-23,0.0010757162346456278,0.0010171081760375691,0.05860805860805861,5.860805860805861e-05,0.0023476725053025306,-0.0012719562706569028,0.058656439885932755,0.9802197802197802,5.860805860805865e-05,0.0010171081760375691,0.002627000871930135,0.0023777358800811475,0.003025286499857425,0.00680897125098256,0.0036385318904163114,0.03663003663003663,3.663003663003663e-05,3.663003663003663e-05,0.002311042468672494,0.021978021978021976,2.197802197802198e-05,2.197802197802198e-05,-0.0012939342926349248,0.5,0.5
2013-10-24,-0.0012770967000883928,-0.0013357047586964514,0.05860805860805861,5.860805860805861e-05,0.0009750407614984352,-0.002252137461586828,-0.071562283684955,0.9802197802197802,5.860805860805865e-05,-0.0013357047586964514,0.006080130015635118,0.001352564738250732,0.0033068055184308364,0.0002622232201094122,0.0027940106744405993,0.02564102564102564,2.5641025641025643e-05,2.5641025641025643e-05,0.0009493997358574096,0.03296703296703297,3.296703296703297e-05,3.296703296703297e-05,-0.002285104494553861,0.5,0.5
2013-10-25,0.0009229732535303691,0.0008680281985853142,0.054945054945054944,5.4945054945054945e-05,-0.0016848676941914708,0.00260784094772184,0.04447114384775073,0.9802197802197802,5.4945054945054945e-05,0.0008680281985853142,-0.005191375088651495,-0.00526429550902805,-0.006488825149175668,-0.004111135999289304,-0.0029990350829297604,0.029304029304029304,2.9304029304029305e-05,2.9304029304029305e-05,-0.0017141717234955,0.02564102564102564,2.5641025641025643e-05,2.5641025641025643e-05,0.0025821999220808143,0.5,0.5
2013-10-28,-0.0016236718540448432,-0.0016896059199789093,0.06593406593406594,6.593406593406594e-05,0.0018265766162803424,-0.003450248470325186,-0.08537323633954495,0.9824175824175824,6.593406593406606e-05,-0.001689605919978909,0.007808349370845278,0.00508479208026056,0.005427414415661709,0.005995354118898538,0.002482052789391758,0.029304029304029304,2.9304029304029305e-05,2.9304029304029305e-05,0.0017972725869763132,0.03663003663003663,3.663003663003663e-05,3.663003663003663e-05,-0.0034868785069552223,0.5,0.5
2013-10-29,-0.0008097684248264036,-0.0008647134797714586,0.054945054945054944,5.4945054945054945e-05,-0.0023184130575290866,0.0015086446327026827,-0.026179898681925898,0.9824175824175824,5.4945054945054945e-05,-0.0008647134797714586,-0.002999662246133374,-0.0030525433039493496,-0.002850659066740245,-0.0008891799542602275,-0.0065106491954571456,0.02564102564102564,2.5641025641025643e-05,2.5641025641025643e-05,-0.0023440540831701122,0.029304029304029304,2.9304029304029305e-05,2.9304029304029305e-05,0.0014793406033986535,0.5,0.5
2013-10-30,1.7653351335027133e-06,-7.149473812657064e-05,0.07326007326007326,7.326007326007326e-05,8.434231264053499e-05,-8.257697750703226e-05,-0.06870132470464686,0.9824175824175824,7.326007326007335e-05,-7.149473812657054e-05,-0.0013276401052468186,0.0031507420755358304,0.0011290854314078772,0.003900026930132104,-0.001696986527144447,0.03663003663003663,3.663003663003663e-05,3.663003663003663e-05,4.771227601049836e-05,0.03663003663003663,3.663003663003663e-05,3.663003663003663e-05,-0.00011920701413706889,0.5,0.5
2013-10-31,0.0007696753781704762,0.0006817632902583883,0.0879120879120879,8.791208791208792e-05,-2.2976931533962687e-05,0.0007926523097044389,0.03684040157881775,0.9824175824175824,8.791208791208787e-05,0.0006817632902583882,-0.003102613060419243,0.0014493122626118519,0.002284396018179947,0.000798438802194707,-0.0004681501956992415,0.03663003663003663,3.663003663003663e-05,3.663003663003663e-05,-5.9606968163999314e-05,0.05128205128205128,5.1282051282051286e-05,5.1282051282051286e-05,0.0007413702584223876,0.5,0.5
2013-11-01,0.004934806424026838,0.004859602388296486,0.07520403573035157,7.520403573035157e-05,0.002833943515832424,0.002100862908194414,0.17730007979808546,0.9802631578947368,7.520403573035156e-05,0.004859602388296486,-0.004153582919022588,-0.004234427761140957,-0.003671440757124279,-0.0009215201867292725,0.00898127598272454,0.030304125698862566,3.0304125698862567e-05,3.0304125698862567e-05,0.0028036393901335614,0.044899910031489,4.4899910031489e-05,4.4899910031489e-05,0.002055962998162925,0.4989035087719298,0.5025584795321637
2013-11-05,-0.003272751284755109,-0.003353160641480255,0.0804093567251462,8.040935672514619e-05,-0.0016614302106968048,-0.0016113210740583042,-0.21648938069437212,0.9802631578947368,8.040935672514599e-05,-0.003353160641480255,0.0027535369603594686,0.004121583417786395,-0.0008094042967338195,-0.0003139739044123023,-0.004838258164789957,0.05116959064327485,5.116959064327485e-05,5.116959064327485e-05,-0.0017125998013400798,0.029239766081871343,2.9239766081871343e-05,2.9239766081871343e-05,-0.0016405608401401754,0.4989035087719298,0.5025584795321637
2013-11-06,-0.0012303120314758442,-0.0012997564759202886,0.06944444444444445,6.944444444444444e-05,-0.0033368202919841763,0.0021065082605083323,-0.07124694261015575,0.9824561403508771,6.944444444444446e-05,-0.0012997564759202886,-0.0037098520551479904,-0.005165588373658563,-0.005312904990097824,-0.006253082611153817,-0.006905920583289802,0.043859649122807015,4.3859649122807014e-05,4.3859649122807014e-05,-0.0033806799411069833,0.025584795321637425,2.5584795321637423e-05,2.5584795321637423e-05,0.002080923465186695,0.4989035087719298,0.5025584795321637
2013-11-07,-0.0009961680874764605,-0.0010875423564823082,0.09137426900584794,9.137426900584795e-05,0.005192255464539605,-0.006188423552016066,-0.033324431586068785,0.9824561403508771,9.137426900584773e-05,-0.0010875423564823085,0.012651020024253718,0.011632062452752829,0.010292348925563181,0.00998322829802599,0.010619386896020369,0.0402046783625731,4.0204678362573095e-05,4.0204678362573095e-05,0.005152050786177032,0.05116959064327485,5.116959064327485e-05,5.116959064327485e-05,-0.006239593142659341,0.4989035087719298,0.5025584795321637
2013-11-08,-0.0009737514647069429,-0.0010943654997946622,0.12061403508771928,0.00012061403508771929,-0.003775983165256757,0.002802231700549814,-0.10154558088305157,0.9824561403508771,0.0001206140350877193,-0.0010943654997946622,-0.005723591360818971,-0.0052773667708809644,-0.006933516795746551,-0.00733331958543166,-0.007686186295352838,0.06944444444444445,6.944444444444444e-05,6.944444444444444e-05,-0.0038454276097012016,0.05116959064327485,5.116959064327485e-05,5.116959064327485e-05,0.002751062109906539,0.4989035087719298,0.5025584795321637
2013-11-11,-0.001165665725877176,-0.001260694965643258,0.09502923976608187,9.502923976608187e-05,-0.0008030259161549379,-0.0003626398097222382,-0.009817279292387251,0.9824561403508771,9.502923976608194e-05,-0.001260694965643258,0.001079466889852688,-2.037404976766613e-06,-0.0027017271348965424,0.0004106637225778982,-0.0026197042861240156,0.04751461988304093,4.7514619883040934e-05,4.7514619883040934e-05,-0.0008505405360379789,0.04751461988304093,4.7514619883040934e-05,4.7514619883040934e-05,-0.0004101544296052791,0.4989035087719298,0.5025584795321637
2013-11-12,-0.0012369259494567997,-0.0013209902769421799,0.08406432748538012,8.406432748538011e-05,0.00044418988332950616,-0.0016811158327863058,-0.0750712239875804,0.9824561403508771,8.406432748538019e-05,-0.0013209902769421799,0.004690001766489623,0.0006257830622700667,1.9282599426945962e-05,0.0009667946185899141,0.0008521010651990306,0.043859649122807015,4.3859649122807014e-05,4.3859649122807014e-05,0.00040033023420669913,0.0402046783625731,4.0204678362573095e-05,4.0204678362573095e-05,-0.0017213205111488788,0.4989035087719298,0.5025584795321637
2013-11-13,0.0008430523343151874,0.0007516780653093395,0.09137426900584794,9.137426900584795e-05,0.001213449791924686,-0.00037039745760949854,0.03850386051562638,0.9824561403508771,9.137426900584784e-05,0.0007516780653093394,0.0016780275854348882,-0.0011656657902868333,0.0031479003237939868,0.0036127624683022397,0.0018419689094817827,0.0402046783625731,4.0204678362573095e-05,4.0204678362573095e-05,0.001173245113562113,0.05116959064327485,5.116959064327485e-05,5.116959064327485e-05,-0.0004215670482527734,0.4989035087719298,0.5025584795321637
2013-11-14,0.00024657924214832334,0.00016616988542317708,0.0804093567251462,8.040935672514619e-05,-0.0012139814151770013,0.0014605606573253247,0.0023950638143173143,0.9824561403508771,8.040935672514626e-05,0.00016616988542317713,-0.0032647287418295784,-0.0021814143207887406,-0.004036796625743099,-0.0009681919729186739,-0.0031658525321387686,0.0402046783625731,4.0204678362573095e-05,4.0204678362573095e-05,-0.0012541860935395743,0.0402046783625731,4.0204678362573095e-05,4.0204678362573095e-05,0.0014203559789627517,0.4989035087719298,0.5025584795321637
2013-11-15,-0.0007347462848747141,-0.0007932258170384567,0.05847953216374269,5.8479532163742686e-05,-0.0024924081873521128,0.0017576619024773988,-0.04942338164699985,0.9824561403508771,5.8479532163742604e-05,-0.0007932258170384568,-0.003954399200222736,-0.0025734411010401004,-0.0073584144515054335,-0.007157853691867589,-0.003914731176698493,0.03654970760233918,3.654970760233918e-05,3.654970760233918e-05,-0.0025289578949544518,0.021929824561403508,2.1929824561403507e-05,2.1929824561403507e-05,0.0017357320779159953,0.4989035087719298,0.5025584795321637
2013-11-18,0.0008048652861772917,0.0006915611926100404,0.11330409356725146,0.00011330409356725145,0.0019746651000929934,-0.0011697998139157016,0.04047238783431469,0.9824561403508771,0.00011330409356725133,0.0006915611926100403,0.002541266426816809,0.0018958399520920776,0.0023234308473304276,0.00397445767298299,0.003949786233678208,0.05847953216374269,5.8479532163742686e-05,5.8479532163742686e-05,0.0019161855679292507,0.05482456140350877,5.4824561403508766e-05,5.4824561403508766e-05,-0.0012246243753192103,0.4989035087719298,0.5025584795321637
2013-11-19,0.00038701993077319853,0.00032488542784922194,0.062134502923976605,6.21345029239766e-05,0.0015076167098437457,-0.0011205967790705474,0.014442416495127694,0.9846491228070176,6.213450292397659e-05,0.00032488542784922194,0.0024005870260254826,0.0018844235683375243,0.0016187577843552825,0.002970090568915978,0.003047745175028262,0.029239766081871343,2.9239766081871343e-05,2.9239766081871343e-05,0.0014783769437618744,0.03289473684210526,3.289473684210526e-05,3.289473684210526e-05,-0.0011534915159126526,0.4989035087719298,0.5025584795321637
2013-11-20,0.004255989581716947,0.004190200108032737,0.06578947368421052,6.578947368421052e-05,0.0024906854186851923,0.001765304163031755,0.21427743340938493,0.9846491228070176,6.578947368421004e-05,0.004190200108032736,-0.0046071294210544185,-0.0012995892806259722,0.0004054442615326879,0.0027423159832442416,0.006117320366095116,0.03289473684210526,3.289473684210526e-05,3.289473684210526e-05,0.002457790681843087,0.03289473684210526,3.289473684210526e-05,3.289473684210526e-05,0.0017324094261896498,0.4989035087719298,0.5025584795321637
2013-11-21,-0.00035676105290577024,-0.0004335154388706825,0.07675438596491227,7.675438596491227e-05,-0.00032363769041764107,-3.312336248812913e-05,-0.056210512849494305,0.9846491228070176,7.675438596491227e-05,-0.0004335154388706825,0.0005871522142060977,-0.0009880319061584362,0.0005078209435222196,-0.0011935255491817667,-0.0003762841715439147,0.029239766081871343,2.9239766081871343e-05,2.9239766081871343e-05,-0.00035287745649951243,0.04751461988304093,4.7514619883040934e-05,4.7514619883040934e-05,-8.063798237117005e-05,0.4989035087719298,0.5025584795321637
2013-11-22,-0.0008793944732903808,-0.0009488389177348252,0.06944444444444445,6.944444444444444e-05,-0.0029893374452444727,0.002109942971954092,-0.05348910985909341,0.9846491228070176,6.944444444444446e-05,-0.0009488389177348252,-0.003947473690721065,-0.004705776210556077,-0.004903710814310483,-0.005366388565401396,-0.006304527970254113,0.021929824561403508,2.1929824561403507e-05,2.1929824561403507e-05,-0.003011267269805876,0.04751461988304093,4.7514619883040934e-05,4.7514619883040934e-05,0.002062428352071051,0.4989035087719298,0.5025584795321637
2013-11-25,-0.00013731214309367051,-0.00019213670449717927,0.05482456140350877,5.4824561403508766e-05,0.0007930567756960118,-0.0009303689187896822,0.00785038284155045,0.9846491228070176,5.482456140350875e-05,-0.00019213670449717927,0.002476387682332384,0.0005872806462918185,0.0012612434563721397,0.0014897110639330129,0.0016395437408953488,0.025584795321637425,2.5584795321637423e-05,2.5584795321637423e-05,0.0007674719803743744,0.029239766081871343,2.9239766081871343e-05,2.9239766081871343e-05,-0.0009596086848715536,0.4989035087719298,0.5025584795321637
2013-11-26,0.0009506480965040796,0.0008848586228198691,0.06578947368421052,6.578947368421052e-05,0.0026377319701343304,-0.001687083873630251,0.08256457240489154,0.9846491228070176,6.578947368421047e-05,0.0008848586228198691,0.003404582927996481,0.0032607586472430867,0.0056676858861091015,0.0053246513761988365,0.005268261861667097,0.03654970760233918,3.654970760233918e-05,3.654970760233918e-05,0.0026011822625319914,0.029239766081871343,2.9239766081871343e-05,2.9239766081871343e-05,-0.0017163236397121223,0.4989035087719298,0.5025584795321637
2013-11-27,0.0005977013990244995,0.0005538417499016925,0.043859649122807015,4.3859649122807014e-05,-0.0018116996033791495,0.002409401002403649,0.04823351471968368,0.9846491228070176,4.385964912280698e-05,0.0005538417499016925,-0.004209560168282581,-0.00597654019287123,-0.002626564392242285,-0.002447626977045254,-0.004223230593725014,0.021929824561403508,2.1929824561403507e-05,2.1929824561403507e-05,-0.001833629427940553,0.021929824561403508,2.1929824561403507e-05,2.1929824561403507e-05,0.0023874711778422457,0.4989035087719298,0.5025584795321637
2013-11-28,-0.0006110629184251102,-0.000662232509068385,0.05116959064327485,5.116959064327485e-05,0.0013343353824074593,-0.0019453983008325695,-0.045650923434474286,0.9846491228070176,5.116959064327485e-05,-0.000662232509068385,0.0047380781235887804,0.0021177535766510602,-0.0007329680127138476,0.004093789870637303,0.001964909027611908,0.021929824561403508,2.1929824561403507e-05,2.1929824561403507e-05,0.0013124055578460558,0.029239766081871343,2.9239766081871343e-05,2.9239766081871343e-05,-0.001974638066914441,0.4989035087719298,0.5025584795321637
2013-11-29,0.003068705831976031,0.0030065713290520547,0.062134502923976605,6.21345029239766e-05,0.002651946289845739,0.0004167595421302923,0.15594814129807508,0.993421052631579,6.213450292397648e-05,0.0030065713290520547,-0.0007636000693423231,-0.000962070425216577,0.0011387851766430002,0.004042065846744326,0.0059522913063178836,0.03654970760233918,3.654970760233918e-05,3.654970760233918e-05,0.0026153965822434,0.025584795321637425,2.5584795321637423e-05,2.5584795321637423e-05,0.0003911747468086549,0.4989035087719298,0.5025584795321637
2013-12-02,-0.0002370649782350553,-0.00029554451039879795,0.05847953216374269,5.8479532163742686e-05,-0.0025607391723158077,0.0023236741940807523,-0.041937431034221845,0.993421052631579,5.847953216374266e-05,-0.000295544510398798,-0.004577088118553358,-0.004717915441617251,-0.007132756966331936,-0.006216736163128114,-0.004590733429926107,0.043859649122807015,4.3859649122807014e-05,4.3859649122807014e-05,-0.0026045988214386147,0.014619883040935672,1.4619883040935671e-05,1.4619883040935671e-05,0.002309054311039817,0.4989035087719298,0.5025584795321637
2013-12-03,0.0007703552094459826,0.0006936008234810705,0.07675438596491227,7.675438596491227e-05,0.0030351756255047524,-0.0022648204160587693,0.03873034166790463,0.993421052631579,7.675438596491211e-05,0.0006936008234810704,0.005265929956530929,0.0029711936226996453,0.0029076446094444225,0.004803252671023089,0.006723912687984062,0.043859649122807015,4.3859649122807014e-05,4.3859649122807014e-05,0.0029913159763819454,0.03289473684210526,3.289473684210526e-05,3.289473684210526e-05,-0.0022977151529008748,0.4989035087719298,0.5025584795321637
2013-12-04,-0.0008401086915649472,-0.0008876233114479882,0.04751461988304093,4.7514619883040934e-05,4.0130900463611916e-05,-0.0008802395920285591,-0.08195543638064098,0.993421052631579,4.751461988304097e-05,-0.0008876233114479882,0.0017066290300734347,0.0018422787167529182,-0.0012504581341748855,-0.0005556523312670592,0.00039848346636808135,0.025584795321637425,2.5584795321637423e-05,2.5584795321637423e-05,1.4546105141974492e-05,0.021929824561403508,2.1929824561403507e-05,2.1929824561403507e-05,-0.0009021694165899626,0.4989035087719298,0.5025584795321637
2013-12-05,0.003448049399016693,0.003393224837613184,0.05482456140350877,5.4824561403508766e-05,0.004309109179143459,-0.0008610597801267665,0.21755862064727752,0.993421052631579,5.482456140350894e-05,0.003393224837613184,0.001583003830149929,0.001976914361953624,0.004934200255893346,0.0076182352800749625,0.009146621606266371,0.025584795321637425,2.5584795321637423e-05,2.5584795321637423e-05,0.004283524383821822,0.029239766081871343,2.9239766081871343e-05,2.9239766081871343e-05,-0.0008902995462086379,0.4989035087719298,0.5025584795321637
2013-12-06,0.0012483556367424288,0.001189876104578686,0.05847953216374269,5.8479532163742686e-05,-0.0016092667650405498,0.0028576224017829786,0.10267965716019736,0.993421052631579,5.847953216374271e-05,0.001189876104578686,-0.00554636632860361,-0.005968786525193204,-0.006389994955886957,-0.0029624877212428495,-0.0033571669845993933,0.021929824561403508,2.1929824561403507e-05,2.1929824561403507e-05,-0.0016311965896019533,0.03654970760233918,3.654970760233918e-05,3.654970760233918e-05,0.0028210726941806396,0.4989035087719298,0.5025584795321637
2013-12-09,-0.00232257302100269,-0.0023883624946869006,0.06578947368421052,6.578947368421052e-05,-0.002452709938215303,0.00013013691721261303,-0.18718589397065755,0.993421052631579,6.578947368421047e-05,-0.0023883624946869006,-0.0012697403204958695,0.0017848494271703091,0.0002644794569534505,-0.002897182391673486,-0.00592571033268751,0.029239766081871343,2.9239766081871343e-05,2.9239766081871343e-05,-0.0024819497042971746,0.03654970760233918,3.654970760233918e-05,3.654970760233918e-05,9.358720961027385e-05,0.4989035087719298,0.5025584795321637
2013-12-10,-0.00015681744556412283,-0.00020067709468692997,0.043859649122807015,4.3859649122807014e-05,-0.000748785432620648,0.0005919679870565252,-0.07980287579525458,0.993421052631579,4.385964912280714e-05,-0.00020067709468692984,-0.0018445005046514487,0.00016992538833556075,-0.0004400937402177178,-0.0016315566106354345,-0.0014355150393527145,0.01827485380116959,1.827485380116959e-05,1.827485380116959e-05,-0.0007670602864218177,0.025584795321637425,2.5584795321637423e-05,2.5584795321637423e-05,0.0005663831917348877,0.4989035087719298,0.5025584795321637
2013-12-11,0.0015511087682456525,0.0014743543822807403,0.07675438596491227,7.675438596491227e-05,-0.0009820862926344244,0.002533195060880077,0.04501426950814597,0.993421052631579,7.675438596491222e-05,0.0014743543822807403,-0.005861027972356104,-0.0033817053890115934,-0.0011050783115002852,-0.0011260018120363962,-0.0023897332661222256,0.03654970760233918,3.654970760233918e-05,3.654970760233918e-05,-0.0010186360002367636,0.0402046783625731,4.0204678362573095e-05,4.0204678362573095e-05,0.002492990382517504,0.4989035087719298,0.5025584795321637
2013-12-12,-0.0001580214653948575,-0.0002274659098393019,0.06944444444444445,6.944444444444444e-05,0.0013824720652273691,-0.0015404935306222267,0.02947452478437899,0.993421052631579,6.94444444444444e-05,-0.00022746590983930193,0.002511173374043003,0.0041857380124458235,0.0028965052898682025,0.00629375344128985,0.001009654675467253,0.03654970760233918,3.654970760233918e-05,3.654970760233918e-05,0.00134592235762503,0.03289473684210526,3.289473684210526e-05,3.289473684210526e-05,-0.001573388267464332,0.4989035087719298,0.5025584795321637
2013-12-13,0.0005651783837820688,0.00051035382237856,0.05482456140350877,5.4824561403508766e-05,0.00033807230541153604,0.0002271060783705327,0.06981899644086961,0.993421052631579,5.4824561403508834e-05,0.0005103538223785601,-0.0010845230382373742,0.000827250471992543,-0.0027232159106806587,0.0032947585458982,-0.000630933308546943,0.03289473684210526,3.289473684210526e-05,3.289473684210526e-05,0.0003051775685694308,0.021929824561403508,2.1929824561403507e-05,2.1929824561403507e-05,0.00020517625380912918,0.4989035087719298,0.5025584795321637
2013-12-16,-0.00010682753012058333,-0.0001689620330445599,0.062134502923976605,6.21345029239766e-05,-0.0005237967708829896,0.00041696924076240627,-0.005647131356420587,0.993421052631579,6.213450292397658e-05,-0.00016896203304455994,-0.0009052714717737812,-0.0006768749202067361,-0.0004279595702745592,-0.0017791609834193558,-0.0006852634260220361,0.029239766081871343,2.9239766081871343e-05,2.9239766081871343e-05,-0.0005530365369648609,0.03289473684210526,3.289473684210526e-05,3.289473684210526e-05,0.000384074503920301,0.4989035087719298,0.5025584795321637
2013-12-17,0.002288178113246138,0.0022223886395619273,0.06578947368421052,6.578947368421052e-05,0.002366836004353907,-7.86578911077692e-05,0.1343898759042949,0.993421052631579,6.578947368421047e-05,0.0022223886395619273,-0.0002811014116005062,0.0010413654697655433,0.0028966446023408017,0.003826978766953517,0.005202624141701582,0.03654970760233918,3.654970760233918e-05,3.654970760233918e-05,0.002330286296751568,0.029239766081871343,2.9239766081871343e-05,2.9239766081871343e-05,-0.00010789765718964054,0.4989035087719298,0.5025584795321637
2013-12-18,-0.0004042422219173137,-0.00047003169560152423,0.06578947368421052,6.578947368421052e-05,-0.004519317369400931,0.004115075147483617,-0.06453099093443673,0.993421052631579,6.578947368421052e-05,-0.00047003169560152423,-0.008253925591773856,-0.008055459470512592,-0.006239827960392449,-0.008418037734220908,-0.009378730938033444,0.03289473684210526,3.289473684210526e-05,3.289473684210526e-05,-0.004552212106243036,0.03289473684210526,3.289473684210526e-05,3.289473684210526e-05,0.004082180410641512,0.4989035087719298,0.5025584795321637
2013-12-19,0.0008438507552788358,0.0007797088176484724,0.0641419376303632,6.41419376303632e-05,0.0016373599436221486,-0.0007935091883433129,0.0950586245197502,0.9912472647702407,6.414193763036341e-05,0.0007797088176484726,0.0020722681597116124,0.0005919021703355622,0.002436050733523338,0.0027322554308273905,0.0035287660265059446,0.03024348343506464,3.024348343506464e-05,3.024348343506464e-05,0.001607116460187084,0.03389845419529856,3.389845419529856e-05,3.389845419529856e-05,-0.0008274076425386115,0.5014587892049599,0.5014587892049599
2013-12-20,-0.000220620650198626,-0.000282619191409421,0.061998541210795045,6.199854121079504e-05,-0.0025834286848520354,0.0023628080346534096,0.0034755946747192404,0.9912472647702407,6.1998541210795e-05,-0.00028261919140942104,-0.006297850729258749,-0.0015050482639595612,-0.004464657285319286,-0.005121621652154256,-0.005166764784928364,0.03646973012399708,3.646973012399708e-05,3.646973012399708e-05,-0.0026198984149760325,0.02552881108679796,2.552881108679796e-05,2.552881108679796e-05,0.0023372792235666117,0.5014587892049599,0.5014587892049599
2013-12-24,0.003337497601596371,0.003268205114360776,0.06929248723559446,6.929248723559445e-05,0.004966116334716334,-0.001628618733119964,0.2235353164519435,0.9912472647702407,6.929248723559463e-05,0.003268205114360776,0.002829659403184624,0.00409315585776942,0.0039031062911801585,0.0056789401268715345,0.011992579600071348,0.04011670313639679,4.011670313639679e-05,4.011670313639679e-05,0.004925999631579937,0.029175784099197667,2.9175784099197667e-05,2.9175784099197667e-05,-0.0016577945172191616,0.5014587892049599,0.5014587892049599
2013-12-25,-0.0008546028756640405,-0.0009020135248252367,0.04741064916119621,4.741064916119621e-05,-0.0012636305636368516,0.0004090276879728113,-0.06290033754225677,0.9912472647702407,4.741064916119616e-05,-0.0009020135248252367,-0.0011654352105538875,-0.00010846928947664138,-0.0009810460333304829,-0.00327909192579203,-0.002144443673105297,0.014587892049598834,1.4587892049598834e-05,1.4587892049598834e-05,-0.0012782184556864504,0.03282275711159738,3.282275711159737e-05,3.282275711159737e-05,0.0003762049308612139,0.5014587892049599,0.5014587892049599
2013-12-26,-0.00260117276823293,-0.0026741122284809245,0.07293946024799416,7.293946024799416e-05,-0.0005464813845991309,-0.002054691383633799,-0.16372059544177014,0.9912472647702407,7.29394602479944e-05,-0.002674112228480924,0.004686139695784885,0.0029070664918720507,0.0007123598755343181,-0.0011651402694064607,-0.0010525142760770406,0.03646973012399708,3.646973012399708e-05,3.646973012399708e-05,-0.000582951114723128,0.03646973012399708,3.646973012399708e-05,3.646973012399708e-05,-0.0020911611137577964,0.5014587892049599,0.5014587892049599
2013-12-27,-0.003040740751059012,-0.0030954453462450075,0.05470459518599562,5.4704595185995626e-05,-0.0023467874308997507,-0.0006939533201592611,-0.2055201593272548,0.9912472647702407,5.470459518599558e-05,-0.0030954453462450075,0.001992496788548078,0.0001532372712361805,0.004283718863301981,-0.0023956318414202382,-0.005809650704000987,0.021881838074398252,2.188183807439825e-05,2.188183807439825e-05,-0.002368669268974149,0.03282275711159738,3.282275711159737e-05,3.282275711159737e-05,-0.0007267760772708584,0.5014587892049599,0.5014587892049599
2013-12-30,0.0007041832246383567,0.0006421846834275617,0.061998541210795045,6.199854121079504e-05,0.0020640043917343437,-0.0013598211670959868,0.010070627223253309,0.9912472647702407,6.1998541210795e-05,0.0006421846834275617,0.001701290398090641,0.004754818624030342,0.001636512803064317,0.0006441919402359887,0.0058330355536176035,0.01823486506199854,1.823486506199854e-05,1.823486506199854e-05,0.0020457695266723453,0.043763676148796504,4.37636761487965e-05,4.37636761487965e-05,-0.0014035848432447833,0.5014587892049599,0.5014587892049599
2014-01-06,0.0030430894747113775,0.0029665030414509834,0.07658643326039388,7.658643326039387e-05,0.002681372588192309,0.00036171688651906816,0.211981197399769,0.9912472647702407,7.658643326039416e-05,0.002966503041450984,-0.0016278953071047534,0.00111172742791448,0.0008495285738970381,0.0035281084227264787,0.006246776417916047,0.03282275711159738,3.282275711159737e-05,3.282275711159737e-05,0.0026485498310807117,0.043763676148796504,4.37636761487965e-05,4.37636761487965e-05,0.00031795321037027165,0.5014587892049599,0.5014587892049599
2014-01-07,0.0030054131954205966,0.0029434146542098014,0.061998541210795045,6.199854121079504e-05,0.00030203171718604067,0.0027033814782345556,0.1354988802814496,0.9912472647702407,6.19985412107951e-05,0.0029434146542098014,-0.004414515515291686,-0.007365533492858902,-0.0020527243832687194,-0.004141554524561044,0.0029484546491297813,0.03282275711159738,3.282275711159737e-05,3.282275711159737e-05,0.0002692089600744433,0.029175784099197667,2.9175784099197667e-05,2.9175784099197667e-05,0.002674205694135358,0.5014587892049599,0.5014587892049599
2014-01-08,-0.00040827332619443833,-0.0004666248943928337,0.058351568198395334,5.8351568198395335e-05,0.0003983403611936154,-0.0008066136873880537,-0.0759999111868298,0.9912472647702407,5.835156819839534e-05,-0.0004666248943928337,0.00232459723686805,0.00016067092944931183,0.0003392278822914327,0.0003678834707658248,0.0010052850991243945,0.021881838074398252,2.188183807439825e-05,2.188183807439825e-05,0.00037645852311921714,0.03646973012399708,3.646973012399708e-05,3.646973012399708e-05,-0.0008430834175120508,0.5014587892049599,0.5014587892049599
2014-01-09,-0.0019542188342889133,-0.0019870415914005107,0.03282275711159738,3.282275711159737e-05,-0.0018979397951965076,-5.627903909240579e-05,-0.13907981165408043,0.9912472647702407,3.2822757111597434e-05,-0.0019870415914005107,0.0002647526149208886,-0.0001961654517271226,0.0005261819643457593,-0.0029403460209338544,-0.004202492911852086,0.01823486506199854,1.823486506199854e-05,1.823486506199854e-05,-0.0019161746602585062,0.014587892049598834,1.4587892049598834e-05,1.4587892049598834e-05,-7.086693114200463e-05,0.5014587892049599,0.5014587892049599
2014-01-10,0.0035948556729512187,0.0035365041047528234,0.058351568198395334,5.8351568198395335e-05,0.008112466360084863,-0.004517610687133645,0.2160888122619576,0.9912472647702407,5.835156819839534e-05,0.0035365041047528234,0.008385994833811083,0.01026851265277859,0.012559341523688232,0.012028816496741491,0.018229642666668825,0.029175784099197667,2.9175784099197667e-05,2.9175784099197667e-05,0.008083290575985665,0.029175784099197667,2.9175784099197667e-05,2.9175784099197667e-05,-0.004546786471232842,0.5014587892049599,0.5014587892049599
2014-01-14,0.0016015353686671316,0.0015285959084191374,0.07293946024799416,7.293946024799416e-05,-0.00027276958911823506,0.0018743049577853667,0.13035377639828646,0.9912472647702407,7.293946024799418e-05,0.0015285959084191374,-0.004084383799437635,-0.0030367276895930796,-0.0014507136053763165,-0.002075029541293859,0.00021326546513750604,0.03646973012399708,3.646973012399708e-05,3.646973012399708e-05,-0.00030923931924223215,0.03646973012399708,3.646973012399708e-05,3.646973012399708e-05,0.0018378352276613697,0.5014587892049599,0.5014587892049599
2014-01-15,-0.0020865368882303473,-0.0021339475373915433,0.04741064916119621,4.741064916119621e-05,-0.0018439991903036429,-0.00024253769792670447,-0.12776876735946413,0.9912472647702407,4.741064916119605e-05,-0.0021339475373915433,0.001045230244433292,-0.0006518097959639673,-0.002301373397951249,-0.0004332179534633342,-0.0052816647945508385,0.02552881108679796,2.552881108679796e-05,2.552881108679796e-05,-0.0018695280013904408,0.021881838074398252,2.188183807439825e-05,2.188183807439825e-05,-0.0002644195360011027,0.5014587892049599,0.5014587892049599
2014-01-16,-0.0014235802526498499,-0.0014782848478358454,0.05470459518599562,5.4704595185995626e-05,0.0015823926510552596,-0.0030059729037051094,-0.04263141398516861,0.9912472647702407,5.470459518599558e-05,-0.0014782848478358454,0.00493459383304346,0.008137475550680057,0.004631613984212786,0.006267905751787612,0.0016163299262284333,0.01823486506199854,1.823486506199854e-05,1.823486506199854e-05,0.001564157785993261,0.03646973012399708,3.646973012399708e-05,3.646973012399708e-05,-0.0030424426338291066,0.5014587892049599,0.5014587892049599
2014-01-17,-0.0016242019846519841,-0.0016679656608007806,0.043763676148796504,4.37636761487965e-05,-0.0006110528109478553,-0.001013149173704129,-0.14327972521603222,0.9912472647702407,4.3763676148796506e-05,-0.0016679656608007806,0.002109472793707915,0.0018403078331548116,-0.0003125505079860158,0.0003708948458262158,-0.00200463474181516,0.021881838074398252,2.188183807439825e-05,2.188183807439825e-05,-0.0006329346490222535,0.021881838074398252,2.188183807439825e-05,2.188183807439825e-05,-0.0010350310117785272,0.5014587892049599,0.5014587892049599
2014-01-20,0.0005656985921520993,0.0005109939969661037,0.05470459518599562,5.4704595185995626e-05,-0.0007302639546475068,0.0012959625467996061,0.029993075661230394,0.9912472647702407,5.470459518599558e-05,0.0005109939969661037,-0.002404618570154918,-0.002947868612707682,-0.0021855808422736552,-0.0034615930567383907,-0.0004645205682907562,0.02552881108679796,2.552881108679796e-05,2.552881108679796e-05,-0.0007557927657343047,0.029175784099197667,2.9175784099197667e-05,2.9175784099197667e-05,0.0012667867627004085,0.5014587892049599,0.5014587892049599
2014-01-21,0.000783668895708876,0.0007070824624484822,0.07658643326039388,7.658643326039387e-05,0.0019298084889860948,-0.0011461395932772188,0.020653221779738547,0.9912472647702407,7.658643326039383e-05,0.0007070824624484822,0.002433678119273418,0.0019862217473287673,0.002749532209289396,-0.0002861772456297239,0.005893201656044996,0.03282275711159738,3.282275711159737e-05,3.282275711159737e-05,0.0018969857318744973,0.043763676148796504,4.37636761487965e-05,4.37636761487965e-05,-0.0011899032694260153,0.5014587892049599,0.5014587892049599
2014-01-22,-0.0022515883569914495,-0.002335468736276643,0.08388037928519329,8.388037928519329e-05,-0.003597693249611023,0.001346104892619574,-0.12137227383223885,0.9912472647702407,8.388037928519325e-05,-0.002335468736276643,-0.002078136392591118,-0.003910184910723172,-0.004884427994475728,-0.006166912741160882,-0.0076727495578317656,0.04011670313639679,4.011670313639679e-05,4.011670313639679e-05,-0.00363780995274742,0.043763676148796504,4.37636761487965e-05,4.37636761487965e-05,0.0013023412164707775,0.5014587892049599,0.5014587892049599
2014-01-23,-0.0016749092536574093,-0.0017259668758310052,0.05105762217359592,5.105762217359592e-05,-0.0013498094800115125,-0.0003250997736458967,-0.1997750493510856,0.9912472647702407,5.1057622173595815e-05,-0.0017259668758310052,0.0007358445071583372,0.0004713112807722602,-0.005515569415961179,-0.0020463162883222552,-0.0030109822641358054,0.02552881108679796,2.552881108679796e-05,2.552881108679796e-05,-0.0013753382910983104,0.02552881108679796,2.552881108679796e-05,2.552881108679796e-05,-0.0003506285847326947,0.5014587892049599,0.5014587892049599
2014-01-24,0.001121192398892381,0.0010774287227435847,0.043763676148796504,4.37636761487965e-05,0.005175275827517553,-0.004054083428625172,0.09067617898372124,0.9912472647702407,4.376367614879629e-05,0.0010774287227435844,0.007586415382656133,0.009091856284058413,0.010778661647680491,0.013891519967113967,0.00855430949349595,0.02552881108679796,2.552881108679796e-05,2.552881108679796e-05,0.005149747016430755,0.01823486506199854,1.823486506199854e-05,1.823486506199854e-05,-0.00407231829368717,0.5014587892049599,0.5014587892049599
2014-01-27,0.0038328490847243644,0.003778144489538369,0.05470459518599562,5.4704595185995626e-05,0.005094803137639661,-0.0012619540529152967,0.20304771597541638,0.9912472647702407,5.470459518599558e-05,0.003778144489538369,0.0002871428305893823,0.007024410129563762,0.006250963886588804,0.006052391404012052,0.01219142621150268,0.03282275711159738,3.282275711159737e-05,3.282275711159737e-05,0.005061980380528064,0.021881838074398252,2.188183807439825e-05,2.188183807439825e-05,-0.0012838358909896949,0.5014587892049599,0.5014587892049599
2014-01-28,-0.0001695937402647854,-0.00022794530846318066,0.058351568198395334,5.8351568198395335e-05,-0.004625113744193215,0.00445552000392843,-0.0520503994791847,0.9912472647702407,5.835156819839526e-05,-0.00022794530846318074,-0.008672707527551265,-0.009314604231702396,-0.00875842597710131,-0.012626805716568571,-0.007540070962542494,0.02552881108679796,2.552881108679796e-05,2.552881108679796e-05,-0.004650642555280013,0.03282275711159738,3.282275711159737e-05,3.282275711159737e-05,0.004422697246816832,0.5014587892049599,0.5014587892049599
2014-01-29,0.00041974724362202646,0.000350454756386432,0.06929248723559446,6.929248723559445e-05,0.006697608722677944,-0.006277861479055918,0.04040630533087744,0.9912472647702407,6.929248723559447e-05,0.000350454756386432,0.013792545155399677,0.00994451567605192,0.008736033764978642,0.010674777630314667,0.014682412278032339,0.03282275711159738,3.282275711159737e-05,3.282275711159737e-05,0.006664785965566347,0.03646973012399708,3.646973012399708e-05,3.646973012399708e-05,-0.006314331209179915,0.5014587892049599,0.5014587892049599
2014-01-30,-0.0018935502420942296,-0.0019300199722182265,0.03646973012399708,3.646973012399708e-05,-0.003004499234811378,0.001110948992717149,-0.10534792866244246,0.9912472647702407,3.646973012399698e-05,-0.0019300199722182265,-0.0033594469637777,9.773421680233391e-05,-0.0012483149805948227,-0.007024295786292136,-0.005480741651184649,0.014587892049598834,1.4587892049598834e-05,1.4587892049598834e-05,-0.0030190871268609767,0.021881838074398252,2.188183807439825e-05,2.188183807439825e-05,0.0010890671546427508,0.5014587892049599,0.5014587892049599
2014-01-31,-0.0010288156054047031,-0.0010871671736030983,0.058351568198395334,5.8351568198395335e-05,-0.0038140486523477314,0.0027852330469430283,-0.06328246290720281,0.9912472647702407,5.8351568198395124e-05,-0.0010871671736030985,-0.008194598615394351,-0.00021555667814281314,-0.007329758440484219,-0.007339025083865461,-0.007737896729976841,0.029175784099197667,2.9175784099197667e-05,2.9175784099197667e-05,-0.003843224436446929,0.029175784099197667,2.9175784099197667e-05,2.9175784099197667e-05,0.0027560572628438306,0.5014587892049599,0.5014587892049599
2014-02-03,0.0032799963612649943,0.0032252917660789988,0.05470459518599562,5.4704595185995626e-05,0.009816925374533188,-0.006536929013268195,0.13176850352903854,0.9912472647702407,5.470459518599558e-05,0.0032252917660789988,0.01467582529413072,0.009719780403914568,0.01497516390236559,0.01246397156259072,0.0230944590391209,0.02552881108679796,2.552881108679796e-05,2.552881108679796e-05,0.00979139656344639,0.029175784099197667,2.9175784099197667e-05,2.9175784099197667e-05,-0.006566104797367392,0.5014587892049599,0.5014587892049599
2014-02-04,-0.002044369485001015,-0.002120955918261409,0.07658643326039388,7.658643326039387e-05,-0.005266696658087163,0.003222327173086148,-0.041301122916219214,0.9912472647702407,7.658643326039416e-05,-0.0021209559182614086,-0.006342182555177394,-0.006595193753492341,-0.010019721321950968,-0.009610152953902594,-0.010944198524401434,0.03282275711159738,3.282275711159737e-05,3.282275711159737e-05,-0.005299519415198761,0.043763676148796504,4.37636761487965e-05,4.37636761487965e-05,0.0031785634969373516,0.5014587892049599,0.5014587892049599
2014-02-05,0.0010600668009467262,0.000998068259735931,0.061998541210795045,6.199854121079504e-05,0.005184936187563613,-0.004124869386616888,0.0761340476990161,0.9912472647702407,6.19985412107951e-05,0.000998068259735931,0.008780795350006348,0.007103428870544319,0.00595596574160621,0.007341266239663736,0.011822629225274378,0.021881838074398252,2.188183807439825e-05,2.188183807439825e-05,0.005163054349489215,0.04011670313639679,4.011670313639679e-05,4.011670313639679e-05,-0.0041649860897532845,0.5014587892049599,0.5014587892049599
2014-02-06,-0.002744987486072432,-0.002806986027283227,0.061998541210795045,6.199854121079504e-05,-0.002879598340158898,0.00013461085408646666,-0.14196879383084965,0.9912472647702407,6.19985412107951e-05,-0.002806986027283227,-8.52373634728314e-05,-0.000638867225296894,-0.002453808390078445,-0.004515597686529264,-0.00634919750146183,0.02552881108679796,2.552881108679796e-05,2.552881108679796e-05,-0.002905127151245696,0.03646973012399708,3.646973012399708e-05,3.646973012399708e-05,9.814112396246957e-05,0.5014587892049599,0.5014587892049599
2014-02-07,0.001793007002056836,0.0016908917577096443,0.10211524434719184,0.00010211524434719183,0.00017432437845424224,0.0016186826236025938,0.13258750870915484,0.9912472647702407,0.00010211524434719163,0.001690891757709644,-0.0032750742572369264,-0.0031326581038688787,0.0003869186660994792,-0.0019814106084460113,0.0014994992093092035,0.04741064916119621,4.741064916119621e-05,4.741064916119621e-05,0.00012691372929304602,0.05470459518599562,5.4704595185995626e-05,5.4704595185995626e-05,0.0015639780284165982,0.5014587892049599,0.5014587892049599
2014-02-10,0.001091304513322332,0.0010110711070495384,0.08023340627279359,8.023340627279358e-05,-0.001286553001001361,0.0023778575143236927,0.06449541650354396,0.9912472647702407,8.02334062727937e-05,0.0010110711070495386,-0.005600544824273808,-0.0030056792658102473,-0.0032854201847191695,-0.002831583624202622,-0.0024340845431886295,0.03646973012399708,3.646973012399708e-05,3.646973012399708e-05,-0.001323022731125358,0.043763676148796504,4.37636761487965e-05,4.37636761487965e-05,0.0023340938381748964,0.5014587892049599,0.5014587892049599
2014-02-12,-0.0013306937561127167,-0.0014109271623855102,0.08023340627279359,8.023340627279358e-05,0.00030382031907812146,-0.001634514075190838,-0.07737397466269703,0.9912472647702407,8.023340627279349e-05,-0.0014109271623855102,0.002326742276203853,0.005145570769375238,0.006708373370186509,0.00288903889488353,-0.0005233015024563014,0.03282275711159738,3.282275711159737e-05,3.282275711159737e-05,0.0002709975619665241,0.04741064916119621,4.741064916119621e-05,4.741064916119621e-05,-0.0016819247243520343,0.5014587892049599,0.5014587892049599
2014-02-13,0.0014734219296661634,0.001415070361467768,0.058351568198395334,5.8351568198395335e-05,0.002165425970788754,-0.0006920040411225908,0.11486438765544651,0.9934354485776805,5.835156819839534e-05,0.001415070361467768,0.001206024642099584,0.0017317195824758823,-0.0033054214471536915,0.004879365298479861,0.004040746522928725,0.021881838074398252,2.188183807439825e-05,2.188183807439825e-05,0.002143544132714356,0.03646973012399708,3.646973012399708e-05,3.646973012399708e-05,-0.0007284737712465879,0.5014587892049599,0.5014587892049599
2014-02-14,-0.0010235582289470225,-0.001092850716182617,0.06929248723559446,6.929248723559445e-05,0.000423284642924414,-0.0014468428718714364,-0.10437799265107421,0.9934354485776805,6.929248723559441e-05,-0.001092850716182617,0.0026037970828354145,0.003454395249369006,3.871980393259934e-06,0.0008670019541316897,0.0008327832627922006,0.03282275711159738,3.282275711159737e-05,3.282275711159737e-05,0.00039046188581281664,0.03646973012399708,3.646973012399708e-05,3.646973012399708e-05,-0.0014833126019954334,0.5014587892049599,0.5014587892049599
2014-02-17,0.0007568985016158018,0.0007021939064298063,0.05470459518599562,5.4704595185995626e-05,-0.0028961634302207395,0.003653061931836541,0.04285081111254336,0.9934354485776805,5.470459518599558e-05,0.0007021939064298063,-0.0070487452174879265,-0.007762308169245941,-0.0067910753830403596,-0.006862259289582281,-0.005237991466201445,0.029175784099197667,2.9175784099197667e-05,2.9175784099197667e-05,-0.002925339214319937,0.02552881108679796,2.552881108679796e-05,2.552881108679796e-05,0.003627533120749743,0.5014587892049599,0.5014587892049599
2014-02-18,-0.0011422327836300397,-0.001226113162915233,0.08388037928519329,8.388037928519329e-05,0.0005391801042504961,-0.0016814128878805358,-0.07434186323532466,0.9934354485776805,8.388037928519325e-05,-0.001226113162915233,0.0034401720761266076,0.0031768699528174718,0.003461869602398335,0.0015831645629597773,0.0008240130105523494,0.043763676148796504,4.37636761487965e-05,4.37636761487965e-05,0.0004954164281016996,0.04011670313639679,4.011670313639679e-05,4.011670313639679e-05,-0.0017215295910169325,0.5014587892049599,0.5014587892049599
2014-02-19,-8.366808414590006e-05,-0.00014931359836909482,0.06564551422319476,6.564551422319475e-05,0.0029978923651147894,-0.0030815604492606895,0.026840826512297997,0.9934354485776805,6.564551422319476e-05,-0.00014931359836909482,0.006462311676915777,0.005503982437605046,0.0072581125482858114,0.006814798003599764,0.005564660623377021,0.02552881108679796,2.552881108679796e-05,2.552881108679796e-05,0.0029723635540279915,0.04011670313639679,4.011670313639679e-05,4.011670313639679e-05,-0.0031216771523970865,0.5014587892049599,0.5014587892049599
2014-02-20,-0.0005965895228482843,-0.0006622350370714791,0.06564551422319476,6.564551422319475e-05,-0.001847785874550735,0.0012511963517024506,-0.048345931902197124,0.9934354485776805,6.564551422319476e-05,-0.0006622350370714791,-0.0014085531247759056,-0.004692113234229201,-0.0031068314451233934,-0.0037146694776747325,-0.0036700589735609913,0.03282275711159738,3.282275711159737e-05,3.282275711159737e-05,-0.0018806086316623324,0.03282275711159738,3.282275711159737e-05,3.282275711159737e-05,0.0012183735945908531,0.5014587892049599,0.5014587892049599
2014-02-21,0.001989539322255358,0.0019384817000817622,0.05105762217359592,5.105762217359592e-05,0.004276004383562561,-0.0022864650613072033,0.1270236899857122,0.9956236323851203,5.1057622173595815e-05,0.0019384817000817622,0.003872947524785703,0.005948077967695612,0.006410742760495341,0.00643017133946214,0.009564213108992683,0.01823486506199854,1.823486506199854e-05,1.823486506199854e-05,0.004257769518500563,0.03282275711159738,3.282275711159737e-05,3.282275711159737e-05,-0.002319287818418801,0.5014587892049599,0.5014587892049599
2014-02-24,-0.00030151608545046316,-0.0003562206806364588,0.05470459518599562,5.4704595185995626e-05,-0.003867081578526106,0.003565565493075643,-0.019549849428036097,0.9956236323851203,5.470459518599563e-05,-0.0003562206806364588,-0.006507284287535814,-0.008329844038418601,-0.006911979277813419,-0.00661924604011036,-0.008251935587030836,0.03282275711159738,3.282275711159737e-05,3.282275711159737e-05,-0.0038999043356377034,0.021881838074398252,2.188183807439825e-05,2.188183807439825e-05,0.003543683655001245,0.5014587892049599,0.5014587892049599
2014-02-25,-0.000679581751827159,-0.0007342863470131545,0.05470459518599562,5.4704595185995626e-05,0.000720500873650942,-0.001400082625478101,-0.058524383487774105,0.9956236323851203,5.470459518599558e-05,-0.0007342863470131545,0.0024083185545273177,0.0035678538217490557,0.003846912422663648,0.0002746800116647995,0.0020115586850471727,0.02552881108679796,2.552881108679796e-05,2.552881108679796e-05,0.000694972062564144,0.029175784099197667,2.9175784099197667e-05,2.9175784099197667e-05,-0.0014292584095772986,0.5014587892049599,0.5014587892049599
2014-02-26,0.003404320667140058,0.003345969098941663,0.058351568198395334,5.8351568198395335e-05,0.0019516740221433623,0.0014526466449966962,0.21999926429866204,0.9956236323851203,5.835156819839534e-05,0.003345969098941663,-0.0037146599809080826,-0.00124323058933078,0.0010557495660347383,0.003757553588819216,0.003958481832396039,0.02552881108679796,2.552881108679796e-05,2.552881108679796e-05,0.0019261452110565644,0.03282275711159738,3.282275711159737e-05,3.282275711159737e-05,0.0014198238878850987,0.5014587892049599,0.5014587892049599
2014-02-27,-0.00012556373756253321,-0.00018391530576092856,0.058351568198395334,5.8351568198395335e-05,-0.0018186394051389696,0.0016930756675764365,-0.005529990902465504,0.9956236323851203,5.835156819839534e-05,-0.00018391530576092856,-0.003991984819347379,-0.002131400981747253,-0.0011440472912750234,-0.0020400796422618203,-0.0044113837083281805,0.03282275711159738,3.282275711159737e-05,3.282275711159737e-05,-0.001851462162250567,0.02552881108679796,2.552881108679796e-05,2.552881108679796e-05,0.0016675468564896385,0.5014587892049599,0.5014587892049599
2014-02-28,-0.004563483806165305,-0.0046218353743637,0.058351568198395334,5.8351568198395335e-05,-0.0031791028708099264,-0.0013843809353553784,-0.27801954895784137,0.9956236323851203,5.835156819839534e-05,-0.0046218353743637,0.0032012852413269626,0.0018698683576343768,0.0017542260720531297,-0.0024501180523663355,-0.008263365606450147,0.02552881108679796,2.552881108679796e-05,2.552881108679796e-05,-0.0032046316818967243,0.03282275711159738,3.282275711159737e-05,3.282275711159737e-05,-0.0014172036924669758,0.5014587892049599,0.5014587892049599
2014-03-03,0.0013716463854890329,0.001320588763315437,0.05105762217359592,5.105762217359592e-05,0.004549506847127469,-0.003177860461638436,0.1158990980650975,0.9956236323851203,5.1057622173595815e-05,0.001320588763315437,0.006325337432221837,0.0063612812047659385,0.004409091185105035,0.008378144681546051,0.009415969505130507,0.02552881108679796,2.552881108679796e-05,2.552881108679796e-05,0.004523978036040671,0.02552881108679796,2.552881108679796e-05,2.552881108679796e-05,-0.003203389272725234,0.5014587892049599,0.5014587892049599
2014-03-04,-0.0017206146549769929,-0.0017753192501629884,0.05470459518599562,5.4704595185995626e-05,-0.0027518604960994108,0.001031245841122418,-0.09931039929964841,0.9956236323851203,5.470459518599558e-05,-0.0017753192501629884,-0.0013307511201967417,-0.003523923221487182,-0.0032894549493494014,-0.003907084324783294,-0.006269432731008897,0.029175784099197667,2.9175784099197667e-05,2.9175784099197667e-05,-0.0027810362801986084,0.02552881108679796,2.552881108679796e-05,2.552881108679796e-05,0.0010057170300356202,0.5014587892049599,0.5014587892049599
2014-03-05,-0.0003783836185118626,-0.00044767610574745706,0.06929248723559446,6.929248723559445e-05,0.00013739367077799232,-0.0005157772892898548,-0.03705056323364438,0.9956236323851203,6.929248723559447e-05,-0.00044767610574745706,0.0008672450782619307,0.0013547161653446283,-0.001463545065907148,-0.0007695396467284103,0.0007900804179724801,0.03646973012399708,3.646973012399708e-05,3.646973012399708e-05,0.00010092394065399523,0.03282275711159738,3.282275711159737e-05,3.282275711159737e-05,-0.0005486000464014521,0.5014587892049599,0.5014587892049599
2014-03-06,0.0001896986218101118,0.00012405310758691702,0.06564551422319476,6.564551422319475e-05,-0.0002369905893937417,0.00042668921120385346,0.013270256713993246,0.9956236323851203,6.564551422319479e-05,0.00012405310758691708,-0.0003958925967666607,-0.0017709024793310737,-0.001674107127729081,0.0003036507407136512,-0.0008565100903721207,0.029175784099197667,2.9175784099197667e-05,2.9175784099197667e-05,-0.00026616637349293935,0.03646973012399708,3.646973012399708e-05,3.646973012399708e-05,0.00039021948107985637,0.5014587892049599,0.5014587892049599
2014-03-07,0.001089856222744299,0.001038798600570703,0.05105762217359592,5.105762217359592e-05,0.0021084277610696274,-0.0010185715383253286,0.11090397899093657,0.9956236323851203,5.105762217359603e-05,0.0010387986005707033,0.001364696070131265,0.003378907194653378,0.001592225900482198,0.005066465327173875,0.0037783339097704404,0.029175784099197667,2.9175784099197667e-05,2.9175784099197667e-05,0.0020792519769704297,0.021881838074398252,2.188183807439825e-05,2.188183807439825e-05,-0.0010404533763997267,0.5014587892049599,0.5014587892049599
2014-03-10,-0.0018449211010674565,-0.0018923317502286528,0.04741064916119621,4.741064916119621e-05,-0.0036757922935087965,0.0018308711924413397,-0.14623047833379027,0.9956236323851203,4.741064916119627e-05,-0.0018923317502286528,-0.0026628296175037294,-0.005649330904551039,-0.0018649703836614681,-0.006525749230563158,-0.007728050618364002,0.01823486506199854,1.823486506199854e-05,1.823486506199854e-05,-0.003694027158570795,0.029175784099197667,2.9175784099197667e-05,2.9175784099197667e-05,0.001801695408342142,0.5014587892049599,0.5014587892049599
2014-03-11,0.0003552656607815188,0.000304208038607923,0.05105762217359592,5.105762217359592e-05,0.0028271090716949897,-0.0024718434109134713,-0.011356224707701508,0.9956236323851203,5.1057622173595815e-05,0.0003042080386079229,0.004794508158818036,0.005201861816729986,0.0020355893405917687,0.006060318351506757,0.005428791548534878,0.021881838074398252,2.188183807439825e-05,2.188183807439825e-05,0.0028052272336205916,0.029175784099197667,2.9175784099197667e-05,2.9175784099197667e-05,-0.002501019195012669,0.5014587892049599,0.5014587892049599
2014-03-12,0.00036022351874655424,0.00032010681561015744,0.04011670313639679,4.011670313639679e-05,-0.003568340469657296,0.0039285639884038505,-0.0033010984966577706,0.9956236323851203,4.01167031363968e-05,0.00032010681561015744,-0.007188992669038231,-0.009139009232281723,-0.008443680941654937,-0.006613595062456858,-0.00736435197215482,0.021881838074398252,2.188183807439825e-05,2.188183807439825e-05,-0.003590222307731694,0.01823486506199854,1.823486506199854e-05,1.823486506199854e-05,0.003910329123341852,0.5014587892049599,0.5014587892049599
2014-03-13,-0.004243319243435871,-0.004294376865609467,0.05105762217359592,5.105762217359592e-05,0.0006996482678798221,-0.004942967511315692,-0.2689114646020168,0.9956236323851203,5.1057622173595815e-05,-0.004294376865609467,0.010293441604967824,0.008975056350455453,0.005277450787725121,0.003401242958448246,0.000403119570035348,0.021881838074398252,2.188183807439825e-05,2.188183807439825e-05,0.0006777664298054239,0.029175784099197667,2.9175784099197667e-05,2.9175784099197667e-05,-0.00497214329541489,0.5014587892049599,0.5014587892049599
2014-03-14,-0.0002446945578262747,-0.00030304612602467004,0.058351568198395334,5.8351568198395335e-05,0.004326560103952572,-0.004571254661778846,-0.034586212478827524,0.9956236323851203,5.835156819839534e-05,-0.00030304612602467004,0.009352362088487774,0.008637817936678784,0.00842663656319747,0.008873342178722416,0.008506583819260059,0.02552881108679796,2.552881108679796e-05,2.552881108679796e-05,0.0043010312928657745,0.03282275711159738,3.282275711159737e-05,3.282275711159737e-05,-0.004604077418890444,0.5014587892049599,0.5014587892049599
2014-03-17,0.0017058325187312808,0.001654774896557685,0.05105762217359592,5.105762217359592e-05,8.779771115905855e-06,0.001697052747615375,0.10958889014265878,0.9956236323851203,5.1057622173595815e-05,0.001654774896557685,-0.003406243724717294,-0.0033397239719152702,-0.002840955060245257,-8.157102233428032e-05,6.650972561077338e-05,0.02552881108679796,2.552881108679796e-05,2.552881108679796e-05,-1.6749039970892104e-05,0.02552881108679796,2.552881108679796e-05,2.552881108679796e-05,0.0016715239365285772,0.5014587892049599,0.5014587892049599
2014-03-18,3.7026122855152844e-05,-1.76784723308428e-05,0.05470459518599562,5.4704595185995626e-05,-0.0005090587225851031,0.0005460848454402561,-0.013945572609054813,0.9956236323851203,5.4704595185995646e-05,-1.7678472330842782e-05,-0.0014304289778168811,-0.0003986153551772557,-0.000219203150935463,-0.0015964290235128019,-0.0007276780561195957,0.029175784099197667,2.9175784099197667e-05,2.9175784099197667e-05,-0.0005382345066843008,0.02552881108679796,2.552881108679796e-05,2.552881108679796e-05,0.0005205560343534582,0.5014587892049599,0.5014587892049599
2014-03-19,0.00011710115722219665,5.874958902380131e-05,0.058351568198395334,5.8351568198395335e-05,0.0002133338447802742,-9.62326875580775e-05,-0.012752208782043075,0.9956236323851203,5.835156819839534e-05,5.8749589023801315e-05,-0.00031933601207542777,0.001225624528337675,0.002158928570716942,0.0014239323185761049,-6.839978539632189e-05,0.021881838074398252,2.188183807439825e-05,2.188183807439825e-05,0.00019145200670587595,0.03646973012399708,3.646973012399708e-05,3.646973012399708e-05,-0.0001327024176820746,0.5014587892049599,0.5014587892049599
2014-03-20,0.0018919529829168993,0.0018372483877309037,0.05470459518599562,5.4704595185995626e-05,0.0033043002797006464,-0.0014123472967837473,0.06238181215434213,0.9956236323851203,5.470459518599558e-05,0.0018372483877309037,0.0033540235406136006,0.0017295706163000485,-0.0027233267246807996,0.004872550396380856,0.007438457539767263,0.021881838074398252,2.188183807439825e-05,2.188183807439825e-05,0.003282418441626248,0.03282275711159738,3.282275711159737e-05,3.282275711159737e-05,-0.0014451700538953447,0.5014587892049599,0.5014587892049599
2014-03-24,-0.002517157136934164,-0.0025718617321201596,0.05470459518599562,5.4704595185995626e-05,-0.003128347573278974,0.0006111904363448101,-0.10097902651130838,0.9956236323851203,5.470459518599558e-05,-0.0025718617321201596,-0.00333350008236286,0.0030570019765194774,0.0019204100671946652,0.0016658255256048657,-0.010147695282696913,0.029175784099197667,2.9175784099197667e-05,2.9175784099197667e-05,-0.0031575233573781715,0.02552881108679796,2.552881108679796e-05,2.552881108679796e-05,0.0005856616252580122,0.5014587892049599,0.5014587892049599
2014-03-25,-0.0006063509622516489,-0.0006610555574376446,0.05470459518599562,5.4704595185995626e-05,-0.005214415472964964,0.004608064510713315,-0.05064015672781234,0.9956236323851203,5.470459518599569e-05,-0.0006610555574376445,-0.009661161750787236,-0.00823526170912451,-0.00926892782702731,-0.009938946308268581,-0.010625768105008397,0.03282275711159738,3.282275711159737e-05,3.282275711159737e-05,-0.0052472382300765615,0.021881838074398252,2.188183807439825e-05,2.188183807439825e-05,0.004586182672638916,0.5014587892049599,0.5014587892049599
2014-03-26,0.0013574646756549943,0.0012553494313078024,0.10211524434719184,0.00010211524434719183,-0.0004049879624456379,0.001762452638100632,0.09329207043345736,0.9978118161925602,0.00010211524434719185,0.0012553494313078024,-0.0033906236586418834,-0.0037654315774096714,-0.0018642542998733476,-0.0011525513211935263,-0.0006370284150900922,0.05105762217359592,5.105762217359592e-05,5.105762217359592e-05,-0.0004560455846192338,0.05105762217359592,5.105762217359592e-05,5.105762217359592e-05,0.0017113950159270363,0.5014587892049599,0.5014587892049599
2014-03-27,-0.0025944806955056545,-0.0026820080478032475,0.08752735229759301,8.7527352297593e-05,0.001231247280567194,-0.0038257279760728485,-0.15327641017327276,0.9978118161925602,8.752735229759301e-05,-0.0026820080478032475,0.008900682698986655,0.005058281378734126,0.0035126237540746208,0.003953981707199319,0.0017141503984125612,0.043763676148796504,4.37636761487965e-05,4.37636761487965e-05,0.0011874836044183975,0.043763676148796504,4.37636761487965e-05,4.37636761487965e-05,-0.003869491652221645,0.5014587892049599,0.5014587892049599
2014-03-28,0.0015532071019306961,0.001480267641682702,0.07293946024799416,7.293946024799416e-05,-0.0007517923891739653,0.0023049994911046616,0.07440281494885416,0.9978118161925602,7.293946024799418e-05,0.001480267641682702,-0.004103570960354752,-0.005593457848533208,-0.0028777739767813274,-0.0016051604408429975,-0.0014468116636211401,0.03282275711159738,3.282275711159737e-05,3.282275711159737e-05,-0.0007846151462855627,0.04011670313639679,4.011670313639679e-05,4.011670313639679e-05,0.0022648827879682646,0.5014587892049599,0.5014587892049599
2014-03-31,0.0014138032774742698,0.001337216844213876,0.07658643326039388,7.658643326039387e-05,0.0013860879341228438,2.771534335142613e-05,0.08821710329734987,0.9978118161925602,7.658643326039394e-05,0.001337216844213876,-0.0006214365767390931,0.0010895080860007804,-0.002183924436872568,-0.0014078219492240746,0.0048274044589802076,0.04741064916119621,4.741064916119621e-05,4.741064916119621e-05,0.0013386772849616475,0.029175784099197667,2.9175784099197667e-05,2.9175784099197667e-05,-1.4604407477715379e-06,0.5014587892049599,0.5014587892049599
2014-04-01,-0.005235600988302897,-0.005285058083019087,0.04945709471618911,4.945709471618911e-05,-0.0035898348690294405,-0.001645766119273457,-0.30182082480492306,0.9956331877729258,4.94570947161899e-05,-0.005285058083019086,0.005232792552823985,-0.0006408875886474881,-0.0003048427291431576,-0.005672531748229297,-0.007917243776791927,0.01927401348583735,1.927401348583735e-05,1.927401348583735e-05,-0.003609108882515278,0.03018308123035176,3.0183081230351762e-05,3.0183081230351762e-05,-0.0016759492005038086,0.5003639010189228,0.5003639010189228
2014-04-02,0.0002260815822934415,0.000160579398887328,0.06550218340611354,6.550218340611354e-05,-0.0023056955863724076,0.0025317771686658493,0.03513535165156038,0.9956331877729258,6.550218340611351e-05,0.00016057939888732798,-0.005357092888288236,-0.004458897147843025,-0.004660810546346051,-0.0028164595610047044,-0.005494089533798084,0.04002911208151383,4.002911208151383e-05,4.002911208151383e-05,-0.0023457246984539214,0.025473071324599708,2.5473071324599708e-05,2.5473071324599708e-05,0.0025063040973412496,0.5003639010189228,0.5003639010189228
2014-04-03,-0.003337533857095926,-0.0034030360405020396,0.06550218340611354,6.550218340611354e-05,-0.0026888504800196625,-0.0006486833770762636,-0.22300089008089627,0.9956331877729258,6.550218340611348e-05,-0.0034030360405020396,0.0017966426974532978,0.0002849904143923922,-0.001396325101582264,-0.0012071559267044403,-0.0074344621439603395,0.02911208151382824,2.9112081513828238e-05,2.9112081513828238e-05,-0.0027179625615334907,0.036390101892285295,3.6390101892285295e-05,3.6390101892285295e-05,-0.0006850734789685489,0.5003639010189228,0.5003639010189228
2014-04-04,0.0003782011519961508,0.0003163379787792658,0.061863173216885003,6.186317321688501e-05,0.00180815583993769,-0.0014299546879415392,-0.014326973931248104,0.9956331877729258,6.186317321688501e-05,0.0003163379787792658,0.0022995097019026787,0.003986739685083265,0.004179200629766364,0.003324242178302023,0.0037568283228492953,0.025473071324599708,2.5473071324599708e-05,2.5473071324599708e-05,0.0017826827686130903,0.036390101892285295,3.6390101892285295e-05,3.6390101892285295e-05,-0.0014663447898338245,0.5003639010189228,0.5003639010189228
2014-04-07,-0.003134296685749136,-0.0031925208487767922,0.05822416302765648,5.8224163027656476e-05,-0.0011284474811722662,-0.0020058492045768694,-0.21411121822118398,0.9956331877729258,5.822416302765643e-05,-0.0031925208487767922,0.004327011671029982,0.0033653250040212184,0.0005078011752598122,-0.000311569947725914,-0.003216531904397931,0.025473071324599708,2.5473071324599708e-05,2.5473071324599708e-05,-0.0011539205524968659,0.03275109170305677,3.275109170305677e-05,3.275109170305677e-05,-0.002038600296279926,0.5003639010189228,0.5003639010189228
2014-04-08,0.0005663004129655796,0.0005117152601271517,0.05458515283842795,5.458515283842795e-05,0.00621727338399928,-0.0056509729710337,0.07181306301603203,0.9956331877729258,5.45851528384279e-05,0.0005117152601271517,0.012607239686476477,0.008637831237015933,0.011416276546301628,0.011771897801938108,0.012748754086248025,0.03275109170305677,3.275109170305677e-05,3.275109170305677e-05,0.006184522292296223,0.021834061135371178,2.1834061135371177e-05,2.1834061135371177e-05,-0.005672807032169071,0.5003639010189228,0.5003639010189228
2014-04-09,0.0010239564275999684,0.0009402591932477124,0.08369723435225619,8.369723435225618e-05,-0.006579312916589471,0.00760326934418944,0.0624017199709074,0.9956331877729258,8.369723435225601e-05,0.0009402591932477121,-0.016840390493539824,-0.011869505283024055,-0.012374013262962223,-0.010296874796212361,-0.014559645502729614,0.03275109170305677,3.275109170305677e-05,3.275109170305677e-05,-0.006612064008292528,0.050946142649199416,5.0946142649199415e-05,5.0946142649199415e-05,0.007552323201540241,0.5003639010189228,0.5003639010189228
2014-04-10,-0.0018647283686075472,-0.0019484256029598033,0.08369723435225619,8.369723435225618e-05,0.002582186959735149,-0.004446915328342696,-0.09193663656742965,0.9956331877729258,8.369723435225612e-05,-0.0019484256029598033,0.009685930907855096,0.007272674477052839,0.005525994296820023,0.0044694926768407165,0.00550242456238007,0.04730713245997089,4.730713245997089e-05,4.730713245997089e-05,0.0025348798272751783,0.036390101892285295,3.6390101892285295e-05,3.6390101892285295e-05,-0.004483305430234981,0.5003639010189228,0.5003639010189228
2014-04-11,0.0010518975188841852,0.0009863953354780717,0.06550218340611354,6.550218340611354e-05,0.0018464727656941158,-0.0007945752468099306,0.0283699521953285,0.9956331877729258,6.550218340611348e-05,0.0009863953354780717,0.0004216476185583977,0.003946323009142777,0.005243321176883205,0.004298554863588854,0.0033894181491244584,0.04002911208151383,4.002911208151383e-05,4.002911208151383e-05,0.001806443653612602,0.025473071324599708,2.5473071324599708e-05,2.5473071324599708e-05,-0.0008200483181345303,0.5003639010189228,0.5003639010189228
2014-04-14,7.112208506634861e-06,-6.93070054671642e-05,0.07641921397379912,7.641921397379913e-05,-9.581438317056837e-05,0.00010292659167720328,0.02575273722339077,0.9956331877729258,7.641921397379906e-05,-6.930700546716427e-05,0.00015356070347039686,-0.0009321277387290543,-0.0009881082991591056,-0.00037165333732370006,-0.00010238658312004181,0.03275109170305677,3.275109170305677e-05,3.275109170305677e-05,-0.00012856547487362515,0.043668122270742356,4.3668122270742355e-05,4.3668122270742355e-05,5.925846940646093e-05,0.5003639010189228,0.5003639010189228
2014-04-15,-0.0014720052428115644,-0.0015338684160284494,0.061863173216885003,6.186317321688501e-05,-0.0014392616660743763,-3.274357673718816e-05,-0.11693610186079269,0.9956331877729258,6.186317321688495e-05,-0.0015338684160284494,0.0012413723352316076,-0.0023122707682182103,-0.0031011770544754247,-0.0034960989536498652,-0.0025699630809366274,0.025473071324599708,2.5473071324599708e-05,2.5473071324599708e-05,-0.001464734737398976,0.036390101892285295,3.6390101892285295e-05,3.6390101892285295e-05,-6.913367862947345e-05,0.5003639010189228,0.5003639010189228
2014-04-16,-0.00029138241598818083,-0.0003787186605296655,0.08733624454148471,8.733624454148471e-05,0.0012358312954711466,-0.0015272137114593276,0.016243311895710443,0.9956331877729258,8.73362445414847e-05,-0.0003787186605296655,0.00260962125209324,0.003947102697064728,0.001901645310757332,0.003208314738801927,0.002104653471521559,0.043668122270742356,4.3668122270742355e-05,4.3668122270742355e-05,0.0011921631732004043,0.043668122270742356,4.3668122270742355e-05,4.3668122270742355e-05,-0.00157088183373007,0.5003639010189228,0.5003639010189228
2014-04-17,0.0018281433055066872,0.0017553631017221166,0.07278020378457059,7.278020378457059e-05,0.0006079202932353842,0.001220223012271303,0.13394470867600541,0.9956331877729258,7.278020378457054e-05,0.0017553631017221166,-0.0022338028949025063,-0.002852910273431285,-0.001674682592450892,-0.0017239738735383393,0.002668448998120413,0.03275109170305677,3.275109170305677e-05,3.275109170305677e-05,0.0005751692015323274,0.04002911208151383,4.002911208151383e-05,4.002911208151383e-05,0.0011801939001897892,0.5003639010189228,0.5003639010189228
2014-04-18,0.0005589167721691188,0.0004897755785737767,0.06914119359534207,6.914119359534206e-05,0.0006847244689785307,-0.00012580769680941184,0.06575777928550337,0.9956331877729258,6.914119359534212e-05,0.0004897755785737768,-0.0008243618931694597,0.00242666481878718,0.00023684666998003543,0.001852333536219983,0.0011291424801879457,0.02911208151382824,2.9112081513828238e-05,2.9112081513828238e-05,0.0006556123874647024,0.04002911208151383,4.002911208151383e-05,4.002911208151383e-05,-0.00016583680889092567,0.5003639010189228,0.5003639010189228
2014-04-21,0.00027662861497453463,0.00021840445194687815,0.05822416302765648,5.8224163027656476e-05,0.0002260672957983559,5.056131917617866e-05,0.024013453598664452,0.9956331877729258,5.822416302765648e-05,0.00021840445194687815,5.181245198150014e-05,-0.000410131782239822,0.0020849266089857936,0.0030380048247205483,-0.0008272383330369211,0.021834061135371178,2.1834061135371177e-05,2.1834061135371177e-05,0.00020423323466298472,0.036390101892285295,3.6390101892285295e-05,3.6390101892285295e-05,1.4171217283893362e-05,0.5003639010189228,0.5003639010189228
2014-04-22,0.00011870914236470446,5.68459691478195e-05,0.061863173216885003,6.186317321688501e-05,-0.0005450326262494617,0.0006637417686141662,0.024393759739412657,0.9956331877729258,6.186317321688495e-05,5.684596914781945e-05,-0.0013496734884438635,-0.0012796983973260973,-0.0015761275920316625,-0.0007201434790115479,-0.001271830841286159,0.02911208151382824,2.9112081513828238e-05,2.9112081513828238e-05,-0.0005741447077632899,0.03275109170305677,3.275109170305677e-05,3.275109170305677e-05,0.0006309906769111094,0.5003639010189228,0.5003639010189228
2014-04-23,0.0007802050722374742,0.0007272372572609255,0.05296781497654843,5.296781497654843e-05,0.0023714335689163104,-0.0015912284966788364,0.06063712478939252,0.9934640522875817,5.296781497654871e-05,0.0007272372572609258,0.0023760134544585066,0.004774588916851496,0.0021745522622555443,0.0018488773470435962,0.0061743961621255035,0.02104521252136621,2.1045212521366214e-05,2.1045212521366214e-05,0.002350388356394944,0.03192260245518221,3.1922602455182215e-05,3.1922602455182215e-05,-0.0016231510991340187,0.5010893246187365,0.5010893246187365
2014-04-24,0.0006087334513750027,0.0005578983025006382,0.05083514887436457,5.083514887436457e-05,-0.0015646386485800936,0.002173372099955096,0.028942752725453748,0.9934640522875817,5.083514887436449e-05,0.0005578983025006381,-0.005755908668968438,-0.001500066930055155,-0.0030343550950315728,-0.0016018912091127454,-0.003882766176084472,0.029048656499636897,2.9048656499636897e-05,2.9048656499636897e-05,-0.0015936873050797305,0.021786492374727674,2.178649237472767e-05,2.178649237472767e-05,0.0021515856075803685,0.5010893246187365,0.5010893246187365
2014-04-25,0.00011785604604877195,5.9758733049498204e-05,0.058097312999273794,5.8097312999273794e-05,0.0012190253932794284,-0.0011011693472306565,0.002081242756939844,0.9934640522875817,5.8097312999273746e-05,5.975873304949816e-05,0.0016445284571204102,0.0033035960907009786,0.006518659012495373,0.004359261621092487,0.0014694952036836968,0.025417574437182285,2.5417574437182284e-05,2.5417574437182284e-05,0.0011936078188422461,0.03267973856209151,3.2679738562091506e-05,3.2679738562091506e-05,-0.001133849085792748,0.5010893246187365,0.5010893246187365
2014-04-28,0.0025704004302233405,0.0025050409530991574,0.06535947712418302,6.535947712418301e-05,-0.0003297651663478255,0.002900165596571166,0.10946324439232039,0.9934640522875817,6.535947712418312e-05,0.0025050409530991574,-0.008542984856596339,-0.000277195619322515,0.0003801214809708874,0.00014081073943941622,-0.001057550226373959,0.036310820624546124,3.631082062454612e-05,3.631082062454612e-05,-0.00036607598697237166,0.029048656499636897,2.9048656499636897e-05,2.9048656499636897e-05,0.002871116940071529,0.5010893246187365,0.5010893246187365
2014-04-30,-0.00211976256099882,-0.0021742287919356397,0.05446623093681918,5.4466230936819184e-05,-0.0012167716747913764,-0.000902990886207444,-0.1201997739931104,0.9934640522875817,5.446623093681956e-05,-0.0021742287919356393,0.002846904666494894,-0.0002876421577391348,-0.0036448205731380206,-0.0025591612898201487,-0.0023627989120197624,0.029048656499636897,2.9048656499636897e-05,2.9048656499636897e-05,-0.0012458203312910132,0.025417574437182285,2.5417574437182284e-05,2.5417574437182284e-05,-0.0009284084606446263,0.5010893246187365,0.5010893246187365
2014-05-01,0.0007002550713021701,0.0006240023479906232,0.07625272331154685,7.625272331154685e-05,-0.0015497925475574654,0.0022500476188596357,0.03348124141542758,0.9934640522875817,7.62527233115469e-05,0.0006240023479906233,-0.0028422127189933386,-0.007786511827968618,-0.0048414465587429045,-0.005641251914458556,-0.0018186443427416566,0.04357298474945535,4.357298474945534e-05,4.357298474945534e-05,-0.0015933655323069208,0.03267973856209151,3.2679738562091506e-05,3.2679738562091506e-05,0.002217367880297544,0.5010893246187365,0.5010893246187365
2014-05-02,-0.0005197099747513914,-0.0006032248621878473,0.08351488743645608,8.351488743645608e-05,0.001938540859631681,-0.002458250834383072,-0.03634448471935018,0.9934640522875817,8.351488743645595e-05,-0.0006032248621878475,0.0048486801435279475,0.005020080577924496,0.0020823003814810343,0.0021161426458334923,0.004744908598198089,0.04357298474945535,4.357298474945534e-05,4.357298474945534e-05,0.0018949678748822257,0.039941902687000735,3.994190268700073e-05,3.994190268700073e-05,-0.0024981927370700727,0.5010893246187365,0.5010893246187365
2014-05-07,0.0005079194106238205,0.0004352977693747283,0.07262164124909225,7.262164124909225e-05,-0.0010861070085710321,0.0015940264191948528,-0.02984017397139236,0.9934640522875817,7.262164124909227e-05,0.0004352977693747283,-0.005389564651184383,0.0012357624361456702,0.00011205468539603045,-0.0002597646829078518,-0.0031213553776815325,0.05083514887436457,5.083514887436457e-05,5.083514887436457e-05,-0.0011369421574453967,0.021786492374727674,2.178649237472767e-05,2.178649237472767e-05,0.001572239926820125,0.5010893246187365,0.5010893246187365
2014-05-08,0.0019042004526825937,0.0018315788114335013,0.07262164124909225,7.262164124909225e-05,0.0005795648225362912,0.0013246356301463023,0.0293107827611595,0.9934640522875817,7.262164124909238e-05,0.0018315788114335015,-0.004167369188165796,0.00040420245149916785,-0.002090256518290492,0.0012027798392630314,0.0011335247773955994,0.036310820624546124,3.631082062454612e-05,3.631082062454612e-05,0.0005432540019117451,0.036310820624546124,3.631082062454612e-05,3.631082062454612e-05,0.0012883248095217562,0.5010893246187365,0.5010893246187365
2014-05-09,0.002802062815238791,0.0027475965843019715,0.05446623093681918,5.4466230936819184e-05,0.0021531214596714706,0.0006489413555673202,0.13109779132621147,0.9934640522875817,5.446623093681956e-05,0.002747596584301972,-0.0025877235575186425,0.0012902634340972864,0.0032428151551613465,0.005478743186025966,0.0037059506895253096,0.03267973856209151,3.2679738562091506e-05,3.2679738562091506e-05,0.002120441721109379,0.021786492374727674,2.178649237472767e-05,2.178649237472767e-05,0.0006271548631925925,0.5010893246187365,0.5010893246187365
2014-05-12,-0.0032306387694091814,-0.0033250469030330016,0.09440813362381992,9.440813362381992e-05,-0.004596645299123612,0.0013660065297144306,-0.18291548382597997,0.9934640522875817,9.440813362382016e-05,-0.003325046903033001,-0.0018907234505133451,-0.0043967748007853556,-0.006835644252336084,-0.0077867445464117925,-0.009866585502648914,0.05083514887436457,5.083514887436457e-05,5.083514887436457e-05,-0.004647480447997976,0.04357298474945535,4.357298474945534e-05,4.357298474945534e-05,0.0013224335449649753,0.5010893246187365,0.5010893246187365
2014-05-13,-0.0002696993060966823,-0.0003713696038454115,0.10167029774872914,0.00010167029774872914,-0.0006997258215229561,0.0004300265154262738,-0.08135792452321634,0.9934640522875817,0.00010167029774872915,-0.0003713696038454115,0.00011994150255007326,-0.0028144330561522286,-0.0003823469156777903,-0.0006176877391303128,-0.0017857701657329093,0.05083514887436457,5.083514887436457e-05,5.083514887436457e-05,-0.0007505609703973207,0.05083514887436457,5.083514887436457e-05,5.083514887436457e-05,0.00037919136655190924,0.5010893246187365,0.5010893246187365
2014-05-14,-0.00043405949945935613,-0.0005175743868958122,0.08351488743645608,8.351488743645608e-05,0.00012986245125628596,-0.0005639219507156421,-0.009077610168867389,0.9934640522875817,8.351488743645605e-05,-0.0005175743868958122,0.0006591589910780285,0.002057858218432808,-0.0006811135951413122,-0.0028649390223356407,0.001821209935906746,0.04720406681190996,4.720406681190996e-05,4.720406681190996e-05,8.2658384444376e-05,0.036310820624546124,3.631082062454612e-05,3.631082062454612e-05,-0.0006002327713401881,0.5010893246187365,0.5010893246187365
2014-05-15,0.0020556816521598914,0.001964904600598526,0.0907770515613653,9.07770515613653e-05,0.004445538013949251,-0.00238985636178936,0.11137914401426667,0.9956427015250545,9.07770515613652e-05,0.001964904600598526,0.004653088608094353,0.005001788915045849,0.00768018007962928,0.006392365214549822,0.010111438795351433,0.039941902687000735,3.994190268700073e-05,3.994190268700073e-05,0.004405596111262251,0.05083514887436457,5.083514887436457e-05,5.083514887436457e-05,-0.0024406915106637245,0.5010893246187365,0.5010893246187365
2014-05-16,0.0025309654132108094,0.0024656059360866267,0.06535947712418302,6.535947712418301e-05,0.001180057517891459,0.0013509078953193505,0.16468348339694713,0.9956427015250545,6.535947712418269e-05,0.0024656059360866262,-0.0036875429528800165,-0.0007127409283910327,0.0016570555418471797,0.0036263807356877683,0.001719286158539896,0.03267973856209151,3.2679738562091506e-05,3.2679738562091506e-05,0.0011473777793293675,0.03267973856209151,3.2679738562091506e-05,3.2679738562091506e-05,0.001318228156757259,0.5010893246187365,0.5010893246187365
2014-05-19,7.767839596108338e-05,-5.836491475372718e-06,0.08351488743645608,8.351488743645608e-05,-0.0017215728974459654,0.0017992512934070488,0.07633888287695724,0.9956427015250545,8.35148874364561e-05,-5.836491475372704e-06,-0.0044409754387761055,-0.001890088387758683,-0.004859838717102555,-0.0033913403287413432,-0.0034578208786360536,0.04357298474945535,4.357298474945534e-05,4.357298474945534e-05,-0.0017651458821954207,0.039941902687000735,3.994190268700073e-05,3.994190268700073e-05,0.001759309390720048,0.5010893246187365,0.5010893246187365
2014-05-20,0.0017479817225279888,0.0016644668350915327,0.08351488743645608,8.351488743645608e-05,0.005202156534391232,-0.0034541748118632437,0.11083786051319819,0.9956427015250545,8.351488743645616e-05,0.0016644668350915327,0.007398231986880197,0.00588353044335128,0.004137347991782686,0.007283532071171562,0.011930776459754927,0.04357298474945535,4.357298474945534e-05,4.357298474945534e-05,0.005158583549641777,0.039941902687000735,3.994190268700073e-05,3.994190268700073e-05,-0.0034941167145502443,0.5010893246187365,0.5010893246187365
2014-05-21,-0.000682051670047135,-0.000729255736859045,0.04720406681190996,4.720406681190996e-05,-0.000533870633081648,-0.00014818103696548698,-0.0595161176152721,0.9956427015250545,4.720406681190997e-05,-0.000729255736859045,-0.0001293413579812898,0.0011458361416211691,-0.0011885522569433607,-0.0004935080086799821,-0.001351376129906594,0.014524328249818448,1.4524328249818448e-05,1.4524328249818448e-05,-0.0005483949613314664,0.03267973856209151,3.2679738562091506e-05,3.2679738562091506e-05,-0.0001808607755275785,0.5010893246187365,0.5010893246187365
2014-05-22,-0.00011024880855366596,-0.000175608285677849,0.06535947712418302,6.535947712418301e-05,-3.40034726255826e-05,-7.624533592808332e-05,-0.05681156533993907,0.9956427015250545,6.535947712418304e-05,-0.00017560828567784897,-0.0007982913751121737,0.0020530602614111768,0.0017817532427697714,0.0010864630571253075,-0.0006450201846614085,0.021786492374727674,2.178649237472767e-05,2.178649237472767e-05,-5.578996500031027e-05,0.04357298474945535,4.357298474945534e-05,4.357298474945534e-05,-0.00011981832067753867,0.5010893246187365,0.5010893246187365
2014-05-23,-0.0025819494982965677,-0.0026473089754207504,0.06535947712418302,6.535947712418301e-05,-0.001995268437576495,-0.0005866810607200722,-0.17258993915606188,0.9956427015250545,6.535947712418269e-05,-0.002647308975420751,0.002437254696138732,-0.0013620753896185964,-0.002834413382947235,-0.0035446788408114265,-0.0042004532720787075,0.03267973856209151,3.2679738562091506e-05,3.2679738562091506e-05,-0.0020279481761385867,0.03267973856209151,3.2679738562091506e-05,3.2679738562091506e-05,-0.0006193607992821637,0.5010893246187365,0.5010893246187365
2014-05-26,0.0011187230560783963,0.0010642568251415772,0.05446623093681918,5.4466230936819184e-05,0.001457867855376957,-0.0003391447992985607,0.07298040821686685,0.9956427015250545,5.446623093681912e-05,0.0010642568251415772,0.0011264830712316154,-0.00022252097448880508,0.002213661235390971,0.0014044997389717209,0.003661845862805595,0.029048656499636897,2.9048656499636897e-05,2.9048656499636897e-05,0.0014288191988773202,0.025417574437182285,2.5417574437182284e-05,2.5417574437182284e-05,-0.000364562373735743,0.5010893246187365,0.5010893246187365
2014-05-27,0.0028092797117006893,0.0027475513166389607,0.061728395061728406,6.172839506172841e-05,0.0013383542681472814,0.0014709254435534079,0.17688745868198327,0.9956427015250545,6.17283950617286e-05,0.0027475513166389607,-0.002499482318845955,-0.003807402039582186,-0.0018787724804089593,0.0006654581402006685,0.0036736053369405487,0.03267973856209151,3.2679738562091506e-05,3.2679738562091506e-05,0.0013056745295851899,0.029048656499636897,2.9048656499636897e-05,2.9048656499636897e-05,0.001441876787053771,0.5010893246187365,0.5010893246187365
2014-05-28,-0.0020036151818270498,-0.0020689746589512325,0.06535947712418302,6.535947712418301e-05,-0.00040128346762911317,-0.0016023317141979365,-0.13044362052272318,0.9956427015250545,6.535947712418269e-05,-0.002068974658951233,0.0037038585210747836,0.002185373264157208,-0.0002000892769734928,-0.0020732235966183224,-0.00016462153848494473,0.03267973856209151,3.2679738562091506e-05,3.2679738562091506e-05,-0.0004339632061912047,0.03267973856209151,3.2679738562091506e-05,3.2679738562091506e-05,-0.001635011452760028,0.5010893246187365,0.5010893246187365
2014-05-29,-0.0021298749928763405,-0.0021770790596882506,0.04720406681190996,4.720406681190996e-05,0.0006531688899943702,-0.002783043882870711,-0.08143510362299773,0.9956427015250545,4.720406681191008e-05,-0.0021770790596882506,0.005854509958137904,0.004952942808563185,0.004233094693938718,0.0020115957108742246,0.0009494490174373389,0.025417574437182285,2.5417574437182284e-05,2.5417574437182284e-05,0.0006277513155571879,0.021786492374727674,2.178649237472767e-05,2.178649237472767e-05,-0.0028048303752454384,0.5010893246187365,0.5010893246187365
2014-05-30,-0.0008449886588639274,-0.0008921927256758372,0.04720406681190996,4.720406681190996e-05,0.0005038977031982111,-0.0013488863620621384,-0.042075642778227854,0.9956427015250545,4.720406681190986e-05,-0.0008921927256758373,0.003526103058056436,0.0010235178863200168,-0.001240689525432891,0.00194838764102684,0.0005342129997125291,0.021786492374727674,2.178649237472767e-05,2.178649237472767e-05,0.0004821112108234835,0.025417574437182285,2.5417574437182284e-05,2.5417574437182284e-05,-0.0013743039364993207,0.5010893246187365,0.5010893246187365
2014-06-02,0.001129860380747051,0.0010681319856853226,0.061728395061728406,6.172839506172841e-05,-0.0010851535535672569,0.002215013934314308,0.10796626734259727,0.9956427015250545,6.172839506172838e-05,0.0010681319856853226,-0.003913778404692504,-0.005433635310401084,-0.0029674328938604274,-0.004987483023848205,-0.0007546420603848378,0.036310820624546124,3.631082062454612e-05,3.631082062454612e-05,-0.001121464374191803,0.025417574437182285,2.5417574437182284e-05,2.5417574437182284e-05,0.0021895963598771257,0.5010893246187365,0.5010893246187365
2014-06-03,0.0033322715787122846,0.003266912101588102,0.06535947712418302,6.535947712418301e-05,0.0009484997134752734,0.002383771865237011,0.22405543181223195,0.9956427015250545,6.535947712418269e-05,0.0032669121015881015,-0.005746185687642068,-0.0027791671396348366,0.0015507338450138923,0.0017049019719611244,0.0019868622867486798,0.039941902687000735,3.994190268700073e-05,3.994190268700073e-05,0.0009085578107882727,0.025417574437182285,2.5417574437182284e-05,2.5417574437182284e-05,0.002358354290799829,0.5010893246187365,0.5010893246187365
2014-06-04,0.0003670724632438815,0.0003126062323070623,0.05446623093681918,5.4466230936819184e-05,-6.9358393134278e-06,0.0003740083025573093,0.0425990517346,0.9956427015250545,5.446623093681918e-05,0.0003126062323070623,-0.0014752423256867977,0.0007113132051935309,-0.0016097606198153286,0.0014399193018989212,-0.0007407219351550912,0.021786492374727674,2.178649237472767e-05,2.178649237472767e-05,-2.872233168815547e-05,0.03267973856209151,3.2679738562091506e-05,3.2679738562091506e-05,0.0003413285639952178,0.5010893246187365,0.5010893246187365
2014-06-05,-0.002772447467098466,-0.0028232826159728308,0.05083514887436457,5.083514887436457e-05,-0.0003878833739394473,-0.0023845640931590187,-0.16201342840064403,0.9956427015250545,5.08351488743646e-05,-0.0028232826159728308,0.004943180713998931,0.0043899201210454795,0.004091359947784666,0.0033200711253219594,-0.002821156010301455,0.025417574437182285,2.5417574437182284e-05,2.5417574437182284e-05,-0.0004133009483766296,0.025417574437182285,2.5417574437182284e-05,2.5417574437182284e-05,-0.002409981667596201,0.5010893246187365,0.5010893246187365
2014-06-06,-0.0016915112275570202,-0.0017459774584938394,0.05446623093681918,5.4466230936819184e-05,-0.0013033085693240193,-0.000388202658233001,-0.14010612955830132,0.9956427015250545,5.446623093681912e-05,-0.0017459774584938394,0.0014520725933759757,-0.0005799927502874201,-0.0031897499259378563,-0.0016700097822474975,-0.003066420978352717,0.029048656499636897,2.9048656499636897e-05,2.9048656499636897e-05,-0.0013323572258236562,0.025417574437182285,2.5417574437182284e-05,2.5417574437182284e-05,-0.0004136202326701833,0.5010893246187365,0.5010893246187365
2014-06-09,0.001518534808511587,0.0014785929058245865,0.039941902687000735,3.994190268700073e-05,-0.0008925931099760893,0.0024111279184876764,0.06929334856034723,0.9956427015250545,3.9941902687000604e-05,0.0014785929058245863,-0.005306978668763202,-0.0038213606788106837,-0.0020990475523440504,-0.001268555872678255,-0.002037680134176252,0.018155410312273062,1.815541031227306e-05,1.815541031227306e-05,-0.0009107485202883624,0.021786492374727674,2.178649237472767e-05,2.178649237472767e-05,0.002389341426112949,0.5010893246187365,0.5010893246187365
2014-06-10,0.0002040549204613526,0.00013869544333716956,0.06535947712418302,6.535947712418301e-05,-0.0009823082650428703,0.001186363185504223,0.039943722535920816,0.9956427015250545,6.535947712418304e-05,0.0001386954433371696,-0.003023941389099788,-0.0010548220324061402,-0.0030139805209832586,-0.001776527265570607,-0.0020522548040930273,0.029048656499636897,2.9048656499636897e-05,2.9048656499636897e-05,-0.0010113569215425072,0.036310820624546124,3.631082062454612e-05,3.631082062454612e-05,0.001150052364879677,0.5010893246187365,0.5010893246187365
2014-06-11,0.00023613891740300002,0.00019982809677845394,0.036310820624546124,3.631082062454612e-05,0.0004870612926590946,-0.00025092237525609453,0.009600210419704396,0.9956427015250545,3.631082062454608e-05,0.0001998280967784539,0.0005404114137268117,0.0004214385235361252,5.1178266090172096e-05,-8.970629632179915e-05,0.001502860539446928,0.018155410312273062,1.815541031227306e-05,1.815541031227306e-05,0.00046890588234682157,0.018155410312273062,1.815541031227306e-05,1.815541031227306e-05,-0.00026907778556836757,0.5010893246187365,0.5010893246187365
2014-06-12,-0.002109230773896566,-0.00216732808689584,0.058097312999273794,5.8097312999273794e-05,-8.615516006406192e-05,-0.002023075613832504,-0.1470732647753097,0.9956427015250545,5.809731299927408e-05,-0.0021673280868958395,0.004927092723843644,0.0022578802925186155,0.004123663687811508,-0.0002263880622812504,-0.00014470956757288154,0.039941902687000735,3.994190268700073e-05,3.994190268700073e-05,-0.00012609706275106266,0.018155410312273062,1.815541031227306e-05,1.815541031227306e-05,-0.002041231024144777,0.5010893246187365,0.5010893246187365
2014-06-13,-0.0002981842258712409,-0.0003671747850578785,0.06899055918663763,6.899055918663763e-05,0.0009481055280167309,-0.0012462897538879718,0.032699166741868214,0.9956427015250545,6.899055918663764e-05,-0.0003671747850578785,0.0018894571904065165,0.0036825681892032136,0.001769211183503952,0.0036986738012226065,0.0009887963865170407,0.03267973856209151,3.2679738562091506e-05,3.2679738562091506e-05,0.0009154257894546393,0.036310820624546124,3.631082062454612e-05,3.631082062454612e-05,-0.001282600574512518,0.5010893246187365,0.5010893246187365
2014-06-16,0.00044414806209543736,0.000400575077345982,0.04357298474945535,4.357298474945534e-05,0.0006702188126078535,-0.00022607075051241614,0.017384142726569025,0.9956427015250545,4.357298474945534e-05,0.000400575077345982,-0.00018385406177716282,0.001721183877709095,0.00013445946943169338,0.0014513429648874481,0.0012806139631236979,0.018155410312273062,1.815541031227306e-05,1.815541031227306e-05,0.0006520634022955805,0.025417574437182285,2.5417574437182284e-05,2.5417574437182284e-05,-0.00025148832494959844,0.5010893246187365,0.5010893246187365
2014-06-17,0.0015669445594036569,0.001527002656716656,0.039941902687000735,3.994190268700073e-05,0.0005376457287884825,0.0010292988306151744,0.07733980258253856,0.9956427015250545,3.994190268700082e-05,0.001527002656716656,-0.0026757912808271305,-0.0008107847851157167,0.0006177553391908129,-0.0009800290738191755,0.0020994453380872836,0.014524328249818448,1.4524328249818448e-05,1.4524328249818448e-05,0.0005231214005386641,0.025417574437182285,2.5417574437182284e-05,2.5417574437182284e-05,0.001003881256177992,0.5010893246187365,0.5010893246187365
2014-06-18,-0.0003079378472493687,-0.00035514191406127866,0.04720406681190996,4.720406681190996e-05,-0.0015930896912129348,0.0012851518439635661,-0.03394268734792122,0.9956427015250545,4.720406681190997e-05,-0.00035514191406127866,-0.003024381677291103,-0.0016453848590605345,-0.0012966705256668041,-0.002261551066674045,-0.0036381038249243053,0.025417574437182285,2.5417574437182284e-05,2.5417574437182284e-05,-0.001618507265650117,0.021786492374727674,2.178649237472767e-05,2.178649237472767e-05,0.0012633653515888386,0.5010893246187365,0.5010893246187365
2014-06-19,-0.0002248912123844232,-0.000272095279196333,0.04720406681190996,4.720406681190996e-05,-2.0227740005891974e-05,-0.00020466347237853123,0.0022353321727937303,0.9956427015250545,4.720406681190981e-05,-0.0002720952791963332,-0.00044067169819067884,0.0021066547070997814,0.0009307147420226934,-0.001049621876212053,0.00046425963813186746,0.025417574437182285,2.5417574437182284e-05,2.5417574437182284e-05,-4.5645314443074254e-05,0.021786492374727674,2.178649237472767e-05,2.178649237472767e-05,-0.0002264499647532589,0.5010893246187365,0.5010893246187365
2014-06-20,-0.0004453748565168763,-0.000514365415703514,0.06899055918663763,6.899055918663763e-05,0.00024214423369403254,-0.0006875190902109089,-0.021205543596128203,0.9956427015250545,6.899055918663764e-05,-0.000514365415703514,0.0015777065406995573,0.0009607338195592389,0.0007186017825287856,0.0004936539443364362,0.0004780265273897877,0.03267973856209151,3.2679738562091506e-05,3.2679738562091506e-05,0.00020946449513194103,0.036310820624546124,3.631082062454612e-05,3.631082062454612e-05,-0.000723829910835455,0.5010893246187365,0.5010893246187365
2014-06-23,0.0005538928204020059,0.0004921644253402774,0.061728395061728406,6.172839506172841e-05,0.001335380953180844,-0.0007814881327788382,0.07729076835410109,0.9956427015250545,6.172839506172849e-05,0.0004921644253402776,0.0015999665294094405,0.0014788024143831185,0.0006680592397880275,0.0006453496909526714,0.003674759007849799,0.036310820624546124,3.631082062454612e-05,3.631082062454612e-05,0.001299070132556298,0.025417574437182285,2.5417574437182284e-05,2.5417574437182284e-05,-0.0008069057072160205,0.5010893246187365,0.5010893246187365
2014-06-24,-0.00046414231682880003,-0.0005367639580778922,0.07262164124909225,7.262164124909225e-05,0.0007020760622526352,-0.0011662183790814352,-0.019163833761267,0.9956427015250545,7.262164124909216e-05,-0.0005367639580778923,0.00270249426996369,0.0015771101904862546,0.0036558623209479862,0.0017838426740999053,0.001209728092780218,0.036310820624546124,3.631082062454612e-05,3.631082062454612e-05,0.0006657652416280891,0.036310820624546124,3.631082062454612e-05,3.631082062454612e-05,-0.0012025291997059813,0.5010893246187365,0.5010893246187365
2014-06-25,-0.0016125103322903263,-0.001688763055601873,0.07625272331154685,7.625272331154685e-05,-0.0010756609046933894,-0.0005368494275969367,-0.09671674360430234,0.9956427015250545,7.625272331154669e-05,-0.0016887630556018732,0.0019545517805297733,-0.000695009379316148,-0.001674466868571974,-0.0024980507467051967,-0.0019709421609143516,0.03267973856209151,3.2679738562091506e-05,3.2679738562091506e-05,-0.001108340643255481,0.04357298474945535,4.357298474945534e-05,4.357298474945534e-05,-0.0005804224123463921,0.5010893246187365,0.5010893246187365
2014-06-26,-0.0005787063485625972,-0.0006440658256867802,0.06535947712418302,6.535947712418301e-05,-0.00034107892427902287,-0.00023762742428357436,-0.05710739803269652,0.9956427015250545,6.535947712418301e-05,-0.0006440658256867802,0.0005135716284874783,0.00039552180058365967,-0.0025542437419626184,0.0010849076718552895,-0.001563466180997676,0.029048656499636897,2.9048656499636897e-05,2.9048656499636897e-05,-0.00037012758077865975,0.036310820624546124,3.631082062454612e-05,3.631082062454612e-05,-0.00027393824490812047,0.5010893246187365,0.5010893246187365
2014-06-27,0.0010916132297951588,0.0010262537526709759,0.06535947712418302,6.535947712418301e-05,0.0024041249287191785,-0.0013125116989240195,0.07170740195543468,0.9956427015250545,6.53594771241829e-05,0.0010262537526709759,0.0028869351414006123,0.0020840801929308396,0.0006039938804495116,0.0031231738079759474,0.005635108806547479,0.04357298474945535,4.357298474945534e-05,4.357298474945534e-05,0.0023605519439697234,0.021786492374727674,2.178649237472767e-05,2.178649237472767e-05,-0.001334298191298747,0.5010893246187365,0.5010893246187365
2014-06-30,0.0017502912652075323,0.001688562870145804,0.061728395061728406,6.172839506172841e-05,0.0005977750458523715,0.0011525162193551607,0.1626497995631679,0.9956427015250545,6.172839506172838e-05,0.001688562870145804,-0.0033277240801710636,-0.0002446163355363767,0.00013848391529556046,-0.0003527132422883725,0.0019657832257935675,0.039941902687000735,3.994190268700073e-05,3.994190268700073e-05,0.0005578331431653708,0.021786492374727674,2.178649237472767e-05,2.178649237472767e-05,0.001130729726980433,0.5010893246187365,0.5010893246187365
2014-07-01,0.0007308851626180109,0.0006582635213689186,0.07262164124909225,7.262164124909225e-05,-0.00011700536825793808,0.000847890530875949,0.042294158087353345,0.9956427015250545,7.262164124909227e-05,0.0006582635213689186,-0.0021446298836542686,-0.0007870239762400781,-0.0007431483732840978,-0.0015283597488489641,0.00041392684813930646,0.03267973856209151,3.2679738562091506e-05,3.2679738562091506e-05,-0.0001496851068200296,0.039941902687000735,3.994190268700073e-05,3.994190268700073e-05,0.0008079486281889483,0.5010893246187365,0.5010893246187365
2014-07-02,-0.002280942539511414,-0.0023317776883857787,0.05083514887436457,5.083514887436457e-05,0.0017641675562895178,-0.004045110095800932,-0.08820792222115492,0.9956427015250545,5.08351488743646e-05,-0.0023317776883857787,0.009400884834044285,0.005416128601119613,0.0016731590959829974,0.004341076792018031,0.0031104588322750397,0.021786492374727674,2.178649237472767e-05,2.178649237472767e-05,0.00174238106391479,0.029048656499636897,2.9048656499636897e-05,2.9048656499636897e-05,-0.004074158752300569,0.5010893246187365,0.5010893246187365
2014-07-03,-0.0014249293405271812,-0.001472133407339091,0.04720406681190996,4.720406681190996e-05,-0.0008455507345095054,-0.0005793786060176758,-0.08381508413518962,0.9956427015250545,4.720406681190986e-05,-0.001472133407339091,0.002476626065593735,-0.00148453760733382,-0.0007509702954354243,-0.001451385150331267,-0.0018054451670508637,0.018155410312273062,1.815541031227306e-05,1.815541031227306e-05,-0.0008637061448217785,0.029048656499636897,2.9048656499636897e-05,2.9048656499636897e-05,-0.0006084272625173127,0.5010893246187365,0.5010893246187365
2014-07-04,-0.0008994870686879007,-0.0009430600534373561,0.04357298474945535,4.357298474945534e-05,0.0012289756822464605,-0.0021284627509343614,-0.0601139505141553,0.9956427015250545,4.357298474945545e-05,-0.000943060053437356,0.004529980257799121,0.0036830534323870393,0.003703079391226694,0.0021437028413354557,0.0026070605672743937,0.018155410312273062,1.815541031227306e-05,1.815541031227306e-05,0.0012108202719341874,0.025417574437182285,2.5417574437182284e-05,2.5417574437182284e-05,-0.0021538803253715435,0.5010893246187365,0.5010893246187365
2014-07-07,0.00230006736605713,0.002245601135120311,0.05446623093681918,5.4466230936819184e-05,0.0014373965339243696,0.0008626708321327605,0.19050765260834426,0.9956427015250545,5.446623093681912e-05,0.002245601135120311,-0.0016958481352756939,-0.0017730764939999646,0.002328424854328854,-0.0012685222956943145,0.00493707642439902,0.021786492374727674,2.178649237472767e-05,2.178649237472767e-05,0.001415610041549642,0.03267973856209151,3.2679738562091506e-05,3.2679738562091506e-05,0.000829991093570669,0.5010893246187365,0.5010893246187365
2014-07-08,0.0011905044307196808,0.001132407117720407,0.058097312999273794,5.8097312999273794e-05,0.002588855738887182,-0.0013983513081675012,0.1015643427125332,0.9956427015250545,5.809731299927386e-05,0.001132407117720407,0.002900946664908216,0.002569975154299433,0.004875877580119777,0.006303286974128412,0.004598039887821987,0.025417574437182285,2.5417574437182284e-05,2.5417574437182284e-05,0.00256343816445,0.03267973856209151,3.2679738562091506e-05,3.2679738562091506e-05,-0.0014310310467295928,0.5010893246187365,0.5010893246187365
2014-07-09,8.112397858335321e-05,2.665774764653405e-05,0.05446623093681918,5.4466230936819184e-05,-0.002435681514987099,0.002516805493570452,-0.018824239705452658,0.9956427015250545,5.4466230936819164e-05,2.665774764653403e-05,-0.005888267634032705,-0.0032914697956150764,-0.0035264032979299247,-0.003124854366317107,-0.005728732482357174,0.036310820624546124,3.631082062454612e-05,3.631082062454612e-05,-0.002471992335611645,0.018155410312273062,1.815541031227306e-05,1.815541031227306e-05,0.002498650083258179,0.5010893246187365,0.5010893246187365
2014-07-10,0.0031271250532350758,0.003072658822298256,0.05446623093681918,5.4466230936819184e-05,0.0043985090339055495,-0.0012713839806704737,0.23105619221819276,0.9956427015250545,5.446623093681956e-05,0.0030726588222982566,0.0015937886945468634,0.004424143225616021,0.005720684095175381,0.00719587345592709,0.009568904445271108,0.018155410312273062,1.815541031227306e-05,1.815541031227306e-05,0.004380353623593276,0.036310820624546124,3.631082062454612e-05,3.631082062454612e-05,-0.0013076948012950198,0.5010893246187365,0.5010893246187365
2014-07-11,-0.0004786705193427038,-0.0005440299964668868,0.06535947712418302,6.535947712418301e-05,2.0630227484892733e-05,-0.0004993007468275964,-0.05173048073156049,0.9956427015250545,6.535947712418296e-05,-0.0005440299964668868,0.000601358818855203,0.0017865742248182911,0.0029428068751471644,0.001260167941182275,-0.0005683278330983175,0.03267973856209151,3.2679738562091506e-05,3.2679738562091506e-05,-1.2049511077198773e-05,0.03267973856209151,3.2679738562091506e-05,3.2679738562091506e-05,-0.0005319804853896879,0.5010893246187365,0.5010893246187365
2014-07-14,0.0015427500220697628,0.0014773905449455798,0.06535947712418302,6.535947712418301e-05,3.10859378903236e-05,0.0015116640841794393,0.09507082805481976,0.9956427015250545,6.53594771241829e-05,0.0014773905449455798,-0.0032544616029680255,-0.0025413439415208515,-0.0017824192403236773,0.0003925786690869351,-0.00010323425525004229,0.03267973856209151,3.2679738562091506e-05,3.2679738562091506e-05,-1.5938006717679034e-06,0.03267973856209151,3.2679738562091506e-05,3.2679738562091506e-05,0.0014789843456173477,0.5010893246187365,0.5010893246187365
2014-07-15,0.000504408264907393,0.0004354177057207554,0.06899055918663763,6.899055918663763e-05,0.0003985360037993981,0.00010587226110799499,0.04814834186361243,0.9956427015250545,6.899055918663764e-05,0.0004354177057207554,-0.0015923894016521346,0.00255092617919249,-0.00019145393238306145,0.0014698210766058628,0.000458098325244397,0.039941902687000735,3.994190268700073e-05,3.994190268700073e-05,0.0003585941011123974,0.029048656499636897,2.9048656499636897e-05,2.9048656499636897e-05,7.68236046083581e-05,0.5010893246187365,0.5010893246187365
2014-07-16,0.00010633976290432931,4.824244990505551e-05,0.058097312999273794,5.8097312999273794e-05,-0.002397627310635417,0.002503967073539746,0.04001997578966479,0.9956427015250545,5.80973129992738e-05,4.8242449905055515e-05,-0.004903101863257015,-0.005184938274634794,-0.005317713066660285,-0.005304905917213459,-0.00452479227344755,0.04357298474945535,4.357298474945534e-05,4.357298474945534e-05,-0.002441200295384872,0.014524328249818448,1.4524328249818448e-05,1.4524328249818448e-05,0.0024894427452899276,0.5010893246187365,0.5010893246187365
2014-07-17,0.0008073428584901192,0.0007565077096157547,0.05083514887436457,5.083514887436457e-05,0.003573879539251101,-0.002766536680760982,0.07586764178561028,0.9956427015250545,5.083514887436449e-05,0.0007565077096157546,0.005153341119700532,0.006256452584111419,0.006176058792190822,0.006344968539026164,0.007525846438201625,0.021786492374727674,2.178649237472767e-05,2.178649237472767e-05,0.0035520930468763735,0.029048656499636897,2.9048656499636897e-05,2.9048656499636897e-05,-0.002795585337260619,0.5010893246187365,0.5010893246187365
2014-07-18,0.0017498654991137015,0.0017062925143642464,0.04357298474945535,4.357298474945534e-05,0.0015302604757185048,0.00021960502339519675,0.22807767725621567,0.9956427015250545,4.3572984749455125e-05,0.0017062925143642462,-0.0002471933787883017,-0.0008203789694459445,0.001196497266023494,0.0017883481380984612,0.003686627398482032,0.018155410312273062,1.815541031227306e-05,1.815541031227306e-05,0.0015121050654062318,0.025417574437182285,2.5417574437182284e-05,2.5417574437182284e-05,0.00019418744895801447,0.5010893246187365,0.5010893246187365
2014-07-22,0.001002817723702649,0.0009556136568907391,0.04720406681190996,4.720406681190996e-05,0.001463881153215938,-0.0004610634295132889,0.016628889357158772,0.9956427015250545,4.720406681190997e-05,0.0009556136568907391,0.0011500073766008998,0.00046035195305819455,0.00014567040077969812,0.003995638014751688,0.002384277401272735,0.025417574437182285,2.5417574437182284e-05,2.5417574437182284e-05,0.0014384635787787557,0.021786492374727674,2.178649237472767e-05,2.178649237472767e-05,-0.0004828499218880166,0.5010893246187365,0.5010893246187365
2014-07-23,-0.002187826915646011,-0.0022640796389575583,0.07625272331154685,7.625272331154685e-05,-0.0007849397754693009,-0.0014028871401767103,-0.20524344362094882,0.9956427015250545,7.625272331154712e-05,-0.002264079638957558,0.002683448027778361,0.00303212825758819,-0.0012692500590214442,0.0002087011102876837,-0.0024540507091030312,0.036310820624546124,3.631082062454612e-05,3.631082062454612e-05,-0.000821250596093847,0.039941902687000735,3.994190268700073e-05,3.994190268700073e-05,-0.0014428290428637111,0.5010893246187365,0.5010893246187365
2014-07-24,0.001053132222828918,0.0009877727457047352,0.06535947712418302,6.535947712418301e-05,0.0006068189602077483,0.0004463132626211698,0.07447255516601983,0.9956427015250545,6.53594771241829e-05,0.000987772745704735,8.037261539786267e-05,-0.002832803329184207,-0.00011095984852389688,0.001439827941588403,0.0010965853948711663,0.029048656499636897,2.9048656499636897e-05,2.9048656499636897e-05,0.0005777703037081114,0.036310820624546124,3.631082062454612e-05,3.631082062454612e-05,0.0004100024419966237,0.5010893246187365,0.5010893246187365
2014-07-25,-0.0005066147914444828,-0.000579236432693575,0.07262164124909225,7.262164124909225e-05,-0.00039082015639558995,-0.00011579463504889282,-0.05040643087657607,0.9956427015250545,7.262164124909216e-05,-0.0005792364326935751,0.0006538085395892073,-0.0006143596336900432,0.0011411938394438506,-0.0008883799950193636,-0.0007257216445701601,0.039941902687000735,3.994190268700073e-05,3.994190268700073e-05,-0.00043076205908259066,0.03267973856209151,3.2679738562091506e-05,3.2679738562091506e-05,-0.00014847437361098433,0.5010893246187365,0.5010893246187365
2014-07-28,0.0016623154691894195,0.0016078492382526003,0.05446623093681918,5.4466230936819184e-05,-0.00031996548089953386,0.0019822809500889536,0.07982860148852826,0.9956427015250545,5.446623093681912e-05,0.0016078492382526003,-0.004445116479700051,-0.0029775969026541956,-0.0017740794073343945,-0.0021655915864265086,0.00012498608191182365,0.029048656499636897,2.9048656499636897e-05,2.9048656499636897e-05,-0.00034901413739917074,0.025417574437182285,2.5417574437182284e-05,2.5417574437182284e-05,0.0019568633756517715,0.5010893246187365,0.5010893246187365
2014-07-29,0.000631119402017865,0.0005802842531435004,0.05083514887436457,5.083514887436457e-05,0.0007662671783322466,-0.00013514777631438163,0.014257770164760031,0.9956427015250545,5.08351488743646e-05,0.0005802842531435004,-0.0005737944755528111,0.00195671281190955,0.0038613177423123253,0.003884666055397887,0.00035147111265649845,0.029048656499636897,2.9048656499636897e-05,2.9048656499636897e-05,0.0007372185218326097,0.021786492374727674,2.178649237472767e-05,2.178649237472767e-05,-0.0001569342686891093,0.5010893246187365,0.5010893246187365
2014-07-30,-0.001919672043645077,-0.0019814004387068056,0.061728395061728406,6.172839506172841e-05,-0.0029462003075335554,0.0010265282638884782,-0.10859132461311995,0.9956427015250545,6.17283950617286e-05,-0.0019814004387068056,-0.0018342051923377067,-0.002477369699561258,-0.007935303008947903,-0.010421955219525977,-0.003608408963005935,0.03267973856209151,3.2679738562091506e-05,3.2679738562091506e-05,-0.002978880046095647,0.029048656499636897,2.9048656499636897e-05,2.9048656499636897e-05,0.0009974796073888414,0.5010893246187365,0.5010893246187365
2014-07-31,0.00352642113944372,0.0034501684161321734,0.07625272331154685,7.625272331154685e-05,0.0042867752377845686,-0.0007603540983408482,0.15059077442394841,0.9956427015250545,7.625272331154669e-05,0.0034501684161321734,0.0011387379270173512,0.002274731073858114,0.0034424469980426165,0.005372119921643838,0.010146308522720145,0.039941902687000735,3.994190268700073e-05,3.994190268700073e-05,0.004246833335097568,0.036310820624546124,3.631082062454612e-05,3.631082062454612e-05,-0.0007966649189653943,0.5010893246187365,0.5010893246187365
2014-08-01,0.0024154746570389162,0.002353746261977188,0.061728395061728406,6.172839506172841e-05,0.0035185773963393244,-0.001103102739300408,0.19269005289158608,0.9956427015250545,6.172839506172817e-05,0.0023537462619771876,0.002138785203321139,0.0023266577325605988,0.001614866464585974,0.0006285823480815228,0.01021849377108804,0.03267973856209151,3.2679738562091506e-05,3.2679738562091506e-05,0.003485897657777233,0.029048656499636897,2.9048656499636897e-05,2.9048656499636897e-05,-0.0011321513958000447,0.5010893246187365,0.5010893246187365
2014-08-04,-0.0024874520498625787,-0.002570966937299035,0.08351488743645608,8.351488743645608e-05,-0.0025147521428596996,2.7300092997121085e-05,-0.1373500244165304,0.9956427015250545,8.351488743645616e-05,-0.002570966937299035,7.873730473550615e-05,-0.0003209190792842117,-0.00015968817799820036,-0.004207466331163429,-0.0054241227055439505,0.05446623093681918,5.4466230936819184e-05,5.4466230936819184e-05,-0.0025692183737965188,0.029048656499636897,2.9048656499636897e-05,2.9048656499636897e-05,-1.7485635025158122e-06,0.5010893246187365,0.5010893246187365
2014-08-05,0.0026097927627281854,0.0025408022035415478,0.06899055918663763,6.899055918663763e-05,0.003783239298075709,-0.001173446535347524,0.17080896918990932,0.9956427015250545,6.899055918663764e-05,0.0025408022035415478,0.0018799049719349064,0.0032655634438412315,0.003305172090074622,0.005488036354942416,0.00858102641698586,0.036310820624546124,3.631082062454612e-05,3.631082062454612e-05,0.003746928477451163,0.03267973856209151,3.2679738562091506e-05,3.2679738562091506e-05,-0.0012061262739096155,0.5010893246187365,0.5010893246187365
2014-08-06,0.001909829420920174,0.0018372077796710818,0.07262164124909225,7.262164124909225e-05,-0.00036049843466307897,0.002270327855583253,0.06997699666114633,0.9956427015250545,7.262164124909216e-05,0.0018372077796710818,-0.005342468247065753,-0.002907417667338663,-0.0020508850124967347,-0.004499837121804557,0.0011707743336608447,0.039941902687000735,3.994190268700073e-05,3.994190268700073e-05,-0.0004004403373500797,0.03267973856209151,3.2679738562091506e-05,3.2679738562091506e-05,0.0022376481170211615,0.5010893246187365,0.5010893246187365
2014-08-07,-0.001120414977914024,-0.001222085275662753,0.10167029774872914,0.00010167029774872914,0.00517329513627957,-0.006293710114193594,-0.11679110463803437,0.9956427015250545,0.00010167029774872899,-0.0012220852756627532,0.013269256828498888,0.011141655157109081,0.011187446222068444,0.008046552080283877,0.011462870487373206,0.039941902687000735,3.994190268700073e-05,3.994190268700073e-05,0.005133353233592569,0.061728395061728406,6.172839506172841e-05,6.172839506172841e-05,-0.0063554385092553225,0.5010893246187365,0.5010893246187365
2014-08-08,0.002409936138802177,0.0023336834154906298,0.07625272331154685,7.625272331154685e-05,-0.0003113832650026314,0.0027213194038048084,0.17125128306227044,0.9956427015250545,7.625272331154712e-05,0.00233368341549063,-0.005893015286295671,-0.004506390379753095,-0.0016244840776471652,-0.002133085434641779,0.00013442368273692523,0.03267973856209151,3.2679738562091506e-05,3.2679738562091506e-05,-0.00034406300356472293,0.04357298474945535,4.357298474945534e-05,4.357298474945534e-05,0.002677746419055353,0.5010893246187365,0.5010893246187365
2014-08-11,0.0004832404281345286,0.00040335662276052707,0.07988380537400147,7.988380537400146e-05,-0.00010014696490359345,0.000583387393038122,-0.0008479149389435865,0.9956427015250545,7.988380537400153e-05,0.0004033566227605271,5.6545840856732985e-05,-0.0036058066391634397,-0.001114312655822223,-0.0008865496326025643,0.00014348705397030775,0.04357298474945535,4.357298474945534e-05,4.357298474945534e-05,-0.0001437199496530488,0.036310820624546124,3.631082062454612e-05,3.631082062454612e-05,0.0005470765724135759,0.5010893246187365,0.5010893246187365
2014-08-12,-0.0001045842649037446,-0.00017720590615283687,0.07262164124909225,7.262164124909225e-05,0.0009784910172766198,-0.0010830752821803643,-0.04309442181605677,0.9956427015250545,7.262164124909227e-05,-0.00017720590615283684,0.002544789595829606,0.0013947454325249683,0.0023935269762997563,0.0035122742894501437,0.0011729544439486347,0.036310820624546124,3.631082062454612e-05,3.631082062454612e-05,0.0009421801966520737,0.036310820624546124,3.631082062454612e-05,3.631082062454612e-05,-0.0011193861028049104,0.5010893246187365,0.5010893246187365
2014-08-13,0.0017010580696238424,0.0016284364283747502,0.07262164124909225,7.262164124909225e-05,-9.735511312307881e-05,0.0017984131827469213,0.12045182399780327,0.9956427015250545,7.262164124909216e-05,0.0016284364283747502,-0.003983991989680833,-0.002799037553866639,-0.000871109447447596,-0.0011156966536641393,0.00026641791211363605,0.04357298474945535,4.357298474945534e-05,4.357298474945534e-05,-0.00014092809787253415,0.029048656499636897,2.9048656499636897e-05,2.9048656499636897e-05,0.0017693645262472845,0.5010893246187365,0.5010893246187365
2014-08-14,-0.0016373480874203616,-0.0017099697286694538,0.07262164124909225,7.262164124909225e-05,0.00010929123170251649,-0.0017466393191228778,-0.17068751518175102,0.9956427015250545,7.262164124909216e-05,-0.0017099697286694538,0.0046003015525529324,0.001256450557642842,0.0017291578004511475,0.00046779234023715103,9.32647560865661e-05,0.03267973856209151,3.2679738562091506e-05,3.2679738562091506e-05,7.661149314042498e-05,0.039941902687000735,3.994190268700073e-05,3.994190268700073e-05,-0.0017865812218098786,0.5010893246187365,0.5010893246187365
2014-08-15,0.0043922734682740674,0.004334176155274793,0.058097312999273794,5.8097312999273794e-05,0.00357330639535346,0.0008189670729206069,0.3298973907483486,0.9978213507625272,5.809731299927408e-05,0.004334176155274793,-0.0034468915105303863,0.00199066276274914,0.003641534724666235,0.004333092450139804,0.008530068788846868,0.03267973856209151,3.2679738562091506e-05,3.2679738562091506e-05,0.0035406266567913685,0.025417574437182285,2.5417574437182284e-05,2.5417574437182284e-05,0.0007935494984834246,0.5010893246187365,0.5010893246187365
2014-08-18,-0.0014383692976159053,-0.001496466610615179,0.058097312999273794,5.8097312999273794e-05,-0.0026669119248676817,0.0012285426272517766,-0.08233740274192165,0.9978213507625272,5.8097312999273645e-05,-0.0014964666106151792,-0.0028007124644047836,-0.0017538063656499807,-0.0033662775923862637,-0.002436080747738584,-0.006765302496875919,0.036310820624546124,3.631082062454612e-05,3.631082062454612e-05,-0.0027032227454922278,0.021786492374727674,2.178649237472767e-05,2.178649237472767e-05,0.001206756134877049,0.5010893246187365,0.5010893246187365
2014-08-19,0.0007059510534859985,0.0006224361660495426,0.08351488743645608,8.351488743645608e-05,0.000914026377536999,-0.0002080753240510005,0.040873764646051886,0.9978213507625272,8.351488743645595e-05,0.0006224361660495425,6.1297240044593665e-06,0.0012334784703312014,3.8013018973072527e-05,0.0021594976019114033,0.0016563692900626622,0.03267973856209151,3.2679738562091506e-05,3.2679738562091506e-05,0.0008813466389749076,0.05083514887436457,5.083514887436457e-05,5.083514887436457e-05,-0.00025891047292536505,0.5010893246187365,0.5010893246187365
2014-08-20,-0.0013119657125031036,-0.0013628008613774682,0.05083514887436457,5.083514887436457e-05,-0.0014948436647146794,0.00018287795221157575,-0.10011866792398083,0.9978213507625272,5.08351488743646e-05,-0.0013628008613774682,-8.799173186509967e-05,-0.0009188988849451913,-0.001740983326698647,-0.00011314143325186618,-0.004418211297096053,0.03267973856209151,3.2679738562091506e-05,3.2679738562091506e-05,-0.001527523403276771,0.018155410312273062,1.815541031227306e-05,1.815541031227306e-05,0.00016472254189930268,0.5010893246187365,0.5010893246187365
2014-08-21,0.00017430949167917067,0.00011258109661744225,0.061728395061728406,6.172839506172841e-05,-0.00047082605901812874,0.0006451355506972994,-0.010041463513188839,0.9978213507625272,6.172839506172842e-05,0.00011258109661744226,-0.0009973330162964765,-0.0018677324600600079,0.00029155418260861933,0.00019706167959083546,-0.0015079384121170767,0.03267973856209151,3.2679738562091506e-05,3.2679738562091506e-05,-0.0005035057975802202,0.029048656499636897,2.9048656499636897e-05,2.9048656499636897e-05,0.0006160868941976625,0.5010893246187365,0.5010893246187365
2014-08-22,0.0032046346807792832,0.003150168449842464,0.05446623093681918,5.4466230936819184e-05,0.0021538848473863343,0.001050749833392949,0.1377966237504847,0.9978213507625272,5.446623093681912e-05,0.003150168449842464,-0.002123688526554296,-0.0020434165146396266,-0.0031686880251695334,-0.0011779727344919833,0.007036593834313343,0.025417574437182285,2.5417574437182284e-05,2.5417574437182284e-05,0.002128467272949152,0.029048656499636897,2.9048656499636897e-05,2.9048656499636897e-05,0.0010217011768933121,0.5010893246187365,0.5010893246187365
2014-08-25,0.0013711459327420323,0.0013420972762423955,0.029048656499636897,2.9048656499636897e-05,0.001089566447465068,0.00028157948527696435,0.12227904867558266,0.9978213507625272,2.9048656499636822e-05,0.0013420972762423955,-0.0011516888832795557,0.0006175736307922429,-0.0010539947311615351,0.0005708798824954876,0.002976153533011818,0.014524328249818448,1.4524328249818448e-05,1.4524328249818448e-05,0.0010750421192152494,0.014524328249818448,1.4524328249818448e-05,1.4524328249818448e-05,0.0002670551570271459,0.5010893246187365,0.5010893246187365
2014-08-26,-0.0010907618143435667,-0.0011307037170305676,0.039941902687000735,3.994190268700073e-05,-0.001620872838240122,0.0005301110238965555,-0.1049614383893888,0.9978213507625272,3.994190268700082e-05,-0.0011307037170305676,-0.0004627921891466008,-0.0022481672734700887,-0.0028577300930358713,-0.0025220392832799236,-0.003591027963265794,0.014524328249818448,1.4524328249818448e-05,1.4524328249818448e-05,-0.0016353971664899406,0.025417574437182285,2.5417574437182284e-05,2.5417574437182284e-05,0.0005046934494593732,0.5010893246187365,0.5010893246187365
2014-08-27,0.0015848479504291155,0.0015231195553673871,0.061728395061728406,6.172839506172841e-05,0.0007903973008494513,0.0007944506495796642,0.10353312649978214,0.9978213507625272,6.172839506172838e-05,0.0015231195553673871,-0.0014483241893239668,-0.0018596931190529252,-0.0011339673385994697,0.000513891353221759,0.0021090914609319346,0.029048656499636897,2.9048656499636897e-05,2.9048656499636897e-05,0.0007613486443498144,0.03267973856209151,3.2679738562091506e-05,3.2679738562091506e-05,0.0007617709110175727,0.5010893246187365,0.5010893246187365
2014-08-28,-0.0016803865948770572,-0.0017058041693142395,0.025417574437182285,2.5417574437182284e-05,0.00026802423156349733,-0.0019484108264405545,-0.12013127229239187,0.9978213507625272,2.54175744371823e-05,-0.0017058041693142395,0.004251507021020859,0.003162036862343686,0.002712361651089485,0.0015902704032065347,7.189508968331953e-06,0.014524328249818448,1.4524328249818448e-05,1.4524328249818448e-05,0.00025349990331367887,0.010893246187363837,1.0893246187363835e-05,1.0893246187363835e-05,-0.0019593040726279183,0.5010893246187365,0.5010893246187365
2014-08-29,0.0017758932476188666,0.0017214270166820472,0.05446623093681918,5.4466230936819184e-05,0.0012860175209089345,0.0004898757267099319,0.18420920328737816,0.9978213507625272,5.446623093681934e-05,0.0017214270166820474,-0.00183709974236239,0.0007413348078570576,-0.00029903452832464347,0.0017062122890306737,0.00299655934742293,0.018155410312273062,1.815541031227306e-05,1.815541031227306e-05,0.0012678621105966614,0.036310820624546124,3.631082062454612e-05,3.631082062454612e-05,0.00045356490608538575,0.5010893246187365,0.5010893246187365
2014-09-01,-0.0029103229944921977,-0.0029611581433665623,0.05083514887436457,5.083514887436457e-05,-0.002429799976220672,-0.00048052301827152574,-0.14156444431454113,0.9978213507625272,5.08351488743646e-05,-0.0029611581433665623,0.0015448968706360743,-0.0002129233231856665,-2.3579293481671236e-05,-0.0020413754962454655,-0.006252865658955233,0.014524328249818448,1.4524328249818448e-05,1.4524328249818448e-05,-0.0024443243044704904,0.036310820624546124,3.631082062454612e-05,3.631082062454612e-05,-0.0005168338388960718,0.5010893246187365,0.5010893246187365
2014-09-02,0.0008560780239491255,0.0008016117930123062,0.05446623093681918,5.4466230936819184e-05,-0.0021260987464172673,0.0029821767703663926,0.01393831303937588,0.9978213507625272,5.446623093681923e-05,0.0008016117930123062,-0.006073974548971557,-0.005706213566380896,0.001315568416696858,-0.004314359080997283,-0.004207250837363481,0.029048656499636897,2.9048656499636897e-05,2.9048656499636897e-05,-0.0021551474029169043,0.025417574437182285,2.5417574437182284e-05,2.5417574437182284e-05,0.0029567591959292106,0.5010893246187365,0.5010893246187365
2014-09-03,-0.0011184102236991864,-0.0011619832084486417,0.04357298474945535,4.357298474945534e-05,0.00011565735447854663,-0.001234067578177733,-0.079608933575628,0.9978213507625272,4.357298474945534e-05,-0.0011619832084486417,0.0019284195270419155,0.00353146988135416,0.0017074543275238758,0.0011534450495169681,-0.00023050474841726965,0.014524328249818448,1.4524328249818448e-05,1.4524328249818448e-05,0.00010113302622872818,0.029048656499636897,2.9048656499636897e-05,2.9048656499636897e-05,-0.0012631162346773699,0.5010893246187365,0.5010893246187365
2014-09-04,-0.0006487479067672269,-0.0006850587273917731,0.036310820624546124,3.631082062454612e-05,-0.00028512117279381994,-0.00036362673397340704,-0.04945837501324795,0.9978213507625272,3.631082062454619e-05,-0.000685058727391773,0.0009612494196557419,0.00025451860712930524,0.0013318495292308514,0.0010307298705411023,-0.0013688689677424858,0.014524328249818448,1.4524328249818448e-05,1.4524328249818448e-05,-0.0002996455010436384,0.021786492374727674,2.178649237472767e-05,2.178649237472767e-05,-0.0003854132263481347,0.5010893246187365,0.5010893246187365
2014-09-05,0.003076235938746031,0.0030326629539965755,0.04357298474945535,4.357298474945534e-05,0.0009300748445988563,0.002146161094147175,0.1703526418992264,0.9978213507625272,4.357298474945556e-05,0.0030326629539965755,-0.0045217565257045424,-0.0038054601078981285,9.767404509875185e-05,0.0013303687184859087,0.0021189744690453603,0.014524328249818448,1.4524328249818448e-05,1.4524328249818448e-05,0.0009155505163490379,0.029048656499636897,2.9048656499636897e-05,2.9048656499636897e-05,0.002117112437647538,0.5010893246187365,0.5010893246187365
2014-09-08,-0.0028110908841091293,-0.002861926032983494,0.05083514887436457,5.083514887436457e-05,-0.004090101114912575,0.001279010230803446,-0.21938076081622918,1.0,5.08351488743646e-05,-0.002861926032983494,-0.00182966021083686,-0.0039980582210060395,-0.0033159058396282698,-0.006265596010197541,-0.009110830767150392,0.029048656499636897,2.9048656499636897e-05,2.9048656499636897e-05,-0.004119149771412212,0.021786492374727674,2.178649237472767e-05,2.178649237472767e-05,0.0012572237384287184,0.5010893246187365,0.5010893246187365
2014-09-09,0.0005008128653106128,0.0004318223061239751,0.06899055918663763,6.899055918663763e-05,0.0016507138108131905,-0.0011499009455025778,0.034903351702217665,1.0,6.89905591866377e-05,0.00043182230612397513,0.0012302261710628567,0.004423954622904937,0.003945321781851219,0.004630753735777037,0.002625999039697923,0.025417574437182285,2.5417574437182284e-05,2.5417574437182284e-05,0.0016252962363760082,0.04357298474945535,4.357298474945534e-05,4.357298474945534e-05,-0.0011934739302520332,0.5010893246187365,0.5010893246187365
2014-09-10,-0.0026908043355858514,-0.002741639484460216,0.05083514887436457,5.083514887436457e-05,-0.004598693006938886,0.0019078886713530347,-0.17865418602986746,1.0,5.08351488743646e-05,-0.002741639484460216,-0.0041100810333832265,-0.003202284456942801,-0.0056178970400758465,-0.00891130023307864,-0.009310437428145125,0.021786492374727674,2.178649237472767e-05,2.178649237472767e-05,-0.004620479499313614,0.029048656499636897,2.9048656499636897e-05,2.9048656499636897e-05,0.001878840014853398,0.5010893246187365,0.5010893246187365
2014-09-11,0.00012512029221664107,6.339189715491265e-05,0.061728395061728406,6.172839506172841e-05,-0.0001822782880575562,0.00030739858027419725,0.03999660110853625,1.0,6.172839506172842e-05,6.339189715491266e-05,-0.0009679735762513117,9.556521755666878e-05,0.0009051727751430124,-0.0008883066473013519,-0.00010149276907813903,0.036310820624546124,3.631082062454612e-05,3.631082062454612e-05,-0.00021858910868210232,0.025417574437182285,2.5417574437182284e-05,2.5417574437182284e-05,0.00028198100583701495,0.5010893246187365,0.5010893246187365
2014-09-12,0.0006080814829229867,0.0005645084981735314,0.04357298474945535,4.357298474945534e-05,0.0004831919393124199,0.00012488954361056692,0.04460440095639273,1.0,4.3572984749455233e-05,0.0005645084981735313,-0.0006903287925317851,0.0006329493174472635,0.0015856093345851085,0.0030369776229150357,-7.2064245298383e-05,0.018155410312273062,1.815541031227306e-05,1.815541031227306e-05,0.00046503652900014685,0.025417574437182285,2.5417574437182284e-05,2.5417574437182284e-05,9.947196917338464e-05,0.5010893246187365,0.5010893246187365
2014-09-16,-0.0006977654377149722,-0.0007522316686517913,0.05446623093681918,5.4466230936819184e-05,0.0004203981956060372,-0.0011181636333210093,-0.028856079748491973,1.0,5.446623093681912e-05,-0.0007522316686517914,0.001818493065452169,0.0030574109259783985,0.0014418205233193157,0.003373230831913319,-0.00042816255650119625,0.029048656499636897,2.9048656499636897e-05,2.9048656499636897e-05,0.00039134953910640035,0.025417574437182285,2.5417574437182284e-05,2.5417574437182284e-05,-0.0011435812077581916,0.5010893246187365,0.5010893246187365
2014-09-17,-0.0006224981219815807,-0.0006842265170433092,0.061728395061728406,6.172839506172841e-05,-0.0018806082815620681,0.0012581101595804875,-0.04844648850862285,1.0,6.172839506172849e-05,-0.0006842265170433091,-0.0025932807506790674,-0.0023456893236085204,-0.0027603266226659184,-0.0025968213027339625,-0.00433114935670034,0.03267973856209151,3.2679738562091506e-05,3.2679738562091506e-05,-0.0019132880201241597,0.029048656499636897,2.9048656499636897e-05,2.9048656499636897e-05,0.0012290615030808507,0.5010893246187365,0.5010893246187365
2014-09-18,-0.0006553816718363895,-0.000688061410398481,0.03267973856209151,3.2679738562091506e-05,-0.0008341964458243557,0.00017881477398796612,-0.04588298723594647,1.0,3.267973856209156e-05,-0.000688061410398481,0.0007503736978847317,-0.002571303673080026,-0.0005987498172766836,-0.0018151345339469395,-0.0015895816588963941,0.018155410312273062,1.815541031227306e-05,1.815541031227306e-05,-0.0008523518561366287,0.014524328249818448,1.4524328249818448e-05,1.4524328249818448e-05,0.0001642904457381477,0.5010893246187365,0.5010893246187365
2014-09-19,-0.00016099704989422213,-0.0002227254449559505,0.061728395061728406,6.172839506172841e-05,-0.0010800874626233727,0.0009190904127291506,-0.025302693218184676,1.0,6.172839506172838e-05,-0.00022272544495595054,-0.0017463191039488023,-0.0020099161326590912,-0.0014320760148394142,-0.0026204379184174495,-0.0019229993799921097,0.029048656499636897,2.9048656499636897e-05,2.9048656499636897e-05,-0.0011091361191230096,0.03267973856209151,3.2679738562091506e-05,3.2679738562091506e-05,0.000886410674167059,0.5010893246187365,0.5010893246187365
2014-09-22,0.0033262476961811874,0.003271781465244368,0.05446623093681918,5.4466230936819184e-05,0.004377971949867852,-0.001051724253686665,0.22166902509486955,1.0,5.446623093681956e-05,0.0032717814652443683,0.0019772545235556384,0.002342118332569319,0.00610037286643718,0.007624461093748977,0.009293133311751666,0.029048656499636897,2.9048656499636897e-05,2.9048656499636897e-05,0.004348923293368215,0.025417574437182285,2.5417574437182284e-05,2.5417574437182284e-05,-0.0010771418281238473,0.5010893246187365,0.5010893246187365
2014-09-24,-0.0002279858358234211,-0.0002751899026353311,0.04720406681190996,4.720406681190996e-05,-0.006893425996592017,0.006665440160768596,0.0003101069648764775,1.0,4.720406681190997e-05,-0.0002751899026353311,-0.013163947596233272,-0.01357780524830891,-0.01163721731753576,-0.012676051161075284,-0.014297295283173675,0.021786492374727674,2.178649237472767e-05,2.178649237472767e-05,-0.006915212488966745,0.025417574437182285,2.5417574437182284e-05,2.5417574437182284e-05,0.006640022586331414,0.5010893246187365,0.5010893246187365
2014-09-25,0.0026029131972110688,0.0025375537200868856,0.06535947712418302,6.535947712418301e-05,0.004798439686471165,-0.0021955264892600966,0.18161807150509443,1.0,6.535947712418312e-05,0.0025375537200868856,0.0043375286507171314,0.0044694643320924874,0.005269121573617264,0.008085573354156283,0.010321238210467062,0.029048656499636897,2.9048656499636897e-05,2.9048656499636897e-05,0.004769391029971528,0.036310820624546124,3.631082062454612e-05,3.631082062454612e-05,-0.0022318373098846427,0.5010893246187365,0.5010893246187365
2014-09-26,0.001701722645136652,0.0016545185783247418,0.04720406681190996,4.720406681190996e-05,-0.0007106785881072008,0.002412401233243853,0.1786353860277951,1.0,4.720406681191008e-05,0.001654518578324742,-0.00468215562563881,-0.0050786300451431815,-0.000684003112343258,-0.0005619362396154327,-0.001846432784156665,0.029048656499636897,2.9048656499636897e-05,2.9048656499636897e-05,-0.0007397272446068377,0.018155410312273062,1.815541031227306e-05,1.815541031227306e-05,0.00239424582293158,0.5010893246187365,0.5010893246187365
2014-09-29,0.0009385240075038497,0.0008949510227543943,0.04357298474945535,4.357298474945534e-05,0.0009399119938926743,-1.3879863888245682e-06,0.06274733364937608,1.0,4.357298474945534e-05,0.0008949510227543943,-0.0005106610825998077,0.0010296319793622736,-0.0016173601214299468,0.002097914204601907,0.001764649018547334,0.029048656499636897,2.9048656499636897e-05,2.9048656499636897e-05,0.0009108633373930374,0.014524328249818448,1.4524328249818448e-05,1.4524328249818448e-05,-1.5912314638643017e-05,0.5010893246187365,0.5010893246187365
2014-09-30,-0.0031127131213949505,-0.0031599171882068606,0.04720406681190996,4.720406681190996e-05,-0.005370084942526061,0.002257371821131111,-0.15561220857243493,1.0,4.720406681191008e-05,-0.0031599171882068606,-0.0059376116820766545,-0.0016395635823577305,-0.0018612336533642875,-0.006265085299495576,-0.012942689884726964,0.025417574437182285,2.5417574437182284e-05,2.5417574437182284e-05,-0.005395502516963244,0.021786492374727674,2.178649237472767e-05,2.178649237472767e-05,0.0022355853287563832,0.5010893246187365,0.5010893246187365
2014-10-01,-0.0004131692130944049,-0.0004623861623539801,0.04921694925957516,4.9216949259575165e-05,0.002925750418816169,-0.0033389196319105743,-0.10864806610180007,0.9978260869565218,4.9216949259575226e-05,-0.00046238616235398005,0.00853516517645066,0.002963187438562123,0.004666802037200934,0.002397169981635512,0.007578666265630751,0.030035363581825725,3.0035363581825725e-05,3.0035363581825725e-05,0.0028957150552343437,0.01918158567774944,1.918158567774944e-05,1.918158567774944e-05,-0.0033581012175883237,0.5,0.5
2014-10-02,0.004484581022599488,0.004430233196512531,0.05434782608695652,5.4347826086956524e-05,0.007032403581714887,-0.0025478225591153997,0.3007949453681558,0.9978260869565218,5.434782608695725e-05,0.0044302331965125315,0.00519751287000808,0.004891909614676238,0.0049349962675476365,0.0114527810783103,0.01537082020598951,0.028985507246376812,2.8985507246376814e-05,2.8985507246376814e-05,0.00700341807446851,0.025362318840579712,2.536231884057971e-05,2.536231884057971e-05,-0.0025731848779559792,0.5,0.5
2014-10-03,0.0023428909795819956,0.002284919965089242,0.057971014492753624,5.797101449275363e-05,-0.0017859755294761174,0.004128866509058113,0.18336721625235988,0.9978260869565218,5.797101449275376e-05,0.002284919965089242,-0.008678905310779006,-0.007415388432790666,-0.007229389048678669,-0.004319576270678215,-0.003198138453089244,0.028985507246376812,2.8985507246376814e-05,2.8985507246376814e-05,-0.0018149610367224943,0.028985507246376812,2.8985507246376814e-05,2.8985507246376814e-05,0.004099881001811736,0.5,0.5
2014-10-06,-0.0016257884510705277,-0.001669266711940093,0.043478260869565216,4.347826086956522e-05,-0.004073350023756241,0.0024475615726857135,-0.11231201898092888,0.9978260869565218,4.347826086956532e-05,-0.001669266711940093,-0.0049886401449361255,-0.004708089146242031,-0.006050545218257863,-0.008093324423213139,-0.008173387859662153,0.025362318840579712,2.536231884057971e-05,2.536231884057971e-05,-0.004098712342596821,0.018115942028985508,1.811594202898551e-05,1.811594202898551e-05,0.002429445630656728,0.5,0.5
2014-10-07,0.00196639107113803,0.0019156664334568703,0.050724637681159424,5.072463768115942e-05,0.005564596418931016,-0.0035982053477929873,0.16116919136320468,0.9978260869565218,5.072463768115965e-05,0.0019156664334568706,0.0073028216345794586,0.0069835888175990065,0.008180468783093264,0.006886123330067334,0.013250727591759383,0.028985507246376812,2.8985507246376814e-05,2.8985507246376814e-05,0.00553561091168464,0.021739130434782608,2.173913043478261e-05,2.173913043478261e-05,-0.00361994447822777,0.5,0.5
2014-10-08,-0.006008503910477341,-0.006059228548158501,0.050724637681159424,5.072463768115942e-05,-0.007536842332372534,0.0015283384218951921,-0.40268258036171034,0.9978260869565218,5.072463768115987e-05,-0.0060592285481585,-0.0027007984483090825,-0.0037684336347529883,-0.0060324972019611366,-0.008664530934439852,-0.018278261529897675,0.018115942028985508,1.811594202898551e-05,1.811594202898551e-05,-0.007554958274401519,0.03260869565217391,3.260869565217392e-05,3.260869565217392e-05,0.0014957297262430183,0.5,0.5
2014-10-09,-0.0010218097581963204,-0.0010564697600825787,0.03466000188625855,3.4660001886258555e-05,-0.0002309330981289897,-0.0007908766600673307,-0.07301889781792474,0.9956616052060737,3.4660001886258236e-05,-0.001056469760082579,0.0027400826207431366,-0.0007841565120540879,-0.002867884286046545,0.001599449150928036,-0.0014940299552735677,0.01192272627243859,1.1922726272438591e-05,1.1922726272438591e-05,-0.0002428558244014283,0.02273727561381996,2.2737275613819964e-05,2.2737275613819964e-05,-0.0008136139356811506,0.49891540130151846,0.502530730296457
2014-10-10,0.0033053744564598107,0.0032547598505306714,0.05061460592913956,5.061460592913956e-05,0.007075737664372714,-0.003770363207912903,0.19648694971176286,0.9956616052060737,5.061460592913937e-05,0.0032547598505306714,0.007213514028568766,0.00808751431851769,0.00918105249365347,0.01261332423479757,0.014966696990921785,0.02530730296456978,2.530730296456978e-05,2.530730296456978e-05,0.007050430361408145,0.02530730296456978,2.530730296456978e-05,2.530730296456978e-05,-0.003795670510877473,0.49891540130151846,0.502530730296457
2014-10-14,0.0025509986642800095,0.0024895380713660545,0.06146059291395518,6.146059291395518e-05,-0.002658778790131952,0.005209777454411962,0.13099264414242354,0.9956616052060737,6.146059291395507e-05,0.0024895380713660545,-0.010860139821088181,-0.009370248707155387,-0.01134118574380641,-0.007671240437359933,-0.004158056013390662,0.03253796095444686,3.253796095444686e-05,3.253796095444686e-05,-0.002691316751086399,0.028922631959508317,2.892263195950832e-05,2.892263195950832e-05,0.005180854822452454,0.49891540130151846,0.502530730296457
2014-10-15,0.005366235784676772,0.0053156211787476326,0.05061460592913956,5.061460592913956e-05,0.008534673755548767,-0.0031684379708719957,0.30897313240825963,0.9956616052060737,5.061460592913937e-05,0.0053156211787476326,0.006704984324899244,0.00549622609842531,0.009155665377226795,0.015197684303597745,0.01806084003064449,0.018076644974692697,1.80766449746927e-05,1.80766449746927e-05,0.008516597110574075,0.03253796095444686,3.253796095444686e-05,3.253796095444686e-05,-0.0032009759318264424,0.49891540130151846,0.502530730296457
2014-10-16,-0.0019004892397760772,-0.0019423002848409185,0.04181104506484123,4.181104506484123e-05,0.004568408585730239,-0.0064688978255063164,-0.11738057399508643,0.9935064935064936,4.181104506484129e-05,-0.0019423002848409185,0.014536526315487087,0.009593076736740256,0.01131256886729005,0.01048007992907804,0.008433109497062715,0.015494267121165204,1.5494267121165205e-05,1.5494267121165205e-05,0.004552914318609074,0.026316777943676026,2.6316777943676027e-05,2.6316777943676027e-05,-0.006495214603449992,0.5014430014430015,0.5014430014430015
2014-10-17,0.002046644835622882,0.0020069622959403423,0.03968253968253968,3.968253968253968e-05,-0.004643894770054761,0.006690539605677643,0.1305725292446287,0.9935064935064936,3.968253968253963e-05,0.0020069622959403423,-0.014177462478062211,-0.01165464278769689,-0.012967056803044316,-0.009537119988597598,-0.009124517320254733,0.025252525252525252,2.5252525252525253e-05,2.5252525252525253e-05,-0.004669147295307287,0.01443001443001443,1.443001443001443e-05,1.443001443001443e-05,0.0066761095912476285,0.5014430014430015,0.5014430014430015
2014-10-20,0.0016614071329827396,0.0016109020824776892,0.050505050505050504,5.0505050505050505e-05,0.004393644422505693,-0.002732237289522954,0.10787807261758298,0.9935064935064936,5.0505050505050397e-05,0.0016109020824776892,0.0053228963630579445,0.005703191628073347,0.00428064706367963,0.007739494578897441,0.009267757884831139,0.025252525252525252,2.5252525252525253e-05,2.5252525252525253e-05,0.004368391897253168,0.025252525252525252,2.5252525252525253e-05,2.5252525252525253e-05,-0.0027574898147754794,0.5014430014430015,0.5014430014430015
2014-10-21,0.00021275456843227437,0.00015503451071221665,0.05772005772005772,5.772005772005772e-05,-0.0028982946238772646,0.003111049192309539,0.01513660760911781,0.9935064935064936,5.772005772005772e-05,0.00015503451071221665,-0.0057289177557151546,-0.00716507575710206,-0.004451840339200704,-0.007884964017755,-0.004738698117441373,0.025252525252525252,2.5252525252525253e-05,2.5252525252525253e-05,-0.00292354714912979,0.032467532467532464,3.246753246753247e-05,3.246753246753247e-05,0.0030785816598420065,0.5014430014430015,0.5014430014430015
2014-10-22,0.0009421071448969699,0.0008916020943919194,0.050505050505050504,5.0505050505050505e-05,0.002978297355114912,-0.0020361902102179422,0.0925564432058918,0.9935064935064936,5.0505050505050505e-05,0.0008916020943919194,0.0025008157159675287,0.0072142622758137685,0.00731138257769168,0.006908502310359188,0.005460138930766998,0.021645021645021644,2.1645021645021645e-05,2.1645021645021645e-05,0.0029566523334698903,0.02886002886002886,2.886002886002886e-05,2.886002886002886e-05,-0.002065050239077971,0.5014430014430015,0.5014430014430015
2014-10-23,-2.9331769788795378e-05,-9.426683472386022e-05,0.06493506493506493,6.493506493506494e-05,-0.0011060490671969067,0.0010767172974081114,-0.04844090434959146,0.9935064935064936,6.493506493506484e-05,-9.426683472386031e-05,-0.001672297736154072,-0.0031074422908521694,-0.0023483726062951413,-0.0021933025420121863,-0.002211880478434645,0.03968253968253968,3.968253968253968e-05,3.968253968253968e-05,-0.0011457316068794463,0.025252525252525252,2.5252525252525253e-05,2.5252525252525253e-05,0.0010514647721555862,0.5014430014430015,0.5014430014430015
2014-10-24,-0.000325785352022836,-0.000390720416957901,0.06493506493506493,6.493506493506494e-05,-0.00249250099736335,0.0021667156453405137,0.04374642594432552,0.9935064935064936,6.493506493506499e-05,-0.00039072041695790093,-0.00613058405061399,-0.0006623752213323747,-0.0020519898126642984,-0.002950186771005761,-0.005970028870998446,0.02886002886002886,2.886002886002886e-05,2.886002886002886e-05,-0.0025213610262233787,0.03607503607503607,3.6075036075036075e-05,3.6075036075036075e-05,0.0021306406092654775,0.5014430014430015,0.5014430014430015
2014-10-27,0.0009867263309983325,0.000936221280493282,0.050505050505050504,5.0505050505050505e-05,0.0026307849165368175,-0.0016440585855384848,0.08153219644612335,0.9935064935064936,5.0505050505050505e-05,0.000936221280493282,0.003520360369395238,0.002789989686032845,0.004888103027056573,0.004381384804626654,0.005674299761840641,0.032467532467532464,3.246753246753247e-05,3.246753246753247e-05,0.0025983173840692852,0.018037518037518036,1.8037518037518038e-05,1.8037518037518038e-05,-0.0016620961035760029,0.5014430014430015,0.5014430014430015
2014-10-28,-0.0022818341372696387,-0.002325124180559682,0.04329004329004329,4.329004329004329e-05,-0.0032112847609381324,0.0009294506236684935,-0.14856593056799375,0.9935064935064936,4.329004329004307e-05,-0.0023251241805596823,-0.001370005883219534,-0.0028311557769889082,-0.0014114863274130082,-0.0042848873379009705,-0.007452293743963501,0.01443001443001443,1.443001443001443e-05,1.443001443001443e-05,-0.0032257147753681466,0.02886002886002886,2.886002886002886e-05,2.886002886002886e-05,0.0009005905948084647,0.5014430014430015,0.5014430014430015
2014-10-29,-0.0006842599092316688,-0.0007419799669517265,0.05772005772005772,5.772005772005772e-05,0.0008084762094329321,-0.0014927361186646009,-0.04695272596772625,0.9935064935064936,5.772005772005772e-05,-0.0007419799669517265,0.0033525873261036395,0.0022173006688301937,0.003839395995508855,0.0011686563383094737,0.0018317356311029352,0.021645021645021644,2.1645021645021645e-05,2.1645021645021645e-05,0.0007868311877879104,0.03607503607503607,3.6075036075036075e-05,3.6075036075036075e-05,-0.001528811154739637,0.5014430014430015,0.5014430014430015
2014-10-30,-0.0032628001883776873,-0.003316912742490241,0.05411255411255411,5.411255411255411e-05,0.002692347426239898,-0.005955147614617585,-0.059753417807802515,0.9935064935064936,5.411255411255384e-05,-0.0033169127424902416,0.013565533699509351,0.008460267059078803,0.010275801962907926,0.0035770914064512985,0.006255618299536989,0.025252525252525252,2.5252525252525253e-05,2.5252525252525253e-05,0.0026670949009873724,0.02886002886002886,2.886002886002886e-05,2.886002886002886e-05,-0.0059840076434776145,0.5014430014430015,0.5014430014430015
2014-10-31,0.0011615725681975888,0.001085814992440013,0.07575757575757576,7.575757575757576e-05,-0.011688086720386674,0.012849659288584264,0.04129752402421554,0.9935064935064936,7.575757575757581e-05,0.001085814992440013,-0.028412457215692327,-0.019990587689916767,-0.0234699828625486,-0.02462738178674532,-0.022656753512912922,0.03607503607503607,3.6075036075036075e-05,3.6075036075036075e-05,-0.01172416175646171,0.03968253968253968,3.968253968253968e-05,3.968253968253968e-05,0.012809976748901724,0.5014430014430015,0.5014430014430015
2014-11-04,0.0015869214497367993,0.001532808895624245,0.05411255411255411,5.411255411255411e-05,0.0024270099476839963,-0.0008400884979471969,0.07477064850607151,0.9935064935064936,5.4112554112554275e-05,0.0015328088956242452,0.0012711493289277414,0.002492514000884414,0.0021484052879989614,0.003204488426641909,0.005649039676048129,0.021645021645021644,2.1645021645021645e-05,2.1645021645021645e-05,0.0024053649260389748,0.032467532467532464,3.246753246753247e-05,3.246753246753247e-05,-0.0008725560304147294,0.5014430014430015,0.5014430014430015
2014-11-05,0.001169802780273127,0.0010760076864780332,0.09379509379509379,9.37950937950938e-05,0.0007959278607557707,0.0003738749195173564,0.06382296677124455,0.9935064935064936,9.37950937950939e-05,0.0010760076864780332,-0.0012277043975372757,0.00022909524523381385,0.0015398232038039033,0.004384611319458757,0.0002036460463053417,0.04329004329004329,4.329004329004329e-05,4.329004329004329e-05,0.0007526378174657274,0.050505050505050504,5.0505050505050505e-05,5.0505050505050505e-05,0.0003233698690123059,0.5014430014430015,0.5014430014430015
2014-11-06,-0.0015675926742302207,-0.0016686027752403217,0.10101010101010101,0.00010101010101010101,-0.0012545814419328471,-0.00031301123229737353,-0.13901894205687354,0.9935064935064936,0.00010101010101010101,-0.0016686027752403217,0.0018552524696671083,-0.0018646036105697636,-0.003042115503644877,-0.002617857852163791,-0.002444607682841407,0.050505050505050504,5.0505050505050505e-05,5.0505050505050505e-05,-0.0013050864924378978,0.050505050505050504,5.0505050505050505e-05,5.0505050505050505e-05,-0.00036351628280242404,0.5014430014430015,0.5014430014430015
2014-11-07,-0.002659358471371268,-0.0027639760759888728,0.10461760461760462,0.00010461760461760462,0.000959633174129662,-0.00361899164550093,-0.14578607415595676,0.9935064935064936,0.00010461760461760467,-0.0027639760759888728,0.007621576826228791,0.0063995182455126145,0.0037547697599034607,0.0008161096074583371,0.0024566588594156858,0.046897546897546896,4.68975468975469e-05,4.68975468975469e-05,0.000912735627232115,0.05772005772005772,5.772005772005772e-05,5.772005772005772e-05,-0.0036767117032209876,0.5014430014430015,0.5014430014430015
2014-11-10,0.0011578868232743008,0.0010857367511242285,0.07215007215007214,7.215007215007215e-05,8.736691626671696e-05,0.0010705199070075839,0.09783080550346178,0.9935064935064936,7.215007215007237e-05,0.0010857367511242287,-0.002905893423001738,-0.0005760876061595785,-0.001880888610571526,0.00017712247286232513,0.000172800811155559,0.02886002886002886,2.886002886002886e-05,2.886002886002886e-05,5.85068874066881e-05,0.04329004329004329,4.329004329004329e-05,4.329004329004329e-05,0.0010272298637175406,0.5014430014430015,0.5014430014430015
2014-11-11,-0.0008941276734185656,-0.0009734927527836448,0.07936507936507936,7.936507936507937e-05,-0.0017868718559013743,0.0008927441824828086,-0.015494676295452774,0.9935064935064936,7.936507936507926e-05,-0.0009734927527836449,-0.0011583674379570467,-0.0030378372968310695,-0.006060584409209394,-0.004570288091178666,-0.0030654583468993795,0.03607503607503607,3.6075036075036075e-05,3.6075036075036075e-05,-0.0018229468919764105,0.04329004329004329,4.329004329004329e-05,4.329004329004329e-05,0.0008494541391927653,0.5014430014430015,0.5014430014430015
2014-11-12,0.0003735568374712384,0.0003158367797511807,0.05772005772005772,5.772005772005772e-05,0.003586150380038505,-0.003212593542567267,0.011536065958101005,0.9935064935064936,5.772005772005772e-05,0.0003158367797511807,0.0067739438902275125,0.005664220613227994,0.00694028600887734,0.008045826086233849,0.006709385864300178,0.025252525252525252,2.5252525252525253e-05,2.5252525252525253e-05,0.0035608978547859798,0.032467532467532464,3.246753246753247e-05,3.246753246753247e-05,-0.003245061075034799,0.5014430014430015,0.5014430014430015
2014-11-13,-0.00029379953290254314,-0.0003606902855384361,0.06689075263589289,6.68907526358929e-05,-0.002356927034352928,0.002063127501450385,-0.012365685851531054,0.9913606911447084,6.689075263589296e-05,-0.00036069028553843604,-0.00481588535090687,-0.0027230322232299547,-0.006251447006705769,-0.004270930787893528,-0.0049278657408617305,0.02265792762553015,2.265792762553015e-05,2.265792762553015e-05,-0.0023795849619784584,0.04423282501036274,4.4232825010362746e-05,4.4232825010362746e-05,0.002018894676440022,0.5003599712023039,0.5003599712023039
2014-11-14,0.0010118002531882238,0.000925407164635308,0.08639308855291578,8.639308855291578e-05,0.0015987331116011348,-0.0005869328584129109,0.08617635537389531,0.9913606911447084,8.63930885529158e-05,0.000925407164635308,0.0015270485584655768,0.0004572702636914778,0.0054359305008990855,0.0008639620094042842,0.004348234472797829,0.04319654427645789,4.319654427645789e-05,4.319654427645789e-05,0.001555536567324677,0.04319654427645789,4.319654427645789e-05,4.319654427645789e-05,-0.0006301294026893688,0.5003599712023039,0.5003599712023039
2014-11-17,0.0026745255004782314,0.0025989315479944303,0.07559395248380131,7.559395248380131e-05,0.0007968466221836243,0.0018776788782946072,0.14107061975476856,0.9913606911447084,7.559395248380113e-05,0.0025989315479944303,-0.004142937580989757,-0.0029636086382216166,0.0006820531674586872,-0.0020072108836616865,0.0033730719601187996,0.02879769618430526,2.879769618430526e-05,2.879769618430526e-05,0.000768048925999319,0.04679625629949605,4.679625629949605e-05,4.679625629949605e-05,0.001830882621995111,0.5003599712023039,0.5003599712023039
2014-11-18,-0.0009446583508421966,-0.0010166525913029598,0.07199424046076315,7.199424046076315e-05,-7.746094889745285e-05,-0.0008671974019447438,-0.018366174392040215,0.9913606911447084,7.19942404607632e-05,-0.0010166525913029598,0.002383901474396253,0.0004174913291608307,0.0017136704719868583,-0.0005250618519770441,2.8324662228297046e-05,0.032397408207343416,3.239740820734342e-05,3.239740820734342e-05,-0.00010985835710479626,0.039596832253419735,3.9596832253419736e-05,3.9596832253419736e-05,-0.0009067942341981635,0.5003599712023039,0.5003599712023039
2014-11-19,1.1115592046195568e-05,-3.928037627633874e-05,0.05039596832253421,5.039596832253421e-05,-0.0011953576412929352,0.0012064732333391306,0.0006593030225190513,0.9913606911447084,5.0395968322534306e-05,-3.928037627633864e-05,-0.0013238066426527401,-0.0046096575316283825,-0.002898572542316829,-0.000865431576976496,-0.0031425860237662205,0.035997120230381575,3.5997120230381573e-05,3.5997120230381573e-05,-0.0012313547615233167,0.01439884809215263,1.439884809215263e-05,1.439884809215263e-05,0.001192074385246978,0.5003599712023039,0.5003599712023039
2014-11-20,-0.0002452455324358565,-0.0002992412127814289,0.05399568034557236,5.399568034557237e-05,0.002198988315347463,-0.0024442338477833193,0.004872488834784594,0.9913606911447084,5.399568034557235e-05,-0.0002992412127814289,0.005136342427191748,0.004376702547508119,0.003866463413564291,0.006667912016353969,0.0032704838844219626,0.032397408207343416,3.239740820734342e-05,3.239740820734342e-05,0.0021665909071401195,0.021598272138228944,2.1598272138228946e-05,2.1598272138228946e-05,-0.0024658321199215482,0.5003599712023039,0.5003599712023039
2014-11-21,-0.0003916049563675026,-0.0004599994848052275,0.06839452843772499,6.8394528437725e-05,-0.0028103500094064024,0.0024187450530388996,-0.05995264633288288,0.9913606911447084,6.839452843772489e-05,-0.0004599994848052276,-0.004850298395690653,-0.00480107880293425,-0.002554516045177725,-0.006051771062259101,-0.005401438319883654,0.039596832253419735,3.9596832253419736e-05,3.9596832253419736e-05,-0.002849946841659822,0.02879769618430526,2.879769618430526e-05,2.879769618430526e-05,0.0023899473568545944,0.5003599712023039,0.5003599712023039
2014-11-25,-0.002817855258171501,-0.0028574520904249205,0.039596832253419735,3.9596832253419736e-05,-0.0006626799794324337,-0.002155175278739067,-0.24252014330192553,0.9913606911447084,3.959683225341964e-05,-0.0028574520904249205,0.004618315778343581,0.003678354892342602,6.648653663890203e-05,0.0016770286062233926,-0.0028089872491678077,0.021598272138228944,2.1598272138228946e-05,2.1598272138228946e-05,-0.0006842782515706626,0.017998560115190788,1.7998560115190787e-05,1.7998560115190787e-05,-0.002173173838854258,0.5003599712023039,0.5003599712023039
2014-11-26,0.0008388404545001987,0.000774045638085512,0.06479481641468683,6.479481641468683e-05,0.002570031938958595,-0.0017311914844583961,0.0834206323501491,0.9913606911447084,6.47948164146868e-05,0.000774045638085512,0.0031773246949756938,0.004031169516300062,0.003948005732621544,0.004445486428252583,0.005478091364979342,0.02879769618430526,2.879769618430526e-05,2.879769618430526e-05,0.0025412342427742897,0.035997120230381575,3.5997120230381573e-05,3.5997120230381573e-05,-0.0017671886046887776,0.5003599712023039,0.5003599712023039
2014-11-27,0.003620550449724807,0.0035665547693792344,0.05399568034557236,5.399568034557237e-05,0.0012293079509892021,0.002391242498735605,0.1949474530651448,0.9913606911447084,5.399568034557267e-05,0.003566554769379235,-0.006212836960107949,-0.0018802897577980791,-0.005290150599641001,0.0015546726195782199,0.0029030839600451843,0.02879769618430526,2.879769618430526e-05,2.879769618430526e-05,0.001200510254804897,0.025197984161267103,2.5197984161267106e-05,2.5197984161267106e-05,0.002366044514574338,0.5003599712023039,0.5003599712023039
2014-11-28,0.0011597805913328158,0.0011093846230102815,0.05039596832253421,5.039596832253421e-05,-0.0004403041768172398,0.0016000847681500556,0.118087586911228,0.9913606911447084,5.0395968322534306e-05,0.0011093846230102815,-0.003153712101277624,-0.0032871374602883997,-0.0010574391025365173,-0.0013622301174492405,-0.0006414399453458511,0.025197984161267103,2.5197984161267106e-05,2.5197984161267106e-05,-0.0004655021609785069,0.025197984161267103,2.5197984161267106e-05,2.5197984161267106e-05,0.0015748867839887886,0.5003599712023039,0.5003599712023039
2014-12-01,0.0027239855208647853,0.00265559099242706,0.06839452843772499,6.8394528437725e-05,0.0027304957563425653,-6.510235477780155e-06,0.18504326482190878,0.9913606911447084,6.839452843772527e-05,0.0026555909924270604,-0.0003782844261817613,0.0008041085880571988,0.006076062652922991,0.0024838044398988682,0.006927706633081899,0.02879769618430526,2.879769618430526e-05,2.879769618430526e-05,0.00270169806015826,0.039596832253419735,3.9596832253419736e-05,3.9596832253419736e-05,-4.610706773119989e-05,0.5003599712023039,0.5003599712023039
2014-12-02,-0.00031335326012298727,-0.0003637492284455215,0.05039596832253421,5.039596832253421e-05,0.00028563958655868744,-0.0005989928466816748,-0.05275268008602087,0.9913606911447084,5.039596832253425e-05,-0.00036374922844552147,0.0006081280489756167,0.00238791965768341,0.0020226778034280403,0.0016592168888429689,3.2545164077707564e-05,0.017998560115190788,1.7998560115190787e-05,1.7998560115190787e-05,0.00026764102644349664,0.032397408207343416,3.239740820734342e-05,3.239740820734342e-05,-0.0006313902548890182,0.5003599712023039,0.5003599712023039
2014-12-03,0.001805278953706492,0.0017476835613378814,0.05759539236861052,5.759539236861052e-05,-0.0007174791288342868,0.002522758082540779,0.0932964034294181,0.9913606911447084,5.7595392368610604e-05,0.0017476835613378814,-0.006709620102748619,-0.0016701636037871035,-0.005197488659927486,-0.005429698052418488,0.0005424775099041462,0.035997120230381575,3.5997120230381573e-05,3.5997120230381573e-05,-0.0007534762490646684,0.021598272138228944,2.1598272138228946e-05,2.1598272138228946e-05,0.00250115981040255,0.5003599712023039,0.5003599712023039
2014-12-04,0.0018600884966161072,0.0018168919523396491,0.04319654427645789,4.319654427645789e-05,0.001047075125313176,0.000813013371302931,0.11624977818480091,0.9913606911447084,4.319654427645801e-05,0.0018168919523396494,-0.002343459179889903,-0.00017203066996072347,0.0005437227939247907,0.0016847152054848885,0.002294414735050488,0.021598272138228944,2.1598272138228946e-05,2.1598272138228946e-05,0.0010254768531749471,0.021598272138228944,2.1598272138228946e-05,2.1598272138228946e-05,0.0007914150991647021,0.5003599712023039,0.5003599712023039
2014-12-05,-0.001866762225161419,-0.0019207579055069912,0.05399568034557236,5.399568034557237e-05,-0.0036649536462923836,0.0017981914211309647,-0.12067627886544784,0.9913606911447084,5.399568034557224e-05,-0.0019207579055069914,-0.004130947581658379,-0.0025078141673033185,-0.005525613870628992,-0.004954085389002134,-0.0084971633875906,0.035997120230381575,3.5997120230381573e-05,3.5997120230381573e-05,-0.003700950766522765,0.017998560115190788,1.7998560115190787e-05,1.7998560115190787e-05,0.001780192861015774,0.5003599712023039,0.5003599712023039
2014-12-08,-0.002163873902173686,-0.002228668718588373,0.06479481641468683,6.479481641468683e-05,-0.0006010930815536293,-0.0015627808206200569,-0.10370502735617379,0.9913606911447084,6.479481641468669e-05,-0.002228668718588373,0.0024340134975141202,0.004516896884770403,0.003359924564330407,-0.001640596604453657,-0.000984045314523978,0.021598272138228944,2.1598272138228946e-05,2.1598272138228946e-05,-0.0006226913536918582,0.04319654427645789,4.319654427645789e-05,4.319654427645789e-05,-0.0016059773648965147,0.5003599712023039,0.5003599712023039
2014-12-09,-0.00490720570383064,-0.004950402248107098,0.04319654427645789,4.319654427645789e-05,-0.0008857169125566045,-0.004021488791274035,-0.29248471491628103,0.9913606911447084,4.319654427645779e-05,-0.004950402248107098,0.01020354282967945,0.003657393544689959,0.001813972770295972,0.0021189500294252835,-0.003693804942599868,0.01439884809215263,1.439884809215263e-05,1.439884809215263e-05,-0.0009001157606487571,0.02879769618430526,2.879769618430526e-05,2.879769618430526e-05,-0.00405028648745834,0.5003599712023039,0.5003599712023039
2014-12-10,0.005205622805776819,0.005151627125431247,0.05399568034557236,5.399568034557237e-05,0.005276522047265932,-7.089924148911317e-05,0.26597038410326473,0.9913606911447084,5.399568034557267e-05,0.005151627125431247,-0.000971569769077176,0.0023924303871707174,0.0049099947579845414,0.006851000833837541,0.012372814907246761,0.02879769618430526,2.879769618430526e-05,2.879769618430526e-05,0.005247724351081627,0.025197984161267103,2.5197984161267106e-05,2.5197984161267106e-05,-9.609722565038028e-05,0.5003599712023039,0.5003599712023039
2014-12-11,0.0004439172631876046,0.00036832331070380333,0.07559395248380131,7.559395248380131e-05,-0.0005090280194519599,0.0009529452826395645,0.027726217377654183,0.9913606911447084,7.559395248380124e-05,0.0003683233107038033,-0.0011298955725265727,-0.003470606766789124,-0.0010741253289682207,0.0004920129993150206,-0.0017638772233574771,0.04679625629949605,4.679625629949605e-05,4.679625629949605e-05,-0.000555824275751456,0.02879769618430526,2.879769618430526e-05,2.879769618430526e-05,0.0009241475864552592,0.5003599712023039,0.5003599712023039
2014-12-12,-0.0005507228040263832,-0.0006047184843719557,0.05399568034557236,5.399568034557237e-05,0.0011563997079971724,-0.0017071225120235557,-0.05534472253555558,0.9913606911447084,5.3995680345572455e-05,-0.0006047184843719556,0.004300763705744633,0.0016145132436063674,0.006606474876135082,0.0035270812610284272,0.001709700009401149,0.032397408207343416,3.239740820734342e-05,3.239740820734342e-05,0.001124002299789829,0.021598272138228944,2.1598272138228946e-05,2.1598272138228946e-05,-0.0017287207841617845,0.5003599712023039,0.5003599712023039
2014-12-15,0.0014911448529174795,0.0014387395625820854,0.05240529033539401,5.240529033539401e-05,0.004104731309932115,-0.0026135864570146355,0.0834773425856641,0.9892241379310345,5.2405290335394124e-05,0.0014387395625820856,0.005194663995737347,0.005258467054393575,0.003233781230728083,0.00980889298948979,0.007383265297568018,0.024410547156227577,2.4410547156227578e-05,2.4410547156227578e-05,0.004080320762775888,0.02799474317916643,2.7994743179166434e-05,2.7994743179166434e-05,-0.002641581200193802,0.5010775862068966,0.5010775862068966
2014-12-16,0.0010771829898378145,0.0010376714955849407,0.039511494252873564,3.951149425287356e-05,0.005618346444827264,-0.00454116345498945,0.02502323630547086,0.9892241379310345,3.951149425287376e-05,0.001037671495584941,0.009819383858054646,0.007549617356343675,0.006032095687564232,0.00780981928810474,0.012913882294011185,0.021551724137931036,2.1551724137931033e-05,2.1551724137931033e-05,0.005596794720689333,0.017959770114942528,1.795977011494253e-05,1.795977011494253e-05,-0.004559123225104393,0.5010775862068966,0.5010775862068966
2014-12-17,0.0018910642315070425,0.001837184921162215,0.05387931034482758,5.3879310344827585e-05,0.0006043036404441739,0.0012867605910628686,0.08427314726916017,0.9892241379310345,5.387931034482748e-05,0.001837184921162215,-0.0013138838581248679,-0.00507619246766215,-0.0006060528800060942,0.0010158510619507352,0.0013010866571929976,0.02514367816091954,2.514367816091954e-05,2.514367816091954e-05,0.0005791599622832544,0.028735632183908046,2.8735632183908045e-05,2.8735632183908045e-05,0.0012580249588789606,0.5010775862068966,0.5010775862068966
2014-12-18,-0.00048015703772629186,-0.000530444394048131,0.05028735632183908,5.028735632183908e-05,-0.004953508499102879,0.0044733514613765875,-0.031139131179337122,0.9892241379310345,5.02873563218391e-05,-0.000530444394048131,-0.008574883542321384,-0.009632621019598994,-0.010278900113976055,-0.009345528534163755,-0.01015580311087771,0.032327586206896554,3.232758620689655e-05,3.232758620689655e-05,-0.004985836085309776,0.017959770114942528,1.795977011494253e-05,1.795977011494253e-05,0.004455391691261645,0.5010775862068966,0.5010775862068966
2014-12-19,-0.0024116356549776924,-0.0024691069193455086,0.05747126436781609,5.747126436781609e-05,0.0006301881475420767,-0.0030418238025197693,-0.2108582107610464,0.9892241379310345,5.747126436781618e-05,-0.0024691069193455086,0.006336362171395917,0.00553896913293943,0.004143996115182449,0.0024822151684084667,0.0006453911284378543,0.028735632183908046,2.8735632183908045e-05,2.8735632183908045e-05,0.0006014525153581686,0.028735632183908046,2.8735632183908045e-05,2.8735632183908045e-05,-0.003070559434703677,0.5010775862068966,0.5010775862068966
2014-12-22,0.003509860190036913,0.0034416130636001313,0.0682471264367816,6.82471264367816e-05,-0.0003932407834609273,0.00390310097349784,0.23232719199951357,0.9892241379310345,6.824712643678163e-05,0.0034416130636001313,-0.008916061719542326,-0.005536119808695966,-0.005184339070797781,-0.0042367212747755545,0.0009411753243176466,0.039511494252873564,3.951149425287356e-05,3.951149425287356e-05,-0.00043275227771380086,0.028735632183908046,2.8735632183908045e-05,2.8735632183908045e-05,0.0038743653413139323,0.5010775862068966,0.5010775862068966
2014-12-24,0.0008085525560782102,0.0007582651997563711,0.05028735632183908,5.028735632183908e-05,0.0007213351088134152,8.721744726479495e-05,0.060928385024030494,0.9892241379310345,5.02873563218391e-05,0.0007582651997563711,-0.0004802176414297201,0.0004382559856869903,-0.0008935737070429406,-0.0007109574198045174,0.002514830261446934,0.032327586206896554,3.232758620689655e-05,3.232758620689655e-05,0.0006890075226065187,0.017959770114942528,1.795977011494253e-05,1.795977011494253e-05,6.925767714985242e-05,0.5010775862068966,0.5010775862068966
2014-12-25,-0.00046657046642597887,-0.0005204497767708065,0.05387931034482758,5.3879310344827585e-05,0.0010650027634393064,-0.0015315732298652853,-0.040752694977111155,0.9892241379310345,5.387931034482764e-05,-0.0005204497767708064,0.003056700934164851,0.003056275275637943,0.0023975419218387876,0.0016815283564378877,0.002347373126528399,0.028735632183908046,2.8735632183908045e-05,2.8735632183908045e-05,0.0010362671312553983,0.02514367816091954,2.514367816091954e-05,2.514367816091954e-05,-0.0015567169080262049,0.5010775862068966,0.5010775862068966
2014-12-26,-0.000876308717188772,-0.0009337799815565881,0.05747126436781609,5.747126436781609e-05,-0.0011544857772589228,0.0002781770600701508,-0.02916519306919021,0.9892241379310345,5.747126436781607e-05,-0.0009337799815565881,-0.0010332502559691431,0.0004010275329376411,-0.00016987312477659806,-0.001278939538192013,-0.002816539267343608,0.035919540229885055,3.591954022988506e-05,3.591954022988506e-05,-0.0011904053174888079,0.021551724137931036,2.1551724137931033e-05,2.1551724137931033e-05,0.0002566253359322198,0.5010775862068966,0.5010775862068966
2014-12-29,-0.0033040155725483707,-0.00335430292887021,0.05028735632183908,5.028735632183908e-05,-0.0007229336506911487,-0.0025810819218572223,-0.2668953689950127,0.9892241379310345,5.028735632183921e-05,-0.00335430292887021,0.00600257153059715,0.003448044187086358,0.0007030547171891322,-0.001678837258437689,-0.0013247182347856264,0.035919540229885055,3.591954022988506e-05,3.591954022988506e-05,-0.0007588531909210337,0.014367816091954023,1.4367816091954022e-05,1.4367816091954022e-05,-0.0025954497379491763,0.5010775862068966,0.5010775862068966
2014-12-30,0.000704910554210937,0.000661807105935075,0.04310344827586207,4.3103448275862066e-05,-0.0009913441429817433,0.0016962546971926804,0.0480978493542851,0.9892241379310345,4.3103448275862025e-05,0.000661807105935075,-0.0034575059289262107,-0.00324062916792053,-0.0011350913291624715,-0.0018162590962160583,-0.0020595071121728026,0.017959770114942528,1.795977011494253e-05,1.795977011494253e-05,-0.001009303913096686,0.02514367816091954,2.514367816091954e-05,2.514367816091954e-05,0.0016711110190317608,0.5010775862068966,0.5010775862068966
2015-01-05,-0.00015444995274407704,-0.00020473730906591612,0.05028735632183908,5.028735632183908e-05,0.002267885254597635,-0.0024223352073417122,0.026706301785317632,0.9892241379310345,5.0287356321839074e-05,-0.00020473730906591612,0.00562515431032267,0.0032524466852456844,0.003620905809609498,0.0033960337815117647,0.005091007355265425,0.028735632183908046,2.8735632183908045e-05,2.8735632183908045e-05,0.002239149622413727,0.021551724137931036,2.1551724137931033e-05,2.1551724137931033e-05,-0.002443886931479643,0.5010775862068966,0.5010775862068966
2015-01-06,0.004999716209378467,0.0049386529909876626,0.0610632183908046,6.10632183908046e-05,0.00597566180768328,-0.0009759455983048128,0.2716625033660069,0.9892241379310345,6.106321839080466e-05,0.0049386529909876626,0.0016601938459720105,0.002522693051455116,0.0034573724557019725,0.007052362819989457,0.01436225135623135,0.032327586206896554,3.232758620689655e-05,3.232758620689655e-05,0.005943334221476383,0.028735632183908046,2.8735632183908045e-05,2.8735632183908045e-05,-0.0010046812304887209,0.5010775862068966,0.5010775862068966
2015-01-07,0.003948215826049111,0.003894336515704283,0.05387931034482758,5.3879310344827585e-05,0.0006242096931932716,0.0033240061328558388,0.21343399710368294,0.9892241379310345,5.3879310344827694e-05,0.003894336515704283,-0.007443677048879152,-0.00501379229766246,-0.003488603100889951,-0.0005304621158591202,0.00213383297819845,0.02514367816091954,2.514367816091954e-05,2.514367816091954e-05,0.0005990660150323521,0.028735632183908046,2.8735632183908045e-05,2.8735632183908045e-05,0.003295270500671931,0.5010775862068966,0.5010775862068966
2015-01-08,-0.0010062144642958117,-0.001042134004525697,0.035919540229885055,3.591954022988506e-05,-0.0034775710829378368,0.002471356618642025,-0.06271903863121098,0.9892241379310345,3.5919540229885274e-05,-0.0010421340045256968,-0.005440710232292379,-0.003914830774768782,-0.005319255399565917,-0.004910547646723255,-0.007955003482981315,0.017959770114942528,1.795977011494253e-05,1.795977011494253e-05,-0.003495530853052779,0.017959770114942528,1.795977011494253e-05,1.795977011494253e-05,0.0024533968485270824,0.5010775862068966,0.5010775862068966
2015-01-09,0.0039914049813305225,0.003948301533054661,0.04310344827586207,4.3103448275862066e-05,0.004219045393036582,-0.0002276404117060591,0.20265930054067066,0.9892241379310345,4.310344827586181e-05,0.003948301533054661,-0.00015900195414422978,0.0016809090828898974,0.004636137086992209,0.005633936808949433,0.00981294812693802,0.014367816091954023,1.4367816091954022e-05,1.4367816091954022e-05,0.004204677576944628,0.028735632183908046,2.8735632183908045e-05,2.8735632183908045e-05,-0.0002563760438899671,0.5010775862068966,0.5010775862068966
2015-01-13,0.0010365253065886984,0.0009862379502668592,0.05028735632183908,5.028735632183908e-05,0.003330526478740813,-0.0022940011721521146,0.04632332776158372,0.9892241379310345,5.028735632183921e-05,0.0009862379502668594,0.00496650369655284,0.0038013996246824646,0.008979762778644918,0.004359375461235016,0.007790404438000152,0.028735632183908046,2.8735632183908045e-05,2.8735632183908045e-05,0.003301790846556905,0.021551724137931036,2.1551724137931033e-05,2.1551724137931033e-05,-0.0023155528962900455,0.5010775862068966,0.5010775862068966
2015-01-14,0.0021639459651028492,0.002120842516826987,0.04310344827586207,4.3103448275862066e-05,-0.0018115449966481566,0.003975490961751006,0.08593064971067853,0.9892241379310345,4.310344827586224e-05,0.002120842516826987,-0.006865633952745745,-0.010070381207443566,-0.00619357943213705,-0.0048869655175931125,-0.002979464844072764,0.021551724137931036,2.1551724137931033e-05,2.1551724137931033e-05,-0.0018330967207860877,0.021551724137931036,2.1551724137931033e-05,2.1551724137931033e-05,0.003953939237613075,0.5010775862068966,0.5010775862068966
2015-01-15,0.0008689031275184061,0.000818615771196567,0.05028735632183908,5.028735632183908e-05,0.004165445723583602,-0.0032965425960651963,0.05352106034490247,0.9892241379310345,5.02873563218391e-05,0.000818615771196567,0.005449733322869297,0.008837252897154969,0.005822785518431045,0.007871698187340044,0.008533614233702826,0.02514367816091954,2.514367816091954e-05,2.514367816091954e-05,0.004140302045422682,0.02514367816091954,2.514367816091954e-05,2.514367816091954e-05,-0.0033216862742261157,0.5010775862068966,0.5010775862068966
2015-01-16,0.0016662139035511386,0.0016159265472292996,0.05028735632183908,5.028735632183908e-05,0.0008763087394941265,0.000789905164057012,0.06896287278913844,0.9892241379310345,5.028735632183899e-05,0.0016159265472292996,-0.0012537235287069747,-0.0022217916022306133,0.0024276850960360083,0.0002116065144908903,0.0025174693564660043,0.035919540229885055,3.591954022988506e-05,3.591954022988506e-05,0.0008403891992642415,0.014367816091954023,1.4367816091954022e-05,1.4367816091954022e-05,0.000775537347965058,0.5010775862068966,0.5010775862068966
2015-01-19,-0.00012466763924148312,-0.00019650671970125323,0.07183908045977011,7.183908045977011e-05,-0.0023393374545474634,0.00221466981530598,-0.004308488790111324,0.9892241379310345,7.183908045977011e-05,-0.00019650671970125323,-0.005413284323015614,-0.0024328738610910265,-0.0015745104993455227,-0.002654673076240979,-0.005675583325815142,0.039511494252873564,3.951149425287356e-05,3.951149425287356e-05,-0.002378848948800337,0.032327586206896554,3.232758620689655e-05,3.232758620689655e-05,0.0021823422290990838,0.5010775862068966,0.5010775862068966
2015-01-20,0.0050925589479356385,0.005049455499659776,0.04310344827586207,4.3103448275862066e-05,0.0028795094134932207,0.0022130495344424173,0.26621137158109875,0.9892241379310345,4.3103448275862676e-05,0.005049455499659777,-0.004770992618402872,-0.0037077564919849875,0.00010005690653829581,0.0003790089409238594,0.008430446289930678,0.021551724137931036,2.1551724137931033e-05,2.1551724137931033e-05,0.00285795768935529,0.021551724137931036,2.1551724137931033e-05,2.1551724137931033e-05,0.0021914978103044864,0.5010775862068966,0.5010775862068966
2015-01-21,-0.003216660504264728,-0.003281315676678521,0.06465517241379311,6.46551724137931e-05,-0.00010196337448986082,-0.003114697129774867,-0.18715569007173782,0.9892241379310345,6.465517241379271e-05,-0.0032813156766785213,0.006246116544583717,0.006155760049097576,0.00036485608716431926,0.0009084965442610357,-0.000759480567377585,0.039511494252873564,3.951149425287356e-05,3.951149425287356e-05,-0.00014147486874273437,0.02514367816091954,2.514367816091954e-05,2.514367816091954e-05,-0.0031398408079357865,0.5010775862068966,0.5010775862068966
2015-01-22,-0.003078563430016449,-0.0031324427403612767,0.05387931034482758,5.3879310344827585e-05,-0.005589493388312172,0.002510929958295723,-0.16711054524968016,0.9892241379310345,5.3879310344827694e-05,-0.0031324427403612767,-0.005316164026647714,-0.004400852600242837,-0.006890796419841034,-0.008815425877545592,-0.01232470597849719,0.032327586206896554,3.232758620689655e-05,3.232758620689655e-05,-0.005621820974519069,0.021551724137931036,2.1551724137931033e-05,2.1551724137931033e-05,0.002489378234157792,0.5010775862068966,0.5010775862068966
2015-01-23,0.0048231230711861,0.004780019622910237,0.04310344827586207,4.3103448275862066e-05,0.005458023660874871,-0.0006349005896887712,0.25760022634457236,0.9892241379310345,4.3103448275862676e-05,0.004780019622910238,-0.0002107043078717364,0.004222619888202697,0.00772795708426553,0.0077141456799872474,0.012481785086754377,0.021551724137931036,2.1551724137931033e-05,2.1551724137931033e-05,0.00543647193673694,0.021551724137931036,2.1551724137931033e-05,2.1551724137931033e-05,-0.0006564523138267022,0.5010775862068966,0.5010775862068966
2015-01-26,0.0027210659809777426,0.0026707786246559033,0.05028735632183908,5.028735632183908e-05,-0.0016881779503588393,0.004409243931336582,0.1743339649637464,0.9892241379310345,5.028735632183921e-05,0.0026707786246559033,-0.009254350496858006,-0.007889869124221717,-0.002706174036514985,-0.0018921929649563939,-0.0041075458979508445,0.028735632183908046,2.8735632183908045e-05,2.8735632183908045e-05,-0.0017169135825427474,0.021551724137931036,2.1551724137931033e-05,2.1551724137931033e-05,0.004387692207198651,0.5010775862068966,0.5010775862068966
2015-01-27,0.0013222941042541562,0.0012720067479323172,0.05028735632183908,5.028735632183908e-05,0.002614490093062131,-0.0012921959888079746,0.10989202718616717,0.9892241379310345,5.028735632183899e-05,0.0012720067479323172,0.0037942362053096043,0.00014803002559885914,0.0040968121269434245,0.004321563296111395,0.005665820953110939,0.02514367816091954,2.514367816091954e-05,2.514367816091954e-05,0.0025893464149012117,0.02514367816091954,2.514367816091954e-05,2.514367816091954e-05,-0.0013173396669688942,0.5010775862068966,0.5010775862068966
2015-01-28,0.002368888750302113,0.002332969210072228,0.035919540229885055,3.591954022988506e-05,0.005735183448632206,-0.0033662946983300927,0.11928197644477702,0.9892241379310345,3.591954022988484e-05,0.0023329692100722277,0.006214139827822319,0.007726052473712306,0.012487990164121922,0.010690369210921187,0.01182336455689646,0.014367816091954023,1.4367816091954022e-05,1.4367816091954022e-05,0.005720815632540252,0.021551724137931036,2.1551724137931033e-05,2.1551724137931033e-05,-0.0033878464224680236,0.5010775862068966,0.5010775862068966
2015-01-29,-0.000790183220282362,-0.0008332866685582241,0.04310344827586207,4.3103448275862066e-05,-0.0018804224419528331,0.0010902392216704713,-0.008660285834478086,0.9892241379310345,4.3103448275862133e-05,-0.000833286668558224,-0.002039281646743674,-0.0024488044336752157,-0.003461648131436944,-0.0037884509566091366,-0.003734910089863913,0.028735632183908046,2.8735632183908045e-05,2.8735632183908045e-05,-0.0019091580741367412,0.014367816091954023,1.4367816091954022e-05,1.4367816091954022e-05,0.0010758714055785173,0.5010775862068966,0.5010775862068966
2015-01-30,-0.0005793258007269996,-0.0006260212030258503,0.04669540229885057,4.669540229885057e-05,0.0021815485288088476,-0.002760874329535847,-0.009302340010746403,0.9892241379310345,4.6695402298850726e-05,-0.0006260212030258502,0.0045485041277237535,0.007432613536870338,0.0050354552343939195,0.005417133938368636,0.0038220041106047484,0.028735632183908046,2.8735632183908045e-05,2.8735632183908045e-05,0.0021528128966249397,0.017959770114942528,1.795977011494253e-05,1.795977011494253e-05,-0.0027788340996507893,0.5010775862068966,0.5010775862068966
2015-02-02,-0.01026537169560917,-0.01031206709790802,0.04669540229885057,4.669540229885057e-05,-0.004675092739850866,-0.005590278955758304,-0.42767223717535874,0.9892241379310345,4.669540229884986e-05,-0.01031206709790802,0.013238754936102388,0.006992031230657838,0.00498122567232666,-0.0010826241430421308,-0.013453804259387334,0.028735632183908046,2.8735632183908045e-05,2.8735632183908045e-05,-0.004703828372034774,0.017959770114942528,1.795977011494253e-05,1.795977011494253e-05,-0.005608238725873247,0.5010775862068966,0.5010775862068966
2015-02-03,-0.00118472176909915,-0.001249376941512943,0.06465517241379311,6.46551724137931e-05,-0.004340858347358774,0.003156136578259624,-0.08434524496463987,0.9892241379310345,6.465517241379315e-05,-0.001249376941512943,-0.006532761626127929,-0.005830571874356602,-0.006460766662588102,-0.005869604932702098,-0.010059767038000378,0.02514367816091954,2.514367816091954e-05,2.514367816091954e-05,-0.004366002025519694,0.039511494252873564,3.951149425287356e-05,3.951149425287356e-05,0.0031166250840067504,0.5010775862068966,0.5010775862068966
2015-02-04,-0.004319769928377806,-0.004373649238722634,0.05387931034482758,5.3879310344827585e-05,-0.001241673117372068,-0.0030780968110057385,-0.17782729065298672,0.9892241379310345,5.3879310344827694e-05,-0.004373649238722634,0.007498832822287173,0.0034311978432535594,0.00030545243984709343,-0.001599796841748329,-0.0029171101369364133,0.017959770114942528,1.795977011494253e-05,1.795977011494253e-05,-0.0012596328874870106,0.035919540229885055,3.591954022988506e-05,3.591954022988506e-05,-0.0031140163512356238,0.5010775862068966,0.5010775862068966
2015-02-05,-0.0030457536906174465,-0.003106816909008251,0.0610632183908046,6.10632183908046e-05,-0.0013738397833630391,-0.0016719139072544074,-0.19073364679078392,0.9892241379310345,6.106321839080466e-05,-0.003106816909008251,0.003644285621231128,0.002721339118389939,0.0015594505052493384,-0.0006949488421005608,-0.003765181446565527,0.032327586206896554,3.232758620689655e-05,3.232758620689655e-05,-0.0014061673695699357,0.028735632183908046,2.8735632183908045e-05,2.8735632183908045e-05,-0.0017006495394383155,0.5010775862068966,0.5010775862068966
2015-02-06,-0.0013747236265992358,-0.0014788902932659025,0.10416666666666667,0.00010416666666666666,-0.0035006478837626216,0.002125924257163386,-0.08113286451217408,0.9892241379310345,0.00010416666666666669,-0.0014788902932659025,-0.005174663586867012,-0.0023787870885086998,-0.006434855626685621,-0.004941539108995333,-0.008008589271733667,0.04669540229885057,4.669540229885057e-05,4.669540229885057e-05,-0.0035473432860614724,0.05747126436781609,5.747126436781609e-05,5.747126436781609e-05,0.00206845299279557,0.5010775862068966,0.5010775862068966
2015-02-09,0.0014662047079616078,0.0013943656275018377,0.07183908045977011,7.183908045977011e-05,0.002560437633053002,-0.0010942329250913942,0.0280826108052233,0.9892241379310345,7.183908045977011e-05,0.0013943656275018377,0.001219077114205819,0.00411312418761942,0.0035626292928700003,0.003143681891562292,0.006092953000906551,0.039511494252873564,3.951149425287356e-05,3.951149425287356e-05,0.0025209261388001282,0.032327586206896554,3.232758620689655e-05,3.232758620689655e-05,-0.0011265605112982908,0.5010775862068966,0.5010775862068966
2015-02-10,0.0034761863505089405,0.0034079392240721593,0.0682471264367816,6.82471264367816e-05,-0.0013284087365947723,0.004804595087103713,0.1525409784190874,0.9892241379310345,6.82471264367812e-05,0.003407939224072159,-0.010927095320314124,-0.006911385106676564,-0.00950056636762973,-0.005251318625959824,-0.0013509965178586318,0.039511494252873564,3.951149425287356e-05,3.951149425287356e-05,-0.0013679202308476458,0.028735632183908046,2.8735632183908045e-05,2.8735632183908045e-05,0.004775859454919805,0.5010775862068966,0.5010775862068966
2015-02-12,-0.0036067250227333164,-0.0036785641031930865,0.07183908045977011,7.183908045977011e-05,-0.00039480360260433595,-0.00321192142012898,-0.20080176111961145,0.9892241379310345,7.183908045977011e-05,-0.0036785641031930865,0.008381310445388227,0.0024674634826409255,-0.00035549840522624356,-0.0011305234092836652,-0.0006166019831543731,0.035919540229885055,3.591954022988506e-05,3.591954022988506e-05,-0.000430723142834221,0.035919540229885055,3.591954022988506e-05,3.591954022988506e-05,-0.0032478409603588655,0.5010775862068966,0.5010775862068966
2015-02-13,-0.003558042716116349,-0.003629881796576119,0.07183908045977011,7.183908045977011e-05,-0.0036021465368756235,4.410382075927464e-05,-0.20896294724458989,0.9892241379310345,7.183908045977011e-05,-0.003629881796576119,0.0002213034214497772,-0.000706660685897018,-0.003351630881739042,-0.003639382450851106,-0.0089635087301247,0.032327586206896554,3.232758620689655e-05,3.232758620689655e-05,-0.00363447412308252,0.039511494252873564,3.951149425287356e-05,3.951149425287356e-05,4.592326506401078e-06,0.5010775862068966,0.5010775862068966
2015-02-16,0.002071583137232932,0.001988968194704196,0.08261494252873564,8.261494252873563e-05,0.0036176528651149955,-0.0015460697278820638,0.09944965012142443,0.9892241379310345,8.2614942528736e-05,0.0019889681947041966,0.002584804983775007,0.004086859112930987,0.0012958293082212641,0.003759222848159779,0.00895000747536113,0.028735632183908046,2.8735632183908045e-05,2.8735632183908045e-05,0.0035889172329310877,0.05387931034482758,5.3879310344827585e-05,5.3879310344827585e-05,-0.0015999490382268915,0.5010775862068966,0.5010775862068966
2015-02-17,0.0013533597840140912,0.0012922965656232866,0.0610632183908046,6.10632183908046e-05,-0.0018470216158644054,0.0032003813998784966,0.08166757874594684,0.9892241379310345,6.106321839080466e-05,0.0012922965656232866,-0.0072849297894189485,-0.004591133576563683,-0.005508967947114973,-0.0035850447147064545,-0.0037366262217505414,0.035919540229885055,3.591954022988506e-05,3.591954022988506e-05,-0.0018829411560942904,0.02514367816091954,2.514367816091954e-05,2.514367816091954e-05,0.0031752377217175772,0.5010775862068966,0.5010775862068966
2015-02-18,0.001513843964963189,0.0014276370684114647,0.08620689655172414,8.620689655172413e-05,0.0011392389611357531,0.00037460500382743584,0.060930370502735615,0.9892241379310345,8.620689655172427e-05,0.001427637068411465,-0.0010641802601010159,-0.00011443588980997073,0.0006841003369524735,0.0036232221746115936,0.0015987558673199417,0.04669540229885057,4.669540229885057e-05,4.669540229885057e-05,0.0010925435588369026,0.039511494252873564,3.951149425287356e-05,3.951149425287356e-05,0.0003350935095745623,0.5010775862068966,0.5010775862068966
2015-02-19,0.0005437399218205572,0.00047190084136078706,0.07183908045977011,7.183908045977011e-05,0.0006534366635028547,-0.00010969674168229745,-0.01656683431552483,0.9892241379310345,7.183908045977011e-05,0.00047190084136078706,-0.0006666494833264534,0.001990063974918533,0.0010588261200320432,0.0015049962211524722,0.0012035961595226324,0.04669540229885057,4.669540229885057e-05,4.669540229885057e-05,0.0006067412612040041,0.02514367816091954,2.514367816091954e-05,2.514367816091954e-05,-0.000134840419843217,0.5010775862068966,0.5010775862068966
2015-02-20,0.0023355512096286946,0.002267304083191913,0.0682471264367816,6.82471264367816e-05,0.0013330975355587131,0.0010024536740699814,0.1436671295313898,0.9892241379310345,6.824712643678163e-05,0.002267304083191913,-0.0021165306583894243,-0.0017687258415240075,-0.0008106328609675304,0.0026275844225305076,0.0026768997661492165,0.028735632183908046,2.8735632183908045e-05,2.8735632183908045e-05,0.001304361903374805,0.039511494252873564,3.951149425287356e-05,3.951149425287356e-05,0.0009629421798171079,0.5010775862068966,0.5010775862068966
2015-02-23,0.00013918027273628026,8.170900836846411e-05,0.05747126436781609,5.747126436781609e-05,-0.0010063355797050053,0.0011455158524412855,-0.011615901036764166,0.9913793103448276,5.747126436781615e-05,8.170900836846417e-05,-0.0029999055300593673,-0.0008585032048200587,-0.001487688868125355,0.0004205287904928391,-0.003222778646750436,0.028735632183908046,2.8735632183908045e-05,2.8735632183908045e-05,-0.0010350712118889134,0.028735632183908046,2.8735632183908045e-05,2.8735632183908045e-05,0.0011167802202573774,0.5010775862068966,0.5010775862068966
2015-02-24,-0.0007715323391830187,-0.0008254116495278463,0.05387931034482758,5.3879310344827585e-05,-0.0005970202023431803,-0.00017451213683983838,-0.016045280069335414,0.9913793103448276,5.3879310344827585e-05,-0.0008254116495278463,0.00017460495081422672,0.0006956111499029659,0.0009168741524780431,0.0010419322211195714,-0.002308174974348403,0.02514367816091954,2.514367816091954e-05,2.514367816091954e-05,-0.0006221638805040998,0.028735632183908046,2.8735632183908045e-05,2.8735632183908045e-05,-0.00020324776902374642,0.5010775862068966,0.5010775862068966
2015-02-25,0.0013922227246383817,0.0013563031844084966,0.035919540229885055,3.591954022988506e-05,0.000496910660609464,0.0008953120640289177,0.09113933101927621,0.9913793103448276,3.591954022988506e-05,0.0013563031844084966,-0.0029917237917946285,0.0006231276131451568,0.0010492919473655685,-0.0004910182444981964,0.001733035228847752,0.017959770114942528,1.795977011494253e-05,1.795977011494253e-05,0.00047895089049452145,0.017959770114942528,1.795977011494253e-05,1.795977011494253e-05,0.0008773522939139752,0.5010775862068966,0.5010775862068966
2015-02-26,0.0018368973483187854,0.0017614663138360268,0.07543103448275862,7.543103448275861e-05,0.0017754413673559733,6.1455980962812e-05,0.0763456390132525,0.9913793103448276,7.54310344827586e-05,0.0017614663138360268,-0.0012077711603965995,0.0020475994154158473,0.002147689167073687,0.0021986607250022165,0.004215539279132257,0.035919540229885055,3.591954022988506e-05,3.591954022988506e-05,0.0017395218271260883,0.039511494252873564,3.951149425287356e-05,3.951149425287356e-05,2.1944486709938437e-05,0.5010775862068966,0.5010775862068966
2015-02-27,0.002700830326067855,0.0026469510157230277,0.05387931034482758,5.3879310344827585e-05,0.0011440806902079158,0.0015567496358599394,0.1263306290795736,0.9913793103448276,5.387931034482726e-05,0.0026469510157230273,-0.004370231099954229,-0.0005799485231755659,0.0010180633873776014,0.001429662698061464,0.0027100295558497383,0.028735632183908046,2.8735632183908045e-05,2.8735632183908045e-05,0.0011153450580240077,0.02514367816091954,2.514367816091954e-05,2.514367816091954e-05,0.0015316059576990198,0.5010775862068966,0.5010775862068966
2015-03-02,0.0010624558371860084,0.0010013926187952037,0.0610632183908046,6.10632183908046e-05,-0.0002870418037571883,0.0013494976409431966,0.08220450618551045,0.9913793103448276,6.106321839080466e-05,0.0010013926187952037,-0.003777118709553527,-0.0005253355537657619,-0.0001818262080508345,3.064687164424488e-05,-0.0008745969644888024,0.04310344827586207,4.3103448275862066e-05,4.3103448275862066e-05,-0.00033014525203305036,0.017959770114942528,1.795977011494253e-05,1.795977011494253e-05,0.001331537870828254,0.5010775862068966,0.5010775862068966
2015-03-03,-0.0020266066117551177,-0.0020876698301459224,0.0610632183908046,6.10632183908046e-05,-7.657838046819272e-05,-0.001950028231286925,-0.14229757757537317,0.9935344827586207,6.106321839080466e-05,-0.0020876698301459224,0.004117750427627922,0.0034395068778684573,0.0008852608661220327,0.0002535304433203547,-0.0003560063089972186,0.032327586206896554,3.232758620689655e-05,3.232758620689655e-05,-0.00010890596667508927,0.028735632183908046,2.8735632183908045e-05,2.8735632183908045e-05,-0.001978763863470833,0.5010775862068966,0.5010775862068966
2015-03-04,0.0012762625525165917,0.0012116073801027986,0.06465517241379311,6.46551724137931e-05,0.0010748166654776983,0.0002014458870388933,0.10241925228277876,0.9935344827586207,6.465517241379315e-05,0.0012116073801027986,-0.001181384183949712,0.0011566923474343078,0.0006303482007788806,0.0018252046528057478,0.002304913368962623,0.035919540229885055,3.591954022988506e-05,3.591954022988506e-05,0.0010388971252478132,0.028735632183908046,2.8735632183908045e-05,2.8735632183908045e-05,0.00017271025485498528,0.5010775862068966,0.5010775862068966
2015-03-05,0.002854928568787553,0.0028082331664887024,0.04669540229885057,4.669540229885057e-05,-0.0005739755911509733,0.0034289041599385264,0.16467442333382815,0.9935344827586207,4.6695402298850726e-05,0.0028082331664887024,-0.007692934795540519,-0.005143311443905752,-0.006120602336439823,-0.0028886459254555846,-0.00027390074239512133,0.032327586206896554,3.232758620689655e-05,3.232758620689655e-05,-0.0006063031773578699,0.014367816091954023,1.4367816091954022e-05,1.4367816091954022e-05,0.0034145363438465724,0.5010775862068966,0.5010775862068966
2015-03-06,0.0018661376187968635,0.0018230341705210015,0.04310344827586207,4.3103448275862066e-05,0.0033604496086376582,-0.0014943119898407945,0.12855036520386803,0.9935344827586207,4.3103448275862025e-05,0.0018230341705210015,0.0026240883732057164,0.0036984137476031307,0.00530342596581872,0.006197799190494885,0.006960768910609805,0.017959770114942528,1.795977011494253e-05,1.795977011494253e-05,0.003342489838522716,0.02514367816091954,2.514367816091954e-05,2.514367816091954e-05,-0.0015194556680017141,0.5010775862068966,0.5010775862068966
2015-03-09,-0.0014379198297036792,-0.0015097589101634495,0.07183908045977011,7.183908045977011e-05,-0.0011571789130418386,-0.00028074091666184075,-0.09863220256099378,0.9956896551724138,7.183908045977033e-05,-0.0015097589101634493,0.0015650912285779994,-0.0014493594206257527,-0.0023023583165779535,0.0006145681286923057,-0.0037713551330649468,0.039511494252873564,3.951149425287356e-05,3.951149425287356e-05,-0.001196690407294712,0.032327586206896554,3.232758620689655e-05,3.232758620689655e-05,-0.0003130685028687373,0.5010775862068966,0.5010775862068966
2015-03-10,0.0013303156085076454,0.0012620684820708636,0.0682471264367816,6.82471264367816e-05,0.0023423509709082748,-0.0010120353624006294,0.08362919893016896,0.9956896551724138,6.824712643678185e-05,0.0012620684820708638,0.0027129775231576766,0.000633198607283253,0.003459740314106004,0.0021321943688796916,0.005945843786537184,0.035919540229885055,3.591954022988506e-05,3.591954022988506e-05,0.00230643143067839,0.032327586206896554,3.232758620689655e-05,3.232758620689655e-05,-0.001044362948607526,0.5010775862068966,0.5010775862068966
2015-03-11,0.003396396163658712,0.0033461088073368727,0.05028735632183908,5.028735632183908e-05,-0.0004845984186704242,0.003880994582329136,0.17967979403118176,0.9956896551724138,5.028735632183921e-05,0.0033461088073368727,-0.010704137304586204,-0.0018276155353530007,0.0005897757621190211,-0.002400247398165001,-0.00025054511551799536,0.017959770114942528,1.795977011494253e-05,1.795977011494253e-05,-0.0005025581887853667,0.032327586206896554,3.232758620689655e-05,3.232758620689655e-05,0.0038486669961222395,0.5010775862068966,0.5010775862068966
2015-03-12,-0.002235878333284981,-0.0023077174137447515,0.07183908045977011,7.183908045977011e-05,-0.0025330905662876283,0.00029721223300264733,-0.15109902830580668,0.9956896551724138,7.183908045977055e-05,-0.002307717413744751,0.000933567357777062,-0.0036465731170151343,-0.004402697321928823,-0.005004512034526301,-0.005080673161817234,0.035919540229885055,3.591954022988506e-05,3.591954022988506e-05,-0.0025690101065175136,0.035919540229885055,3.591954022988506e-05,3.591954022988506e-05,0.00026129269277276227,0.5010775862068966,0.5010775862068966
2015-03-13,-0.0011648458373102152,-0.0012295010097240083,0.06465517241379311,6.46551724137931e-05,0.0008639558629809539,-0.002028801700291169,-0.060260689478847225,0.9956896551724138,6.465517241379315e-05,-0.0012295010097240083,0.0039581888069087695,0.0042302545014741046,0.007267819313370984,0.0018938334940412592,0.0016393769331288065,0.028735632183908046,2.8735632183908045e-05,2.8735632183908045e-05,0.0008352202307970458,0.035919540229885055,3.591954022988506e-05,3.591954022988506e-05,-0.002064721240521054,0.5010775862068966,0.5010775862068966
2015-03-16,0.0013148557198840096,0.001260976409539182,0.05387931034482758,5.3879310344827585e-05,-0.0005265700204287063,0.001841425740312716,0.15232640075584644,0.9956896551724138,5.387931034482748e-05,0.001260976409539182,-0.004367902135939814,-0.002288989837863601,-0.0056539691874597005,-0.0022253592237286486,-0.00046363322348354517,0.028735632183908046,2.8735632183908045e-05,2.8735632183908045e-05,-0.0005553056526126144,0.02514367816091954,2.514367816091954e-05,2.514367816091954e-05,0.0018162820621517963,0.5010775862068966,0.5010775862068966
2015-03-17,0.0006741747840645382,0.0006346632898116646,0.039511494252873564,3.951149425287356e-05,-0.0014718084455020246,0.002145983229566563,0.12361798148098774,0.9956896551724138,3.951149425287354e-05,0.0006346632898116646,-0.004348659083172676,-0.004150891104866068,-0.004793062133706053,-0.002430056579765735,-0.0031909015082651287,0.021551724137931036,2.1551724137931033e-05,2.1551724137931033e-05,-0.0014933601696399557,0.017959770114942528,1.795977011494253e-05,1.795977011494253e-05,0.0021280234594516206,0.5010775862068966,0.5010775862068966
2015-03-18,0.0007774567142815436,0.0007163934958907389,0.0610632183908046,6.10632183908046e-05,0.0023485081203209308,-0.0015710514060393872,-0.0132318562657541,0.9956896551724138,6.106321839080466e-05,0.000716393495890739,0.0027071013115567127,0.00399183418207723,0.0034241518461862125,0.002103886465213701,0.005978429463063548,0.04310344827586207,4.3103448275862066e-05,4.3103448275862066e-05,0.0023054046720450685,0.017959770114942528,1.795977011494253e-05,1.795977011494253e-05,-0.0015890111761543298,0.5010775862068966,0.5010775862068966
2015-03-19,-0.0015819083991428537,-0.0016250118474187157,0.04310344827586207,4.3103448275862066e-05,0.0001831354013860846,-0.001765043800528938,-0.13203812642800336,0.9956896551724138,4.3103448275862025e-05,-0.0016250118474187157,0.00572360163753309,-0.0008797152306090533,0.0025235389049735415,0.0005805513059704772,0.00025794903245439523,0.02514367816091954,2.514367816091954e-05,2.514367816091954e-05,0.00015799172322516504,0.017959770114942528,1.795977011494253e-05,1.795977011494253e-05,-0.0017830035706438807,0.5010775862068966,0.5010775862068966
2015-03-20,-0.0006743956165478284,-0.0007246829728696675,0.05028735632183908,5.028735632183908e-05,-0.002507168012967184,0.0018327723964193555,-0.06310825197447778,0.9956896551724138,5.02873563218391e-05,-0.0007246829728696675,-0.004276190766108158,-0.002420604170216988,-0.005892163500953561,-0.004495944302400597,-0.0052573566101982395,0.021551724137931036,2.1551724137931033e-05,2.1551724137931033e-05,-0.002528719737105115,0.028735632183908046,2.8735632183908045e-05,2.8735632183908045e-05,0.0018040367642354475,0.5010775862068966,0.5010775862068966
2015-03-23,-0.0008167425266466255,-0.0008706218369914531,0.05387931034482758,5.3879310344827585e-05,0.0012326328955808686,-0.002049375422227494,-0.06251281935519915,0.9956896551724138,5.3879310344827585e-05,-0.0008706218369914531,0.005391666996556662,0.0014864749864164472,0.002734780876606665,0.0027338331935876934,0.0023230296196546886,0.02514367816091954,2.514367816091954e-05,2.514367816091954e-05,0.001207489217419949,0.028735632183908046,2.8735632183908045e-05,2.8735632183908045e-05,-0.0020781110544114017,0.5010775862068966,0.5010775862068966
2015-03-24,0.0004389392892535765,0.0003742841168397834,0.06465517241379311,6.46551724137931e-05,-0.0011018974793331599,0.0015408367685867362,-0.012918989463349562,0.9956896551724138,6.465517241379309e-05,0.0003742841168397834,-0.004137823522789018,-0.0009494918011864232,-0.0019294128794582683,-0.002397862198214596,-0.002099652322896484,0.039511494252873564,3.951149425287356e-05,3.951149425287356e-05,-0.0011414089735860334,0.02514367816091954,2.514367816091954e-05,2.514367816091954e-05,0.0015156930904258166,0.5010775862068966,0.5010775862068966
2015-03-25,-0.004503386411630774,-0.004568041584044567,0.06465517241379311,6.46551724137931e-05,-0.0037369553098396597,-0.0007664311017911139,-0.2277455537410812,0.9956896551724138,6.465517241379358e-05,-0.004568041584044566,0.0028998990705159985,-0.001211100963856811,-0.005430666718442854,-0.0070687087334366135,-0.007652402173704933,0.028735632183908046,2.8735632183908045e-05,2.8735632183908045e-05,-0.0037656909420235676,0.035919540229885055,3.591954022988506e-05,3.591954022988506e-05,-0.0008023506420209989,0.5010775862068966,0.5010775862068966
2015-03-26,0.0010220440300972025,0.000968164719752375,0.05387931034482758,5.3879310344827585e-05,9.086632572850189e-05,0.0009311777043687006,0.063411383520487,0.9956896551724138,5.387931034482748e-05,0.0009681647197523749,-0.0014570593234598573,-0.0026609323831070864,-0.00019124056935602757,-0.0006660145752364806,0.0006050200304442073,0.017959770114942528,1.795977011494253e-05,1.795977011494253e-05,7.290655561355936e-05,0.035919540229885055,3.591954022988506e-05,3.591954022988506e-05,0.0008952581641388155,0.5010775862068966,0.5010775862068966
2015-03-27,0.00520633575131064,0.005159640349011789,0.04669540229885057,4.669540229885057e-05,0.005884569384317877,-0.0006782336330072376,0.2777392592893685,0.9956896551724138,4.6695402298850726e-05,0.005159640349011789,0.0005127993913981233,0.003035051613530956,0.004958741577754971,0.006568905561567636,0.01433129040840002,0.021551724137931036,2.1551724137931033e-05,2.1551724137931033e-05,0.005863017660179946,0.02514367816091954,2.514367816091954e-05,2.514367816091954e-05,-0.0007033773111681571,0.5010775862068966,0.5010775862068966
2015-03-30,-0.007615790427163475,-0.007676853645554279,0.0610632183908046,6.10632183908046e-05,-0.0036558183118754212,-0.003959972115288053,-0.4008403595011173,0.9956896551724138,6.106321839080466e-05,-0.007676853645554279,0.0096521558170444,0.004404424643248709,-0.0039551973610037474,-0.0049108451275805135,-0.008488446447243262,0.032327586206896554,3.232758620689655e-05,3.232758620689655e-05,-0.0036881458980823176,0.028735632183908046,2.8735632183908045e-05,2.8735632183908045e-05,-0.003988707747471961,0.5010775862068966,0.5010775862068966
2015-03-31,-5.539950044201972e-05,-0.00011287076480983582,0.05747126436781609,5.747126436781609e-05,0.0011664010712616312,-0.001221800571703651,0.004345149155992852,0.9956896551724138,5.7471264367816097e-05,-0.00011287076480983582,0.0030681723601903056,0.001178693541174152,0.002420653850053794,0.00138797659994209,0.002797689745612161,0.02514367816091954,2.514367816091954e-05,2.514367816091954e-05,0.0011412573931007116,0.032327586206896554,3.232758620689655e-05,3.232758620689655e-05,-0.0012541281579105477,0.5010775862068966,0.5010775862068966
2015-04-01,0.004075849331848645,0.004020000240265405,0.055849091583240626,5.5849091583240625e-05,0.0006074486648935291,0.003468400666955116,0.23281543189035303,0.9935483870967742,5.58490915832403e-05,0.004020000240265405,-0.008279182574022902,-0.004252038853684893,-0.002945219082834279,-0.0014425805232963725,0.0025436362563287735,0.029720522803114567,2.9720522803114565e-05,2.9720522803114565e-05,0.0005777281420904145,0.02612856878012606,2.612856878012606e-05,2.612856878012606e-05,0.00344227209817499,0.5,0.5
2015-04-02,0.004807913451043055,0.004754150010182839,0.053763440860215055,5.3763440860215054e-05,0.0031994904635813063,0.0016084229874617482,0.25962888350786306,0.9935483870967742,5.3763440860215596e-05,0.00475415001018284,-0.0023581364847371686,-0.004934264955296152,-0.0017063107206866002,0.0004765324332252286,0.009360205174131305,0.025089605734767026,2.5089605734767026e-05,2.5089605734767026e-05,0.0031744008578465394,0.02867383512544803,2.8673835125448028e-05,2.8673835125448028e-05,0.0015797491523363001,0.5,0.5
2015-04-03,0.005823643922377882,0.0057770489402990295,0.04659498207885305,4.659498207885304e-05,0.00556702288288906,0.0002566210394888221,0.4027482263731898,0.9935483870967742,4.6594982078852765e-05,0.0057770489402990295,-0.0012474517315604402,0.0009551772261879474,0.0035841177151162583,0.006587473623535797,0.013407331836899282,0.025089605734767026,2.5089605734767026e-05,2.5089605734767026e-05,0.005541933277154293,0.021505376344086023,2.150537634408602e-05,2.150537634408602e-05,0.00023511566314473608,0.5,0.5
2015-04-06,-0.0014730460401620152,-0.0015268094810222301,0.053763440860215055,5.3763440860215054e-05,-0.0022556827924743047,0.0007826367523122896,-0.08503554484965048,0.9956989247311828,5.3763440860214945e-05,-0.0015268094810222304,-0.001675705781467435,-0.0013444089509388666,-0.0011562606705087036,-0.0008172155175868317,-0.006358440618629497,0.025089605734767026,2.5089605734767026e-05,2.5089605734767026e-05,-0.0022807723982090715,0.02867383512544803,2.8673835125448028e-05,2.8673835125448028e-05,0.0007539629171868415,0.5,0.5
2015-04-07,0.0015937242156520573,0.0015471292335732041,0.04659498207885305,4.659498207885304e-05,0.0014843288260782508,0.00010939538957380645,0.09432616580560324,0.9956989247311828,4.65949820788532e-05,0.0015471292335732043,-0.0011570762352727227,0.0016577801331026066,-0.00023337119920019943,3.5448725057645546e-05,0.00443526211570593,0.021505376344086023,2.150537634408602e-05,2.150537634408602e-05,0.0014628234497341647,0.025089605734767026,2.5089605734767026e-05,2.5089605734767026e-05,8.430578383903942e-05,0.5,0.5
2015-04-08,0.0034119387518185417,0.0033581753109583265,0.053763440860215055,5.3763440860215054e-05,0.0018769730387641706,0.001534965713054371,0.20352000920805288,0.9956989247311828,5.376344086021516e-05,0.0033581753109583265,-0.003509118838450806,-0.002191556601424614,-0.0011539617783555816,0.0005305032798797253,0.005365667476352649,0.03225806451612903,3.2258064516129034e-05,3.2258064516129034e-05,0.0018447149742480415,0.021505376344086023,2.150537634408602e-05,2.150537634408602e-05,0.001513460336710285,0.5,0.5
2015-04-09,-0.0004910161931227356,-0.0005376111752015886,0.04659498207885305,4.659498207885304e-05,0.00017857032427703043,-0.000669586517399766,-0.007825083926977042,0.9956989247311828,4.659498207885298e-05,-0.0005376111752015887,0.0013662430172754916,0.0012850330698476132,0.0015170969252151596,0.0013642966430564038,-0.00014643734869711022,0.025089605734767026,2.5089605734767026e-05,2.5089605734767026e-05,0.0001534807185422634,0.021505376344086023,2.150537634408602e-05,2.150537634408602e-05,-0.000691091893743852,0.5,0.5
2015-04-10,-0.005582008502661078,-0.005642940402302655,0.06093189964157706,6.093189964157706e-05,-0.003268830505984596,-0.0023131779966764814,-0.34047932001694936,0.9956989247311828,6.093189964157669e-05,-0.005642940402302655,0.004955559467698046,0.003967949044662797,0.002505489797023466,-0.005134271594950911,-0.007239355720478333,0.035842293906810034,3.5842293906810036e-05,3.5842293906810036e-05,-0.0033046727998914064,0.025089605734767026,2.5089605734767026e-05,2.5089605734767026e-05,-0.0023382676024112483,0.5,0.5
2015-04-13,-0.0035527438067110193,-0.0036208441651339584,0.06810035842293907,6.810035842293906e-05,-0.0022276795785251837,-0.0013250642281858356,-0.20912354381036594,0.9956989247311828,6.810035842293909e-05,-0.0036208441651339584,0.0027373179597125655,0.0024757494496898836,-0.00160319838564265,-0.00042917279627242513,-0.006468452337439338,0.035842293906810034,3.5842293906810036e-05,3.5842293906810036e-05,-0.002263521872431994,0.03225806451612903,3.2258064516129034e-05,3.2258064516129034e-05,-0.0013573222927019647,0.5,0.5
2015-04-14,-0.00372037152586751,-0.003788471884290449,0.06810035842293907,6.810035842293906e-05,-0.0028090688447000734,-0.0009113026811674364,-0.17907674008417787,0.9956989247311828,6.810035842293909e-05,-0.003788471884290449,0.002543798009217835,0.00038022006856894736,0.00013004150640659318,-0.001728386962849807,-0.007563013052675318,0.03225806451612903,3.2258064516129034e-05,3.2258064516129034e-05,-0.0028413269092162022,0.035842293906810034,3.5842293906810036e-05,3.5842293906810036e-05,-0.0009471449750742464,0.5,0.5
2015-04-15,-0.009526025279511447,-0.009565451802808938,0.03942652329749104,3.942652329749104e-05,-0.008798186840168623,-0.0007278384393428228,-0.39592405032531314,0.9956989247311828,3.94265232974908e-05,-0.009565451802808938,0.0021398381046489616,8.735442675901324e-05,-0.002165982179472702,-0.009520122790433384,-0.02163449912528918,0.021505376344086023,2.150537634408602e-05,2.150537634408602e-05,-0.00881969221651271,0.017921146953405017,1.7921146953405018e-05,1.7921146953405018e-05,-0.0007457595862962278,0.5,0.5
2015-04-16,-0.007342314300331075,-0.007399661970581971,0.05734767025089606,5.7347670250896056e-05,-0.006406927806019872,-0.0009353864943112033,-0.3688780822266611,0.9956989247311828,5.734767025089571e-05,-0.007399661970581971,0.0026307408296679835,0.000350837306531253,-0.006193052336811731,-0.008391974132393645,-0.015024796351862792,0.03225806451612903,3.2258064516129034e-05,3.2258064516129034e-05,-0.006439185870536001,0.025089605734767026,2.5089605734767026e-05,2.5089605734767026e-05,-0.0009604761000459702,0.5,0.5
2015-04-17,0.0030800589502454263,0.0030227112799945306,0.05734767025089606,5.7347670250896056e-05,0.004088912594868791,-0.0010088536446233645,0.1744653431595264,0.9956989247311828,5.734767025089571e-05,0.00302271127999453,0.002910426680563589,0.00023226850661300994,0.005075141606004337,0.005109576335416989,0.00971194961689788,0.02867383512544803,2.8673835125448028e-05,2.8673835125448028e-05,0.004060238759743343,0.02867383512544803,2.8673835125448028e-05,2.8673835125448028e-05,-0.0010375274797488126,0.5,0.5
2015-04-20,0.003686340146203185,0.003611071328998884,0.07526881720430108,7.526881720430107e-05,8.683766200679873e-05,0.0035995024841963866,0.21874139126212555,0.9956989247311828,7.526881720430105e-05,0.003611071328998884,-0.0076528517039166485,-0.0062913114973450245,-0.004717318600697893,-0.0018521109102775627,0.0011865684411591776,0.03942652329749104,3.942652329749104e-05,3.942652329749104e-05,4.741113870930769e-05,0.035842293906810034,3.5842293906810036e-05,3.5842293906810036e-05,0.0035636601902895764,0.5,0.5
2015-04-21,-0.002066473260147223,-0.002134573618570162,0.06810035842293907,6.810035842293906e-05,-0.0022809030679608517,0.0002144298078136289,-0.1192017873953956,0.9956989247311828,6.810035842293909e-05,-0.002134573618570162,-0.0014052340396626221,0.0015238892324434719,-0.002760060422252845,-0.004610614584713198,-0.004537401911525956,0.02867383512544803,2.8673835125448028e-05,2.8673835125448028e-05,-0.0023095769030862996,0.03942652329749104,3.942652329749104e-05,3.942652329749104e-05,0.00017500328451613785,0.5,0.5
2015-04-22,-0.0032912012877061845,-0.0033413804991757187,0.05017921146953405,5.017921146953405e-05,-0.0032053075201160593,-8.589376759012525e-05,-0.18421207420431393,0.9956989247311828,5.017921146953418e-05,-0.0033413804991757187,0.0017023953745895785,-0.0028894281436384057,-0.0009986025170434245,-0.0022761661417522536,-0.008477839489472052,0.025089605734767026,2.5089605734767026e-05,2.5089605734767026e-05,-0.003230397125850826,0.025089605734767026,2.5089605734767026e-05,2.5089605734767026e-05,-0.00011098337332489227,0.5,0.5
2015-04-23,-0.0005997552868972152,-0.0006642714159294732,0.06451612903225806,6.451612903225807e-05,0.0003154927715633995,-0.0009152480584606146,-0.0016794765391660899,0.9956989247311828,6.4516129032258e-05,-0.0006642714159294733,0.002728332572481094,3.4823205801499704e-05,0.0033563387827644188,0.0003148008966937905,0.000789077866343303,0.04659498207885305,4.659498207885304e-05,4.659498207885304e-05,0.00026889778948454646,0.017921146953405017,1.7921146953405018e-05,1.7921146953405018e-05,-0.0009331692054140196,0.5,0.5
2015-04-24,0.0017147079449146283,0.001632270668928965,0.08243727598566308,8.243727598566309e-05,0.0012215184848963522,0.0004931894600182762,0.08916695315861631,0.9956989247311828,8.243727598566323e-05,0.0016322706689289653,-0.0015465568652218036,0.0001339769703339506,-0.0002995601222748395,0.0036237397129455884,0.0018526855982162623,0.05017921146953405,5.017921146953405e-05,5.017921146953405e-05,0.0011713392734268183,0.03225806451612903,3.2258064516129034e-05,3.2258064516129034e-05,0.00046093139550214713,0.5,0.5
2015-04-27,-0.0028129823367611766,-0.0028739142364027537,0.06093189964157706,6.093189964157706e-05,-0.001003718689760648,-0.0018092636470005289,-0.062428564666590004,0.9956989247311828,6.0931899641577126e-05,-0.0028739142364027537,0.004683188394968315,0.0014892050920665414,-0.006019714559214794,-0.0011949839789038971,-0.002413664079829995,0.02867383512544803,2.8673835125448028e-05,2.8673835125448028e-05,-0.001032392524886096,0.03225806451612903,3.2258064516129034e-05,3.2258064516129034e-05,-0.001841521711516658,0.5,0.5
2015-04-28,-0.0007703715234485405,-0.0008313034230901177,0.06093189964157706,6.093189964157706e-05,0.0004545562677834913,-0.0012249277912320317,-0.07089728068313948,0.9956989247311828,6.0931899641577126e-05,-0.0008313034230901176,0.0028660032694487786,0.001617560208494634,0.002715912577753377,0.0032045438570557673,-0.00023860312517740974,0.025089605734767026,2.5089605734767026e-05,2.5089605734767026e-05,0.00042946666204872426,0.035842293906810034,3.5842293906810036e-05,3.5842293906810036e-05,-0.0012607700851388418,0.5,0.5
2015-04-30,-0.000829558314296374,-0.000904827131500675,0.07526881720430108,7.526881720430107e-05,-0.00025158416142733706,-0.000577974152869037,-0.029835221842699423,0.9956989247311828,7.526881720430105e-05,-0.000904827131500675,0.0022200581968813086,-0.0009722714765483954,-0.0013526494089362855,0.00242969420194662,-0.001969599585255321,0.04659498207885305,4.659498207885304e-05,4.659498207885304e-05,-0.0002981791435061901,0.02867383512544803,2.8673835125448028e-05,2.8673835125448028e-05,-0.000606647987994485,0.5,0.5
2015-05-01,-0.001632657070825771,-0.0017186785762021153,0.08602150537634409,8.602150537634408e-05,0.00034887446574938106,-0.001981531536575152,-0.07770604614577054,0.9956989247311828,8.602150537634422e-05,-0.001718678576202115,0.005123774926537484,0.0016416393663759442,0.004969801516803981,0.00010273125993733102,0.0009952577672794774,0.04659498207885305,4.659498207885304e-05,4.659498207885304e-05,0.000302279483670528,0.03942652329749104,3.942652329749104e-05,3.942652329749104e-05,-0.002020958059872643,0.5,0.5
2015-05-07,0.0011050007799321433,0.0010189792745557993,0.08602150537634409,8.602150537634408e-05,0.0016876816765902653,-0.000582680896658122,0.07146178114828716,0.9956989247311828,8.6021505376344e-05,0.0010189792745557993,0.0022080869676343695,-0.000920088555320007,0.0036405602736564176,0.00010730327120679616,0.0050093933941673975,0.043010752688172046,4.301075268817204e-05,4.301075268817204e-05,0.0016446709239020933,0.043010752688172046,4.301075268817204e-05,4.301075268817204e-05,-0.000625691649346294,0.5,0.5
2015-05-08,0.002989238766357998,0.0029103857197630163,0.07885304659498207,7.885304659498208e-05,0.0014775525348640274,0.0015116862314939706,0.15921792105096907,0.9978494623655914,7.88530465949816e-05,0.002910385719763016,-0.005157891232130707,0.00124566507529759,-0.0016714896116913334,0.002829836269957918,0.0030177394696131233,0.043010752688172046,4.301075268817204e-05,4.301075268817204e-05,0.0014345417821758554,0.035842293906810034,3.5842293906810036e-05,3.5842293906810036e-05,0.0014758439375871606,0.5,0.5
2015-05-11,-0.0008460983776400855,-0.0009249514242350676,0.07885304659498207,7.885304659498208e-05,0.0003450748772793077,-0.0011911732549193931,-0.04037702101028569,0.9978494623655914,7.885304659498204e-05,-0.0009249514242350676,0.001564624899356879,0.004017789730802601,-0.0009677471428285056,0.001441933746577506,0.0003142577585491697,0.03942652329749104,3.942652329749104e-05,3.942652329749104e-05,0.0003056483539818167,0.03942652329749104,3.942652329749104e-05,3.942652329749104e-05,-0.0012305997782168841,0.5,0.5
2015-05-12,0.00026519062981152525,0.0001648322068724571,0.1003584229390681,0.0001003584229390681,0.001151506662301705,-0.0008863160324901799,0.029072877394901296,0.9978494623655914,0.00010035842293906814,0.00016483220687245716,5.1150209542467264e-05,0.005215595775856145,-0.0014292658262823677,-4.702568440976516e-05,0.0034780328291099984,0.04659498207885305,4.659498207885304e-05,4.659498207885304e-05,0.001104911680222852,0.053763440860215055,5.3763440860215054e-05,5.3763440860215054e-05,-0.0009400794733503949,0.5,0.5
2015-05-13,0.00018887355778481098,0.00010285205240846701,0.08602150537634409,8.602150537634408e-05,0.002191556316168295,-0.002002682758383484,0.024778566524944902,0.9978494623655914,8.602150537634397e-05,0.0001028520524084669,0.0036884817768591755,0.004639132996582554,0.005650406430196905,0.0013299785640410275,0.005909679666484371,0.043010752688172046,4.301075268817204e-05,4.301075268817204e-05,0.0021485455634801228,0.043010752688172046,4.301075268817204e-05,4.301075268817204e-05,-0.0020456935110716563,0.5,0.5
2015-05-14,0.0021194726638627307,0.0020083615527516194,0.1111111111111111,0.0001111111111111111,0.0008558107822112997,0.001263661881651431,0.12359684722699107,0.9978494623655914,0.0001111111111111113,0.0020083615527516194,-0.0017523337166205051,-0.004077303856667575,-0.0004001591289643693,0.002022604596654202,0.0015561300483067982,0.043010752688172046,4.301075268817204e-05,4.301075268817204e-05,0.0008128000295231277,0.06810035842293907,6.810035842293906e-05,6.810035842293906e-05,0.001195561523228492,0.5,0.5
2015-05-15,0.0013827678239141479,0.0012824094009750797,0.1003584229390681,0.0001003584229390681,-0.0005971332637838467,0.0019799010876979943,0.058791661236073975,0.9978494623655914,0.00010035842293906814,0.0012824094009750797,-0.003641386145794364,-0.004596634234599239,-0.001320237688838595,-0.00029744464902947573,-0.0016426774668368022,0.05017921146953405,5.017921146953405e-05,5.017921146953405e-05,-0.0006473124752533807,0.05017921146953405,5.017921146953405e-05,5.017921146953405e-05,0.0019297218762284604,0.5,0.5
2015-05-18,0.0009834039554128884,0.0008543716973483722,0.12903225806451613,0.00012903225806451613,0.001878544087551717,-0.0008951401321388285,0.08178050112107145,0.9978494623655914,0.00012903225806451622,0.0008543716973483723,0.0013510762081507483,0.002668688376531475,0.0030503533540890263,0.004535488649924766,0.0033678879376927676,0.06810035842293907,6.810035842293906e-05,6.810035842293906e-05,0.0018104437291287779,0.06093189964157706,6.093189964157706e-05,6.093189964157706e-05,-0.0009560720317804055,0.5,0.5
2015-05-19,-0.0004803689284600644,-0.0005699746632270896,0.08960573476702509,8.960573476702509e-05,-0.00031041636931940903,-0.00016995255914065534,-0.020631887982023568,0.9978494623655914,8.960573476702514e-05,-0.0005699746632270896,0.0006919389371434932,-0.0003641625194430547,0.0009247792527448677,-0.0009576324712908579,-0.0004524328723127982,0.053763440860215055,5.3763440860215054e-05,5.3763440860215054e-05,-0.0003641798101796241,0.035842293906810034,3.5842293906810036e-05,3.5842293906810036e-05,-0.00020579485304746538,0.5,0.5
2015-05-20,0.0014811413763848064,0.0013915356416177812,0.08960573476702509,8.960573476702509e-05,0.0004934154184319062,0.0009877259579529002,0.05399198893419203,0.9978494623655914,8.96057347670252e-05,0.0013915356416177812,-0.002448588970475916,-0.0010291778067655689,-0.0022984160140149114,0.00015321521677372053,0.0014036386469088583,0.043010752688172046,4.301075268817204e-05,4.301075268817204e-05,0.0004504046657437341,0.04659498207885305,4.659498207885304e-05,4.659498207885304e-05,0.0009411309758740471,0.5,0.5
2015-05-21,0.0012807809708297482,0.0012126806124068091,0.06810035842293907,6.810035842293906e-05,0.0018655463478761162,-0.0005847653770463681,0.06523474921425101,0.9978494623655914,6.810035842293909e-05,0.0012126806124068091,0.0009421435298645161,0.0016243052025491766,0.004752408799598372,0.0024889836708838838,0.004352147208186407,0.043010752688172046,4.301075268817204e-05,4.301075268817204e-05,0.0018225355951879442,0.025089605734767026,2.5089605734767026e-05,2.5089605734767026e-05,-0.0006098549827811351,0.5,0.5
2015-05-22,0.0005656743998805462,0.0004939898120669261,0.07168458781362007,7.168458781362007e-05,-0.0019473588393314832,0.0025130332392120295,-0.025305189894938157,0.9978494623655914,7.168458781362007e-05,0.0004939898120669261,-0.004650014290904601,-0.005778170853462975,-0.0033820961291643427,-0.006539188507701212,-0.0025724822641438436,0.04659498207885305,4.659498207885304e-05,4.659498207885304e-05,-0.001993953821410336,0.025089605734767026,2.5089605734767026e-05,2.5089605734767026e-05,0.0024879436334772627,0.5,0.5
2015-05-25,-0.000979581049871159,-0.0010440971789034172,0.06451612903225806,6.451612903225807e-05,-0.0007152485793788598,-0.00026433247049229924,-0.039520297042495565,0.9978494623655914,6.451612903225811e-05,-0.0010440971789034172,0.0008658476322315544,-0.00014570044150931326,-0.0006989226122960541,-0.0014565962352446676,-0.0014174476205142455,0.035842293906810034,3.5842293906810036e-05,3.5842293906810036e-05,-0.0007510908732856698,0.02867383512544803,2.8673835125448028e-05,2.8673835125448028e-05,-0.00029300630561774726,0.5,0.5
2015-05-26,0.00012598687054215905,5.4302282728539e-05,0.07168458781362007,7.168458781362007e-05,0.0007258369077710279,-0.0005998500372288688,-0.00391303629694047,0.9978494623655914,7.168458781362004e-05,5.430228272853898e-05,0.0004093118545467807,0.002780476514279652,0.0030590368786397814,0.0020669674347981834,0.0011440270059139923,0.03942652329749104,3.942652329749104e-05,3.942652329749104e-05,0.0006864103844735369,0.03225806451612903,3.2258064516129034e-05,3.2258064516129034e-05,-0.0006321081017449979,0.5,0.5
2015-05-27,-0.0013842853221268951,-0.0014667225981125583,0.08243727598566308,8.243727598566309e-05,-0.004104350772606343,0.002720065450479448,-0.059899606444049736,0.9978494623655914,8.243727598566323e-05,-0.0014667225981125581,-0.006712734118896189,-0.002894924465084308,-0.007561447207356929,-0.005118289484537169,-0.009753907575550443,0.053763440860215055,5.3763440860215054e-05,5.3763440860215054e-05,-0.004158114213466558,0.02867383512544803,2.8673835125448028e-05,2.8673835125448028e-05,0.002691391615354,0.5,0.5
2015-05-28,-0.001149460587872058,-0.001199639799341592,0.05017921146953405,5.017921146953405e-05,0.0005485506774467316,-0.0016980112653187896,-0.11104205988477615,0.9978494623655914,5.0179211469533963e-05,-0.001199639799341592,0.0042005883327513975,0.0017868909264099426,0.002078087362762598,-0.0013996531572290178,0.0023454786109547037,0.025089605734767026,2.5089605734767026e-05,2.5089605734767026e-05,0.0005234610717119646,0.025089605734767026,2.5089605734767026e-05,2.5089605734767026e-05,-0.0017231008710535567,0.5,0.5
2015-05-29,0.004573056099650805,0.004512124200009228,0.06093189964157706,6.093189964157706e-05,0.003756952643640005,0.0008161034560108001,0.2856040806091612,0.9978494623655914,6.093189964157669e-05,0.004512124200009228,-0.0029781605433249103,0.0010597003505850202,0.0020974568917846888,0.0054686565118624965,0.008536529674988766,0.025089605734767026,2.5089605734767026e-05,2.5089605734767026e-05,0.003731863037905238,0.035842293906810034,3.5842293906810036e-05,3.5842293906810036e-05,0.00078026116210399,0.5,0.5
2015-06-01,0.0007936005913500399,0.0007219160035364199,0.07168458781362007,7.168458781362007e-05,0.001330586440528524,-0.000536985849178484,0.04444638644762273,0.9978494623655914,7.168458781361996e-05,0.0007219160035364198,0.002093333667478054,-0.0009647522398852042,0.001784253692182156,0.0016370532531131273,0.003173232695029008,0.043010752688172046,4.301075268817204e-05,4.301075268817204e-05,0.001287575687840352,0.02867383512544803,2.8673835125448028e-05,2.8673835125448028e-05,-0.000565659684303932,0.5,0.5
2015-06-02,-0.0013041097886674748,-0.0013793786058717758,0.07526881720430108,7.526881720430107e-05,-0.0009545069373925603,-0.00034960285127491435,-0.08239448991635243,0.9978494623655914,7.526881720430105e-05,-0.0013793786058717758,0.0007343904616782657,0.0006288361842929545,0.00209083393985126,0.0016066850823698282,-0.0036668633533625955,0.035842293906810034,3.5842293906810036e-05,3.5842293906810036e-05,-0.0009903492312993705,0.03942652329749104,3.942652329749104e-05,3.942652329749104e-05,-0.00038902937457240537,0.5,0.5
2015-06-03,0.0002160561039696419,0.00015870843371874584,0.05734767025089606,5.7347670250896056e-05,-0.0009988953793106483,0.0012149514832802903,0.0011862233758920333,0.9978494623655914,5.734767025089606e-05,0.00015870843371874584,-0.0021716338638854476,-0.002946441171910846,-0.0023658155584787804,-0.002692087330559655,-0.0016506424726521172,0.025089605734767026,2.5089605734767026e-05,2.5089605734767026e-05,-0.0010239849850454154,0.03225806451612903,3.2258064516129034e-05,3.2258064516129034e-05,0.0011826934187641612,0.5,0.5
2015-06-04,0.00010508246856958908,5.4903257100055e-05,0.05017921146953405,5.017921146953405e-05,0.0019791152393856303,-0.0018740327708160413,0.00923740672230091,0.9978494623655914,5.017921146953408e-05,5.4903257100055024e-05,0.003923235182637339,0.00339772625962157,0.0035083290303786303,0.005272523550518876,0.0033010839428974535,0.025089605734767026,2.5089605734767026e-05,2.5089605734767026e-05,0.0019540256336508634,0.025089605734767026,2.5089605734767026e-05,2.5089605734767026e-05,-0.0018991223765508084,0.5,0.5
2015-06-05,-0.0013918300584068969,-0.001470683105001879,0.07885304659498207,7.885304659498208e-05,-0.0017760711468009108,0.00038424108839401407,-0.12052822316711757,0.9978494623655914,7.885304659498204e-05,-0.001470683105001879,8.585249071415863e-06,-0.002322617028506916,-0.003193941502992377,-0.004099353942551507,-0.003278536469126979,0.03942652329749104,3.942652329749104e-05,3.942652329749104e-05,-0.0018154976700984018,0.03942652329749104,3.942652329749104e-05,3.942652329749104e-05,0.00034481456509652305,0.5,0.5
2015-06-08,-0.0004845910124938374,-0.0005276017651820094,0.043010752688172046,4.301075268817204e-05,0.002134036907844109,-0.002618627920337946,-0.07691688592279045,0.9978494623655914,4.3010752688172e-05,-0.0005276017651820094,0.005881056762622897,0.003949653996781884,0.0036654259041038256,0.0025499571126919155,0.005127132167186369,0.025089605734767026,2.5089605734767026e-05,2.5089605734767026e-05,0.0021089473021093422,0.017921146953405017,1.7921146953405018e-05,1.7921146953405018e-05,-0.002636549067291351,0.5,0.5
2015-06-09,0.0009815100154798196,0.0009313308040102855,0.05017921146953405,5.017921146953405e-05,0.0012680805361309753,-0.0002865705206511558,0.03111070228952204,0.9978494623655914,5.017921146953407e-05,0.0009313308040102855,0.00010636062684877913,0.0015067018702093762,0.002428540724710117,1.6517178245147858e-06,0.0038034157494806686,0.021505376344086023,2.150537634408602e-05,2.150537634408602e-05,0.0012465751597868892,0.02867383512544803,2.8673835125448028e-05,2.8673835125448028e-05,-0.0003152443557766038,0.5,0.5
2015-06-10,0.0009628278125697713,0.0009090643717095563,0.053763440860215055,5.3763440860215054e-05,0.00020627393342003786,0.0007565538791497336,0.04766275125898082,0.9978494623655914,5.3763440860215054e-05,0.0009090643717095563,-0.00029918820246683874,-0.003940946869964723,0.0019351721188026131,-0.0013798576999013202,0.0013087506502107737,0.02867383512544803,2.8673835125448028e-05,2.8673835125448028e-05,0.00017760009829458984,0.025089605734767026,2.5089605734767026e-05,2.5089605734767026e-05,0.0007314642734149666,0.5,0.5
2015-06-11,0.0014826808034048447,0.0014360858213259917,0.04659498207885305,4.659498207885304e-05,-0.0010238440915330072,0.002506524894937852,0.09231874185616437,0.9978494623655914,4.659498207885298e-05,0.0014360858213259917,-0.004842459615247021,-0.0053542301391330685,-0.0033520111167777283,-0.002584861412299246,-0.0017791015684493982,0.025089605734767026,2.5089605734767026e-05,2.5089605734767026e-05,-0.0010489336972677743,0.021505376344086023,2.150537634408602e-05,2.150537634408602e-05,0.0024850195185937662,0.5,0.5
2015-06-12,0.001372117043694175,0.001314769373443279,0.05734767025089606,5.7347670250896056e-05,0.0009836167554905491,0.00038850028820362596,0.08709617618977222,0.9978494623655914,5.734767025089593e-05,0.0013147693734432788,-0.0013181666069376926,0.0003053314846536299,0.0017810439142960646,0.001323233487926244,0.002289233522508525,0.021505376344086023,2.150537634408602e-05,2.150537634408602e-05,0.0009621113791464631,0.035842293906810034,3.5842293906810036e-05,3.5842293906810036e-05,0.0003526579942968159,0.5,0.5
2015-06-15,0.0023000172698505873,0.002242669599599691,0.05734767025089606,5.7347670250896056e-05,0.003281599981465846,-0.0009815827116152593,0.1516300854930631,0.9978494623655914,5.7347670250896144e-05,0.002242669599599691,0.0021361955944805577,0.00161710508073044,0.0022165629358712464,0.004716941399798338,0.007486329244498369,0.02867383512544803,2.8673835125448028e-05,2.8673835125448028e-05,0.0032529261463403983,0.02867383512544803,2.8673835125448028e-05,2.8673835125448028e-05,-0.0010102565467407074,0.5,0.5
2015-06-16,0.001034681043872425,0.0009845018324028908,0.05017921146953405,5.017921146953405e-05,0.0012958764765481831,-0.0002611954326757582,0.05706989218491788,0.9978494623655914,5.017921146953418e-05,0.000984501832402891,0.0009506509272235975,-0.00033412925839264605,0.0031859792890230765,0.0034603322781908536,0.002157463290549123,0.021505376344086023,2.150537634408602e-05,2.150537634408602e-05,0.001274371100204097,0.02867383512544803,2.8673835125448028e-05,2.8673835125448028e-05,-0.00028986926780120623,0.5,0.5
2015-06-17,-0.0009231041687089142,-0.0009696991507877672,0.04659498207885305,4.659498207885304e-05,0.0020096006503009588,-0.002932704819009873,-0.0636286557786987,0.9978494623655914,4.659498207885298e-05,-0.0009696991507877673,0.005960700040048108,0.00567482883396302,0.0066406475452533646,0.007146726747111305,0.002455438577347223,0.02867383512544803,2.8673835125448028e-05,2.8673835125448028e-05,0.001980926815175511,0.017921146953405017,1.7921146953405018e-05,1.7921146953405018e-05,-0.002950625965963278,0.5,0.5
2015-06-18,-0.002024207993278228,-0.002081555663529124,0.05734767025089606,5.7347670250896056e-05,-0.001966849851239237,-5.735814203899071e-05,-0.1319798015307326,0.9978494623655914,5.7347670250896144e-05,-0.002081555663529124,-0.0002751926450874206,0.0008945341424087856,-0.0032515065698641705,-0.0007851226121744846,-0.00550798824763047,0.03225806451612903,3.2258064516129034e-05,3.2258064516129034e-05,-0.001999107915755366,0.025089605734767026,2.5089605734767026e-05,2.5089605734767026e-05,-8.244774777375774e-05,0.5,0.5
2015-06-19,0.0005298415829694056,0.0004724939127185095,0.05734767025089606,5.7347670250896056e-05,0.000492032977433582,3.780860553582352e-05,0.0697908303980314,0.9978494623655914,5.734767025089609e-05,0.00047249391271850954,-0.0002043969131305346,0.0001819421930461279,0.004035768373614278,0.0022896013733198126,0.00033129824564083954,0.021505376344086023,2.150537634408602e-05,2.150537634408602e-05,0.000470527601089496,0.035842293906810034,3.5842293906810036e-05,3.5842293906810036e-05,1.966311629013482e-06,0.5,0.5
2015-06-22,0.00019596106611517017,0.00014219762525495517,0.053763440860215055,5.3763440860215054e-05,-0.0016678096580015028,0.001863770724116673,0.001459024589927872,0.9978494623655914,5.3763440860215e-05,0.00014219762525495512,-0.003330950991564315,-0.004520722361571409,-0.0048854328275925,-0.006110779214520494,-0.0019480393667442616,0.03225806451612903,3.2258064516129034e-05,3.2258064516129034e-05,-0.0017000677225176319,0.021505376344086023,2.150537634408602e-05,2.150537634408602e-05,0.0018422653477725868,0.5,0.5
2015-06-23,0.0005997937897250078,0.0005531988076461547,0.04659498207885305,4.659498207885304e-05,-0.0006159097901162019,0.0012157035798412098,0.026114209756527236,0.9978494623655914,4.659498207885309e-05,0.0005531988076461547,-0.0024284738075429774,-0.002437273863961304,-0.0027957803937355805,-0.004042696097925376,0.00017361867861408217,0.025089605734767026,2.5089605734767026e-05,2.5089605734767026e-05,-0.0006409993958509689,0.021505376344086023,2.150537634408602e-05,2.150537634408602e-05,0.0011941982034971237,0.5,0.5
2015-06-24,0.0010828229266583204,0.0010290594857981052,0.053763440860215055,5.3763440860215054e-05,0.0018021794503051474,-0.0007193565236468272,0.04374845471895985,0.9978494623655914,5.376344086021516e-05,0.0010290594857981054,0.0018568279922745433,0.0006024831573318766,-0.0032057794109719416,0.0030411754786047697,0.003885950611613057,0.025089605734767026,2.5089605734767026e-05,2.5089605734767026e-05,0.0017770898445703804,0.02867383512544803,2.8673835125448028e-05,2.8673835125448028e-05,-0.0007480303587722752,0.5,0.5
2015-06-25,-0.0017709410374137503,-0.0018139517901019225,0.043010752688172046,4.301075268817204e-05,-0.006608883600092576,0.004837942562678825,-0.0969134200261336,0.9978494623655914,4.3010752688172216e-05,-0.0018139517901019223,-0.009431868159959252,-0.010163919056154448,-0.007655304091314023,-0.011044428327734338,-0.014304436636410558,0.025089605734767026,2.5089605734767026e-05,2.5089605734767026e-05,-0.006633973205827343,0.017921146953405017,1.7921146953405018e-05,1.7921146953405018e-05,0.00482002141572542,0.5,0.5
2015-06-26,0.000919910158898336,0.000876899406210164,0.043010752688172046,4.301075268817204e-05,0.006296801970164049,-0.005376891811265713,0.05866279483391661,0.9978494623655914,4.3010752688172e-05,0.000876899406210164,0.01102652159068997,0.010208307686214339,0.009618599841973514,0.010132601175977184,0.013824105322503557,0.017921146953405017,1.7921146953405018e-05,1.7921146953405018e-05,0.006278880823210644,0.025089605734767026,2.5089605734767026e-05,2.5089605734767026e-05,-0.00540198141700048,0.5,0.5
2015-06-29,0.004899614992748449,0.004860188469450958,0.03942652329749104,3.942652329749104e-05,0.00472931578249097,0.00017029921025747897,0.3080675284773919,0.9978494623655914,3.94265232974908e-05,0.004860188469450958,-0.0017411562974995046,0.0024605173334541356,0.004654508031241517,0.004825780544994533,0.011775057074975644,0.017921146953405017,1.7921146953405018e-05,1.7921146953405018e-05,0.004711394635537565,0.021505376344086023,2.150537634408602e-05,2.150537634408602e-05,0.00014879383391339294,0.5,0.5
2015-06-30,0.0035476401167562027,0.003504629364068031,0.043010752688172046,4.301075268817204e-05,0.004828137700556322,-0.001280497583800119,0.2239820169753656,0.9978494623655914,4.301075268817178e-05,0.0035046293640680305,0.002821744104857368,0.0020394972930859786,0.0019461112006742313,0.00833767963743248,0.010315573282952725,0.021505376344086023,2.150537634408602e-05,2.150537634408602e-05,0.004806632324212236,0.021505376344086023,2.150537634408602e-05,2.150537634408602e-05,-0.001302002960144205,0.5,0.5
2015-07-01,-0.001262336077934198,-0.001319683748185094,0.05734767025089606,5.7347670250896056e-05,-0.001834164167205389,0.0005718280892711908,-0.0977178295573745,0.9978494623655914,5.7347670250896144e-05,-0.001319683748185094,-0.0002641818067360818,-0.0029026049221549818,-0.002407177863892504,-0.0005669040061767024,-0.005219040498527816,0.035842293906810034,3.5842293906810036e-05,3.5842293906810036e-05,-0.001870006461112199,0.021505376344086023,2.150537634408602e-05,2.150537634408602e-05,0.0005503227129271048,0.5,0.5
2015-07-02,-0.001765054601105969,-0.0018259865007475462,0.06093189964157706,6.093189964157706e-05,-0.004407480628095641,0.002642426026989672,-0.13087838571770372,0.9978494623655914,6.0931899641577126e-05,-0.0018259865007475462,-0.00528338269283493,-0.005287790776268171,-0.004966575860950475,-0.006495568971112526,-0.009974657398730661,0.03225806451612903,3.2258064516129034e-05,3.2258064516129034e-05,-0.0044397386926117695,0.02867383512544803,2.8673835125448028e-05,2.8673835125448028e-05,0.002613752191864224,0.5,0.5
2015-07-03,-0.0008317102779310206,-0.0008783052600098738,0.04659498207885305,4.659498207885304e-05,0.0055071534948775,-0.0063388637728085204,-0.06744559191775337,0.9978494623655914,4.65949820788532e-05,-0.0008783052600098737,0.013327314796744691,0.011378553043361737,0.011443149839339202,0.010371795463725015,0.01133556275276999,0.025089605734767026,2.5089605734767026e-05,2.5089605734767026e-05,0.005482063889142733,0.021505376344086023,2.150537634408602e-05,2.150537634408602e-05,-0.006360369149152606,0.5,0.5
2015-07-06,-0.0004198134893267013,-0.00046999270079623536,0.05017921146953405,5.017921146953405e-05,0.0004706754760618129,-0.0008904889653885143,-0.08251981691079295,0.9978494623655914,5.017921146953407e-05,-0.00046999270079623536,0.0025775462914155805,0.00018784120949992528,-0.0003265207087512963,2.7101192253649296e-06,0.0014106713685727564,0.02867383512544803,2.8673835125448028e-05,2.8673835125448028e-05,0.0004420016409363649,0.021505376344086023,2.150537634408602e-05,2.150537634408602e-05,-0.0009119943417326003,0.5,0.5
2015-07-07,-0.003942134636047674,-0.003992313847517208,0.05017921146953405,5.017921146953405e-05,-0.003266105694465729,-0.0006760289415819452,-0.2111259931241096,0.9978494623655914,5.0179211469534614e-05,-0.003992313847517207,0.0006799030027444244,0.002696367644002822,-0.0016017373501347775,-0.0018657773364358031,-0.008865428415179285,0.021505376344086023,2.150537634408602e-05,2.150537634408602e-05,-0.003287611070809815,0.02867383512544803,2.8673835125448028e-05,2.8673835125448028e-05,-0.0007047027767073933,0.5,0.5
2015-07-08,0.004931454296522737,0.004877690855662521,0.053763440860215055,5.3763440860215054e-05,0.007674002935988929,-0.002742548639466192,0.26688797487969596,0.9978494623655914,5.3763440860215596e-05,0.004877690855662522,0.005543259344423021,0.005368773147951111,0.009198673009884391,0.010464214178894184,0.017789901718519695,0.021505376344086023,2.150537634408602e-05,2.150537634408602e-05,0.007652497559644843,0.03225806451612903,3.2258064516129034e-05,3.2258064516129034e-05,-0.0027748067039823207,0.5,0.5
2015-07-09,-0.0004824093042283846,-0.0005433412038699617,0.06093189964157706,6.093189964157706e-05,-0.0011854303989126673,0.0007030210946842826,-0.005230193375408722,0.9978494623655914,6.0931899641577126e-05,-0.0005433412038699616,-0.0021325672245951677,4.700788108463972e-05,0.002492953082939771,-0.0024326150609675083,-0.0023399836662542474,0.03942652329749104,3.942652329749104e-05,3.942652329749104e-05,-0.0012248569222101584,0.021505376344086023,2.150537634408602e-05,2.150537634408602e-05,0.0006815157183401966,0.5,0.5
2015-07-10,0.002033205638935979,0.0019794421980757642,0.053763440860215055,5.3763440860215054e-05,0.0028574574850935464,-0.0008242518461575674,0.1492552319952335,0.9978494623655914,5.376344086021473e-05,0.001979442198075764,0.0015890299024156882,0.0017674512721140277,0.0038608407606443465,0.0030078023142661708,0.007068471298147554,0.02867383512544803,2.8673835125448028e-05,2.8673835125448028e-05,0.0028287836499680985,0.025089605734767026,2.5089605734767026e-05,2.5089605734767026e-05,-0.0008493414518923344,0.5,0.5
2015-07-13,-0.00018751543472515507,-0.00023769464619468917,0.05017921146953405,5.017921146953405e-05,-0.0014289910089752263,0.0012414755742500712,-0.02998892457902589,0.9978494623655914,5.01792114695341e-05,-0.0002376946461946891,-0.0018585254842041902,-0.0037318024770920466,-0.000799706199114188,-0.001317946902856191,-0.0036279995754975834,0.025089605734767026,2.5089605734767026e-05,2.5089605734767026e-05,-0.0014540806147099934,0.025089605734767026,2.5089605734767026e-05,2.5089605734767026e-05,0.0012163859685153041,0.5,0.5
2015-07-14,-0.0010035553554050252,-0.0010609030256559214,0.05734767025089606,5.7347670250896056e-05,-0.0016671316420096241,0.0006635762866045988,-0.06706515759050734,0.9978494623655914,5.7347670250896144e-05,-0.0010609030256559214,-0.002519478935997939,0.0010575001523682839,0.0033896329323325745,-0.0015855451780374648,-0.00420862233701014,0.035842293906810034,3.5842293906810036e-05,3.5842293906810036e-05,-0.0017029739359164342,0.021505376344086023,2.150537634408602e-05,2.150537634408602e-05,0.0006420709102605128,0.5,0.5
2015-07-15,0.006224204818621557,0.006156104460198619,0.06810035842293907,6.810035842293906e-05,0.0019264868492688291,0.004297717969352729,0.3425236103469898,0.9978494623655914,6.810035842293866e-05,0.006156104460198619,-0.010133459561085372,-0.0055193886939456285,-0.002365325681091382,0.0002955447186248116,0.005631688188494082,0.03225806451612903,3.2258064516129034e-05,3.2258064516129034e-05,0.0018942287847527,0.035842293906810034,3.5842293906810036e-05,3.5842293906810036e-05,0.004261875675445919,0.5,0.5
2015-07-16,0.00046299715454637335,0.00041281794307683933,0.05017921146953405,5.017921146953405e-05,0.0019441417832681694,-0.001481144628721796,0.04880957243109094,0.9978494623655914,5.017921146953402e-05,0.0004128179430768393,0.0037798533752911056,0.001327161021748566,-0.0006137674483435632,0.0022058653231588144,0.004729492688225101,0.021505376344086023,2.150537634408602e-05,2.150537634408602e-05,0.0019226364069240833,0.02867383512544803,2.8673835125448028e-05,2.8673835125448028e-05,-0.001509818463847244,0.5,0.5
2015-07-17,0.0036764869090507896,0.0035797127155024026,0.0967741935483871,9.67741935483871e-05,0.0005514491950831622,0.0031250377139676274,0.1368134019801219,0.9978494623655914,9.677419354838694e-05,0.0035797127155024026,-0.006943354480964696,-0.004863517321876373,-0.003971242108700973,-0.002523845209069156,0.0029162701897840647,0.043010752688172046,4.301075268817204e-05,4.301075268817204e-05,0.0005084384423949902,0.053763440860215055,5.3763440860215054e-05,5.3763440860215054e-05,0.0030712742731074123,0.5,0.5
2015-07-21,0.0010263972973847087,0.0009654653977431318,0.06093189964157706,6.093189964157706e-05,0.002971156687852801,-0.0019447593904680922,0.07778296979845617,0.9978494623655914,6.093189964157691e-05,0.0009654653977431317,0.0036460899722134477,0.004376376398381659,0.0044787653768584975,0.006246129615503434,0.005790405255806687,0.02867383512544803,2.8673835125448028e-05,2.8673835125448028e-05,0.0029424828527273533,0.03225806451612903,3.2258064516129034e-05,3.2258064516129034e-05,-0.001977017454984221,0.5,0.5
2015-07-22,0.0044550183611191665,0.004401254920258952,0.053763440860215055,5.3763440860215054e-05,0.0017049658254318406,0.002750052535687326,0.20064938965060772,0.9978494623655914,5.376344086021473e-05,0.004401254920258952,-0.007934199265426062,-0.0006319166832718301,0.0003753478101525903,0.0030621222408582717,0.0035838363558663862,0.025089605734767026,2.5089605734767026e-05,2.5089605734767026e-05,0.0016798762196970735,0.02867383512544803,2.8673835125448028e-05,2.8673835125448028e-05,0.002721378700561878,0.5,0.5
2015-07-23,-0.00021294045632811186,-0.00024519852084424086,0.03225806451612903,3.2258064516129034e-05,-0.0001699398655540145,-4.300059077409733e-05,-0.03012514504957512,0.9978494623655914,3.2258064516129e-05,-0.0002451985208442409,-0.00010633713469716207,0.00047067781403890824,0.0009205624038021295,-0.0021422395522745874,0.0005613001794752503,0.014336917562724014,1.4336917562724014e-05,1.4336917562724014e-05,-0.0001842767831167385,0.017921146953405017,1.7921146953405018e-05,1.7921146953405018e-05,-6.0921737727502346e-05,0.5,0.5
2015-07-24,-0.004313771012494427,-0.004353197535791917,0.03942652329749104,3.942652329749104e-05,-0.005237235875014813,0.000923464862520387,-0.24069064018816202,0.9978494623655914,3.94265232974908e-05,-0.004353197535791917,-0.0016963812960396586,-0.0021480265830430044,-0.0020722464500976326,-0.004375298394121604,-0.013524058427983637,0.025089605734767026,2.5089605734767026e-05,2.5089605734767026e-05,-0.00526232548074958,0.014336917562724014,1.4336917562724014e-05,1.4336917562724014e-05,0.0009091279449576629,0.5,0.5
2015-07-27,0.005668289735637703,0.005596605147824082,0.07168458781362007,7.168458781362007e-05,0.008286441736386376,-0.002618152000748673,0.28896878461069053,0.9978494623655914,7.16845878136205e-05,0.005596605147824082,0.005945789243571435,0.003817333517349166,0.006837885053173217,0.008923982224823549,0.02039733409674735,0.035842293906810034,3.5842293906810036e-05,3.5842293906810036e-05,0.008250599442479566,0.035842293906810034,3.5842293906810036e-05,3.5842293906810036e-05,-0.002653994294655483,0.5,0.5
2015-07-28,0.0033514806946928727,0.00330488571261402,0.04659498207885305,4.659498207885304e-05,0.001355257427062899,0.001996223267629974,0.20847125555873217,0.9978494623655914,4.6594982078852765e-05,0.0033048857126140195,-0.004755901746097493,-0.002465536113584858,0.0009685592508665728,0.0032357732697828427,0.0024478856462972756,0.025089605734767026,2.5089605734767026e-05,2.5089605734767026e-05,0.001330167821328132,0.021505376344086023,2.150537634408602e-05,2.150537634408602e-05,0.001974717891285888,0.5,0.5
2015-07-29,-0.004691159879094751,-0.004721871956255673,0.030712077160921135,3.071207716092113e-05,-0.003652482662724866,-0.001038677216369885,-0.2079081148480313,0.9957081545064378,3.071207716092133e-05,-0.004721871956255673,0.004183906513680681,-0.002212323926644389,-0.0029611714449456006,-0.002690150433102491,-0.009635937175898997,0.011794883627916995,1.1794883627916996e-05,1.1794883627916996e-05,-0.003664277546352783,0.01891719353300414,1.891719353300414e-05,1.891719353300414e-05,-0.001057594409902889,0.4989270386266094,0.5025035765379113
2015-07-30,-0.003483849893071112,-0.003551804113385847,0.06795422031473533,6.795422031473535e-05,-0.002420774173577255,-0.0010630757194938572,-0.1360486934126471,0.9957081545064378,6.795422031473505e-05,-0.0035518041133858476,0.001566088438072259,0.003226315225627744,0.00034690922439368355,-0.00014705893039618022,-0.007204410953427721,0.032188841201716736,3.218884120171674e-05,3.218884120171674e-05,-0.0024529630147789717,0.035765379113018594,3.57653791130186e-05,3.57653791130186e-05,-0.0010988410986068758,0.4989270386266094,0.5025035765379113
2015-07-31,0.0064101443316325795,0.006345766649229146,0.06437768240343347,6.437768240343348e-05,0.004220832612911038,0.0021893117187215417,0.23552663506608015,0.9957081545064378,6.437768240343325e-05,0.006345766649229146,-0.006308690358336863,-0.00041106801872855614,0.0006524308410194748,0.0008150496845294408,0.012282204174616208,0.02503576537911302,2.503576537911302e-05,2.503576537911302e-05,0.004195796847531925,0.03934191702432046,3.934191702432046e-05,3.934191702432046e-05,0.002149969801697221,0.4989270386266094,0.5025035765379113
2015-08-03,0.0033451825914781737,0.0032843814469860418,0.060801144492131615,6.080114449213162e-05,0.0028806195532955657,0.00046456303818260793,0.18591403455243047,0.9957081545064378,6.0801144492131885e-05,0.003284381446986042,-0.0019937194767783196,0.0012369420503506425,0.0030382422811612102,0.005977469906324418,0.005671708349003815,0.01430615164520744,1.430615164520744e-05,1.430615164520744e-05,0.002866313401650358,0.046494992846924176,4.649499284692418e-05,4.649499284692418e-05,0.00041806804533568373,0.4989270386266094,0.5025035765379113
2015-08-04,-0.0067941903826700106,-0.0068549915271621424,0.060801144492131615,6.080114449213162e-05,-0.0028618451801246804,-0.003932345202545331,-0.2813471651967509,0.9957081545064378,6.0801144492131885e-05,-0.0068549915271621424,0.010170363717918834,0.003085366218221593,0.005475601505943565,0.002027733489416004,-0.009617865802373171,0.032188841201716736,3.218884120171674e-05,3.218884120171674e-05,-0.002894034021326397,0.02861230329041488,2.861230329041488e-05,2.861230329041488e-05,-0.003960957505835746,0.4989270386266094,0.5025035765379113
2015-08-05,-0.007421071727382579,-0.007489025947697315,0.06795422031473533,6.795422031473535e-05,-0.006185396696824164,-0.0012356750305584153,-0.3127112678594166,0.9957081545064378,6.795422031473548e-05,-0.007489025947697315,0.004674250334270738,-0.0020190278038132578,-0.0032926793254800537,-0.009615777200641409,-0.013788207275292588,0.03934191702432046,3.934191702432046e-05,3.934191702432046e-05,-0.006224738613848484,0.02861230329041488,2.861230329041488e-05,2.861230329041488e-05,-0.00126428733384883,0.4989270386266094,0.5025035765379113
2015-08-06,-0.0019618355093739995,-0.0020619785708904516,0.10014306151645208,0.00010014306151645208,-0.002408405737726242,0.0004465702283522423,-0.12228850390522707,0.9957081545064378,0.00010014306151645211,-0.0020619785708904516,-0.002036295847039017,0.0014311994360081863,-0.0021573553148379865,-0.001525627297042524,-0.006477941666191181,0.032188841201716736,3.218884120171674e-05,3.218884120171674e-05,-0.0024405945789279584,0.06795422031473533,6.795422031473535e-05,6.795422031473535e-05,0.000378616008037507,0.4989270386266094,0.5025035765379113
2015-08-07,0.005397491479205474,0.0053080780314229276,0.08941344778254649,8.94134477825465e-05,0.00488006260282574,0.0005174288763797342,0.25547692780795556,0.9957081545064378,8.941344778254628e-05,0.0053080780314229276,-0.0009620551960641372,-0.0011664500087256943,0.007149942654084337,0.006637944838267508,0.011352699664200407,0.05007153075822604,5.007153075822604e-05,5.007153075822604e-05,0.004829991072067514,0.03934191702432046,3.934191702432046e-05,3.934191702432046e-05,0.00047808695935541376,0.4989270386266094,0.5025035765379113
2015-08-10,-0.004793215709966963,-0.004864746468193,0.07153075822603719,7.15307582260372e-05,-0.0039056321168068255,-0.0008875835931601372,-0.27508570838248403,0.9957081545064378,7.153075822603685e-05,-0.004864746468193,0.0029970703225435493,-0.0007216395198176188,-0.004009135755765978,-0.003247772326545741,-0.010118207813707649,0.032188841201716736,3.218884120171674e-05,3.218884120171674e-05,-0.003937820958008542,0.03934191702432046,3.934191702432046e-05,3.934191702432046e-05,-0.0009269255101844576,0.4989270386266094,0.5025035765379113
2015-08-11,0.0006008573418518767,0.0005221735078032357,0.07868383404864092,7.868383404864092e-05,0.0019739542596861667,-0.0013730969178342898,0.09095407183888025,0.9957081545064378,7.868383404864099e-05,0.0005221735078032358,0.002255208225725698,0.003697383333510792,0.004186498067063364,0.0036065448524149734,0.004131325541623181,0.046494992846924176,4.649499284692418e-05,4.649499284692418e-05,0.0019274592668392424,0.032188841201716736,3.218884120171674e-05,3.218884120171674e-05,-0.0014052857590360066,0.4989270386266094,0.5025035765379113
2015-08-12,0.0027186638224300516,0.0026542861400266184,0.06437768240343347,6.437768240343348e-05,0.002715919857036131,2.743965393920699e-06,0.16012668263513335,0.9957081545064378,6.437768240343325e-05,0.002654286140026618,3.2800616148700005e-05,-8.280582026060272e-05,0.005335933120076257,0.0028989794484637252,0.006715791910470312,0.032188841201716736,3.218884120171674e-05,3.218884120171674e-05,0.0026837310158344145,0.032188841201716736,3.218884120171674e-05,3.218884120171674e-05,-2.944487580779604e-05,0.4989270386266094,0.5025035765379113
2015-08-13,0.0025799838049405293,0.002508453046714492,0.07153075822603719,7.15307582260372e-05,0.002096924530901744,0.0004830592740387852,0.17719436282694714,0.9957081545064378,7.153075822603728e-05,0.002508453046714492,-0.0021339307202962307,0.0014091637567011045,0.0027754076293292716,0.0025335208141683795,0.005037541730981698,0.035765379113018594,3.57653791130186e-05,3.57653791130186e-05,0.0020611591517887256,0.035765379113018594,3.57653791130186e-05,3.57653791130186e-05,0.0004472938949257666,0.4989270386266094,0.5025035765379113
2015-08-14,0.006427350357691175,0.0063665492131990435,0.060801144492131615,6.080114449213162e-05,0.004255834675811091,0.0021715156818800842,0.40778318602142527,0.9957081545064378,6.0801144492131885e-05,0.0063665492131990435,-0.005425387958248365,-0.0020896627221145218,-0.0007124683830806507,0.002601245408590344,0.011494338321046559,0.035765379113018594,3.57653791130186e-05,3.57653791130186e-05,0.004220069296698072,0.02503576537911302,2.503576537911302e-05,2.503576537911302e-05,0.0021464799165009712,0.4989270386266094,0.5025035765379113
2015-08-17,-0.004453520056379051,-0.0045250508146050875,0.07153075822603719,7.15307582260372e-05,-0.003682759884276969,-0.0007707601721020811,-0.36287775954564344,0.9957081545064378,7.153075822603685e-05,-0.0045250508146050875,0.0026786505735613654,-0.0007804002106457312,-0.0008182431055722875,-0.005595997188931626,-0.008274040799553978,0.046494992846924176,4.649499284692418e-05,4.649499284692418e-05,-0.0037292548771238935,0.02503576537911302,2.503576537911302e-05,2.503576537911302e-05,-0.0007957959374811941,0.4989270386266094,0.5025035765379113
2015-08-18,-0.00027077669670314583,-0.00032084822746137183,0.05007153075822604,5.007153075822604e-05,-0.0013046993604572236,0.0010339226637540778,0.015480362061804484,0.9978540772532188,5.0071530758226e-05,-0.0003208482274613719,-0.0024010834998024234,-0.0013630737162196207,0.0009860679906923623,0.0013555233401416548,-0.004600277166671255,0.02503576537911302,2.503576537911302e-05,2.503576537911302e-05,-0.0013297351258363367,0.02503576537911302,2.503576537911302e-05,2.503576537911302e-05,0.0010088868983749648,0.4989270386266094,0.5025035765379113
2015-08-19,0.0012078697961846508,0.0011649513412490284,0.04291845493562232,4.291845493562232e-05,-0.0021722736658380173,0.003380143462022668,0.0846253825184874,0.9978540772532188,4.2918454935622456e-05,0.0011649513412490286,-0.007894824972537545,-0.004365044399204487,-0.0020008383351222277,-0.002506017507566157,-0.0052778269125428314,0.02145922746781116,2.145922746781116e-05,2.145922746781116e-05,-0.0021937328933058285,0.02145922746781116,2.145922746781116e-05,2.145922746781116e-05,0.0033586842345548567,0.4989270386266094,0.5025035765379113
2015-08-20,-0.000692682406162014,-0.00074275393692024,0.05007153075822604,5.007153075822604e-05,-0.0001135382027381509,-0.0005791442034238631,-0.03052688490311123,0.9978540772532188,5.0071530758226054e-05,-0.00074275393692024,0.0015254439659641167,0.0003986448704663472,-0.005155352823138373,0.0003406556225102783,-0.0005116749240033867,0.02145922746781116,2.145922746781116e-05,2.145922746781116e-05,-0.00013499743020596206,0.02861230329041488,2.861230329041488e-05,2.861230329041488e-05,-0.000607756506714278,0.4989270386266094,0.5025035765379113
2015-08-21,0.0018104580887150106,0.0017711161716906902,0.03934191702432046,3.934191702432046e-05,0.004529140647439199,-0.0027186825587241885,0.07009576687497314,0.9978540772532188,3.934191702432044e-05,0.0017711161716906902,0.00772522437325035,0.0007305925233064538,0.004858104957148605,0.007043952188543676,0.010094666110287302,0.017882689556509297,1.78826895565093e-05,1.78826895565093e-05,0.004511257957882689,0.02145922746781116,2.145922746781116e-05,2.145922746781116e-05,-0.0027401417861919997,0.4989270386266094,0.5025035765379113
2015-08-24,0.003081501339023561,0.003031429808265335,0.05007153075822604,5.007153075822604e-05,0.013120120587759306,-0.010038619248735744,0.09443456487179365,0.9978540772532188,5.0071530758226054e-05,0.003031429808265335,0.022055107667586324,0.015776727337492472,0.012803077305282233,0.01673003553755132,0.031079989933778127,0.02861230329041488,2.861230329041488e-05,2.861230329041488e-05,0.013091508284468891,0.02145922746781116,2.145922746781116e-05,2.145922746781116e-05,-0.010060078476203556,0.4989270386266094,0.5025035765379113
2015-08-25,-0.0014960312153531414,-0.0015210669807322545,0.02503576537911302,2.503576537911302e-05,-0.0006269382178886882,-0.0008690929974644534,-0.09962870046355751,0.9978540772532188,2.5035765379113027e-05,-0.0015210669807322545,0.0025885665817615574,-7.029174075812437e-06,-0.0034604907792370495,-0.0019129132956865684,-0.0009284027685188363,0.01430615164520744,1.430615164520744e-05,1.430615164520744e-05,-0.0006412443695338956,0.01072961373390558,1.072961373390558e-05,1.072961373390558e-05,-0.000879822611198359,0.4989270386266094,0.5025035765379113
2015-08-26,0.004108538754187964,0.004079926450897549,0.02861230329041488,2.861230329041488e-05,0.0023704155980080726,0.0017381231561798911,0.21040151909369972,0.9978540772532188,2.861230329041526e-05,0.004079926450897549,-0.004033399768887598,-0.002297627014891686,0.004682164264128387,0.005859186634197228,0.00419694648078372,0.017882689556509297,1.78826895565093e-05,1.78826895565093e-05,0.002352532908451563,0.01072961373390558,1.072961373390558e-05,1.072961373390558e-05,0.0017273935424459855,0.4989270386266094,0.5025035765379113
2015-08-27,-0.006711069853780298,-0.006761141384538524,0.05007153075822604,5.007153075822604e-05,-0.009023934074024185,0.002312864220243886,-0.36497503186659475,0.9978540772532188,5.0071530758226054e-05,-0.006761141384538524,-0.0027848644446938683,-0.008277410283418643,-0.012905724006639136,-0.015105392393138004,-0.019577324955013384,0.017882689556509297,1.78826895565093e-05,1.78826895565093e-05,-0.009041816763580695,0.032188841201716736,3.218884120171674e-05,3.218884120171674e-05,0.0022806753790421694,0.4989270386266094,0.5025035765379113
2015-08-28,0.00849329375812418,0.008446798765277257,0.046494992846924176,4.649499284692418e-05,0.005085447832625505,0.003407845925498676,0.46218569034740553,0.9978540772532188,4.649499284692382e-05,0.008446798765277257,-0.009810173057218353,-0.000659730180449562,0.0023502000589348394,0.007584119790463091,0.011497092943500618,0.02145922746781116,2.145922746781116e-05,2.145922746781116e-05,0.005063988605157694,0.02503576537911302,2.503576537911302e-05,2.503576537911302e-05,0.003382810160119563,0.4989270386266094,0.5025035765379113
2015-08-31,-0.0030558613295214652,-0.0030808970949005783,0.02503576537911302,2.503576537911302e-05,-0.004071585836120206,0.001015724506598741,-0.20334241193123498,0.9978540772532188,2.5035765379113027e-05,-0.0030808970949005783,-0.00244369502687741,-0.0011675105272802469,-0.003027553976773863,-0.004619768683407873,-0.009931141462373587,0.01430615164520744,1.430615164520744e-05,1.430615164520744e-05,-0.004085891987765413,0.01072961373390558,1.072961373390558e-05,1.072961373390558e-05,0.0010049948928648354,0.4989270386266094,0.5025035765379113
2015-09-01,0.005463297761580363,0.005427532382467344,0.035765379113018594,3.57653791130186e-05,0.008695533522176594,-0.003232235760596232,0.2907074861434021,0.9978540772532188,3.576537911301886e-05,0.005427532382467344,0.006290022220542779,0.0067198070953050585,0.00781918120128952,0.011797727928273043,0.02024383681866537,0.017882689556509297,1.78826895565093e-05,1.78826895565093e-05,0.008677650832620084,0.017882689556509297,1.78826895565093e-05,1.78826895565093e-05,-0.0032501184501527412,0.4989270386266094,0.5025035765379113
2015-09-02,-0.002164450717601663,-0.002193063020892078,0.02861230329041488,2.861230329041488e-05,-0.0024936237478672594,0.00032917303026559633,-0.13380472819107544,0.9978540772532188,2.8612303290414826e-05,-0.002193063020892078,0.0007259162395215832,-0.00344672915650085,-0.005194440979306672,-0.0009146346038564417,-0.007039641836821087,0.01430615164520744,1.430615164520744e-05,1.430615164520744e-05,-0.002507929899512467,0.01430615164520744,1.430615164520744e-05,1.430615164520744e-05,0.0003148668786203889,0.4989270386266094,0.5025035765379113
2015-09-03,0.0011345244044623027,0.0011023355632605858,0.032188841201716736,3.218884120171674e-05,-0.0011050083137580907,0.002239532718220393,0.07568316250292409,0.9978540772532188,3.218884120171684e-05,0.0011023355632605858,-0.005503613759330319,-0.002340508701878967,-0.0038726106626118233,-0.0005977210638044381,-0.0030232934952672667,0.02145922746781116,2.145922746781116e-05,2.145922746781116e-05,-0.001126467541225902,0.01072961373390558,1.072961373390558e-05,1.072961373390558e-05,0.0022288031044864877,0.4989270386266094,0.5025035765379113
2015-09-04,-0.005797054668241805,-0.00582566697153222,0.02861230329041488,2.861230329041488e-05,-0.002691588296204123,-0.003105466372037682,-0.3443439778103472,0.9978540772532188,2.861230329041526e-05,-0.00582566697153222,0.007149835559739049,0.004219437742070224,0.002603748406692908,0.0012434042005134887,-0.008713832074651075,0.01430615164520744,1.430615164520744e-05,1.430615164520744e-05,-0.0027058944478493305,0.01430615164520744,1.430615164520744e-05,1.430615164520744e-05,-0.00311977252368289,0.4989270386266094,0.5025035765379113
2015-09-07,-0.017139571179517792,-0.017171760020719507,0.032188841201716736,3.218884120171674e-05,-0.0017474786054469463,-0.015392092574070844,-0.6556227233884097,0.9978540772532188,3.218884120171489e-05,-0.01717176002071951,0.03443259358252308,0.022945490042000815,0.013374536310690256,0.004195513690532506,-0.007351466717126104,0.01430615164520744,1.430615164520744e-05,1.430615164520744e-05,-0.0017617847570921537,0.017882689556509297,1.78826895565093e-05,1.78826895565093e-05,-0.015409975263627354,0.4989270386266094,0.5025035765379113
2015-09-08,-0.0030277794511931713,-0.0030635448303061898,0.035765379113018594,3.57653791130186e-05,-0.015873605454154,0.01284582600296083,-0.1718446103682203,0.9978540772532188,3.5765379113018424e-05,-0.0030635448303061898,-0.027211339716785663,-0.022232839076343998,-0.025296306809626256,-0.028069084349947964,-0.03368868454525676,0.02145922746781116,2.145922746781116e-05,2.145922746781116e-05,-0.01589506468162181,0.01430615164520744,1.430615164520744e-05,1.430615164520744e-05,0.012831519851315623,0.4989270386266094,0.5025035765379113
2015-09-09,-0.00026859290379221387,-0.00030435828290523235,0.035765379113018594,3.57653791130186e-05,0.007494243607307395,-0.007762836511099608,-0.03691715162770269,0.9978540772532188,3.576537911301848e-05,-0.00030435828290523246,0.01459494966342195,0.01717341548692015,0.01318819949012166,0.013237366684644128,0.015912397438356943,0.01072961373390558,1.072961373390558e-05,1.072961373390558e-05,0.007483513993573489,0.02503576537911302,2.503576537911302e-05,2.503576537911302e-05,-0.007787872276478721,0.4989270386266094,0.5025035765379113
2015-09-10,0.008866175830990607,0.008823257376054983,0.04291845493562232,4.291845493562232e-05,0.006549405218206802,0.0023167706127838034,0.3815038884406613,0.9978540772532188,4.2918454935623324e-05,0.008823257376054985,-0.00865757039667196,0.003570807611888447,0.004675267506357416,0.00770505443498289,0.0158379426643432,0.01430615164520744,1.430615164520744e-05,1.430615164520744e-05,0.006535099066561595,0.02861230329041488,2.861230329041488e-05,2.861230329041488e-05,0.0022881583094933886,0.4989270386266094,0.5025035765379113
2015-09-11,0.0030886721563531928,0.0030386006255949667,0.05007153075822604,5.007153075822604e-05,0.004251299128477109,-0.0011626269721239165,0.22726109601989813,0.9978540772532188,5.0071530758226054e-05,0.0030386006255949667,0.0018917303861946536,0.0031666203248075183,0.006573057864433284,0.00984393514768158,0.007859357547903293,0.02503576537911302,2.503576537911302e-05,2.503576537911302e-05,0.004226263363097996,0.02503576537911302,2.503576537911302e-05,2.503576537911302e-05,-0.0011876627375030295,0.4989270386266094,0.5025035765379113
2015-09-14,-0.0021264099844167136,-0.0022086703563766563,0.08226037195994278,8.226037195994279e-05,-0.0014275398963171264,-0.0006988700880995872,-0.11852797815407677,0.9978540772532188,8.226037195994268e-05,-0.0022086703563766563,0.0015827748415066052,0.0010026503555058861,0.002461093538610883,0.0011026163312195499,-0.004843137789376103,0.046494992846924176,4.649499284692418e-05,4.649499284692418e-05,-0.0014740348891640507,0.035765379113018594,3.57653791130186e-05,3.57653791130186e-05,-0.0007346354672126058,0.4989270386266094,0.5025035765379113
2015-09-15,-0.011941686207649408,-0.011998910814230237,0.05722460658082976,5.722460658082976e-05,-0.008122418205425946,-0.003819268002223462,-0.5247165424625359,0.9978540772532188,5.7224606580828785e-05,-0.011998910814230239,0.01288171685160802,-0.003075570981279008,-0.005498784785919287,-0.011458601830343553,-0.018690356399205584,0.02503576537911302,2.503576537911302e-05,2.503576537911302e-05,-0.008147453970805059,0.032188841201716736,3.218884120171674e-05,3.218884120171674e-05,-0.0038514568434251787,0.4989270386266094,0.5025035765379113
2015-09-16,0.0008654765161456098,0.0008189815232986856,0.046494992846924176,4.649499284692418e-05,-0.001802827366310433,0.002668303882456043,0.03516436956656657,0.9978540772532188,4.649499284692415e-05,0.0008189815232986856,-0.006265560612327791,-0.003378388558621445,-0.008094499218995514,-0.005604923230021096,-0.002617651628219528,0.02503576537911302,2.503576537911302e-05,2.503576537911302e-05,-0.001827863131689546,0.02145922746781116,2.145922746781116e-05,2.145922746781116e-05,0.002646844654988232,0.4989270386266094,0.5025035765379113
2015-09-17,0.003579821009556322,0.0035369025546207,0.04291845493562232,4.291845493562232e-05,0.0014556688531859132,0.0021241521563704086,0.16523426124401458,0.9978540772532188,4.291845493562202e-05,0.0035369025546206994,-0.006522094770696455,0.0004121282908451714,-0.001988684935728624,0.002152865524493151,0.0032999652092672023,0.02503576537911302,2.503576537911302e-05,2.503576537911302e-05,0.0014306330878068002,0.017882689556509297,1.78826895565093e-05,1.78826895565093e-05,0.002106269466813899,0.4989270386266094,0.5025035765379113
2015-09-18,0.011397961897861996,0.011344313829192468,0.0536480686695279,5.36480686695279e-05,0.009895675461257166,0.0015022864366048309,0.43907584488248746,0.9978540772532188,5.364806866952829e-05,0.011344313829192468,-0.007049445573430824,0.005217389166188964,0.01109722133871679,0.01299396220972138,0.023253888346402785,0.02861230329041488,2.861230329041488e-05,2.861230329041488e-05,0.009867063157966751,0.02503576537911302,2.503576537911302e-05,2.503576537911302e-05,0.0014772506712257179,0.4989270386266094,0.5025035765379113
2015-09-24,0.004396455118907795,0.00432850089859306,0.06795422031473533,6.795422031473535e-05,-0.0017599581090162626,0.006156413227924058,0.18719046436908918,0.9978540772532188,6.795422031473462e-05,0.004328500898593059,-0.013853509839586626,-0.009012972335622014,-0.002959911186636446,-0.005947401628379114,-0.002317528081304497,0.02503576537911302,2.503576537911302e-05,2.503576537911302e-05,-0.0017849938743953757,0.04291845493562232,4.291845493562232e-05,4.291845493562232e-05,0.006113494772988435,0.4989270386266094,0.5025035765379113
2015-09-25,0.006776758781796178,0.006719534175215348,0.05722460658082976,5.722460658082976e-05,0.001740874482717797,0.005035884299078381,0.29754770441167344,0.9978540772532188,5.722460658082965e-05,0.006719534175215348,-0.01236295742975977,-0.005288500034944023,-0.004076432944072328,-0.00036367240573646564,0.005415691099297223,0.032188841201716736,3.218884120171674e-05,3.218884120171674e-05,0.0017086856415160802,0.02503576537911302,2.503576537911302e-05,2.503576537911302e-05,0.005010848533699268,0.4989270386266094,0.5025035765379113
2015-09-28,0.0012724712978000252,0.001225976304953101,0.046494992846924176,4.649499284692418e-05,0.00851445685945808,-0.007241985561658055,0.06070168570705648,0.9978540772532188,4.6494992846924255e-05,0.001225976304953101,0.015673763864279305,0.011860760425749201,0.017171004709173397,0.017983875568098467,0.016606364774063447,0.02145922746781116,2.145922746781116e-05,2.145922746781116e-05,0.008492997631990268,0.02503576537911302,2.503576537911302e-05,2.503576537911302e-05,-0.007267021327037168,0.4989270386266094,0.5025035765379113
2015-09-29,0.0010371641010762634,0.000994245646140641,0.04291845493562232,4.291845493562232e-05,-0.0007762179422954299,0.001813382043371693,0.056478705476280276,0.9978540772532188,4.2918454935622456e-05,0.0009942456461406411,-0.0033644365376249738,-0.0041024641890317825,-0.004702408640986552,-0.0030371773050362253,-0.0008150730320604059,0.017882689556509297,1.78826895565093e-05,1.78826895565093e-05,-0.0007941006318519392,0.02503576537911302,2.503576537911302e-05,2.503576537911302e-05,0.00178834627799258,0.4989270386266094,0.5025035765379113
2015-09-30,-0.003421455146185399,-0.003475103214854927,0.0536480686695279,5.36480686695279e-05,-0.0052786140491184064,0.0018571589029330077,-0.15946712369967583,0.9978540772532188,5.3648068669527853e-05,-0.003475103214854927,-0.0032113289565294557,-0.004675198007447314,-0.007278870545168055,-0.007508469807796002,-0.012115662817967662,0.032188841201716736,3.218884120171674e-05,3.218884120171674e-05,-0.005310802890320123,0.02145922746781116,2.145922746781116e-05,2.145922746781116e-05,0.0018356996754651965,0.4989270386266094,0.5025035765379113
2015-10-01,-0.004424061635335632,-0.004481622497617525,0.057560862281892194,5.7560862281892195e-05,0.002043375921901846,-0.006467437557237479,-0.21017654332185975,0.9935897435897436,5.756086228189249e-05,-0.004481622497617525,0.01520057963889915,0.008326924301414273,0.0035925890910306103,0.0020097219869270695,0.0051098711327439315,0.037652996343983405,3.76529963439834e-05,3.76529963439834e-05,0.0020057229255578627,0.01990786593790879,1.990786593790879e-05,1.990786593790879e-05,-0.006487345423175387,0.5003561253561254,0.5003561253561254
2015-10-02,-0.0034668540798574645,-0.0035309566439600286,0.06410256410256411,6.410256410256412e-05,0.0003448977529164166,-0.003811751832773881,-0.1886484505912626,0.9935897435897436,6.410256410256405e-05,-0.0035309566439600286,0.009940002230178534,0.0029242947313144856,0.001286876872830211,0.0021645467485193535,-4.04695190129804e-05,0.03917378917378918,3.917378917378918e-05,3.917378917378918e-05,0.0003057239637426274,0.024928774928774933,2.4928774928774933e-05,2.4928774928774933e-05,-0.003836680607702656,0.5003561253561254,0.5003561253561254
2015-10-05,-0.000993945736508133,-0.001025997018559415,0.032051282051282055,3.205128205128206e-05,-0.003394088333752604,0.0024001425972444714,-0.06857213785465013,0.9935897435897436,3.2051282051282024e-05,-0.001025997018559415,-0.004905234414431028,-0.004577806588166253,-0.007208128501418308,-0.0030547151180851514,-0.008627827139646506,0.02136752136752137,2.136752136752137e-05,2.136752136752137e-05,-0.0034154558551201253,0.010683760683760686,1.0683760683760685e-05,1.0683760683760685e-05,0.0023894588365607106,0.5003561253561254,0.5003561253561254
2015-10-06,-0.014027925567945907,-0.014092028132048472,0.06410256410256411,6.410256410256412e-05,-0.008675980025552555,-0.005351945542393353,-0.5632216530527482,0.9935897435897436,6.410256410256492e-05,-0.014092028132048472,0.014693366939886075,0.002616125074295959,-0.002602582047031006,-0.009653882044945284,-0.02114159229877874,0.032051282051282055,3.205128205128206e-05,3.205128205128206e-05,-0.008708031307603836,0.032051282051282055,3.205128205128206e-05,3.205128205128206e-05,-0.005383996824444635,0.5003561253561254,0.5003561253561254
2015-10-07,-0.010857330197004684,-0.010910749000423488,0.05341880341880342,5.341880341880343e-05,-0.002671783787157696,-0.008185546409846988,-0.4985619453183556,0.9935897435897436,5.3418803418804964e-05,-0.010910749000423487,0.020778898759585884,0.007425482763095929,0.0030043063178560566,0.00013344422847722505,-0.008047255787851827,0.032051282051282055,3.205128205128206e-05,3.205128205128206e-05,-0.002703835069208978,0.02136752136752137,2.136752136752137e-05,2.136752136752137e-05,-0.00820691393121451,0.5003561253561254,0.5003561253561254
2015-10-08,-0.00413859325843372,-0.004202695822536284,0.06410256410256411,6.410256410256412e-05,-0.004540869320055879,0.0004022760616221585,-0.261636916554875,0.9935897435897436,6.410256410256405e-05,-0.004202695822536284,0.0007570110487976646,-0.003959530251408228,-0.006197308467398839,-0.008555084111367788,-0.009332603126522216,0.032051282051282055,3.205128205128206e-05,3.205128205128206e-05,-0.004572920602107161,0.032051282051282055,3.205128205128206e-05,3.205128205128206e-05,0.00037022477957087644,0.5003561253561254,0.5003561253561254
2015-10-09,0.008074603570524514,0.00799981724573819,0.0747863247863248,7.47863247863248e-05,0.0063651874641172035,0.0017094161064073108,0.4300734721937107,0.9935897435897436,7.478632478632487e-05,0.00799981724573819,-0.006695695733942094,0.0032127173400297642,0.0035258476640348375,0.007888698254386301,0.015111916713778163,0.032051282051282055,3.205128205128206e-05,3.205128205128206e-05,0.006333136182065921,0.04273504273504274,4.273504273504274e-05,4.273504273504274e-05,0.001666681063672268,0.5003561253561254,0.5003561253561254
2015-10-13,0.003205604857400103,0.0031058897576850034,0.09971509971509973,9.971509971509973e-05,0.0024767164204750284,0.0007288884369250746,0.22726097666935602,0.9935897435897436,9.971509971509968e-05,0.0031058897576850034,-0.003245117498909517,0.0021584768130953483,0.0007911701817511156,0.002901491876787101,0.005963219134029656,0.0462962962962963,4.629629629629631e-05,4.629629629629631e-05,0.002430420124178732,0.05341880341880342,5.341880341880343e-05,5.341880341880343e-05,0.0006754696335062711,0.5003561253561254,0.5003561253561254
2015-10-14,-0.0005568540249338833,-0.0006423241104039687,0.08547008547008549,8.547008547008548e-05,0.002810235715425466,-0.003367089740359349,-0.03328770164274086,0.9935897435897436,8.547008547008547e-05,-0.0006423241104039687,0.007526638048804956,0.005117738118392243,0.006881981823621848,0.006448273039511928,0.005204994601640064,0.05341880341880342,5.341880341880343e-05,5.341880341880343e-05,0.002756816912006663,0.032051282051282055,3.205128205128206e-05,3.205128205128206e-05,-0.003399141022410631,0.5003561253561254,0.5003561253561254
2015-10-15,-0.001350620528373673,-0.0014147230924762373,0.06410256410256411,6.410256410256412e-05,-0.0033377537892511316,0.0019871332608774584,-0.08828108962270907,0.9935897435897436,6.410256410256427e-05,-0.001414723092476237,-0.003402937122787668,-0.00512066516370644,-0.004833916455142589,-0.007418370964227076,-0.006300925682820835,0.028490028490028494,2.8490028490028496e-05,2.8490028490028496e-05,-0.00336624381774116,0.03561253561253562,3.561253561253562e-05,3.561253561253562e-05,0.0019515207252649228,0.5003561253561254,0.5003561253561254
2015-10-16,0.006158502187164572,0.006108644637307022,0.049857549857549865,4.9857549857549867e-05,0.0046614904983548755,0.001497011688809696,0.34461406808709727,0.9935897435897436,4.985754985754962e-05,0.006108644637307022,-0.004906905045155268,0.0008793159575662926,0.0022939283400851503,0.00614936279462148,0.01088299108498032,0.02136752136752137,2.136752136752137e-05,2.136752136752137e-05,0.004640122976987354,0.028490028490028494,2.8490028490028496e-05,2.8490028490028496e-05,0.0014685216603196676,0.5003561253561254,0.5003561253561254
2015-10-19,-0.002308700645662946,-0.002376364463326764,0.06766381766381767,6.766381766381768e-05,-0.003461708035492896,0.0011530073898299497,-0.16655857485904701,0.9935897435897436,6.766381766381765e-05,-0.002376364463326764,-0.0021259200110324353,-0.0026651181511226007,-0.00801509265287983,-0.006888167705451549,-0.006933487426201149,0.03917378917378918,3.917378917378918e-05,3.917378917378918e-05,-0.003500881824666685,0.028490028490028494,2.8490028490028496e-05,2.8490028490028496e-05,0.0011245173613399213,0.5003561253561254,0.5003561253561254
2015-10-20,-0.005039593359100278,-0.005085889655396574,0.0462962962962963,4.629629629629631e-05,-0.0034557493641699253,-0.0015838439949303529,-0.2813081535516334,0.9935897435897436,4.6296296296296016e-05,-0.005085889655396574,0.0054308905709119434,-0.0014142004277264441,-0.0014887743275958435,-0.0053475827139157555,-0.007677785375125876,0.032051282051282055,3.205128205128206e-05,3.205128205128206e-05,-0.0034878006462212073,0.014245014245014247,1.4245014245014248e-05,1.4245014245014248e-05,-0.001598089009175367,0.5003561253561254,0.5003561253561254
2015-10-21,-0.004460850226105503,-0.004510707775963053,0.049857549857549865,4.9857549857549867e-05,0.0032600025455634843,-0.007720852771668987,-0.2625439806747602,0.9935897435897436,4.985754985754962e-05,-0.004510707775963053,0.017596834469061233,0.011051892864363344,0.008501261463906142,0.006147340870586105,0.0066974187692763025,0.024928774928774933,2.4928774928774933e-05,2.4928774928774933e-05,0.0032350737706347095,0.024928774928774933,2.4928774928774933e-05,2.4928774928774933e-05,-0.007745781546597762,0.5003561253561254,0.5003561253561254
2015-10-22,-0.0018849702120094967,-0.0019455115225508071,0.06054131054131055,6.054131054131055e-05,-0.0037233087702837164,0.0018383385582742197,-0.13081451970954852,0.9935897435897436,6.054131054131044e-05,-0.0019455115225508073,-0.003164601790801277,-0.00470393330813077,-0.003934217652193966,-0.005840448409324431,-0.008233236719809377,0.032051282051282055,3.205128205128206e-05,3.205128205128206e-05,-0.0037553600523349984,0.028490028490028494,2.8490028490028496e-05,2.8490028490028496e-05,0.0018098485297841913,0.5003561253561254,0.5003561253561254
2015-10-23,-0.0005844566619740528,-0.0006699267474441383,0.08547008547008549,8.547008547008548e-05,-0.002298970477471697,0.0017145138154976442,0.018255858918111205,0.9935897435897436,8.547008547008547e-05,-0.0006699267474441383,-0.0019207347971971246,-0.006470675450649651,-0.004838466411196356,-0.003177315473103097,-0.0052958057507953024,0.032051282051282055,3.205128205128206e-05,3.205128205128206e-05,-0.002331021759522979,0.05341880341880342,5.341880341880343e-05,5.341880341880343e-05,0.0016610950120788408,0.5003561253561254,0.5003561253561254
2015-10-26,0.004078564877392967,0.003989533538361628,0.08903133903133904,8.903133903133905e-05,0.0023049858100189394,0.0017735790673740275,0.1990960389942091,0.9935897435897436,8.90313390313393e-05,0.003989533538361628,-0.0053735165401978995,0.0001524634980639936,0.0017065708634778798,0.0028260456827204953,0.0054875413958171805,0.03917378917378918,3.917378917378918e-05,3.917378917378918e-05,0.00226581202084515,0.049857549857549865,4.9857549857549867e-05,4.9857549857549867e-05,0.0017237215175164777,0.5003561253561254,0.5003561253561254
2015-10-27,0.001652742539468699,0.0015957624824886418,0.05698005698005699,5.698005698005699e-05,0.0017264180076290994,-7.367546816040046e-05,0.10654697398635585,0.9935897435897436,5.698005698005705e-05,0.0015957624824886418,-0.0009301130484554752,0.0023251332906291423,0.001256868215045876,0.001786901321047922,0.004273268777803432,0.028490028490028494,2.8490028490028496e-05,2.8490028490028496e-05,0.001697927979139071,0.028490028490028494,2.8490028490028496e-05,2.8490028490028496e-05,-0.00010216549665042896,0.5003561253561254,0.5003561253561254
2015-10-28,-0.002147817591297619,-0.0022226039160839436,0.0747863247863248,7.47863247863248e-05,-0.001164965934303346,-0.0009828516569942729,-0.010182510848964276,0.9935897435897436,7.478632478632443e-05,-0.002222603916083944,0.0035211540825669913,-0.001182876096286137,0.00047177718501820106,0.0013389514240472395,-0.004142379527346555,0.028490028490028494,2.8490028490028496e-05,2.8490028490028496e-05,-0.0011934559627933745,0.0462962962962963,4.629629629629631e-05,4.629629629629631e-05,-0.001029147953290569,0.5003561253561254,0.5003561253561254
2015-10-29,-0.001849118554968881,-0.0019417111475614735,0.0925925925925926,9.259259259259262e-05,-0.0016228894666816675,-0.00022622908828721347,-0.019297073047305782,0.9935897435897436,9.259259259259247e-05,-0.0019417111475614737,0.001121731562393529,-0.0009014545994396178,-0.0036737267212588348,-0.0014616864407677123,-0.004124882369665037,0.04273504273504274,4.273504273504274e-05,4.273504273504274e-05,-0.0016656245094167103,0.049857549857549865,4.9857549857549867e-05,4.9857549857549867e-05,-0.0002760866381447633,0.5003561253561254,0.5003561253561254
2015-10-30,-0.00226122456565611,-0.002346694651126196,0.08547008547008549,8.547008547008548e-05,0.0024691533825299023,-0.004730377948186012,-0.09355363852062616,0.9935897435897436,8.547008547008569e-05,-0.002346694651126196,0.008954163535671739,0.010464489365537392,0.007157179024273564,0.009421233135254618,0.0027154354151601775,0.032051282051282055,3.205128205128206e-05,3.205128205128206e-05,0.0024371021004786202,0.05341880341880342,5.341880341880343e-05,5.341880341880343e-05,-0.004783796751604816,0.5003561253561254,0.5003561253561254
2015-11-02,-0.003756877731552969,-0.003853031577706815,0.09615384615384617,9.615384615384617e-05,-0.005031916033617648,0.0012750383020646789,-0.14646877551117837,0.9935897435897436,9.615384615384607e-05,-0.003853031577706815,-0.0024664094590506904,-0.0027137261520214398,-0.0072305952582551675,-0.0075702131411106025,-0.011286671395512683,0.05341880341880342,5.341880341880343e-05,5.341880341880343e-05,-0.005085334837036451,0.04273504273504274,4.273504273504274e-05,4.273504273504274e-05,0.001232303259329636,0.5003561253561254,0.5003561253561254
2015-11-04,-0.00010419202006075916,-0.0002305144473386003,0.12632242727784138,0.00012632242727784136,0.00042220566339957463,-0.0005263976834603337,-0.019652021559481925,0.9872611464968153,0.00012632242727784115,-0.00023051444733860054,0.0006030062997831374,0.0019462635503508985,0.0009205111106060086,0.0011490841092931527,0.0006947698653185275,0.05787604115629597,5.7876041156295975e-05,5.7876041156295975e-05,0.00036432962224327865,0.0684463861215454,6.84463861215454e-05,6.84463861215454e-05,-0.0005948440695818792,0.49893842887473466,0.502476999292286
2015-11-05,-0.003172191443221673,-0.0032854256965833147,0.1132342533616419,0.00011323425336164191,0.00011948901422209176,-0.0032916804574437647,-0.12283677142461581,0.9872611464968153,0.00011323425336164181,-0.0032854256965833147,0.008651031432288389,0.0023059768341746976,-0.0025546519470381794,0.002597311380581484,-0.0009394259517890063,0.04953998584571833,4.9539985845718334e-05,4.9539985845718334e-05,6.994902837637343e-05,0.06369426751592357,6.369426751592357e-05,6.369426751592357e-05,-0.003355374724959688,0.49893842887473466,0.502476999292286
2015-11-06,-0.00014291440356137665,-0.0002596872273405698,0.11677282377919321,0.00011677282377919322,-0.004067060785230853,0.003924146381669476,-0.021940329502976603,0.9872611464968153,0.00011677282377919315,-0.00025968722734056985,-0.008525515291856694,-0.0063625492496469805,-0.009184442064381577,-0.00908828747885149,-0.007682998578725734,0.046001415428167027,4.600141542816703e-05,4.600141542816703e-05,-0.0041130622006590204,0.07077140835102619,7.077140835102619e-05,7.077140835102619e-05,0.0038533749733184503,0.49893842887473466,0.502476999292286
2015-11-09,-0.0018084875224875499,-0.001935876057519397,0.12738853503184713,0.00012738853503184715,0.0003434996636566194,-0.0021519871861441693,-0.08894754304974054,0.9872611464968153,0.00012738853503184715,-0.001935876057519397,0.005035368144124297,0.002761523513032638,-0.0010398623794189777,0.00113333078375506,0.0004660261501369447,0.05661712668082095,5.6617126680820954e-05,5.6617126680820954e-05,0.00028688253697579843,0.07077140835102619,7.077140835102619e-05,7.077140835102619e-05,-0.0022227585944951953,0.49893842887473466,0.502476999292286
2015-11-10,0.0035324980434717334,0.0034157252196925403,0.11677282377919321,0.00011677282377919322,0.0032163668136714063,0.0003161312298003272,0.18638532561214893,0.9872611464968153,0.0001167728237791931,0.0034157252196925403,-0.0014856618985897535,0.0011021105281798752,0.00017697450551363477,0.0030021108495288137,0.008168575017188139,0.06015569709837226,6.015569709837226e-05,6.015569709837226e-05,0.003156211116573034,0.05661712668082095,5.6617126680820954e-05,5.6617126680820954e-05,0.00025951410311950623,0.49893842887473466,0.502476999292286
2015-11-11,-0.001440814149638902,-0.0015363555509127873,0.09554140127388536,9.554140127388536e-05,-0.0009448923167194428,-0.0004959218329194593,-0.07122768741615625,0.9872611464968153,9.55414012738852e-05,-0.0015363555509127875,0.0015887843349099086,-0.00022951067730642816,0.002694749940630044,-0.0006858568411562975,-0.0024977797571337076,0.038924274593064405,3.892427459306441e-05,3.892427459306441e-05,-0.0009838165913125072,0.05661712668082095,5.6617126680820954e-05,5.6617126680820954e-05,-0.0005525389596002802,0.49893842887473466,0.502476999292286
2015-11-12,0.003196719673398945,0.003108255412960162,0.08846426043878274,8.846426043878273e-05,0.0016923704448392112,0.0015043492285597337,0.1496895692400235,0.9872611464968153,8.846426043878286e-05,0.003108255412960162,-0.0046885240430379165,0.0004315040871834327,-0.002794012768143636,0.0018738506230331412,0.00415098838754259,0.038924274593064405,3.892427459306441e-05,3.892427459306441e-05,0.0016534461702461466,0.04953998584571833,4.9539985845718334e-05,4.9539985845718334e-05,0.0014548092427140154,0.49893842887473466,0.502476999292286
2015-11-13,0.0012106727855526922,0.0011222085251139096,0.08846426043878274,8.846426043878273e-05,0.005534594916765787,-0.004323922131213095,0.07388824970043013,0.9872611464968153,8.846426043878264e-05,0.0011222085251139096,0.009131590890922954,0.007541260843471062,0.009088765262826403,0.009122858638756377,0.01207768263251555,0.042462845010615716,4.2462845010615714e-05,4.2462845010615714e-05,0.0054921320717551715,0.046001415428167027,4.600141542816703e-05,4.600141542816703e-05,-0.004369923546641262,0.49893842887473466,0.502476999292286
2015-11-16,0.0005975003402160535,0.0004984203685246168,0.09907997169143666,9.907997169143667e-05,2.883512122955039e-05,0.0005686652189865031,0.007934782089780252,0.9872611464968153,9.90799716914367e-05,0.0004984203685246168,-0.001321740993331417,-0.0007476467344489609,-0.0005627051459632303,-0.0005385875699062548,0.0003559832026070735,0.042462845010615716,4.2462845010615714e-05,4.2462845010615714e-05,-1.3627723781065325e-05,0.05661712668082095,5.6617126680820954e-05,5.6617126680820954e-05,0.0005120480923056822,0.49893842887473466,0.502476999292286
2015-11-17,7.315972717225069e-05,-8.227392431429455e-06,0.08138711960368011,8.138711960368012e-05,0.0016720788010146557,-0.001598919073842405,-0.0061243537168145816,0.9872611464968153,8.138711960368013e-05,-8.227392431429435e-06,0.0029819273845720627,0.003586626143266333,0.0030316108652109056,0.004166897415994009,0.002943460538457694,0.03184713375796178,3.184713375796179e-05,3.184713375796179e-05,0.001640231667256694,0.04953998584571833,4.9539985845718334e-05,4.9539985845718334e-05,-0.0016484590596881233,0.49893842887473466,0.502476999292286
2015-11-18,-0.0011355454003452424,-0.0012027782382787173,0.06723283793347488,6.723283793347488e-05,-0.002437839267436873,0.0013022938670916304,-0.05766958518525591,0.9872611464968153,6.723283793347496e-05,-0.0012027782382787173,-0.0022038019259169035,-0.003375894976127424,-0.0021392171985968804,-0.00340873283676881,-0.005624712060101342,0.035385704175513094,3.5385704175513094e-05,3.5385704175513094e-05,-0.002473224971612386,0.03184713375796178,3.184713375796179e-05,3.184713375796179e-05,0.0012704467333336687,0.49893842887473466,0.502476999292286
2015-11-19,0.0009725311424113989,0.0008982211636428213,0.0743099787685775,7.430997876857751e-05,0.0025134729852618037,-0.0015409418428504046,0.08265120520177402,0.9872611464968153,7.430997876857752e-05,0.0008982211636428213,0.00390057840605468,0.001381174813070845,0.00565239756518264,0.007568980386411537,0.0037719722071664187,0.035385704175513094,3.5385704175513094e-05,3.5385704175513094e-05,0.0024780872810862904,0.038924274593064405,3.892427459306441e-05,3.892427459306441e-05,-0.001579866117443469,0.49893842887473466,0.502476999292286
2015-11-20,0.002365497394642045,0.002301803127126121,0.06369426751592357,6.369426751592357e-05,0.003040343080814746,-0.0006748456861727011,0.19643547670993522,0.9872611464968153,6.36942675159239e-05,0.0023018031271261215,0.0012464154293344112,0.0015383388324603459,-0.0001139662820241004,0.0038946259309815463,0.007193122722150154,0.035385704175513094,3.5385704175513094e-05,3.5385704175513094e-05,0.0030049573766392328,0.028308563340410476,2.8308563340410477e-05,2.8308563340410477e-05,-0.0007031542495131116,0.49893842887473466,0.502476999292286
2015-11-24,-0.0018277632323908954,-0.0018843803590717163,0.05661712668082095,5.6617126680820954e-05,-2.147187688963603e-05,-0.0018062913555012595,-0.12582435419421675,0.9872611464968153,5.661712668082091e-05,-0.0018843803590717163,0.004044841512607699,0.0026850636886579676,0.0021741986483357414,0.00037563176043540195,-0.000252368565419947,0.024769992922859165,2.4769992922859167e-05,2.4769992922859167e-05,-4.6241869812495196e-05,0.03184713375796178,3.184713375796179e-05,3.184713375796179e-05,-0.0018381384892592213,0.49893842887473466,0.502476999292286
2015-11-25,-0.001004976113903206,-0.0010792860926717835,0.0743099787685775,7.430997876857751e-05,-0.001085162221169457,8.018610726625102e-05,-0.06983856645676885,0.9872611464968153,7.430997876857752e-05,-0.0010792860926717835,0.0007351433124691314,-0.0019680682680427667,0.0002433795105042184,-0.0019389526568143632,-0.002292936902470356,0.046001415428167027,4.600141542816703e-05,4.600141542816703e-05,-0.0011311636365976241,0.028308563340410476,2.8308563340410477e-05,2.8308563340410477e-05,5.1877543925840544e-05,0.49893842887473466,0.502476999292286
2015-11-26,0.0008168832428630434,0.0007425732640944659,0.0743099787685775,7.430997876857751e-05,0.00022877726877697824,0.0005881059740860652,0.011582134656055608,0.9872611464968153,7.430997876857752e-05,0.0007425732640944659,-0.002379187473563906,0.0012728523768478523,0.00038552040762441175,-0.0021698300509080796,0.0017727071122239767,0.038924274593064405,3.892427459306441e-05,3.892427459306441e-05,0.00018985299418391383,0.035385704175513094,3.5385704175513094e-05,3.5385704175513094e-05,0.0005527202699105521,0.49893842887473466,0.502476999292286
2015-11-27,0.0037526589720872487,0.003681887563736222,0.07077140835102619,7.077140835102619e-05,0.00431089694503444,-0.0005582379729471915,0.22867086462306713,0.9872611464968153,7.077140835102646e-05,0.0036818875637362226,0.00117396264438558,0.0009836510625158767,0.003903654282073649,0.005009100527548855,0.010455656934807834,0.042462845010615716,4.2462845010615714e-05,4.2462845010615714e-05,0.004268434100023825,0.028308563340410476,2.8308563340410477e-05,2.8308563340410477e-05,-0.000586546536287602,0.49893842887473466,0.502476999292286
2015-11-30,-0.0016759455856531025,-0.0017467169940041287,0.07077140835102619,7.077140835102619e-05,-0.0006891141292431441,-0.0009868314564099585,-0.11429879169511188,0.9872611464968153,7.077140835102624e-05,-0.0017467169940041287,0.0031718995724239803,-0.0004776997829536991,-6.582485981090246e-05,-0.002952879002723075,-0.0005953014871928505,0.035385704175513094,3.5385704175513094e-05,3.5385704175513094e-05,-0.0007244998334186572,0.035385704175513094,3.5385704175513094e-05,3.5385704175513094e-05,-0.0010222171605854715,0.49893842887473466,0.502476999292286
2015-12-01,-0.0004374418004938904,-0.0005046746384273652,0.06723283793347488,6.723283793347488e-05,-0.0015874820337809874,0.001150040233287097,-0.0541284546014408,0.9872611464968153,6.72328379334748e-05,-0.0005046746384273653,-0.0032269799416904383,-0.00039230373332642426,-0.0012094973330778122,-0.004038407642945898,-0.002753375143915423,0.035385704175513094,3.5385704175513094e-05,3.5385704175513094e-05,-0.0016228677379565004,0.03184713375796178,3.184713375796179e-05,3.184713375796179e-05,0.0011181930995291353,0.49893842887473466,0.502476999292286
2015-12-02,-0.0015627413853972396,-0.0016158199416605092,0.05307855626326964,5.307855626326965e-05,-0.004046674851961615,0.002483933466564375,-0.12142222879976321,0.9872611464968153,5.307855626326963e-05,-0.0016158199416605092,-0.005575069381834358,-0.003666553327166563,-0.007733763560012295,-0.0050632424858764605,-0.009634233152427221,0.024769992922859165,2.4769992922859167e-05,2.4769992922859167e-05,-0.0040714448448844745,0.028308563340410476,2.8308563340410477e-05,2.8308563340410477e-05,0.0024556249032239644,0.49893842887473466,0.502476999292286
2015-12-03,0.000536800472069164,0.000480183345388343,0.05661712668082095,5.6617126680820954e-05,0.005748607193767817,-0.005211806721698653,0.062357913179641664,0.9872611464968153,5.661712668082096e-05,0.000480183345388343,0.010415555330270953,0.010284655812261677,0.009204455256167657,0.010908045596169789,0.011828492020625586,0.035385704175513094,3.5385704175513094e-05,3.5385704175513094e-05,0.005713221489592304,0.021231422505307858,2.1231422505307857e-05,2.1231422505307857e-05,-0.005233038144203961,0.49893842887473466,0.502476999292286
2015-12-04,0.0020767800110009075,0.00200247003223233,0.0743099787685775,7.430997876857751e-05,-0.0006123419425204492,0.002689121953521357,0.1493411850076623,0.9872611464968153,7.43099787685773e-05,0.00200247003223233,-0.0062213655368102945,-0.0035939603844288817,-0.0031757293487678865,-0.0004341105776255307,-0.0016238791043391384,0.038924274593064405,3.892427459306441e-05,3.892427459306441e-05,-0.0006512662171135136,0.035385704175513094,3.5385704175513094e-05,3.5385704175513094e-05,0.0026537362493458437,0.49893842887473466,0.502476999292286
2015-12-07,-0.00047144716779830086,-0.0005209871536440192,0.04953998584571833,4.9539985845718334e-05,-0.0013251689767253938,0.000853721808927093,-0.022162918263974755,0.9872611464968153,4.9539985845718293e-05,-0.0005209871536440192,-0.0022487013080375435,-0.0005879821050899964,0.0007143734605223059,-0.0009917795770825327,-0.0034880756670182685,0.021231422505307858,2.1231422505307857e-05,2.1231422505307857e-05,-0.0013464003992307016,0.028308563340410476,2.8308563340410477e-05,2.8308563340410477e-05,0.0008254132455866825,0.49893842887473466,0.502476999292286
2015-12-08,-0.0014154480188872534,-0.0014579108638978692,0.042462845010615716,4.2462845010615714e-05,-0.0015642522152919758,0.00014880419640472237,-0.11069989544892513,0.9872611464968153,4.246284501061579e-05,-0.0014579108638978692,0.0004356799536147544,-0.001775354499944174,-0.005380668059958523,-0.004278541062164879,-0.002563470703401735,0.024769992922859165,2.4769992922859167e-05,2.4769992922859167e-05,-0.001589022208214835,0.017692852087756547,1.7692852087756547e-05,1.7692852087756547e-05,0.00013111134431696583,0.49893842887473466,0.502476999292286
2015-12-09,-0.0025227356230943703,-0.002598964826496196,0.07622920340182573,7.622920340182573e-05,-0.0025295152627828428,6.77963968847263e-06,-0.128499954646794,0.9851694915254238,7.62292034018259e-05,-0.002598964826496196,0.0003021892464934965,-0.0006516589867373958,0.002023350900854689,-0.0024071461415089536,-0.006349714250201898,0.04692354288867301,4.6923542888673006e-05,4.6923542888673006e-05,-0.002576438805671516,0.02930566051315272,2.930566051315272e-05,2.930566051315272e-05,-2.252602082468009e-05,0.501412429378531,0.501412429378531
2015-12-10,0.0021290382674165357,0.0020725410922752927,0.05649717514124294,5.649717514124294e-05,-0.0006939441774481894,0.0028229824448647253,0.12954379448791456,0.9851694915254238,5.649717514124306e-05,0.0020725410922752927,-0.005056631732846413,-0.0067891194418144875,-0.006048838733943227,-0.0027440513853215776,-0.0007111007994022431,0.02824858757062147,2.824858757062147e-05,2.824858757062147e-05,-0.0007221927650188109,0.02824858757062147,2.824858757062147e-05,2.824858757062147e-05,0.002794733857294104,0.501412429378531,0.501412429378531
2015-12-11,0.002139525939954972,0.0020689044710284184,0.07062146892655367,7.062146892655367e-05,0.005775738346597927,-0.003636212406642955,0.1511149727642063,0.9851694915254238,7.062146892655372e-05,0.0020689044710284184,0.006206617798821963,0.009364822610068052,0.010436196890034739,0.01115356856843641,0.01169969870568444,0.03531073446327684,3.531073446327684e-05,3.531073446327684e-05,0.0057404276121346505,0.03531073446327684,3.531073446327684e-05,3.531073446327684e-05,-0.003671523141106232,0.501412429378531,0.501412429378531
2015-12-14,-0.0008152562922407252,-0.000907064201845245,0.09180790960451977,9.180790960451977e-05,0.003701745751721042,-0.004517002043961767,-0.010540085073066401,0.9851694915254238,9.180790960451981e-05,-0.000907064201845245,0.010261739883758112,0.006475525316871315,0.006532967862977585,0.007230261761364503,0.007458022043192289,0.05296610169491525,5.296610169491525e-05,5.296610169491525e-05,0.0036487796500261267,0.03884180790960452,3.884180790960452e-05,3.884180790960452e-05,-0.004555843851871372,0.501412429378531,0.501412429378531
2015-12-15,-0.0012140934129376889,-0.0012953081022032255,0.08121468926553672,8.121468926553672e-05,-0.004023587386405183,0.0028094939734674943,-0.05846386304286594,0.9851694915254238,8.12146892655366e-05,-0.0012953081022032257,-0.006432040601727454,-0.003927762470678432,-0.005545569201845937,-0.004791754614486787,-0.009623868220516515,0.05296610169491525,5.296610169491525e-05,5.296610169491525e-05,-0.004076553488100099,0.02824858757062147,2.824858757062147e-05,2.824858757062147e-05,0.002781245385896873,0.501412429378531,0.501412429378531
2015-12-16,0.001059866521700327,0.0010104314934517393,0.04943502824858757,4.943502824858757e-05,-0.0020094286506127062,0.003069295172313033,0.06194896685314963,0.9872881355932204,4.943502824858773e-05,0.0010104314934517395,-0.0067094441869001995,-0.004932493511564511,-0.003752846054495037,-0.003023074123233995,-0.0044945864217002165,0.024717514124293787,2.4717514124293784e-05,2.4717514124293784e-05,-0.002034146164737,0.024717514124293787,2.4717514124293784e-05,2.4717514124293784e-05,0.003044577658188739,0.501412429378531,0.501412429378531
2015-12-17,0.0017217420345340877,0.0016546516390538617,0.067090395480226,6.709039548022598e-05,0.00019901030973579152,0.0015227317247982963,0.1373765875781653,0.9872881355932204,6.709039548022594e-05,0.0016546516390538617,-0.003932877014015349,-0.0012258363432216877,0.0020685039721359084,-0.00020103379511820008,0.0006927190325024375,0.0423728813559322,4.23728813559322e-05,4.23728813559322e-05,0.0001566374283798593,0.024717514124293787,2.4717514124293784e-05,2.4717514124293784e-05,0.0014980142106740025,0.501412429378531,0.501412429378531
2015-12-18,-0.0008613255891614348,-0.00091429169085635,0.05296610169491525,5.296610169491525e-05,0.0008574222130366142,-0.0017187478021980492,-0.054984419566214394,0.9872881355932204,5.296610169491518e-05,-0.0009142916908563501,0.004211219810603113,0.0018443296930891863,0.0005812132804653316,0.0020023723158450633,0.0015653733882868548,0.03177966101694915,3.177966101694915e-05,3.177966101694915e-05,0.000825642552019665,0.0211864406779661,2.11864406779661e-05,2.11864406779661e-05,-0.0017399342428760154,0.501412429378531,0.501412429378531
2015-12-21,0.002495130305474482,0.002431570983440584,0.0635593220338983,6.35593220338983e-05,0.002542314662754496,-4.718435728001406e-05,0.11487826924519313,0.9872881355932204,6.355932203389817e-05,0.002431570983440584,-0.0019568629976159982,0.004239672228834465,0.0011463146446714068,0.0031288326844693018,0.006030825013915959,0.02824858757062147,2.824858757062147e-05,2.824858757062147e-05,0.002514066075183875,0.03531073446327684,3.531073446327684e-05,3.531073446327684e-05,-8.249509174329089e-05,0.501412429378531,0.501412429378531
2015-12-22,-0.004940855662136524,-0.005007946057616749,0.067090395480226,6.709039548022598e-05,-0.004354418352043026,-0.0005864373100934967,-0.2994415590691287,0.9872881355932204,6.709039548022551e-05,-0.00500794605761675,0.0024491556293415335,-0.0014168242248716468,-0.003246721485074674,-0.007179475786604105,-0.009428799108717812,0.03531073446327684,3.531073446327684e-05,3.531073446327684e-05,-0.004389729086506303,0.03177966101694915,3.177966101694915e-05,3.177966101694915e-05,-0.0006182169711104458,0.501412429378531,0.501412429378531
2015-12-24,0.004688675506641471,0.004628647258053901,0.06002824858757062,6.002824858757062e-05,0.0031504089287844165,0.0015382665778570545,0.24183293849856854,0.9872881355932204,6.0028248587569964e-05,0.0046286472580539,-0.002764074707816982,-0.0036819148426915863,-3.685274806413453e-05,0.003121100568061734,0.007847411388766792,0.03884180790960452,3.884180790960452e-05,3.884180790960452e-05,0.003111567120874812,0.0211864406779661,2.11864406779661e-05,2.11864406779661e-05,0.0015170801371790883,0.501412429378531,0.501412429378531
2015-12-25,-0.0035973327501157876,-0.003650298851810703,0.05296610169491525,5.296610169491525e-05,-0.0015642196976721374,-0.00203311305244365,-0.23692261900703232,0.9872881355932204,5.2966101694915287e-05,-0.003650298851810703,0.005009483769161229,0.002125035284717552,0.0018442811980197609,-0.0004883150700608818,-0.004421433790398821,0.01765536723163842,1.765536723163842e-05,1.765536723163842e-05,-0.0015818750649037759,0.03531073446327684,3.531073446327684e-05,3.531073446327684e-05,-0.002068423786906927,0.501412429378531,0.501412429378531
2015-12-28,0.0017602079003281627,0.0016789932110626259,0.08121468926553672,8.121468926553672e-05,0.0018753569449579985,-0.00011514904462983587,0.1098888543348766,0.9872881355932204,8.121468926553682e-05,0.0016789932110626259,0.00024881429437293833,0.0001909117334838379,0.0024378047576698756,0.0019391500927671823,0.004631168762653132,0.04590395480225989,4.5903954802259884e-05,4.5903954802259884e-05,0.0018294529901557385,0.03531073446327684,3.531073446327684e-05,3.531073446327684e-05,-0.0001504597790931127,0.501412429378531,0.501412429378531
2015-12-29,0.0016229050258721788,0.0015416903366066422,0.08121468926553672,8.121468926553672e-05,-0.0004238655934288167,0.0020467706193009957,0.07268175270467496,0.9872881355932204,8.12146892655366e-05,0.001541690336606642,-0.003787812483545821,-0.004676664967004019,-0.002531967453250836,-0.000991220324149436,-0.000773172429726499,0.03884180790960452,3.884180790960452e-05,3.884180790960452e-05,-0.00046270740133842124,0.0423728813559322,4.23728813559322e-05,4.23728813559322e-05,0.0020043977379450633,0.501412429378531,0.501412429378531
2015-12-30,-0.002458378389482919,-0.002546655225641111,0.0882768361581921,8.827683615819209e-05,-0.0013409636247543725,-0.0011174147647285463,-0.2129725973506592,0.9872881355932204,8.827683615819214e-05,-0.002546655225641111,0.00237232008257637,0.0019379032665184934,0.0014299904000419272,-0.0018542304991780144,-0.0030801270007270697,0.0423728813559322,4.23728813559322e-05,4.23728813559322e-05,-0.0013833365061103047,0.04590395480225989,4.5903954802259884e-05,4.5903954802259884e-05,-0.0011633187195308062,0.501412429378531,0.501412429378531
2016-01-04,-0.0016755307704278486,-0.0017461522393544021,0.07062146892655367,7.062146892655367e-05,0.0011748457788499718,-0.0028503765492778202,-0.1116160279098917,0.9872881355932204,7.06214689265535e-05,-0.0017461522393544023,0.005393984502863775,0.0062723002336897895,0.001312408725016786,0.002779356375052761,0.0021272271046613913,0.03177966101694915,3.177966101694915e-05,3.177966101694915e-05,0.0011430661178330227,0.03884180790960452,3.884180790960452e-05,3.884180790960452e-05,-0.002889218357187425,0.501412429378531,0.501412429378531
2016-01-05,0.0016250680787235233,0.001561508756689625,0.0635593220338983,6.35593220338983e-05,0.00031712999281339815,0.0013079380859101252,0.0709843436725592,0.9872881355932204,6.355932203389817e-05,0.0015615087566896249,-0.0026997375102319533,-0.0024241064352704656,-0.0016625275174765102,-0.0009172294514975586,0.0013991684019488383,0.03177966101694915,3.177966101694915e-05,3.177966101694915e-05,0.000285350331796449,0.03177966101694915,3.177966101694915e-05,3.177966101694915e-05,0.001276158424893176,0.501412429378531,0.501412429378531
2016-01-06,-0.0010457382469241554,-0.0010951732751727432,0.04943502824858757,4.943502824858757e-05,-0.0010934857521087058,4.7747505184550336e-05,-0.04656283268324686,0.9872881355932204,4.943502824858773e-05,-0.001095173275172743,0.0010727111876708342,-0.002455950133978595,-0.0027090610060505494,-0.0014168241906356964,-0.0025587834530242924,0.03177966101694915,3.177966101694915e-05,3.177966101694915e-05,-0.0011252654131256549,0.01765536723163842,1.765536723163842e-05,1.765536723163842e-05,3.0092137952911917e-05,0.501412429378531,0.501412429378531
2016-01-07,0.0011088243570630723,0.0010205475209048801,0.0882768361581921,8.827683615819209e-05,0.0005651351765525599,0.0005436891805105124,0.036715630920853885,0.9872881355932204,8.827683615819214e-05,0.0010205475209048801,-0.001212566214210831,-0.0008250847993733661,0.00026828064702775963,-5.160337657111535e-05,0.001710227796826604,0.0423728813559322,4.23728813559322e-05,4.23728813559322e-05,0.0005227622951966277,0.04590395480225989,4.5903954802259884e-05,4.5903954802259884e-05,0.0004977852257082526,0.501412429378531,0.501412429378531
2016-01-08,0.0011248849889570088,0.0010613256669231106,0.0635593220338983,6.35593220338983e-05,0.004817344044592479,-0.00369245905563547,0.02978974196453691,0.9872881355932204,6.355932203389817e-05,0.0010613256669231104,0.007265294637635598,0.007563859871927305,0.00857158305320705,0.009239352254795335,0.009789708183717992,0.03531073446327684,3.531073446327684e-05,3.531073446327684e-05,0.0047820333101292025,0.02824858757062147,2.824858757062147e-05,2.824858757062147e-05,-0.0037207076432060914,0.501412429378531,0.501412429378531
2016-01-12,0.0007635012361994041,0.0006964108407191781,0.067090395480226,6.709039548022598e-05,-0.0058306181455425035,0.006594119381741907,0.052250113469908314,0.9872881355932204,6.709039548022594e-05,0.0006964108407191781,-0.01317932463602402,-0.013094016350787791,-0.013110057106138063,-0.011518445119018944,-0.011682780402355228,0.03177966101694915,3.177966101694915e-05,3.177966101694915e-05,-0.005862397806559453,0.03531073446327684,3.531073446327684e-05,3.531073446327684e-05,0.00655880864727863,0.501412429378531,0.501412429378531
2016-01-13,-0.0015211024201069235,-0.0016235035500504263,0.10240112994350282,0.00010240112994350283,0.0066948237199018126,-0.008215926140008736,-0.11651650494301899,0.9872881355932204,0.0001024011299435028,-0.0016235035500504263,0.01686077534396324,0.015425034578169499,0.016981236067885864,0.013386991805092414,0.01333458381723,0.04943502824858757,4.943502824858757e-05,4.943502824858757e-05,0.006645388691653225,0.05296610169491525,5.296610169491525e-05,5.296610169491525e-05,-0.00826889224170365,0.501412429378531,0.501412429378531
2016-01-14,0.0015146629396982077,0.0014299171769863433,0.0847457627118644,8.47457627118644e-05,-0.006449013789230983,0.00796367672892919,0.08734677856632735,0.9872881355932204,8.474576271186437e-05,0.0014299171769863433,-0.015402443875428983,-0.016852788967382838,-0.013854825586450605,-0.011375209072579693,-0.013597114512620724,0.03884180790960452,3.884180790960452e-05,3.884180790960452e-05,-0.006487855597140587,0.04590395480225989,4.5903954802259884e-05,4.5903954802259884e-05,0.007917772774126931,0.501412429378531,0.501412429378531
2016-01-15,0.0008053174008666859,0.0007311648584938048,0.07415254237288135,7.415254237288135e-05,0.005446114148467568,-0.004640796747600882,0.06624502207289883,0.9872881355932204,7.415254237288116e-05,0.0007311648584938046,0.009691983328768956,0.008373089844415302,0.01028711367811887,0.008713201904857117,0.01192441091913401,0.02824858757062147,2.824858757062147e-05,2.824858757062147e-05,0.005417865560896947,0.04590395480225989,4.5903954802259884e-05,4.5903954802259884e-05,-0.004686700702403142,0.501412429378531,0.501412429378531
2016-01-18,-0.0010643022603093683,-0.0011278615823432665,0.0635593220338983,6.35593220338983e-05,0.0011931532281255746,-0.002257455488434943,-0.07158781681524727,0.9872881355932204,6.355932203389817e-05,-0.0011278615823432667,0.0055175279561253,0.0024499199679334544,0.003936861357961206,0.003046591927678741,0.0020495913010974936,0.02824858757062147,2.824858757062147e-05,2.824858757062147e-05,0.001164904640554953,0.03531073446327684,3.531073446327684e-05,3.531073446327684e-05,-0.0022927662228982197,0.501412429378531,0.501412429378531
2016-01-19,0.0014231595162697392,0.001359600194235841,0.0635593220338983,6.35593220338983e-05,-0.0006013466427576542,0.0020245061590273934,0.11121082694141751,0.9872881355932204,6.355932203389817e-05,0.0013596001942358408,-0.0059358157553191454,-0.00020080101023912893,-0.0014879306061887005,-0.0007544608930166388,-0.0014193863921809014,0.03177966101694915,3.177966101694915e-05,3.177966101694915e-05,-0.0006331263037746034,0.03177966101694915,3.177966101694915e-05,3.177966101694915e-05,0.0019927264980104443,0.501412429378531,0.501412429378531
2016-01-20,-0.001693458600000112,-0.0017534868485876826,0.06002824858757062,6.002824858757062e-05,0.006541122403755225,-0.008234581003755338,-0.08153498475160095,0.9872881355932204,6.0028248587570615e-05,-0.0017534868485876826,0.016830585457856737,0.015598462165257908,0.01581217705079702,0.012439745931735555,0.013345029536335883,0.0211864406779661,2.11864406779661e-05,2.11864406779661e-05,0.00651993596307726,0.03884180790960452,3.884180790960452e-05,3.884180790960452e-05,-0.008273422811664943,0.501412429378531,0.501412429378531
2016-01-21,-0.0003570832367786031,-0.0004100493384735183,0.05296610169491525,5.296610169491525e-05,-0.00332544874982426,0.002968365513045657,-0.027284421256034065,0.9872881355932204,5.296610169491523e-05,-0.0004100493384735183,-0.004661930541901771,-0.008462930038592805,-0.006941019045681381,-0.006357660895222188,-0.006767968672366184,0.024717514124293787,2.4717514124293784e-05,2.4717514124293784e-05,-0.003350166263948554,0.02824858757062147,2.824858757062147e-05,2.824858757062147e-05,0.0029401169254750356,0.501412429378531,0.501412429378531
2016-01-22,0.00505123894244245,0.004994741767301207,0.05649717514124294,5.649717514124294e-05,-0.0021603229360976388,0.007211561878540089,0.2915639162430506,0.9872881355932204,5.6497175141242625e-05,0.004994741767301207,-0.01579782765227526,-0.011521716958221358,-0.011699100502790282,-0.008217535526257877,-0.0023745187975655903,0.03177966101694915,3.177966101694915e-05,3.177966101694915e-05,-0.002192102597114588,0.024717514124293787,2.4717514124293784e-05,2.4717514124293784e-05,0.007186844364415795,0.501412429378531,0.501412429378531
2016-01-25,0.0028004623703690537,0.0027333719748888277,0.067090395480226,6.709039548022598e-05,0.008320931181783498,-0.005520468811414444,0.19593020273982026,0.9872881355932204,6.709039548022594e-05,0.0027333719748888277,0.010332629771478223,0.012378658278768925,0.014231830390346884,0.013801091493562697,0.017977225373512,0.03531073446327684,3.531073446327684e-05,3.531073446327684e-05,0.008285620447320221,0.03177966101694915,3.177966101694915e-05,3.177966101694915e-05,-0.0055522484724313936,0.501412429378531,0.501412429378531
2016-01-26,-0.001394240970738873,-0.0014436759989874604,0.04943502824858757,4.943502824858757e-05,-0.005884715930181564,0.0044904749594426915,-0.10506747272052962,0.9872881355932204,4.9435028248587514e-05,-0.0014436759989874604,-0.008985324036603124,-0.00889567500078454,-0.011404034306084426,-0.012178700875283171,-0.011517395897780105,0.024717514124293787,2.4717514124293784e-05,2.4717514124293784e-05,-0.005909433444305858,0.024717514124293787,2.4717514124293784e-05,2.4717514124293784e-05,0.0044657574453183975,0.501412429378531,0.501412429378531
2016-01-27,0.007405743914812984,0.007352777813118069,0.05296610169491525,5.296610169491525e-05,0.006880513303354577,0.0005252306114584076,0.29501529879717453,0.9872881355932204,5.2966101694915287e-05,0.007352777813118069,-0.00251185942793745,0.001912368861468867,0.004055940650827679,0.011914885470555926,0.014616439477830397,0.01765536723163842,1.765536723163842e-05,1.765536723163842e-05,0.006862857936122939,0.03531073446327684,3.531073446327684e-05,3.531073446327684e-05,0.0004899198769951307,0.501412429378531,0.501412429378531
2016-01-28,-0.008391936937603093,-0.008448434112744336,0.05649717514124294,5.649717514124294e-05,-0.00048276797034210283,-0.007909168967260991,-0.20553964391052731,0.9872881355932204,5.6497175141242625e-05,-0.008448434112744336,0.02623219125323392,-0.005365564202742759,0.010654759995776496,0.005337110147928027,-0.004079621748984219,0.03177966101694915,3.177966101694915e-05,3.177966101694915e-05,-0.000514547631359052,0.024717514124293787,2.4717514124293784e-05,2.4717514124293784e-05,-0.007933886481385285,0.501412429378531,0.501412429378531
2016-01-29,0.007731057885603404,0.007660436416676851,0.07062146892655367,7.062146892655367e-05,0.0027607528689648927,0.004970305016638512,0.24501667733427093,0.9872881355932204,7.062146892655372e-05,0.007660436416676851,-0.0088534704868758,-0.012053418818272885,-0.007414647241614192,-0.004356089302443508,0.010385067470586342,0.03884180790960452,3.884180790960452e-05,3.884180790960452e-05,0.002721911061055288,0.03177966101694915,3.177966101694915e-05,3.177966101694915e-05,0.004938525355621563,0.501412429378531,0.501412429378531
2016-02-01,0.008920489578462143,0.008856930256428246,0.0635593220338983,6.35593220338983e-05,0.0005606260979531189,0.008359863480509025,0.3250432163968242,0.9872881355932204,6.35593220338973e-05,0.008856930256428244,-0.020088194556774387,-0.009768826697587003,-0.00453664935427163,0.0015132075437458727,0.0009226163829922868,0.024717514124293787,2.4717514124293784e-05,2.4717514124293784e-05,0.0005359085838288251,0.03884180790960452,3.884180790960452e-05,3.884180790960452e-05,0.00832102167259942,0.501412429378531,0.501412429378531
2016-02-02,0.006477666204825363,0.00637526507488186,0.10240112994350282,0.00010240112994350283,0.0063079160146087285,0.0001697501902166339,0.2808451232842031,0.9872881355932204,0.00010240112994350323,0.00637526507488186,-0.004429602899924677,0.007930617481350927,0.007960376611535638,0.008703595094263179,0.014498240483229712,0.0423728813559322,4.23728813559322e-05,4.23728813559322e-05,0.006265543133252796,0.06002824858757062,6.002824858757062e-05,6.002824858757062e-05,0.00010972194162906329,0.501412429378531,0.501412429378531
2016-02-03,-0.008176545346793407,-0.008286008623629566,0.1094632768361582,0.0001094632768361582,-0.006447892988434972,-0.0017286523583584352,-0.3359807965335573,0.9872881355932204,0.00010946327683615878,-0.008286008623629566,0.006267900662187063,-0.002253110957886428,-0.003444950054295713,-0.006353688178008148,-0.01607810473640422,0.04943502824858757,4.943502824858757e-05,4.943502824858757e-05,-0.00649732801668356,0.06002824858757062,6.002824858757062e-05,6.002824858757062e-05,-0.0017886806069460058,0.501412429378531,0.501412429378531
2016-02-04,-0.0013422424597568467,-0.0014375814428076942,0.09533898305084745,9.533898305084746e-05,-0.0007230859921729983,-0.0006191564675838485,-0.064047070667962,0.9872881355932204,9.533898305084747e-05,-0.0014375814428076942,0.0007321780340718109,0.002250812731551571,-0.0033198795917344023,0.0007843720619907616,-0.002543615156810094,0.03884180790960452,3.884180790960452e-05,3.884180790960452e-05,-0.0007619278000826028,0.05649717514124294,5.649717514124294e-05,5.649717514124294e-05,-0.0006756536427250915,0.501412429378531,0.501412429378531
2016-02-05,0.0018543197386869188,0.0017625118290823991,0.09180790960451977,9.180790960451977e-05,-0.0019280502544807925,0.0037823699931677115,0.09121937090681949,0.9872881355932204,9.18079096045197e-05,0.0017625118290823991,-0.009812205517185443,-0.002957609743244229,-0.004906900635134855,-0.003803473338914436,-0.0038659008962103362,0.03531073446327684,3.531073446327684e-05,3.531073446327684e-05,-0.0019633609889440694,0.05649717514124294,5.649717514124294e-05,5.649717514124294e-05,0.0037258728180264685,0.501412429378531,0.501412429378531
2016-02-08,0.005188349568640748,0.005089479512143573,0.09887005649717515,9.887005649717514e-05,0.009572015896792118,-0.004383666328151369,0.20537113627921275,0.9872881355932204,9.887005649717503e-05,0.005089479512143573,0.007092044141655965,0.012078938525003215,0.014999322498879432,0.017069225406300063,0.020089908503951842,0.04590395480225989,4.5903954802259884e-05,4.5903954802259884e-05,0.009526111941989858,0.05296610169491525,5.296610169491525e-05,5.296610169491525e-05,-0.004436632429846285,0.501412429378531,0.501412429378531
2016-02-09,-0.0014500633316303342,-0.0015383401677885261,0.0882768361581921,8.827683615819209e-05,-0.010309382991859784,0.00885931966022945,-0.04212400252464987,0.9872881355932204,8.827683615819193e-05,-0.0015383401677885264,-0.018020781318297402,-0.01695712984124951,-0.02188463843950683,-0.02060426181969841,-0.020539125871251215,0.03177966101694915,3.177966101694915e-05,3.177966101694915e-05,-0.010341162652876733,0.05649717514124294,5.649717514124294e-05,5.649717514124294e-05,0.008802822485088208,0.501412429378531,0.501412429378531
2016-02-10,-0.008134806552827832,-0.008216021242093368,0.08121468926553672,8.121468926553672e-05,0.018276949282135708,-0.02641175583496354,-0.16153567253785123,0.9872881355932204,8.12146892655366e-05,-0.008216021242093368,0.057485687925759,0.042950402117331275,0.032992510157971305,0.03487365331893249,0.03723126663906322,0.0423728813559322,4.23728813559322e-05,4.23728813559322e-05,0.018234576400779776,0.03884180790960452,3.884180790960452e-05,3.884180790960452e-05,-0.026450597642873146,0.501412429378531,0.501412429378531
2016-02-12,0.0026322581596146476,0.002543981323456456,0.0882768361581921,8.827683615819209e-05,-0.01344480664656086,0.01607706480617551,0.0933098853561117,0.9872881355932204,8.827683615819171e-05,0.0025439813234564555,-0.0345630852248719,-0.027011311845661152,-0.023242284222853616,-0.02538798630886299,-0.027519304060941847,0.0423728813559322,4.23728813559322e-05,4.23728813559322e-05,-0.013487179527916792,0.04590395480225989,4.5903954802259884e-05,4.5903954802259884e-05,0.01603116085137325,0.501412429378531,0.501412429378531
2016-02-15,-0.01032249214161749,-0.010389582537097717,0.067090395480226,6.709039548022598e-05,-0.0031700717315161957,-0.0071524204101012945,-0.4062852397809638,0.9872881355932204,6.709039548022724e-05,-0.010389582537097715,0.016592283779701966,0.009559542575936166,-0.0028918174096287763,-0.006369475957847836,-0.006298936256279351,0.03531073446327684,3.531073446327684e-05,3.531073446327684e-05,-0.0032053824659794726,0.03177966101694915,3.177966101694915e-05,3.177966101694915e-05,-0.007184200071118244,0.501412429378531,0.501412429378531
2016-02-16,-0.0027610964327902956,-0.002831717901716849,0.07062146892655367,7.062146892655367e-05,0.006120987077862356,-0.008882083510652651,-0.11750667997572589,0.9872881355932204,7.062146892655328e-05,-0.0028317179017168493,0.02085873558828396,0.011358003602762859,0.009893162730223101,0.011612732930741226,0.012501737817955594,0.03884180790960452,3.884180790960452e-05,3.884180790960452e-05,0.006082145269952752,0.03177966101694915,3.177966101694915e-05,3.177966101694915e-05,-0.0089138631716696,0.501412429378531,0.501412429378531
2016-02-17,-0.0020514049325854435,-0.0021149642546193417,0.0635593220338983,6.35593220338983e-05,-0.007342215075703526,0.0052908101431180824,-0.12070251436272601,0.9872881355932204,6.355932203389817e-05,-0.0021149642546193417,-0.009600040740812683,-0.012475607705400769,-0.007806686902100821,-0.015351836119801104,-0.014292410650616703,0.02824858757062147,2.824858757062147e-05,2.824858757062147e-05,-0.007370463663274147,0.03531073446327684,3.531073446327684e-05,3.531073446327684e-05,0.005255499408654806,0.501412429378531,0.501412429378531
2016-02-18,0.007663662789042756,0.007568323805991909,0.09533898305084745,9.533898305084746e-05,0.004099873578093327,0.0035637892109494293,0.36892018448087405,0.9872881355932204,9.533898305084769e-05,0.007568323805991909,-0.009743732218670288,-0.0017789477397276798,0.0001276182940814627,0.0047253566324414655,0.009884130900960856,0.05649717514124294,5.649717514124294e-05,5.649717514124294e-05,0.0040433764029520845,0.03884180790960452,3.884180790960452e-05,3.884180790960452e-05,0.0035249474030398247,0.501412429378531,0.501412429378531
2016-02-19,0.0061428593202239685,0.006072237851297415,0.07062146892655367,7.062146892655367e-05,0.009065720070307728,-0.002922860750083759,0.3209104511195945,0.9872881355932204,7.062146892655372e-05,0.006072237851297415,0.0051770456412388016,0.007147549542681583,0.01168920853927037,0.014694600438848116,0.0197554284556346,0.03531073446327684,3.531073446327684e-05,3.531073446327684e-05,0.00903040933584445,0.03531073446327684,3.531073446327684e-05,3.531073446327684e-05,-0.002958171484547036,0.501412429378531,0.501412429378531
2016-02-22,-0.0027645595816357727,-0.0028351810505623264,0.07062146892655367,7.062146892655367e-05,-0.0053747745949509155,0.0026102150133151428,-0.15789199493882963,0.9915254237288136,7.062146892655372e-05,-0.0028351810505623264,-0.0036885123835858164,-0.008272430113408422,-0.010106168794908915,-0.011956607826515262,-0.010107111552040863,0.02824858757062147,2.824858757062147e-05,2.824858757062147e-05,-0.005403023182521537,0.0423728813559322,4.23728813559322e-05,4.23728813559322e-05,0.0025678421319592104,0.501412429378531,0.501412429378531
2016-02-23,-0.0004405620735436559,-0.0005111835424702094,0.07062146892655367,7.062146892655367e-05,0.0034130174093499124,-0.0038535794828935682,-0.031167904643184814,0.9915254237288136,7.06214689265535e-05,-0.0005111835424702096,0.005690385545162193,0.011718023037554258,0.011536597304255835,0.005043305336564215,0.007679275573782916,0.03884180790960452,3.884180790960452e-05,3.884180790960452e-05,0.003374175601440308,0.03177966101694915,3.177966101694915e-05,3.177966101694915e-05,-0.0038853591439105173,0.501412429378531,0.501412429378531
2016-02-24,-0.0012953124887209976,-0.0013376853700769297,0.0423728813559322,4.23728813559322e-05,0.0003247316719414372,-0.001620044160662435,-0.001867735219440755,0.9915254237288136,4.2372881355932186e-05,-0.0013376853700769297,0.003676406713218636,0.0023305929477410873,0.0030817566523387006,0.0016083504622212,0.00017233197652019624,0.02824858757062147,2.824858757062147e-05,2.824858757062147e-05,0.00029648308437081573,0.014124293785310734,1.4124293785310734e-05,1.4124293785310734e-05,-0.0016341684544477456,0.501412429378531,0.501412429378531
2016-02-25,-0.001287015607369785,-0.0013364506356183725,0.04943502824858757,4.943502824858757e-05,-0.0005370163066700956,-0.0007499993006996893,-0.040644840442918335,0.9915254237288136,4.9435028248587514e-05,-0.0013364506356183725,0.0034725802500157905,-0.002499900463688257,0.002555641569907546,-0.0021496712076698957,-0.0005373523293524844,0.02824858757062147,2.824858757062147e-05,2.824858757062147e-05,-0.0005652648942407171,0.0211864406779661,2.11864406779661e-05,2.11864406779661e-05,-0.0007711857413776554,0.501412429378531,0.501412429378531
2016-02-26,-0.0031834220185729834,-0.0032399191937142265,0.05649717514124294,5.649717514124294e-05,-0.004374477194954343,0.0011910551763813595,-0.16397062197900905,0.9915254237288136,5.649717514124306e-05,-0.0032399191937142265,-0.0016179743950368248,-0.003906367200483036,-0.006132510363513047,-0.008972495551714846,-0.008601522638741812,0.03884180790960452,3.884180790960452e-05,3.884180790960452e-05,-0.0044133190028639475,0.01765536723163842,1.765536723163842e-05,1.765536723163842e-05,0.001173399809149721,0.501412429378531,0.501412429378531
2016-02-29,0.00038449726428550627,0.00033506223603691875,0.04943502824858757,4.943502824858757e-05,0.005880403280656305,-0.005495906016370799,-0.0009739055591405065,0.9915254237288136,4.9435028248587514e-05,0.0003350622360369187,0.009959247098170247,0.012985364032128442,0.012191171661010839,0.015327304611832628,0.00994680939290244,0.03177966101694915,3.177966101694915e-05,3.177966101694915e-05,0.005848623619639355,0.01765536723163842,1.765536723163842e-05,1.765536723163842e-05,-0.005513561383602437,0.501412429378531,0.501412429378531
2016-03-01,-0.004446964268846006,-0.004492868223648265,0.04590395480225989,4.5903954802259884e-05,-0.008318617458500068,0.003871653189654062,-0.23732459397773206,0.9915254237288136,4.590395480225974e-05,-0.004492868223648265,-0.006840119620564898,-0.009502996156518406,-0.01089096627905075,-0.014742186868973427,-0.01750473348847861,0.024717514124293787,2.4717514124293784e-05,2.4717514124293784e-05,-0.008343334972624362,0.0211864406779661,2.11864406779661e-05,2.11864406779661e-05,0.003850466748976096,0.501412429378531,0.501412429378531
2016-03-02,-0.009109076153638361,-0.009154980108440621,0.04590395480225989,4.5903954802259884e-05,-0.0040241199744120775,-0.005084956179226285,-0.4416466789106336,0.9915254237288136,4.590395480225974e-05,-0.009154980108440621,0.014494077899391087,0.0013430253088240528,-0.0009376683905527257,-0.006692069846185046,-0.008685299936661086,0.01765536723163842,1.765536723163842e-05,1.765536723163842e-05,-0.004041775341643716,0.02824858757062147,2.824858757062147e-05,2.824858757062147e-05,-0.005113204766796906,0.501412429378531,0.501412429378531
2016-03-03,-0.0071949143099490145,-0.00724788041164393,0.05296610169491525,5.296610169491525e-05,-0.001000586729560548,-0.006194327580388467,-0.3010534195218506,0.9915254237288136,5.2966101694915287e-05,-0.00724788041164393,0.014467391153177857,0.008081519387534408,0.005395665587790824,-0.00020417923490096256,-0.0028817867133810733,0.024717514124293787,2.4717514124293784e-05,2.4717514124293784e-05,-0.0010253042436848417,0.02824858757062147,2.824858757062147e-05,2.824858757062147e-05,-0.006222576167959088,0.501412429378531,0.501412429378531
2016-03-04,-0.002650116137541561,-0.0026889579454511658,0.03884180790960452,3.884180790960452e-05,-0.002141486748331336,-0.0005086293892102256,-0.16001868905919825,0.9915254237288136,3.884180790960463e-05,-0.0026889579454511658,0.0013779674597989339,0.0002795092413497272,-0.001799999765729426,-0.004597672728349124,-0.004109246619947636,0.0211864406779661,2.11864406779661e-05,2.11864406779661e-05,-0.002162673189009302,0.01765536723163842,1.765536723163842e-05,1.765536723163842e-05,-0.000526284756441864,0.501412429378531,0.501412429378531
2016-03-07,0.004957464194195472,0.00491509131283954,0.0423728813559322,4.23728813559322e-05,-0.0003861417908052096,0.005343605985000681,0.26188389556604474,0.9915254237288136,4.23728813559324e-05,0.00491509131283954,-0.013638307534701046,-0.0046312765777785855,-0.003944747273944056,-0.0005677379936566135,-0.0008702280995176267,0.0211864406779661,2.11864406779661e-05,2.11864406779661e-05,-0.0004073282314831757,0.0211864406779661,2.11864406779661e-05,2.11864406779661e-05,0.0053224195443227155,0.501412429378531,0.501412429378531
2016-03-08,0.0012386723270235613,0.0011821751518823185,0.05649717514124294,5.649717514124294e-05,0.003639483117373471,-0.00240081079034991,0.06795083901747387,0.9915254237288136,5.649717514124284e-05,0.0011821751518823185,0.0036332045199112817,0.007122450775223887,0.004968549114729702,0.004010291524506951,0.008865451759877265,0.03177966101694915,3.177966101694915e-05,3.177966101694915e-05,0.003607703456356522,0.024717514124293787,2.4717514124293784e-05,2.4717514124293784e-05,-0.002425528304474204,0.501412429378531,0.501412429378531
2016-03-09,0.0007180745933540531,0.0006651084916591379,0.05296610169491525,5.296610169491525e-05,-0.003273529158640773,0.0039916037519948265,0.009875090963411468,0.9915254237288136,5.2966101694915287e-05,0.0006651084916591379,-0.009765606127502713,-0.004312544690471854,-0.00732784431479759,-0.00829755723953346,-0.0056534554470420465,0.024717514124293787,2.4717514124293784e-05,2.4717514124293784e-05,-0.003298246672765067,0.02824858757062147,2.824858757062147e-05,2.824858757062147e-05,0.003963355164424205,0.501412429378531,0.501412429378531
2016-03-10,-0.004047531448443285,-0.004107559697030856,0.06002824858757062,6.002824858757062e-05,0.0031839826372320585,-0.007231514085675343,-0.28122339583624245,0.9915254237288136,6.002824858757083e-05,-0.004107559697030856,0.01722796406154804,0.008751238366301995,0.007803983139823405,0.005770222521445947,0.006636878151117467,0.03531073446327684,3.531073446327684e-05,3.531073446327684e-05,0.0031486719027687816,0.024717514124293787,2.4717514124293784e-05,2.4717514124293784e-05,-0.007256231599799637,0.501412429378531,0.501412429378531
2016-03-11,-0.004019726274677549,-0.004072692376372465,0.05296610169491525,5.296610169491525e-05,-0.004639090924470991,0.0006193646497934423,-0.28050540535731366,0.9915254237288136,5.2966101694915287e-05,-0.004072692376372465,-0.0003842767128538121,-0.0029552719383061856,-0.005229318888951276,-0.006601439545884709,-0.010563398854248458,0.02824858757062147,2.824858757062147e-05,2.824858757062147e-05,-0.004667339512041613,0.024717514124293787,2.4717514124293784e-05,2.4717514124293784e-05,0.0005946471356691486,0.501412429378531,0.501412429378531
2016-03-14,0.002272393002022152,0.0022229579737735646,0.04943502824858757,4.943502824858757e-05,0.0006700810937971318,0.0016023119082250203,0.2014117240481518,0.9915254237288136,4.9435028248587514e-05,0.0022229579737735646,-0.0047325573559506935,-8.897411902148762e-05,0.003310092521212836,0.0016854577534723837,0.0011636889615804812,0.03531073446327684,3.531073446327684e-05,3.531073446327684e-05,0.000634770359333855,0.014124293785310734,1.4124293785310734e-05,1.4124293785310734e-05,0.0015881876144397096,0.501412429378531,0.501412429378531
2016-03-15,0.0028548476138164657,0.002798350438675223,0.05649717514124294,5.649717514124294e-05,0.0033151467821583235,-0.00046029916834185744,0.17795686109969147,0.9915254237288136,5.6497175141242625e-05,0.0027983504386752227,-0.0007502945774926848,0.0042901001986429595,0.006950423062120354,0.0070414398604868415,0.006398967318572164,0.02824858757062147,2.824858757062147e-05,2.824858757062147e-05,0.003286898194587702,0.02824858757062147,2.824858757062147e-05,2.824858757062147e-05,-0.0004885477559124789,0.501412429378531,0.501412429378531
2016-03-16,-0.00020849293088073096,-0.0002579279591293186,0.04943502824858757,4.943502824858757e-05,-0.0014155947007300552,0.0012071017698493242,-0.02365376492525797,0.9915254237288136,4.943502824858762e-05,-0.00025792795912931853,-0.0023890561018776613,-0.002444487054105335,-0.0026229150576886047,-0.0036122004537059178,-0.0024328736623428792,0.0211864406779661,2.11864406779661e-05,2.11864406779661e-05,-0.0014367811414080214,0.02824858757062147,2.824858757062147e-05,2.824858757062147e-05,0.0011788531822787027,0.501412429378531,0.501412429378531
2016-03-17,-0.0013202645547940076,-0.0013696995830425952,0.04943502824858757,4.943502824858757e-05,0.00198756825014667,-0.0033078328049406776,-0.031991375216930976,0.9915254237288136,4.9435028248587514e-05,-0.0013696995830425952,0.0069210858505943116,0.005942023288356177,0.006766812131933574,0.007067389496713995,0.0024285476010103076,0.03177966101694915,3.177966101694915e-05,3.177966101694915e-05,0.001955788589129721,0.01765536723163842,1.765536723163842e-05,1.765536723163842e-05,-0.003325488172172316,0.501412429378531,0.501412429378531
2016-03-18,0.0021166312387334335,0.0020742583573775016,0.0423728813559322,4.23728813559322e-05,-0.0006976255552200354,0.002814256793953469,0.1256165382706131,0.9915254237288136,4.237288135593197e-05,0.002074258357377501,-0.006528500416444887,-0.003761489031603367,-0.004367030668766582,-0.003232373153510497,-0.0004804844107717967,0.01765536723163842,1.765536723163842e-05,1.765536723163842e-05,-0.0007152809224516739,0.024717514124293787,2.4717514124293784e-05,2.4717514124293784e-05,0.002789539279829175,0.501412429378531,0.501412429378531
2016-03-22,0.0033206409320087923,0.0032570816099748937,0.0635593220338983,6.35593220338983e-05,0.0007082310237195582,0.002612409908289234,0.20526014904125373,0.9915254237288136,6.35593220338986e-05,0.003257081609974894,-0.00752681189569781,-0.0005273905518344491,0.0005556210623113537,0.001973251572552971,0.0011350337053409394,0.04943502824858757,4.943502824858757e-05,4.943502824858757e-05,0.0006587959954709706,0.014124293785310734,1.4124293785310734e-05,1.4124293785310734e-05,0.0025982856145039235,0.501412429378531,0.501412429378531
2016-03-23,0.0057458915685712495,0.005678801173091024,0.067090395480226,6.709039548022598e-05,0.004555638362892869,0.0011902532056783798,0.33104392183153014,0.9915254237288136,6.709039548022551e-05,0.005678801173091023,-0.005750921094311788,0.004452293534287293,0.005596677256386126,0.008039162569359624,0.009603327827487983,0.03531073446327684,3.531073446327684e-05,3.531073446327684e-05,0.004520327628429592,0.03177966101694915,3.177966101694915e-05,3.177966101694915e-05,0.0011584735446614307,0.501412429378531,0.501412429378531
2016-03-24,-0.0035851820468295174,-0.003634617075078105,0.04943502824858757,4.943502824858757e-05,-0.0016463348933240455,-0.0019388471535054718,-0.22729311266579802,0.9978813559322034,4.9435028248587514e-05,-0.003634617075078105,0.008025381599586212,-0.004538930597615756,-0.0035561712833090276,-0.004035909288528698,-0.0029110979497739037,0.014124293785310734,1.4124293785310734e-05,1.4124293785310734e-05,-0.0016604591871093562,0.03531073446327684,3.531073446327684e-05,3.531073446327684e-05,-0.0019741578879687487,0.501412429378531,0.501412429378531
2016-03-25,0.002003116552315243,0.0019360261568350172,0.067090395480226,6.709039548022598e-05,-0.003538332575045965,0.005541449127361208,0.10922206469004807,0.9978813559322034,6.709039548022594e-05,0.0019360261568350172,-0.012375267216026433,-0.008376340581833683,-0.009696393654973505,-0.007738256118668505,-0.0067195552386905,0.0423728813559322,4.23728813559322e-05,4.23728813559322e-05,-0.0035807054564018976,0.024717514124293787,2.4717514124293784e-05,2.4717514124293784e-05,0.005516731613236914,0.501412429378531,0.501412429378531
2016-03-28,0.0017963623106948725,0.0017257408417683188,0.07062146892655367,7.062146892655367e-05,0.0009859198983413276,0.000810442412353545,0.10605090146506688,0.9978813559322034,7.062146892655372e-05,0.0017257408417683188,-0.0025434205263771977,0.00025760976228318835,-0.0014133462546046262,0.0019040168566049785,0.0019970918205245262,0.04590395480225989,4.5903954802259884e-05,4.5903954802259884e-05,0.0009400159435390677,0.024717514124293787,2.4717514124293784e-05,2.4717514124293784e-05,0.0007857248982292512,0.501412429378531,0.501412429378531
2016-03-29,0.004231514150101609,0.004175016974960365,0.05649717514124294,5.649717514124294e-05,0.004826328283971199,-0.000594814133869591,0.2793630339896742,0.9978813559322034,5.649717514124349e-05,0.004175016974960366,-0.0004950428133059427,0.00458468999948793,0.0023499048439084586,0.00799199536214369,0.010433604084209371,0.02824858757062147,2.824858757062147e-05,2.824858757062147e-05,0.004798079696400578,0.02824858757062147,2.824858757062147e-05,2.824858757062147e-05,-0.0006230627214402124,0.501412429378531,0.501412429378531
2016-03-30,-0.0054432702616655304,-0.0054927052899141175,0.04943502824858757,4.943502824858757e-05,-0.0035493033392529376,-0.0018939669224125925,-0.2886347701303361,0.9978813559322034,4.943502824858708e-05,-0.005492705289914118,0.007596189017206436,-0.003941840940582239,-0.0034633877651867413,-0.006378405295432286,-0.007425027966222258,0.0211864406779661,2.11864406779661e-05,2.11864406779661e-05,-0.0035704897799309038,0.02824858757062147,2.824858757062147e-05,2.824858757062147e-05,-0.001922215509983214,0.501412429378531,0.501412429378531
2016-03-31,0.002684032132634049,0.0026240038840464786,0.06002824858757062,6.002824858757062e-05,0.001610461885016596,0.001073570247617453,0.19986413566223954,0.9978813559322034,6.00282485875704e-05,0.002624003884046478,-0.0027642907098773583,-0.000881435674189653,-0.0014892712741258218,0.0025260011126915036,0.0035511658267389397,0.0423728813559322,4.23728813559322e-05,4.23728813559322e-05,0.0015680890036606637,0.01765536723163842,1.765536723163842e-05,1.765536723163842e-05,0.0010559148803858146,0.501412429378531,0.501412429378531
