Date,gross,net,turnover,cost_all,long,short,rankic,label_coverage,cost,net_all_cost,q1,q2,q3,q4,q5,long_turnover,long_cost_all,long_cost,long_net,short_turnover,short_cost_all,short_cost,short_net,positive_exposure,negative_exposure
2008-11-04,0.008459557260794899,0.00746619270185657,1.0031225604996097,0.0010031225604996098,-0.012482416664299863,0.020941973925094764,,0.990632318501171,0.0009933645589383288,0.007456434700295289,-0.04385378061653561,-0.03956743877224205,-0.03739517949308713,-0.02897044671497814,-0.023037632411215616,0.5015612802498048,0.0005015612802498049,0.0004996096799375488,-0.012982026344237412,0.5015612802498048,0.0005015612802498049,0.0004937548790007807,0.020448219046093983,0.5015612802498048,0.5015612802498048
2008-11-05,-0.0011458610219535236,-0.0011458610219535236,0.0,0.0,0.007406193815189841,-0.008552054837143365,,0.990632318501171,0.0,-0.0011458610219535236,0.016252716523943635,0.01943078261799681,0.0055622495321142286,0.01004355297391576,0.017158577099385758,0.0,0.0,0.0,0.007406193815189841,0.0,0.0,0.0,-0.008552054837143365,0.5015612802498048,0.5015612802498048
2008-11-06,-0.0028124502876217894,-0.0028124502876217894,0.0,0.0,0.011588963577224349,-0.01440141386484614,,0.990632318501171,0.0,-0.0028124502876217894,0.030933124709015505,0.02567670015567714,0.03617737155522438,0.0319252280289114,0.01893294059616976,0.0,0.0,0.0,0.011588963577224349,0.0,0.0,0.0,-0.01440141386484614,0.5015612802498048,0.5015612802498048
2008-11-07,-0.00039501436012315245,-0.00039501436012315245,0.0,0.0,-0.006636979421163193,0.006241965061040041,,0.990632318501171,0.0,-0.00039501436012315245,-0.012949739276563912,-0.012033255280166822,-0.019142571874356053,-0.021063825797896632,-0.009485040048725017,0.0,0.0,0.0,-0.006636979421163193,0.0,0.0,0.0,0.006241965061040041,0.5015612802498048,0.5015612802498048
2008-11-10,-0.001990323341185974,-0.001990323341185974,0.0,0.0,0.0031119676147751815,-0.0051022909559611555,,0.9882903981264637,0.0,-0.001990323341185974,0.013254205457909826,0.004615563915543396,0.016732640619672903,0.0035339560351340662,0.00754488313290431,0.0,0.0,0.0,0.0031119676147751815,0.0,0.0,0.0,-0.0051022909559611555,0.5015612802498048,0.5015612802498048
2008-11-11,-0.0031889060184010615,-0.0031889060184010615,0.0,0.0,-0.0013255682681682101,-0.0018633377502328512,,0.9882903981264637,0.0,-0.0031889060184010615,0.00672763019915687,-0.002088900121893348,-0.0026787791118333183,-0.007516956476794113,-0.00027788858464351953,0.0,0.0,0.0,-0.0013255682681682101,0.0,0.0,0.0,-0.0018633377502328512,0.5015612802498048,0.5015612802498048
2008-11-12,-0.005143502522954149,-0.005143502522954149,0.0,0.0,0.013300382569548847,-0.018443885092502995,,0.9882903981264637,0.0,-0.005143502522954149,0.04255172917904323,0.027404240706181807,0.016176192854015586,0.02827694467781023,0.02581309695174866,0.0,0.0,0.0,0.013300382569548847,0.0,0.0,0.0,-0.018443885092502995,0.5015612802498048,0.5015612802498048
2008-11-13,-0.0035648008278231125,-0.0035648008278231125,0.0,0.0,-0.011639750428652045,0.008074949600828933,,0.990632318501171,0.0,-0.0035648008278231125,-0.018623366852252774,-0.011869159344544458,-0.01636723068337947,-0.019008705603442727,-0.02539230726134953,0.0,0.0,0.0,-0.011639750428652045,0.0,0.0,0.0,0.008074949600828933,0.5015612802498048,0.5015612802498048
2008-11-14,-0.0021955673824201544,-0.0021955673824201544,0.0,0.0,0.002333637872141017,-0.004529205254561171,,0.990632318501171,0.0,-0.0021955673824201544,0.008261764755401068,0.010973979923879586,0.007562608679650488,0.006024684544072357,0.004009782232459181,0.0,0.0,0.0,0.002333637872141017,0.0,0.0,0.0,-0.004529205254561171,0.5015612802498048,0.5015612802498048
2008-11-17,-0.0001575128446624761,-0.0001575128446624761,0.0,0.0,0.0038507923684988226,-0.004008305213161299,,0.990632318501171,0.0,-0.0001575128446624761,0.010383335335501068,0.0036406500571725866,0.0072438435910244,0.011610607581649902,0.005801482399768632,0.0,0.0,0.0,0.0038507923684988226,0.0,0.0,0.0,-0.004008305213161299,0.5015612802498048,0.5015612802498048
2008-11-18,-0.0066145622244399415,-0.0066145622244399415,0.0,0.0,-0.0012622580837010314,-0.00535230414073891,,0.9882903981264637,0.0,-0.0066145622244399415,0.010630983850591148,0.011387087557325055,-0.007805724580877219,-0.002434311081352645,-0.0025715052979929445,0.0,0.0,0.0,-0.0012622580837010314,0.0,0.0,0.0,-0.00535230414073891,0.5015612802498048,0.5015612802498048
2008-11-19,-0.001580364808312014,-0.001580364808312014,0.0,0.0,-0.0016314581302768554,5.1093321964841324e-05,,0.9882903981264637,0.0,-0.001580364808312014,-0.0007511324390845922,0.0011905956141836527,0.0019598952771035317,0.003354772162971367,-0.006498604695601485,0.0,0.0,0.0,-0.0016314581302768554,0.0,0.0,0.0,5.1093321964841324e-05,0.5015612802498048,0.5015612802498048
2008-11-20,0.009659675762853915,0.009659675762853915,0.0,0.0,0.01584456078256593,-0.006184885019712016,,0.990632318501171,0.0,0.009659675762853915,0.01036194890467435,0.016803854919001722,0.03755487166506737,0.027680975262065498,0.033683436180077214,0.0,0.0,0.0,0.01584456078256593,0.0,0.0,0.0,-0.006184885019712016,0.5015612802498048,0.5015612802498048
2008-11-21,-0.001130172381497722,-0.001130172381497722,0.0,0.0,-0.00956258039319134,0.008432408011693617,,0.990632318501171,0.0,-0.001130172381497722,-0.016354561392176677,-0.018508230015366216,-0.03482441233493413,-0.032049804456948244,-0.01283536406446273,0.0,0.0,0.0,-0.00956258039319134,0.0,0.0,0.0,0.008432408011693617,0.5015612802498048,0.5015612802498048
2008-11-25,0.002399295820473059,0.002399295820473059,0.0,0.0,0.006394519900611736,-0.003995224080138677,,0.990632318501171,0.0,0.002399295820473059,0.006064955657164984,0.012096944332462835,0.016884110859540828,0.00827500381659916,0.015008439979529793,0.0,0.0,0.0,0.006394519900611736,0.0,0.0,0.0,-0.003995224080138677,0.5015612802498048,0.5015612802498048
2008-11-26,0.0009401888332763378,0.0009401888332763378,0.0,0.0,-0.0019109173684821739,0.0028511062017585118,,0.990632318501171,0.0,0.0009401888332763378,-0.007593939620171271,-0.0021779407246151515,-0.004433087228704815,-0.005361140497594149,-0.003074524754723008,0.0,0.0,0.0,-0.0019109173684821739,0.0,0.0,0.0,0.0028511062017585118,0.5015612802498048,0.5015612802498048
2008-11-27,-0.0005721409629972269,-0.0005721409629972269,0.0,0.0,-0.0014150261858672062,0.0008428852228699791,,0.990632318501171,0.0,-0.0005721409629972269,-0.002248986181599335,-0.0006360554081163408,0.0009932632277168093,-0.00022253576949285385,-0.004106781470935795,0.0,0.0,0.0,-0.0014150261858672062,0.0,0.0,0.0,0.0008428852228699791,0.5015612802498048,0.5015612802498048
2008-11-28,0.003569158535508895,0.003569158535508895,0.0,0.0,0.0002023372848221009,0.003366821250686794,,0.990632318501171,0.0,0.003569158535508895,-0.00703853223000078,-0.006384538755432731,2.906396290033979e-05,0.00014789587268568643,0.0005305486711467832,0.0,0.0,0.0,0.0002023372848221009,0.0,0.0,0.0,0.003366821250686794,0.5015612802498048,0.5015612802498048
2008-12-01,-0.0010474274780786757,-0.0010474274780786757,0.0,0.0,0.007026874434047177,-0.008074301912125853,,0.990632318501171,0.0,-0.0010474274780786757,0.01897313348891074,0.011173951454544502,0.007966089830418542,0.008067503444457017,0.01699360564343828,0.0,0.0,0.0,0.007026874434047177,0.0,0.0,0.0,-0.008074301912125853,0.5015612802498048,0.5015612802498048
2008-12-02,-0.003912936032519661,-0.003912936032519661,0.0,0.0,-0.0033625496636399466,-0.0005503863688797149,,0.990632318501171,0.0,-0.003912936032519661,0.003178269035122805,-0.0029638967351372386,-0.020014611820032637,-0.012211283377372087,-0.004053620022964263,0.0,0.0,0.0,-0.0033625496636399466,0.0,0.0,0.0,-0.0005503863688797149,0.5015612802498048,0.5015612802498048
2008-12-03,-0.0028437820869907054,-0.0028437820869907054,0.0,0.0,0.00249842709185162,-0.005342209178842325,,0.990632318501171,0.0,-0.0028437820869907054,0.011385017723160426,0.009701941244092422,-0.011260978718688175,-0.004163129096891512,0.009476144686067774,0.0,0.0,0.0,0.00249842709185162,0.0,0.0,0.0,-0.005342209178842325,0.5015612802498048,0.5015612802498048
2008-12-04,-0.0024825187654650117,-0.0024825187654650117,0.0,0.0,0.0024501051870046025,-0.004932623952469614,,0.990632318501171,0.0,-0.0024825187654650117,0.009850182406837504,0.010266421987020349,0.014672491095033855,0.0055821411176655905,0.004572872348472376,0.0,0.0,0.0,0.0024501051870046025,0.0,0.0,0.0,-0.004932623952469614,0.5015612802498048,0.5015612802498048
2008-12-05,-0.003509465028388838,-0.003509465028388838,0.0,0.0,-0.004090414803081757,0.000580949774692919,,0.990632318501171,0.0,-0.003509465028388838,-0.0011782038315466593,-0.0011734167159154468,0.007553566443179827,-0.0033264705127943753,-0.01056107570944398,0.0,0.0,0.0,-0.004090414803081757,0.0,0.0,0.0,0.000580949774692919,0.5015612802498048,0.5015612802498048
2008-12-08,0.0019184429230478324,0.0019184429230478324,0.0,0.0,0.0017267879216698158,0.0001916550013780167,,0.990632318501171,0.0,0.0019184429230478324,-0.0027108759977861477,0.0042026252343762,0.0014595476506363337,-0.0013996621625853081,0.005827777632097556,0.0,0.0,0.0,0.0017267879216698158,0.0,0.0,0.0,0.0001916550013780167,0.5015612802498048,0.5015612802498048
2008-12-09,0.004486184603975079,0.004486184603975079,0.0,0.0,-0.0023577778353269904,0.006843962439302069,,0.990632318501171,0.0,0.004486184603975079,-0.009176620907298282,-0.023119694605556105,0.00972029754325556,0.0017298231159641193,-0.007868782003270557,0.0,0.0,0.0,-0.0023577778353269904,0.0,0.0,0.0,0.006843962439302069,0.5015612802498048,0.5015612802498048
2008-12-10,0.0029703009905658784,0.002967980045334714,0.0023437443002327324,2.3437443002327328e-06,-0.0006042778291003618,0.0035745788196662404,,0.9883177570093458,2.320945231164273e-06,0.0029679572462656457,-0.008677572477398084,-0.004447900065620037,0.002391888053328206,-0.010322240108283068,0.0032366923027315796,0.0011718721501163662,1.1718721501163664e-06,1.167312336302684e-06,-0.0006054451414366645,0.0011718721501163662,1.1718721501163664e-06,1.1536328948616368e-06,0.0035734251867713786,0.5003894080996885,0.5003894080996885
2008-12-11,0.0017559959070399954,0.0017559959070399954,0.0,0.0,0.010098072206243295,-0.0083420762992033,,0.9883177570093458,0.0,0.0017559959070399954,0.016751132499661116,0.017297648556797027,0.012072304469925424,0.015573920106337876,0.022547445326710318,0.0,0.0,0.0,0.010098072206243295,0.0,0.0,0.0,-0.0083420762992033,0.5003894080996885,0.5003894080996885
2008-12-12,-0.005898977308058944,-0.005898977308058944,0.0,0.0,-0.010706158457545637,0.004807181149486692,,0.9883177570093458,0.0,-0.005898977308058944,-0.0072940521821833046,-0.014630205550230235,-0.023339514017531465,-0.018848268382007417,-0.02276411883550474,0.0,0.0,0.0,-0.010706158457545637,0.0,0.0,0.0,0.004807181149486692,0.5003894080996885,0.5003894080996885
2008-12-15,0.0005725529402145077,0.0005725529402145077,0.0,0.0,0.008243167151249873,-0.0076706142110353655,,0.9883177570093458,0.0,0.0005725529402145077,0.013569726364708747,0.0195283932884317,0.021268549598103842,0.021303758063388474,0.014210319602077345,0.0,0.0,0.0,0.008243167151249873,0.0,0.0,0.0,-0.0076706142110353655,0.5003894080996885,0.5003894080996885
2008-12-16,0.004384030699378702,0.004384030699378702,0.0,0.0,-0.004041402519666328,0.00842543321904503,,0.9883177570093458,0.0,0.004384030699378702,-0.01731490859392706,-0.016687033617903305,-0.026646505407518124,-0.023110208819993726,-0.000781434844309029,0.0,0.0,0.0,-0.004041402519666328,0.0,0.0,0.0,0.00842543321904503,0.5003894080996885,0.5003894080996885
2008-12-17,0.0005072733336824975,0.0005072733336824975,0.0,0.0,0.001189988004778533,-0.0006827146710960354,,0.985981308411215,0.0,0.0005072733336824975,0.005407525008712469,-0.006435375251427602,-0.0015891725644644763,0.0047880380202556996,0.0012150153811207889,0.0,0.0,0.0,0.001189988004778533,0.0,0.0,0.0,-0.0006827146710960354,0.5003894080996885,0.5003894080996885
2008-12-18,-0.0009092704406622948,-0.0009092704406622948,0.0,0.0,-0.0014765675570823573,0.0005672971164200624,,0.985981308411215,0.0,-0.0009092704406622948,-0.006248107922089938,0.008774377836159834,-0.0007691960402167258,-0.004160061368035527,-0.002377441525596014,0.0,0.0,0.0,-0.0014765675570823573,0.0,0.0,0.0,0.0005672971164200624,0.5003894080996885,0.5003894080996885
2008-12-19,0.002239934564031535,0.002239934564031535,0.0,0.0,-0.0021950255274350043,0.004434960091466539,,0.9883177570093458,0.0,0.002239934564031535,-0.00974679566089742,-0.007533339199369975,-0.009675954540686663,-0.009554467387641695,-0.0018883130833064867,0.0,0.0,0.0,-0.0021950255274350043,0.0,0.0,0.0,0.004434960091466539,0.5003894080996885,0.5003894080996885
2008-12-22,-0.001862560005633979,-0.001862560005633979,0.0,0.0,0.00560876661790863,-0.0074713266235426085,,0.969626168224299,0.0,-0.001862560005633979,0.014553336477005754,0.016979424703835577,0.01882674857819782,0.018296444056943965,0.008315386278846187,0.0,0.0,0.0,0.00560876661790863,0.0,0.0,0.0,-0.0074713266235426085,0.5003894080996885,0.5003894080996885
2008-12-24,0.00040391558450626134,0.00040391558450626134,0.0,0.0,-0.00431418290686501,0.004718098491371271,,0.969626168224299,0.0,0.00040391558450626134,-0.010386281020361234,-0.008272197240824364,-0.010823883663096927,-0.01081152116850783,-0.008007347018965223,0.0,0.0,0.0,-0.00431418290686501,0.0,0.0,0.0,0.004718098491371271,0.5003894080996885,0.5003894080996885
2008-12-25,0.0003185603099915092,0.0003185603099915092,0.0,0.0,-0.0004554282986607626,0.0007739886086522718,,0.9719626168224299,0.0,0.0003185603099915092,-0.0008215020942974659,-0.0031266047899015967,-0.002395875445676535,-0.0027908003150595596,-3.049607444146865e-05,0.0,0.0,0.0,-0.0004554282986607626,0.0,0.0,0.0,0.0007739886086522718,0.5003894080996885,0.5003894080996885
2008-12-26,-0.001959001886736418,-0.001959001886736418,0.0,0.0,-0.0032962311579961194,0.0013372292712597017,,0.969626168224299,0.0,-0.001959001886736418,-0.004037278050025632,-0.00010412489408142202,-0.0028930091311615037,-0.0059193733864218905,-0.007274431958194048,0.0,0.0,0.0,-0.0032962311579961194,0.0,0.0,0.0,0.0013372292712597017,0.5003894080996885,0.5003894080996885
2008-12-29,0.0007779947064441551,0.0007779947064441551,0.0,0.0,0.002838570823092549,-0.002060576116648394,,0.969626168224299,0.0,0.0007779947064441551,0.007168156024551034,-0.0017797355928531552,0.01588640728502175,0.0069780748344649875,0.005335468905507254,0.0,0.0,0.0,0.002838570823092549,0.0,0.0,0.0,-0.002060576116648394,0.5003894080996885,0.5003894080996885
2008-12-30,0.0017841189348123253,0.0017841189348123253,0.0,0.0,-0.005172137304876307,0.006956256239688632,,0.985981308411215,0.0,0.0017841189348123253,-0.01910646316596815,-0.004319611819302767,0.0065569668023279315,-0.003163952372293246,-0.013899056514603712,0.0,0.0,0.0,-0.005172137304876307,0.0,0.0,0.0,0.006956256239688632,0.5003894080996885,0.5003894080996885
2009-01-05,-0.006315091728607036,-0.007000449984058749,0.6892523364485982,0.0006892523364485982,-0.003789654524114545,-0.0025254372044924904,-0.1002879886610238,0.9883177570093458,0.0006853582554517132,-0.007004344065055634,0.007689750871964732,-0.00030810363554928806,0.037493354091838044,-0.0038391172865083908,-0.009441166927433287,0.34657320872274144,0.00034657320872274143,0.00034657320872274143,-0.004136227732837287,0.3426791277258567,0.00034267912772585667,0.00033878504672897196,-0.0028642222512214625,0.5003894080996885,0.5003894080996885
2009-01-06,-0.0005040445928547468,-0.0005351972408298246,0.03115264797507788,3.115264797507788e-05,-0.008676398287518679,0.008172353694663933,-0.049052319700282974,0.9883177570093458,3.1152647975077785e-05,-0.0005351972408298247,-0.015521847582101764,-0.01840437437901075,0.014327917707937458,-0.013178979992124185,-0.019471882797274197,0.01557632398753894,1.557632398753894e-05,1.557632398753894e-05,-0.008691974611506219,0.01557632398753894,1.557632398753894e-05,1.557632398753894e-05,0.008156777370676393,0.5003894080996885,0.5003894080996885
2009-01-07,-0.0008418133304877481,-0.0008573896544752871,0.01557632398753894,1.557632398753894e-05,0.0031584058443673776,-0.004000219174855125,0.0012423311463776844,0.9883177570093458,1.5576323987538947e-05,-0.0008573896544752871,0.007530953786574465,0.009146849601382945,0.005620264129515145,0.011117908816678998,0.004001470355035171,0.00778816199376947,7.78816199376947e-06,7.78816199376947e-06,0.0031506176823736082,0.00778816199376947,7.78816199376947e-06,7.78816199376947e-06,-0.004008007336848895,0.5003894080996885,0.5003894080996885
2009-01-08,-0.002791512477496024,-0.002791512477496024,0.0,0.0,-0.0008113530986784115,-0.0019801593788176127,-0.08574901254584923,0.9883177570093458,0.0,-0.002791512477496024,0.005614439728486648,0.0006183882368797858,-0.015196213285683088,-0.00034264019144506495,-0.0022554021825572476,0.0,0.0,0.0,-0.0008113530986784115,0.0,0.0,0.0,-0.0019801593788176127,0.5003894080996885,0.5003894080996885
2009-01-09,0.0008289316262585948,0.0008211434642648254,0.00778816199376947,7.78816199376947e-06,0.006995363843755253,-0.006166432217496659,0.02203951226530591,0.9883177570093458,7.78816199376942e-06,0.0008211434642648254,0.010143888779181457,0.017136514661290042,0.016389082463503717,0.01515767030794514,0.013485898629565736,0.00778816199376947,7.78816199376947e-06,7.78816199376947e-06,0.006987575681761483,0.0,0.0,0.0,-0.006166432217496659,0.5003894080996885,0.5003894080996885
2009-01-13,-0.0031044125118262827,-0.003131671078804476,0.027258566978193146,2.7258566978193143e-05,-0.006025327430617063,0.002920914918790781,-0.211679682545846,0.9883177570093458,2.7258566978193184e-05,-0.003131671078804476,-0.00187548913541445,-0.014187924951803129,0.0026344943995663178,-0.008083047569419091,-0.01404437309612628,0.01557632398753894,1.557632398753894e-05,1.557632398753894e-05,-0.006040903754604602,0.011682242990654205,1.1682242990654205e-05,1.1682242990654205e-05,0.0029092326758001267,0.5003894080996885,0.5003894080996885
2009-01-14,7.666204110624931e-05,5.913867662026801e-05,0.019470404984423678,1.9470404984423677e-05,0.008174405042424324,-0.008097743001318075,0.02887218421499178,0.9883177570093458,1.75233644859813e-05,5.719163612182563e-05,0.016213061245910595,0.016699766591335267,0.01681453732054731,0.013703265635427831,0.01771686114193718,0.00778816199376947,7.78816199376947e-06,7.78816199376947e-06,0.008166616880430555,0.011682242990654205,1.1682242990654205e-05,9.735202492211838e-06,-0.008107478203810288,0.5003894080996885,0.5003894080996885
2009-01-15,-0.0009670396064029574,-0.0009826159303904965,0.01557632398753894,1.557632398753894e-05,-0.003074955199591181,0.0021079155931882235,-0.026100196747911517,0.9883177570093458,1.5576323987539055e-05,-0.0009826159303904963,-0.0032315319549706513,-0.006348393051386438,-0.005772922447713275,-0.005418792675093591,-0.006535572126756796,0.00778816199376947,7.78816199376947e-06,7.78816199376947e-06,-0.0030827433615849506,0.00778816199376947,7.78816199376947e-06,7.78816199376947e-06,0.002100127431194454,0.5003894080996885,0.5003894080996885
2009-01-16,-0.001061560102329461,-0.001073242345320115,0.011682242990654205,1.1682242990654205e-05,-0.0031953097223387816,0.0021337496200093207,-0.07746646942486085,0.9883177570093458,1.1682242990654129e-05,-0.001073242345320115,-0.0027823099860845566,-0.007415489371457292,-0.0019825657739920366,-0.0037759242590195644,-0.007697287416485784,0.003894080996884735,3.894080996884735e-06,3.894080996884735e-06,-0.0031992038033356665,0.00778816199376947,7.78816199376947e-06,7.78816199376947e-06,0.0021259614580155513,0.5003894080996885,0.5003894080996885
2009-01-19,-0.00029281186059375855,-0.00029281186059375855,0.0,0.0,-0.004635444118865876,0.004342632258272118,-0.03737689330384035,0.9883177570093458,0.0,-0.00029281186059375855,-0.007525689783938342,-0.011321531721179065,-0.004197910889844872,-0.006488269606285377,-0.010672961933264781,0.0,0.0,0.0,-0.004635444118865876,0.0,0.0,0.0,0.004342632258272118,0.5003894080996885,0.5003894080996885
2009-01-20,0.0014511404630642094,0.0014355641390766704,0.01557632398753894,1.557632398753894e-05,0.009551309872071593,-0.008100169409007384,0.043444603574967024,0.9883177570093458,1.5576323987539055e-05,0.0014355641390766706,0.01627494717351842,0.016589357011524537,0.01403609430117676,0.015595292541336351,0.020904349865254166,0.00778816199376947,7.78816199376947e-06,7.78816199376947e-06,0.009543521710077824,0.00778816199376947,7.78816199376947e-06,7.78816199376947e-06,-0.008107957571001153,0.5003894080996885,0.5003894080996885
2009-01-21,-0.0007595769812304275,-0.0007673651432241969,0.00778816199376947,7.78816199376947e-06,-1.3638265617804092e-05,-0.0007459387156126234,-0.09601367737109787,0.9883177570093458,7.78816199376942e-06,-0.0007673651432241969,0.0042124757783618735,-0.0039643661664628006,-0.02037036417872641,0.002112753511054331,-0.0010725343497085345,0.00778816199376947,7.78816199376947e-06,7.78816199376947e-06,-2.1426427611573562e-05,0.0,0.0,0.0,-0.0007459387156126234,0.5003894080996885,0.5003894080996885
2009-01-22,7.46976847901276e-05,6.301544179947337e-05,0.011682242990654205,1.1682242990654205e-05,0.003472712571040629,-0.0033980148862505014,0.009639943300403946,0.9883177570093458,1.1682242990654237e-05,6.30154417994734e-05,0.0068157082180820274,0.006982738672670388,0.007383938933393629,0.007371150817536552,0.00676981690589184,0.00778816199376947,7.78816199376947e-06,7.78816199376947e-06,0.0034649244090468596,0.003894080996884735,3.894080996884735e-06,3.894080996884735e-06,-0.0034019089672473863,0.5003894080996885,0.5003894080996885
2009-01-23,0.0004591277277695798,0.00042797507979450193,0.03115264797507788,3.115264797507788e-05,0.0014507552083371355,-0.0009916274805675555,0.029007883621077653,0.9906542056074766,3.1152647975077894e-05,0.00042797507979450193,-0.0007787020913589021,0.007657578973014614,-0.006725052198737886,0.0015939481027381055,0.003553582757976464,0.01557632398753894,1.557632398753894e-05,1.557632398753894e-05,0.0014351788843495967,0.01557632398753894,1.557632398753894e-05,1.557632398753894e-05,-0.0010072038045550943,0.5003894080996885,0.5003894080996885
2009-01-26,-0.0006987441088131557,-0.0007298967567882337,0.03115264797507788,3.115264797507788e-05,-0.00763029793326918,0.006931553824456024,-0.023168084164735557,0.9906542056074766,3.1152647975078e-05,-0.0007298967567882336,-0.012804031424639468,-0.01616372189526935,-0.015873808844783743,-0.01243194932322218,-0.016713007414978998,0.01557632398753894,1.557632398753894e-05,1.557632398753894e-05,-0.007645874257256719,0.01557632398753894,1.557632398753894e-05,1.557632398753894e-05,0.0069159775004684855,0.5003894080996885,0.5003894080996885
2009-01-27,-0.003930053501210586,-0.003972888392176318,0.042834890965732085,4.2834890965732084e-05,0.0018942964849105797,-0.005824349986121166,-0.008782228390919244,0.9906542056074766,4.283489096573202e-05,-0.003972888392176318,0.01198572699152529,0.011069537027731915,0.023158742928021996,0.0005610932662558429,0.005382435117933623,0.019470404984423675,1.9470404984423677e-05,1.9470404984423677e-05,0.001874826079926156,0.02336448598130841,2.336448598130841e-05,2.336448598130841e-05,-0.005847714472102475,0.5003894080996885,0.5003894080996885
2009-01-28,-0.0003987190756298858,-0.0004649184525769264,0.0661993769470405,6.61993769470405e-05,-0.005668689806724948,0.005269970731095063,0.007412462805419254,0.9906542056074766,6.61993769470406e-05,-0.0004649184525769263,-0.011682159285268716,-0.008301494886002443,-0.03038269395357854,-0.01072668656578981,-0.011688357053532496,0.03115264797507788,3.115264797507788e-05,3.115264797507788e-05,-0.005699842454700026,0.035046728971962614,3.504672897196262e-05,3.504672897196262e-05,0.0052349240021231,0.5003894080996885,0.5003894080996885
2009-01-29,-0.0030517376615072493,-0.003129619281444944,0.0778816199376947,7.788161993769471e-05,0.00394014328363954,-0.00699188094514679,-0.11806946627854967,0.9906542056074766,7.788161993769463e-05,-0.003129619281444944,0.017431087490075145,0.007058131013505555,0.0026544864316505167,0.008264906767931618,0.0077291012905291384,0.050623052959501556,5.062305295950156e-05,5.062305295950156e-05,0.0038895202306800385,0.027258566978193146,2.7258566978193143e-05,2.7258566978193143e-05,-0.007019139512124983,0.5003894080996885,0.5003894080996885
2009-01-30,0.00045845348530364357,0.00023259678748432905,0.22585669781931464,0.00022585669781931462,0.0044542659332114974,-0.003995812447907854,0.023762661499493184,0.9906542056074766,0.0002258566978193145,0.00023259678748432895,0.007680721881317449,0.008704346543558008,0.024683815281080657,0.009880446026535613,0.008475311145746709,0.13239875389408098,0.000132398753894081,0.000132398753894081,0.004321867179317417,0.09345794392523364,9.345794392523364e-05,9.345794392523364e-05,-0.0040892703918330876,0.5003894080996885,0.5003894080996885
2009-02-02,0.003325670430623865,0.003278941458661248,0.04672897196261682,4.672897196261682e-05,-0.001968283058173658,0.005293953488797523,0.04553742346667967,0.9906542056074766,4.672897196261695e-05,0.003278941458661248,-0.01013895150652897,-0.011608033960993155,0.017143628014038365,-0.0018351889344104969,-0.004981129698764588,0.027258566978193146,2.7258566978193143e-05,2.7258566978193143e-05,-0.0019955416251518513,0.019470404984423675,1.9470404984423677e-05,1.9470404984423677e-05,0.0052744830838131,0.5003894080996885,0.5003894080996885
2009-02-03,-0.0019129415892909676,-0.001983035047234893,0.07009345794392523,7.009345794392523e-05,-0.0021915847604210134,0.0002786431711300458,-0.07113226441391038,0.9906542056074766,7.00934579439252e-05,-0.001983035047234893,0.0009060217612273748,-0.0035588913764702376,0.006706728855203193,-0.0006831003886940318,-0.006210566862220546,0.042834890965732085,4.2834890965732084e-05,4.2834890965732084e-05,-0.0022344196513867454,0.027258566978193146,2.7258566978193143e-05,2.7258566978193143e-05,0.0002513846041518527,0.5003894080996885,0.5003894080996885
2009-02-04,0.004660304418574648,0.004607734325116704,0.05451713395638629,5.451713395638629e-05,0.0017441988708419038,0.0029161055477327437,0.12039315378076289,0.9906542056074766,5.257009345794369e-05,0.004605787284618261,-0.0074601331385300935,-0.002554391779623346,0.02049825900404292,-0.0003854805876854911,0.005398758081498073,0.035046728971962614,3.504672897196262e-05,3.309968847352025e-05,0.0017110991823683836,0.019470404984423675,1.9470404984423677e-05,1.9470404984423677e-05,0.00289663514274832,0.5003894080996885,0.5003894080996885
2009-02-05,0.004901878342967715,0.00483178488502379,0.07009345794392523,7.009345794392523e-05,0.0007351351943367525,0.004166743148630962,0.1155960964970228,0.9906542056074766,7.00934579439252e-05,0.00483178488502379,-0.012291349779346249,-0.00030865617963461115,-0.001208240011445415,0.0025738936017898253,0.0009231655794140749,0.03894080996884735,3.8940809968847354e-05,3.8940809968847354e-05,0.0006961943843679051,0.03115264797507788,3.115264797507788e-05,3.115264797507788e-05,0.0041355905006558846,0.5003894080996885,0.5003894080996885
2009-02-06,0.0028645530535702565,0.002798353676623216,0.06619937694704049,6.61993769470405e-05,-0.0014710033778183634,0.00433555643138862,0.08823633744657407,0.9906542056074766,6.619937694704028e-05,0.0027983536766232157,-0.009628589499600843,-0.006793147490831548,0.004694283085044029,-0.0031783335057834396,-0.0028217964352088318,0.03894080996884735,3.8940809968847354e-05,3.8940809968847354e-05,-0.0015099441877872107,0.027258566978193146,2.7258566978193143e-05,2.7258566978193143e-05,0.004308297864410427,0.5003894080996885,0.5003894080996885
2009-02-09,-0.003908276575655434,-0.00397837003359936,0.07398753894080996,7.398753894080997e-05,-0.006046106694571415,0.0021378301189159806,-0.1647727149551111,0.9906542056074766,7.00934579439252e-05,-0.003982264114596244,-0.0032747814968663923,-0.006443770173904297,-0.014793480205668386,-0.010238593128324149,-0.012994185944327477,0.03115264797507788,3.115264797507788e-05,3.115264797507788e-05,-0.006077259342546493,0.042834890965732085,4.2834890965732084e-05,3.8940809968847354e-05,0.002098889308947133,0.5003894080996885,0.5003894080996885
2009-02-10,-0.0006844643016504955,-0.0007370343951084396,0.05451713395638629,5.451713395638629e-05,0.0062726327291705245,-0.00695709703082102,0.0011187857015823247,0.9906542056074766,5.257009345794412e-05,-0.0007389814356068817,0.012836029426361192,0.01666720107530583,0.018147535347000168,0.01032782420516131,0.013626506466646919,0.027258566978193146,2.7258566978193143e-05,2.7258566978193143e-05,0.006245374162192331,0.027258566978193146,2.7258566978193143e-05,2.531152647975078e-05,-0.0069824085573007705,0.5003894080996885,0.5003894080996885
2009-02-12,-0.0052689791516551815,-0.005331284447605337,0.06230529595015576,6.230529595015576e-05,-0.0008156050815702313,-0.0044533740700849495,-0.18231947962181888,0.9906542056074766,6.230529595015535e-05,-0.005331284447605337,0.009292620157441886,0.008542267481710511,0.004084937652806562,0.005434185090569335,-0.005120933154609677,0.03115264797507788,3.115264797507788e-05,3.115264797507788e-05,-0.0008467577295453092,0.03115264797507788,3.115264797507788e-05,3.115264797507788e-05,-0.004484526718060027,0.5003894080996885,0.5003894080996885
2009-02-13,-0.0010234638256801441,-0.0010624046356489914,0.03894080996884735,3.8940809968847354e-05,-0.004216138119116709,0.0031926742934365654,-0.04804197883968444,0.9906542056074766,3.894080996884731e-05,-0.0010624046356489914,-0.005130073825014047,-0.00915182487654894,-0.015001772416325615,-0.006229797390933782,-0.009510905579935875,0.01557632398753894,1.557632398753894e-05,1.557632398753894e-05,-0.004231714443104248,0.02336448598130841,2.336448598130841e-05,2.336448598130841e-05,0.003169309807455257,0.5003894080996885,0.5003894080996885
2009-02-16,-0.0011262864441055184,-0.0011613331730774812,0.03504672897196262,3.504672897196262e-05,-0.0013644245835181597,0.0002381381394126411,-0.05608974986487416,0.9906542056074766,3.504672897196282e-05,-0.001161333173077481,-0.00039920285176143583,-0.0006499019918401327,-0.00029794668291272436,0.0007634296130591169,-0.004451511530261348,0.01557632398753894,1.557632398753894e-05,1.557632398753894e-05,-0.0013800009075056986,0.019470404984423675,1.9470404984423677e-05,1.9470404984423677e-05,0.0002186677344282174,0.5003894080996885,0.5003894080996885
2009-02-17,0.0009605839076090823,0.0009294312596340045,0.03115264797507788,3.115264797507788e-05,0.0039025102131094247,-0.0029419263055003426,0.03192321222259623,0.9906542056074766,3.1152647975077785e-05,0.0009294312596340044,0.00367965180189164,0.010503433503378594,0.016455392548285125,0.00977633380143915,0.00682174925773647,0.011682242990654205,1.1682242990654205e-05,1.1682242990654205e-05,0.0038908279701187704,0.019470404984423675,1.9470404984423677e-05,1.9470404984423677e-05,-0.0029613967104847663,0.5003894080996885,0.5003894080996885
2009-02-18,-0.0006145031622102026,-0.000637867648191511,0.02336448598130841,2.336448598130841e-05,-0.0035687090674320116,0.002954205905221809,-0.03151540978510531,0.9906542056074766,2.3364485981308366e-05,-0.000637867648191511,-0.007220364748476317,-0.003579516178563527,-0.0010011677387217176,-0.006996527320760579,-0.007198745085862977,0.00778816199376947,7.78816199376947e-06,7.78816199376947e-06,-0.003576497229425781,0.01557632398753894,1.557632398753894e-05,1.557632398753894e-05,0.0029386295812342702,0.5003894080996885,0.5003894080996885
2009-02-19,0.004563708848385076,0.004536450281406883,0.027258566978193146,2.7258566978193143e-05,3.4186646301184995e-05,0.004529522202083891,0.13282738581760536,0.9906542056074766,2.7258566978193184e-05,0.004536450281406883,-0.008793239149957678,-0.009989393244675255,-0.0007599508773441317,0.0015821938472289619,-0.0006798152062451925,0.01557632398753894,1.557632398753894e-05,1.557632398753894e-05,1.8610322313646055e-05,0.011682242990654205,1.1682242990654205e-05,1.1682242990654205e-05,0.004517839959093236,0.5003894080996885,0.5003894080996885
2009-02-20,4.929824967040499e-05,2.9827844685981335e-05,0.02336448598130841,2.336448598130841e-05,0.000764692772014146,-0.0007153945223437411,0.00915768747245868,0.9906542056074766,1.9470404984423656e-05,2.593376368909658e-05,-0.0010219546676280401,0.006318483547082354,-0.0007427551648935965,0.0009235157489448703,0.001827019587477624,0.00778816199376947,7.78816199376947e-06,7.78816199376947e-06,0.0007569046100203765,0.01557632398753894,1.557632398753894e-05,1.1682242990654205e-05,-0.0007270767653343954,0.5003894080996885,0.5003894080996885
2009-02-23,-0.004764269513217031,-0.00478763399919834,0.027258566978193146,2.7258566978193143e-05,0.005224779523665572,-0.009989049036882604,-0.13816991799540645,0.9953271028037384,2.336448598130869e-05,-0.004791528080195224,0.02268655614572085,0.014984247536121896,0.02250988942535888,0.006376244432986026,0.01245038364273736,0.011682242990654205,1.1682242990654205e-05,1.1682242990654205e-05,0.005213097280674918,0.01557632398753894,1.557632398753894e-05,1.1682242990654205e-05,-0.010000731279873259,0.5003894080996885,0.5003894080996885
2009-02-24,0.002037363946992402,0.0020101053800142088,0.027258566978193146,2.7258566978193143e-05,-0.007137919414233915,0.009175283361226317,0.05984950552501708,0.9953271028037384,2.7258566978193184e-05,0.0020101053800142088,-0.016588607241672916,-0.022263085920487535,-0.014405383779416974,-0.01788576036486934,-0.012475266163585144,0.011682242990654205,1.1682242990654205e-05,1.1682242990654205e-05,-0.007149601657224569,0.01557632398753894,1.557632398753894e-05,1.557632398753894e-05,0.009159707037238778,0.5003894080996885,0.5003894080996885
2009-02-25,0.0001986689500235714,0.00017919854503914775,0.019470404984423675,1.9470404984423677e-05,0.0029983413672582887,-0.0027996724172347173,0.041381507173434466,0.9953271028037384,1.9470404984423656e-05,0.00017919854503914773,0.003808437836402116,0.0092997331918046,0.0024710109755709648,0.0063225364003280035,0.005828677512767307,0.011682242990654205,1.1682242990654205e-05,1.1682242990654205e-05,0.0029866591242676344,0.00778816199376947,7.78816199376947e-06,7.78816199376947e-06,-0.0028074605792284867,0.5003894080996885,0.5003894080996885
2009-02-26,-0.004544223135559477,-0.004563693540543901,0.02336448598130841,2.336448598130841e-05,-0.0073156144498383435,0.002771391314278866,-0.10347738450540518,0.9953271028037384,1.94704049844242e-05,-0.0045675876215407855,-0.0044590229579329664,-0.007932596730363378,-0.013176989669971583,-0.012547666890883694,-0.01564388311460383,0.00778816199376947,7.78816199376947e-06,7.78816199376947e-06,-0.007323402611832113,0.01557632398753894,1.557632398753894e-05,1.1682242990654205e-05,0.002759709071288212,0.5003894080996885,0.5003894080996885
2009-02-27,-0.0008756666767512357,-0.000899031162732544,0.027258566978193146,2.7258566978193143e-05,0.001152594750290071,-0.0020282614270413063,-0.03983342778154021,0.9953271028037384,2.3364485981308366e-05,-0.0009029252437294288,0.0021744533399397714,0.007906564719278282,0.006752566645084723,0.005373101771068639,0.0007863896116752683,0.011682242990654205,1.1682242990654205e-05,1.1682242990654205e-05,0.0011409125072994169,0.01557632398753894,1.557632398753894e-05,1.1682242990654205e-05,-0.0020399436700319607,0.5003894080996885,0.5003894080996885
2009-03-02,-0.003133701912146042,-0.003160960479124235,0.027258566978193146,2.7258566978193143e-05,0.002775640181150624,-0.005909342093296665,-0.1215611158889972,0.9953271028037384,2.7258566978193184e-05,-0.003160960479124235,0.012968261341881029,0.00976980789408697,0.013248864992806296,0.006361995631451208,0.005144181211427952,0.01557632398753894,1.557632398753894e-05,1.557632398753894e-05,0.002760063857163085,0.011682242990654205,1.1682242990654205e-05,1.1682242990654205e-05,-0.00592102433628732,0.5003894080996885,0.5003894080996885
2009-03-03,-0.0018456653824936915,-0.0018573476254843456,0.011682242990654205,1.1682242990654205e-05,0.006848623450923901,-0.008694288833417593,-0.03247399391911463,0.9953271028037384,1.1682242990654129e-05,-0.0018573476254843456,0.015905869849116124,0.020722222005806284,0.020391304687043404,0.017429785420230662,0.011836751416714588,0.00778816199376947,7.78816199376947e-06,7.78816199376947e-06,0.0068408352889301315,0.003894080996884735,3.894080996884735e-06,3.894080996884735e-06,-0.008698182914414479,0.5003894080996885,0.5003894080996885
2009-03-04,0.0004908490899182712,0.0004674846039369628,0.02336448598130841,2.336448598130841e-05,-0.005277391633503638,0.005768240723421909,0.033601523871134055,0.9953271028037384,2.336448598130842e-05,0.0004674846039369628,-0.015189179032120425,-0.004475388236341417,-0.012087062428138468,-0.006372986588667586,-0.01260909583099258,0.011682242990654205,1.1682242990654205e-05,1.1682242990654205e-05,-0.005289073876494292,0.011682242990654205,1.1682242990654205e-05,1.1682242990654205e-05,0.005756558480431255,0.5003894080996885,0.5003894080996885
2009-03-05,0.0029923696278474163,0.0029612169798723387,0.03115264797507788,3.115264797507788e-05,0.007125905723766592,-0.0041335360959191755,0.12066188875474314,0.9953271028037384,3.115264797507768e-05,0.0029612169798723387,0.007125261932534642,0.010725760121567052,0.017649007334868305,0.01579787552737232,0.013471196278487642,0.01557632398753894,1.557632398753894e-05,1.557632398753894e-05,0.007110329399779053,0.01557632398753894,1.557632398753894e-05,1.557632398753894e-05,-0.004149112419906714,0.5003894080996885,0.5003894080996885
2009-03-06,-0.0018249696224400334,-0.0018522281894182266,0.027258566978193146,2.7258566978193143e-05,0.0003653443289017679,-0.0021903139513418015,-0.05943313136931151,0.9953271028037384,2.7258566978193184e-05,-0.0018522281894182266,0.0036750815686497048,0.005884486808690583,0.008495883215039322,0.0018161737157417711,0.0001934074504994039,0.01557632398753894,1.557632398753894e-05,1.557632398753894e-05,0.00034976800491422894,0.011682242990654205,1.1682242990654205e-05,1.1682242990654205e-05,-0.002201996194332456,0.5003894080996885,0.5003894080996885
2009-03-09,0.004345029806853626,0.004321665320872317,0.02336448598130841,2.336448598130841e-05,0.007917075615676901,-0.003572045808823275,0.16388497012474976,0.9953271028037384,2.336448598130869e-05,0.004321665320872317,0.006616646532812651,0.008350268433335098,0.01304521623248777,0.013766275109533013,0.016837654952914827,0.011682242990654205,1.1682242990654205e-05,1.1682242990654205e-05,0.007905393372686247,0.011682242990654205,1.1682242990654205e-05,1.1682242990654205e-05,-0.0035837280518139294,0.5003894080996885,0.5003894080996885
2009-03-10,0.0012667956587100139,0.0012395370917318207,0.027258566978193146,2.7258566978193143e-05,-0.00965359463989479,0.010920390298604803,0.06698676499715178,0.9953271028037384,2.7258566978193184e-05,0.0012395370917318207,-0.02319779832758075,-0.019589255784408233,-0.009318928730086051,-0.0211135811282303,-0.01839204541366505,0.011682242990654205,1.1682242990654205e-05,1.1682242990654205e-05,-0.009665276882885444,0.01557632398753894,1.557632398753894e-05,1.557632398753894e-05,0.010904813974617263,0.5003894080996885,0.5003894080996885
2009-03-11,-0.0003302005633807785,-0.0003574591303589716,0.027258566978193146,2.7258566978193143e-05,0.006901886599747546,-0.007232087163128324,0.013335524259725836,0.9953271028037384,2.7258566978193076e-05,-0.00035745913035897163,0.01169353465163879,0.02031175383769545,0.02210317023705765,0.0035526743723099394,0.01885367230223253,0.01557632398753894,1.557632398753894e-05,1.557632398753894e-05,0.006886310275760007,0.011682242990654205,1.1682242990654205e-05,1.1682242990654205e-05,-0.0072437694061189785,0.5003894080996885,0.5003894080996885
2009-03-12,-0.003120949184435509,-0.0031404195894199328,0.019470404984423675,1.9470404984423677e-05,-0.00048384673819098264,-0.0026371024462445262,-0.07565567281666345,0.9953271028037384,1.9470404984423765e-05,-0.0031404195894199328,0.008135520910191383,-0.00033673809813348463,0.0030677597823447087,0.008367169661038489,-0.005579727360018374,0.00778816199376947,7.78816199376947e-06,7.78816199376947e-06,-0.0004916349001847521,0.011682242990654205,1.1682242990654205e-05,1.1682242990654205e-05,-0.0026487846892351806,0.5003894080996885,0.5003894080996885
2009-03-13,-0.0022220668232373507,-0.0022376431472248895,0.01557632398753894,1.557632398753894e-05,-0.0030600200630542798,0.0008379532398169289,-0.03825533461303585,0.9953271028037384,1.557632398753884e-05,-0.0022376431472248895,-0.0007727154143675564,-0.003517778394441061,-0.011146786946756394,-0.003772594006336708,-0.007272998917709639,0.00778816199376947,7.78816199376947e-06,7.78816199376947e-06,-0.003067808225048049,0.00778816199376947,7.78816199376947e-06,7.78816199376947e-06,0.0008301650778231595,0.5003894080996885,0.5003894080996885
2009-03-16,0.005038922345808221,0.005003875616836259,0.035046728971962614,3.504672897196262e-05,5.102883180265014e-05,0.004987893514005571,0.1646704386629528,0.9953271028037384,3.504672897196217e-05,0.005003875616836258,-0.009495785078298636,-0.01114704288802933,-0.004601453524168365,-0.010242643492522747,0.00521414595859462,0.019470404984423675,1.9470404984423677e-05,1.9470404984423677e-05,3.1558426818226465e-05,0.01557632398753894,1.557632398753894e-05,1.557632398753894e-05,0.004972317190018032,0.5003894080996885,0.5003894080996885
2009-03-17,0.00457577379680522,0.0045563033918207966,0.019470404984423678,1.9470404984423677e-05,0.001706802406844979,0.0028689713899602413,0.09225979264869755,0.9953271028037384,1.947040498442333e-05,0.0045563033918207966,-0.0046223145377780805,-0.00809070864072125,-0.00429924279109472,0.004452788925193261,0.0028960852181055467,0.00778816199376947,7.78816199376947e-06,7.78816199376947e-06,0.0016990142448512096,0.011682242990654205,1.1682242990654205e-05,1.1682242990654205e-05,0.002857289146969587,0.5003894080996885,0.5003894080996885
2009-03-18,-0.0029535299366098403,-0.0029730003415942637,0.019470404984423675,1.9470404984423677e-05,-0.0038676806153626377,0.0009141506787527971,-0.09076537551190034,0.9953271028037384,1.947040498442333e-05,-0.002973000341594264,-0.003634176807373816,0.0017447325723072005,-0.012621615091294686,-0.012657773409998005,-0.005293779210467559,0.00778816199376947,7.78816199376947e-06,7.78816199376947e-06,-0.003875468777356407,0.011682242990654205,1.1682242990654205e-05,1.1682242990654205e-05,0.0009024684357621429,0.5003894080996885,0.5003894080996885
2009-03-19,0.003719728050560523,0.003696363564579215,0.02336448598130841,2.336448598130841e-05,0.00262565340320985,0.001094074647350673,0.13013425594014824,0.9953271028037384,2.3364485981308258e-05,0.003696363564579215,-0.00034203038014959274,-0.005926724402986764,0.002722335178654575,0.0071551125236533454,0.004304366414988632,0.00778816199376947,7.78816199376947e-06,7.78816199376947e-06,0.0026178652412160806,0.01557632398753894,1.557632398753894e-05,1.557632398753894e-05,0.0010784983233631342,0.5003894080996885,0.5003894080996885
2009-03-23,-0.0005571289064821123,-0.0005882815544571902,0.035046728971962614,3.504672897196262e-05,-0.003766509863285146,0.003209380956803034,0.015156561479981243,0.9953271028037384,3.1152647975077894e-05,-0.0005921756354540749,-0.006683309460407162,-0.006182847883125118,-0.012275832677955569,-0.0073794229238269456,-0.007600165798011398,0.011682242990654205,1.1682242990654205e-05,1.1682242990654205e-05,-0.0037781921062758003,0.02336448598130841,2.336448598130841e-05,1.9470404984423677e-05,0.00318991055181861,0.5003894080996885,0.5003894080996885
2009-03-24,-0.0011350742047782126,-0.001146756447768867,0.01557632398753894,1.557632398753894e-05,-0.0035458425705088854,0.0024107683657306725,-0.046577467264751135,0.9953271028037384,1.1682242990654346e-05,-0.0011506505287657515,-0.003083593654112438,-0.008399526016943045,-0.015623757221067756,-0.005451400869795801,-0.007894044594655352,0.003894080996884735,3.894080996884735e-06,3.894080996884735e-06,-0.0035497366515057703,0.011682242990654205,1.1682242990654205e-05,7.78816199376947e-06,0.002402980203736903,0.5003894080996885,0.5003894080996885
2009-03-25,-0.00017128406692805528,-0.00019464855290936376,0.02336448598130841,2.336448598130841e-05,-0.0021751338726212067,0.0020038498056931518,0.02854429435110936,0.9953271028037384,2.3364485981308475e-05,-0.0001946485529093637,-0.006300354910612851,0.0004927420541197882,-0.006311341146728807,-0.003558973127953608,-0.004736256052919739,0.011682242990654205,1.1682242990654205e-05,1.1682242990654205e-05,-0.002186816115611861,0.011682242990654205,1.1682242990654205e-05,1.1682242990654205e-05,0.0019921675627024974,0.5003894080996885,0.5003894080996885
2009-03-26,-0.0013362696596423524,-0.0013674223076174303,0.03115264797507788,3.115264797507788e-05,-0.0008092595958445461,-0.0005270100637978062,-0.03893796475190826,0.9953271028037384,3.1152647975077894e-05,-0.0013674223076174303,0.0012274981591724329,0.0007293844906734082,0.004607203555368143,-0.0006855956248181465,-0.0020776750018384675,0.011682242990654205,1.1682242990654205e-05,1.1682242990654205e-05,-0.0008209418388352004,0.019470404984423675,1.9470404984423677e-05,1.9470404984423677e-05,-0.0005464804687822298,0.5003894080996885,0.5003894080996885
2009-03-27,0.001743856417465041,0.0017204919314837326,0.02336448598130841,2.336448598130841e-05,0.005523442746376552,-0.00377958632891151,0.07995963069324737,0.9953271028037384,2.3364485981308475e-05,0.0017204919314837326,0.0059221842201016475,0.010993226130725548,0.010446279800990551,0.009646392318114538,0.011726144462205006,0.00778816199376947,7.78816199376947e-06,7.78816199376947e-06,0.005515654584382782,0.01557632398753894,1.557632398753894e-05,1.557632398753894e-05,-0.003795162652899049,0.5003894080996885,0.5003894080996885
2009-03-30,-0.0034758552499340217,-0.0034953256549184455,0.019470404984423678,1.9470404984423677e-05,-0.0001669938880286425,-0.003308861361905379,-0.09862267496127254,0.9953271028037384,1.9470404984423765e-05,-0.0034953256549184455,0.006421323875591671,0.007150660430870808,0.015827531241889636,0.0005469503422616988,-0.0007689467440915999,0.00778816199376947,7.78816199376947e-06,7.78816199376947e-06,-0.00017478205002241197,0.011682242990654205,1.1682242990654205e-05,1.1682242990654205e-05,-0.0033205436048960335,0.5003894080996885,0.5003894080996885
2009-03-31,0.0012483590152197503,0.0012288886102353265,0.019470404984423675,1.9470404984423677e-05,0.0007137024169995627,0.0005346565982201873,0.0630822783598604,0.9953271028037384,1.9470404984423765e-05,0.0012288886102353265,-0.0017695272977645354,0.0003084707267539152,-0.005468591079634162,-0.00046509873046439703,0.002360993915467728,0.011682242990654205,1.1682242990654205e-05,1.1682242990654205e-05,0.0007020201740089084,0.00778816199376947,7.78816199376947e-06,7.78816199376947e-06,0.0005268684362264178,0.5003894080996885,0.5003894080996885
2009-04-01,0.0030372245470143347,0.003009350171878495,0.03176845613272478,3.176845613272478e-05,-0.002888319016001607,0.005925543563015942,0.12361592372502545,0.9906976744186047,2.7874375135839707e-05,0.00300545609088161,-0.010620838078661102,-0.01490521434695046,0.001897914617100543,-0.008988743244035806,-0.004170585425986918,0.015875172064044055,1.5875172064044056e-05,1.5875172064044056e-05,-0.0029041941880656513,0.01589328406868073,1.589328406868073e-05,1.1999203071795993e-05,0.005913544359944146,0.5,0.5
2009-04-02,0.003081048198615631,0.003063305073739284,0.021628086836094164,2.1628086836094166e-05,-0.0024343840913185143,0.005515432289934145,0.11817076082466241,0.988399071925754,1.7743124876347296e-05,0.003059420111779537,-0.014601373416800989,-0.0044089059464020456,0.0008602173982257434,-0.007488610125359332,-0.003575831286331588,0.008885051889422468,8.885051889422467e-06,8.885051889422467e-06,-0.002443269143207937,0.012743034946671698,1.2743034946671699e-05,8.85807298692422e-06,0.005506574216947221,0.4988399071925754,0.502706883217324
2009-04-03,-0.002970909732299705,-0.002984444148386325,0.019334880123743233,1.9334880123743232e-05,-0.0016275068423601466,-0.0013434028899395583,-0.08384869075157297,0.988399071925754,1.3534416086619962e-05,-0.0029902446124234483,0.0028658062862307455,0.0024034439695839443,0.005591677977217236,-0.0011660462157155238,-0.004317631456586328,0.0038669760247486465,3.8669760247486465e-06,1.9334880123743233e-06,-0.001629440330372521,0.015467904098994586,1.5467904098994586e-05,1.160092807424594e-05,-0.0013550038180138043,0.4988399071925754,0.502706883217324
2009-04-06,-0.0007905369012234867,-0.000804071317310107,0.019334880123743233,1.9334880123743232e-05,-0.0015245164400775973,0.0007339795388541106,-0.015907567700433355,0.988399071925754,1.3534416086620287e-05,-0.00080987178134723,-0.0016412072370366178,-0.0011977260380847733,-0.010213578909499326,0.0008942322164002882,-0.00503130158964278,0.007733952049497293,7.733952049497293e-06,5.80046403712297e-06,-0.0015303169041147203,0.01160092807424594,1.160092807424594e-05,7.733952049497293e-06,0.0007262455868046133,0.4988399071925754,0.502706883217324
2009-04-07,-0.0002792454538151017,-0.0003024473099635936,0.02320185614849188,2.320185614849188e-05,0.0050802633932187135,-0.005359508847033815,0.025415173485560674,0.988399071925754,2.3201856148491874e-05,-0.0003024473099635936,0.012868231089517446,0.006956412981760994,0.010523231001595,0.004861671643854055,0.012845398055821338,0.015467904098994586,1.5467904098994586e-05,1.5467904098994586e-05,0.005064795489119719,0.007733952049497293,7.733952049497293e-06,7.733952049497293e-06,-0.005367242799083313,0.4988399071925754,0.502706883217324
2009-04-08,0.0032594417828322514,0.003240106902708508,0.019334880123743233,1.9334880123743232e-05,0.002007344402257056,0.001252097380575195,0.10974153122984476,0.988399071925754,1.9334880123743174e-05,0.003240106902708508,-0.0037384929128473693,-0.0001433448815409311,0.008406724974173425,0.0011540622255165488,0.005459006822400734,0.01160092807424594,1.160092807424594e-05,1.160092807424594e-05,0.00199574347418281,0.007733952049497293,7.733952049497293e-06,7.733952049497293e-06,0.0012443634285256976,0.4988399071925754,0.502706883217324
2009-04-09,-0.00297870646660358,-0.0030135092508263173,0.03480278422273782,3.480278422273782e-05,-0.004340047873955123,0.0013613414073515436,-0.05800241262221283,0.988399071925754,3.480278422273754e-05,-0.0030135092508263178,-0.001104030679221406,-0.006147625719221183,-0.005123607835291475,-0.008524723810222625,-0.008788061120525837,0.02320185614849188,2.320185614849188e-05,2.320185614849188e-05,-0.004363249730103615,0.01160092807424594,1.160092807424594e-05,1.160092807424594e-05,0.0013497404792772976,0.4988399071925754,0.502706883217324
2009-04-10,-0.0018871308504243044,-0.0019103327065727964,0.02320185614849188,2.320185614849188e-05,-0.0012972739358874544,-0.0005898569145368503,-0.024714233051420047,0.988399071925754,2.3201856148491982e-05,-0.0019103327065727964,0.0008736852197991794,0.0018636608194356967,0.007816531885122381,-0.0018687932622027748,-0.002966475924950888,0.01160092807424594,1.160092807424594e-05,1.160092807424594e-05,-0.0013088748639617004,0.01160092807424594,1.160092807424594e-05,1.160092807424594e-05,-0.0006014578426110963,0.4988399071925754,0.502706883217324
2009-04-13,-0.002821018662076994,-0.0028442205182254857,0.02320185614849188,2.320185614849188e-05,0.00022292051277225973,-0.003043939174849254,-0.08400628164143084,0.988399071925754,2.320185614849155e-05,-0.002844220518225486,0.008137606815119445,0.002273002174544387,-0.005108422936489004,0.0009369019776951051,0.00020186580886066122,0.01160092807424594,1.160092807424594e-05,1.160092807424594e-05,0.0002113195846980138,0.01160092807424594,1.160092807424594e-05,1.160092807424594e-05,-0.0030555401029235,0.4988399071925754,0.502706883217324
2009-04-14,0.0023051752676459657,0.0022626385313737306,0.042536736272235115,4.253673627223511e-05,0.0063451495018633,-0.004039974234217334,0.09403537542411806,0.988399071925754,4.253673627223516e-05,0.0022626385313737306,0.007034582076321535,0.010638044297173146,0.006125450156277211,0.014971054124493045,0.011594189928240097,0.015467904098994586,1.5467904098994586e-05,1.5467904098994586e-05,0.006329681597764305,0.027068832173240527,2.7068832173240526e-05,2.7068832173240526e-05,-0.004067043066390575,0.4988399071925754,0.502706883217324
2009-04-15,0.0010799377639927616,0.0010567359078442699,0.02320185614849188,2.320185614849188e-05,-0.0008663590558440466,0.0019462968198368084,0.025725171483076074,0.988399071925754,2.3201856148491766e-05,0.0010567359078442696,-0.004432532580135197,-0.003013025911864449,0.0038445787299941658,-0.005126595895267594,-4.1823585404231976e-05,0.01160092807424594,1.160092807424594e-05,1.160092807424594e-05,-0.0008779599839182926,0.01160092807424594,1.160092807424594e-05,1.160092807424594e-05,0.0019346958917625624,0.4988399071925754,0.502706883217324
2009-04-16,-0.003993685385622351,-0.004001419337671848,0.007733952049497293,7.733952049497293e-06,-0.006028007137121073,0.002034321751498722,-0.14983020164413288,0.988399071925754,7.73395204949675e-06,-0.004001419337671849,-0.001860502986940289,-0.00876030597732488,0.001318909995230652,-0.004580169033566906,-0.015835992758327123,0.0038669760247486465,3.8669760247486465e-06,3.8669760247486465e-06,-0.006031874113145822,0.0038669760247486465,3.8669760247486465e-06,3.8669760247486465e-06,0.0020304547754739733,0.4988399071925754,0.502706883217324
2009-04-17,-0.0036894299546477508,-0.0037048978587467456,0.015467904098994586,1.5467904098994586e-05,-0.00440867175045696,0.0007192417958092092,-0.16952729382546214,0.988399071925754,1.54679040989948e-05,-0.0037048978587467456,-0.000980871450080328,-0.0024433775033198485,-0.002433770679993782,-0.004614732885345387,-0.010949406983701376,0.01160092807424594,1.1600928074245939e-05,1.1600928074245939e-05,-0.0044202726785312054,0.0038669760247486465,3.8669760247486465e-06,3.8669760247486465e-06,0.0007153748197844605,0.4988399071925754,0.502706883217324
2009-04-20,0.002429824522729011,0.002418223594654765,0.01160092807424594,1.160092807424594e-05,0.008372713585931568,-0.005942889063202557,0.09056900419098408,0.988399071925754,1.1600928074245991e-05,0.002418223594654765,0.01105960088701674,0.014208691341613289,0.0248960982410744,0.01523014756456929,0.01756148125634214,0.007733952049497293,7.733952049497293e-06,7.733952049497293e-06,0.00836497963388207,0.0038669760247486465,3.8669760247486465e-06,3.8669760247486465e-06,-0.0059467560392273055,0.4988399071925754,0.502706883217324
2009-04-21,0.002282277239121108,0.0022784102630963596,0.0038669760247486465,3.8669760247486465e-06,-0.0020864883818769533,0.004368765620998061,0.09755271084379748,0.988399071925754,3.866976024748375e-06,0.002278410263096359,-0.008760880709270518,-0.009168760221478684,-0.0028026049771589937,-0.005337468578435765,-0.003605287752100491,0.0,0.0,0.0,-0.0020864883818769533,0.0038669760247486465,3.8669760247486465e-06,3.8669760247486465e-06,0.0043648986449733125,0.4988399071925754,0.502706883217324
2009-04-22,-0.0066348658506354494,-0.006650333754734445,0.015467904098994586,1.5467904098994586e-05,-0.0020006991927276822,-0.004634166657907768,-0.18436642822101174,0.988399071925754,1.5467904098995233e-05,-0.006650333754734444,0.012718041701863397,0.002794332216108568,0.0037413135112445046,-0.00442465136317914,-0.0038037302630543677,0.007733952049497293,7.733952049497293e-06,7.733952049497293e-06,-0.0020084331447771794,0.007733952049497293,7.733952049497293e-06,7.733952049497293e-06,-0.004641900609957265,0.4988399071925754,0.502706883217324
2009-04-23,-0.0023112321883866295,-0.0023383010205598703,0.027068832173240527,2.7068832173240526e-05,0.0004520537336235965,-0.0027632859220102263,-0.005463828849440797,0.988399071925754,2.706883217324079e-05,-0.00233830102055987,0.004945025292046637,0.007006156895425721,0.008881145742487665,-0.00019498624165980896,0.001456808184958533,0.01160092807424594,1.160092807424594e-05,1.160092807424594e-05,0.00044045280554935056,0.015467904098994586,1.5467904098994586e-05,1.5467904098994586e-05,-0.002778753826109221,0.4988399071925754,0.502706883217324
2009-04-24,-0.0009995483153059598,-0.001036284587541072,0.038669760247486466,3.8669760247486464e-05,-0.002884436514203875,0.0018848881988979152,0.017581733750031404,0.988399071925754,3.673627223511216e-05,-0.0010382180755534464,-0.002908109609017555,-0.005652771093376676,-0.004848048733539863,-0.005475451629207518,-0.005935707703688359,0.02320185614849188,2.3201856148491877e-05,2.3201856148491877e-05,-0.002907638370352367,0.015467904098994586,1.5467904098994586e-05,1.3534416086620263e-05,0.001871353782811295,0.4988399071925754,0.502706883217324
2009-04-27,0.007160837966544854,0.007083498446049882,0.07733952049497293,7.733952049497293e-05,0.006117539411766243,0.0010432985547786124,0.24931473202908275,0.988399071925754,7.73395204949727e-05,0.007083498446049882,-0.004456555479306864,0.0025649461053019844,0.005545098176845786,0.008147820441308804,0.014321388522168275,0.054137664346481054,5.413766434648105e-05,5.413766434648105e-05,0.006063401747419762,0.02320185614849188,2.320185614849188e-05,2.320185614849188e-05,0.0010200966986301204,0.4988399071925754,0.502706883217324
2009-04-28,-0.0021913554525565494,-0.002328633101435126,0.13921113689095127,0.00013921113689095127,-0.005571877085179133,0.003380521632622584,-0.057166948060077216,0.988399071925754,0.00013727764887857662,-0.002330566589447501,-0.004664840115410229,-0.011109104288054202,-0.011145505078713357,-0.0118688803733069,-0.01082006462994334,0.10440835266821345,0.00010440835266821346,0.00010440835266821346,-0.005676285437847347,0.03480278422273782,3.480278422273782e-05,3.2869296210363495e-05,0.0033476523364122206,0.4988399071925754,0.502706883217324
2009-04-30,0.0010873789734705593,0.0010100394529755864,0.07733952049497293,7.733952049497293e-05,0.0032488911385277408,-0.002161512165057182,0.008431738358639508,0.988399071925754,7.733952049497291e-05,0.0010100394529755864,0.004955518363178392,0.0032034415119447423,0.01230508735599172,0.0035300342567261846,0.008004322969581952,0.058004640371229696,5.80046403712297e-05,5.80046403712297e-05,0.0031908864981565113,0.019334880123743233,1.9334880123743232e-05,1.9334880123743232e-05,-0.002180847045180925,0.4988399071925754,0.502706883217324
2009-05-01,-0.0025124089784994185,-0.0025356108346479105,0.02320185614849188,2.320185614849188e-05,-0.010302010378773228,0.00778960140027381,-0.08469939337148603,0.9907192575406032,2.3201856148491982e-05,-0.0025356108346479105,-0.014758672264587706,-0.017328955985029405,-0.024507843841801602,-0.020802577225889823,-0.02057661701438947,0.015467904098994586,1.5467904098994586e-05,1.5467904098994586e-05,-0.010317478282872224,0.007733952049497293,7.733952049497293e-06,7.733952049497293e-06,0.007781867448224312,0.4988399071925754,0.502706883217324
2009-05-07,-0.0049110878362288255,-0.004942023644426814,0.030935808197989172,3.093580819798917e-05,-0.00019311492113035172,-0.0047179729150984735,-0.11144096759651398,0.9907192575406032,3.093580819798873e-05,-0.004942023644426815,0.012198173246398221,0.003977323178005079,0.005639162423381302,0.000598513567219778,-0.0008799488604041793,0.015467904098994586,1.5467904098994586e-05,1.5467904098994586e-05,-0.0002085828252293463,0.015467904098994586,1.5467904098994586e-05,1.5467904098994586e-05,-0.004733440819197468,0.4988399071925754,0.502706883217324
2009-05-08,-0.004450460532740973,-0.004504598197087454,0.054137664346481054,5.413766434648105e-05,-0.004894372112563126,0.0004439115798221524,-0.1310115590835692,0.9907192575406032,5.413766434648158e-05,-0.004504598197087453,-0.0007520718005044214,-0.0011655199929913574,-0.004327506807479902,-0.012701335651884962,-0.008366595293927569,0.03480278422273782,3.480278422273782e-05,3.480278422273782e-05,-0.004929174896785863,0.019334880123743233,1.9334880123743232e-05,1.9334880123743232e-05,0.00042457669969840915,0.4988399071925754,0.502706883217324
2009-05-11,-0.001393827425792443,-0.0014595660182131702,0.06960556844547564,6.960556844547564e-05,0.004368053257265584,-0.005761880683058027,-0.009870702637934013,0.9907192575406032,6.573859242072714e-05,-0.0014634329942379187,0.01174090422220068,0.011442918273296467,0.011070426501806105,0.01103953301080123,0.007614868056563106,0.038669760247486466,3.8669760247486464e-05,3.8669760247486464e-05,0.004329383497018098,0.030935808197989172,3.093580819798917e-05,2.7068832173240526e-05,-0.005788949515231268,0.4988399071925754,0.502706883217324
2009-05-12,-0.004817021875762827,-0.0048556916360103135,0.042536736272235115,4.253673627223511e-05,-0.00309765314930248,-0.0017193687264603476,-0.15463065323770636,0.9907192575406032,3.866976024748635e-05,-0.004859558612035062,0.00489720764206024,0.000545788266173609,-0.007556947737681945,-0.0061396804114120405,-0.006244730775801204,0.02320185614849188,2.320185614849188e-05,2.320185614849188e-05,-0.0031208550054509718,0.019334880123743233,1.9334880123743232e-05,1.5467904098994586e-05,-0.0017348366305593422,0.4988399071925754,0.502706883217324
2009-05-13,0.0009968443955467345,0.0009311058031260075,0.065738592420727,6.573859242072699e-05,0.008358782157414722,-0.007361937761867989,0.022450565060351934,0.988399071925754,6.573859242072692e-05,0.0009311058031260074,0.014550354399659533,0.015512022819720967,0.01747318932396171,0.014561772861111934,0.017853777126507372,0.027068832173240527,2.7068832173240526e-05,2.7068832173240526e-05,0.008331713325241482,0.038669760247486466,3.8669760247486464e-05,3.8669760247486464e-05,-0.007400607522115475,0.4988399071925754,0.502706883217324
2009-05-14,-0.008179880914405897,-0.008214683698628635,0.03480278422273782,3.480278422273782e-05,-0.008725214797594447,0.0005453338831885518,-0.27391823489998307,0.988399071925754,3.480278422273754e-05,-0.008214683698628635,0.0012345916653772836,-0.005720084505805315,-0.005180954777365566,-0.013572148888474975,-0.01945044354015698,0.019334880123743233,1.9334880123743232e-05,1.9334880123743232e-05,-0.008744549677718191,0.015467904098994586,1.5467904098994586e-05,1.5467904098994586e-05,0.0005298659790895572,0.4988399071925754,0.502706883217324
2009-05-15,0.00365311076700918,0.0035796382225389556,0.07733952049497293,7.733952049497293e-05,0.009074264769860656,-0.005421154002851477,0.18007162549091918,0.988399071925754,7.347254447022432e-05,0.0035757712465142068,0.011079938213957582,0.010442691598535813,0.016834201140807747,0.01475569800631903,0.01990825413039823,0.038669760247486466,3.8669760247486464e-05,3.8669760247486464e-05,0.00903559500961317,0.038669760247486466,3.8669760247486464e-05,3.480278422273782e-05,-0.0054559567870742145,0.4988399071925754,0.502706883217324
2009-05-18,-0.0016529396005285962,-0.0016761414566770882,0.02320185614849188,2.320185614849188e-05,-0.0036814780544406076,0.002028538453912011,-0.05399850658697291,0.988399071925754,2.3201856148491982e-05,-0.0016761414566770882,-0.0032214942743508915,-0.005756547362499288,-0.009895139753721352,-0.00612699475498445,-0.008006621516441974,0.007733952049497293,7.733952049497293e-06,7.733952049497293e-06,-0.0036892120064901048,0.015467904098994586,1.5467904098994586e-05,1.5467904098994586e-05,0.0020130705498130163,0.4988399071925754,0.502706883217324
2009-05-19,-0.003650882844578864,-0.00366248377265311,0.01160092807424594,1.1600928074245939e-05,-0.00238159734491641,-0.0012692854996624535,-0.1513479469163957,0.988399071925754,1.1600928074245991e-05,-0.00366248377265311,0.004242372334719611,-0.0008513207110040917,-0.0038749123413792702,-0.0013371766605454116,-0.006492819499906174,0.007733952049497293,7.733952049497293e-06,7.733952049497293e-06,-0.0023893312969659073,0.0038669760247486465,3.8669760247486465e-06,3.8669760247486465e-06,-0.0012731524756872021,0.4988399071925754,0.502706883217324
2009-05-20,-0.001944032966658819,-0.0019711017988320594,0.030935808197989172,3.093580819798917e-05,0.0003392616963516274,-0.0022832946630104464,-0.10897980363728801,0.9907192575406032,2.7068832173240357e-05,-0.001974968774856808,0.004750593241640013,0.00434092033290931,0.00045556585442054013,-0.000509087200814011,0.0012746956315294572,0.015467904098994586,1.5467904098994586e-05,1.5467904098994586e-05,0.0003237937922526328,0.015467904098994586,1.5467904098994586e-05,1.160092807424594e-05,-0.0022948955910846924,0.4988399071925754,0.502706883217324
2009-05-21,-0.00041600799341476747,-0.0004237419454642647,0.01160092807424594,1.160092807424594e-05,0.0028535809897360293,-0.0032695889831507972,0.021889668307058796,0.9907192575406032,7.733952049497237e-06,-0.0004276089214890134,0.006579371845925111,0.00650441237891248,0.004034607628530807,0.005082350288729194,0.0060394765294230456,0.0038669760247486465,3.8669760247486465e-06,3.8669760247486465e-06,0.0028497140137112805,0.007733952049497293,7.733952049497293e-06,3.8669760247486465e-06,-0.003273455959175546,0.4988399071925754,0.502706883217324
2009-05-22,-0.0033694391289174523,-0.0033771730809669495,0.007733952049497293,7.733952049497293e-06,-0.0008958791575540963,-0.002473559971363356,-0.12680495394298655,0.9907192575406032,7.733952049497183e-06,-0.0033771730809669495,0.006407646329898276,0.002060581958681678,-0.001144913010965192,-0.0015297883128089296,-0.0019289936359616902,0.0,0.0,0.0,-0.0008958791575540963,0.007733952049497293,7.733952049497293e-06,7.733952049497293e-06,-0.002481293923412853,0.4988399071925754,0.502706883217324
2009-05-25,-0.000983904494504044,-0.0009993723986030385,0.015467904098994586,1.5467904098994586e-05,0.000881552724521151,-0.001865457219025195,-0.034189702675865664,0.9907192575406032,1.5467904098994583e-05,-0.0009993723986030385,0.003687132711058326,0.0038445075276488236,0.0019324446695676118,0.0010028743430455591,0.00214937136988617,0.0038669760247486465,3.8669760247486465e-06,3.8669760247486465e-06,0.0008776857484964023,0.01160092807424594,1.160092807424594e-05,1.160092807424594e-05,-0.001877058147099441,0.4988399071925754,0.502706883217324
2009-05-26,0.0030575697207917956,0.0030537027447670472,0.0038669760247486465,3.8669760247486465e-06,-0.004101368333363317,0.007158938054155113,0.14441034148189782,0.9907192575406032,3.866976024748375e-06,0.003053702744767047,-0.01401795642721313,-0.01501760762939961,-0.00937219490582339,-0.007579493619803669,-0.008542972387862745,0.0,0.0,0.0,-0.004101368333363317,0.0038669760247486465,3.8669760247486465e-06,3.8669760247486465e-06,0.007155071078130364,0.4988399071925754,0.502706883217324
2009-05-27,-0.0028128594461182925,-0.0028283273502172873,0.019334880123743233,1.9334880123743232e-05,0.001320352173370768,-0.00413321161948906,-0.09815020572606864,0.9907192575406032,1.54679040989948e-05,-0.0028321943262420357,0.008395549639581624,0.008261088498498444,0.005337176800198273,-0.00031575036844823156,0.004128143463685518,0.007733952049497293,7.733952049497293e-06,7.733952049497293e-06,0.0013126182213212705,0.01160092807424594,1.160092807424594e-05,7.733952049497293e-06,-0.004140945571538558,0.4988399071925754,0.502706883217324
2009-05-28,-0.003283114484942971,-0.003306316341091463,0.027068832173240527,2.7068832173240526e-05,0.0009339482479970128,-0.004217062732939984,-0.11813242783047899,0.9907192575406032,2.3201856148491982e-05,-0.0033101833171162113,0.008826162763264301,0.007708893606919766,0.0033335258927271643,0.005895623158167265,-0.00013945091708331218,0.007733952049497293,7.733952049497293e-06,7.733952049497293e-06,0.0009262142959475155,0.019334880123743233,1.9334880123743232e-05,1.5467904098994586e-05,-0.004232530637038978,0.4988399071925754,0.502706883217324
2009-05-29,0.0009160301289958419,0.0009005622248968472,0.015467904098994586,1.5467904098994586e-05,0.0015816736663016456,-0.0006656435373058037,0.07069652836759942,0.9907192575406032,1.546790409899469e-05,0.0009005622248968473,0.0010745339333902263,0.001854081406412125,0.0038196825066599,0.0007446677491790204,0.00438372205687102,0.0038669760247486465,3.8669760247486465e-06,3.8669760247486465e-06,0.001577806690276897,0.01160092807424594,1.1600928074245939e-05,1.1600928074245939e-05,-0.0006772444653800497,0.4988399071925754,0.502706883217324
2009-06-01,-0.003219414044359795,-0.0032387489244835384,0.019334880123743233,1.9334880123743232e-05,-0.0037104046373011767,0.000490990592941382,-0.10010609550633949,0.9907192575406032,1.9334880123743608e-05,-0.003238748924483538,0.0021783695103547718,-0.00730953360988725,-0.0029973383488096374,-0.007492716100931729,-0.007410742405418836,0.007733952049497293,7.733952049497293e-06,7.733952049497293e-06,-0.003718138589350674,0.01160092807424594,1.160092807424594e-05,1.160092807424594e-05,0.0004793896648671361,0.4988399071925754,0.502706883217324
2009-06-02,-0.006804268820544006,-0.006815869748618252,0.015467904098994586,1.5467904098994586e-05,-0.0013660075478499926,-0.005438261272694013,-0.31479235528806965,0.9907192575406032,1.1600928074246425e-05,-0.006819736724643,0.013220024533411647,0.006572843715783298,0.0032792934945571764,-0.0007297356183150956,-0.003742685119609988,0.0038669760247486465,3.8669760247486465e-06,3.8669760247486465e-06,-0.0013698745238747412,0.01160092807424594,1.160092807424594e-05,7.733952049497293e-06,-0.005445995224743511,0.4988399071925754,0.502706883217324
2009-06-03,0.00011217105086840372,9.670314676940908e-05,0.015467904098994586,1.5467904098994586e-05,0.0034428209613020047,-0.003330649910433601,0.032769272113646435,0.9907192575406032,1.5467904098994637e-05,9.670314676940914e-05,0.006946653632291007,0.006298616467288222,0.004171808750604736,0.004298527711904348,0.008203218709079203,0.007733952049497293,7.733952049497293e-06,7.733952049497293e-06,0.0034350870092525075,0.007733952049497293,7.733952049497293e-06,7.733952049497293e-06,-0.0033383838624830983,0.4988399071925754,0.502706883217324
2009-06-04,0.001661219962337669,0.0016457520582386744,0.019334880123743233,1.9334880123743232e-05,-0.00013878503821194277,0.0018000050005496117,0.07934406803498877,0.9907192575406032,1.5467904098994583e-05,0.0016418850822139258,-0.004397965980609073,-0.002029214390924402,-0.0008278986501852854,-0.0019195524507805751,0.0005424528430460041,0.01160092807424594,1.160092807424594e-05,1.160092807424594e-05,-0.0001503859662861887,0.007733952049497293,7.733952049497293e-06,3.8669760247486465e-06,0.0017961380245248631,0.4988399071925754,0.502706883217324
2009-06-05,-0.0008897339471793497,-0.0009013348752535957,0.01160092807424594,1.160092807424594e-05,-0.0032661555625969636,0.002376421615417614,-0.04298424721992863,0.9907192575406032,1.1600928074245991e-05,-0.0009013348752535957,-0.0039788161937365975,-0.006334056676410408,-0.0037249444934162154,-0.00648707194556014,-0.006577717846842893,0.0038669760247486465,3.8669760247486465e-06,3.8669760247486465e-06,-0.0032700225386217124,0.007733952049497293,7.733952049497293e-06,7.733952049497293e-06,0.002368687663368117,0.4988399071925754,0.502706883217324
2009-06-08,0.0008693727555878164,0.0008616388035383191,0.007733952049497293,7.733952049497293e-06,0.0018719282725222829,-0.0010025555169344664,0.04884346898784403,0.9907192575406032,7.733952049497291e-06,0.0008616388035383191,0.0009378199148798107,0.004153682418595101,0.00816157153465189,0.0034082469865348683,0.0039247212889914306,0.0038669760247486465,3.8669760247486465e-06,3.8669760247486465e-06,0.0018680612964975343,0.0038669760247486465,3.8669760247486465e-06,3.8669760247486465e-06,-0.001006422492959215,0.4988399071925754,0.502706883217324
2009-06-09,-0.0014361257593745694,-0.0014438597114240668,0.007733952049497293,7.733952049497293e-06,-0.0009122612450560797,-0.0005238645143184898,-0.07929805865154017,0.9907192575406032,7.7339520494974e-06,-0.0014438597114240668,0.0024152761327695506,-0.0016800554422190673,-0.00015579417397312473,0.0022883895943718265,-0.003887343145691753,0.0038669760247486465,3.8669760247486465e-06,3.8669760247486465e-06,-0.0009161282210808284,0.0038669760247486465,3.8669760247486465e-06,3.8669760247486465e-06,-0.0005277314903432385,0.4988399071925754,0.502706883217324
2009-06-10,0.0031025462050786293,0.003098679229053881,0.007733952049497293,7.733952049497293e-06,0.0033257527649197,-0.00022320655984107063,0.13927370300845315,0.9907192575406032,3.866976024748375e-06,0.003094812253029132,2.8146176769650276e-05,0.001286716077894897,0.002223576634386473,0.007214162187644826,0.006393380127203569,0.0,0.0,0.0,0.0033257527649197,0.007733952049497293,7.733952049497293e-06,3.8669760247486465e-06,-0.00022707353586581927,0.4988399071925754,0.502706883217324
2009-06-11,-0.0040210724356279605,-0.004036540339726955,0.019334880123743233,1.9334880123743232e-05,-0.0038000159409108426,-0.00022105649471711788,-0.16886291469713977,0.9907192575406032,1.5467904098994366e-05,-0.004040407315751704,3.117162961854978e-05,0.001267080218294219,-0.002569143091874572,-0.004173342454725581,-0.00933988833449237,0.0038669760247486465,3.8669760247486465e-06,3.8669760247486465e-06,-0.0038038829169355914,0.015467904098994586,1.5467904098994586e-05,1.160092807424594e-05,-0.00023265742279136381,0.4988399071925754,0.502706883217324
2009-06-12,-0.005053634280649903,-0.005072969160773646,0.02320185614849188,2.320185614849188e-05,-0.00203860118212289,-0.0030150330985270137,-0.18409728539986922,0.9907192575406032,1.9334880123743174e-05,-0.005076836136798395,0.00824763749988204,0.001828799343932842,4.374628098273331e-06,0.00020462836803695925,-0.006232340529332192,0.015467904098994586,1.5467904098994586e-05,1.5467904098994586e-05,-0.0020540690862218846,0.007733952049497293,7.733952049497293e-06,3.8669760247486465e-06,-0.0030189000745517625,0.4988399071925754,0.502706883217324
2009-06-15,0.0012319691579448424,0.0012165012538458478,0.019334880123743233,1.9334880123743232e-05,0.004698789534895846,-0.0034668203769510036,0.08753928715920238,0.9907192575406032,1.5467904098994583e-05,0.0012126342778210992,0.006431907560266569,0.007985481378990805,0.00369951378771299,0.008351749320018078,0.00995327619724754,0.007733952049497293,7.733952049497293e-06,7.733952049497293e-06,0.004691055582846348,0.01160092807424594,1.160092807424594e-05,7.733952049497293e-06,-0.003474554329000501,0.4988399071925754,0.502706883217324
2009-06-16,-0.010387565785383818,-0.010399166713458065,0.01160092807424594,1.160092807424594e-05,-0.0026928784649548395,-0.007694687320428979,-0.437603800487963,0.9907192575406032,1.1600928074246425e-05,-0.010399166713458065,0.0170506913703113,0.01217410891200378,0.004417436722466794,-0.0024407093855811006,-0.006877068226248072,0.007733952049497293,7.733952049497293e-06,7.733952049497293e-06,-0.0027006124170043367,0.0038669760247486465,3.8669760247486465e-06,3.8669760247486465e-06,-0.007698554296453728,0.4988399071925754,0.502706883217324
2009-06-17,8.921512351555655e-05,8.148117146605926e-05,0.007733952049497293,7.733952049497293e-06,0.003216762307221359,-0.003127547183705803,0.06426462747809229,0.9907192575406032,7.733952049497291e-06,8.148117146605926e-05,0.005330292996230432,0.008148337303034965,0.007183241906027845,0.007081071311193251,0.0061321937937922535,0.007733952049497293,7.733952049497293e-06,7.733952049497293e-06,0.003209028355171862,0.0,0.0,0.0,-0.003127547183705803,0.4988399071925754,0.502706883217324
2009-06-18,0.003135502303912393,0.003131635327887645,0.0038669760247486465,3.8669760247486465e-06,-0.001545866539053103,0.004681368842965496,0.19941823177150142,0.9907192575406032,3.866976024748375e-06,0.0031316353278876444,-0.007927401404547755,-0.012298731674413267,-0.00913121704457152,-0.007302938580285,-0.0009969154424055516,0.0038669760247486465,3.8669760247486465e-06,3.8669760247486465e-06,-0.0015497335150778517,0.0,0.0,0.0,0.004681368842965496,0.4988399071925754,0.502706883217324
2009-06-19,-0.005082369141421363,-0.00509010309347086,0.007733952049497293,7.733952049497293e-06,-0.004539556922978811,-0.000542812218442552,-0.21910385127304607,0.9907192575406032,7.73395204949675e-06,-0.005090103093470861,-0.0015181430357726713,0.006300733506178922,-0.003341381623927506,-0.0046585240606542054,-0.011321080065978949,0.0038669760247486465,3.8669760247486465e-06,3.8669760247486465e-06,-0.0045434238990035595,0.0038669760247486465,3.8669760247486465e-06,3.8669760247486465e-06,-0.0005466791944673007,0.4988399071925754,0.502706883217324
2009-06-22,0.0024334938476848443,0.0024257598956353467,0.007733952049497293,7.733952049497293e-06,0.005942957364632645,-0.003509463516947801,0.15743994850828028,0.9907192575406032,7.733952049497617e-06,0.002425759895635347,0.006799030713482056,0.007507688933098711,0.011930620428133431,0.011817661364865962,0.011961503904706579,0.0038669760247486465,3.8669760247486465e-06,3.8669760247486465e-06,0.005939090388607896,0.0038669760247486465,3.8669760247486465e-06,3.8669760247486465e-06,-0.0035133304929725498,0.4988399071925754,0.502706883217324
2009-06-23,-0.0013822327901734427,-0.00138996674222294,0.01160092807424594,1.160092807424594e-05,-0.0004193012107627228,-0.00096293157941072,-0.09022266426606301,0.988399071925754,7.7339520494974e-06,-0.0013938337182476887,0.0026163121239994053,0.0006265311975450062,0.002560106153521183,-0.0021911260090444933,-0.00016526598505031266,0.0038669760247486465,3.8669760247486465e-06,3.8669760247486465e-06,-0.0004231681867874714,0.007733952049497293,7.733952049497293e-06,3.8669760247486465e-06,-0.0009667985554354687,0.4988399071925754,0.502706883217324
2009-06-24,-0.002833394481623127,-0.002837261457647876,0.0038669760247486465,3.8669760247486465e-06,-0.0005631162705341118,-0.0022702782110890153,-0.1663964354502065,0.988399071925754,3.866976024748808e-06,-0.002837261457647876,0.007290166129758294,-0.0007663570739255437,0.0021105656555380986,0.0005733636668765065,-0.0019799593632071058,0.0038669760247486465,3.8669760247486465e-06,3.8669760247486465e-06,-0.0005669832465588605,0.0,0.0,0.0,-0.0022702782110890153,0.4988399071925754,0.502706883217324
2009-06-25,-0.004971435909848707,-0.004979169861898204,0.01160092807424594,1.160092807424594e-05,-0.0023608443939469137,-0.0026105915159017933,-0.18237837426406128,0.9907192575406032,7.73395204949675e-06,-0.004983036837922953,0.004971175604670636,0.005757624744430909,-0.000599617691289095,0.0007600297072948263,-0.0074790190428877835,0.0,0.0,0.0,-0.0023608443939469137,0.01160092807424594,1.160092807424594e-05,7.733952049497293e-06,-0.0026183254679512905,0.4988399071925754,0.502706883217324
2009-06-26,0.0036034168532561197,0.0035918159251818738,0.01160092807424594,1.160092807424594e-05,0.005794962052848844,-0.0021915451995927243,0.19672117250321558,0.9907192575406032,1.1600928074245991e-05,0.0035918159251818738,0.0034148287260542588,0.006350193445907262,0.009436306995983175,0.01055882341135943,0.012145904420677391,0.007733952049497293,7.733952049497293e-06,7.733952049497293e-06,0.0057872281007993465,0.0038669760247486465,3.8669760247486465e-06,3.8669760247486465e-06,-0.002195412175617473,0.4988399071925754,0.502706883217324
2009-06-29,-0.0018727183505599543,-0.001888186254658949,0.019334880123743233,1.9334880123743232e-05,-0.0039561114903836955,0.002083393139823741,-0.06491462897087802,0.9907192575406032,1.5467904098994583e-05,-0.0018920532306836975,-0.003642478094841049,-0.005329182044114658,-0.004174713116843581,-0.006637644617025326,-0.00857711294047831,0.007733952049497293,7.733952049497293e-06,7.733952049497293e-06,-0.003963845442433193,0.01160092807424594,1.160092807424594e-05,7.733952049497293e-06,0.0020756591877742437,0.4988399071925754,0.502706883217324
2009-06-30,-0.00048060314393972577,-0.0004960710480387204,0.019334880123743233,1.9334880123743232e-05,0.0022057359964868764,-0.002686339140426602,-0.020236267817692284,0.9907192575406032,1.5467904098994637e-05,-0.000499938024063469,0.004634157907108657,0.006887202830301739,0.001701265511496388,0.004114146182579265,0.00457552375396044,0.01160092807424594,1.160092807424594e-05,1.160092807424594e-05,0.0021941350684126304,0.007733952049497293,7.733952049497293e-06,3.8669760247486465e-06,-0.002690206116451351,0.4988399071925754,0.502706883217324
2009-07-01,-0.0025602131002334097,-0.0025718140283076557,0.01160092807424594,1.160092807424594e-05,-0.002282948623458614,-0.0002772644767747956,-0.10702013793072544,0.9907192575406032,1.1600928074245991e-05,-0.0025718140283076557,0.0003312690534340352,0.0010049175604333748,-0.0021993743909165643,-0.0035116267398156206,-0.005108960049003791,0.0038669760247486465,3.8669760247486465e-06,3.8669760247486465e-06,-0.002286815599483363,0.007733952049497293,7.733952049497293e-06,7.733952049497293e-06,-0.00028499842882429287,0.4988399071925754,0.502706883217324
2009-07-02,-0.0023494668222824437,-0.002357200774331941,0.007733952049497293,7.733952049497293e-06,0.0029759496245984497,-0.005325416446880893,-0.08516005485463841,0.9907192575406032,7.733952049497183e-06,-0.002357200774331941,0.012406089845322833,0.007214627127107799,0.005850291045848474,0.005281201203369237,0.006308010711352115,0.007733952049497293,7.733952049497293e-06,7.733952049497293e-06,0.0029682156725489525,0.0,0.0,0.0,-0.005325416446880893,0.4988399071925754,0.502706883217324
2009-07-03,-0.00019773958604469292,-0.00020547353809419015,0.007733952049497293,7.733952049497293e-06,0.004169810552169038,-0.004367550138213731,0.030121426238824744,0.9907192575406032,7.733952049497237e-06,-0.0002054735380941902,0.009478373002175453,0.007309497384999581,0.008303476078010704,0.010350696612098843,0.007363175051984454,0.0038669760247486465,3.8669760247486465e-06,3.8669760247486465e-06,0.0041659435761442895,0.0038669760247486465,3.8669760247486465e-06,3.8669760247486465e-06,-0.00437141711423848,0.4988399071925754,0.502706883217324
2009-07-06,-0.0006845888888369327,-0.0006961898169111786,0.015467904098994586,1.5467904098994586e-05,-0.0001963159251145443,-0.0004882729637223884,-0.054927419134623644,0.9907192575406032,1.1600928074245883e-05,-0.0007000567929359273,-0.0009489050313644948,0.0048121933973160865,0.00033278300169649913,-0.0012829974431881233,5.1181300261257505e-05,0.007733952049497293,7.733952049497293e-06,7.733952049497293e-06,-0.00020404987716404158,0.007733952049497293,7.733952049497293e-06,3.8669760247486465e-06,-0.000492139939747137,0.4988399071925754,0.502706883217324
2009-07-07,0.0016491851860912887,0.0016221163539180481,0.030935808197989172,3.093580819798917e-05,0.0024974928715593516,-0.0008483076854680629,0.08669385510487915,0.9907192575406032,2.7068832173240574e-05,0.0016182493778932995,0.003370211970821142,-0.0016387409774087714,0.0014050417278801638,0.005167634099535931,0.004926085933781434,0.015467904098994586,1.5467904098994586e-05,1.5467904098994586e-05,0.002482024967460357,0.015467904098994586,1.5467904098994586e-05,1.160092807424594e-05,-0.0008599086135423089,0.4988399071925754,0.502706883217324
2009-07-08,0.001791097603901321,0.0017717627237775779,0.019334880123743233,1.9334880123743232e-05,0.005201595035766886,-0.0034104974318655648,0.09770350751914107,0.9907192575406032,1.9334880123743174e-05,0.0017717627237775779,0.0060476047812814595,0.00841536336488906,0.007546008253171592,0.008513443897507956,0.011384353356470634,0.015467904098994586,1.5467904098994586e-05,1.5467904098994586e-05,0.0051861271316678914,0.0038669760247486465,3.8669760247486465e-06,3.8669760247486465e-06,-0.0034143644078903136,0.4988399071925754,0.502706883217324
2009-07-09,0.000678794170142728,0.0006710602180932307,0.007733952049497293,7.733952049497293e-06,-0.0016843236571540306,0.0023631178272967585,-0.007421999452287912,0.9907192575406032,7.733952049497291e-06,0.0006710602180932307,-0.005610513720673242,-0.0029906532595591405,-0.0017707440027704955,-0.0036080863675904376,-0.003260678882949343,0.0038669760247486465,3.8669760247486465e-06,3.8669760247486465e-06,-0.0016881906331787792,0.0038669760247486465,3.8669760247486465e-06,3.8669760247486465e-06,0.0023592508512720097,0.4988399071925754,0.502706883217324
2009-07-10,0.01023966140608026,0.010224193501981265,0.015467904098994586,1.5467904098994586e-05,0.004346413725721081,0.0058932476803591795,0.40154508295788377,0.9907192575406032,1.5467904098995233e-05,0.010224193501981265,-0.014497647096882785,-0.006446423251371262,0.0017576039824404785,0.00032212076019658815,0.012908504613756026,0.007733952049497293,7.733952049497293e-06,7.733952049497293e-06,0.004338679773671583,0.007733952049497293,7.733952049497293e-06,7.733952049497293e-06,0.005885513728309682,0.4988399071925754,0.502706883217324
2009-07-13,-0.003949323655965948,-0.003964791560064942,0.015467904098994586,1.5467904098994586e-05,-0.003070340850732664,-0.0008789828052332841,-0.15357307947221208,0.9907192575406032,1.5467904098994366e-05,-0.003964791560064942,0.0029340198370506514,-0.0005818779663495049,-0.0031395535701136787,-0.0037367742042682737,-0.007364056432743385,0.0038669760247486465,3.8669760247486465e-06,3.8669760247486465e-06,-0.0030742078267574128,0.01160092807424594,1.160092807424594e-05,1.160092807424594e-05,-0.0008905837333075301,0.4988399071925754,0.502706883217324
2009-07-14,-0.0004532303494192624,-0.0004802991815925029,0.027068832173240527,2.7068832173240526e-05,0.00454446373230407,-0.0049976940817233325,-0.010124761726227345,0.9907192575406032,2.706883217324052e-05,-0.0004802991815925029,0.010024628657771668,0.010006642441053263,0.011427073211163456,0.011459168718782371,0.007935512398444077,0.015467904098994586,1.5467904098994586e-05,1.5467904098994586e-05,0.004528995828205076,0.01160092807424594,1.160092807424594e-05,1.160092807424594e-05,-0.005009295009797578,0.4988399071925754,0.502706883217324
2009-07-15,-0.000847756389627795,-0.000859357317702041,0.01160092807424594,1.160092807424594e-05,-0.002827031025559907,0.0019792746359321117,0.0003880355873762488,0.9907192575406032,1.1600928074245991e-05,-0.000859357317702041,-0.002701036434963902,-0.006501192731282526,-0.008039218804425366,-0.006488329822126295,-0.0052566516378879215,0.007733952049497293,7.733952049497293e-06,7.733952049497293e-06,-0.002834764977609404,0.0038669760247486465,3.8669760247486465e-06,3.8669760247486465e-06,0.001975407659907363,0.4988399071925754,0.502706883217324
2009-07-16,-0.0014111048416923838,-0.0014343066978408758,0.02320185614849188,2.320185614849188e-05,0.001404470832744233,-0.002815575674436617,-0.02236433667056624,0.9907192575406032,2.3201856148491982e-05,-0.0014343066978408758,0.006333722281902085,0.004265296585249531,0.005292750683300634,0.0023259979231589987,0.0030602121703700194,0.01160092807424594,1.160092807424594e-05,1.160092807424594e-05,0.001392869904669987,0.01160092807424594,1.160092807424594e-05,1.160092807424594e-05,-0.002827176602510863,0.4988399071925754,0.502706883217324
2009-07-17,-0.006974566556466146,-0.0069939014365898895,0.019334880123743233,1.9334880123743232e-05,-0.0038978553059253497,-0.0030767112505407966,-0.3296209335487958,0.9907192575406032,1.9334880123743174e-05,-0.0069939014365898895,0.008476080255350528,0.0015510378472024318,0.0015284467408192774,-0.0045298208025111334,-0.009455849855864147,0.007733952049497293,7.733952049497293e-06,7.733952049497293e-06,-0.003905589257974847,0.01160092807424594,1.160092807424594e-05,1.160092807424594e-05,-0.0030883121786150426,0.4988399071925754,0.502706883217324
2009-07-21,-0.0022372248553877132,-0.002244958807437211,0.01160092807424594,1.1600928074245939e-05,-0.001538658054027583,-0.0006985668013601305,-0.09153984140863936,0.9907192575406032,7.733952049497617e-06,-0.0022488257834619592,0.0022986037530766906,-0.0003426033530183475,-0.003498121780259269,-0.0021176599799490404,-0.0035678789957409793,0.0,0.0,0.0,-0.001538658054027583,0.01160092807424594,1.1600928074245939e-05,7.733952049497293e-06,-0.0007063007534096277,0.4988399071925754,0.502706883217324
2009-07-22,0.000726442007047994,0.0007071071269242506,0.019334880123743233,1.9334880123743232e-05,0.004929629939789802,-0.004203187932741808,0.07136535385485182,0.9907192575406032,1.933488012374339e-05,0.0007071071269242507,0.007731717547885324,0.009994149019459978,0.008573297218307626,0.00936542961854107,0.010140567777120659,0.007733952049497293,7.733952049497293e-06,7.733952049497293e-06,0.004921895987740304,0.01160092807424594,1.160092807424594e-05,1.160092807424594e-05,-0.0042147888608160535,0.4988399071925754,0.502706883217324
2009-07-23,-0.00012263507125878824,-0.00013810297535778285,0.019334880123743233,1.9334880123743232e-05,-0.0020480020408219883,0.0019253669695631999,-0.010731592354827263,0.9907192575406032,1.546790409899461e-05,-0.00014196995138253147,-0.003266282231853888,-0.005046502939293235,-0.0017593680668010142,-0.0036697605837742436,-0.004323414216910159,0.0038669760247486465,3.8669760247486465e-06,3.8669760247486465e-06,-0.002051869016846737,0.015467904098994586,1.5467904098994586e-05,1.160092807424594e-05,0.0019137660414889539,0.4988399071925754,0.502706883217324
2009-07-24,0.0015291690217443974,0.0015214350696949003,0.007733952049497293,7.733952049497293e-06,-0.0013045161657871294,0.002833685187531527,0.11606880414423491,0.9907192575406032,7.733952049497183e-06,0.0015214350696949,-0.004899700963636547,-0.007242248991230459,-0.004815639340829616,-0.004293849760232011,-0.0017757248928206416,0.0038669760247486465,3.8669760247486465e-06,3.8669760247486465e-06,-0.001308383141811878,0.0038669760247486465,3.8669760247486465e-06,3.8669760247486465e-06,0.0028298182115067782,0.4988399071925754,0.502706883217324
2009-07-27,0.002023719066539857,0.001996650234366617,0.027068832173240527,2.7068832173240526e-05,-0.0018187850280163757,0.0038425040945562327,0.08736813683159837,0.988399071925754,2.7068832173240357e-05,0.001996650234366617,-0.00855159712704612,-0.006076098962971188,-0.0054110344715942406,-0.0032854924359750253,-0.0038262980639314965,0.015467904098994586,1.5467904098994586e-05,1.5467904098994586e-05,-0.0018342529321153703,0.01160092807424594,1.160092807424594e-05,1.160092807424594e-05,0.0038309031664819867,0.4988399071925754,0.502706883217324
2009-07-28,0.000580865867274614,0.000580865867274614,0.0,0.0,0.0019041971960589272,-0.0013233313287843132,0.015899057662770975,0.988399071925754,0.0,0.000580865867274614,0.002460691604610668,0.0030728000853436693,0.006627449557003004,0.0015682036040693362,0.004941774882858803,0.0,0.0,0.0,0.0019041971960589272,0.0,0.0,0.0,-0.0013233313287843132,0.4988399071925754,0.502706883217324
2009-07-29,0.002604077072891272,0.0025847421927675286,0.019334880123743233,1.9334880123743232e-05,0.0014274013540506961,0.001176675718840576,0.10215670719051381,0.9907192575406032,1.9334880123743174e-05,0.0025847421927675286,-0.003091896970543779,-0.0008926791029164647,0.000544334728490933,-0.0014219937579292752,0.005003159555214754,0.01160092807424594,1.160092807424594e-05,1.160092807424594e-05,0.0014158004259764501,0.007733952049497293,7.733952049497293e-06,7.733952049497293e-06,0.0011689417667910785,0.4988399071925754,0.502706883217324
2009-07-30,-0.002047171675922148,-0.002062639580021143,0.015467904098994586,1.5467904098994586e-05,-0.0028416770836691414,0.0007945054077469934,-0.08945186011500299,0.9907192575406032,1.54679040989948e-05,-0.002062639580021143,-0.0017230611198081449,-0.001331996328834233,0.0019545584894372367,-0.0026384686934193963,-0.007225622558369837,0.01160092807424594,1.160092807424594e-05,1.160092807424594e-05,-0.0028532780117433874,0.0038669760247486465,3.8669760247486465e-06,3.8669760247486465e-06,0.0007906384317222447,0.4988399071925754,0.502706883217324
2009-07-31,-0.00045635577590559187,-0.0004640897279550892,0.007733952049497293,7.733952049497293e-06,0.0004681710742172351,-0.000924526850122827,-0.0042298496525029735,0.9907192575406032,7.733952049497346e-06,-0.00046408972795508916,0.002040699351428946,0.0014786627725319466,0.003346156291398847,0.00105232689720278,0.0008816160838704358,0.0038669760247486465,3.8669760247486465e-06,3.8669760247486465e-06,0.00046430409819248644,0.0038669760247486465,3.8669760247486465e-06,3.8669760247486465e-06,-0.0009283938261475757,0.4988399071925754,0.502706883217324
2009-08-03,0.00015950323725598953,0.00014790230918174354,0.01160092807424594,1.160092807424594e-05,-0.002636987336658955,0.002796490573914944,0.005215620025194339,0.9907192575406032,1.1600928074245991e-05,0.0001479023091817436,-0.006766045676243137,-0.003285872889709181,-0.0032264117146421248,-0.005601376367407776,-0.00512867141234269,0.007733952049497293,7.733952049497293e-06,7.733952049497293e-06,-0.002644721288708452,0.0038669760247486465,3.8669760247486465e-06,3.8669760247486465e-06,0.0027926235978901954,0.4988399071925754,0.502706883217324
2009-08-04,0.002022373077173104,0.0020030381970493607,0.027068832173240527,2.7068832173240526e-05,9.213103826102712e-06,0.002013159973347001,0.12276123949410758,0.9907192575406032,1.9334880123743174e-05,0.0019953042449998635,-0.0052149639679959225,-0.0019196789719971396,-0.004430148912909692,-0.0004956403352562442,0.0002755237565749847,0.0038669760247486465,3.8669760247486465e-06,3.8669760247486465e-06,5.346127801354066e-06,0.02320185614849188,2.320185614849188e-05,1.5467904098994586e-05,0.0019976920692480063,0.4988399071925754,0.502706883217324
2009-08-05,-0.00010521179980291811,-0.0001245466799266613,0.02320185614849188,2.320185614849188e-05,-0.0014324309178595173,0.0013272191180565991,0.06266370090569466,0.9907192575406032,1.9334880123743174e-05,-0.00012841365595141,-0.0028967546320174944,-0.002255691167626733,-0.0033116972064938938,-0.003372139200224629,-0.0026212168575443268,0.01160092807424594,1.160092807424594e-05,1.160092807424594e-05,-0.0014440318459337633,0.01160092807424594,1.160092807424594e-05,7.733952049497293e-06,0.0013194851660071017,0.4988399071925754,0.502706883217324
2009-08-06,0.0034161889019796695,0.0033968540218559263,0.019334880123743233,1.9334880123743232e-05,0.004212515766617818,-0.0007963268646381482,0.18171472927099752,0.9907192575406032,1.9334880123743174e-05,0.0033968540218559263,0.0008306395277634327,0.003147110868268217,0.005560688346639864,0.007784966540413472,0.008774453674530096,0.01160092807424594,1.160092807424594e-05,1.160092807424594e-05,0.004200914838543572,0.007733952049497293,7.733952049497293e-06,7.733952049497293e-06,-0.0008040608166876455,0.4988399071925754,0.502706883217324
2009-08-07,-0.005230320735892809,-0.005249655616016552,0.019334880123743233,1.9334880123743232e-05,-0.005981126614885638,0.0007508058789928295,-0.27520878716441827,0.9907192575406032,1.9334880123743174e-05,-0.005249655616016552,-0.0008503330211477659,-0.0028344207793019904,-0.003113022230914187,-0.011633692140846112,-0.01216826256457027,0.007733952049497293,7.733952049497293e-06,7.733952049497293e-06,-0.0059888605669351355,0.01160092807424594,1.160092807424594e-05,1.160092807424594e-05,0.0007392049509185835,0.4988399071925754,0.502706883217324
2009-08-10,-0.0034108681584102477,-0.003426336062509242,0.015467904098994586,1.5467904098994586e-05,-0.0007454973179013729,-0.0026653708405088745,-0.1731531990605814,0.9907192575406032,1.5467904098994366e-05,-0.0034263360625092425,0.005432647295855698,0.00529046230715955,0.0036476581245224815,0.00047957473100575883,-0.0024814804632853796,0.007733952049497293,7.733952049497293e-06,7.733952049497293e-06,-0.0007532312699508702,0.007733952049497293,7.733952049497293e-06,7.733952049497293e-06,-0.0026731047925583717,0.4988399071925754,0.502706883217324
2009-08-11,-0.0011393932973150218,-0.001158728177438765,0.019334880123743233,1.9334880123743232e-05,0.0030690403111589383,-0.00420843360847396,-0.04649331274408658,0.9907192575406032,1.9334880123743174e-05,-0.001158728177438765,0.009508956000460743,0.006512550490981462,0.004349952253497098,0.0044373156383492735,0.007009875023449797,0.01160092807424594,1.160092807424594e-05,1.160092807424594e-05,0.0030574393830846923,0.007733952049497293,7.733952049497293e-06,7.733952049497293e-06,-0.004216167560523457,0.4988399071925754,0.502706883217324
2009-08-12,-0.0005736132769247161,-0.0005890811810237105,0.019334880123743233,1.9334880123743232e-05,2.7292612371687307e-05,-0.0006009058892964033,-0.04048951983466538,0.9907192575406032,1.5467904098994474e-05,-0.0005929481570484593,0.001343170252681874,0.0009899525987621506,-0.0021619235517863628,0.0028648721104832437,-0.0013503678045518738,0.0038669760247486465,3.8669760247486465e-06,3.8669760247486465e-06,2.342563634693866e-05,0.015467904098994586,1.5467904098994586e-05,1.1600928074245939e-05,-0.0006125068173706493,0.4988399071925754,0.502706883217324
2009-08-13,-0.0043069320366748015,-0.0043301338928232935,0.02320185614849188,2.320185614849188e-05,-0.002350230273830364,-0.0019567017628444377,-0.2289979372141297,0.9907192575406032,2.3201856148491982e-05,-0.0043301338928232935,0.004700169528086587,0.002585786872379031,-0.0017680119841315457,-0.000639913011790215,-0.0067471312709947995,0.015467904098994586,1.5467904098994586e-05,1.5467904098994586e-05,-0.0023656981779293586,0.007733952049497293,7.733952049497293e-06,7.733952049497293e-06,-0.001964435714893935,0.4988399071925754,0.502706883217324
2009-08-14,0.0013106821541768168,0.0013068151781520682,0.0038669760247486465,3.8669760247486465e-06,-0.00044288002640801823,0.001753562180584835,0.07609743601373921,0.9907192575406032,3.8669760247485915e-06,0.0013068151781520682,-0.005795764726822099,0.0007761176082283247,0.0007545303820776324,-3.490783357069239e-05,-0.001314276023088067,0.0038669760247486465,3.8669760247486465e-06,3.8669760247486465e-06,-0.0004467470024327669,0.0,0.0,0.0,0.001753562180584835,0.4988399071925754,0.502706883217324
2009-08-17,-0.00011291377474803237,-0.00012838167884702693,0.015467904098994586,1.5467904098994586e-05,0.0022411510559851894,-0.002354064830733222,0.010256438712082743,0.9907192575406032,1.546790409899457e-05,-0.00012838167884702696,0.005464316623207006,0.0034827574157726207,0.0029667033444855453,0.004245618166689682,0.004616280022210624,0.01160092807424594,1.160092807424594e-05,1.160092807424594e-05,0.0022295501279109434,0.0038669760247486465,3.8669760247486465e-06,3.8669760247486465e-06,-0.002357931806757971,0.4988399071925754,0.502706883217324
2009-08-18,-0.0004095578292030906,-0.0004172917812525879,0.007733952049497293,7.733952049497293e-06,-0.0004096507234109471,9.289420785659028e-08,-0.02831405022240723,0.9953596287703016,7.733952049497291e-06,-0.0004172917812525879,6.776971358985827e-05,-0.00013452204877417864,-0.0009423388217340913,0.001074859766208316,-0.0017692400816398666,0.0038669760247486465,3.8669760247486465e-06,3.8669760247486465e-06,-0.00041351769943569574,0.0038669760247486465,3.8669760247486465e-06,3.8669760247486465e-06,-3.7740818168920562e-06,0.4988399071925754,0.502706883217324
2009-08-19,-0.0010889617654474474,-0.0010966957174969446,0.007733952049497293,7.733952049497293e-06,-3.1275993330899307e-06,-0.0010858341661143574,-0.029184947789503656,0.9953596287703016,7.733952049497183e-06,-0.0010966957174969448,0.0020941767172500767,0.002390504520718984,0.0003674503300178948,-0.0009793355485936326,0.00048026315583708296,0.0038669760247486465,3.8669760247486465e-06,3.8669760247486465e-06,-6.994575357838577e-06,0.0038669760247486465,3.8669760247486465e-06,3.8669760247486465e-06,-0.001089701142139106,0.4988399071925754,0.502706883217324
2009-08-20,-0.001239822429833262,-0.001243689405858011,0.0038669760247486465,3.8669760247486465e-06,0.0028168359866587818,-0.004056658416492044,-0.039532062025592764,0.9953596287703016,3.866976024748808e-06,-0.0012436894058580107,0.006824741061440066,0.010905787820521791,0.00968156127068967,0.009428311426774262,0.0037560045906821823,0.0,0.0,0.0,0.0028168359866587818,0.0038669760247486465,3.8669760247486465e-06,3.8669760247486465e-06,-0.004060525392516793,0.4988399071925754,0.502706883217324
2009-08-21,-0.001017963508899577,-0.001029564436973823,0.01160092807424594,1.160092807424594e-05,-0.0033241438539486903,0.002306180345049113,-0.05092168762491384,0.9976798143851509,1.1600928074245991e-05,-0.001029564436973823,-0.004610622145258007,-0.004648017040407259,-0.00752753265659152,-0.007877167247373739,-0.006057039639465819,0.007733952049497293,7.733952049497293e-06,7.733952049497293e-06,-0.0033318778059981875,0.0038669760247486465,3.8669760247486465e-06,3.8669760247486465e-06,0.0023023133690243643,0.4988399071925754,0.502706883217324
2009-08-24,0.0005036976113029845,0.0004959636592534872,0.007733952049497293,7.733952049497293e-06,0.001772060775727648,-0.0012683631644246633,0.057458667686839354,0.9976798143851509,7.733952049497291e-06,0.0004959636592534872,0.001971447508151726,0.003684982060910919,0.0041161268388295825,0.0038880182758803633,0.003384536403957141,0.0038669760247486465,3.8669760247486465e-06,3.8669760247486465e-06,0.0017681937997028993,0.0038669760247486465,3.8669760247486465e-06,3.8669760247486465e-06,-0.001272230140449412,0.4988399071925754,0.502706883217324
2009-08-25,-0.0023475942282263555,-0.0023630621323253503,0.015467904098994586,1.5467904098994586e-05,-0.001841540326668384,-0.0005060539015579716,-0.1346938080704753,0.9953596287703016,1.54679040989948e-05,-0.0023630621323253503,0.000752270800415988,0.0015569470613439175,-0.00344478762370639,-0.0019640211410558066,-0.004555458365244702,0.0038669760247486465,3.8669760247486465e-06,3.8669760247486465e-06,-0.0018454073026931326,0.01160092807424594,1.160092807424594e-05,1.160092807424594e-05,-0.0005176548296322176,0.4988399071925754,0.502706883217324
2009-08-26,-0.0007999661225457353,-0.0008077000745952326,0.007733952049497293,7.733952049497293e-06,0.001784951695080635,-0.0025849178176263706,-0.041828769379239204,0.9953596287703016,7.733952049497291e-06,-0.0008077000745952326,0.006798822909143127,0.0019708465282793058,0.005567700087216718,0.004590182501843179,0.003072216985681344,0.0038669760247486465,3.8669760247486465e-06,3.8669760247486465e-06,0.0017810847190558865,0.0038669760247486465,3.8669760247486465e-06,3.8669760247486465e-06,-0.0025887847936511194,0.4988399071925754,0.502706883217324
2009-08-27,-8.868706797047022e-05,-9.255404399521884e-05,0.0038669760247486465,3.8669760247486465e-06,0.0006305445372976034,-0.0007192316052680736,0.05365188162505632,0.9976798143851509,3.8669760247486186e-06,-9.255404399521887e-05,0.002160610871326198,4.203678796995562e-06,0.001655017690839927,0.0005469872004012619,0.0016225391596268138,0.0,0.0,0.0,0.0006305445372976034,0.0038669760247486465,3.8669760247486465e-06,3.8669760247486465e-06,-0.0007230985812928223,0.4988399071925754,0.502706883217324
2009-08-28,-0.00011662975340538114,-0.00012823068147962708,0.01160092807424594,1.160092807424594e-05,-0.0016764643866056781,0.001559834633200297,0.002619787846617994,0.9976798143851509,1.1600928074245937e-05,-0.00012823068147962708,-0.0021901488123845744,-0.0050004753088493835,-0.006094870910297302,-0.0016437316086892534,-0.004219223618634773,0.007733952049497293,7.733952049497293e-06,7.733952049497293e-06,-0.0016841983386551755,0.0038669760247486465,3.8669760247486465e-06,3.8669760247486465e-06,0.0015559676571755485,0.4988399071925754,0.502706883217324
2009-08-31,-0.004064144486115164,-0.0040796123902141586,0.015467904098994586,1.5467904098994586e-05,-0.003252664276097312,-0.0008114802100178524,-0.1987995236313037,0.9976798143851509,1.5467904098994366e-05,-0.0040796123902141586,0.0032902743483984418,-0.0017003444570151014,-0.0061851150538430495,-0.005160498772717967,-0.007200436448510375,0.007733952049497293,7.733952049497293e-06,7.733952049497293e-06,-0.003260398228146809,0.007733952049497293,7.733952049497293e-06,7.733952049497293e-06,-0.0008192141620673497,0.4988399071925754,0.502706883217324
2009-09-01,0.0012470418856806778,0.0012277070055569347,0.02320185614849188,2.320185614849188e-05,0.0036637454348958346,-0.0024167035492151565,0.07567476886506071,0.9976798143851509,1.9334880123743174e-05,0.0012238400295321859,0.003837739614822351,0.0067692137520347665,0.004337855235101417,0.008954865351732266,0.006539364643483436,0.007733952049497293,7.733952049497293e-06,7.733952049497293e-06,0.0036560114828463374,0.015467904098994586,1.5467904098994586e-05,1.160092807424594e-05,-0.0024283044772894025,0.4988399071925754,0.502706883217324
2009-09-02,0.0011747114926878213,0.0011631105646135753,0.01160092807424594,1.160092807424594e-05,0.0016748283648283723,-0.0005001168721405512,0.09163264458300743,0.9976798143851509,1.1600928074245991e-05,0.0011631105646135753,-0.0005917655030745565,0.004204972602396115,0.0018287133780529037,0.0007267213623381615,0.004672809262372978,0.007733952049497293,7.733952049497293e-06,7.733952049497293e-06,0.001667094412778875,0.0038669760247486465,3.8669760247486465e-06,3.8669760247486465e-06,-0.0005039838481652999,0.4988399071925754,0.502706883217324
2009-09-03,0.002580336527749309,0.002568735599675063,0.015467904098994586,1.5467904098994586e-05,0.0021492340976449675,0.00043110243010434157,0.15833623435648508,0.9976798143851509,1.1600928074245991e-05,0.002564868623650314,-0.0029662518074670802,0.0033398736515624678,0.00011821422664092208,0.001561670873103654,0.005681861512878273,0.007733952049497293,7.733952049497293e-06,7.733952049497293e-06,0.0021415001455954703,0.007733952049497293,7.733952049497293e-06,3.8669760247486465e-06,0.0004272354540795929,0.4988399071925754,0.502706883217324
2009-09-04,0.0012560410997439697,0.0012483071476944723,0.007733952049497293,7.733952049497293e-06,-0.0011629062943306224,0.0024189473940745923,0.11408804404006254,0.9976798143851509,7.7339520494974e-06,0.0012483071476944723,-0.004344797044746015,-0.005857843029291446,-0.0075787211039161344,-0.0024865049025207813,-0.0022535797314593648,0.0038669760247486465,3.8669760247486465e-06,3.8669760247486465e-06,-0.001166773270355371,0.0038669760247486465,3.8669760247486465e-06,3.8669760247486465e-06,0.0024150804180498434,0.4988399071925754,0.502706883217324
2009-09-07,-0.00392288712153866,-0.003942222001662403,0.019334880123743233,1.9334880123743232e-05,-0.00043328692813947376,-0.0034896001933991862,-0.18291431946706055,0.9976798143851509,1.9334880123743174e-05,-0.003942222001662403,0.009143922263662094,0.0026984487287927796,-7.024804193338796e-05,-0.0008007619999222902,-0.0009025027165140632,0.007733952049497293,7.733952049497293e-06,7.733952049497293e-06,-0.00044102088018897105,0.01160092807424594,1.160092807424594e-05,1.160092807424594e-05,-0.0035012011214734322,0.4988399071925754,0.502706883217324
2009-09-08,-0.00021666701660124024,-0.00023600189672498342,0.02320185614849188,2.320185614849188e-05,0.0023551875872216297,-0.00257185460382287,0.022595224259010716,0.9976798143851509,1.9334880123743174e-05,-0.00023986887274973212,0.005030668184550808,0.005288685313783114,0.0047456467858946125,0.005006092607773421,0.004578947999084376,0.01160092807424594,1.160092807424594e-05,1.160092807424594e-05,0.0023435866591473837,0.01160092807424594,1.160092807424594e-05,7.733952049497293e-06,-0.002579588555872367,0.4988399071925754,0.502706883217324
2009-09-09,-0.0014434339128770021,-0.0014589018169759967,0.015467904098994586,1.5467904098994586e-05,-0.00044992929391460756,-0.0009935046189623944,-0.04592563418164529,0.9976798143851509,1.5467904098994583e-05,-0.0014589018169759967,0.0037381647866717603,-0.0015883730692271604,0.0017877183977719985,-0.003028959841719671,0.00016155299753056195,0.01160092807424594,1.160092807424594e-05,1.160092807424594e-05,-0.0004615302219888535,0.0038669760247486465,3.8669760247486465e-06,3.8669760247486465e-06,-0.000997371594987143,0.4988399071925754,0.502706883217324
2009-09-10,-0.0007423368113532718,-0.0007500707634027691,0.007733952049497293,7.733952049497293e-06,-0.0025144595585614407,0.001772122747208169,-0.025313402447108214,0.9953596287703016,7.733952049497291e-06,-0.0007500707634027691,-0.002552174943102097,-0.005558393467721179,-0.005804736003076202,-0.005007425637679783,-0.005057208597950673,0.0,0.0,0.0,-0.0025144595585614407,0.007733952049497293,7.733952049497293e-06,7.733952049497293e-06,0.0017643887951586715,0.4988399071925754,0.502706883217324
2009-09-11,0.0005908292468440898,0.0005753613427450953,0.015467904098994586,1.5467904098994586e-05,0.0015357406358013006,-0.0009449113889572106,0.07521727124958102,0.9953596287703016,1.5467904098994583e-05,0.0005753613427450953,0.0012408383190047707,0.003209438857198109,0.0033042149611605454,0.0034059091725931944,0.002914981790659406,0.0038669760247486465,3.8669760247486465e-06,3.8669760247486465e-06,0.001531873659776552,0.01160092807424594,1.160092807424594e-05,1.160092807424594e-05,-0.0009565123170314566,0.4988399071925754,0.502706883217324
2009-09-14,0.0033340577789498092,0.003320523362863189,0.015467904098994586,1.5467904098994586e-05,0.001968021569956757,0.0013660362089930522,0.19335081106732643,0.9953596287703016,1.3534416086620395e-05,0.0033185898748508144,-0.002467569285525546,-0.0032227543210437398,-0.0009756820696751647,0.0015021323433336573,0.005166728921249652,0.007733952049497293,7.733952049497293e-06,7.733952049497293e-06,0.00196028761790726,0.007733952049497293,7.733952049497293e-06,5.80046403712297e-06,0.0013602357449559292,0.4988399071925754,0.502706883217324
2009-09-15,0.0022301742946623277,0.0022185733665880817,0.01160092807424594,1.160092807424594e-05,0.001118922500908585,0.0011112517937537428,0.10733586042504728,0.9976798143851509,1.1600928074245991e-05,0.0022185733665880817,-0.0036601264681328247,0.0007223555549497176,0.0028517364309422915,0.002729560204685611,0.0019997938364357997,0.007733952049497293,7.733952049497293e-06,7.733952049497293e-06,0.0011111885488590877,0.0038669760247486465,3.8669760247486465e-06,3.8669760247486465e-06,0.0011073848177289942,0.4988399071925754,0.502706883217324
2009-09-16,0.0023740986001185562,0.002354763719994813,0.02320185614849188,2.320185614849188e-05,-0.0008158409468339859,0.003189939546952542,0.1487382191617778,0.9976798143851509,1.9334880123743174e-05,0.0023508967439700643,-0.008040257717406742,-0.0031036326312778506,-0.003726551255263112,-0.0029302612383915213,-0.0009880841348887592,0.0038669760247486465,3.8669760247486465e-06,3.8669760247486465e-06,-0.0008197079228587346,0.019334880123743233,1.9334880123743232e-05,1.5467904098994586e-05,0.003174471642853547,0.4988399071925754,0.502706883217324
2009-09-17,0.0008647425301119923,0.0008492746260129976,0.015467904098994586,1.5467904098994586e-05,0.0024129878898047283,-0.0015482453596927358,0.041462529109963946,0.9976798143851509,1.546790409899469e-05,0.0008492746260129977,0.003656734991858607,0.00199760559806282,0.0008699349773837122,0.0017350463537157883,0.006388275291787485,0.01160092807424594,1.160092807424594e-05,1.160092807424594e-05,0.0024013869617304823,0.0038669760247486465,3.8669760247486465e-06,3.8669760247486465e-06,-0.0015521123357174844,0.4988399071925754,0.502706883217324
2009-09-18,-0.007130978280291391,-0.007142579208365637,0.015467904098994586,1.5467904098994586e-05,-0.00608830551114437,-0.0010426727691470207,-0.2742637210291399,0.9976798143851509,1.1600928074245558e-05,-0.007146446184390386,0.004203399972506738,-0.002233967895503877,-0.005594850517195367,-0.005959966948492461,-0.015327409609264634,0.0038669760247486465,3.8669760247486465e-06,3.8669760247486465e-06,-0.006092172487169119,0.01160092807424594,1.1600928074245939e-05,7.733952049497293e-06,-0.0010504067211965181,0.4988399071925754,0.502706883217324
2009-09-24,-0.0024158338860659043,-0.002435168766189648,0.02320185614849188,2.320185614849188e-05,-0.0025292090366029673,0.00011337515053706291,-0.10265183808148025,0.9976798143851509,1.9334880123743608e-05,-0.0024390357422143963,0.0005971000989720526,-0.0018760330800111865,-0.0023856465629950993,-0.001696359545393228,-0.006757092981553705,0.0038669760247486465,3.8669760247486465e-06,3.8669760247486465e-06,-0.002533076012627716,0.019334880123743233,1.9334880123743232e-05,1.5467904098994586e-05,9.790724643806833e-05,0.4988399071925754,0.502706883217324
2009-09-25,0.0038153689787703824,0.0037999010746713876,0.019334880123743233,1.9334880123743232e-05,0.005719056180557408,-0.001903687201787025,0.21117781807077973,0.9976798143851509,1.54679040989948e-05,0.0037960340986466392,0.0020604007978908363,0.0072799683945493476,0.0070720429347684,0.009783864041722445,0.012305136912768376,0.007733952049497293,7.733952049497293e-06,7.733952049497293e-06,0.00571132222850791,0.01160092807424594,1.160092807424594e-05,7.733952049497293e-06,-0.0019114211538365225,0.4988399071925754,0.502706883217324
2009-09-28,0.001321273221272161,0.0012942043890989204,0.030935808197989172,3.093580819798917e-05,-0.0010878377998841291,0.00240911102115629,0.07420206650445252,0.9976798143851509,2.7068832173240574e-05,0.0012903374130741718,-0.0045131693222198324,-0.00546194298511886,-0.0069731005539823004,-0.0027447205301951807,-0.0018987427006005005,0.015467904098994586,1.5467904098994586e-05,1.5467904098994586e-05,-0.0011033057039831237,0.015467904098994586,1.5467904098994586e-05,1.160092807424594e-05,0.002397510093082044,0.4988399071925754,0.502706883217324
2009-09-29,-0.0020327541822522887,-0.0020482220863512835,0.019334880123743233,1.9334880123743232e-05,0.0010442046286174632,-0.0030769588108697523,-0.10079258100930594,0.9976798143851509,1.54679040989948e-05,-0.002052089062376032,0.005990991092762241,0.006383379614432627,-0.0046866174763510035,0.00295872736767592,0.0016605353505861798,0.01160092807424594,1.160092807424594e-05,1.160092807424594e-05,0.0010326037005432172,0.007733952049497293,7.733952049497293e-06,3.8669760247486465e-06,-0.003080825786894501,0.4988399071925754,0.502706883217324
2009-09-30,0.003060647078571508,0.0030413121984477647,0.02320185614849188,2.3201856148491877e-05,-0.005047322712488104,0.008107969791059612,0.1050652275481328,0.9976798143851509,1.9334880123743174e-05,0.003037445222423016,-0.016951225662154682,-0.014858501884249135,-0.01423139942551713,-0.010677112024563881,-0.009838626004571823,0.01160092807424594,1.160092807424594e-05,1.160092807424594e-05,-0.00505892364056235,0.01160092807424594,1.160092807424594e-05,7.733952049497293e-06,0.008100235839010114,0.4988399071925754,0.502706883217324
2009-10-01,0.0029654627013526416,0.0029538617732783956,0.015467904098994586,1.5467904098994586e-05,0.00526850327526452,-0.002303040573911878,0.09893771256071111,0.9976798143851509,1.1600928074245991e-05,0.002949994797253647,0.00406530596399424,0.005625224966188668,0.010969624795423377,0.008287628578985495,0.01169845253589568,0.0038669760247486465,3.8669760247486465e-06,3.8669760247486465e-06,0.0052646362992397715,0.01160092807424594,1.160092807424594e-05,7.733952049497293e-06,-0.0023107745259613754,0.4988399071925754,0.502706883217324
2009-10-02,0.0014594327792393786,0.0014362309230908869,0.02320185614849188,2.320185614849188e-05,0.0007074817438800276,0.0007519510353593511,0.06655845154300924,0.9976798143851509,2.3201856148491766e-05,0.0014362309230908866,-0.0012228944553991706,-0.00204797023544652,0.005566484758635837,0.0021363064474034044,0.0010592279270817296,0.01160092807424594,1.160092807424594e-05,1.160092807424594e-05,0.0006958808158057816,0.01160092807424594,1.160092807424594e-05,1.160092807424594e-05,0.0007403501072851051,0.4988399071925754,0.502706883217324
2009-10-05,0.0016539820669022052,0.0016385141628032106,0.015467904098994586,1.5467904098994586e-05,0.0006734697012091926,0.0009805123656930126,0.06674975678395427,0.9976798143851509,1.5467904098994583e-05,0.0016385141628032106,-0.0022288532693622524,-0.0013872154263650485,-0.005046642099273998,-0.0017602284403368032,0.002905221949618369,0.0038669760247486465,3.8669760247486465e-06,3.8669760247486465e-06,0.0006696027251844439,0.01160092807424594,1.160092807424594e-05,1.160092807424594e-05,0.0009689114376187666,0.4988399071925754,0.502706883217324
2009-10-06,-0.00493617195052784,-0.004967107758725829,0.030935808197989172,3.093580819798917e-05,-0.0017391537296278252,-0.0031970182209000147,-0.23551780649967174,0.9976798143851509,3.093580819798873e-05,-0.00496710775872583,0.009383869670653994,0.00024075001343828594,0.002901938178651759,0.0036871492053906613,-0.0070731694222506275,0.01160092807424594,1.160092807424594e-05,1.160092807424594e-05,-0.0017507546577020712,0.019334880123743233,1.9334880123743232e-05,1.9334880123743232e-05,-0.003216353101023758,0.4988399071925754,0.502706883217324
2009-10-07,0.0026204255212362963,0.002593356689063056,0.030935808197989172,3.093580819798917e-05,0.001174598054423614,0.0014458274668126825,0.11761681487998353,0.9976798143851509,2.7068832173240357e-05,0.002589489713038307,-0.0034715985513412493,-0.0017519420349398197,0.00182887399473494,0.0032269025289522746,0.001918537768941846,0.019334880123743233,1.9334880123743232e-05,1.9334880123743232e-05,0.0011552631742998709,0.01160092807424594,1.160092807424594e-05,7.733952049497293e-06,0.001438093514763185,0.4988399071925754,0.502706883217324
2009-10-08,-0.0011072559757645901,-0.0011188569038388361,0.015467904098994586,1.5467904098994586e-05,0.0007307653215167392,-0.0018380212972813293,-0.07541863869237139,0.9976798143851509,1.1600928074245991e-05,-0.0011227238798635847,0.003427816280784819,0.0041184253732249425,0.0010090564024065345,-9.836157860692104e-05,0.0022465751165619344,0.0038669760247486465,3.8669760247486465e-06,3.8669760247486465e-06,0.0007268983454919905,0.01160092807424594,1.1600928074245939e-05,7.733952049497293e-06,-0.0018457552493308267,0.4988399071925754,0.502706883217324
2009-10-09,-0.0005491318506565667,-0.0005607327787308126,0.01160092807424594,1.160092807424594e-05,-0.0018095213903715492,0.0012603895397149826,-0.026038869527177808,0.9976798143851509,1.1600928074245883e-05,-0.0005607327787308127,-0.003200508497088964,-0.001104476644733828,-0.004708457662145743,-0.001982154249414762,-0.004450111614247068,0.0038669760247486465,3.8669760247486465e-06,3.8669760247486465e-06,-0.0018133883663962978,0.007733952049497293,7.733952049497293e-06,7.733952049497293e-06,0.0012526555876654852,0.4988399071925754,0.502706883217324
2009-10-13,0.0017866877029920395,0.001771219798893045,0.019334880123743233,1.9334880123743232e-05,0.0033202134413797342,-0.0015335257383876947,0.12484958765243238,0.9976798143851509,1.5467904098994583e-05,0.0017673528228682963,0.003283513227460981,0.002655526008963104,0.002775588836774101,0.005699678032564292,0.007133965587680636,0.007733952049497293,7.733952049497293e-06,7.733952049497293e-06,0.003312479489330237,0.01160092807424594,1.160092807424594e-05,7.733952049497293e-06,-0.0015412596904371921,0.4988399071925754,0.502706883217324
2009-10-14,-0.0010228861412742546,-0.0010383540453732492,0.019334880123743233,1.9334880123743232e-05,-0.0029130854029037517,0.0018901992616294969,-0.032168259260825234,0.9976798143851509,1.5467904098994583e-05,-0.0010422210213979978,-0.0039082739527237205,-0.0034601324458238187,-0.008563591853551614,-0.005307474063733873,-0.006105843028492483,0.007733952049497293,7.733952049497293e-06,7.733952049497293e-06,-0.002920819354953249,0.01160092807424594,1.1600928074245939e-05,7.733952049497293e-06,0.0018824653095799995,0.4988399071925754,0.502706883217324
2009-10-15,0.0003704429735750094,0.0003627090215255121,0.007733952049497293,7.733952049497293e-06,-0.0002875316218541737,0.0006579745954291831,0.0014458450143060419,0.9976798143851509,7.733952049497291e-06,0.0003627090215255121,-0.0022637894942772263,0.000623196642421673,0.0021799123555400896,0.0009248475259331771,-0.0013270246631001852,0.0,0.0,0.0,-0.0002875316218541737,0.007733952049497293,7.733952049497293e-06,7.733952049497293e-06,0.0006502406433796859,0.4988399071925754,0.502706883217324
2009-10-16,-0.0009468872763660325,-0.0009546212284155299,0.01160092807424594,1.1600928074245939e-05,0.0015489787977392582,-0.0024958660741052907,-0.004288181040137528,0.9976798143851509,7.7339520494974e-06,-0.0009584882044402785,0.004970479502467685,0.005069063477939704,0.002511817778230626,0.002786354893388435,0.0032645657753449945,0.0,0.0,0.0,0.0015489787977392582,0.01160092807424594,1.1600928074245939e-05,7.733952049497293e-06,-0.002503600026154788,0.4988399071925754,0.502706883217324
2009-10-19,-0.0012531388934244893,-0.0012686067975234841,0.019334880123743233,1.9334880123743232e-05,-0.0033418919252633677,0.0020887530318388784,-0.0036288377972712735,0.9976798143851509,1.54679040989948e-05,-0.0012724737735482325,-0.0035370536599397136,-0.005405299200436719,-0.007212288978898242,-0.007239705422446642,-0.006429138589626761,0.0038669760247486465,3.8669760247486465e-06,3.8669760247486465e-06,-0.0033457589012881165,0.015467904098994586,1.5467904098994586e-05,1.160092807424594e-05,0.0020771521037646324,0.4988399071925754,0.502706883217324
2009-10-20,-0.000898880293572046,-0.0009259491257452866,0.027068832173240527,2.7068832173240526e-05,0.0003669482320846018,-0.0012658285256566479,-0.02270706424602473,0.9976798143851509,2.7068832173240574e-05,-0.0009259491257452866,0.0041420921489596025,-0.0007678781447599141,0.002036208509095086,-0.0006439935426699944,0.0014254015715335787,0.01160092807424594,1.160092807424594e-05,1.160092807424594e-05,0.00035534730401035584,0.015467904098994586,1.5467904098994586e-05,1.5467904098994586e-05,-0.0012812964297556424,0.4988399071925754,0.502706883217324
2009-10-21,-0.0012548295308334738,-0.0012664304589077198,0.015467904098994586,1.5467904098994586e-05,0.0016926100314402924,-0.0029474395622737662,-0.06308900418865342,0.9976798143851509,1.1600928074245991e-05,-0.0012702974349324684,0.006108904448958009,0.005507955539386211,0.0063809310192105,0.002433763369212752,0.003872757316910596,0.007733952049497293,7.733952049497293e-06,7.733952049497293e-06,0.001684876079390795,0.007733952049497293,7.733952049497293e-06,3.8669760247486465e-06,-0.002951306538298515,0.4988399071925754,0.502706883217324
2009-10-22,-0.0029594077201971496,-0.0029710086482713956,0.01160092807424594,1.160092807424594e-05,-0.0010580682870787788,-0.0019013394331183707,-0.08823896751618616,0.9976798143851509,1.1600928074245991e-05,-0.0029710086482713956,0.004105150808184447,0.00322426530001275,-0.0011286168723462489,0.001845045124033577,-0.004104109295023442,0.0038669760247486465,3.8669760247486465e-06,3.8669760247486465e-06,-0.0010619352631035274,0.007733952049497293,7.733952049497293e-06,7.733952049497293e-06,-0.0019090733851678681,0.4988399071925754,0.502706883217324
2009-10-23,-0.0006578073698570682,-0.0006771422499808115,0.019334880123743233,1.9334880123743232e-05,-0.0003025241608335734,-0.0003552832090234948,-0.03456452168066928,0.9976798143851509,1.9334880123743283e-05,-0.0006771422499808115,0.0019741553822114097,-0.001811654070155941,0.0026477041519842623,4.806283949698334e-05,-0.0009337145359294459,0.01160092807424594,1.160092807424594e-05,1.160092807424594e-05,-0.0003141250889078193,0.007733952049497293,7.733952049497293e-06,7.733952049497293e-06,-0.0003630171610729921,0.4988399071925754,0.502706883217324
2009-10-26,0.0003645453085036411,0.00034521042837989784,0.02320185614849188,2.320185614849188e-05,0.0002020422002469575,0.00016250310825668366,0.031036124655437727,0.9976798143851509,1.9334880123743283e-05,0.00034134345235514924,-0.0011815454008978043,0.0014132824670448972,-0.0023048581778695853,0.0005432153563589367,0.00033592851930731345,0.007733952049497293,7.733952049497293e-06,7.733952049497293e-06,0.00019430824819746022,0.015467904098994586,1.5467904098994586e-05,1.160092807424594e-05,0.00015090218018243772,0.4988399071925754,0.502706883217324
2009-10-27,-0.002246612350443486,-0.002250479326468235,0.0038669760247486465,3.8669760247486465e-06,-0.004924685937056238,0.002678073586612752,-0.07677422687505209,0.9976798143851509,3.866976024748808e-06,-0.002250479326468235,-0.005526921997885753,-0.004923432922837144,-0.006939071195230709,-0.013643263215076648,-0.007986784477609853,0.0038669760247486465,3.8669760247486465e-06,3.8669760247486465e-06,-0.004928552913080987,0.0,0.0,0.0,0.002678073586612752,0.4988399071925754,0.502706883217324
2009-10-28,0.0024906026641811235,0.0024712677840573803,0.019334880123743233,1.9334880123743232e-05,0.0051862835236590665,-0.002695680859477943,0.10644940529175109,0.9976798143851509,1.9334880123743174e-05,0.0024712677840573803,0.00575642706424473,0.004564974783062894,0.002642773801676327,0.007144819053766651,0.012022624417514751,0.007733952049497293,7.733952049497293e-06,7.733952049497293e-06,0.005178549571609569,0.01160092807424594,1.160092807424594e-05,1.160092807424594e-05,-0.002707281787552189,0.4988399071925754,0.502706883217324
2009-10-29,-0.002466618001409202,-0.0024859528815329456,0.02320185614849188,2.3201856148491877e-05,-0.006078740741860206,0.003612122740451004,-0.07798455264727802,0.9976798143851509,1.9334880123743608e-05,-0.002489819857557694,-0.008904731325043262,-0.003913675505276954,-0.010372614234274796,-0.011466275567201959,-0.012545494261108896,0.01160092807424594,1.160092807424594e-05,1.160092807424594e-05,-0.006090341669934452,0.01160092807424594,1.160092807424594e-05,7.733952049497293e-06,0.003604388788401507,0.4988399071925754,0.502706883217324
2009-10-30,-0.002994016241026373,-0.003017218097174865,0.02320185614849188,2.320185614849188e-05,0.003639146422892377,-0.0066331626639187504,-0.10725765377656277,0.9976798143851509,2.3201856148491982e-05,-0.003017218097174865,0.014759309573268722,0.01037291259507625,0.011585040263569643,0.007613219200544781,0.007136219062052828,0.01160092807424594,1.160092807424594e-05,1.160092807424594e-05,0.003627545494818131,0.01160092807424594,1.160092807424594e-05,1.160092807424594e-05,-0.006644763591992996,0.4988399071925754,0.502706883217324
2009-11-02,0.0007496429251334936,0.0007225740929602531,0.030935808197989172,3.093580819798917e-05,-0.000418248300303588,0.0011678912254370817,0.04945342356959688,0.9976798143851509,2.7068832173240466e-05,0.0007187071169355044,-0.0007881709047650795,-0.005428972143801567,-0.0003318847610786095,0.0003605443010648466,-0.0014379350628406545,0.01160092807424594,1.160092807424594e-05,1.160092807424594e-05,-0.00042984922837783395,0.019334880123743233,1.9334880123743232e-05,1.5467904098994586e-05,0.001152423321338087,0.4988399071925754,0.502706883217324
2009-11-04,0.001882369082273785,0.0018630342021500419,0.019334880123743233,1.9334880123743232e-05,0.002347939555744213,-0.0004655704734704282,0.12991354021910148,0.9976798143851509,1.9334880123743174e-05,0.0018630342021500419,0.0005982303692667601,0.0015895461003080133,0.007753884602488676,0.002649885645165094,0.00573525681829482,0.007733952049497293,7.733952049497293e-06,7.733952049497293e-06,0.002340205603694716,0.01160092807424594,1.160092807424594e-05,1.160092807424594e-05,-0.0004771714015446741,0.4988399071925754,0.502706883217324
2009-11-05,0.002770335743142543,0.0027510008630187996,0.02320185614849188,2.3201856148491877e-05,-0.0026962312724448604,0.005466567015587403,0.10678357896013026,0.9976798143851509,1.9334880123743174e-05,0.002747133886994051,-0.012461278542171612,-0.007953122688468461,-0.006887488397434876,-0.007268967398691706,-0.004473021033842994,0.01160092807424594,1.160092807424594e-05,1.160092807424594e-05,-0.0027078322005191064,0.01160092807424594,1.1600928074245939e-05,7.733952049497293e-06,0.005458833063537906,0.4988399071925754,0.502706883217324
2009-11-06,0.002234421989359408,0.002215087109235665,0.02320185614849188,2.320185614849188e-05,0.003825713508799727,-0.001591291519440319,0.08770526495805232,0.9976798143851509,1.9334880123743174e-05,0.002211220133210916,0.00017346723641880696,0.00921898458974024,0.006631714112882708,0.0045421024917873315,0.009232780304985514,0.007733952049497293,7.733952049497293e-06,7.733952049497293e-06,0.0038179795567502297,0.015467904098994586,1.5467904098994586e-05,1.160092807424594e-05,-0.001602892447514565,0.4988399071925754,0.502706883217324
2009-11-09,-0.0005070205589479639,-0.0005147545109974612,0.007733952049497293,7.733952049497293e-06,-0.002313580932199836,0.001806560373251872,-0.036175406002024485,0.9976798143851509,7.733952049497291e-06,-0.0005147545109974612,-0.003560679079148303,-0.0036604054101635293,-0.005401869835907732,-0.00438292326783876,-0.004765422424997801,0.0038669760247486465,3.8669760247486465e-06,3.8669760247486465e-06,-0.0023174479082245848,0.0038669760247486465,3.8669760247486465e-06,3.8669760247486465e-06,0.0018026933972271233,0.4988399071925754,0.502706883217324
2009-11-10,0.005195368904253395,0.005183767976179149,0.01160092807424594,1.160092807424594e-05,0.0017682612712302942,0.003427107633023101,0.25855729661802895,0.9976798143851509,1.1600928074245558e-05,0.005183767976179149,-0.006230940685045372,-0.008003678937228526,-0.004782250478371141,-0.00034535953927732196,0.0054898002898730106,0.0038669760247486465,3.8669760247486465e-06,3.8669760247486465e-06,0.0017643942952055456,0.007733952049497293,7.733952049497293e-06,7.733952049497293e-06,0.0034193736809736038,0.4988399071925754,0.502706883217324
2009-11-11,0.0017557983954604997,0.0017364635153367563,0.019334880123743233,1.9334880123743232e-05,-0.0018340426367138393,0.003589841032174339,0.1300631884608348,0.9976798143851509,1.933488012374339e-05,0.0017364635153367565,-0.007206127718952175,-0.0070092971946847625,-0.012142103466342471,-0.0069887788477004205,-0.0020205341325939623,0.0038669760247486465,3.8669760247486465e-06,3.8669760247486465e-06,-0.001837909612738588,0.015467904098994586,1.5467904098994586e-05,1.5467904098994586e-05,0.003574373128075344,0.4988399071925754,0.502706883217324
2009-11-12,0.0008880325544976337,0.0008609637223243931,0.030935808197989172,3.093580819798917e-05,7.337217832767792e-05,0.0008146603761699558,0.05857299254189225,0.9976798143851509,2.7068832173240574e-05,0.0008570967462996445,-0.00390358880985104,0.002907848008596253,-0.001306989244393641,0.0005743873466958169,-6.656523944630966e-05,0.01160092807424594,1.160092807424594e-05,1.160092807424594e-05,6.177125025343198e-05,0.019334880123743233,1.9334880123743232e-05,1.5467904098994586e-05,0.0007991924720709612,0.4988399071925754,0.502706883217324
2009-11-13,0.006300624680245417,0.006281289800121674,0.019334880123743233,1.9334880123743232e-05,0.0030512958666173637,0.0032493288136280526,0.2970345873126972,0.9976798143851509,1.9334880123743174e-05,0.006281289800121674,-0.010385687810453542,0.0012300632673207033,-0.0021951231499511563,0.004470741260353175,0.0069398050803728345,0.007733952049497293,7.733952049497293e-06,7.733952049497293e-06,0.0030435619145678665,0.01160092807424594,1.160092807424594e-05,1.160092807424594e-05,0.0032377278855538066,0.4988399071925754,0.502706883217324
2009-11-16,0.0052299133528424,0.005210578472718657,0.02320185614849188,2.3201856148491877e-05,-0.0009487629638351566,0.006178676316677557,0.2626732395363736,0.9953596287703016,1.9334880123743174e-05,0.005206711496693908,-0.011939970124148184,-0.013153606933927624,-0.008701901793590934,-0.004208763785224381,-0.000748526275385152,0.007733952049497293,7.733952049497293e-06,7.733952049497293e-06,-0.0009564969158846539,0.015467904098994586,1.5467904098994586e-05,1.160092807424594e-05,0.006167075388603311,0.4988399071925754,0.502706883217324
2009-11-17,0.0001070015211573965,7.9932688984156e-05,0.030935808197989172,3.093580819798917e-05,0.0025190703435622767,-0.00241206882240488,0.01291557810805464,0.9953596287703016,2.7068832173240493e-05,7.606571295940733e-05,0.004440113525925992,0.0056920290410415715,0.004711686703441732,0.005992357382670696,0.0045786072487251726,0.01160092807424594,1.160092807424594e-05,1.160092807424594e-05,0.0025074694154880307,0.019334880123743233,1.9334880123743232e-05,1.5467904098994586e-05,-0.002427536726503875,0.4988399071925754,0.502706883217324
2009-11-18,-0.004776894701770441,-0.0048039635339436814,0.027068832173240527,2.7068832173240526e-05,-0.0029389978213617387,-0.001837896880408702,-0.21357704391213456,0.9976798143851509,2.706883217324079e-05,-0.0048039635339436814,0.004144179883867255,0.0027646665874675913,-0.002762114566328017,-0.004337751647835489,-0.0066686222761304596,0.01160092807424594,1.160092807424594e-05,1.160092807424594e-05,-0.0029505987494359846,0.015467904098994586,1.5467904098994586e-05,1.5467904098994586e-05,-0.0018533647845076966,0.4988399071925754,0.502706883217324
2009-11-19,-0.004322172465059721,-0.004337640369158716,0.015467904098994586,1.5467904098994586e-05,0.0025429048932357574,-0.006865077358295479,-0.21451538301871234,0.9976798143851509,1.5467904098995233e-05,-0.004337640369158715,0.014803747015908291,0.011678761895048783,0.014089552052940105,0.007073267434739363,0.004109822159267144,0.0038669760247486465,3.8669760247486465e-06,3.8669760247486465e-06,0.0025390379172110086,0.01160092807424594,1.160092807424594e-05,1.160092807424594e-05,-0.006876678286369725,0.4988399071925754,0.502706883217324
2009-11-20,0.004628364414244887,0.004624497438220138,0.0038669760247486465,3.8669760247486465e-06,-0.0006582785441023359,0.005286642958347223,0.20476583292566117,0.9976798143851509,3.866976024748808e-06,0.004624497438220138,-0.01070431953977674,-0.010384985781576563,-0.006507831868615744,-0.0037446386196661663,-0.00010710896347928947,0.0,0.0,0.0,-0.0006582785441023359,0.0038669760247486465,3.8669760247486465e-06,3.8669760247486465e-06,0.005282775982322474,0.4988399071925754,0.502706883217324
2009-11-24,0.0007333685123268749,0.0007179006082278803,0.019334880123743233,1.9334880123743232e-05,-0.0016648190981888929,0.0023981876105157677,0.060029471572358294,0.9976798143851509,1.5467904098994583e-05,0.0007140336322031316,-0.0048582841287034715,-0.004593037136794781,-0.01018719019301869,-0.010293621876860577,0.00014073862689950058,0.0,0.0,0.0,-0.0016648190981888929,0.019334880123743233,1.9334880123743232e-05,1.5467904098994586e-05,0.002382719706416773,0.4988399071925754,0.502706883217324
2009-11-25,-0.0027762359809626264,-0.0027917038850616208,0.015467904098994586,1.5467904098994586e-05,-0.00130493859130628,-0.0014712973896563461,-0.16443806123062757,0.9976798143851509,1.5467904098994366e-05,-0.002791703885061621,0.003625778056126787,0.0015124375367930392,0.0009069528277352078,0.0008842266701336848,-0.004366033331715726,0.0038669760247486465,3.8669760247486465e-06,3.8669760247486465e-06,-0.0013088055673310286,0.01160092807424594,1.160092807424594e-05,1.160092807424594e-05,-0.0014828983177305921,0.4988399071925754,0.502706883217324
2009-11-26,0.0005877157173240083,0.0005683808372002651,0.019334880123743233,1.9334880123743232e-05,0.005388125811564086,-0.004800410094240077,0.07029912932729453,0.9976798143851509,1.9334880123743174e-05,0.000568380837200265,0.008109427123062988,0.012461997457302419,0.011939173088814542,0.01214130960359244,0.010131314208325554,0.0,0.0,0.0,0.005388125811564086,0.019334880123743233,1.9334880123743232e-05,1.9334880123743232e-05,-0.0048197449743638205,0.4988399071925754,0.502706883217324
2009-11-27,-0.0017476874117620987,-0.0017747562439353393,0.030935808197989172,3.093580819798917e-05,-0.004014981342974475,0.002267293931212377,-0.04328698513703687,0.9976798143851509,2.7068832173240574e-05,-0.001778623219960088,-0.0025736315342653076,-0.008488137178248934,-0.0069510179311198,-0.006466058666899766,-0.008839926193215226,0.007733952049497293,7.733952049497293e-06,7.733952049497293e-06,-0.004022715295023973,0.02320185614849188,2.320185614849188e-05,1.9334880123743232e-05,0.0022479590510886337,0.4988399071925754,0.502706883217324
2009-11-30,-0.0037379132465632983,-0.003745647198612796,0.01160092807424594,1.160092807424594e-05,0.0008138764887725279,-0.004551789735335827,-0.15729630076432627,0.9976798143851509,7.733952049497617e-06,-0.0037495141746375442,0.009407994155765511,0.008339472883866168,0.004890961129484354,-0.0011992728933415554,0.0030469441210495647,0.0038669760247486465,3.8669760247486465e-06,3.8669760247486465e-06,0.0008100095127477792,0.007733952049497293,7.733952049497293e-06,3.8669760247486465e-06,-0.004555656711360575,0.4988399071925754,0.502706883217324
2009-12-01,0.005456314556517346,0.005440846652418352,0.015467904098994586,1.5467904098994586e-05,0.003653746335367441,0.001802568221149905,0.23957770368009015,0.9976798143851509,1.5467904098994366e-05,0.005440846652418352,-0.005130055473380155,-0.000461146879192836,-0.0003237304938122053,0.002323012362035572,0.0098252240785871,0.007733952049497293,7.733952049497293e-06,7.733952049497293e-06,0.003646012383317944,0.007733952049497293,7.733952049497293e-06,7.733952049497293e-06,0.0017948342691004077,0.4988399071925754,0.502706883217324
2009-12-02,0.0019044896518520676,0.0018928887237778217,0.01160092807424594,1.160092807424594e-05,-0.002306675509924302,0.004211165161776369,0.09327734139608672,0.9976798143851509,1.1600928074245991e-05,0.0018928887237778217,-0.010865765542471886,-0.0033415281079143032,-0.00047746407522179194,-0.005777468881708786,-0.004047385173871473,0.0038669760247486465,3.8669760247486465e-06,3.8669760247486465e-06,-0.0023105424859490506,0.007733952049497293,7.733952049497293e-06,7.733952049497293e-06,0.004203431209726872,0.4988399071925754,0.502706883217324
2009-12-03,0.0032840977620801817,0.0032608959059316897,0.02320185614849188,2.320185614849188e-05,0.004659302278833206,-0.0013752045167530248,0.14202682205146852,0.9976798143851509,2.3201856148491982e-05,0.0032608959059316897,0.001417630536938482,0.005402186774853123,0.00616264297364794,0.012576599815547462,0.007722113688810772,0.007733952049497293,7.733952049497293e-06,7.733952049497293e-06,0.004651568326783709,0.015467904098994586,1.5467904098994586e-05,1.5467904098994586e-05,-0.0013906724208520194,0.4988399071925754,0.502706883217324
2009-12-04,0.0012418685111990973,0.0012264006071001027,0.019334880123743233,1.9334880123743232e-05,-0.004627248503719541,0.0058691170149186385,0.05983157479414978,0.9953596287703016,1.5467904098994583e-05,0.0012225336310753541,-0.01221350453253909,-0.01099746518257878,-0.00860067424393148,-0.011832854160864137,-0.007997601559822272,0.007733952049497293,7.733952049497293e-06,7.733952049497293e-06,-0.004634982455769039,0.01160092807424594,1.1600928074245939e-05,7.733952049497293e-06,0.005861383062869141,0.4988399071925754,0.502706883217324
2009-12-07,0.00024330891356787426,0.00020850612934513642,0.038669760247486466,3.8669760247486464e-05,-0.00030091653249980416,0.0005442254460676784,0.04832743799335585,0.9953596287703016,3.480278422273784e-05,0.0002046391533203878,-0.0018239361892496435,0.0004222528967439372,-0.00010991922557387073,-0.0018840503044492292,3.71761370565989e-05,0.015467904098994586,1.5467904098994586e-05,1.5467904098994586e-05,-0.00031638443659879874,0.02320185614849188,2.320185614849188e-05,1.9334880123743232e-05,0.0005248905659439351,0.4988399071925754,0.502706883217324
2009-12-08,-0.0006127062845718438,-0.0006397751167450843,0.027068832173240527,2.7068832173240526e-05,0.001904628620666723,-0.002517334905238567,0.0030531874029849668,0.9976798143851509,2.7068832173240466e-05,-0.0006397751167450844,0.006311368105901888,0.002369622820493701,0.0031578656118950305,0.004641920254078159,0.0034062138416169046,0.015467904098994586,1.5467904098994586e-05,1.5467904098994586e-05,0.0018891607165677285,0.01160092807424594,1.160092807424594e-05,1.160092807424594e-05,-0.002528935833312813,0.4988399071925754,0.502706883217324
2009-12-09,0.0020221893261788363,0.002002854446055093,0.02320185614849188,2.320185614849188e-05,0.0022089300650249256,-0.00018674073884608942,0.08589923246227447,0.9976798143851509,1.9334880123743174e-05,0.0019989874700303443,-0.0020517191106468645,0.005226488339098351,0.003361391418711557,0.004753849336788536,0.004265276666669054,0.0038669760247486465,3.8669760247486465e-06,3.8669760247486465e-06,0.0022050630890001767,0.019334880123743233,1.9334880123743232e-05,1.5467904098994586e-05,-0.000202208642945084,0.4988399071925754,0.502706883217324
2009-12-10,0.00123771799206841,0.0012183831119446668,0.02320185614849188,2.3201856148491877e-05,-0.0005803193909642823,0.0018180373830326924,0.07743938048203018,0.9976798143851509,1.9334880123743174e-05,0.001214516135919918,-0.005699922219112674,0.0005988085072220557,-0.0015678053036061895,-0.0018490541837927232,-0.0008204798209334455,0.007733952049497293,7.733952049497293e-06,7.733952049497293e-06,-0.0005880533430137795,0.015467904098994586,1.5467904098994586e-05,1.160092807424594e-05,0.0018064364549584464,0.4988399071925754,0.502706883217324
2009-12-11,-0.0010188958704927054,-0.0010382307506164486,0.02320185614849188,2.3201856148491877e-05,-0.00012018434770997554,-0.0008987115227827298,-0.06454805584432136,0.9976798143851509,1.9334880123743174e-05,-0.0010420977266411974,0.002233317262226758,0.0009381747730258789,0.0009807989634232335,0.000881237273139826,-0.0008020101751489791,0.007733952049497293,7.733952049497293e-06,7.733952049497293e-06,-0.00012791829975947284,0.015467904098994586,1.5467904098994586e-05,1.160092807424594e-05,-0.0009103124508569758,0.4988399071925754,0.502706883217324
2009-12-14,0.005612430692396178,0.005600829764321931,0.015467904098994586,1.5467904098994586e-05,0.0017377012949420147,0.0038747293974541624,0.18674696908563612,0.9976798143851509,1.1600928074246425e-05,0.005596962788297183,-0.009496451617033096,-0.004088691430227141,-0.0032259280749607913,0.002109193825323906,0.004170630469570663,0.007733952049497293,7.733952049497293e-06,7.733952049497293e-06,0.0017299673428925173,0.007733952049497293,7.733952049497293e-06,3.8669760247486465e-06,0.0038708624214294136,0.4988399071925754,0.502706883217324
2009-12-15,-0.0014192210415203935,-0.0014385559216441367,0.02320185614849188,2.3201856148491877e-05,-0.0013101869882184316,-0.0001090340533019618,-0.06609359106249034,0.9976798143851509,1.9334880123743174e-05,-0.0014424228976688855,0.00088745785554016,-0.001119189985873638,-0.003857803044243985,-0.00038382710811029697,-0.003747788250052833,0.007733952049497293,7.733952049497293e-06,7.733952049497293e-06,-0.001317920940267929,0.015467904098994586,1.5467904098994586e-05,1.160092807424594e-05,-0.00012063498137620774,0.4988399071925754,0.502706883217324
2009-12-16,-0.00033436685105335025,-0.0003498347551523449,0.019334880123743233,1.9334880123743232e-05,-0.0013768942267464578,0.0010425273756931074,-0.010474471334393757,0.9976798143851509,1.5467904098994637e-05,-0.0003537017311770935,-0.001312984944423737,-0.0036132067253342444,-0.005067898883325231,-0.005169546762964109,-0.0015555155375485726,0.0038669760247486465,3.8669760247486465e-06,3.8669760247486465e-06,-0.0013807612027712064,0.015467904098994586,1.5467904098994586e-05,1.160092807424594e-05,0.0010309264476188614,0.4988399071925754,0.502706883217324
2009-12-17,-0.0010284026526116885,-0.001043870556710683,0.019334880123743233,1.9334880123743232e-05,0.0023949188479060633,-0.0034233215005177514,-0.07182882472999068,0.9976798143851509,1.5467904098994583e-05,-0.0010477375327354317,0.006742599157178605,0.00710249796550071,0.007997866700400265,0.007111194069109518,0.0036458682453116126,0.0038669760247486465,3.8669760247486465e-06,3.8669760247486465e-06,0.0023910518718813145,0.015467904098994586,1.5467904098994586e-05,1.160092807424594e-05,-0.0034349224285919974,0.4988399071925754,0.502706883217324
2009-12-18,-0.0013216789925631445,-0.0013332799206373903,0.01160092807424594,1.160092807424594e-05,-0.00013418194432383582,-0.0011874970482393086,-0.06279846167937848,0.9976798143851509,1.1600928074245774e-05,-0.0013332799206373905,0.002529293213132919,0.002082965589424515,0.005257748421013468,0.0010914650330137211,-0.0009492145025783019,0.0038669760247486465,3.8669760247486465e-06,3.8669760247486465e-06,-0.00013804892034858447,0.007733952049497293,7.733952049497293e-06,7.733952049497293e-06,-0.001195231000288806,0.4988399071925754,0.502706883217324
2009-12-21,0.0028460927648810406,0.0028228909087325486,0.027068832173240527,2.7068832173240526e-05,0.0001349505201700239,0.002711142244711017,0.16750317115813182,0.9976798143851509,2.3201856148491982e-05,0.0028190239327078002,-0.0059923043899716725,-0.004180718664063567,0.00046703275212665386,-0.0016750290866822982,0.0012433076191082208,0.007733952049497293,7.733952049497293e-06,7.733952049497293e-06,0.0001272165681205266,0.019334880123743233,1.9334880123743232e-05,1.5467904098994586e-05,0.002695674340612022,0.4988399071925754,0.502706883217324
2009-12-22,0.0022910296288754443,0.0022716947487517007,0.019334880123743233,1.9334880123743232e-05,0.0003954265411996562,0.001895603087675788,0.13806412453587738,0.9976798143851509,1.9334880123743608e-05,0.002271694748751701,-0.0047618165672536,-0.0017656957470208257,-0.002445193897725353,-0.0008396930317202222,0.0016088849292814028,0.01160092807424594,1.160092807424594e-05,1.160092807424594e-05,0.00038382561312541027,0.007733952049497293,7.733952049497293e-06,7.733952049497293e-06,0.0018878691356262905,0.4988399071925754,0.502706883217324
2009-12-24,-0.0004709055587254887,-0.00048250648679973464,0.01160092807424594,1.160092807424594e-05,-0.0006819299747037448,0.000211024415978256,-0.02571844268179217,0.9976798143851509,1.1600928074245937e-05,-0.00048250648679973464,0.000673817565425971,-0.002632396329396197,-0.0005251424198304686,-0.00060707636031244,-0.0017470093949413193,0.0038669760247486465,3.8669760247486465e-06,3.8669760247486465e-06,-0.0006857969507284935,0.007733952049497293,7.733952049497293e-06,7.733952049497293e-06,0.0002032904639287587,0.4988399071925754,0.502706883217324
2009-12-25,-0.0009223992990166934,-0.0009262662750414421,0.0038669760247486465,3.8669760247486465e-06,0.0004649481506207809,-0.0013873474496374743,-0.06059553887505204,0.9976798143851509,3.8669760247487e-06,-0.0009262662750414421,0.0012526979731473339,0.005808914577033321,0.004105459504899527,0.002573046884392545,0.00011156483397272675,0.0038669760247486465,3.8669760247486465e-06,3.8669760247486465e-06,0.00046108117459603225,0.0,0.0,0.0,-0.0013873474496374743,0.4988399071925754,0.502706883217324
2009-12-28,0.0008426654610658602,0.0008310645329916143,0.01160092807424594,1.160092807424594e-05,0.0021662010238014547,-0.0013235355627355945,0.10036929458072186,0.9976798143851509,1.1600928074245883e-05,0.0008310645329916142,0.0028583532701178557,0.002176501442399331,-0.001961066158561879,0.002281750197782777,0.005372841002911591,0.0038669760247486465,3.8669760247486465e-06,3.8669760247486465e-06,0.002162334047776706,0.007733952049497293,7.733952049497293e-06,7.733952049497293e-06,-0.0013312695147850919,0.4988399071925754,0.502706883217324
2009-12-29,3.1154458073079e-05,1.568655397408439e-05,0.015467904098994586,1.5467904098994586e-05,-0.001246765432006722,0.0012779198900798009,0.015986326240959064,0.9976798143851509,1.546790409899461e-05,1.5686553974084414e-05,-0.0012739319341142476,-0.005107860588527837,-0.0027615069465607893,-0.004512566567607501,-0.0014927113756955318,0.007733952049497293,7.733952049497293e-06,7.733952049497293e-06,-0.0012544993840562194,0.007733952049497293,7.733952049497293e-06,7.733952049497293e-06,0.0012701859380303035,0.4988399071925754,0.502706883217324
2009-12-30,0.0009411390834622354,0.0009295381553879894,0.01160092807424594,1.160092807424594e-05,0.0021203651653188774,-0.001179226081856642,0.07022819168370939,0.9976798143851509,1.1600928074245991e-05,0.0009295381553879894,0.0008589325944868708,0.005353970442971392,0.005543181411260625,0.005200192250294879,0.003775792616148627,0.007733952049497293,7.733952049497293e-06,7.733952049497293e-06,0.0021126312132693803,0.0038669760247486465,3.8669760247486465e-06,3.8669760247486465e-06,-0.0011830930578813905,0.4988399071925754,0.502706883217324
2010-01-04,0.0011958773916904886,-0.0007530785247828293,1.948955916473318,0.0019489559164733179,-0.0014739363280251547,0.002669813719715643,0.050546086946022195,0.9976798143851509,0.0019489559164733179,-0.0007530785247828293,-0.005447882169192389,-0.005033676260435525,-0.003976746531739745,-0.005895336367629389,-0.0014844240769679223,0.974477958236659,0.0009744779582366589,0.0009744779582366589,-0.0024484142862618136,0.974477958236659,0.0009744779582366589,0.0009744779582366589,0.001695335761478984,0.4988399071925754,0.502706883217324
2010-01-05,0.0035070366575736885,0.003468366897326202,0.038669760247486466,3.8669760247486464e-05,0.0003036223256785461,0.0032034143318951424,0.157441403899074,0.9976798143851509,3.866976024748635e-05,0.003468366897326202,-0.007378229627967525,-0.004337138804532772,-0.0032926830913582146,-0.0036435001362166972,0.0027347353404394187,0.02320185614849188,2.320185614849188e-05,2.320185614849188e-05,0.00028042046953005424,0.015467904098994586,1.5467904098994586e-05,1.5467904098994586e-05,0.0031879464277961476,0.4988399071925754,0.502706883217324
2010-01-06,0.000705887062851713,0.0006749512546537238,0.030935808197989172,3.093580819798917e-05,0.0011478108836789353,-0.0004419238208272225,0.043815624293690444,0.9976798143851509,3.0935808197989165e-05,0.0006749512546537238,0.0007894414079145525,0.0010604673855198524,0.005452207695539317,0.0013356818997714592,0.0027835996840604644,0.01160092807424594,1.160092807424594e-05,1.160092807424594e-05,0.0011362099556046893,0.019334880123743233,1.9334880123743232e-05,1.9334880123743232e-05,-0.0004612587009509657,0.4988399071925754,0.502706883217324
2010-01-07,0.0038630465292467716,0.0038282437450240336,0.038669760247486466,3.8669760247486464e-05,0.0003423346411371484,0.0035207118881096233,0.19600938639410553,0.9976798143851509,3.4802784222737974e-05,0.0038243767689992852,-0.0067408226192468374,-0.007534988985829621,-0.005405977996739393,-0.0017180620609479813,0.0019106400802215268,0.027068832173240527,2.7068832173240526e-05,2.320185614849188e-05,0.0003191327849886565,0.01160092807424594,1.160092807424594e-05,1.160092807424594e-05,0.0035091109600353773,0.4988399071925754,0.502706883217324
2010-01-08,-0.0006606103851401436,-0.0007031471214123787,0.042536736272235115,4.253673627223511e-05,-0.0017262941117657596,0.0010656837266256158,-0.03697311165252917,0.9953596287703016,4.253673627223516e-05,-0.0007031471214123787,-0.0010943543766487895,-0.004194813510161386,-0.00739643579059076,-0.002103880484668541,-0.004200055725931911,0.015467904098994586,1.5467904098994586e-05,1.5467904098994586e-05,-0.0017417620158647542,0.027068832173240527,2.7068832173240526e-05,2.7068832173240526e-05,0.0010386148944523752,0.4988399071925754,0.502706883217324
2010-01-12,0.0011838759559463928,0.0011336052676246605,0.054137664346481054,5.413766434648105e-05,0.0030419324325122784,-0.0018580564765658858,0.0341961233723894,0.9953596287703016,5.027068832173234e-05,0.0011297382915999117,0.00305786890930671,0.004987414179773355,0.004786682994345636,0.00318629539233663,0.007572397358992657,0.030935808197989172,3.093580819798917e-05,2.7068832173240526e-05,0.003014863600339038,0.02320185614849188,2.320185614849188e-05,2.320185614849188e-05,-0.0018812583327143778,0.4988399071925754,0.502706883217324
2010-01-13,-0.002099753155661092,-0.0021461568679580754,0.04640371229698376,4.640371229698376e-05,-0.0007911186599942557,-0.001308634495666836,-0.10852695569686882,0.9976798143851509,4.640371229698353e-05,-0.002146156867958076,0.0023569392950423557,0.0031013758583897403,-0.0018843761469052487,-0.0007673700661930385,-0.0019951903793978356,0.027068832173240527,2.7068832173240526e-05,2.7068832173240526e-05,-0.0008181874921674963,0.019334880123743233,1.9334880123743232e-05,1.9334880123743232e-05,-0.0013279693757905792,0.4988399071925754,0.502706883217324
2010-01-14,0.0027128807976951456,0.002654876157323916,0.058004640371229696,5.80046403712297e-05,-0.0020126534474733918,0.004725534245168537,0.10967116302464061,0.9976798143851509,5.800464037122952e-05,0.002654876157323916,-0.009845917938017217,-0.008498332446350836,-0.003162613194841287,-0.004662141439469614,-0.0037209313909235546,0.02320185614849188,2.320185614849188e-05,2.320185614849188e-05,-0.0020358553036218838,0.03480278422273782,3.480278422273782e-05,3.480278422273782e-05,0.0046907314609458,0.4988399071925754,0.502706883217324
2010-01-15,0.0023389629647245034,0.002280958324353274,0.058004640371229696,5.80046403712297e-05,0.004396490839436186,-0.0020575278747116824,0.13641582073028682,0.9976798143851509,5.800464037122952e-05,0.002280958324353274,0.0034371735338507587,0.005419595603614538,0.005528650125734056,0.0021936155546627856,0.012123337932880209,0.03480278422273782,3.480278422273782e-05,3.480278422273782e-05,0.004361688055213448,0.02320185614849188,2.320185614849188e-05,2.320185614849188e-05,-0.0020807297308601744,0.4988399071925754,0.502706883217324
2010-01-18,0.0010319518443873913,0.0009855481320904076,0.04640371229698376,4.640371229698376e-05,0.0020623756018060897,-0.0010304237574186987,0.05832370834259357,0.9976798143851509,4.640371229698375e-05,0.0009855481320904076,0.0010390334886894606,0.004094690003546335,0.004514913311651536,0.0027432901592887994,0.004829870392763215,0.027068832173240527,2.7068832173240526e-05,2.7068832173240526e-05,0.0020353067696328494,0.019334880123743233,1.9334880123743232e-05,1.9334880123743232e-05,-0.0010497586375424418,0.4988399071925754,0.502706883217324
2010-01-19,0.000216821945274444,0.0001781521850269575,0.042536736272235115,4.253673627223511e-05,-0.002622137797696795,0.002838959742971239,0.020561546045817346,0.9976798143851509,3.8669760247486484e-05,0.0001742852090022089,-0.0036845244925947734,-0.009618636248293422,-0.007020052512163266,-0.006337294304589977,-0.004771543286906143,0.030935808197989172,3.093580819798917e-05,2.7068832173240526e-05,-0.0026492066298700353,0.01160092807424594,1.160092807424594e-05,1.160092807424594e-05,0.002827358814896993,0.4988399071925754,0.502706883217324
2010-01-20,-0.0006605640402481776,-0.00071083472856991,0.054137664346481054,5.413766434648105e-05,-0.0018549416372647782,0.0011943775970166008,-0.029715959322606924,0.9976798143851509,5.027068832173234e-05,-0.0007147017045946586,-0.0032898766544940897,-0.0005266692476164444,-0.004866425114275208,-0.003310910325663845,-0.003922311202245655,0.030935808197989172,3.093580819798917e-05,2.7068832173240526e-05,-0.0018820104694380188,0.02320185614849188,2.320185614849188e-05,2.320185614849188e-05,0.0011711757408681088,0.4988399071925754,0.502706883217324
2010-01-21,-0.0013574587947795798,-0.0013961285550270664,0.042536736272235115,4.253673627223511e-05,0.0014074090053669247,-0.0027648678001465045,-0.0678519775158204,0.9976798143851509,3.8669760247486565e-05,-0.001399995531051815,0.0047845521105859545,0.006947413476672278,0.002769424724930027,0.004521418365075309,0.00199452916576057,0.02320185614849188,2.320185614849188e-05,1.9334880123743232e-05,0.0013880741252431815,0.019334880123743233,1.9334880123743232e-05,1.9334880123743232e-05,-0.0027842026802702476,0.4988399071925754,0.502706883217324
2010-01-22,0.00031790222789556435,0.0002908333957223239,0.027068832173240527,2.7068832173240526e-05,0.000839359685892481,-0.0005214574579969165,-0.00803186453647793,0.9976798143851509,2.7068832173240466e-05,0.00029083339572232383,4.847762706905987e-05,0.0030379382577440557,0.0023041523701890216,0.0012652023907329063,0.0019135848467091833,0.01160092807424594,1.160092807424594e-05,1.160092807424594e-05,0.000827758757818235,0.015467904098994586,1.5467904098994586e-05,1.5467904098994586e-05,-0.000536925362095911,0.4988399071925754,0.502706883217324
2010-01-25,-0.00011868133779927938,-0.00015735109804676582,0.042536736272235115,4.253673627223511e-05,0.0008298559442210185,-0.0009485372820202981,-0.011858718090844569,0.9976798143851509,3.866976024748644e-05,-0.0001612180740715145,0.002338720680232959,0.000972628882562364,0.004868064547799235,0.0008353668570901338,0.0020776740967520893,0.02320185614849188,2.320185614849188e-05,1.9334880123743232e-05,0.0008105210640972753,0.019334880123743233,1.9334880123743232e-05,1.9334880123743232e-05,-0.0009678721621440414,0.4988399071925754,0.502706883217324
2010-01-26,0.0003487563409811557,0.00032168750880791504,0.030935808197989172,3.093580819798917e-05,0.0007031219938058192,-0.0003543656528246636,-0.03906235673353787,0.9976798143851509,2.7068832173240682e-05,0.00031782053278316656,0.002103077341315921,-0.0021239249040471415,-0.002881939246106362,0.0011560038431697537,0.0015543433216692409,0.019334880123743233,1.9334880123743232e-05,1.5467904098994586e-05,0.0006876540897068247,0.01160092807424594,1.160092807424594e-05,1.160092807424594e-05,-0.00036596658089890955,0.4988399071925754,0.502706883217324
2010-01-27,0.0010789493654359704,0.0010364126291637354,0.04640371229698376,4.640371229698376e-05,0.0006218425574403645,0.0004571068079956059,0.06870549188576491,0.9976798143851509,4.253673627223494e-05,0.0010325456531389866,-0.0009796482272834343,-0.0007669401110233698,-0.00046877370895459503,0.00167903982402751,0.001030346196754597,0.02320185614849188,2.320185614849188e-05,1.9334880123743232e-05,0.0006025076773166213,0.02320185614849188,2.320185614849188e-05,2.320185614849188e-05,0.000433904951847114,0.4988399071925754,0.502706883217324
2010-01-28,-0.001664426499285481,-0.00169536230748347,0.030935808197989172,3.093580819798917e-05,0.0009083078055313965,-0.002572734304816877,-0.07473201271291165,0.9976798143851509,3.0935808197989165e-05,-0.00169536230748347,0.005624511255197372,0.004092479349383095,0.005954612093876473,0.0016700311345516881,0.001896244880519727,0.015467904098994586,1.5467904098994586e-05,1.5467904098994586e-05,0.0008928399014324019,0.015467904098994586,1.5467904098994586e-05,1.5467904098994586e-05,-0.002588202208915872,0.4988399071925754,0.502706883217324
2010-01-29,-0.0038763563847801843,-0.003922760097077168,0.050270688321732405,5.027068832173241e-05,-0.0007293332485152422,-0.003147023136264942,-0.13951397978808544,0.9976798143851509,4.6403712296983965e-05,-0.003926627073101917,0.0077277089473781705,0.003290918712004957,0.0015861393579291582,0.0017043980359229478,-0.003081114042479158,0.027068832173240527,2.7068832173240526e-05,2.320185614849188e-05,-0.0007525351046637341,0.02320185614849188,2.320185614849188e-05,2.320185614849188e-05,-0.003170224992413434,0.4988399071925754,0.502706883217324
2010-02-01,-0.0002704599410675934,-0.00030912970131507985,0.042536736272235115,4.253673627223511e-05,-0.0011673009425668126,0.0008968410014992192,-0.06007495984294128,0.9976798143851509,3.866976024748646e-05,-0.0003129966773398285,-0.0032664998451000307,0.0012154047333954572,-0.0007577800012100917,-0.000844839517819189,-0.0030876270288552627,0.015467904098994586,1.5467904098994586e-05,1.160092807424594e-05,-0.0011789018706410586,0.027068832173240527,2.7068832173240526e-05,2.7068832173240526e-05,0.0008697721693259786,0.4988399071925754,0.502706883217324
2010-02-02,0.0032151367522858325,0.003157132111914603,0.058004640371229696,5.80046403712297e-05,0.003010176480562914,0.00020496027172291854,0.07719792213398213,0.9976798143851509,5.800464037122952e-05,0.003157132111914603,-0.0018110231501456042,0.002431541576630718,0.007619670771357251,0.004724801883647377,0.006689129731124794,0.038669760247486466,3.8669760247486464e-05,3.8669760247486464e-05,0.0029715067203154276,0.019334880123743233,1.9334880123743232e-05,1.9334880123743232e-05,0.0001856253915991753,0.4988399071925754,0.502706883217324
2010-02-03,0.004771479654102472,0.004713475013731243,0.061871616395978345,6.187161639597834e-05,-0.0013176174859035165,0.0060890971400059885,0.22667055062242025,0.9976798143851509,5.800464037122952e-05,0.004709608037706494,-0.012279726544476672,-0.011774518861304149,-0.004591084231507883,-0.003225094684386526,-0.0023771389461885737,0.030935808197989172,3.093580819798917e-05,2.7068832173240526e-05,-0.001344686318076757,0.030935808197989172,3.093580819798917e-05,3.093580819798917e-05,0.006058161331807999,0.4988399071925754,0.502706883217324
2010-02-04,-0.0002213894669105444,-0.00026392620318277946,0.042536736272235115,4.253673627223511e-05,0.005187738310746918,-0.005409127777657462,-0.021613685510518187,0.9976798143851509,4.253673627223505e-05,-0.0002639262031827795,0.012357817539364295,0.00752721668319828,0.010260638139327004,0.011138509181431017,0.010148155674795519,0.02320185614849188,2.320185614849188e-05,2.320185614849188e-05,0.005164536454598426,0.019334880123743233,1.9334880123743232e-05,1.9334880123743232e-05,-0.005428462657781206,0.4988399071925754,0.502706883217324
2010-02-05,0.0015409019455836584,0.0014751633531629312,0.06960556844547564,6.960556844547564e-05,-0.0013610315499219016,0.00290193349550556,0.07518435268934379,0.9976798143851509,6.573859242072714e-05,0.0014712963771381826,-0.004829761200579864,-0.007680250639239296,-0.005278722626337278,-0.002944460273982106,-0.002620360081727596,0.027068832173240527,2.7068832173240526e-05,2.320185614849188e-05,-0.0013842334060703936,0.042536736272235115,4.253673627223511e-05,4.253673627223511e-05,0.002859396759233325,0.4988399071925754,0.502706883217324
2010-02-08,-0.0018885069025434736,-0.001938777590865206,0.050270688321732405,5.027068832173241e-05,0.0020448576657961406,-0.003933364568339614,-0.11617175788114115,0.9976798143851509,5.027068832173234e-05,-0.001938777590865206,0.007785636036748397,0.007902738190128223,0.005370627761246589,0.005869612644123734,0.0032140331241576905,0.027068832173240527,2.7068832173240526e-05,2.7068832173240526e-05,0.0020177888336229003,0.02320185614849188,2.320185614849188e-05,2.320185614849188e-05,-0.003956566424488106,0.4988399071925754,0.502706883217324
2010-02-09,-0.0014095020359970773,-0.0014675066763683068,0.058004640371229696,5.80046403712297e-05,-0.0005153497667074839,-0.0008941522692895933,-0.11905438758079992,0.9976798143851509,5.800464037122952e-05,-0.001467506676368307,0.0036859558351872036,-0.0020802414144883226,-0.0003455708635195709,-0.0005300906914141738,-0.0012845994179040215,0.042536736272235115,4.253673627223511e-05,4.253673627223511e-05,-0.000557886502979719,0.015467904098994586,1.5467904098994586e-05,1.5467904098994586e-05,-0.0009096201733885879,0.4988399071925754,0.502706883217324
2010-02-10,0.0049126102457410685,0.004881674437543079,0.03480278422273782,3.480278422273782e-05,0.0012735863458394087,0.00363902389990166,0.23457419933975268,0.9976798143851509,3.09358081979896e-05,0.004877807461518331,-0.0065172795780623835,-0.008698796679607951,-0.0005903386252790259,0.0036434514768695983,0.0020315413591609215,0.019334880123743233,1.9334880123743232e-05,1.5467904098994586e-05,0.0012581184417404141,0.015467904098994586,1.5467904098994586e-05,1.5467904098994586e-05,0.0036235559958026652,0.4988399071925754,0.502706883217324
2010-02-12,-0.0006519601597669964,-0.0006944968960392316,0.042536736272235115,4.253673627223511e-05,-0.000841151503963922,0.00018919134419692553,-0.03899081547600406,0.9976798143851509,4.253673627223516e-05,-0.0006944968960392316,-0.0002944619786137896,-0.0005420160341843079,-0.0010519383263974107,-0.003168047981020356,-0.0009564201851905285,0.02320185614849188,2.320185614849188e-05,2.320185614849188e-05,-0.0008643533601124138,0.019334880123743233,1.9334880123743232e-05,1.9334880123743232e-05,0.0001698564640731823,0.4988399071925754,0.502706883217324
2010-02-15,-0.0018844911495083116,-0.0019231609097557982,0.042536736272235115,4.253673627223511e-05,0.001690198707071813,-0.0035746898565801244,-0.1795422189637913,0.9976798143851509,3.8669760247486565e-05,-0.0019270278857805468,0.007619875160785951,0.006081061812168429,0.004745319547166166,0.004430929967013293,0.002866923221711619,0.027068832173240527,2.7068832173240526e-05,2.320185614849188e-05,0.001666996850923321,0.015467904098994586,1.5467904098994586e-05,1.5467904098994586e-05,-0.003590157760679119,0.4988399071925754,0.502706883217324
2010-02-16,-0.0017803280698036,-0.0018538006142738244,0.07733952049497293,7.733952049497293e-05,-0.003778655607282902,0.0019983275374793018,-0.13246475102623595,0.9976798143851509,7.347254447022432e-05,-0.001857667590298573,-0.0033591705146018,-0.00522138759120444,-0.006091909446390564,-0.008720003311929415,-0.007084708207416396,0.054137664346481054,5.413766434648105e-05,5.027068832173241e-05,-0.0038289262956046344,0.02320185614849188,2.320185614849188e-05,2.320185614849188e-05,0.00197512568133081,0.4988399071925754,0.502706883217324
2010-02-17,0.0017468204364363279,0.0017004167241393441,0.04640371229698376,4.640371229698376e-05,0.0022733911247404094,-0.0005265706883040817,0.12369551346511364,0.9976798143851509,4.640371229698375e-05,0.0017004167241393441,9.933607802020293e-05,0.002965789330411113,0.004723920573614558,0.0037074903017149884,0.005040904257460299,0.030935808197989172,3.093580819798917e-05,3.093580819798917e-05,0.0022424553165424203,0.015467904098994586,1.5467904098994586e-05,1.5467904098994586e-05,-0.0005420385924030762,0.4988399071925754,0.502706883217324
2010-02-18,-0.0019281964475333891,-0.0020016689920036137,0.07733952049497293,7.733952049497293e-05,0.002312521948565271,-0.00424071839609866,-0.17668645496843846,0.9976798143851509,7.347254447022454e-05,-0.002005535968028362,0.008381018717091106,0.00854653834521366,0.005829891392076954,0.004430665100703927,0.004738367169403608,0.038669760247486466,3.8669760247486464e-05,3.480278422273782e-05,0.002277719164342533,0.038669760247486466,3.8669760247486464e-05,3.8669760247486464e-05,-0.004279388156346146,0.4988399071925754,0.502706883217324
2010-02-19,0.0013151061384607417,0.0012803033542380037,0.038669760247486466,3.8669760247486464e-05,-0.0026390848987840345,0.003954191037244776,0.06999821524183474,0.9976798143851509,3.4802784222737974e-05,0.0012764363782132551,-0.007534259623024903,-0.008536586396007732,-0.010244077408711319,-0.00715856848404713,-0.004407634235429702,0.02320185614849188,2.320185614849188e-05,1.9334880123743232e-05,-0.0026584197789077777,0.015467904098994586,1.5467904098994586e-05,1.5467904098994586e-05,0.003938723133145782,0.4988399071925754,0.502706883217324
2010-02-22,0.0017357207307775698,0.0016815830664310887,0.054137664346481054,5.413766434648105e-05,-0.001779687799355718,0.0035154085301332878,0.08216068181535187,0.9976798143851509,5.413766434648115e-05,0.0016815830664310887,-0.007481266486321195,-0.006004987478663352,-0.005480865369818383,-0.005078906067679301,-0.0028451094588609264,0.030935808197989172,3.093580819798917e-05,3.093580819798917e-05,-0.0018106236075537071,0.02320185614849188,2.320185614849188e-05,2.320185614849188e-05,0.003492206673984796,0.4988399071925754,0.502706883217324
2010-02-23,-0.0020488035827438303,-0.00210680822311506,0.061871616395978345,6.187161639597834e-05,0.002806842056664577,-0.004855645639408407,-0.10736705155309806,0.9976798143851509,5.800464037122952e-05,-0.0021106751991398086,0.010032210905907609,0.008903897989233769,0.014180408192667712,0.007479466018193296,0.004700375779897069,0.038669760247486466,3.8669760247486464e-05,3.480278422273782e-05,0.002772039272441839,0.02320185614849188,2.320185614849188e-05,2.320185614849188e-05,-0.004878847495556899,0.4988399071925754,0.502706883217324
2010-02-24,0.0024479401926459474,0.0024054034563737122,0.042536736272235115,4.253673627223511e-05,-0.00017211509597808648,0.002620055288624034,0.1365967869070443,0.9976798143851509,4.253673627223516e-05,0.0024054034563737122,-0.0051917920505384725,-0.005252567191658792,-0.0032027287598418884,-0.001410069792954562,0.00018748880554782563,0.02320185614849188,2.320185614849188e-05,2.320185614849188e-05,-0.00019531695212657836,0.019334880123743233,1.9334880123743232e-05,1.9334880123743232e-05,0.002600720408500291,0.4988399071925754,0.502706883217324
2010-02-25,0.0019217559343356711,0.0018753522220386874,0.04640371229698376,4.640371229698376e-05,0.002790933469315719,-0.0008691775349800476,0.07918221097954546,0.9976798143851509,4.640371229698375e-05,0.0018753522220386874,0.002312723523640723,0.0005479619532348243,0.0048219779340288515,0.0035214572026679228,0.006631543435468887,0.02320185614849188,2.320185614849188e-05,2.320185614849188e-05,0.002767731613167227,0.02320185614849188,2.320185614849188e-05,2.320185614849188e-05,-0.0008923793911285395,0.4988399071925754,0.502706883217324
2010-02-26,-0.0021592405603446086,-0.0022056442726415926,0.04640371229698376,4.640371229698376e-05,-0.0024204057612287116,0.0002611652008841028,-0.12007422782796441,0.9976798143851509,4.6403712296983965e-05,-0.0022056442726415926,-0.0005578716041432105,-0.00044191840437603853,-0.0010559240550666199,-0.00253385425438573,-0.006011176708315796,0.02320185614849188,2.320185614849188e-05,2.320185614849188e-05,-0.0024436076173772036,0.02320185614849188,2.320185614849188e-05,2.320185614849188e-05,0.00023796334473561093,0.4988399071925754,0.502706883217324
2010-03-01,0.0004920830480213565,0.000441812359699624,0.054137664346481054,5.413766434648105e-05,0.00012034199567311026,0.00037174105234824616,0.001077269463391516,0.9976798143851509,5.027068832173245e-05,0.0004379453836748754,-0.00020962701141786054,-0.0018115043289279671,-0.0016717175541061504,-0.0008332219150456104,0.0007876350873885596,0.038669760247486466,3.8669760247486464e-05,3.480278422273782e-05,8.553921145037244e-05,0.015467904098994586,1.5467904098994586e-05,1.5467904098994586e-05,0.0003562731482492516,0.4988399071925754,0.502706883217324
2010-03-02,-0.0009452459167828428,-0.0009993835811293239,0.058004640371229696,5.80046403712297e-05,-0.0004417486203037779,-0.0005034972964790649,-0.07552349447347559,0.9976798143851509,5.413766434648104e-05,-0.0010032505571540725,0.0006428986655122128,0.001727260859765667,0.0011286315629582926,0.0009894344310598683,-0.001823045043559666,0.038669760247486466,3.8669760247486464e-05,3.480278422273782e-05,-0.0004765514045265157,0.019334880123743233,1.9334880123743232e-05,1.9334880123743232e-05,-0.0005228321766028082,0.4988399071925754,0.502706883217324
2010-03-03,6.483589000481545e-05,4.1634033856323576e-05,0.027068832173240527,2.7068832173240526e-05,0.0022120751654813716,-0.002147239275476556,-0.007475835015898686,0.9976798143851509,2.3201856148491874e-05,3.776705783157492e-05,0.005143217045313958,0.002507353341765653,0.00428596378671328,0.004127983954352407,0.004641639150074461,0.019334880123743233,1.9334880123743232e-05,1.5467904098994586e-05,0.002196607261382377,0.007733952049497293,7.733952049497293e-06,7.733952049497293e-06,-0.0021549732275260533,0.4988399071925754,0.502706883217324
2010-03-04,-0.0017781414684208392,-0.0018129442526435772,0.038669760247486466,3.8669760247486464e-05,0.0015193027781253566,-0.0032974442465461963,-0.11426942452680326,0.9976798143851509,3.4802784222737974e-05,-0.0018168112286683258,0.006274055626961875,0.007136656804910772,0.005132949260236851,0.0038489058466242006,0.0026440551978881006,0.02320185614849188,2.320185614849188e-05,1.9334880123743232e-05,0.0014999678980016134,0.015467904098994586,1.5467904098994586e-05,1.5467904098994586e-05,-0.003312912150645191,0.4988399071925754,0.502706883217324
2010-03-05,0.00018915314430029424,0.00015048338405280776,0.038669760247486466,3.8669760247486464e-05,-0.0037660788230507738,0.003955231967351068,-0.026370575412824376,0.9976798143851509,3.8669760247486484e-05,0.0001504833840528078,-0.008772866412772518,-0.00603682811269249,-0.007665629703052277,-0.006410190446751018,-0.008119416214309725,0.02320185614849188,2.320185614849188e-05,2.320185614849188e-05,-0.0037892806791992657,0.015467904098994586,1.5467904098994586e-05,1.5467904098994586e-05,0.003939764063252074,0.4988399071925754,0.502706883217324
2010-03-08,0.0021258329803667407,0.0020832962440945056,0.042536736272235115,4.253673627223511e-05,0.0007815091468953994,0.0013443238334713413,0.12009837677565514,0.9976798143851509,4.253673627223516e-05,0.0020832962440945056,-0.0027928066034374082,-0.002434138810154287,-0.0029065302709268617,-0.0007338955640541146,0.0027169276121102003,0.019334880123743233,1.9334880123743232e-05,1.9334880123743232e-05,0.0007621742667716561,0.02320185614849188,2.320185614849188e-05,2.320185614849188e-05,0.0013211219773228494,0.4988399071925754,0.502706883217324
2010-03-09,-0.002000842090071119,-0.0020511127783928514,0.050270688321732405,5.027068832173241e-05,0.0004047454398165551,-0.002405587529887674,-0.15874004283045795,0.9953596287703016,5.027068832173234e-05,-0.0020511127783928514,0.005210223528311298,0.003925476471299292,0.005351314683670277,0.0026884806278093215,-0.00011154948773645372,0.02320185614849188,2.320185614849188e-05,2.320185614849188e-05,0.00038154358366806324,0.027068832173240527,2.7068832173240526e-05,2.7068832173240526e-05,-0.0024326563620609143,0.4988399071925754,0.502706883217324
2010-03-10,-0.0016376356522239755,-0.0016840393645209592,0.050270688321732405,5.027068832173241e-05,0.00015821148679853007,-0.0017958471390225055,-0.11947250749685003,0.9953596287703016,4.640371229698375e-05,-0.0016879063405457078,0.004038707151178633,0.0026288034418297398,0.005010641619157383,-0.0003552393355659107,0.0006589548499723654,0.027068832173240527,2.7068832173240526e-05,2.320185614849188e-05,0.0001350096306500382,0.02320185614849188,2.320185614849188e-05,2.320185614849188e-05,-0.0018190489951709975,0.4988399071925754,0.502706883217324
2010-03-11,0.000921969920377799,0.0008678322560313179,0.054137664346481054,5.413766434648105e-05,-0.0003926539723913675,0.0013146238927691665,0.07434381837878304,0.9976798143851509,5.413766434648104e-05,0.0008678322560313179,-0.002917457108793608,-0.0020033248884898276,-0.0012147328519972753,5.4850094151074014e-05,-0.0012223396624576918,0.027068832173240527,2.7068832173240526e-05,2.7068832173240526e-05,-0.000419722804564608,0.027068832173240527,2.7068832173240526e-05,2.7068832173240526e-05,0.001287555060595926,0.4988399071925754,0.502706883217324
2010-03-12,0.001201746121782322,0.001147608457435841,0.058004640371229696,5.80046403712297e-05,-0.0006786546974724855,0.0018804008192548074,0.11472161357231232,0.9976798143851509,5.413766434648093e-05,0.0011437414814110922,-0.004912037111837361,-0.0013703354216149494,-0.004209511623288324,-0.002425728264443809,-0.0008278347604104764,0.03480278422273782,3.480278422273782e-05,3.093580819798917e-05,-0.0007095905056704746,0.02320185614849188,2.320185614849188e-05,2.320185614849188e-05,0.0018571989631063154,0.4988399071925754,0.502706883217324
2010-03-15,-0.001420998408722892,-0.0014635351449951272,0.04640371229698376,4.640371229698376e-05,0.0001143440224016559,-0.001535342431124548,-0.10037517654201407,0.9976798143851509,4.253673627223516e-05,-0.0014674021210198758,0.0031302198183219567,0.0029002425231348344,0.0017753068454466176,0.0009129598882181395,-0.00011397542353307979,0.02320185614849188,2.320185614849188e-05,1.9334880123743232e-05,9.500914227791268e-05,0.02320185614849188,2.320185614849188e-05,2.320185614849188e-05,-0.00155854428727304,0.4988399071925754,0.502706883217324
2010-03-16,-3.639331135316106e-05,-6.346214352640162e-05,0.030935808197989172,3.093580819798917e-05,0.00018412405277894587,-0.0002205173641321069,0.0046712366034656,0.9976798143851509,2.7068832173240554e-05,-6.732911955115023e-05,0.0006585734465487554,-6.28138337625284e-06,0.0007205279601563729,-0.0007856078549296443,0.0009464606722163967,0.015467904098994586,1.5467904098994586e-05,1.160092807424594e-05,0.00017252312470469994,0.015467904098994586,1.5467904098994586e-05,1.5467904098994586e-05,-0.00023598526823110147,0.4988399071925754,0.502706883217324
2010-03-17,0.00144015887568644,0.0014130900435131994,0.030935808197989172,3.093580819798917e-05,0.0013878272653768372,5.233161030960283e-05,0.10179483280438334,0.9976798143851509,2.7068832173240574e-05,0.0014092230674884508,0.0003866079068814817,-0.0010969265656919115,0.0014907605609878359,0.005015565776418333,0.0016849741463583737,0.019334880123743233,1.9334880123743232e-05,1.5467904098994586e-05,0.0013723593612778426,0.01160092807424594,1.160092807424594e-05,1.160092807424594e-05,4.073068223535688e-05,0.4988399071925754,0.502706883217324
2010-03-18,0.0015571422324270037,0.0015124482248076285,0.04856098364412367,4.8560983644123675e-05,0.00017020639464833412,0.0013869358377786695,0.07329967825300475,0.9953703703703703,4.469400761937525e-05,0.00150858124878288,-0.0021393287984405643,-0.004031910783439582,-0.0023840831138095975,-0.0016180523329713135,0.00130682468747833,0.03198311420469195,3.1983114204691956e-05,2.8116138179943307e-05,0.0001420902564683908,0.016577869439431722,1.6577869439431722e-05,1.6577869439431722e-05,0.0013703579683392378,0.5015432098765432,0.5015432098765432
2010-03-19,0.0010354632188157038,0.0010045990212848395,0.034722222222222224,3.472222222222222e-05,2.1241132845753328e-06,0.0010333391055311284,0.04553382192188646,0.9953703703703703,3.08641975308643e-05,0.0010007409965934815,-0.002004477712877482,-0.0021733008170541288,-0.00016505593692383517,0.0019078359975628813,-0.0009475160201376974,0.023148148148148147,2.314814814814815e-05,1.9290123456790123e-05,-1.716601017221479e-05,0.011574074074074073,1.1574074074074075e-05,1.1574074074074075e-05,0.0010217650314570544,0.5015432098765432,0.5015432098765432
2010-03-23,0.000745772745425304,0.0007110505232030817,0.034722222222222224,3.472222222222222e-05,-3.427387983116883e-05,0.0007800466252564729,0.001081495529237395,0.9953703703703703,3.472222222222223e-05,0.0007110505232030817,-0.0009449648664708659,-0.002790142834500289,-0.000719719528233012,-3.065049063273244e-05,-8.797463436083102e-05,0.019290123456790122,1.9290123456790123e-05,1.9290123456790123e-05,-5.356400328795895e-05,0.015432098765432098,1.54320987654321e-05,1.54320987654321e-05,0.0007646145264910407,0.5015432098765432,0.5015432098765432
2010-03-24,-0.0004510092505517391,-0.0004973055468480355,0.046296296296296294,4.62962962962963e-05,-0.0003880821285573487,-6.292712199439048e-05,-0.016874303595287785,0.9953703703703703,4.629629629629634e-05,-0.0004973055468480355,-0.0006189133514710939,0.0016315388743937482,-0.0006941694923188387,-0.0008854264109412986,-0.0007269482796696391,0.02700617283950617,2.7006172839506174e-05,2.7006172839506174e-05,-0.00041508830139685483,0.019290123456790122,1.9290123456790123e-05,1.9290123456790123e-05,-8.22172454511806e-05,0.5015432098765432,0.5015432098765432
2010-03-25,0.0017935932557740935,0.0017588710335518713,0.034722222222222224,3.472222222222222e-05,-0.003998207407469515,0.005791800663243608,0.11689614449883956,0.9930555555555556,3.472222222222223e-05,0.0017588710335518713,-0.011130840912815115,-0.012650753800247522,-0.008887058844170055,-0.012680315337958752,-0.005710253493998511,0.019290123456790122,1.9290123456790123e-05,1.9290123456790123e-05,-0.004017497530926305,0.015432098765432098,1.54320987654321e-05,1.54320987654321e-05,0.0057763685644781765,0.5015432098765432,0.5015432098765432
2010-03-26,-0.001435522213055486,-0.0014586703612036343,0.023148148148148147,2.314814814814815e-05,0.000169667093174424,-0.00160518930622991,-0.07083865927595552,0.9930555555555556,2.3148148148148225e-05,-0.0014586703612036343,0.004034702946347949,0.0016065259253225362,0.0005164103053045863,0.002316213321735001,-0.0006467379335324924,0.015432098765432098,1.54320987654321e-05,1.54320987654321e-05,0.0001542349944089919,0.007716049382716049,7.71604938271605e-06,7.71604938271605e-06,-0.0016129053556126261,0.5015432098765432,0.5015432098765432
2010-03-29,0.0006791004452425713,0.0006382376083143824,0.044720861619546894,4.4720861619546895e-05,-0.0001196311443892254,0.0007987315896317967,0.039012650031993654,0.9953596287703016,4.086283692818888e-05,0.0006343795836230244,-0.001898558658663825,-0.0009622647854658109,0.0017498473582662215,0.001458774888894404,-0.0010891155135059657,0.012719844748073698,1.2719844748073699e-05,8.861820056715673e-06,-0.00012849296444594107,0.0320010168714732,3.20010168714732e-05,3.20010168714732e-05,0.0007667305727603235,0.4988399071925754,0.502706883217324
2010-03-30,-0.0018984197322510052,-0.0019370894924984916,0.038669760247486466,3.8669760247486464e-05,0.0015426247002377769,-0.003441044432488782,-0.11489749112005143,0.9953596287703016,3.866976024748635e-05,-0.0019370894924984918,0.0074019523254360755,0.005718238091364195,0.0041979189164899075,0.003622670865761141,0.002827301165741396,0.02320185614849188,2.320185614849188e-05,2.320185614849188e-05,0.0015194228440892849,0.015467904098994586,1.5467904098994586e-05,1.5467904098994586e-05,-0.003456512336587777,0.4988399071925754,0.502706883217324
2010-03-31,0.0027767619855400055,0.0027264912972182727,0.054137664346481054,5.413766434648105e-05,0.00225678954335319,0.0005199724421868154,0.1233357600886399,0.9953596287703016,5.027068832173277e-05,0.0027226243211935243,-0.0009851117676713057,-0.0011339569712117874,0.0012498965965297955,0.001563481008071505,0.006075012853694825,0.03480278422273782,3.480278422273782e-05,3.093580819798917e-05,0.002225853735155201,0.019334880123743233,1.9334880123743232e-05,1.9334880123743232e-05,0.0005006375620630721,0.4988399071925754,0.502706883217324
2010-04-01,-0.0008647455124574177,-0.0009290050310990931,0.06428624889069466,6.428624889069466e-05,-0.0016827883394076885,0.000818042826950271,-0.0967782923444736,0.988479262672811,6.425951864167539e-05,-0.0009290317613481125,-0.002161869395473143,-0.0005732348214180954,-0.0036422997960734367,-0.0048394753399978755,-0.0026474523987424945,0.03595663997205798,3.595663997205798e-05,3.592990972303898e-05,-0.0017187182491307275,0.028329608918636683,2.8329608918636683e-05,2.8329608918636683e-05,0.0007897132180316344,0.5011520737327189,0.5011520737327189
2010-04-02,0.0032054261959178713,0.0031708639839363047,0.03456221198156682,3.456221198156682e-05,0.0026814183860049724,0.0005240078099128991,0.13513754230989614,0.988479262672811,3.456221198156655e-05,0.0031708639839363043,-0.0015102211694320929,-0.0001163768266833759,0.002649833314293566,0.001400035768556237,0.00741092781143603,0.015360983102918587,1.5360983102918587e-05,1.5360983102918587e-05,0.002666057402902054,0.019201228878648235,1.9201228878648233e-05,1.9201228878648233e-05,0.0005048065810342509,0.5011520737327189,0.5011520737327189
2010-04-05,-0.0005304744010041023,-0.0005535158756584802,0.02304147465437788,2.304147465437788e-05,-0.0002128952013111921,-0.0003175791996929101,-0.04267482137510392,0.988479262672811,2.304147465437788e-05,-0.0005535158756584802,0.0004009775340295688,0.001099139727343938,0.0017186272737612827,-0.0001505049062024969,-0.000568499383739835,0.007680491551459293,7.680491551459293e-06,7.680491551459293e-06,-0.0002205756928626514,0.015360983102918587,1.5360983102918587e-05,1.5360983102918587e-05,-0.0003329401827958287,0.5011520737327189,0.5011520737327189
2010-04-06,0.0016487255317515592,0.0016333645486486406,0.019201228878648235,1.9201228878648233e-05,-0.0013699570560576056,0.0030186825878091646,0.117740898527684,0.988479262672811,1.5360983102918587e-05,0.001629524302872911,-0.006692817725482217,-0.004684823074679393,-0.004331828013638415,-0.0016250451190790271,-0.003287900628936354,0.007680491551459293,7.680491551459293e-06,3.840245775729647e-06,-0.0013737973018333352,0.01152073732718894,1.152073732718894e-05,1.152073732718894e-05,0.0030071618504819756,0.5011520737327189,0.5011520737327189
2010-04-07,0.002924427514580633,0.0028821848110476074,0.042242703533026116,4.2242703533026114e-05,0.0026605887660143316,0.0002638387485663016,0.13163267942663726,0.988479262672811,4.2242703533025734e-05,0.002882184811047607,6.140940201969154e-05,-0.0017022121402845535,-0.0006787236247927185,-0.00013276049317486395,0.008029797656588948,0.026881720430107527,2.6881720430107527e-05,2.6881720430107527e-05,0.0026337070455842242,0.015360983102918587,1.5360983102918587e-05,1.5360983102918587e-05,0.000248477765463383,0.5011520737327189,0.5011520737327189
2010-04-08,-0.00019947542605937974,-0.0002532388669195948,0.0576036866359447,5.76036866359447e-05,0.0035867620912551127,-0.0037862375173144925,-0.016505837131788013,0.988479262672811,5.3763440860215054e-05,-0.00025707911269532444,0.007987093068390145,0.006691015001350601,0.00830597825516887,0.006351212415585804,0.007647850098661033,0.03456221198156682,3.456221198156682e-05,3.0721966205837174e-05,0.0035560401250492755,0.02304147465437788,2.304147465437788e-05,2.304147465437788e-05,-0.0038092789919688705,0.5011520737327189,0.5011520737327189
2010-04-09,0.0007286183632207471,0.0006825354139119913,0.04992319508448541,4.992319508448541e-05,-0.0009716254960085452,0.0017002438592292923,0.06351423970544547,0.9861751152073732,4.608294930875576e-05,0.0006786951681362616,-0.0030051415966990285,-0.00416772832254005,-0.0025180864693019524,-0.002436200703269462,-0.0017040764243682561,0.03456221198156682,3.456221198156682e-05,3.0721966205837174e-05,-0.0010023474622143824,0.015360983102918587,1.5360983102918587e-05,1.5360983102918587e-05,0.0016848828761263737,0.5011520737327189,0.5011520737327189
2010-04-12,-0.001460905444413788,-0.0015185091310497328,0.06144393241167435,6.144393241167435e-05,-0.00017579750635797193,-0.0012851079380558161,-0.15890972823713745,0.9861751152073732,5.7603686635944755e-05,-0.0015223493768254624,0.0019577299993937683,0.003777462002815556,6.843149102580595e-05,-0.0010012053877166028,-3.169580213723243e-05,0.03456221198156682,3.456221198156682e-05,3.0721966205837174e-05,-0.0002065194725638091,0.026881720430107527,2.6881720430107527e-05,2.6881720430107527e-05,-0.0013119896584859237,0.5011520737327189,0.5011520737327189
2010-04-13,-0.00043843431042969256,-0.0004921977512899077,0.0576036866359447,5.76036866359447e-05,0.0004716151886651063,-0.0009100494990947989,-0.10809036649071424,0.988479262672811,5.376344086021511e-05,-0.0004960379970656373,0.002034546058401478,0.0013786524708817717,0.003655137813470695,-1.9235739340161736e-05,0.001421210917122882,0.026881720430107527,2.6881720430107527e-05,2.304147465437788e-05,0.00044857371401072843,0.030721966205837174,3.0721966205837174e-05,3.0721966205837174e-05,-0.0009407714653006361,0.5011520737327189,0.5011520737327189
2010-04-14,0.0010066671639009815,0.0009529037230407663,0.0576036866359447,5.76036866359447e-05,-0.0013211171397938442,0.0023277843036948256,0.05851433938806249,0.988479262672811,5.376344086021516e-05,0.0009490634772650367,-0.00486414062078479,-0.004206317210893237,-0.0033805427913709213,-0.0008085758058616838,-0.0035912308796201605,0.030721966205837174,3.0721966205837174e-05,2.6881720430107527e-05,-0.0013479988602239517,0.026881720430107527,2.6881720430107527e-05,2.6881720430107527e-05,0.0023009025832647183,0.5011520737327189,0.5011520737327189
2010-04-15,0.001697646394075118,0.001643882953214903,0.053763440860215055,5.3763440860215054e-05,-0.001402184001317699,0.003099830395392817,0.09790604961220045,0.988479262672811,5.3763440860214945e-05,0.001643882953214903,-0.005898348747913729,-0.006759528595213682,-0.0047640257089615065,-0.004744903502981535,-0.0018456443205050236,0.015360983102918587,1.5360983102918587e-05,1.5360983102918587e-05,-0.0014175449844206177,0.03840245775729647,3.840245775729647e-05,3.840245775729647e-05,0.0030614279376355207,0.5011520737327189,0.5011520737327189
2010-04-16,-0.0004318909568124452,-0.00046645316879401194,0.03840245775729647,3.840245775729647e-05,0.003897652163008429,-0.004329543119820874,-0.05521982907333918,0.988479262672811,3.4562211981566766e-05,-0.00047029341456974165,0.009397472905054027,0.0071225950726817285,0.007126054434960314,0.0072751418517808895,0.008028505203389956,0.019201228878648235,1.9201228878648233e-05,1.5360983102918587e-05,0.00388229117990551,0.019201228878648235,1.9201228878648233e-05,1.9201228878648233e-05,-0.004348744348699522,0.5011520737327189,0.5011520737327189
2010-04-19,-0.0002353373696035259,-0.0002814203189122817,0.04608294930875576,4.608294930875576e-05,0.0013594430865820086,-0.0015947804561855345,-0.053422408932080744,0.988479262672811,4.608294930875576e-05,-0.0002814203189122817,0.002701969253069666,0.004142747259164419,0.0012280629487199572,0.003418481922309144,0.002359712829028819,0.019201228878648235,1.9201228878648233e-05,1.9201228878648233e-05,0.0013402418577033604,0.026881720430107527,2.6881720430107527e-05,2.6881720430107527e-05,-0.001621662176615642,0.5011520737327189,0.5011520737327189
2010-04-20,0.004482173224484128,0.004432250029399643,0.04992319508448541,4.992319508448541e-05,0.0012182718150778363,0.0032639014094062923,0.2757550426100741,0.988479262672811,4.992319508448535e-05,0.004432250029399643,-0.007776791037887615,-0.003984807050877611,-0.0023752655882874727,-0.0013059778807647528,0.004299402511029141,0.019201228878648235,1.9201228878648233e-05,1.9201228878648233e-05,0.0011990705861991881,0.030721966205837174,3.0721966205837174e-05,3.0721966205837174e-05,0.003233179443200455,0.5011520737327189,0.5011520737327189
2010-04-21,0.0017113965783499803,0.0016576331374897652,0.0576036866359447,5.76036866359447e-05,0.003880409964576345,-0.002169013386226365,0.12406089889245725,0.988479262672811,5.376344086021516e-05,0.0016537928917140356,0.005020849424108034,0.002942464043125206,0.0069580437970669425,0.0061639081460981345,0.008631729656051296,0.03456221198156682,3.456221198156682e-05,3.0721966205837174e-05,0.003849687998370508,0.02304147465437788,2.304147465437788e-05,2.304147465437788e-05,-0.002192054860880743,0.5011520737327189,0.5011520737327189
2010-04-22,0.0015608348149711371,0.001507071374110922,0.0576036866359447,5.76036866359447e-05,0.004581721686603079,-0.003020886871631942,0.08940120952726908,0.988479262672811,5.376344086021516e-05,0.0015032311283351924,0.005561990732368796,0.0069596723599280996,0.008686789698114273,0.009790760226824503,0.008818186865799722,0.03456221198156682,3.456221198156682e-05,3.0721966205837174e-05,0.004550999720397242,0.02304147465437788,2.304147465437788e-05,2.304147465437788e-05,-0.00304392834628632,0.5011520737327189,0.5011520737327189
2010-04-23,-0.0002291508158425296,-0.0002752337651512854,0.04608294930875576,4.608294930875576e-05,-0.002742423684619252,0.002513272868776722,-0.003026249994300418,0.988479262672811,4.608294930875579e-05,-0.0002752337651512854,-0.005261961595454396,-0.004521048189078759,-0.004003638118897972,-0.005164978408641301,-0.005625868582746628,0.02304147465437788,2.304147465437788e-05,2.304147465437788e-05,-0.00276546515927363,0.02304147465437788,2.304147465437788e-05,2.304147465437788e-05,0.002490231394122344,0.5011520737327189,0.5011520737327189
2010-04-26,-3.574290690449783e-05,-8.182585621325356e-05,0.04608294930875576,4.608294930875576e-05,-0.0017263645447771494,0.0016906216378726516,0.007594122895144413,0.988479262672811,4.608294930875573e-05,-8.182585621325359e-05,-0.0021979410344234317,-0.005724528839245976,-0.005046203109916717,-0.006763509577232552,-0.0017854328833373997,0.019201228878648235,1.9201228878648233e-05,1.9201228878648233e-05,-0.0017455657736557975,0.026881720430107527,2.6881720430107527e-05,2.6881720430107527e-05,0.001663739917442544,0.5011520737327189,0.5011520737327189
2010-04-27,-0.0018546635697748734,-0.001881545290204981,0.026881720430107527,2.6881720430107527e-05,0.003272126383581077,-0.00512678995335595,-0.11000968168975124,0.988479262672811,2.688172043010758e-05,-0.001881545290204981,0.009390325531233704,0.011909374313484074,0.008110684897858827,0.006157653513340183,0.006714986005220857,0.01152073732718894,1.152073732718894e-05,1.152073732718894e-05,0.003260605646253888,0.015360983102918587,1.5360983102918587e-05,1.5360983102918587e-05,-0.005142150936458869,0.5011520737327189,0.5011520737327189
2010-04-28,0.00309782791546827,0.0030517449661595143,0.04608294930875576,4.608294930875576e-05,0.0003486869766247684,0.0027491409388435014,0.15486326323100938,0.988479262672811,4.6082949308755543e-05,0.003051744966159514,-0.006303539262649614,-0.003849847922398424,0.0009812891720383614,0.0012111538585231898,0.0004380792628428845,0.02304147465437788,2.304147465437788e-05,2.304147465437788e-05,0.0003256455019703905,0.02304147465437788,2.304147465437788e-05,2.304147465437788e-05,0.0027260994641891234,0.5011520737327189,0.5011520737327189
2010-04-30,0.0026498881455924712,0.002588444213180797,0.065284178187404,6.5284178187404e-05,-0.002646479880694958,0.005296368026287429,0.09802916058077979,0.988479262672811,6.144393241167435e-05,0.002584603967405067,-0.012190219722408944,-0.007324715360819966,-0.009038542968116797,-0.007678313803991551,-0.004129496633248076,0.03456221198156682,3.456221198156682e-05,3.0721966205837174e-05,-0.0026772018469007953,0.030721966205837174,3.0721966205837174e-05,3.0721966205837174e-05,0.005265646060081591,0.5011520737327189,0.5011520737327189
2010-05-06,-0.001075083804473473,-0.001128847245333688,0.053763440860215055,5.3763440860215054e-05,0.003965531186625036,-0.005040614991098509,-0.07577753695988862,0.988479262672811,5.3763440860214945e-05,-0.001128847245333688,0.010256943649563062,0.009660276923449783,0.008556109272160047,0.008906615009721385,0.007502169396212549,0.019201228878648235,1.9201228878648233e-05,1.9201228878648233e-05,0.0039463299577463876,0.03456221198156682,3.456221198156682e-05,3.456221198156682e-05,-0.005075177203080076,0.5011520737327189,0.5011520737327189
2010-05-07,-0.00016079571348485337,-0.00019535792546642025,0.03456221198156682,3.456221198156682e-05,0.002298760539632995,-0.002459556253117848,-0.018483972015812918,0.988479262672811,3.4562211981566874e-05,-0.0001953579254664202,0.005045744518849889,0.004631923567171202,0.008246369894283831,0.0055489295829549345,0.004153707065835955,0.02304147465437788,2.304147465437788e-05,2.304147465437788e-05,0.002275719064978617,0.01152073732718894,1.152073732718894e-05,1.152073732718894e-05,-0.002471076990445037,0.5011520737327189,0.5011520737327189
2010-05-10,0.00067934070002547,0.000625577259165255,0.0576036866359447,5.76036866359447e-05,0.0011297093019048386,-0.00045036860187936854,0.05331677668126266,0.988479262672811,5.3763440860214945e-05,0.0006217370133895252,0.0015084701470622543,-0.00032094066356387494,-0.0022943006474542916,0.0009885995200261406,0.002887037047067619,0.030721966205837174,3.0721966205837174e-05,2.6881720430107527e-05,0.001102827581474731,0.026881720430107527,2.6881720430107527e-05,2.6881720430107527e-05,-0.00047725032230947606,0.5011520737327189,0.5011520737327189
2010-05-11,-0.0008330578616883871,-0.0009175432687544394,0.08448540706605223,8.448540706605223e-05,0.0013693707045597612,-0.0022024285662481484,-0.08068662482920252,0.988479262672811,8.448540706605234e-05,-0.0009175432687544393,0.0037697837404967165,0.005644625591443758,0.007375050633204418,0.0027124150910213416,0.0027424606322750972,0.03840245775729647,3.840245775729647e-05,3.840245775729647e-05,0.0013309682468024648,0.04608294930875576,4.608294930875576e-05,4.608294930875576e-05,-0.0022485115155569044,0.5011520737327189,0.5011520737327189
2010-05-12,0.002790515591816122,0.0027405923967316363,0.04992319508448541,4.992319508448541e-05,-0.0016004624378931692,0.004390978029709291,0.149824680861412,0.988479262672811,4.9923195084485786e-05,0.0027405923967316367,-0.00992967571540271,-0.006425951533247438,-0.007650313997750713,-0.0036555866408963323,-0.0029625563212458714,0.019201228878648235,1.9201228878648233e-05,1.9201228878648233e-05,-0.0016196636667718174,0.030721966205837174,3.0721966205837174e-05,3.0721966205837174e-05,0.004360256063503454,0.5011520737327189,0.5011520737327189
2010-05-13,0.001781380743541292,0.0017276173026810771,0.053763440860215055,5.3763440860215054e-05,0.0012555787285057178,0.0005258020150355744,0.0884921642148332,0.988479262672811,5.3763440860214945e-05,0.0017276173026810771,-0.0016007660973786759,5.397254613060308e-05,-0.00019114967447655167,0.0024721036071419277,0.002522025218301322,0.02304147465437788,2.304147465437788e-05,2.304147465437788e-05,0.0012325372538513398,0.030721966205837174,3.0721966205837174e-05,3.0721966205837174e-05,0.0004950800488297372,0.5011520737327189,0.5011520737327189
2010-05-14,0.00012197449013832246,5.2850066175188814e-05,0.07680491551459294,7.680491551459293e-05,0.0008232944577561313,-0.0007013199676178087,-0.00751098499414083,0.988479262672811,6.912442396313364e-05,4.516957462372953e-05,0.0010470927316442772,0.002104060963554604,-0.00021475777709982345,-0.0020257799820175264,0.0035589094825583412,0.042242703533026116,4.2242703533026114e-05,3.456221198156682e-05,0.0007887322457745644,0.03456221198156682,3.456221198156682e-05,3.456221198156682e-05,-0.0007358821795993755,0.5011520737327189,0.5011520737327189
2010-05-17,0.0007498568189778153,0.0006922531323418706,0.0576036866359447,5.76036866359447e-05,-0.0037848184334822533,0.004534675252460069,0.012781046382437385,0.988479262672811,5.7603686635944646e-05,0.0006922531323418706,-0.010432661677105829,-0.006280180915687232,-0.01061960837655794,-0.010247500557218058,-0.006350593480468156,0.042242703533026116,4.2242703533026114e-05,4.2242703533026114e-05,-0.0038270611370152794,0.015360983102918587,1.5360983102918587e-05,1.5360983102918587e-05,0.00451931426935715,0.5011520737327189,0.5011520737327189
2010-05-18,-0.0011933058391656224,-0.0012547497715772967,0.06144393241167435,6.144393241167435e-05,0.0018474894575723469,-0.003040795296737969,-0.046356751268726924,0.988479262672811,6.144393241167435e-05,-0.0012547497715772967,0.00504510396778595,0.008112621840762979,0.004296936256664577,0.004252652100047737,0.003483481039997207,0.026881720430107527,2.6881720430107527e-05,2.6881720430107527e-05,0.0018206077371422393,0.03456221198156682,3.456221198156682e-05,3.456221198156682e-05,-0.003075357508719536,0.5011520737327189,0.5011520737327189
2010-05-19,0.002419438498156506,0.002354154319969102,0.065284178187404,6.5284178187404e-05,-0.0014953089026837243,0.0039147474008402305,0.15453435935939738,0.988479262672811,6.528417818740416e-05,0.002354154319969102,-0.009276938107734466,-0.004880611673698792,-0.0029190429727030424,-0.002027943763418729,-0.0035430927594132604,0.03840245775729647,3.840245775729647e-05,3.840245775729647e-05,-0.0015337113604410209,0.026881720430107527,2.6881720430107527e-05,2.6881720430107527e-05,0.003887865680410123,0.5011520737327189,0.5011520737327189
2010-05-20,-0.001118801711984381,-0.0011687249070688665,0.04992319508448541,4.992319508448541e-05,0.0028829493925105307,-0.004001751104494911,-0.07818397642348958,0.988479262672811,4.992319508448557e-05,-0.0011687249070688663,0.008598711789211061,0.006757886481588797,0.0051752301753845474,0.00489779286142717,0.006325482733384239,0.03456221198156682,3.456221198156682e-05,3.456221198156682e-05,0.0028483871805289637,0.015360983102918587,1.5360983102918587e-05,1.5360983102918587e-05,-0.00401711208759783,0.5011520737327189,0.5011520737327189
2010-05-21,0.0009327861995813992,0.0008867032502726435,0.04992319508448541,4.992319508448541e-05,0.0007191873823238353,0.0002135988172575639,0.04859949874077238,0.988479262672811,4.608294930875565e-05,0.0008828630044969137,-0.00045146699402761275,-0.000375712724907295,-4.3957675889983887e-05,-0.00017479950339149305,0.0022660485204029843,0.026881720430107527,2.6881720430107527e-05,2.304147465437788e-05,0.0006961459076694574,0.02304147465437788,2.304147465437788e-05,2.304147465437788e-05,0.00019055734260318603,0.5011520737327189,0.5011520737327189
2010-05-24,-0.0006915094216710468,-0.0007721545829613694,0.08064516129032258,8.064516129032258e-05,-0.0021767125396537326,0.001485203117982686,-0.02430636088536545,0.988479262672811,8.064516129032263e-05,-0.0007721545829613694,-0.00455365655120928,0.0002165799547704813,-0.0031375685644034154,-0.001982562965069515,-0.005588075073782652,0.03840245775729647,3.840245775729647e-05,3.840245775729647e-05,-0.002215114997411029,0.042242703533026116,4.2242703533026114e-05,4.2242703533026114e-05,0.0014429604144496598,0.5011520737327189,0.5011520737327189
2010-05-25,0.00018864431446035963,0.0001502418567030631,0.042242703533026116,4.2242703533026114e-05,-0.0017282863802163652,0.0019169306946767248,0.018188961657772784,0.988479262672811,3.840245775729652e-05,0.0001464016109273335,-0.00400461561130238,-0.0034659125220807387,-0.0063932557982021646,-0.006553850641784807,-0.0019406267116553225,0.02304147465437788,2.304147465437788e-05,1.9201228878648233e-05,-0.0017474876090950134,0.019201228878648235,1.9201228878648233e-05,1.9201228878648233e-05,0.0018977294657980767,0.5011520737327189,0.5011520737327189
2010-05-26,-0.0015412780455607781,-0.0015950414864209933,0.053763440860215055,5.3763440860215054e-05,0.004962822478926722,-0.0065041005244875,-0.06829284603681474,0.988479262672811,5.376344086021516e-05,-0.001595041486420993,0.012797493306980979,0.013339904801590802,0.00973338083176354,0.011132195259550273,0.00950668799673037,0.026881720430107527,2.6881720430107527e-05,2.6881720430107527e-05,0.004935940758496614,0.026881720430107527,2.6881720430107527e-05,2.6881720430107527e-05,-0.006530982244917607,0.5011520737327189,0.5011520737327189
2010-05-27,0.0016905780635925697,0.0016291341311808953,0.065284178187404,6.5284178187404e-05,-0.002262567234366859,0.003953145297959429,0.08884827409061272,0.988479262672811,6.144393241167435e-05,0.0016252938854051657,-0.006932847561681234,-0.009798650522353283,-0.005137268624791855,-0.006152859639207745,-0.0037386408549255016,0.030721966205837174,3.0721966205837174e-05,2.6881720430107527e-05,-0.0022894489547969662,0.03456221198156682,3.456221198156682e-05,3.456221198156682e-05,0.003918583085977862,0.5011520737327189,0.5011520737327189
2010-05-28,0.0025259814747738245,0.002487579017016528,0.03840245775729647,3.840245775729647e-05,0.004679740276186367,-0.0021537588014125426,0.16998189812795333,0.988479262672811,3.840245775729636e-05,0.002487579017016528,0.0038245397152284573,0.005243766360067823,0.004433300719363696,0.0079798451437408,0.010133501211234946,0.02304147465437788,2.304147465437788e-05,2.304147465437788e-05,0.004656698801531989,0.015360983102918587,1.5360983102918587e-05,1.5360983102918587e-05,-0.002169119784515461,0.5011520737327189,0.5011520737327189
2010-05-31,0.00023437533324272678,0.0001959728754854303,0.03840245775729647,3.840245775729647e-05,-0.0031742340695599535,0.00340860940280268,0.02011952403171703,0.988479262672811,3.840245775729647e-05,0.0001959728754854303,-0.006788662335464799,-0.006827316443778858,-0.001493200120340683,-0.005892105217293786,-0.006630976450710839,0.02304147465437788,2.304147465437788e-05,2.304147465437788e-05,-0.0031972755442143314,0.015360983102918587,1.5360983102918587e-05,1.5360983102918587e-05,0.0033932484196997617,0.5011520737327189,0.5011520737327189
2010-06-01,-0.0018703480580565793,-0.0019394724820197128,0.07296466973886329,7.296466973886329e-05,0.0035897357320337597,-0.005460083790090339,-0.16498146495973057,0.988479262672811,6.912442396313353e-05,-0.0019433127277954426,0.010303696944871358,0.012077797350246347,0.009990669127941634,0.007743840959329483,0.007034236504597159,0.042242703533026116,4.2242703533026114e-05,3.840245775729647e-05,0.0035513332742764634,0.030721966205837174,3.0721966205837174e-05,3.0721966205837174e-05,-0.005490805756296176,0.5011520737327189,0.5011520737327189
2010-06-02,0.0003805882295329332,0.00033450528022417744,0.04992319508448541,4.992319508448541e-05,-0.0011057682760924265,0.0014863565056253596,0.020254490130604017,0.988479262672811,4.608294930875576e-05,0.0003306650344484478,-0.002573369324559396,-0.0037508989155902576,-0.0021727909685820934,-0.00018294970633363732,-0.0032556249635924957,0.03456221198156682,3.456221198156682e-05,3.0721966205837174e-05,-0.0011364902422982637,0.015360983102918587,1.5360983102918587e-05,1.5360983102918587e-05,0.001470995522522441,0.5011520737327189,0.5011520737327189
2010-06-03,0.0003484414112888442,0.00031387919930727737,0.03456221198156682,3.456221198156682e-05,-0.0038108965281382174,0.004159337939427061,0.029684790323781848,0.988479262672811,3.456221198156682e-05,0.00031387919930727737,-0.007743640994582054,-0.009411375468923405,-0.00992253117742481,-0.008636635891864263,-0.007170509239896469,0.02304147465437788,2.304147465437788e-05,2.304147465437788e-05,-0.0038339380027925954,0.01152073732718894,1.152073732718894e-05,1.152073732718894e-05,0.004147817202099872,0.5011520737327189,0.5011520737327189
2010-06-04,-0.0027498240972707163,-0.0028035875381309315,0.0576036866359447,5.76036866359447e-05,0.0015350758778586839,-0.0042848999751294,-0.1300830011110385,0.988479262672811,5.376344086021516e-05,-0.002807427783906661,0.009069446384607447,0.007511405012939034,0.005264460322641125,0.004732617069082516,0.002280763718697786,0.026881720430107527,2.6881720430107527e-05,2.304147465437788e-05,0.001512034403204306,0.030721966205837174,3.0721966205837174e-05,3.0721966205837174e-05,-0.004315621941335238,0.5011520737327189,0.5011520737327189
2010-06-07,0.0009515774300612324,0.0009131749723039359,0.042242703533026116,4.2242703533026114e-05,0.0024630938852422154,-0.0015115164551809833,0.06432289727225611,0.988479262672811,3.840245775729647e-05,0.0009093347265282062,0.0026118357566267325,0.0038245787150023524,0.0034060344427902767,0.006659415812480168,0.004089593719467275,0.019201228878648235,1.9201228878648233e-05,1.5360983102918587e-05,0.0024477329021392966,0.02304147465437788,2.304147465437788e-05,2.304147465437788e-05,-0.0015345579298353612,0.5011520737327189,0.5011520737327189
2010-06-08,-0.0005498226348283568,-0.0006035860756885719,0.053763440860215055,5.3763440860215054e-05,0.0012157549144643305,-0.0017655775492926875,-0.036562133801864294,0.988479262672811,5.3763440860215054e-05,-0.0006035860756885719,0.002310410700706101,0.005948291100560575,0.004041569574356597,0.00028461170874324925,0.003537232213909074,0.026881720430107527,2.6881720430107527e-05,2.6881720430107527e-05,0.001188873194034223,0.026881720430107527,2.6881720430107527e-05,2.6881720430107527e-05,-0.001792459269722795,0.5011520737327189,0.5011520737327189
2010-06-09,-0.0011282685286454785,-0.0011743514779542343,0.04992319508448541,4.992319508448541e-05,0.003339478538164508,-0.004467747066809987,-0.048941017686942485,0.988479262672811,4.608294930875576e-05,-0.0011781917237299639,0.009105318850145783,0.00853422060309511,0.010778366840153137,0.00800105275418573,0.006135934312128924,0.03840245775729647,3.840245775729647e-05,3.456221198156682e-05,0.003304916326182941,0.01152073732718894,1.152073732718894e-05,1.152073732718894e-05,-0.004479267804137176,0.5011520737327189,0.5011520737327189
2010-06-10,0.0017832010154703937,0.0017447985577130974,0.042242703533026116,4.2242703533026114e-05,-0.00016166589356097924,0.001944866909031373,0.15274347473869318,0.988479262672811,3.840245775729636e-05,0.0017409583119373676,-0.005258770559234416,-0.0011248345852500079,-0.003360405918625882,0.000988590832271713,-0.0009895523242685873,0.030721966205837174,3.0721966205837174e-05,2.6881720430107527e-05,-0.00018854761399108677,0.01152073732718894,1.152073732718894e-05,1.152073732718894e-05,0.001933346171704184,0.5011520737327189,0.5011520737327189
2010-06-11,4.536460101262932e-05,-8.398839847585706e-06,0.0576036866359447,5.76036866359447e-05,-0.0014327292872797165,0.001478093888292346,-0.00041219376146565885,0.988479262672811,5.3763440860215027e-05,-1.223908562331538e-05,-0.002757738254497662,-0.0033326993188512706,-0.002278517013379407,-0.0013024781966973764,-0.003722645939427086,0.03456221198156682,3.456221198156682e-05,3.0721966205837174e-05,-0.0014634512534855537,0.02304147465437788,2.304147465437788e-05,2.304147465437788e-05,0.0014550524136379681,0.5011520737327189,0.5011520737327189
2010-06-14,-0.0030198448332940725,-0.0030872124551666997,0.07504811342408667,7.504811342408667e-05,-0.000963920616646541,-0.0020559242166475313,-0.2152184915714583,0.9862068965517241,6.736762187262721e-05,-0.0030948929467181593,0.005213212299964931,0.0019091206999553253,0.0009585538196378301,-0.0018826771257394663,-0.0019963155997068283,0.04710260077334602,4.710260077334602e-05,3.9422109221886726e-05,-0.0010033427258684276,0.027945512650740655,2.7945512650740653e-05,2.7945512650740653e-05,-0.002083869729298272,0.5,0.5
2010-06-15,0.0033123561298966865,0.0032702105360269546,0.0421455938697318,4.21455938697318e-05,-0.0021910944078007023,0.005503450537697388,0.18424058011104305,0.9862068965517241,4.214559386973198e-05,0.0032702105360269546,-0.012769683713240634,-0.0074813357997030655,-0.006859422850038979,-0.003800235117264782,-0.0047831225039407675,0.030651340996168584,3.065134099616859e-05,3.065134099616859e-05,-0.0022217457487968707,0.011494252873563218,1.149425287356322e-05,1.149425287356322e-05,0.005491956284823825,0.5,0.5
2010-06-16,0.0013098574596489116,0.0012562176129056165,0.0574712643678161,5.7471264367816097e-05,0.0019569591134129156,-0.0006471016537640043,0.05215740573271545,0.9862068965517241,5.363984674329513e-05,0.0012523861952810954,0.0017821664076245274,0.00031827710733496915,0.00035073297272421615,0.0021606057210858862,0.004961666425399225,0.034482758620689655,3.448275862068966e-05,3.065134099616859e-05,0.001926307772416747,0.022988505747126436,2.298850574712644e-05,2.298850574712644e-05,-0.0006700901595111307,0.5,0.5
2010-06-17,-0.0004775574845192,-0.0005235344960134528,0.04980842911877395,4.980842911877396e-05,0.00208648521731116,-0.0025640427018303598,-0.03877463549274025,0.9862068965517241,4.597701149425281e-05,-0.000527365913637974,0.003951597768847181,0.007481060673287797,0.007407876742319323,0.0037663545792639705,0.0044792496178850585,0.022988505747126436,2.298850574712644e-05,1.9157088122605367e-05,0.0020673281291885546,0.02681992337164751,2.6819923371647513e-05,2.6819923371647513e-05,-0.002590862625202007,0.5,0.5
2010-06-18,0.001736659761672717,0.0017021770030520274,0.034482758620689655,3.448275862068966e-05,-0.0022852712524077242,0.004021931014080441,0.0906043532646445,0.9862068965517241,3.448275862068966e-05,0.0017021770030520274,-0.007880990702727082,-0.008369604679028482,-0.004516307930216202,-0.005398097502057977,-0.0042545712416340465,0.015325670498084292,1.5325670498084293e-05,1.5325670498084293e-05,-0.0023005969229058084,0.019157088122605366,1.9157088122605367e-05,1.9157088122605367e-05,0.004002773925957836,0.5,0.5
2010-06-21,0.0027920036116791526,0.002753689435433942,0.0421455938697318,4.21455938697318e-05,0.001451765940292486,0.0013402376713866667,0.19132067671515618,0.9862068965517241,3.8314176245210496e-05,0.0027498580178094206,-0.0025571863955314365,-0.002927053237257127,-0.0018934988272502088,0.002644908064577663,0.003141159638181077,0.022988505747126436,2.298850574712644e-05,1.9157088122605367e-05,0.0014326088521698806,0.019157088122605366,1.9157088122605367e-05,1.9157088122605367e-05,0.0013210805832640613,0.5,0.5
2010-06-22,-0.0014856935475955648,-0.0015355019767143386,0.05363984674329502,5.363984674329503e-05,0.0010076657142404717,-0.0024933592618360365,-0.12636702571499356,0.9862068965517241,4.980842911877386e-05,-0.00153933339433886,0.005660394910268676,0.0036393657504788664,0.0044694604036605665,0.00262890934978575,0.0017487434670715647,0.022988505747126436,2.298850574712644e-05,1.9157088122605367e-05,0.0009885086261178662,0.030651340996168584,3.065134099616859e-05,3.065134099616859e-05,-0.002524010602832205,0.5,0.5
2010-06-23,0.0016713096729229133,0.0016291640790531815,0.04597701149425287,4.597701149425288e-05,0.0004762637577100685,0.0011950459152128448,0.105914646101562,0.9862068965517241,4.214559386973176e-05,0.0016253326614286605,-0.00252004352666285,-0.002130188437951368,-0.0014922324987822946,0.0014307903785405036,0.0007388745154263807,0.02681992337164751,2.6819923371647513e-05,2.298850574712644e-05,0.00045327525196294205,0.019157088122605366,1.9157088122605367e-05,1.9157088122605367e-05,0.0011758888270902393,0.5,0.5
2010-06-24,-0.0013679383272293332,-0.0014177467563481073,0.04980842911877395,4.980842911877396e-05,0.0010927161442698895,-0.002460654471499223,-0.10377494706988295,0.9862068965517241,4.980842911877408e-05,-0.001417746756348107,0.00467986488643453,0.005404197056126276,0.006208786797107997,0.0034448148420201646,0.0016113031907924282,0.019157088122605366,1.9157088122605367e-05,1.9157088122605367e-05,0.001073559056147284,0.030651340996168584,3.065134099616859e-05,3.065134099616859e-05,-0.0024913058124953914,0.5,0.5
2010-06-25,-0.0008372615817936637,-0.0008947328461614797,0.06130268199233717,6.130268199233717e-05,-0.00025341753382961813,-0.0005838440479640455,-0.039973523542312935,0.9862068965517241,5.747126436781607e-05,-0.0008985642637860008,0.000901792683588312,0.0016994789206076486,-0.0016618884018708814,0.00013232010428626355,-0.0008458576572468564,0.03831417624521073,3.831417624521073e-05,3.448275862068966e-05,-0.0002879002924503078,0.022988505747126436,2.298850574712644e-05,2.298850574712644e-05,-0.0006068325537111719,0.5,0.5
2010-06-28,0.0009533688562952423,0.0009188860976745527,0.03831417624521073,3.831417624521073e-05,-0.0031857053989949825,0.004139074255290225,0.054172321918464064,0.9862068965517241,3.4482758620689555e-05,0.0009150546800500316,-0.009806135095862778,-0.0052221753400157915,-0.007041060719367551,-0.008636610125713854,-0.005425911531775449,0.02681992337164751,2.6819923371647513e-05,2.298850574712644e-05,-0.003208693904742109,0.011494252873563218,1.149425287356322e-05,1.149425287356322e-05,0.004127580002416662,0.5,0.5
2010-06-29,-0.0010446644239137171,-0.0010868100177834489,0.04597701149425287,4.597701149425288e-05,0.0011324845784737843,-0.0021771490023875014,-0.06469466199959571,0.9862068965517241,4.214559386973176e-05,-0.00109064143540797,0.004843702548741827,0.0033754889168413522,0.004868475116848997,0.00028537529874436603,0.0033313488174856205,0.019157088122605366,1.9157088122605367e-05,1.5325670498084293e-05,0.0011171589079757,0.02681992337164751,2.6819923371647513e-05,2.6819923371647513e-05,-0.0022039689257591488,0.5,0.5
2010-06-30,0.00037041778634698866,0.0003129465219791726,0.0574712643678161,5.7471264367816097e-05,0.0019050537482800107,-0.001534635961933022,0.006089129301474444,0.9862068965517241,5.747126436781607e-05,0.0003129465219791726,0.0020848387816473943,0.005038138208303343,0.004073647143450582,0.003142409701865628,0.004241461250234446,0.019157088122605366,1.9157088122605367e-05,1.9157088122605367e-05,0.0018858966601574053,0.03831417624521073,3.831417624521073e-05,3.831417624521073e-05,-0.0015729501381782328,0.5,0.5
2010-07-01,0.0020873686962396684,0.002029897431871852,0.0574712643678161,5.7471264367816097e-05,0.0030894955281925065,-0.001002126831952838,0.07652486613582028,0.9862068965517241,5.747126436781618e-05,0.002029897431871852,0.002742404741630776,0.0005279515084554779,0.005646938827558537,0.0053379820907572696,0.006754777787180035,0.02681992337164751,2.6819923371647513e-05,2.6819923371647513e-05,0.003062675604820859,0.030651340996168584,3.065134099616859e-05,3.065134099616859e-05,-0.0010327781729490067,0.5,0.5
2010-07-02,0.0028658129482501313,0.002827498772004921,0.03831417624521073,3.831417624521073e-05,0.001070611784043711,0.0017952011642064206,0.14924590732023899,0.9862068965517241,3.8314176245210496e-05,0.0028274987720049204,-0.00469401304422833,-0.0013831808967818629,0.0005461761778042247,0.0015859105961264918,0.002475794878869484,0.019157088122605366,1.9157088122605367e-05,1.9157088122605367e-05,0.0010514546959211055,0.019157088122605366,1.9157088122605367e-05,1.9157088122605367e-05,0.001776044076083815,0.5,0.5
2010-07-05,-0.001925423040978469,-0.001975231470097243,0.04980842911877395,4.980842911877396e-05,0.0014777256927540762,-0.003403148733732545,-0.15448815474896763,0.9862068965517241,4.980842911877386e-05,-0.001975231470097243,0.007763592357212687,0.004891707687969896,0.0071347817683342545,0.0026552523425491313,0.0031786226930344314,0.02681992337164751,2.6819923371647513e-05,2.6819923371647513e-05,0.0014509057693824286,0.022988505747126436,2.298850574712644e-05,2.298850574712644e-05,-0.0034261372394796714,0.5,0.5
2010-07-06,-0.002575500799028262,-0.002625309228147036,0.04980842911877395,4.980842911877396e-05,0.003941813348580937,-0.0065173141476092,-0.1457120145666114,0.9862068965517241,4.980842911877408e-05,-0.002625309228147036,0.012655656156724041,0.01379257257220711,0.011142727190234979,0.008990302038704804,0.007502766415246655,0.019157088122605366,1.9157088122605367e-05,1.9157088122605367e-05,0.003922656260458332,0.030651340996168584,3.065134099616859e-05,3.065134099616859e-05,-0.006547965488605368,0.5,0.5
2010-07-07,0.0015932288413502106,0.0015357575769823944,0.0574712643678161,5.7471264367816097e-05,-0.0033759404310759016,0.004969169272426112,0.08560893572847496,0.9862068965517241,5.747126436781618e-05,0.0015357575769823944,-0.010376864275841013,-0.009061287082874644,-0.00840913796878854,-0.007746153080550002,-0.006401915217728061,0.030651340996168584,3.065134099616859e-05,3.065134099616859e-05,-0.00340659177207207,0.02681992337164751,2.6819923371647513e-05,2.6819923371647513e-05,0.0049423493490544645,0.5,0.5
2010-07-08,0.000736041785788298,0.0006900647742940452,0.04980842911877395,4.980842911877396e-05,-0.0009214956450595219,0.00165753743084782,0.04052205130231646,0.9862068965517241,4.597701149425281e-05,0.0006862333566695241,-0.003858238507212611,-0.002228747570661697,-0.0029558423923688078,-0.0012720603165056424,-0.002204473090387378,0.030651340996168584,3.065134099616859e-05,2.6819923371647513e-05,-0.0009483155684311695,0.019157088122605366,1.9157088122605367e-05,1.9157088122605367e-05,0.0016383803427252146,0.5,0.5
2010-07-09,-0.0010319903442030955,-0.0010894616085709117,0.0574712643678161,5.7471264367816097e-05,-0.00028867439300774895,-0.0007433159511953466,-0.02512907653094569,0.9862068965517241,5.747126436781618e-05,-0.0010894616085709117,0.00043065874060077894,0.0035985782259705217,0.0030522556412790067,0.0007550226252813086,-0.0012879464377947548,0.02681992337164751,2.6819923371647513e-05,2.6819923371647513e-05,-0.00031549431637939646,0.030651340996168584,3.065134099616859e-05,3.065134099616859e-05,-0.0007739672921915152,0.5,0.5
2010-07-12,-0.0013248198246909918,-0.0013669654185607236,0.04597701149425287,4.597701149425288e-05,0.0019299575848660887,-0.0032547774095570805,-0.14183067530165988,0.9862068965517241,4.214559386973176e-05,-0.0013707968361852446,0.006712345187249191,0.006103974082844098,0.009126810777462824,0.0026427757785380934,0.004573625685689906,0.02681992337164751,2.6819923371647513e-05,2.298850574712644e-05,0.0019069690791189621,0.019157088122605366,1.9157088122605367e-05,1.9157088122605367e-05,-0.0032739344976796857,0.5,0.5
2010-07-13,0.0026788937569326246,0.002640579580687414,0.03831417624521073,3.831417624521073e-05,-0.00265505885612566,0.005333952613058285,0.17045458345175798,0.9862068965517241,3.8314176245210496e-05,0.0026405795806874136,-0.010672023596143351,-0.010659668486063005,-0.009724281608802999,-0.004057523028593793,-0.006076095408293732,0.022988505747126436,2.298850574712644e-05,2.298850574712644e-05,-0.0026780473618727863,0.015325670498084292,1.5325670498084293e-05,1.5325670498084293e-05,0.005318626942560201,0.5,0.5
2010-07-14,-0.00013189887266654135,-0.00018553871940983635,0.05363984674329502,5.363984674329503e-05,0.0020259713510232184,-0.0021578702236897595,-0.04264837531518688,0.9862068965517241,5.363984674329499e-05,-0.00018553871940983637,0.004145714097259992,0.0046557931476185754,0.0043238762949391095,0.0028899569155225895,0.004741945844609734,0.02681992337164751,2.6819923371647513e-05,2.6819923371647513e-05,0.001999151427651571,0.02681992337164751,2.6819923371647513e-05,2.6819923371647513e-05,-0.002184690147061407,0.5,0.5
2010-07-15,-0.0003191670769159131,-0.0003728069236592082,0.0574712643678161,5.7471264367816097e-05,-0.0015986119739898983,0.001279444897073985,-0.01903903529637066,0.9862068965517241,5.3639846743295074e-05,-0.00037663834128372924,-0.0023923172972445486,-0.0028920347879548137,-0.0038631558302975356,-0.0023598539895014177,-0.0037450485317625203,0.030651340996168584,3.065134099616859e-05,2.6819923371647513e-05,-0.0016254318973615458,0.02681992337164751,2.6819923371647513e-05,2.6819923371647513e-05,0.0012526249737023374,0.5,0.5
2010-07-16,-0.001208663865608372,-0.001258472294727146,0.05363984674329502,5.363984674329503e-05,0.005508077554204606,-0.006716741419812979,-0.0856876659528257,0.9862068965517241,4.980842911877386e-05,-0.0012623037123516672,0.012624828846123952,0.015050790826629962,0.013603419218295137,0.0127512894688487,0.010387378232382161,0.015325670498084292,1.5325670498084293e-05,1.149425287356322e-05,0.005496583301331043,0.03831417624521073,3.831417624521073e-05,3.831417624521073e-05,-0.006755055596058189,0.5,0.5
2010-07-20,0.0011991671159998212,0.0011455272692565263,0.05363984674329502,5.363984674329503e-05,-0.002476997446938786,0.0036761645629386076,0.08075836356644876,0.9862068965517241,5.363984674329491e-05,0.001145527269256526,-0.007104287926081294,-0.007848411525469055,-0.008993621038956614,-0.004244476632753572,-0.005433665883838151,0.02681992337164751,2.6819923371647513e-05,2.6819923371647513e-05,-0.0025038173703104336,0.02681992337164751,2.6819923371647513e-05,2.6819923371647513e-05,0.0036493446395669603,0.5,0.5
2010-07-21,0.00013257318813892326,9.425901189371258e-05,0.0421455938697318,4.21455938697318e-05,0.004126584267599199,-0.003994011079460276,-0.005611732323316762,0.9862068965517241,3.831417624521067e-05,9.042759426919145e-05,0.007502453396718371,0.008959159683324907,0.01223890560940735,0.008510803042527278,0.008414506684445884,0.019157088122605366,1.9157088122605367e-05,1.5325670498084293e-05,0.004111258597101115,0.022988505747126436,2.298850574712644e-05,2.298850574712644e-05,-0.004016999585207402,0.5,0.5
2010-07-22,0.0010821176948310738,0.0010399721009613418,0.04597701149425287,4.597701149425288e-05,-0.002620746122928206,0.0037028638177592794,0.0699519570363756,0.9839080459770115,4.214559386973198e-05,0.001036140683336821,-0.007431639525010599,-0.00735390385653448,-0.006574322178444153,-0.006461318613074841,-0.0047785651496711,0.022988505747126436,2.298850574712644e-05,1.9157088122605367e-05,-0.0026399032110508112,0.022988505747126436,2.298850574712644e-05,2.298850574712644e-05,0.003679875312012153,0.5,0.5
2010-07-23,0.0026661703456774604,0.0026086990813096443,0.06130268199233717,6.130268199233717e-05,0.00044509040215529716,0.002221079943522163,0.11230044660410832,0.9839080459770115,5.747126436781618e-05,0.002604867663685123,-0.004999122467102927,-0.0033282347269271255,-0.00080388315188689,-0.003318648955916296,0.0030817916674634916,0.02681992337164751,2.6819923371647513e-05,2.298850574712644e-05,0.0004221018964081707,0.034482758620689655,3.448275862068966e-05,3.448275862068966e-05,0.0021865971849014737,0.5,0.5
2010-07-26,0.0008240189740771818,0.0007627162920848446,0.06513409961685825,6.513409961685825e-05,0.001479164942024121,-0.0006551459679469395,0.015535084346212362,0.9862068965517241,6.130268199233723e-05,0.0007588848744603235,0.0007588963771498372,0.002413083053381962,0.000782910173119457,0.001971504955166352,0.0035329598155124623,0.030651340996168584,3.065134099616859e-05,2.6819923371647513e-05,0.0014523450186524735,0.034482758620689655,3.448275862068966e-05,3.448275862068966e-05,-0.0006896287265676292,0.5,0.5
2010-07-27,-0.00014587137373197814,-0.0002071740557243153,0.06130268199233717,6.130268199233717e-05,-0.005157000277021948,0.00501112890328997,0.008796658677119446,0.9862068965517241,6.130268199233715e-05,-0.00020717405572431532,-0.010423393141619006,-0.009219987136501805,-0.008097002685588179,-0.01087991703625695,-0.010267066837947661,0.030651340996168584,3.065134099616859e-05,3.065134099616859e-05,-0.0051876516180181164,0.030651340996168584,3.065134099616859e-05,3.065134099616859e-05,0.0049804775622938014,0.5,0.5
2010-07-28,-0.003672551892171992,-0.0037376859917888504,0.06896551724137931,6.896551724137933e-05,-0.0010539569163862583,-0.0026185949757857336,-0.19242426775571744,0.9862068965517241,6.513409961685828e-05,-0.0037415174094133715,0.004791072863777095,0.00612942412716021,-0.0005392066734550325,-0.0019624868957994115,-0.002258506847732607,0.030651340996168584,3.065134099616859e-05,2.6819923371647513e-05,-0.0010807768397579059,0.03831417624521073,3.831417624521073e-05,3.831417624521073e-05,-0.0026569091520309445,0.5,0.5
2010-07-29,-8.025802627254428e-05,-0.0001377292906403604,0.0574712643678161,5.7471264367816097e-05,-0.0005401677788736481,0.0004599097526011038,-0.0024031430496881698,0.9839080459770115,5.747126436781611e-05,-0.00013772929064036037,-0.00098192428392014,-0.0007956099477663429,-0.0006427847992056258,-0.001064909361454932,-0.001133246282660239,0.03831417624521073,3.831417624521073e-05,3.831417624521073e-05,-0.0005784819551188588,0.019157088122605366,1.9157088122605367e-05,1.9157088122605367e-05,0.00044075266447849847,0.5,0.5
2010-07-30,-0.002018325369701978,-0.002056639545947189,0.0421455938697318,4.21455938697318e-05,-0.0003503761996297124,-0.0016679491700722655,-0.11990384366667499,0.9839080459770115,3.831417624521093e-05,-0.00206047096357171,0.002255125181750823,0.005497444656931946,0.004288160649385896,-0.0005669256826085194,-0.0007890633382492779,0.02681992337164751,2.6819923371647513e-05,2.298850574712644e-05,-0.00037336470537683886,0.015325670498084292,1.5325670498084293e-05,1.5325670498084293e-05,-0.0016832748405703497,0.5,0.5
2010-08-02,0.002067780532205887,0.002014140685462592,0.0574712643678161,5.7471264367816097e-05,-0.002128487659171967,0.004196268191377854,0.12940421890650103,0.9862068965517241,5.363984674329513e-05,0.002010309267838071,-0.007979144119973159,-0.009219320908320807,-0.007276779273244534,-0.0038776144167754862,-0.004605464903739878,0.030651340996168584,3.065134099616859e-05,2.6819923371647513e-05,-0.0021553075825436144,0.02681992337164751,2.6819923371647513e-05,2.6819923371647513e-05,0.004169448268006207,0.5,0.5
2010-08-03,-0.002919432322145279,-0.0029692407512640524,0.0574712643678161,5.7471264367816097e-05,0.0015513260129819382,-0.004470758335127217,-0.1731449380873419,0.9862068965517241,4.9808429118773645e-05,-0.002976903586513095,0.008637428060043478,0.009748255455275044,0.005906179069207284,0.00407352823572152,0.002678795425110585,0.03831417624521073,3.831417624521073e-05,3.448275862068966e-05,0.0015168432543612486,0.019157088122605366,1.9157088122605367e-05,1.5325670498084293e-05,-0.004486084005625301,0.5,0.5
2010-08-04,0.0013346479112307467,0.0012771766468629307,0.0574712643678161,5.7471264367816097e-05,-0.0022280877209488264,0.0035627356321795735,0.08914936400265676,0.9862068965517241,5.747126436781596e-05,0.0012771766468629305,-0.006435493419840501,-0.008653369330864033,-0.00818988800837774,-0.006509423824326375,-0.0035102465742287816,0.030651340996168584,3.065134099616859e-05,3.065134099616859e-05,-0.0022587390619449948,0.02681992337164751,2.6819923371647513e-05,2.6819923371647513e-05,0.003535915708807926,0.5,0.5
2010-08-05,0.0030180419139168384,0.0029720649024225854,0.04980842911877395,4.980842911877396e-05,0.001210202880250052,0.0018078390336667863,0.14644472777532724,0.9885057471264368,4.597701149425303e-05,0.0029682334847980643,-0.0030125115746196703,-0.004891264192407806,0.0005530875334722234,-5.4387099620051066e-05,0.003743868124455715,0.022988505747126436,2.298850574712644e-05,1.9157088122605367e-05,0.0011910457921274465,0.02681992337164751,2.6819923371647513e-05,2.6819923371647513e-05,0.0017810191102951387,0.5,0.5
2010-08-06,-0.000493914022940167,-0.0005513852873079831,0.06130268199233717,6.130268199233717e-05,0.0026196729497337985,-0.0031135869726739655,-0.06995716203076048,0.9885057471264368,5.747126436781607e-05,-0.0005552167049325042,0.006636746822601495,0.005560597083314399,0.005609841016828026,0.006249480568197852,0.004789328315859475,0.02681992337164751,2.6819923371647513e-05,2.298850574712644e-05,0.0025966844439866722,0.034482758620689655,3.448275862068966e-05,3.448275862068966e-05,-0.003148069731294655,0.5,0.5
2010-08-09,0.0017845980963718162,0.001719463996754958,0.06896551724137931,6.896551724137933e-05,-0.0016130139501874439,0.0033976120465592603,0.07101247104484573,0.9885057471264368,6.513409961685828e-05,0.0017156325791304369,-0.0053992117432493355,-0.009711368603046529,-0.006195274081345686,-0.004141389610948393,-0.0028334846226196206,0.03831417624521073,3.831417624521073e-05,3.448275862068966e-05,-0.0016474967088081335,0.030651340996168584,3.065134099616859e-05,3.065134099616859e-05,0.003366960705563092,0.5,0.5
2010-08-10,-0.0007174977707273873,-0.0007711376174706822,0.05363984674329502,5.363984674329503e-05,-0.001564758397977322,0.0008472606272499347,-0.048078970077567174,0.9885057471264368,5.363984674329491e-05,-0.0007711376174706823,-0.001133148545652648,-0.0028433160640483957,-0.005203472489179166,-0.0019413279402493851,-0.0038112256055439146,0.02681992337164751,2.6819923371647513e-05,2.6819923371647513e-05,-0.0015915783213489695,0.02681992337164751,2.6819923371647513e-05,2.6819923371647513e-05,0.0008204407038782871,0.5,0.5
2010-08-11,-0.0011421038996205818,-0.00120723799923744,0.07279693486590039,7.279693486590039e-05,0.0031022593241769036,-0.004244363223797485,-0.08619249956324364,0.9885057471264368,6.513409961685828e-05,-0.0012149008344864822,0.008494799929796258,0.008867144997206016,0.0071507721904792,0.006796744557042089,0.005977108085800475,0.030651340996168584,3.065134099616859e-05,2.6819923371647513e-05,0.0030754394008052563,0.0421455938697318,4.21455938697318e-05,3.831417624521073e-05,-0.0042826774000426955,0.5,0.5
2010-08-12,0.0024829128392117733,0.002425441574843957,0.06130268199233717,6.130268199233717e-05,0.0005855660105016423,0.001897346828710131,0.17579490600588102,0.9885057471264368,5.747126436781618e-05,0.002421610157219436,-0.004016381081356045,-0.0035359800086915034,-0.0012245572355872127,0.001442876718476493,0.0010596187233788375,0.02681992337164751,2.6819923371647513e-05,2.298850574712644e-05,0.0005625775047545159,0.034482758620689655,3.448275862068966e-05,3.448275862068966e-05,0.0018628640700894413,0.5,0.5
2010-08-13,-0.0025315692402407704,-0.0025890405046085866,0.06513409961685825,6.513409961685825e-05,-0.0017874808367678318,-0.0007440884034729387,-0.19391023911608815,0.9885057471264368,5.747126436781618e-05,-0.0025967033398576287,0.0024643702021964714,-0.0002942534178865889,0.0005091452406197287,-0.0010410678205901064,-0.004898209862799239,0.0421455938697318,4.21455938697318e-05,3.831417624521073e-05,-0.0018257950130130425,0.022988505747126436,2.298850574712644e-05,1.9157088122605367e-05,-0.0007632454915955441,0.5,0.5
2010-08-16,-0.0020110678225910322,-0.0020512977076485033,0.0421455938697318,4.21455938697318e-05,0.0012861313734926383,-0.0032971991960836704,-0.1517864750045185,0.9885057471264368,4.022988505747102e-05,-0.0020532134164607642,0.006735851990394364,0.0066981760696352794,0.0035239704784900457,0.0006871235102963654,0.003555702509112636,0.022988505747126436,2.298850574712644e-05,2.298850574712644e-05,0.0012631428677455118,0.019157088122605366,1.9157088122605367e-05,1.724137931034483e-05,-0.003314440575394015,0.5,0.5
2010-08-17,-0.0009804499717211144,-0.0010340898184644095,0.05363984674329502,5.363984674329503e-05,-0.0031009444875734434,0.002120494515852329,-0.07736077659997155,0.9885057471264368,5.363984674329513e-05,-0.0010340898184644095,-0.004005158757867684,-0.004953734284155922,-0.005432832396750088,-0.007107563704933229,-0.005815901047582246,0.030651340996168584,3.065134099616859e-05,3.065134099616859e-05,-0.003131595828569612,0.022988505747126436,2.298850574712644e-05,2.298850574712644e-05,0.0020975060101052025,0.5,0.5
2010-08-18,0.0025361230132625767,0.0024594946607721553,0.07662835249042146,7.662835249042147e-05,-0.0016416931519768318,0.004177816165239409,0.16561850720570828,0.9954022988505747,7.662835249042143e-05,0.0024594946607721553,-0.008390761461463527,-0.008285374068509398,-0.004850461644933009,-0.005781638753018541,-0.0020579142663912395,0.030651340996168584,3.065134099616859e-05,3.065134099616859e-05,-0.0016723444929730004,0.04597701149425287,4.597701149425288e-05,4.597701149425288e-05,0.004131839153745156,0.5,0.5
2010-08-19,-0.0010416868910173042,-0.001091495320136078,0.05363984674329502,5.363984674329503e-05,0.0014851132023406776,-0.0025268000933579816,-0.06731531048934014,0.9954022988505747,4.980842911877386e-05,-0.0010953267377605993,0.0050646217655668305,0.0050315570290142275,0.0035476099718533866,0.0031582540265687772,0.002943888184178529,0.034482758620689655,3.448275862068966e-05,3.065134099616859e-05,0.001454461861344509,0.019157088122605366,1.9157088122605367e-05,1.9157088122605367e-05,-0.002545957181480587,0.5,0.5
2010-08-20,-0.001003392793193377,-0.0010417069694385877,0.0421455938697318,4.21455938697318e-05,-0.0016191462044684163,0.0006157534112750393,-0.09831191782879185,0.9954022988505747,3.831417624521071e-05,-0.0010455383870631087,9.40541582607086e-05,-0.0038826287841716525,-0.0017589640676520595,-0.004656955817845586,-0.002558367224302019,0.019157088122605366,1.9157088122605367e-05,1.5325670498084293e-05,-0.0016344718749665005,0.022988505747126436,2.298850574712644e-05,2.298850574712644e-05,0.0005927649055279129,0.5,0.5
2010-08-23,-0.0005550422558578826,-0.0005933564321030933,0.03831417624521073,3.831417624521073e-05,-0.00047071671539735706,-8.432554046052546e-05,-0.03189094234544152,0.993103448275862,3.831417624521071e-05,-0.0005933564321030933,-0.00020119949411570565,0.0009083522309945644,0.0005621630508856588,-0.0005732212371686227,-0.0011419598781448768,0.02681992337164751,2.6819923371647513e-05,2.6819923371647513e-05,-0.0004975366387690046,0.011494252873563218,1.149425287356322e-05,1.149425287356322e-05,-9.581979333408867e-05,0.5,0.5
2010-08-24,0.0023584080702951644,0.0023124310588009114,0.04597701149425287,4.597701149425288e-05,0.00570128877156727,-0.003342880701272106,0.1462834758369071,0.993103448275862,4.597701149425303e-05,0.0023124310588009114,0.006178357683673139,0.007700568840286356,0.010029619744523925,0.009750410253557164,0.012427543354373245,0.019157088122605366,1.9157088122605367e-05,1.9157088122605367e-05,0.0056821316834446646,0.02681992337164751,2.6819923371647513e-05,2.6819923371647513e-05,-0.003369700624643753,0.5,0.5
2010-08-25,0.0018016657104152891,0.0017518572812965153,0.04980842911877395,4.980842911877396e-05,-0.0014161305628807037,0.003217796273295993,0.10946489027953678,0.9954022988505747,4.980842911877386e-05,0.0017518572812965153,-0.006059779244498699,-0.007187219150778558,-0.004812288023937537,-0.005177040621973824,-0.001679172207627934,0.02681992337164751,2.6819923371647513e-05,2.6819923371647513e-05,-0.0014429504862523512,0.022988505747126436,2.298850574712644e-05,2.298850574712644e-05,0.0031948077675488665,0.5,0.5
2010-08-26,0.001993774234834455,0.001951628640964723,0.0421455938697318,4.21455938697318e-05,0.004536885851013304,-0.0025431116161788495,0.15369985064725436,0.9954022988505747,4.214559386973198e-05,0.0019516286409647233,0.0047256139688818515,0.005807441759309392,0.006709356984327317,0.00861643597501452,0.009410607467457451,0.022988505747126436,2.298850574712644e-05,2.298850574712644e-05,0.004513897345266178,0.019157088122605366,1.9157088122605367e-05,1.9157088122605367e-05,-0.0025622687043014548,0.5,0.5
2010-08-27,-5.3730123881124565e-05,-0.00010353855299989854,0.04980842911877395,4.980842911877396e-05,-0.0032513584170771196,0.003197628293195995,-0.026601757939759878,0.9954022988505747,4.980842911877398e-05,-0.00010353855299989853,-0.006235553471346742,-0.006714662816482484,-0.009087683549786583,-0.00908555580366102,-0.0052718938302078345,0.02681992337164751,2.6819923371647513e-05,2.6819923371647513e-05,-0.003278178340448767,0.022988505747126436,2.298850574712644e-05,2.298850574712644e-05,0.0031746397874488686,0.5,0.5
2010-08-30,-0.001429900984273971,-0.0014643837428946606,0.034482758620689655,3.448275862068966e-05,0.002728234357149366,-0.004158135341423337,-0.1295083716766649,0.9954022988505747,3.448275862068966e-05,-0.0014643837428946606,0.008313265371859262,0.008322281304821495,0.007678221433684367,0.009002358373242257,0.0037263555579063524,0.019157088122605366,1.9157088122605367e-05,1.9157088122605367e-05,0.0027090772690267608,0.015325670498084292,1.5325670498084293e-05,1.5325670498084293e-05,-0.004173461011921421,0.5,0.5
2010-08-31,-0.003489920898908068,-0.0035358979104023205,0.04597701149425287,4.597701149425288e-05,-0.0017938768647610594,-0.0016960440341470084,-0.21241791807239174,0.9954022988505747,4.5977011494252595e-05,-0.003535897910402321,0.004054081367426031,0.0020681014700299877,0.0033314834577758954,-0.0017948876531999796,-0.004536328474284155,0.02681992337164751,2.6819923371647513e-05,2.6819923371647513e-05,-0.001820696788132707,0.019157088122605366,1.9157088122605367e-05,1.9157088122605367e-05,-0.0017152011222696139,0.5,0.5
2010-09-01,-0.0007619276082907188,-0.0007964103669114085,0.034482758620689655,3.448275862068966e-05,-0.003113887881442742,0.002351960273152023,-0.05218196320222693,0.9954022988505747,3.448275862068966e-05,-0.0007964103669114085,-0.006550389372139528,-0.0010109828946330802,-0.006819292892135459,-0.003631038247406927,-0.007613657829004118,0.011494252873563218,1.149425287356322e-05,1.149425287356322e-05,-0.003125382134316305,0.022988505747126436,2.298850574712644e-05,2.298850574712644e-05,0.0023289717674048966,0.5,0.5
2010-09-02,0.004602514040033805,0.004568031281413115,0.034482758620689655,3.448275862068966e-05,0.004118937310045419,0.0004835767299883867,0.275712352288006,0.9954022988505747,3.4482758620689447e-05,0.004568031281413115,-0.0010974592633540203,-0.0007065418532222794,0.003715108251857588,0.006682921927198876,0.009120180628938407,0.02681992337164751,2.6819923371647513e-05,2.6819923371647513e-05,0.004092117386673771,0.007662835249042146,7.662835249042147e-06,7.662835249042147e-06,0.0004759138947393445,0.5,0.5
2010-09-03,0.002021033242299768,0.0019712248131809945,0.04980842911877395,4.980842911877396e-05,-0.00041773091528324514,0.0024387641575830134,0.137792501460163,0.993103448275862,4.9808429118773645e-05,0.001971224813180994,-0.00515928181372939,-0.0043140213180393,-0.005746543706894907,-0.004654965345378868,0.0010597179181670274,0.02681992337164751,2.6819923371647513e-05,2.6819923371647513e-05,-0.00044455083865489265,0.022988505747126436,2.298850574712644e-05,2.298850574712644e-05,0.002415775651835887,0.5,0.5
2010-09-06,-0.00029122605040425673,-0.0003448658971475518,0.05363984674329502,5.363984674329503e-05,-0.0008999861270696908,0.0006087600766654341,-0.04277804756680276,0.9908045977011494,5.3639846743295074e-05,-0.00034486589714755175,-0.0008575957825833761,-0.0019598964401145247,-0.0025596101750671933,-0.002881245092411825,-0.0012907306999009399,0.030651340996168584,3.065134099616859e-05,3.065134099616859e-05,-0.0009306374680658594,0.022988505747126436,2.298850574712644e-05,2.298850574712644e-05,0.0005857715709183077,0.5,0.5
2010-09-07,-0.0008121076884146118,-0.0008542532822843436,0.04597701149425287,4.597701149425288e-05,0.0026611686321200765,-0.0034732763205346886,-0.06483389989028579,0.9908045977011494,4.214559386973176e-05,-0.0008580846999088648,0.006233038054890533,0.00847094904381575,0.00745663299641414,0.007385088184275288,0.004435367306582384,0.02681992337164751,2.6819923371647513e-05,2.298850574712644e-05,0.0026381801263729503,0.019157088122605366,1.9157088122605367e-05,1.9157088122605367e-05,-0.003492433408657294,0.5,0.5
2010-09-08,0.0010688815316833838,0.0010382301906872152,0.034482758620689655,3.448275862068966e-05,0.001258143178789922,-0.00018926164710653847,0.06776703454979548,0.9954022988505747,3.0651340996168614e-05,0.0010343987730626941,0.0005926028631126116,-4.963584358599261e-05,0.00021983200950265435,0.0020731136504395587,0.002769708440349405,0.022988505747126436,2.298850574712644e-05,1.9157088122605367e-05,0.0012389860906673166,0.011494252873563218,1.149425287356322e-05,1.149425287356322e-05,-0.0002007558999801017,0.5,0.5
2010-09-09,-0.0003151926400395343,-0.00035350681628474505,0.03831417624521073,3.831417624521073e-05,-0.0024741148244929773,0.002158922184453443,-0.02776979574267811,0.9954022988505747,3.831417624521077e-05,-0.000353506816284745,-0.004427434361974849,-0.00409866438277096,-0.0039617306792557976,-0.004390673528474846,-0.005287786868651293,0.022988505747126436,2.298850574712644e-05,2.298850574712644e-05,-0.0024971033302401036,0.015325670498084292,1.5325670498084293e-05,1.5325670498084293e-05,0.002143596513955359,0.5,0.5
2010-09-10,0.000851210174842387,0.0008090645809726551,0.0421455938697318,4.21455938697318e-05,-0.00039395640700089533,0.0012451665818432823,0.014781694296333348,0.9954022988505747,4.214559386973187e-05,0.0008090645809726553,-0.0023228422830134867,-0.0028253149250327203,-0.004208752049216799,-0.0008730407142591889,-0.0007540157111274298,0.019157088122605366,1.9157088122605367e-05,1.9157088122605367e-05,-0.0004131134951235007,0.022988505747126436,2.298850574712644e-05,2.298850574712644e-05,0.0012221780760961558,0.5,0.5
2010-09-13,-0.0009472817824799607,-0.0009855959587251714,0.0421455938697318,4.21455938697318e-05,-0.000318690806556185,-0.0006285909759237757,-0.0810268208204586,0.9954022988505747,3.831417624521071e-05,-0.0009894273763496925,0.0018965401367666732,-2.153441799069266e-05,6.258363412852977e-06,0.0003815192038625588,-0.001173816304461007,0.02681992337164751,2.6819923371647513e-05,2.298850574712644e-05,-0.0003416793123033115,0.015325670498084292,1.5325670498084293e-05,1.5325670498084293e-05,-0.00064391664642186,0.5,0.5
2010-09-14,-0.0021417269933269355,-0.0021877040048211885,0.04980842911877395,4.980842911877396e-05,-0.0015080220945765366,-0.000633704898750399,-0.14423167886439883,0.9954022988505747,4.597701149425303e-05,-0.0021915354224457096,0.0011326483768992054,0.0015369326387039831,0.0006496664000173277,0.0003254905969337143,-0.004741309391291775,0.02681992337164751,2.6819923371647513e-05,2.298850574712644e-05,-0.0015310106003236631,0.022988505747126436,2.298850574712644e-05,2.298850574712644e-05,-0.0006566934044975254,0.5,0.5
2010-09-15,0.001269174032467499,0.0012308598562222883,0.03831417624521073,3.831417624521073e-05,-0.00033023456618580684,0.0015994085986533058,0.057457940587643336,0.9954022988505747,3.831417624521071e-05,0.0012308598562222883,-0.0036425311215787432,-0.0023113893487623476,-0.004409199020071254,-0.0003768094975732663,-0.0008116280073262615,0.015325670498084292,1.5325670498084293e-05,1.5325670498084293e-05,-0.00034556023668389115,0.022988505747126436,2.298850574712644e-05,2.298850574712644e-05,0.0015764200929061793,0.5,0.5
2010-09-16,0.0030187273032236893,0.0029727502917294363,0.04597701149425287,4.597701149425288e-05,0.0033129529699223287,-0.0002942256666986395,0.19775285017779243,0.9954022988505747,4.597701149425303e-05,0.0029727502917294363,-5.730944370544499e-05,0.0018799728876027274,0.0008488496705312341,0.006053185384214182,0.006992641406237337,0.02681992337164751,2.6819923371647513e-05,2.6819923371647513e-05,0.0032861330465506814,0.019157088122605366,1.9157088122605367e-05,1.9157088122605367e-05,-0.00031338275482124486,0.5,0.5
2010-09-17,0.000342328368465091,0.0002810256864727538,0.06513409961685825,6.513409961685825e-05,-0.00100806587197895,0.001350394240444041,0.041183605727671886,0.9954022988505747,6.130268199233717e-05,0.00027719426884823277,-0.0037753320614649496,-0.0005517013197343463,-0.004002652881651648,-0.007133324043634667,0.0005552282742541416,0.034482758620689655,3.448275862068966e-05,3.065134099616859e-05,-0.0010387172129751186,0.030651340996168584,3.065134099616859e-05,3.065134099616859e-05,0.0013197428994478724,0.5,0.5
2010-09-21,0.0015499139997507622,0.0015154312411300725,0.03831417624521073,3.831417624521073e-05,0.001506669074790545,4.32449249602171e-05,0.0648297934485821,0.9954022988505747,3.448275862068966e-05,0.0015115998235055515,-0.0021030383926921308,0.003946607235622959,7.798910984164693e-05,0.00100781720468666,0.00406279744321468,0.015325670498084292,1.5325670498084293e-05,1.149425287356322e-05,0.001495174821916982,0.022988505747126436,2.298850574712644e-05,2.298850574712644e-05,2.0256419213090657e-05,0.5,0.5
2010-09-22,-0.002395857062197824,-0.0024418340736920767,0.04597701149425287,4.597701149425288e-05,0.0007113706447933578,-0.003107227706991182,-0.1684935179962372,0.9954022988505747,4.5977011494252595e-05,-0.002441834073692077,0.008221005606535674,0.002201355028875739,0.003815467311875823,0.0037788229706642983,0.00024754580310662114,0.015325670498084292,1.5325670498084293e-05,1.5325670498084293e-05,0.0006960449742952735,0.030651340996168584,3.065134099616859e-05,3.065134099616859e-05,-0.0031378790479873503,0.5,0.5
2010-09-24,-0.0008691347019330828,-0.0009227745486763778,0.05363984674329502,5.363984674329503e-05,-0.006200423890269819,0.005331289188336736,-0.042899299827706294,0.9954022988505747,5.363984674329502e-05,-0.0009227745486763778,-0.010459647867936513,-0.011068439394147388,-0.01310783269768352,-0.012013682236598615,-0.012740877419399799,0.03831417624521073,3.831417624521073e-05,3.831417624521073e-05,-0.006238738066515029,0.015325670498084292,1.5325670498084293e-05,1.5325670498084293e-05,0.005315963517838652,0.5,0.5
2010-09-27,0.0013813121220895505,0.0013391665282198187,0.0421455938697318,4.21455938697318e-05,0.001067276803727975,0.0003140353183615755,0.0614226469847419,0.9954022988505747,4.214559386973176e-05,0.0013391665282198187,-0.0009933161345302142,0.0001024203588909753,0.0009496093987826607,0.00017968395423251438,0.00314817434609171,0.015325670498084292,1.5325670498084293e-05,1.5325670498084293e-05,0.0010519511332298908,0.02681992337164751,2.6819923371647513e-05,2.6819923371647513e-05,0.000287215394989928,0.5,0.5
2010-09-28,0.0032388694407635183,0.003185229594020223,0.05363984674329502,5.363984674329503e-05,0.0019884478578269266,0.0012504215829365916,0.1645981370521339,0.9954022988505747,5.363984674329513e-05,0.003185229594020223,-0.0027882745358397917,-0.001925980425939966,0.0011582953809166072,0.0014546319115668852,0.005298934915577538,0.022988505747126436,2.298850574712644e-05,2.298850574712644e-05,0.0019654593520798003,0.030651340996168584,3.065134099616859e-05,3.065134099616859e-05,0.001219770241940423,0.5,0.5
2010-09-29,-0.0026210784090201483,-0.0026670554205144013,0.04980842911877395,4.980842911877396e-05,0.00250901113586177,-0.005130089544881918,-0.17514979619203713,0.9954022988505747,4.597701149425303e-05,-0.0026708868381389223,0.011460934644518807,0.007858667980253892,0.006185635817946467,0.004854423688777029,0.005219817364683778,0.034482758620689655,3.448275862068966e-05,3.065134099616859e-05,0.0024783597948656016,0.015325670498084292,1.5325670498084293e-05,1.5325670498084293e-05,-0.005145415215380002,0.5,0.5
2010-09-30,-0.0020149811476248575,-0.002049463906245547,0.03831417624521073,3.831417624521073e-05,-0.0030365264793914193,0.0010215453317665617,-0.12015963478937479,0.9954022988505747,3.4482758620689447e-05,-0.0020532953238700685,-0.0024767957670242956,-0.0011756804565507786,-0.004608098945432102,-0.003132728942412834,-0.0076309267689093265,0.022988505747126436,2.298850574712644e-05,1.9157088122605367e-05,-0.0030556835675140245,0.015325670498084292,1.5325670498084293e-05,1.5325670498084293e-05,0.0010062196612684775,0.5,0.5
2010-10-01,-0.0062077603758257036,-0.006263509259793506,0.05575767162290412,5.5757671622904117e-05,-0.00386609781434389,-0.0023416625614818137,-0.32276630138509005,0.9931192660550459,5.5748883967802164e-05,-0.006263518047448608,0.007206173205471452,-0.0004957314022493183,-0.003256102772934233,-0.005967922852277501,-0.008741471443701049,0.02788762346655417,2.7887623466554174e-05,2.7878835811452058e-05,-0.003893976650155342,0.02787004815634995,2.7870048156349946e-05,2.7870048156349946e-05,-0.002369532609638164,0.49885321100917435,0.5026758409785933
2010-10-04,-0.0002203320646340748,-0.00028913940408361607,0.06880733944954129,6.880733944954129e-05,-0.000562902058721691,0.0003425699940876162,0.010552841663621668,0.9931192660550459,6.880733944954128e-05,-0.00028913940408361607,-0.0011581034535222332,0.0002826849070491067,0.0013515233489744946,0.004013236096270816,-0.003742220334295056,0.03822629969418961,3.822629969418961e-05,3.822629969418961e-05,-0.0006011283584158807,0.030581039755351685,3.0581039755351684e-05,3.0581039755351684e-05,0.0003119889543322645,0.49885321100917435,0.5026758409785933
2010-10-05,0.0011022435102168299,0.0010678398404920593,0.034403669724770644,3.4403669724770645e-05,-0.001227053767302569,0.0023292972775193987,0.07437675087418066,0.9931192660550459,3.440366972477056e-05,0.0010678398404920593,-0.005805849418054718,-0.002262745264603666,-0.0031834787155332624,-0.0012587424042247379,-0.003095836871425301,0.019113149847094803,1.9113149847094803e-05,1.9113149847094803e-05,-0.0012461669171496639,0.015290519877675842,1.5290519877675842e-05,1.5290519877675842e-05,0.0023140067576417228,0.49885321100917435,0.5026758409785933
2010-10-06,0.0016603739777205882,0.0016145024180875605,0.045871559633027525,4.587155963302752e-05,0.002375035750782758,-0.0007146617730621698,0.10555886662196727,0.9931192660550459,4.58715596330277e-05,0.0016145024180875607,-0.0004917193824871981,0.0052925707009640706,0.0031643931051723367,0.0075579462866172545,0.003401612662057196,0.026758409785932726,2.6758409785932723e-05,2.6758409785932723e-05,0.0023482773409968256,0.019113149847094803,1.9113149847094803e-05,1.9113149847094803e-05,-0.0007337749229092646,0.49885321100917435,0.5026758409785933
2010-10-07,0.0013364195331662743,0.0012981932334720848,0.03822629969418961,3.822629969418961e-05,0.002317334029777059,-0.0009809144966107847,0.0876998021637819,0.9931192660550459,3.822629969418953e-05,0.0012981932334720848,0.002094094721328813,0.001662687283596454,-0.0015646448688149991,0.00250917461347919,0.005779831238410859,0.019113149847094803,1.9113149847094803e-05,1.9113149847094803e-05,0.0022982208799299645,0.019113149847094803,1.9113149847094803e-05,1.9113149847094803e-05,-0.0010000276464578795,0.49885321100917435,0.5026758409785933
2010-10-08,-0.005619234944911131,-0.00565746124460532,0.03822629969418961,3.822629969418961e-05,-0.0034747132535629848,-0.002144521691348146,-0.31844964327964814,0.9908256880733946,3.8226299694189315e-05,-0.00565746124460532,0.0064940768575263985,-0.00024073308058961097,-0.0004312100822922462,-0.004438925556481137,-0.008350130095388231,0.007645259938837921,7.645259938837921e-06,7.645259938837921e-06,-0.0034823585135018227,0.030581039755351685,3.0581039755351684e-05,3.0581039755351684e-05,-0.002175102731103498,0.49885321100917435,0.5026758409785933
2010-10-12,-0.0007522261640805065,-0.0007904524637746961,0.03822629969418961,3.822629969418961e-05,0.00012721827890487078,-0.0008794444429853773,-0.046551961262366735,0.9908256880733946,3.822629969418964e-05,-0.0007904524637746961,0.0017970085982850867,0.0016534691870318861,0.0020673441229161517,0.001169580773502748,-0.00019781013371051155,0.019113149847094803,1.9113149847094803e-05,1.9113149847094803e-05,0.00010810512905777598,0.019113149847094803,1.9113149847094803e-05,1.9113149847094803e-05,-0.000898557592832472,0.49885321100917435,0.5026758409785933
2010-10-13,-0.0011487217049612614,-0.0012060611545025458,0.05733944954128441,5.733944954128441e-05,-0.004997371912451087,0.003848650207489826,-0.06817810935742843,0.9931192660550459,5.733944954128441e-05,-0.0012060611545025458,-0.007299244875041007,-0.00837869759254551,-0.008264057219864623,-0.009147994449924177,-0.010574124810761658,0.04204892966360857,4.204892966360857e-05,4.204892966360857e-05,-0.005039420842114696,0.015290519877675842,1.5290519877675842e-05,1.5290519877675842e-05,0.00383335968761215,0.49885321100917435,0.5026758409785933
2010-10-14,-0.003392638262782944,-0.003448066397339519,0.05733944954128441,5.733944954128441e-05,-3.5051369384321355e-06,-0.003389133125844512,-0.19193135656138607,0.9908256880733946,5.542813455657481e-05,-0.0034499777123242286,0.007196736257360633,0.005822630691337667,0.005064001543758939,0.0016570677493159618,-0.0008391960121358165,0.026758409785932726,2.6758409785932723e-05,2.4847094801223242e-05,-2.8352231739655378e-05,0.030581039755351685,3.0581039755351684e-05,3.0581039755351684e-05,-0.0034197141655998636,0.49885321100917435,0.5026758409785933
2010-10-15,0.0022964432476414876,0.002262039577916717,0.03822629969418961,3.822629969418961e-05,0.0015173006313346962,0.0007791426163067914,0.14936991212825382,0.9908256880733946,3.440366972477056e-05,0.002258216947947298,-0.003364884916582484,0.002121521016859816,0.002429263774874304,0.00308541620755294,0.003108858214498589,0.019113149847094803,1.9113149847094803e-05,1.5290519877675842e-05,0.0015020101114570203,0.019113149847094803,1.9113149847094803e-05,1.9113149847094803e-05,0.0007600294664596967,0.49885321100917435,0.5026758409785933
2010-10-18,0.0033947070745640956,0.003375593924717001,0.022935779816513763,2.293577981651376e-05,-0.0008728303621200374,0.004267537436684133,0.18408878861087757,0.9931192660550459,1.9113149847094658e-05,0.0033717712947475818,-0.01047727494727592,-0.004468680415546852,-0.003926199052248731,-0.0024309451688099277,-0.0014254221847368592,0.015290519877675842,1.5290519877675842e-05,1.146788990825688e-05,-0.0008842982520282943,0.007645259938837921,7.645259938837921e-06,7.645259938837921e-06,0.004259892176745296,0.49885321100917435,0.5026758409785933
2010-10-19,-0.0010967478274035315,-0.001134974127097721,0.03822629969418961,3.822629969418961e-05,0.002352025551090126,-0.0034487733784936575,-0.09270409472487995,0.9931192660550459,3.822629969418953e-05,-0.001134974127097721,0.008218621375797859,0.004114032982614461,0.002584969494733592,0.0037149580634885477,0.0052754559116677344,0.019113149847094803,1.9113149847094803e-05,1.9113149847094803e-05,0.0023329124012430313,0.019113149847094803,1.9113149847094803e-05,1.9113149847094803e-05,-0.003467886528340752,0.49885321100917435,0.5026758409785933
2010-10-20,-0.0012451854341163188,-0.0012795891038410896,0.034403669724770644,3.4403669724770645e-05,0.0001232571517296245,-0.0013684425858459435,-0.08401239757866444,0.9931192660550459,3.4403669724770774e-05,-0.0012795891038410894,0.002538232580862582,0.0030947152492273905,0.0018625035925004386,0.0004800228576232707,0.00013212879750997087,0.015290519877675842,1.5290519877675842e-05,1.5290519877675842e-05,0.00010796663185194867,0.019113149847094803,1.9113149847094803e-05,1.9113149847094803e-05,-0.0013875557356930383,0.49885321100917435,0.5026758409785933
2010-10-21,0.0027446109362777287,0.00270256200661412,0.04204892966360857,4.204892966360857e-05,0.001456613176809854,0.0012879977594678748,0.15888566059913747,0.9931192660550459,4.204892966360851e-05,0.00270256200661412,-0.0026779163210581196,-0.002328358106291528,-0.0014725721574150624,0.0010639213257257127,0.00389266778353941,0.022935779816513763,2.293577981651376e-05,2.293577981651376e-05,0.00143367739699334,0.019113149847094803,1.9113149847094803e-05,1.9113149847094803e-05,0.00126888460962078,0.49885321100917435,0.5026758409785933
2010-10-22,-0.0006574092221371486,-0.0007032807817701761,0.04969418960244649,4.9694189602446484e-05,-0.001359782393978878,0.0007023731718417295,-0.0738874816856639,0.9931192660550459,4.587155963302748e-05,-0.000707103411739595,-0.0015910423724036775,-0.0010052665053396045,-0.0019228074661610647,-0.002602694028328255,-0.0028529633415599457,0.026758409785932726,2.6758409785932723e-05,2.293577981651376e-05,-0.001382718173795392,0.022935779816513763,2.293577981651376e-05,2.293577981651376e-05,0.0006794373920252157,0.49885321100917435,0.5026758409785933
2010-10-25,-0.0005243934738259931,-0.0005549745135813448,0.034403669724770644,3.4403669724770645e-05,0.0014292916066143044,-0.0019536850804402974,-0.02361608995437623,0.9908256880733946,3.058103975535169e-05,-0.0005587971435507638,0.0037090282547143456,0.004245736336283203,0.0074320888017703046,0.005682729889646384,0.0014733015591940027,0.022935779816513763,2.293577981651376e-05,1.9113149847094803e-05,0.0014101784567672096,0.011467889908256881,1.146788990825688e-05,1.146788990825688e-05,-0.001965152970348554,0.49885321100917435,0.5026758409785933
2010-10-26,0.0017754879814066335,0.001737261681712444,0.03822629969418961,3.822629969418961e-05,-7.215742222140395e-06,0.001782703723628774,0.10264737524909101,0.9908256880733946,3.822629969418953e-05,0.001737261681712444,-0.0022934534745221065,-0.006081181341226249,-0.00119971267496544,-0.002453242141270157,0.0012189348253481384,0.019113149847094803,1.9113149847094803e-05,1.9113149847094803e-05,-2.63288920692352e-05,0.019113149847094803,1.9113149847094803e-05,1.9113149847094803e-05,0.001763590573781679,0.49885321100917435,0.5026758409785933
2010-10-27,-0.002207267104130287,-0.0022569612937327335,0.04969418960244649,4.9694189602446484e-05,-0.001576753583669199,-0.000630513520461088,-0.14933589467970754,0.9931192660550459,4.969418960244646e-05,-0.0022569612937327335,0.0013256290256424407,0.0011100455792203638,-0.004862745369669434,-0.00427640587082513,-0.0026331986291508046,0.030581039755351685,3.0581039755351684e-05,3.0581039755351684e-05,-0.0016073346234245507,0.019113149847094803,1.9113149847094803e-05,1.9113149847094803e-05,-0.0006496266703081828,0.49885321100917435,0.5026758409785933
2010-10-28,0.00402377336788393,0.003977901808250903,0.045871559633027525,4.587155963302752e-05,0.00317186237786571,0.0008519109900182199,0.24997368884726406,0.9931192660550459,4.58715596330277e-05,0.003977901808250903,-0.003736296648898581,0.002435268738259974,0.0048016991067214515,0.005822713393215931,0.006659569220015915,0.011467889908256881,1.146788990825688e-05,1.146788990825688e-05,0.0031603944879574535,0.034403669724770644,3.4403669724770645e-05,3.4403669724770645e-05,0.0008175073202934492,0.49885321100917435,0.5026758409785933
2010-10-29,-3.559565614139592e-05,-7.764458580500442e-05,0.04204892966360857,4.204892966360857e-05,0.0017212737554253416,-0.0017568694115667374,-0.018615584007076223,0.9931192660550459,4.2048929663608494e-05,-7.76445858050045e-05,0.005254906209776907,-6.516571021860623e-05,0.0029865403258600262,0.002321660992698908,0.004028204502680647,0.030581039755351685,3.0581039755351684e-05,3.0581039755351684e-05,0.00169069271566999,0.011467889908256881,1.146788990825688e-05,1.146788990825688e-05,-0.0017683373014749943,0.49885321100917435,0.5026758409785933
2010-11-01,-0.004746820357221389,-0.0048060711217473824,0.06116207951070337,6.116207951070337e-05,-0.0012087348474509687,-0.00353808550977042,-0.26814183544236436,0.9931192660550459,5.9250764525993135e-05,-0.004807982436732093,0.0077105953885789206,0.005678868394505674,0.004210006671936851,0.002491121324829176,-0.004880101307163707,0.034403669724770644,3.4403669724770645e-05,3.2492354740061165e-05,-0.0012412272021910299,0.026758409785932726,2.6758409785932723e-05,2.6758409785932723e-05,-0.0035648439195563528,0.49885321100917435,0.5026758409785933
2010-11-02,0.0029809157687267903,0.002927398949154925,0.05351681957186545,5.3516819571865445e-05,0.0022717895644347357,0.0007091262042920548,0.1406980665859533,0.9954128440366973,5.3516819571865215e-05,0.0029273989491549247,-0.0017292960310822932,-0.0007661922829324071,-0.0007710359851916361,0.0012574525416897855,0.006202309936696795,0.030581039755351685,3.0581039755351684e-05,3.0581039755351684e-05,0.002241208524679384,0.022935779816513763,2.293577981651376e-05,2.293577981651376e-05,0.000686190424475541,0.49885321100917435,0.5026758409785933
2010-11-04,0.00019558757526759327,0.0001458933856651468,0.04969418960244649,4.9694189602446484e-05,-0.003514023373296393,0.0037096109485639864,0.01876721413029397,0.9954128440366973,4.969418960244646e-05,0.00014589338566514678,-0.006627777367445412,-0.0089009153059573,-0.008470360716544893,-0.010440130600559611,-0.005346239463563142,0.026758409785932726,2.6758409785932723e-05,2.6758409785932723e-05,-0.0035407817830823258,0.022935779816513763,2.293577981651376e-05,2.293577981651376e-05,0.0036866751687474725,0.49885321100917435,0.5026758409785933
2010-11-05,0.0008088402817143835,0.0007438555722342611,0.06498470948012233,6.498470948012233e-05,-0.0007038621092817337,0.0015127023909961173,0.0027690271022611035,0.9931192660550459,6.498470948012236e-05,0.0007438555722342611,-0.0015506870082104768,-0.005960057212920971,-0.002937267793145251,-0.004705588240792955,0.00020930996052868385,0.026758409785932726,2.6758409785932723e-05,2.6758409785932723e-05,-0.0007306205190676664,0.03822629969418961,3.822629969418961e-05,3.822629969418961e-05,0.0014744760913019278,0.49885321100917435,0.5026758409785933
2010-11-08,-0.0002817509284905351,-0.00035438089790949535,0.07262996941896026,7.262996941896025e-05,0.0008767042171939871,-0.0011584551456845222,-0.08211902928992998,0.9931192660550459,7.262996941896025e-05,-0.00035438089790949535,0.003383146865698775,0.00012264234320870693,0.0006150937661244138,0.003623326705110424,0.000845319251703434,0.04969418960244649,4.9694189602446484e-05,4.9694189602446484e-05,0.0008270100275915407,0.022935779816513763,2.293577981651376e-05,2.293577981651376e-05,-0.001181390925501036,0.49885321100917435,0.5026758409785933
2010-11-09,0.0011951230167507208,0.0011416061971788554,0.05351681957186545,5.3516819571865445e-05,-0.0013461902167631657,0.0025413132335138865,0.05766390971455875,0.9954128440366973,5.351681957186543e-05,0.0011416061971788554,-0.006649585465990951,-0.0018308970317248052,-0.00581933500137372,-0.005539016451203542,-0.0012783464951481617,0.026758409785932726,2.6758409785932723e-05,2.6758409785932723e-05,-0.0013729486265490985,0.026758409785932726,2.6758409785932723e-05,2.6758409785932723e-05,0.002514554823727954,0.49885321100917435,0.5026758409785933
2010-11-10,0.004475989418828319,0.0044186499692870345,0.05733944954128441,5.733944954128441e-05,-4.556780636781315e-05,0.004521557225196132,0.2606559801590462,0.9954128440366973,5.733944954128441e-05,0.0044186499692870345,-0.009688053098605022,-0.007592889596185427,-0.005055774179528948,-0.0021580133764031732,0.000941989008364576,0.03822629969418961,3.822629969418961e-05,3.822629969418961e-05,-8.379410606200276e-05,0.019113149847094803,1.9113149847094803e-05,1.9113149847094803e-05,0.004502444075349037,0.49885321100917435,0.5026758409785933
2010-11-11,0.0018147563438216453,0.0017803526740968747,0.034403669724770644,3.4403669724770645e-05,0.003931718627037024,-0.0021169622832153787,0.10878607375253636,0.9954128440366973,3.440366972477056e-05,0.0017803526740968747,0.003946777960212598,0.004746686730814584,0.00682158960508453,0.005248614790219855,0.009197963786877261,0.022935779816513763,2.293577981651376e-05,2.293577981651376e-05,0.00390878284722051,0.011467889908256881,1.146788990825688e-05,1.146788990825688e-05,-0.0021284301731236354,0.49885321100917435,0.5026758409785933
2010-11-12,0.0007713155189332703,0.0007139760693919859,0.05733944954128441,5.733944954128441e-05,0.0011641982978228703,-0.00039288277888960006,-0.009424526463474024,0.9954128440366973,5.733944954128441e-05,0.0007139760693919859,0.002211185600822517,-0.002110487308387635,0.0012720434957140458,-0.004165373067088427,0.005583310380790913,0.030581039755351685,3.0581039755351684e-05,3.0581039755351684e-05,0.0011336172580675187,0.026758409785932726,2.6758409785932723e-05,2.6758409785932723e-05,-0.0004196411886755328,0.49885321100917435,0.5026758409785933
2010-11-15,-0.0007894497142771519,-0.0008544344237572742,0.06498470948012233,6.498470948012233e-05,-0.002415049824764384,0.001625600110487232,-0.040529581422079373,0.9954128440366973,6.498470948012236e-05,-0.0008544344237572742,-0.0028836952374584157,-0.003942340413956765,-0.005048179289612236,-0.004935929841796829,-0.0047938400694275945,0.026758409785932726,2.6758409785932723e-05,2.6758409785932723e-05,-0.0024418082345503164,0.03822629969418961,3.822629969418961e-05,3.822629969418961e-05,0.0015873738107930425,0.49885321100917435,0.5026758409785933
2010-11-16,0.0023534402689073305,0.002322859229151979,0.034403669724770644,3.4403669724770645e-05,0.003476943640520716,-0.0011235033716133856,0.1207549427146773,0.9954128440366973,3.0581039755351366e-05,0.00231903659918256,0.0019258908611922024,0.0028604617523942024,0.0046734278077253215,0.005198912589307954,0.007946694868899108,0.015290519877675842,1.5290519877675842e-05,1.146788990825688e-05,0.0034654757506124593,0.019113149847094803,1.9113149847094803e-05,1.9113149847094803e-05,-0.0011426165214604804,0.49885321100917435,0.5026758409785933
2010-11-17,0.002338628368847741,0.002300402069153552,0.04204892966360857,4.204892966360857e-05,0.0017469508750517927,0.0005916774937959487,0.12949033513170724,0.9954128440366973,3.8226299694189315e-05,0.0022965794391841326,-0.002441133768834661,0.0013801595236880466,0.000829215016843047,0.0008556664586855581,0.0048250673328819205,0.022935779816513763,2.293577981651376e-05,1.9113149847094803e-05,0.0017278377252046978,0.019113149847094803,1.9113149847094803e-05,1.9113149847094803e-05,0.0005725643439488539,0.49885321100917435,0.5026758409785933
2010-11-18,0.00032854736852135655,0.00029032106882716696,0.03822629969418961,3.822629969418961e-05,-0.0011127206982943943,0.0014412680668157507,-0.004149557281469311,0.9954128440366973,3.8226299694189586e-05,0.00029032106882716696,-0.0034715685410906345,-0.0016445447048971152,-0.001211560979066184,-0.00014079502260706296,-0.0032754385194299573,0.026758409785932726,2.6758409785932723e-05,2.6758409785932723e-05,-0.0011394791080803271,0.011467889908256881,1.146788990825688e-05,1.146788990825688e-05,0.0014298001769074938,0.49885321100917435,0.5026758409785933
2010-11-19,0.003505923799040942,0.0034829880192244283,0.022935779816513763,2.293577981651376e-05,-0.0023215546569279916,0.005827478455968934,0.25084354513923424,0.9954128440366973,2.293577981651385e-05,0.0034829880192244283,-0.012465990474698325,-0.009826694305931501,-0.007971554209432593,-0.00699906869055852,-0.003481140347276631,0.011467889908256881,1.146788990825688e-05,1.146788990825688e-05,-0.0023330225468362483,0.011467889908256881,1.146788990825688e-05,1.146788990825688e-05,0.005816010566060677,0.49885321100917435,0.5026758409785933
2010-11-22,-0.002299395655584708,-0.0023452672152177354,0.045871559633027525,4.587155963302752e-05,0.005909775732930681,-0.00820917138851539,-0.12841197136449495,0.9954128440366973,4.5871559633027265e-05,-0.002345267215217736,0.016618280367577253,0.015749668112386834,0.013224761122235898,0.009649104293191168,0.012945532126216668,0.022935779816513763,2.293577981651376e-05,2.293577981651376e-05,0.005886839953114168,0.022935779816513763,2.293577981651376e-05,2.293577981651376e-05,-0.008232107168331903,0.49885321100917435,0.5026758409785933
2010-11-24,0.0023027358280132155,0.00224921900844135,0.05351681957186545,5.3516819571865445e-05,5.979737875063494e-05,0.0022429384492625806,0.11242588175798543,0.9954128440366973,5.351681957186565e-05,0.00224921900844135,-0.0048516117474912916,-0.003673812978111663,-0.003530377381332482,-0.0025818951471484417,0.0014707521055416473,0.022935779816513763,2.293577981651376e-05,2.293577981651376e-05,3.6861598934121176e-05,0.030581039755351685,3.0581039755351684e-05,3.0581039755351684e-05,0.0022123574095072288,0.49885321100917435,0.5026758409785933
2010-11-25,-0.0004950665025319268,-0.0005485833221037924,0.05351681957186545,5.3516819571865445e-05,-0.0001986247904624412,-0.00029644171206948567,-0.013367174715555133,0.9954128440366973,5.351681957186554e-05,-0.0005485833221037923,0.0005719244544960382,0.0006257425260166915,0.0033335687858271987,-3.5738076757907975e-05,-0.0005793751591494897,0.022935779816513763,2.293577981651376e-05,2.293577981651376e-05,-0.00022156057027895496,0.030581039755351685,3.0581039755351684e-05,3.0581039755351684e-05,-0.00032702275182483736,0.49885321100917435,0.5026758409785933
2010-11-26,0.0012427199073343962,0.0012121388675790446,0.030581039755351685,3.0581039755351684e-05,1.9654514878704517e-05,0.0012230653924556916,0.10263253022438877,0.9954128440366973,3.058103975535158e-05,0.0012121388675790446,-0.00454504714708557,0.0018393159144165822,0.0020777773387916456,0.0021106684258157074,-0.0009962351198932666,0.019113149847094803,1.9113149847094803e-05,1.9113149847094803e-05,5.413650316097133e-07,0.011467889908256881,1.146788990825688e-05,1.146788990825688e-05,0.0012115975025474347,0.49885321100917435,0.5026758409785933
2010-11-29,-0.0005483524437312162,-0.0005827561134559867,0.034403669724770644,3.4403669724770645e-05,-0.0003346428197018041,-0.000213709624029412,-0.03753332729022937,0.9954128440366973,3.440366972477056e-05,-0.0005827561134559868,0.0007184537428795086,-0.0001682182006276457,-0.002032549312494406,-0.001277789265792587,-0.0003673417077243036,0.026758409785932726,2.6758409785932723e-05,2.6758409785932723e-05,-0.00036140122948773683,0.007645259938837921,7.645259938837921e-06,7.645259938837921e-06,-0.0002213548839682499,0.49885321100917435,0.5026758409785933
2010-11-30,4.442325916243072e-06,-4.525186368620337e-05,0.04969418960244649,4.9694189602446484e-05,0.0030664886960211453,-0.003062046370104902,-0.0013181551113099382,0.9954128440366973,4.9694189602446443e-05,-4.525186368620341e-05,0.00525710109773559,0.007779458248705989,0.006610955397079765,0.005721598872739611,0.006359814849597223,0.015290519877675842,1.5290519877675842e-05,1.5290519877675842e-05,0.0030511981761434694,0.034403669724770644,3.4403669724770645e-05,3.4403669724770645e-05,-0.0030964500398296727,0.49885321100917435,0.5026758409785933
2010-12-01,0.0008152157919641842,0.0007808121222394134,0.034403669724770644,3.4403669724770645e-05,-0.0014759050206881149,0.002291120812652299,0.05569375995690068,0.9954128440366973,3.4403669724770774e-05,0.0007808121222394136,-0.003998240230479274,-0.00568993251281989,-0.005146633051322202,-0.0012037399851344925,-0.0038360237248121877,0.015290519877675842,1.5290519877675842e-05,1.5290519877675842e-05,-0.0014911955405657908,0.019113149847094803,1.9113149847094803e-05,1.9113149847094803e-05,0.0022720076628052043,0.49885321100917435,0.5026758409785933
2010-12-02,0.0014683481839496042,0.0014301218842554145,0.03822629969418961,3.822629969418961e-05,0.0001117333183381467,0.0013566148656114574,0.12332695626835638,0.9954128440366973,3.822629969418975e-05,0.0014301218842554147,-0.003341750798539088,-0.0013980776683337353,-0.0016001852316931422,-2.4950361164071787e-05,0.00034844571020570465,0.011467889908256881,1.146788990825688e-05,1.146788990825688e-05,0.00010026542842988982,0.026758409785932726,2.6758409785932723e-05,2.6758409785932723e-05,0.0013298564558255246,0.49885321100917435,0.5026758409785933
2010-12-03,0.0025189648494024393,0.0024807385497082495,0.03822629969418961,3.822629969418961e-05,0.002705278919645049,-0.00018631407024260975,0.17424125710263502,0.9954128440366973,3.822629969418975e-05,0.0024807385497082495,0.00015840785332360636,0.0007999970042066512,0.00649247882139206,0.005077397816924405,0.005595794946470497,0.019113149847094803,1.9113149847094803e-05,1.9113149847094803e-05,0.0026861657697979545,0.019113149847094803,1.9113149847094803e-05,1.9113149847094803e-05,-0.00020542722008970454,0.49885321100917435,0.5026758409785933
2010-12-06,0.0005941033841659033,0.0005596997144411326,0.034403669724770644,3.4403669724770645e-05,0.0024164927831884396,-0.0018223893990225361,0.0847617261600466,0.9954128440366973,3.4403669724770666e-05,0.0005596997144411326,0.003391352738676763,0.004098805190361845,0.002753588861090082,0.004022946494656609,0.005254670569707278,0.022935779816513763,2.293577981651376e-05,2.293577981651376e-05,0.0023935570033719257,0.011467889908256881,1.146788990825688e-05,1.146788990825688e-05,-0.001833857288930793,0.49885321100917435,0.5026758409785933
2010-12-07,0.0015089136111471654,0.0014668646814835567,0.04204892966360857,4.204892966360857e-05,9.2885762597496e-05,0.0014160278485496694,0.15828614146221343,0.9954128440366973,4.2048929663608724e-05,0.0014668646814835569,-0.002119452603047014,-0.004228070255458764,-0.00361101057742492,-0.0034057269314590214,0.0019821613449881883,0.030581039755351685,3.0581039755351684e-05,3.0581039755351684e-05,6.230472284214433e-05,0.011467889908256881,1.146788990825688e-05,1.146788990825688e-05,0.0014045599586414124,0.49885321100917435,0.5026758409785933
2010-12-08,0.0012691573320766408,0.0012271084024130321,0.04204892966360857,4.204892966360857e-05,0.0020715033217160034,-0.0008023459896393625,0.051986278973411196,0.9954128440366973,4.2048929663608724e-05,0.0012271084024130323,0.0009616137676530102,0.002879809180142352,0.0025949503100716324,0.003787050428954475,0.00433527098047571,0.019113149847094803,1.9113149847094803e-05,1.9113149847094803e-05,0.0020523901718689087,0.022935779816513763,2.293577981651376e-05,2.293577981651376e-05,-0.0008252817694558763,0.49885321100917435,0.5026758409785933
2010-12-09,0.002429177272299989,0.002390950972605799,0.04204892966360857,4.204892966360857e-05,-0.002368275596127607,0.004797452868427595,0.18736335581637137,0.9954128440366973,3.822629969418975e-05,0.0023871283426363803,-0.010724606962381965,-0.007155132360713701,-0.005814921311240779,-0.003970488410545179,-0.005195635466142635,0.026758409785932726,2.6758409785932723e-05,2.293577981651376e-05,-0.0023912113759441207,0.015290519877675842,1.5290519877675842e-05,1.5290519877675842e-05,0.004782162348549919,0.49885321100917435,0.5026758409785933
2010-12-10,0.0037446241413792367,0.0037004583319613965,0.04798843938725955,4.7988439387259556e-05,0.0038801977041711976,-0.00013557356279196093,0.2566679719281918,0.9931350114416476,4.4165809417840134e-05,0.003696635701991977,-0.0008263170068650701,0.0024888111440960537,0.0038096889146025936,0.006153040340872761,0.00851966571824685,0.02779498107054634,2.779498107054634e-05,2.397235110112738e-05,0.00385622535307007,0.020193458316713212,2.0193458316713213e-05,2.0193458316713213e-05,-0.00015576702110867415,0.5015255530129672,0.5015255530129672
2010-12-13,0.0018442705899289727,0.0018061317646047928,0.03813882532418002,3.813882532418002e-05,0.001141837885962189,0.0007024327039667838,0.12993028288699382,0.9931350114416476,3.8138825324179936e-05,0.0018061317646047928,-0.0015575833371555172,-0.0010830004898943724,0.0020345770738957195,0.001199865590415044,0.0028090425058662676,0.022883295194508012,2.2883295194508012e-05,2.2883295194508012e-05,0.001118954590767681,0.015255530129672007,1.5255530129672008e-05,1.5255530129672008e-05,0.0006871771738371118,0.5015255530129672,0.5015255530129672
2010-12-14,0.0016220406760465629,0.0015686463205927107,0.05339435545385202,5.339435545385203e-05,0.0002042682583775784,0.0014177724176689843,0.06634645555437711,0.9931350114416476,5.339435545385213e-05,0.0015686463205927107,-0.0032863036716531766,-0.0018975909151109913,-0.0005518215948400595,-0.001054787096066535,0.0011300270002897199,0.02669717772692601,2.6697177726926016e-05,2.6697177726926016e-05,0.0001775710806506524,0.02669717772692601,2.6697177726926016e-05,2.6697177726926016e-05,0.0013910752399420583,0.5015255530129672,0.5015255530129672
2010-12-15,0.00017241549879101168,0.00012071039724421235,0.05551027658485118,5.551027658485118e-05,-0.0013075202263553142,0.001479935725146326,0.0851213764771811,0.9908675799086758,5.1705101546799324e-05,0.0001169052222061605,-0.0023087465046840645,-0.004270285428879467,-0.001179617093046724,-0.0022352811335176704,-0.0028319722549213556,0.02775513829242559,2.775513829242559e-05,2.394996325437384e-05,-0.0013314701896096882,0.02775513829242559,2.775513829242559e-05,2.775513829242559e-05,0.0014521805868539003,0.5003805175038052,0.5003805175038052
2010-12-16,0.0005490179240507433,0.0005033558235941223,0.045662100456621,4.5662100456621006e-05,0.0009538251405792618,-0.0004048072165285185,0.05061505709081794,0.9908675799086758,4.566210045662102e-05,0.0005033558235941223,0.0010238718699079206,0.0003743129184321298,0.0019720229299684225,0.003479177100554995,0.0011416211847136521,0.01902587519025875,1.902587519025875e-05,1.902587519025875e-05,0.000934799265389003,0.02663622526636225,2.6636225266362252e-05,2.6636225266362252e-05,-0.00043144344179488073,0.5003805175038052,0.5003805175038052
2010-12-17,-0.00105693548162996,-0.0010987924070485293,0.045662100456621,4.5662100456621006e-05,-0.001230987475447063,0.00017405199381710298,-0.0843981123496212,0.9908675799086758,4.1856925418569304e-05,-0.001102597582086581,0.00019621694163758215,-0.0014484587319365952,-0.002853343835977291,-0.000683747903858585,-0.0033381872128368153,0.02663622526636225,2.6636225266362252e-05,2.2831050228310503e-05,-0.0012538185256753735,0.01902587519025875,1.902587519025875e-05,1.902587519025875e-05,0.00015502611862684424,0.5003805175038052,0.5003805175038052
2010-12-20,-0.00042929852516876996,-0.0004939865008156498,0.06468797564687975,6.468797564687976e-05,-0.0003339483098244474,-9.535021534432255e-05,-0.03797929368347616,0.9908675799086758,6.468797564687981e-05,-0.0004939865008156497,0.0007532944030684337,-0.0009478591006329702,-0.003153795273051508,0.0007440414026820023,-0.0013650842822560442,0.030441400304414,3.0441400304414e-05,3.0441400304414e-05,-0.0003643897101288614,0.03424657534246575,3.424657534246575e-05,3.424657534246575e-05,-0.00012959679068678828,0.5003805175038052,0.5003805175038052
2010-12-21,-0.0003396828286516769,-0.0003891501041463497,0.04946727549467275,4.9467275494672755e-05,-0.0018566521197232392,0.0015169692910715622,-0.01599629193183232,0.9908675799086758,4.946727549467279e-05,-0.00038915010414634964,-0.0029691610090698786,-0.003158008296447294,-0.005635331537073068,-0.004716162293112817,-0.003213353605827951,0.02663622526636225,2.6636225266362252e-05,2.6636225266362252e-05,-0.0018832883449896014,0.0228310502283105,2.2831050228310503e-05,2.2831050228310503e-05,0.0014941382408432517,0.5003805175038052,0.5003805175038052
2010-12-22,-0.0019662579982244167,-0.002008114923642986,0.045662100456621,4.5662100456621006e-05,-0.0004669296415261878,-0.0014993283566982288,-0.176764681164489,0.9908675799086758,4.1856925418569304e-05,-0.0020119200986810377,0.0034666926642710786,0.002044931900791716,0.000984831035629471,-0.000829493085202424,-0.0009957029952503069,0.02663622526636225,2.6636225266362252e-05,2.2831050228310503e-05,-0.0004897606917544983,0.01902587519025875,1.902587519025875e-05,1.902587519025875e-05,-0.0015183542318884875,0.5003805175038052,0.5003805175038052
2010-12-24,0.00019164045198056292,0.00014217317648589016,0.04946727549467275,4.9467275494672755e-05,-0.0007035696396628631,0.000895210091643426,0.034878080377442,0.9908675799086758,4.946727549467276e-05,0.00014217317648589016,-0.002712423354864039,7.889754354351876e-05,-0.0011670964900626296,-0.0015284833910157976,-0.0013610238367150946,0.01902587519025875,1.902587519025875e-05,1.902587519025875e-05,-0.0007225955148531219,0.030441400304414,3.0441400304414e-05,3.0441400304414e-05,0.000864768691339012,0.5003805175038052,0.5003805175038052
2010-12-27,0.000805936496266931,0.0007716899209244653,0.0380517503805175,3.80517503805175e-05,0.0015513917239720456,-0.0007454552277051146,0.06205487309665162,0.9908675799086758,3.4246575342465765e-05,0.0007678847458864135,0.002056283968721765,0.00034373895616985814,0.0016644645088709313,0.0014898136826673365,0.0038965778393616414,0.01902587519025875,1.902587519025875e-05,1.5220700152207e-05,0.0015361710238198385,0.01902587519025875,1.902587519025875e-05,1.902587519025875e-05,-0.0007644811028953734,0.5003805175038052,0.5003805175038052
2010-12-28,0.0021448117538516377,0.0020991496533950167,0.045662100456621,4.5662100456621006e-05,0.0008310395395404453,0.0013137722143111924,0.20896110561237582,0.9885844748858448,4.566210045662102e-05,0.0020991496533950167,-0.0036063005155596416,-0.000641491782798458,0.00011654316846659996,-0.0010471132177853123,0.0029934438563181533,0.030441400304414,3.0441400304414e-05,3.0441400304414e-05,0.0008005981392360313,0.015220700152207,1.5220700152207e-05,1.5220700152207e-05,0.0012985515141589854,0.5003805175038052,0.5003805175038052
2010-12-29,-0.0013297423506192696,-0.0013639889259617355,0.03424657534246575,3.424657534246575e-05,0.003990950610127287,-0.005320692960746557,-0.16452215990322225,0.9885844748858448,3.424657534246587e-05,-0.0013639889259617352,0.010884300910072487,0.01012550873558199,0.008509408386414532,0.008209534817152008,0.007906952536408123,0.02663622526636225,2.6636225266362252e-05,2.6636225266362252e-05,0.003964314384860925,0.0076103500761035,7.6103500761035e-06,7.6103500761035e-06,-0.0053283033108226605,0.5003805175038052,0.5003805175038052
2010-12-30,0.0015665162851357405,0.0015208541846791195,0.045662100456621,4.5662100456621006e-05,-0.001925513110904079,0.0034920293960398197,0.12380727293679072,0.9908675799086758,4.566210045662102e-05,0.0015208541846791195,-0.00771711732168487,-0.00548503450508037,-0.0028390152687531455,-0.002797384222081648,-0.004367484453239094,0.0228310502283105,2.2831050228310503e-05,2.2831050228310503e-05,-0.0019483441611323894,0.0228310502283105,2.2831050228310503e-05,2.2831050228310503e-05,0.0034691983458115094,0.5003805175038052,0.5003805175038052
2011-01-04,-0.0018562644948774832,-0.0019399783457146218,0.0837138508371385,8.37138508371385e-05,0.0006249522832145502,-0.0024812167780920336,-0.12118138523356535,0.9908675799086758,8.371385083713861e-05,-0.0019399783457146216,0.003814837220736851,0.007272599858798703,0.002711474654094235,0.0009278269979875055,0.0014076930183673558,0.04185692541856925,4.185692541856925e-05,4.185692541856925e-05,0.000583095357795981,0.04185692541856925,4.185692541856925e-05,4.185692541856925e-05,-0.002523073703510603,0.5003805175038052,0.5003805175038052
2011-01-05,0.0009012968046609015,0.0008594398792423322,0.04185692541856925,4.185692541856925e-05,-0.001370135766996546,0.0022714325716574474,0.07067811333315473,0.9908675799086758,4.1856925418569304e-05,0.0008594398792423322,-0.006256978688590874,-0.0010647897755305827,-0.0022124425722783196,-0.0029982282140315077,-0.002609644912003656,0.01902587519025875,1.902587519025875e-05,1.902587519025875e-05,-0.0013891616421868047,0.0228310502283105,2.2831050228310503e-05,2.2831050228310503e-05,0.002248601521429137,0.5003805175038052,0.5003805175038052
2011-01-06,-0.0011783760508466774,-0.0012354536764174538,0.05707762557077625,5.7077625570776254e-05,-0.0007575400441710649,-0.0004208360066756126,-0.026233114325863005,0.9908675799086758,5.707762557077638e-05,-0.0012354536764174536,0.0009184259935540365,0.0006844647154389836,6.523182006088329e-06,-0.0031221333762124076,-0.0007189627470785927,0.0228310502283105,2.2831050228310503e-05,2.2831050228310503e-05,-0.0007803710943993754,0.03424657534246575,3.424657534246575e-05,3.424657534246575e-05,-0.00045508258201807836,0.5003805175038052,0.5003805175038052
2011-01-07,-0.0006462007222232044,-0.0006880576476417737,0.045662100456621,4.5662100456621006e-05,0.0015091236384143366,-0.0021553243606375412,-0.07724576851217435,0.9908675799086758,4.1856925418569304e-05,-0.0006918628226798254,0.004582767354846477,0.0037502463160702516,0.005095428106120798,0.0024007234117846706,0.0033582324570420063,0.02663622526636225,2.6636225266362252e-05,2.2831050228310503e-05,0.001486292588186026,0.01902587519025875,1.902587519025875e-05,1.902587519025875e-05,-0.0021743502358278,0.5003805175038052,0.5003805175038052
2011-01-11,-0.0021704237432347696,-0.0022313065438435975,0.06468797564687975,6.468797564687976e-05,-0.0025926687898393842,0.00042224504660461494,-0.1266063799764319,0.9908675799086758,6.088280060882788e-05,-0.002235111718881649,0.0007562099757016852,-0.004080746577228532,-0.007145667784851386,-0.0065519243950104035,-0.004503916440759519,0.02663622526636225,2.6636225266362252e-05,2.2831050228310503e-05,-0.0026154998400676945,0.0380517503805175,3.80517503805175e-05,3.80517503805175e-05,0.00038419329622409746,0.5003805175038052,0.5003805175038052
2011-01-12,0.002668935940868742,0.0026194686653740694,0.04946727549467275,4.9467275494672755e-05,-0.002528220894058116,0.005197156834926858,0.17050250856096202,0.9908675799086758,4.9467275494672735e-05,0.0026194686653740694,-0.009624747805115932,-0.011927241594679918,-0.009630134516234162,-0.006453045409403814,-0.004360329268743262,0.0228310502283105,2.2831050228310503e-05,2.2831050228310503e-05,-0.0025510519442864263,0.02663622526636225,2.6636225266362252e-05,2.6636225266362252e-05,0.005170520609660496,0.5003805175038052,0.5003805175038052
2011-01-13,0.0002804956365343892,0.0002348335360777681,0.045662100456621,4.5662100456621006e-05,0.003141882031766074,-0.002861386395231685,0.018418867108840827,0.9908675799086758,4.5662100456621074e-05,0.00023483353607776816,0.006075834386754589,0.004995377439827197,0.004344001223498349,0.004406639892046596,0.007204520030046562,0.0228310502283105,2.2831050228310503e-05,2.2831050228310503e-05,0.0031190509815377638,0.0228310502283105,2.2831050228310503e-05,2.2831050228310503e-05,-0.0028842174454599954,0.5003805175038052,0.5003805175038052
2011-01-14,0.0023846307940516122,0.0023351635185569395,0.04946727549467275,4.9467275494672755e-05,0.0011844448104080417,0.0012001859836435706,0.19391192750917566,0.9908675799086758,4.9467275494672735e-05,0.0023351635185569395,-0.0030524146490282966,-0.0010757790203917298,-0.0005707362380814042,-0.00025341430802145983,0.0036624502110700775,0.02663622526636225,2.6636225266362252e-05,2.6636225266362252e-05,0.0011578085851416794,0.0228310502283105,2.2831050228310503e-05,2.2831050228310503e-05,0.00117735493341526,0.5003805175038052,0.5003805175038052
2011-01-17,-0.0012777327081714871,-0.0013348103337422633,0.05707762557077625,5.7077625570776254e-05,0.0006017770724735449,-0.0018795097806450318,-0.10788636077550884,0.9908675799086758,5.7077625570776166e-05,-0.0013348103337422633,0.005005467673070657,0.0012288279338688874,0.0009498040829883864,0.0007566732959347848,0.001423087798555505,0.02663622526636225,2.6636225266362252e-05,2.6636225266362252e-05,0.0005751408472071827,0.030441400304414,3.0441400304414e-05,3.0441400304414e-05,-0.0019099511809494458,0.5003805175038052,0.5003805175038052
2011-01-18,-0.0008227309280817015,-0.0008683930285383225,0.04946727549467275,4.9467275494672755e-05,-0.0016553628411952466,0.0008326319131135451,-0.04060048391317161,0.9908675799086758,4.566210045662102e-05,-0.0008721982035763742,-0.0016748113433698558,-0.0016421211160848818,-0.0038100941191805382,-0.0041616357608376744,-0.0029195195295364596,0.030441400304414,3.0441400304414e-05,2.6636225266362252e-05,-0.0016819990664616088,0.01902587519025875,1.902587519025875e-05,1.902587519025875e-05,0.0008136060379232863,0.5003805175038052,0.5003805175038052
2011-01-19,0.0014457753016491343,0.0013925028511164099,0.05707762557077625,5.7077625570776254e-05,0.0023608324357024444,-0.0009150571340533101,0.11803040806732361,0.9908675799086758,5.327245053272445e-05,0.0013886976760783582,-9.451822815574879e-05,0.005719416526595765,0.0036313338723709425,0.0048058433819615195,0.004674688374855413,0.030441400304414,3.0441400304414e-05,2.6636225266362252e-05,0.002334196210436082,0.02663622526636225,2.6636225266362252e-05,2.6636225266362252e-05,-0.0009416933593196723,0.5003805175038052,0.5003805175038052
2011-01-20,0.0016660758348723734,0.001608998209301597,0.05707762557077625,5.7077625570776254e-05,0.0025889010559964755,-0.0009228252211241023,0.10124677553306233,0.9908675799086758,5.707762557077638e-05,0.0016089982093015973,0.0011547190977167173,0.00323915373591593,0.002326005357567497,0.003591676602352373,0.005955968924017564,0.03424657534246575,3.424657534246575e-05,3.424657534246575e-05,0.0025546544806540096,0.0228310502283105,2.2831050228310503e-05,2.2831050228310503e-05,-0.0009456562713524128,0.5003805175038052,0.5003805175038052
2011-01-21,0.0007811149430551039,0.0007468683677126381,0.03424657534246575,3.424657534246575e-05,0.0007707560088828636,1.0358934172240318e-05,0.0697077914571306,0.9908675799086758,3.4246575342465765e-05,0.0007468683677126381,-0.0002968454704327537,0.0005379327240831625,0.0033591990539584924,0.0021467386957390476,0.0012405857485200907,0.01141552511415525,1.1415525114155251e-05,1.1415525114155251e-05,0.0007593404837687083,0.0228310502283105,2.2831050228310503e-05,2.2831050228310503e-05,-1.2472116056070185e-05,0.5003805175038052,0.5003805175038052
2011-01-24,-0.0010706300161842878,-0.0011162921166409088,0.045662100456621,4.5662100456621006e-05,-0.0028206277994417663,0.0017499977832574785,-0.09199113792259371,0.9908675799086758,4.566210045662102e-05,-0.0011162921166409088,-0.0023590420894877753,-0.005800085369313589,-0.00406139909995355,-0.00588793643562326,-0.005512906258450959,0.015220700152207,1.5220700152207e-05,1.5220700152207e-05,-0.002835848499593973,0.030441400304414,3.0441400304414e-05,3.0441400304414e-05,0.0017195563829530646,0.5003805175038052,0.5003805175038052
2011-01-25,-0.00015516349147867516,-0.00020463076697334792,0.04946727549467275,4.9467275494672755e-05,0.0015230254101529018,-0.001678188901631577,-0.0011732674121214634,0.9908675799086758,4.946727549467276e-05,-0.00020463076697334792,0.002496176203063368,0.005088839942050624,0.002470756462183329,0.003084030771782633,0.003023815218359524,0.0228310502283105,2.2831050228310503e-05,2.2831050228310503e-05,0.0015001943599245913,0.02663622526636225,2.6636225266362252e-05,2.6636225266362252e-05,-0.0017048251268979393,0.5003805175038052,0.5003805175038052
2011-01-26,-0.0015602170280331704,-0.0016058791284897912,0.045662100456621,4.5662100456621006e-05,-0.00175483602414622,0.00019461899611304966,-0.08493597306879706,0.9908675799086758,4.56621004566208e-05,-0.0016058791284897914,-0.0017262708005768798,0.002316458810856459,-0.004748015669786396,-0.003622061558854992,-0.003450127606084483,0.01902587519025875,1.902587519025875e-05,1.902587519025875e-05,-0.0017738618993364788,0.02663622526636225,2.6636225266362252e-05,2.6636225266362252e-05,0.0001679827708466874,0.5003805175038052,0.5003805175038052
2011-01-27,0.001221973387412134,0.0011725061119174612,0.04946727549467275,4.9467275494672755e-05,-2.7933206730881666e-05,0.0012499065941430157,0.10905162780302466,0.9908675799086758,4.9467275494672735e-05,0.0011725061119174612,-0.00382299673387955,0.00018271861242795073,-0.0007348034269184169,-0.002709721740122989,0.001256046010982663,0.0228310502283105,2.2831050228310503e-05,2.2831050228310503e-05,-5.076425695919217e-05,0.02663622526636225,2.6636225266362252e-05,2.6636225266362252e-05,0.0012232703688766534,0.5003805175038052,0.5003805175038052
2011-01-28,-0.0023675769722310276,-0.0024170442477257003,0.04946727549467275,4.9467275494672755e-05,0.002541027674865566,-0.004908604647096594,-0.11268057290093579,0.9908675799086758,4.9467275494672735e-05,-0.0024170442477257003,0.011630576602159028,0.00612621977625265,0.00588896595101984,0.006448534212965993,0.004400804939666479,0.030441400304414,3.0441400304414e-05,3.0441400304414e-05,0.002510586274561152,0.01902587519025875,1.902587519025875e-05,1.902587519025875e-05,-0.004927630522286852,0.5003805175038052,0.5003805175038052
2011-01-31,-0.0031995975979502407,-0.00324145452336881,0.04185692541856925,4.185692541856925e-05,-0.00016655619174703494,-0.003033041406203206,-0.18190841467975158,0.9908675799086758,4.1856925418569304e-05,-0.00324145452336881,0.007130353644387388,0.003899130134347414,0.0026632700815993875,0.0019930134596543732,-0.0014825801441600685,0.0228310502283105,2.2831050228310503e-05,2.2831050228310503e-05,-0.00018938724197534545,0.01902587519025875,1.902587519025875e-05,1.902587519025875e-05,-0.0030520672813934644,0.5003805175038052,0.5003805175038052
2011-02-01,-0.0026399887692892324,-0.0027008715698980603,0.06468797564687975,6.468797564687976e-05,-0.005145269027332442,0.0025052802580432096,-0.14255929367613634,0.9908675799086758,6.088280060882788e-05,-0.002704676744936112,-0.005087585671769782,-0.0048432209815635575,-0.011263286469143974,-0.01104150518267413,-0.01002150833260507,0.030441400304414,3.0441400304414e-05,2.6636225266362252e-05,-0.005171905252598804,0.03424657534246575,3.424657534246575e-05,3.424657534246575e-05,0.0024710336827007437,0.5003805175038052,0.5003805175038052
2011-02-02,-0.0013057254318545907,-0.0013799263450965998,0.07990867579908675,7.990867579908676e-05,0.0007433571775428481,-0.002049082609397439,-0.027720598678321783,0.9908675799086758,7.42009132420091e-05,-0.0013856341076536774,0.0027969350955999585,0.006799270263647688,0.005865073712470333,0.0014743546242189619,0.0014911345466447233,0.04185692541856925,4.185692541856925e-05,3.80517503805175e-05,0.0007053054271623306,0.0380517503805175,3.80517503805175e-05,3.614916286149163e-05,-0.0020852317722589307,0.5003805175038052,0.5003805175038052
2011-02-03,0.0023886858318191103,0.002354439256476645,0.03424657534246575,3.424657534246575e-05,0.0013973761011772307,0.0009913097306418798,0.1295994045952301,0.9908675799086758,3.424657534246544e-05,0.0023544392564766444,-0.0028214326272822314,-0.0002844215351592948,0.003388801665322866,0.002514031805877626,0.0029303415435647674,0.015220700152207,1.5220700152207e-05,1.5220700152207e-05,0.0013821554010250237,0.01902587519025875,1.902587519025875e-05,1.902587519025875e-05,0.000972283855451621,0.5003805175038052,0.5003805175038052
2011-02-04,0.0006459777603777841,0.000588900134807008,0.05707762557077625,5.7077625570776254e-05,0.00028134990977817794,0.0003646278505996062,0.03572347881677981,0.9908675799086758,5.7077625570776166e-05,0.0005889001348070078,-0.0018122059131453379,0.0014802307260282147,0.0017927438621101912,0.00034151576269838153,0.0006713956887764271,0.0228310502283105,2.2831050228310503e-05,2.2831050228310503e-05,0.00025851885954986743,0.03424657534246575,3.424657534246575e-05,3.424657534246575e-05,0.0003303812752571404,0.5003805175038052,0.5003805175038052
2011-02-07,-0.0018014611245320857,-0.0018699542752170172,0.0684931506849315,6.84931506849315e-05,-0.0025875394648332546,0.0007860783403011689,-0.0732790457082524,0.9908675799086758,6.849315068493153e-05,-0.0018699542752170172,-0.0007277475059949498,-0.0033148745884556186,-0.005131311849806571,-0.00672683145147585,-0.004402138672942952,0.030441400304414,3.0441400304414e-05,3.0441400304414e-05,-0.0026179808651376688,0.0380517503805175,3.80517503805175e-05,3.80517503805175e-05,0.0007480265899206514,0.5003805175038052,0.5003805175038052
2011-02-08,0.0029670866142579477,0.002917619338763275,0.04946727549467275,4.9467275494672755e-05,-0.0005092733044927627,0.0034763599187507105,0.20891360281907131,0.9908675799086758,4.9467275494672735e-05,0.002917619338763275,-0.007109894719341179,-0.006695736077806116,-0.0063435149616647216,-0.0026896743407072168,-0.00019132034772652393,0.030441400304414,3.0441400304414e-05,3.0441400304414e-05,-0.0005397147047971767,0.01902587519025875,1.902587519025875e-05,1.902587519025875e-05,0.003457334043560452,0.5003805175038052,0.5003805175038052
2011-02-09,9.633167172556262e-05,3.164369607868287e-05,0.06468797564687975,6.468797564687976e-05,0.0026032148097714027,-0.00250688313804584,-0.022950607900783487,0.9908675799086758,6.468797564687976e-05,3.164369607868286e-05,0.006201221682719169,0.0026302646650967396,0.003112838109247632,0.004385488919485462,0.005606319136480762,0.030441400304414,3.0441400304414e-05,3.0441400304414e-05,0.0025727734094669885,0.03424657534246575,3.424657534246575e-05,3.424657534246575e-05,-0.002541129713388306,0.5003805175038052,0.5003805175038052
2011-02-10,-0.0018097267973536742,-0.0018649018354054245,0.060882800608828,6.0882800608828e-05,-0.0030123777202757445,0.0012026509229220704,-0.12858225477995455,0.9908675799086758,5.517503805175031e-05,-0.0018706095979625023,-0.0024932428351400306,-0.0022218688057838495,-0.0032637873583630616,-0.00866343675271202,-0.004767739840752792,0.03424657534246575,3.424657534246575e-05,3.0441400304414e-05,-0.0030428191205801587,0.02663622526636225,2.6636225266362252e-05,2.4733637747336378e-05,0.001177917285174734,0.5003805175038052,0.5003805175038052
2011-02-14,-0.001097278456082038,-0.001158161256690866,0.0684931506849315,6.84931506849315e-05,-0.0012855893863213666,0.00018831093023932843,-0.14996016322252556,0.9908675799086758,6.08828006088281e-05,-0.0011657716067669695,-0.0002591244680869447,-0.0006194088216857776,0.00212399177072606,-0.005494808785525839,-0.00114917102970792,0.0380517503805175,3.80517503805175e-05,3.424657534246575e-05,-0.0013198359616638322,0.030441400304414,3.0441400304414e-05,2.6636225266362252e-05,0.00016167470497296618,0.5003805175038052,0.5003805175038052
2011-02-15,-0.002726977772628704,-0.0027840553981994805,0.060882800608828,6.0882800608828e-05,-0.0015074456842542384,-0.0012195320883744657,-0.1858495949713546,0.9908675799086758,5.70776255707766e-05,-0.0027878605732375317,0.003991663973434719,-0.0006156720198623196,0.0024745273126161853,-0.0010116356674932582,-0.004142947932777143,0.03424657534246575,3.424657534246575e-05,3.0441400304414e-05,-0.0015378870845586523,0.02663622526636225,2.6636225266362252e-05,2.6636225266362252e-05,-0.001246168313640828,0.5003805175038052,0.5003805175038052
2011-02-16,0.0026588105104568497,0.00259412253480997,0.0684931506849315,6.84931506849315e-05,-0.0008784591419089801,0.0035372696523658298,0.15362125665490708,0.9908675799086758,6.46879756468796e-05,0.0025903173597719184,-0.008687973688341703,-0.00399404031623016,-0.004111059017878643,-0.003156306274081686,-0.0010879039485014723,0.03424657534246575,3.424657534246575e-05,3.0441400304414e-05,-0.0009089005422133941,0.03424657534246575,3.424657534246575e-05,3.424657534246575e-05,0.003503023077023364,0.5003805175038052,0.5003805175038052
2011-02-17,4.5889832830870776e-05,-2.2603317854060726e-05,0.0684931506849315,6.84931506849315e-05,-0.00019386012185071205,0.00023974995468158285,0.009734853308544374,0.9908675799086758,6.84931506849315e-05,-2.2603317854060726e-05,-0.0020337191725623275,0.0026190179292552296,0.00330610245468637,-0.0001797270743701808,-0.0005014920033402822,0.02663622526636225,2.6636225266362252e-05,2.6636225266362252e-05,-0.0002204963471170743,0.04185692541856925,4.185692541856925e-05,4.185692541856925e-05,0.0001978930292630136,0.5003805175038052,0.5003805175038052
2011-02-18,0.0005695503716711829,0.0005124727461004065,0.060882800608828,6.0882800608828e-05,-0.0007635330858479573,0.00133308345751914,0.05386996585890918,0.9908675799086758,5.707762557077638e-05,0.0005086675710623549,-0.003407477741453291,-0.0012387073363124988,-0.00037105763567460057,-0.0006984571810851076,-0.002003218912748718,0.03424657534246575,3.424657534246575e-05,3.0441400304414e-05,-0.0007939744861523713,0.02663622526636225,2.6636225266362252e-05,2.6636225266362252e-05,0.0013064472322527779,0.5003805175038052,0.5003805175038052
2011-02-21,0.0021982312234566166,0.0021487639479619435,0.0532724505327245,5.3272450532724505e-05,0.0014902012352704384,0.0007080299881861781,0.12154573302422979,0.9908675799086758,4.946727549467317e-05,0.002144958772923892,-0.0021649779847619545,5.247824779224039e-05,-0.0005959953584788658,0.001063836276220073,0.004015674495505791,0.0228310502283105,2.2831050228310503e-05,1.902587519025875e-05,0.0014711753600801796,0.030441400304414,3.0441400304414e-05,3.0441400304414e-05,0.000677588587881764,0.5003805175038052,0.5003805175038052
2011-02-22,0.0009419776990859026,0.0009115362987814887,0.03424657534246575,3.424657534246575e-05,0.002637858270390088,-0.001695880571304185,0.06822623652026352,0.9931506849315068,3.044140030441394e-05,0.0009077311237434369,0.0031331086917154257,0.003979240412862018,0.0027111216814584426,0.004441009223221381,0.005814479677306803,0.01902587519025875,1.902587519025875e-05,1.5220700152207e-05,0.002622637570237881,0.015220700152207,1.5220700152207e-05,1.5220700152207e-05,-0.0017111012714563921,0.5003805175038052,0.5003805175038052
2011-02-23,-0.0003069077820132869,-0.0003677905826221149,0.06468797564687975,6.468797564687976e-05,0.00018356395058556778,-0.0004904717325988545,-0.009987943499184327,0.9931506849315068,6.088280060882799e-05,-0.00037159575766016666,0.0019481323216325032,-0.0009331388656333055,-0.001972667920240061,0.0015140108917681763,-0.0002025157192876833,0.030441400304414,3.0441400304414e-05,2.6636225266362252e-05,0.00015692772531920553,0.03424657534246575,3.424657534246575e-05,3.424657534246575e-05,-0.0005247183079413203,0.5003805175038052,0.5003805175038052
2011-02-24,5.2795926687681355e-05,7.133826231060334e-06,0.04946727549467275,4.9467275494672755e-05,0.0020227106624361307,-0.0019699147357484497,-0.0065769888488301405,0.9931506849315068,4.566210045662102e-05,3.3286511930086002e-06,0.003643931690903199,0.004613138745887685,0.007143030429620484,0.004456322308142771,0.003926957461441915,0.030441400304414,3.0441400304414e-05,2.6636225266362252e-05,0.0019960744371697683,0.01902587519025875,1.902587519025875e-05,1.902587519025875e-05,-0.0019889406109387083,0.5003805175038052,0.5003805175038052
2011-02-25,-0.003287872758700954,-0.0033411452092336784,0.0532724505327245,5.3272450532724505e-05,-0.00117900946062927,-0.002108863298071684,-0.23363705413179345,0.9931506849315068,5.327245053272445e-05,-0.0033411452092336784,0.0047270933393738414,0.003286256418568147,0.001991235768139458,-0.0013357514918085282,-0.00292719181813606,0.02663622526636225,2.6636225266362252e-05,2.6636225266362252e-05,-0.0012056456858956322,0.02663622526636225,2.6636225266362252e-05,2.6636225266362252e-05,-0.0021354995233380464,0.5003805175038052,0.5003805175038052
2011-02-28,-0.001030484677851986,-0.001076146778308607,0.04946727549467275,4.9467275494672755e-05,-0.004300827587089214,0.0032703429092372275,-0.08453371082183932,0.9931506849315068,4.566210045662102e-05,-0.0010799519533466588,-0.005798071033011029,-0.008161239923576641,-0.010013630204541674,-0.007691992837359531,-0.009145468982320756,0.030441400304414,3.0441400304414e-05,2.6636225266362252e-05,-0.004327463812355576,0.01902587519025875,1.902587519025875e-05,1.902587519025875e-05,0.003251317034046969,0.5003805175038052,0.5003805175038052
2011-03-01,-0.001234472994018982,-0.0012744273319185255,0.04185692541856925,4.185692541856925e-05,0.001711824166526393,-0.002946297160545375,-0.09120677263363837,0.9931506849315068,3.9954337899543446e-05,-0.0012763299194375514,0.005539821249460191,0.006720056208926161,0.006208568342686425,0.0030881525725860396,0.0036031457993401864,0.015220700152207,1.5220700152207e-05,1.3318112633181126e-05,0.0016985060538932117,0.02663622526636225,2.6636225266362252e-05,2.6636225266362252e-05,-0.0029729333858117372,0.5003805175038052,0.5003805175038052
2011-03-02,-0.0011661017330728773,-0.001200348308415343,0.03424657534246575,3.424657534246575e-05,0.0019715656501295585,-0.0031376673832024357,-0.09046690876858954,0.9931506849315068,3.4246575342465656e-05,-0.001200348308415343,0.007415957739030058,0.004123923333562876,0.006251145665517289,0.003678716176475085,0.004090257468927493,0.0228310502283105,2.2831050228310503e-05,2.2831050228310503e-05,0.001948734599901248,0.01141552511415525,1.1415525114155251e-05,1.1415525114155251e-05,-0.003149082908316591,0.5003805175038052,0.5003805175038052
2011-03-03,0.0015140113529902017,0.0014683492525335807,0.04946727549467275,4.9467275494672755e-05,-0.001966703014615876,0.0034807143676060777,0.14772945620370384,0.9931506849315068,4.566210045662102e-05,0.001464544077495529,-0.008493407507080603,-0.004041500751514135,-0.005753114854187714,-0.006005221010563983,-0.002972701710193115,0.030441400304414,3.0441400304414e-05,2.6636225266362252e-05,-0.0019933392398822384,0.01902587519025875,1.902587519025875e-05,1.902587519025875e-05,0.003461688492415819,0.5003805175038052,0.5003805175038052
2011-03-04,-0.0021102395385420294,-0.002159706814036702,0.0532724505327245,5.3272450532724505e-05,-0.0004563441079903049,-0.0016538954305517245,-0.1853404904532049,0.9931506849315068,4.9467275494672735e-05,-0.002163511989074754,0.0039045645257260735,0.002182680584156893,0.0006673690201455619,-0.0006426809778969333,-0.0010487721537532275,0.030441400304414,3.0441400304414e-05,2.6636225266362252e-05,-0.0004829803332566672,0.0228310502283105,2.2831050228310503e-05,2.2831050228310503e-05,-0.001676726480780035,0.5003805175038052,0.5003805175038052
2011-03-07,0.0008756473635327217,0.0008375956131522043,0.0380517503805175,3.80517503805175e-05,0.0017403071033980655,-0.0008646597398653438,0.06570822101738207,0.9931506849315068,3.805175038051748e-05,0.0008375956131522043,0.0017340455162504283,0.001755646430409773,0.003153116828638844,0.003650524271354193,0.003413410944372516,0.01902587519025875,1.902587519025875e-05,1.902587519025875e-05,0.0017212812282078067,0.01902587519025875,1.902587519025875e-05,1.902587519025875e-05,-0.0008836856150556026,0.5003805175038052,0.5003805175038052
2011-03-08,0.0012015348862563298,0.0011558727857997088,0.045662100456621,4.5662100456621006e-05,-0.0006342810945095765,0.0018358159807659062,0.09210087806897718,0.9931506849315068,4.566210045662102e-05,0.0011558727857997088,-0.0030630700962705087,-0.0049647204912585275,-0.002667521747421543,-0.0026456413759013797,-0.0006014374144699702,0.02663622526636225,2.6636225266362252e-05,2.6636225266362252e-05,-0.0006609173197759387,0.01902587519025875,1.902587519025875e-05,1.902587519025875e-05,0.0018167901055756474,0.5003805175038052,0.5003805175038052
2011-03-09,0.0023040631603247746,0.0022584010598681536,0.045662100456621,4.5662100456621006e-05,0.0006261545795264798,0.0016779085807982947,0.13327681696715588,0.9931506849315068,4.566210045662102e-05,0.0022584010598681536,-0.004553511475767389,-0.0010298592331500938,-0.00020020937564669275,0.001600011794268777,0.0010881013221136532,0.02663622526636225,2.6636225266362252e-05,2.6636225266362252e-05,0.0005995183542601176,0.01902587519025875,1.902587519025875e-05,1.902587519025875e-05,0.001658882705608036,0.5003805175038052,0.5003805175038052
2011-03-10,0.009432366255736886,0.009386704155280265,0.045662100456621,4.5662100456621006e-05,-0.002397310592358996,0.011829676848095882,0.018843567266381606,0.9931506849315068,4.5662100456620586e-05,0.009386704155280265,-0.027678476215919345,-0.016110612526312993,-0.032004483619036676,-0.013421361515063178,-0.0006010758923207698,0.02663622526636225,2.6636225266362252e-05,2.6636225266362252e-05,-0.0024239468176253587,0.01902587519025875,1.902587519025875e-05,1.902587519025875e-05,0.011810650972905623,0.5003805175038052,0.5003805175038052
2011-03-11,-0.0028681415311778554,-0.0029234725900739904,0.055344060633167214,5.534406063316721e-05,0.010408092133602382,-0.013276233664780238,-0.04797729237524729,0.9908883826879271,5.5331058896134974e-05,-0.0029234855918110225,0.0249026892749642,0.03023695409957339,0.03288681740986373,0.025294632953488775,0.01864971516493302,0.029561616098577416,2.9561616098577415e-05,2.9557282186233393e-05,0.010378534851416148,0.025782444534589798,2.57824445345898e-05,2.5773776709901754e-05,-0.013302007441490139,0.501138952164009,0.501138952164009
2011-03-14,-0.029659589991938323,-0.029724130614565504,0.0683371298405467,6.83371298405467e-05,-0.009392257539393723,-0.020267332452544598,-0.4507975222214285,0.9908883826879271,6.45406226271808e-05,-0.02972792712177887,0.04619185636181217,0.029993724193695205,0.0163726424852492,-0.01916557218073813,-0.018853083287519518,0.04176157934700076,4.176157934700076e-05,3.7965072133637056e-05,-0.00943022261152736,0.026575550493545937,2.657555049354594e-05,2.657555049354594e-05,-0.020293908003038146,0.501138952164009,0.501138952164009
2011-03-15,0.0047310904355816205,0.004636177755247528,0.09870918754745633,9.870918754745634e-05,-0.010658837961622208,0.015389928397203828,0.11177017714454826,0.9908883826879271,9.491268033409283e-05,0.004632381248034164,-0.034709718440238166,-0.023499128080062895,-0.02150640825748537,-0.02148202143450472,-0.02128488621239016,0.05694760820045558,5.6947608200455584e-05,5.315110098709188e-05,-0.0107119890626093,0.04176157934700076,4.176157934700076e-05,4.176157934700076e-05,0.015348166817856827,0.501138952164009,0.501138952164009
2011-03-16,0.0035151272896480593,0.003431604130954058,0.08731966590736523,8.731966590736523e-05,0.017258746541900575,-0.013743619252252518,0.1021760015861515,0.9908883826879271,8.352315869400136e-05,0.0034278076237406942,0.02602796489992462,0.030809917380678887,0.038339772065523435,0.03443009685602972,0.03503729455056689,0.05315110098709187,5.315110098709188e-05,4.935459377372817e-05,0.017209391948126845,0.03416856492027335,3.416856492027335e-05,3.416856492027335e-05,-0.013777787817172791,0.501138952164009,0.501138952164009
2011-03-17,0.006941055272215176,0.00685183735270113,0.09491268033409263,9.491268033409264e-05,0.009709852805256937,-0.0027687975330417613,0.244343285170504,0.9908883826879271,8.921791951404644e-05,0.006846142591881084,0.005696022940498683,0.005242557504352088,0.01197095361058698,0.018260578586619145,0.02003681886803119,0.04555808656036446,4.555808656036447e-05,4.176157934700076e-05,0.009668091225909937,0.04935459377372817,4.935459377372817e-05,4.745634016704632e-05,-0.0028162538732088077,0.501138952164009,0.501138952164009
2011-03-18,0.0033329474520297784,0.0032646103221892317,0.0683371298405467,6.83371298405467e-05,-0.004304759599639077,0.0076377070516688555,0.08683071477409733,0.9908883826879271,6.833712984054665e-05,0.0032646103221892317,-0.017359019443324988,-0.011130536239010983,-0.010200624204346592,-0.008207607601123624,-0.00882775849881881,0.030372057706909643,3.0372057706909645e-05,3.0372057706909645e-05,-0.0043351316573459866,0.037965072133637055,3.7965072133637056e-05,3.7965072133637056e-05,0.007599741979535219,0.501138952164009,0.501138952164009
2011-03-22,0.0023176499862922295,0.00225690587087841,0.06454062262718299,6.4540622627183e-05,0.0003296529038967373,0.0019879970823954924,0.01042238572930167,0.9908883826879271,6.074411541381929e-05,0.0022531093636650465,-0.0026205622973163468,-0.006736297685957108,0.00020473394850636383,0.0014669379338824997,0.00026458361795990627,0.026575550493545937,2.657555049354594e-05,2.2779043280182233e-05,0.00030687386061655506,0.037965072133637055,3.7965072133637056e-05,3.7965072133637056e-05,0.0019500320102618554,0.501138952164009,0.501138952164009
2011-03-23,0.0016185400202142364,0.00155020289037369,0.0683371298405467,6.83371298405467e-05,0.0060634309609780635,-0.004444890940763827,0.073323497638996,0.9908883826879271,6.833712984054643e-05,0.0015502028903736898,0.010387752302224428,0.005900277498883736,0.005930095730526993,0.010817865315889989,0.012948627285981696,0.030372057706909643,3.0372057706909645e-05,3.0372057706909645e-05,0.006033058903271154,0.037965072133637055,3.7965072133637056e-05,3.7965072133637056e-05,-0.004482856012897464,0.501138952164009,0.501138952164009
2011-03-24,0.003101999489246604,0.0030298658521926937,0.0721336370539104,7.21336370539104e-05,0.0013394867573654622,0.0017625127318811418,0.13614530197379643,0.9908883826879271,7.213363705391032e-05,0.0030298658521926937,-0.003277557089701178,-0.004041858153650325,-0.009387637178263124,0.0003836361835526875,0.0038635935391439177,0.04176157934700076,4.176157934700076e-05,4.176157934700076e-05,0.0012977251780184615,0.030372057706909643,3.0372057706909645e-05,3.0372057706909645e-05,0.0017321406741742321,0.501138952164009,0.501138952164009
2011-03-25,-0.001027118745004122,-0.0010669820707444409,0.04555808656036446,4.555808656036447e-05,-0.007859208103313487,0.006832089358309366,-0.015267728668959394,0.9908883826879271,3.986332574031884e-05,-0.0010726768315644864,-0.01502709686007946,-0.011186702503449407,-0.014475969829339994,-0.014068398310472944,-0.01656977372621818,0.02277904328018223,2.2779043280182233e-05,1.8982536066818528e-05,-0.007878190639380306,0.02277904328018223,2.2779043280182233e-05,2.088078967350038e-05,0.006811208568635866,0.501138952164009,0.501138952164009
2011-03-28,0.0012804220953828366,0.0012348640088224723,0.04935459377372817,4.935459377372817e-05,0.002483720372445855,-0.0012032982770630184,0.09187593029680569,0.9908883826879271,4.555808656036436e-05,0.0012310675016091084,0.0025095815723005757,0.0022412538497329315,0.00636009668462748,0.004909115649223734,0.00506511971679317,0.03416856492027335,3.416856492027335e-05,3.0372057706909645e-05,0.002453348314738945,0.015186028853454821,1.5186028853454822e-05,1.5186028853454822e-05,-0.0012184843059164733,0.501138952164009,0.501138952164009
2011-03-29,-0.002445108395517689,-0.002521038539784963,0.07972665148063782,7.972665148063782e-05,0.001667029629256136,-0.004112138024773825,-0.12235526003116905,0.9908883826879271,7.5930144267274e-05,-0.0025248350469983267,0.009740684667622864,0.0053567634009599125,0.0034209443120081125,0.004636678013784642,0.0026977285312094804,0.04555808656036446,4.555808656036447e-05,4.176157934700076e-05,0.0016252680499091352,0.03416856492027335,3.416856492027335e-05,3.416856492027335e-05,-0.004146306589694098,0.501138952164009,0.501138952164009
2011-03-30,0.0011336726536038772,0.001084318059830149,0.05315110098709187,5.315110098709188e-05,0.0021813876892113875,-0.0010477150356075107,0.042400686943553124,0.9908883826879271,4.9354593773728254e-05,0.0010805215526167853,0.002033938211931388,0.0022503526350224437,0.0030434298929671233,0.0041652650900453145,0.004521706734727683,0.03416856492027335,3.416856492027335e-05,3.0372057706909645e-05,0.002151015631504478,0.018982536066818528,1.8982536066818528e-05,1.8982536066818528e-05,-0.0010666975716743293,0.501138952164009,0.501138952164009
2011-03-31,-0.0022197681000895395,-0.0022729192010766315,0.05694760820045558,5.6947608200455584e-05,-0.004190209505367704,0.001970441405278164,-0.11420757299868647,0.9908883826879271,5.315110098709193e-05,-0.002276715708289995,-0.0028603833795829772,-0.0061400207301488515,-0.007063349147070729,-0.009093091778399166,-0.008047178310835108,0.037965072133637055,3.7965072133637056e-05,3.416856492027335e-05,-0.004224378070287977,0.018982536066818528,1.8982536066818528e-05,1.8982536066818528e-05,0.0019514588692113456,0.501138952164009,0.501138952164009
2011-04-01,-0.0018736418288235258,-0.0019305894370239814,0.05694760820045558,5.6947608200455584e-05,-0.001903707932260008,3.006610343648238e-05,-0.10491867328923793,0.9908883826879271,5.694760820045561e-05,-0.0019305894370239814,0.0011276296670497026,-0.0024096180154203088,-0.002190573332683117,-0.001592158300320983,-0.0049111111737877656,0.030372057706909643,3.0372057706909645e-05,3.0372057706909645e-05,-0.0019340799899669177,0.026575550493545937,2.657555049354594e-05,2.657555049354594e-05,3.490552942936442e-06,0.501138952164009,0.501138952164009
2011-04-04,0.0022925277585816063,0.002254562686447969,0.04176157934700076,4.176157934700076e-05,0.0022374733126893183,5.5054445892287975e-05,0.16139470534465994,0.9908883826879271,3.796507213363722e-05,0.0022507661792346054,-0.000526867395821815,0.0007121845997379372,-0.00023061341963375652,0.004546928885310943,0.0045006788971418445,0.03416856492027335,3.416856492027335e-05,3.0372057706909645e-05,0.002207101254982409,0.007593014426727411,7.593014426727411e-06,7.593014426727411e-06,4.7461431465560564e-05,0.501138952164009,0.501138952164009
2011-04-05,0.0006742282819165532,0.0006362632097829161,0.04176157934700076,4.176157934700076e-05,-0.0005588885995405596,0.0012331168814571126,0.07129605196978732,0.9908883826879271,3.796507213363711e-05,0.0006324667025695524,-0.003240495581533532,-0.0009745425223269585,-0.002061223139005388,-0.00040523211386062926,-0.0014725415927959772,0.03416856492027335,3.416856492027335e-05,3.0372057706909645e-05,-0.0005892606572474692,0.007593014426727411,7.593014426727411e-06,7.593014426727411e-06,0.0012255238670303853,0.501138952164009,0.501138952164009
2011-04-06,0.0006135263606150535,0.0005603752596279616,0.05315110098709187,5.315110098709188e-05,-0.001982424359844606,0.0025959507204596595,0.03360075342196149,0.9908883826879271,5.315110098709193e-05,0.0005603752596279616,-0.004858731207505505,-0.005933268289002167,-0.005170751609488924,-0.003637010449332042,-0.004135916157240061,0.03416856492027335,3.416856492027335e-05,3.416856492027335e-05,-0.0020165929247648795,0.018982536066818528,1.8982536066818528e-05,1.8982536066818528e-05,0.002576968184392841,0.501138952164009,0.501138952164009
2011-04-07,-0.0004963725355976907,-0.000541930622158055,0.04555808656036446,4.555808656036447e-05,-0.0002762634102512329,-0.00022010912534645776,-0.07126747791706818,0.9908883826879271,4.555808656036436e-05,-0.0005419306221580551,-9.418496879021765e-06,0.0013362762010166332,0.005507448995492554,0.0026941387587797066,-0.0021586683893987726,0.02277904328018223,2.2779043280182233e-05,2.2779043280182233e-05,-0.00029904245353141513,0.02277904328018223,2.2779043280182233e-05,2.2779043280182233e-05,-0.00024288816862664,0.501138952164009,0.501138952164009
2011-04-08,0.004392489074253866,0.0043431344804801385,0.04935459377372817,4.935459377372817e-05,0.0008453632221353703,0.003547125852118496,0.2699446159049592,0.9908883826879271,4.935459377372782e-05,0.0043431344804801385,-0.008522366267330068,-0.004383342822506726,-0.00014743887615345318,0.0018916463886807218,0.001595250622759604,0.03416856492027335,3.416856492027335e-05,3.416856492027335e-05,0.000811194657215097,0.015186028853454821,1.5186028853454822e-05,1.5186028853454822e-05,0.003531939823265041,0.501138952164009,0.501138952164009
2011-04-11,0.0019947363051008925,0.0019529747257538916,0.04176157934700076,4.176157934700076e-05,0.0008042206864253015,0.0011905156186755909,0.18362896300972248,0.9908883826879271,4.17615793470009e-05,0.0019529747257538918,-0.0025733003482147085,-0.002038742810556159,0.00039648596642811746,0.0009028832289339335,0.0019608671402931623,0.018982536066818528,1.8982536066818528e-05,1.8982536066818528e-05,0.000785238150358483,0.02277904328018223,2.2779043280182233e-05,2.2779043280182233e-05,0.0011677365753954086,0.501138952164009,0.501138952164009
2011-04-12,-0.0001613523641056553,-0.0001955209290259287,0.03416856492027335,3.416856492027335e-05,0.0005232360845538237,-0.0006845884486594791,-0.034352425951654456,0.9908883826879271,3.4168564920273404e-05,-0.00019552092902592864,0.00256465320908555,-0.0009728234503076378,-0.00019997442328555337,0.0018293033422679878,0.000661882832759315,0.015186028853454821,1.5186028853454822e-05,1.5186028853454822e-05,0.0005080500557003689,0.018982536066818528,1.8982536066818528e-05,1.8982536066818528e-05,-0.0007035709847262976,0.501138952164009,0.501138952164009
2011-04-13,0.0019404622778778843,0.00189490419131752,0.04555808656036446,4.555808656036447e-05,0.0032867475198333595,-0.0013462852419554752,0.15960591133004925,0.9908883826879271,4.555808656036436e-05,0.0018949041913175198,0.0013161883032075468,0.005456889780727627,0.0021716054450328674,0.006855750261924118,0.0064489109128455435,0.018982536066818528,1.8982536066818528e-05,1.8982536066818528e-05,0.003267764983766541,0.026575550493545937,2.657555049354594e-05,2.657555049354594e-05,-0.0013728607924490212,0.501138952164009,0.501138952164009
2011-04-14,7.104597426386245e-05,3.687740934358916e-05,0.03416856492027335,3.416856492027335e-05,0.0008457032785509755,-0.0007746573042871131,-0.025101722169820262,0.9908883826879271,3.416856492027329e-05,3.68774093435891e-05,0.00044031911122908594,0.003766749347097616,0.003139778244220277,0.0039840993976511035,0.0005619309065057269,0.02277904328018223,2.2779043280182233e-05,2.2779043280182233e-05,0.0008229242352707933,0.011389521640091115,1.1389521640091117e-05,1.1389521640091117e-05,-0.0007860468259272042,0.501138952164009,0.501138952164009
2011-04-15,0.0021483023856061186,0.002117930327899209,0.030372057706909643,3.0372057706909645e-05,-0.000392347775208673,0.002540650160814792,0.2054149287762579,0.9908883826879271,3.0372057706909428e-05,0.002117930327899209,-0.006080701030155657,-0.0031860514257971363,-0.007289806160279465,-0.001655985072231818,-0.00035578469713500456,0.011389521640091115,1.1389521640091117e-05,1.1389521640091117e-05,-0.00040373729684876414,0.018982536066818528,1.8982536066818528e-05,1.8982536066818528e-05,0.0025216676247479734,0.501138952164009,0.501138952164009
2011-04-18,0.00013953344120758125,0.00010156836907394419,0.037965072133637055,3.7965072133637056e-05,0.0049971728260568065,-0.004857639384849225,0.00401800748465238,0.9908883826879271,3.7965072133637056e-05,0.00010156836907394419,0.010303012225339622,0.0087077306901077,0.010365467708068008,0.01068002548860988,0.009678116063964012,0.011389521640091115,1.1389521640091117e-05,1.1389521640091117e-05,0.0049857833044167155,0.026575550493545937,2.657555049354594e-05,2.657555049354594e-05,-0.004884214935342771,0.501138952164009,0.501138952164009
2011-04-19,-0.0027863663963818524,-0.002831924482942217,0.04555808656036446,4.555808656036447e-05,-0.00163375652958266,-0.0011526098667991925,-0.19684096352872058,0.9908883826879271,4.5558086560364575e-05,-0.002831924482942217,0.0033967940314045247,0.00018355359506167597,-0.0010444853266282405,-0.003668437666385745,-0.0030767549023215084,0.02277904328018223,2.2779043280182233e-05,2.2779043280182233e-05,-0.0016565355728628422,0.02277904328018223,2.2779043280182233e-05,2.2779043280182233e-05,-0.0011753889100793748,0.501138952164009,0.501138952164009
2011-04-20,0.0007387012378542978,0.000696939658507297,0.04176157934700076,4.176157934700076e-05,-0.0021584559907609157,0.0028971572286152136,0.06521036188454625,0.9908883826879271,4.176157934700079e-05,0.000696939658507297,-0.006345801858861098,-0.004796055734007537,-0.005500680974667622,-0.002998071200494176,-0.00497865012210146,0.030372057706909643,3.0372057706909645e-05,3.0372057706909645e-05,-0.0021888280484678255,0.011389521640091115,1.1389521640091117e-05,1.1389521640091117e-05,0.0028857677069751226,0.501138952164009,0.501138952164009
2011-04-21,-0.0007403195442441322,-0.0007896741380178602,0.04935459377372817,4.935459377372817e-05,0.0014958167589007544,-0.0022361363031448865,-0.04194000323644883,0.9908883826879271,4.935459377372804e-05,-0.0007896741380178604,0.00556475641395088,0.002383283959878104,0.001936930876869386,0.004296961959964682,0.0023531851026817622,0.02277904328018223,2.2779043280182233e-05,2.2779043280182233e-05,0.001473037715620572,0.026575550493545937,2.657555049354594e-05,2.657555049354594e-05,-0.0022627118536384322,0.501138952164009,0.501138952164009
2011-04-22,0.0018807556839631333,0.0018276045829760414,0.05315110098709187,5.315110098709188e-05,-0.00018965331639321246,0.0020704090003563456,0.16041939711664482,0.9908883826879271,5.315110098709193e-05,0.0018276045829760414,-0.004193982209642664,-0.004101574510339766,-0.00012351182101208967,-0.0017584671936175,0.00030157544754987585,0.03416856492027335,3.416856492027335e-05,3.416856492027335e-05,-0.0002238218813134858,0.018982536066818528,1.8982536066818528e-05,1.8982536066818528e-05,0.0020514264642895273,0.501138952164009,0.501138952164009
2011-04-25,-0.0013476323310762839,-0.0013780043887831935,0.030372057706909643,3.0372057706909645e-05,0.001376039344063713,-0.002723671675139997,-0.1348542213060383,0.9908883826879271,3.0372057706909645e-05,-0.0013780043887831935,0.005872540400462269,0.004693275099810404,0.0002714495294306841,0.005584634294795864,0.0013581496750313857,0.015186028853454821,1.5186028853454822e-05,1.5186028853454822e-05,0.001360853315210258,0.015186028853454821,1.5186028853454822e-05,1.5186028853454822e-05,-0.0027388577039934516,0.501138952164009,0.501138952164009
2011-04-26,-0.0026990619851701854,-0.002740823564517186,0.04176157934700076,4.176157934700076e-05,-0.0003655069393946063,-0.002333555045775579,-0.15168579621743689,0.9908883826879271,4.176157934700046e-05,-0.0027408235645171863,0.006092313797487559,0.0019233431517243138,0.0002546371615976863,-0.0025406595647704962,0.00016186549126110558,0.026575550493545937,2.657555049354594e-05,2.657555049354594e-05,-0.00039208248988815227,0.015186028853454821,1.5186028853454822e-05,1.5186028853454822e-05,-0.0023487410746290335,0.501138952164009,0.501138952164009
2011-04-27,-0.0021997709328272492,-0.002245329019387614,0.04555808656036446,4.555808656036447e-05,-0.000417162832001508,-0.0017826081008257412,-0.11472205173361402,0.9908883826879271,4.5558086560364575e-05,-0.002245329019387614,0.00394072286460849,0.0028794564667400367,0.0017921478603464456,9.026752751082106e-05,-0.0012932650840445218,0.02277904328018223,2.2779043280182233e-05,2.2779043280182233e-05,-0.00043994187528169023,0.02277904328018223,2.2779043280182233e-05,2.2779043280182233e-05,-0.0018053871441059235,0.501138952164009,0.501138952164009
2011-04-28,0.004609234103530576,0.004563676016970211,0.04935459377372817,4.935459377372817e-05,-0.0020304892979283156,0.0066397234014588915,0.25247099952327984,0.9908883826879271,4.555808656036501e-05,0.004559879509756848,-0.016556986671784485,-0.007010120534068678,-0.008023587712957223,-0.0044588648006109515,-0.003918048991353356,0.026575550493545937,2.657555049354594e-05,2.2779043280182233e-05,-0.0020532683412084977,0.02277904328018223,2.2779043280182233e-05,2.2779043280182233e-05,0.006616944358178709,0.501138952164009,0.501138952164009
2011-05-02,-0.00025824153641812984,-0.00031139263740522156,0.05694760820045558,5.6947608200455584e-05,0.004465686621526974,-0.004723928157945104,-0.03020435701994488,0.9931662870159453,5.3151100987091715e-05,-0.00031518914461858545,0.009956695163304767,0.008592049945346035,0.009855198484130342,0.010146352806208696,0.008293435598147979,0.026575550493545937,2.657555049354594e-05,2.2779043280182233e-05,0.004442907578246792,0.030372057706909643,3.0372057706909645e-05,3.0372057706909645e-05,-0.004754300215652013,0.501138952164009,0.501138952164009
2011-05-06,0.0022627012269350864,0.002213346633161358,0.04935459377372817,4.935459377372817e-05,-0.0005966362741849076,0.002859337501119994,0.13641788473218727,0.9931662870159453,4.9354593773728254e-05,0.002213346633161358,-0.006820901915817905,-0.0036302507072465615,-0.0011359974595472908,-0.0014481245798107151,-0.0010617785580526505,0.02277904328018223,2.2779043280182233e-05,2.2779043280182233e-05,-0.0006194153174650899,0.026575550493545937,2.657555049354594e-05,2.657555049354594e-05,0.0028327619506264483,0.501138952164009,0.501138952164009
2011-05-09,-0.0025557024366901194,-0.002612650044890575,0.060744115413819286,6.074411541381929e-05,-0.0007164877423446666,-0.0018392146943454527,-0.1593957246388877,0.9931662870159453,5.694760820045561e-05,-0.0026164465521039387,0.004530317030784211,0.002052535654826498,0.0030979649795701554,-0.0024111094486917294,-0.000949816730932748,0.018982536066818528,1.8982536066818528e-05,1.5186028853454822e-05,-0.0007316737711981214,0.04176157934700076,4.176157934700076e-05,4.176157934700076e-05,-0.0018809762736924534,0.501138952164009,0.501138952164009
2011-05-10,0.002473556827208159,0.0024090162045809762,0.0683371298405467,6.83371298405467e-05,-0.0005316922041750424,0.0030052490313832014,0.18759113446278594,0.9908883826879271,6.454062262718297e-05,0.0024052196973676125,-0.00806447566462606,-0.002044845728269726,-0.001252426316583137,-0.0015559278504414418,-0.0008414519195988773,0.030372057706909643,3.0372057706909645e-05,2.657555049354594e-05,-0.0005582677546685883,0.037965072133637055,3.7965072133637056e-05,3.7965072133637056e-05,0.002967283959249564,0.501138952164009,0.501138952164009
2011-05-11,-0.0013800405350774991,-0.0014407846504913184,0.06454062262718299,6.4540622627183e-05,-0.000464067696731797,-0.0009159728383457022,-0.05046148553001223,0.9908883826879271,6.074411541381929e-05,-0.0014445811577046821,0.0014385802013865826,0.002638881093173302,0.0003694708795623855,-0.003172673079420324,0.00018133158201872167,0.02277904328018223,2.2779043280182233e-05,1.8982536066818528e-05,-0.0004830502327986155,0.04176157934700076,4.176157934700076e-05,4.176157934700076e-05,-0.000957734417692703,0.501138952164009,0.501138952164009
2011-05-12,0.0026738824582894557,0.002624527864515728,0.04935459377372817,4.935459377372817e-05,0.00095293171793956,0.001720950740349896,0.12450588963734996,0.9954441913439636,4.935459377372782e-05,0.0026245278645157274,-0.003076024182733766,-0.0041501885665361634,-0.004576644335456019,-0.003677452545053238,0.004744943982616351,0.026575550493545937,2.657555049354594e-05,2.657555049354594e-05,0.000926356167446014,0.02277904328018223,2.2779043280182233e-05,2.2779043280182233e-05,0.0016981716970697136,0.501138952164009,0.501138952164009
2011-05-13,0.00032832396208950815,0.0002979519043825985,0.030372057706909643,3.0372057706909645e-05,0.001292527397133579,-0.0009642034350440707,0.05390602060445605,0.9954441913439636,3.0372057706909645e-05,0.0002979519043825985,0.0026979575028175566,0.00037615737596961905,0.0006839602809636256,0.00020751765729267274,0.003808286660736863,0.011389521640091115,1.1389521640091117e-05,1.1389521640091117e-05,0.001281137875493488,0.018982536066818528,1.8982536066818528e-05,1.8982536066818528e-05,-0.0009831859711108893,0.501138952164009,0.501138952164009
2011-05-16,-0.002373010810531143,-0.0024223654043048714,0.04935459377372817,4.935459377372817e-05,-0.00026038341739772873,-0.0021126273931334144,-0.1841594796286332,0.9954441913439636,4.9354593773728254e-05,-0.0024223654043048714,0.004796870683508329,0.0030532144364229185,0.0020804488480744314,-0.005390987922168789,0.0019381434072743102,0.02277904328018223,2.2779043280182233e-05,2.2779043280182233e-05,-0.00028316246067791096,0.026575550493545937,2.657555049354594e-05,2.657555049354594e-05,-0.00213920294362696,0.501138952164009,0.501138952164009
2011-05-17,-0.002473230118912399,-0.0025149916982593994,0.04176157934700076,4.176157934700076e-05,-0.0003765926723517936,-0.002096637446560605,-0.1905846039165319,0.9954441913439636,4.176157934700046e-05,-0.0025149916982594,0.003574179901663402,0.0054028743654019095,0.003378369141633294,0.0006335171162366525,-0.001460566241515806,0.018982536066818528,1.8982536066818528e-05,1.8982536066818528e-05,-0.00039557520841861213,0.02277904328018223,2.2779043280182233e-05,2.2779043280182233e-05,-0.002119416489840787,0.501138952164009,0.501138952164009
2011-05-18,0.0028202169271267954,0.00276326931892634,0.05694760820045558,5.6947608200455584e-05,0.002025315392280473,0.0007949015348463222,0.20963551515022535,0.9954441913439636,5.694760820045561e-05,0.00276326931892634,-0.0025381173159048052,0.0003176649891159461,0.0016458429649360217,-0.0009415042539983577,0.006607980017271315,0.02277904328018223,2.2779043280182233e-05,2.2779043280182233e-05,0.002002536349000291,0.03416856492027335,3.416856492027335e-05,3.416856492027335e-05,0.0007607329699260488,0.501138952164009,0.501138952164009
2011-05-19,0.0018959143284816198,0.0018465597347078915,0.04935459377372817,4.935459377372817e-05,0.00012067602006056647,0.0017752383084210532,0.14843902106545795,0.9954441913439636,4.9354593773728254e-05,0.0018465597347078915,-0.004691085343287467,-0.0012450513688365519,-0.0012704659052436562,-0.0012069654910338305,0.0009757763826372616,0.026575550493545937,2.657555049354594e-05,2.657555049354594e-05,9.410046956702053e-05,0.02277904328018223,2.2779043280182233e-05,2.2779043280182233e-05,0.001752459265140871,0.501138952164009,0.501138952164009
2011-05-20,0.0042061952444051,0.004153044143418008,0.05315110098709187,5.315110098709188e-05,0.0027839284166594797,0.0014222668277456205,0.25493693361543696,0.9954441913439636,5.31511009870915e-05,0.004153044143418008,-0.004422785815438942,0.0003313652120552378,0.00217974031357617,0.005742777340810842,0.0055241901373842515,0.02277904328018223,2.2779043280182233e-05,2.2779043280182233e-05,0.0027611493733792976,0.030372057706909643,3.0372057706909645e-05,3.0372057706909645e-05,0.0013918947700387108,0.501138952164009,0.501138952164009
2011-05-23,9.591370588252312e-06,-5.305099843224883e-05,0.0683371298405467,6.83371298405467e-05,0.002538897411531747,-0.0025293060409434945,-0.06469772164974841,0.9954441913439636,6.264236902050114e-05,-5.8745759252294385e-05,0.005309403458330965,0.004522538792077081,0.004496682621438711,0.0026179456830551402,0.006377757942351306,0.04176157934700076,4.176157934700076e-05,3.60668185269552e-05,0.0025028305930047917,0.026575550493545937,2.657555049354594e-05,2.657555049354594e-05,-0.0025558815914370403,0.501138952164009,0.501138952164009
2011-05-24,-0.002112724265313775,-0.0021449945766273664,0.037965072133637055,3.7965072133637056e-05,-0.002592898237378027,0.0004801739720642519,-0.13776940068888582,0.9954441913439636,3.227031131359127e-05,-0.0021506893374474124,-0.00011484680936612789,-0.00264480238676147,-0.005798022723027705,-0.003321708275000891,-0.006170278524429115,0.02277904328018223,2.2779043280182233e-05,1.7084282460136675e-05,-0.0026099825198381637,0.015186028853454821,1.5186028853454822e-05,1.5186028853454822e-05,0.0004649879432107971,0.501138952164009,0.501138952164009
2011-05-25,-0.0008006381344034642,-0.0008386032065371013,0.04176157934700076,4.176157934700076e-05,-0.0015464401783423648,0.0007458020439389005,-0.08012676258459012,0.9954441913439636,3.796507213363711e-05,-0.000842399713750465,-0.0020845363454230327,-0.00029556954491544407,-0.0019733748191844507,-0.003921944333194444,-0.0027298464222653878,0.026575550493545937,2.657555049354594e-05,2.2779043280182233e-05,-0.001569219221622547,0.015186028853454821,1.5186028853454822e-05,1.5186028853454822e-05,0.0007306160150854457,0.501138952164009,0.501138952164009
2011-05-26,0.0012639089972699147,0.0012259439251362777,0.04176157934700076,4.176157934700076e-05,0.0011790571639621428,8.485183330777206e-05,0.05522554994834789,0.9931662870159453,3.7965072133637e-05,0.001222147417922914,-5.129011506739821e-05,-0.00040537369925763926,0.0028086845847845416,0.0009492006332929899,0.00312556778049694,0.026575550493545937,2.657555049354594e-05,2.2779043280182233e-05,0.0011562781206819605,0.015186028853454821,1.5186028853454822e-05,1.5186028853454822e-05,6.966580445431724e-05,0.501138952164009,0.501138952164009
2011-05-27,0.0011752300645052939,0.001133468485158293,0.04176157934700076,4.176157934700076e-05,0.002354892416405121,-0.0011796623518998271,0.09577726829487236,0.9931662870159453,4.17615793470009e-05,0.0011334684851582932,0.0025214215254022155,0.002019044755795898,0.006003552369052011,0.0039248847062955654,0.0052044620395826045,0.02277904328018223,2.2779043280182233e-05,2.2779043280182233e-05,0.0023321133731249387,0.018982536066818528,1.8982536066818528e-05,1.8982536066818528e-05,-0.0011986448879666458,0.501138952164009,0.501138952164009
2011-05-30,-0.004256061937212273,-0.0042883322485258646,0.03416856492027335,3.416856492027335e-05,-0.0023379795078601524,-0.001918082429352121,-0.32007960288325177,0.9931662870159453,3.227031131359127e-05,-0.004290230502132546,0.0060913386246695764,-0.000700338342717593,-0.0011379661039813008,-0.004408936241815213,-0.00487396638909658,0.018982536066818528,1.8982536066818528e-05,1.7084282460136675e-05,-0.002355063790320289,0.015186028853454821,1.5186028853454822e-05,1.5186028853454822e-05,-0.0019332684582055756,0.501138952164009,0.501138952164009
2011-05-31,0.0012484647012010737,0.0012199908971008459,0.030372057706909643,3.0372057706909645e-05,-0.002642600231700309,0.0038910649329013825,0.11344815279467943,0.9931662870159453,2.8473804100227805e-05,0.001218092643494164,-0.008708494475886376,-0.005876340669277796,-0.006925338442667985,-0.008405029696094336,-0.003793483655833844,0.02277904328018223,2.2779043280182233e-05,2.088078967350038e-05,-0.002663481021373809,0.007593014426727411,7.593014426727411e-06,7.593014426727411e-06,0.003883471918474655,0.501138952164009,0.501138952164009
2011-06-01,0.002213311134431271,0.0021601600334441792,0.05315110098709187,5.315110098709188e-05,0.005911423969328139,-0.0036981128348968686,0.1794401774526639,0.9954441913439636,5.315110098709193e-05,0.0021601600334441792,0.006840494118408544,0.008457259961179166,0.011167650652830397,0.01090283002315321,0.012383270718417135,0.03416856492027335,3.416856492027335e-05,3.416856492027335e-05,0.005877255404407866,0.018982536066818528,1.8982536066818528e-05,1.8982536066818528e-05,-0.003717095370963687,0.501138952164009,0.501138952164009
2011-06-02,0.0009653173623950718,0.000923555783048071,0.04176157934700076,4.176157934700076e-05,-0.000341542253938764,0.0013068596163338358,0.07394019168821891,0.9954441913439636,4.176157934700079e-05,0.000923555783048071,-0.003943906237976569,6.447559090012836e-05,-0.002110566716974515,-0.0019084044324977451,-6.887855928240983e-05,0.030372057706909643,3.0372057706909645e-05,3.0372057706909645e-05,-0.00037191431164567367,0.011389521640091115,1.1389521640091117e-05,1.1389521640091117e-05,0.0012954700946937448,0.501138952164009,0.501138952164009
2011-06-03,-0.0013802125599645496,-0.0014295671537382776,0.04935459377372817,4.935459377372817e-05,0.00038191434672392476,-0.0017621269066884744,-0.022010181153908206,0.9954441913439636,4.935459377372804e-05,-0.0014295671537382778,0.0026568996046875057,0.00523493322748281,0.004144023746735245,-0.0016178810978841793,0.0019745173245285714,0.026575550493545937,2.657555049354594e-05,2.657555049354594e-05,0.0003553387962303788,0.02277904328018223,2.2779043280182233e-05,2.2779043280182233e-05,-0.0017849059499686567,0.501138952164009,0.501138952164009
2011-06-06,-0.002511218779131656,-0.002554878612085338,0.04555808656036446,4.555808656036447e-05,-0.001148237229049836,-0.0013629815500818196,-0.16985000080182291,0.9908883826879271,4.36598329536823e-05,-0.0025567768656920204,0.003575250881407328,0.0010088014256296914,-0.0015488940637745792,6.742347222578253e-05,-0.0035509140369017252,0.018982536066818528,1.8982536066818528e-05,1.7084282460136675e-05,-0.0011653215115099728,0.026575550493545937,2.657555049354594e-05,2.657555049354594e-05,-0.0013895571005753656,0.501138952164009,0.501138952164009
2011-06-07,-0.002239640338427257,-0.0022776054105608937,0.037965072133637055,3.7965072133637056e-05,-0.001777056059256423,-0.0004625842791708338,-0.11961769083749674,0.9908883826879271,3.7965072133636785e-05,-0.002277605410560894,0.0017526330625235321,-0.0007360684174653001,0.00040283358373609495,0.0005035293643820698,-0.005697442946032114,0.02277904328018223,2.2779043280182233e-05,2.2779043280182233e-05,-0.0017998351025366054,0.015186028853454821,1.5186028853454822e-05,1.5186028853454822e-05,-0.0004777703080242886,0.501138952164009,0.501138952164009
2011-06-08,-0.0021919977046571644,-0.0022584365808910297,0.0683371298405467,6.83371298405467e-05,0.002587776427972533,-0.004779774132629698,-0.18598653353188205,0.9931662870159453,6.643887623386524e-05,-0.002260334834497711,0.010466614618493218,0.007680236820619525,0.008468384524393217,0.006087135071358495,0.004756165149289556,0.037965072133637055,3.7965072133637056e-05,3.60668185269552e-05,0.0025517096094455774,0.030372057706909643,3.0372057706909645e-05,3.0372057706909645e-05,-0.004810146190336607,0.501138952164009,0.501138952164009
2011-06-09,0.001563522186441814,0.0015407431431616317,0.026575550493545937,2.657555049354594e-05,-0.002423073287722226,0.0039865954741640395,0.1433255809472482,0.9954441913439636,2.2779043280182288e-05,0.001536946635948268,-0.009327204691597079,-0.005210800796233296,-0.006722771318049532,-0.005272793560720261,-0.004723657992027242,0.018982536066818528,1.8982536066818528e-05,1.5186028853454822e-05,-0.0024382593165756805,0.007593014426727411,7.593014426727411e-06,7.593014426727411e-06,0.003979002459737312,0.501138952164009,0.501138952164009
2011-06-10,0.0006019235834904627,0.0005620602577501439,0.04555808656036446,4.555808656036447e-05,0.002086543372247785,-0.0014846197887573222,0.011110958282326727,0.9931662870159453,3.986332574031884e-05,0.0005563654969300983,0.0022144454790328214,0.004458582959177054,0.005800382917421301,0.006131052173540253,0.003251663847138685,0.030372057706909643,3.0372057706909645e-05,2.4677296886864086e-05,0.002061866075360921,0.015186028853454821,1.5186028853454822e-05,1.5186028853454822e-05,-0.0014998058176107771,0.501138952164009,0.501138952164009
2011-06-13,0.002656727216982691,0.0026263551592757813,0.030372057706909643,3.0372057706909645e-05,0.0024748433914076476,0.00018188382557504334,-0.03624986154918678,0.9931662870159453,3.037205770690986e-05,0.0026263551592757813,0.0004261411283124098,-0.0019411049760899657,0.0011338795807402657,0.006473917429865461,0.004255843001122148,0.018982536066818528,1.8982536066818528e-05,1.8982536066818528e-05,0.0024558608553408292,0.011389521640091115,1.1389521640091117e-05,1.1389521640091117e-05,0.00017049430393495222,0.501138952164009,0.501138952164009
2011-06-14,0.0014806035871323016,0.0014008769356516637,0.07972665148063782,7.972665148063782e-05,-0.0013264025342349438,0.0028070061213672456,0.11502501000083688,0.9954441913439636,7.97266514806379e-05,0.0014008769356516637,-0.005479035782237147,-0.005845687807528718,-0.00418444555553428,-0.003854214441717392,-0.0020665401388726317,0.037965072133637055,3.7965072133637056e-05,3.7965072133637056e-05,-0.0013643676063685808,0.04176157934700076,4.176157934700076e-05,4.176157934700076e-05,0.0027652445420202447,0.501138952164009,0.501138952164009
2011-06-15,0.0017285458947158307,0.0016753947937287387,0.05315110098709187,5.315110098709188e-05,0.0036933731553167475,-0.001964827260600917,0.13477418239743427,0.9954441913439636,5.315110098709193e-05,0.0016753947937287387,0.0033250122658605675,0.005112145932876171,0.004387400004250762,0.005673296681259468,0.008312752127988675,0.02277904328018223,2.2779043280182233e-05,2.2779043280182233e-05,0.0036705941120365655,0.030372057706909643,3.0372057706909645e-05,3.0372057706909645e-05,-0.0019951993183078267,0.501138952164009,0.501138952164009
2011-06-16,0.0001541685970607524,5.166290229993238e-05,0.10250569476082004,0.00010250569476082005,-0.00019632012882076072,0.0003504887258815132,-0.022379008467760326,0.9931662870159453,0.00010250569476082001,5.166290229993234e-05,-0.0002475209501887503,-0.0016031110631950125,0.002541414146688735,0.003052366734508001,-0.00212055948140789,0.037965072133637055,3.7965072133637056e-05,3.7965072133637056e-05,-0.00023428520095439777,0.06454062262718299,6.4540622627183e-05,6.4540622627183e-05,0.00028594810325433017,0.501138952164009,0.501138952164009
2011-06-17,0.0038544269824750785,0.0037671073165677135,0.08731966590736523,8.731966590736523e-05,0.0028518850978361565,0.0010025418846389223,0.23017438649096505,0.9931662870159453,8.731966590736504e-05,0.0037671073165677135,-0.0030317975037905125,6.201472544711338e-05,0.0008175326828502179,0.0057801470848509165,0.005744254443437112,0.037965072133637055,3.7965072133637056e-05,3.7965072133637056e-05,0.0028139200257025192,0.04935459377372817,4.935459377372817e-05,4.935459377372817e-05,0.0009531872908651941,0.501138952164009,0.501138952164009
2011-06-20,-0.0006235477423730688,-0.0007146639154937978,0.09111617312072892,9.111617312072893e-05,3.795107635235917e-05,-0.000661498818725428,-0.021764725675103222,0.9954441913439636,9.111617312072893e-05,-0.0007146639154937978,0.0012608866145159905,0.0014381992448834222,-0.0002991733859534022,0.0006930725654065166,-0.00023561930306523372,0.04935459377372817,4.935459377372817e-05,4.935459377372817e-05,-1.1403517421369001e-05,0.04176157934700076,4.176157934700076e-05,4.176157934700076e-05,-0.0007032603980724288,0.501138952164009,0.501138952164009
2011-06-21,-0.0001449926435556177,-0.00019055073011598216,0.04555808656036446,4.555808656036447e-05,-0.00213737841490975,0.001992385771354132,-0.007454110466181354,0.9954441913439636,4.555808656036447e-05,-0.00019055073011598216,-0.0031158624366719474,-0.005695420857898797,-0.0034443243673553652,-0.006001298943503852,-0.003435957712334008,0.02277904328018223,2.2779043280182233e-05,2.2779043280182233e-05,-0.002160157458189932,0.02277904328018223,2.2779043280182233e-05,2.2779043280182233e-05,0.00196960672807395,0.501138952164009,0.501138952164009
2011-06-22,0.0025400109840270704,0.0024906563902533426,0.04935459377372817,4.935459377372817e-05,0.003126481556377993,-0.0005864705723509226,0.16608741035984353,0.9908883826879271,4.935459377372782e-05,0.002490656390253342,-0.0003973088326590418,0.004305443773437016,0.003378768054923306,0.005280123071641936,0.006825630900385508,0.02277904328018223,2.2779043280182233e-05,2.2779043280182233e-05,0.003103702513097811,0.026575550493545937,2.657555049354594e-05,2.657555049354594e-05,-0.0006130461228444686,0.501138952164009,0.501138952164009
2011-06-23,0.0013036556685087012,0.001231522031454791,0.0721336370539104,7.21336370539104e-05,-0.0008037644430042699,0.002107420111512971,0.0685905556924324,0.9908883826879271,7.213363705391032e-05,0.001231522031454791,-0.004680505196927442,-0.0032547727282477663,-0.006447047793292943,-0.002287719006211792,-0.0012896066381277212,0.037965072133637055,3.7965072133637056e-05,3.7965072133637056e-05,-0.000841729515137907,0.03416856492027335,3.416856492027335e-05,3.416856492027335e-05,0.0020732515465926977,0.501138952164009,0.501138952164009
2011-06-24,-8.734721723024502e-05,-0.0001348035573972913,0.04935459377372817,4.935459377372817e-05,0.0018644507074144598,-0.0019517979246447047,-0.0453160189581694,0.9931662870159453,4.7456340167046265e-05,-0.0001367018110039732,0.0039270139536777965,0.00383014421426748,0.0031059710026316556,0.002649802909098671,0.00430465503830606,0.030372057706909643,3.0372057706909645e-05,2.8473804100227792e-05,0.001835976903314232,0.018982536066818528,1.8982536066818528e-05,1.8982536066818528e-05,-0.0019707804607115233,0.501138952164009,0.501138952164009
2011-06-27,0.0011882352351688362,0.0011293893733616987,0.060744115413819286,6.074411541381929e-05,0.0017850613033731887,-0.0005968260682043525,0.08419677172519487,0.9931662870159453,5.884586180713745e-05,0.0011274911197550169,0.00014987247530982048,0.003273072921312778,0.0020945226862499338,0.002960119243035125,0.003924367359039884,0.03416856492027335,3.416856492027335e-05,3.22703113135915e-05,0.0017527909920595972,0.026575550493545937,2.657555049354594e-05,2.657555049354594e-05,-0.0006234016186978985,0.501138952164009,0.501138952164009
2011-06-28,0.00044117168648230863,0.0003652415422150345,0.07593014426727411,7.593014426727411e-05,-0.0017207758822169101,0.002161947568699219,0.027386763349571453,0.9954441913439636,7.593014426727411e-05,0.0003652415422150345,-0.005440349240629528,-0.0020615058277267196,-0.002911423816030628,-0.0025111354024027898,-0.003939797812301279,0.037965072133637055,3.7965072133637056e-05,3.7965072133637056e-05,-0.0017587409543505471,0.037965072133637055,3.7965072133637056e-05,3.7965072133637056e-05,0.0021239824965655816,0.501138952164009,0.501138952164009
2011-06-29,0.0028819795927807865,0.0028269302381870127,0.05694760820045558,5.6947608200455584e-05,0.0017137178595910054,0.0011682617331897809,0.20151032048979511,0.9954441913439636,5.504935459377377e-05,0.002825031984580331,-0.0016782407243146683,-0.003637158108693125,0.0013668230187361596,0.0005914690985532479,0.004837095209422779,0.03416856492027335,3.416856492027335e-05,3.22703113135915e-05,0.001681447548277414,0.02277904328018223,2.2779043280182233e-05,2.2779043280182233e-05,0.0011454826899095986,0.501138952164009,0.501138952164009
2011-06-30,-0.0009299536897556397,-0.0009850030443494134,0.05694760820045558,5.6947608200455584e-05,9.03233428246599e-06,-0.0009389860240381057,-0.11492852457243727,0.9954441913439636,5.504935459377366e-05,-0.0009869012979560952,0.0024933998537647155,0.0006343120818259566,-0.0016877901837936053,-0.0005153101167108057,0.0002879627814399656,0.02277904328018223,2.2779043280182233e-05,2.088078967350038e-05,-1.184845539103439e-05,0.03416856492027335,3.416856492027335e-05,3.416856492027335e-05,-0.000973154588958379,0.501138952164009,0.501138952164009
2011-07-01,0.0019414240667819528,0.0018844764585814972,0.05694760820045558,5.6947608200455584e-05,-0.003072101089995736,0.0050135251567776885,0.0914226035881076,0.9954441913439636,5.694760820045561e-05,0.0018844764585814972,-0.01026177063101765,-0.009489243426492953,-0.009622027938323228,-0.006511590730711872,-0.00600783258567304,0.030372057706909643,3.0372057706909645e-05,3.0372057706909645e-05,-0.003102473147702646,0.026575550493545937,2.657555049354594e-05,2.657555049354594e-05,0.004986949606284143,0.501138952164009,0.501138952164009
2011-07-04,-0.001302942910944569,-0.0013617887727517064,0.060744115413819286,6.074411541381929e-05,0.003660278645836399,-0.004963221556780968,-0.09973357943108971,0.9954441913439636,5.884586180713745e-05,-0.0013636870263583883,0.010202715498894625,0.009306218048940456,0.008343009985887943,0.0079427471791098,0.007029635147977628,0.037965072133637055,3.7965072133637056e-05,3.60668185269552e-05,0.0036242118273094436,0.02277904328018223,2.2779043280182233e-05,2.2779043280182233e-05,-0.00498600060006115,0.501138952164009,0.501138952164009
2011-07-05,-0.00015869444578361206,-0.00021374380037738586,0.05694760820045558,5.6947608200455584e-05,0.0017518614987883528,-0.001910555944571965,-0.009890691068612787,0.9954441913439636,5.50493545937738e-05,-0.00021564205398406764,0.004102145477975996,0.003232991675871998,0.003842110499213373,0.003656583045419204,0.003454605342326519,0.02277904328018223,2.2779043280182233e-05,2.088078967350038e-05,0.0017309807091148524,0.03416856492027335,3.416856492027335e-05,3.416856492027335e-05,-0.0019447245094922382,0.501138952164009,0.501138952164009
2011-07-06,-0.0010053843585958386,-0.00106802672761634,0.06454062262718299,6.4540622627183e-05,0.0036524582821347174,-0.004657842640730556,-0.08143154466700162,0.9954441913439636,6.264236902050135e-05,-0.0010699249812230215,0.009699619689807037,0.0084843004287593,0.005328765905306867,0.006129080775210932,0.007902755656734194,0.04176157934700076,4.176157934700076e-05,3.986332574031891e-05,0.0036125949563943984,0.02277904328018223,2.2779043280182233e-05,2.2779043280182233e-05,-0.004680621684010738,0.501138952164009,0.501138952164009
2011-07-07,0.002143904544610968,0.0020869569364105126,0.05694760820045558,5.6947608200455584e-05,-0.0018438327040199575,0.003987737248630926,0.11764636523142555,0.9954441913439636,5.694760820045561e-05,0.0020869569364105126,-0.008443126486897767,-0.0069857922827814166,-0.005365335804854522,-0.005535507670534581,-0.002782624438302301,0.03416856492027335,3.416856492027335e-05,3.416856492027335e-05,-0.0018780012689402308,0.02277904328018223,2.2779043280182233e-05,2.2779043280182233e-05,0.0039649582053507436,0.501138952164009,0.501138952164009
2011-07-08,0.0005462249410643038,0.0004892773328638482,0.05694760820045558,5.6947608200455584e-05,0.00040952970143272923,0.0001366952396315745,0.11913692849638892,0.9954441913439636,5.694760820045561e-05,0.0004892773328638482,0.0011585831935742726,-0.003135473798943017,0.00173361817718318,0.0008176336132472843,0.0008216256952400459,0.030372057706909643,3.0372057706909645e-05,3.0372057706909645e-05,0.0003791576437258196,0.026575550493545937,2.657555049354594e-05,2.657555049354594e-05,0.00011011968913802856,0.501138952164009,0.501138952164009
2011-07-11,0.0010209747530045036,0.0009754166664441391,0.04555808656036446,4.555808656036447e-05,0.003959946019146104,-0.0029389712661416004,0.08025358843831361,0.9954441913439636,4.555808656036447e-05,0.0009754166664441391,0.005650959227794032,0.006291832260359607,0.010671414110206993,0.00958961713159681,0.007112516320666166,0.018982536066818528,1.8982536066818528e-05,1.8982536066818528e-05,0.003940963483079285,0.026575550493545937,2.657555049354594e-05,2.657555049354594e-05,-0.002965546816635146,0.501138952164009,0.501138952164009
2011-07-12,-0.00019748701492556392,-0.00023924859427256457,0.04176157934700076,4.176157934700076e-05,0.00019685941998085364,-0.0003943464349064175,-0.0013356976816751595,0.9954441913439636,4.176157934700065e-05,-0.00023924859427256468,0.001422593169189,-0.0004844851803245827,0.0031024867062219427,-0.0006062694555570971,0.000888926051587393,0.018982536066818528,1.8982536066818528e-05,1.8982536066818528e-05,0.0001778768839140351,0.02277904328018223,2.2779043280182233e-05,2.2779043280182233e-05,-0.0004171254781865997,0.501138952164009,0.501138952164009
2011-07-13,-0.0012386439074077958,-0.0012842019939681602,0.04935459377372817,4.935459377372817e-05,0.0002665137607907585,-0.0015051576681985542,-0.10490022313872994,0.9954441913439636,4.555808656036436e-05,-0.001287998501181524,0.00240269558367282,0.004205029964552069,0.002468628754837838,0.0008748527876834593,0.0003694669922764978,0.026575550493545937,2.657555049354594e-05,2.2779043280182233e-05,0.00024373471751057624,0.02277904328018223,2.2779043280182233e-05,2.2779043280182233e-05,-0.0015279367114787365,0.501138952164009,0.501138952164009
2011-07-14,-0.0003069727634880098,-0.0003601238644751017,0.05694760820045558,5.6947608200455584e-05,-0.0007664410344506793,0.0004594682709626694,-0.049745499910991836,0.9954441913439636,5.315110098709188e-05,-0.0003639203716884654,-0.0010072068593601686,-0.0007361304306334608,-0.0008823637322168524,-0.0035944925212019335,-0.0005172743613866456,0.026575550493545937,2.657555049354594e-05,2.2779043280182233e-05,-0.0007892200777308614,0.030372057706909643,3.0372057706909645e-05,3.0372057706909645e-05,0.00042909621325575974,0.501138952164009,0.501138952164009
2011-07-15,-0.0021187268462848287,-0.0021756744544852843,0.060744115413819286,6.074411541381929e-05,0.0035154304651071615,-0.00563415731139199,-0.1509157200501897,0.9954441913439636,5.694760820045561e-05,-0.002179470961698648,0.011899471359518488,0.009929171731432348,0.008157595444269623,0.008008674320248007,0.006638931627338369,0.030372057706909643,3.0372057706909645e-05,2.657555049354594e-05,0.0034888549146136157,0.030372057706909643,3.0372057706909645e-05,3.0372057706909645e-05,-0.0056645293690989,0.501138952164009,0.501138952164009
2011-07-19,-0.00042211161649303395,-0.0004790592246934895,0.060744115413819286,6.074411541381929e-05,-0.0027308303461008186,0.0023087187296077847,-0.03577538767442509,0.9954441913439636,5.6947608200455556e-05,-0.00048285573190685324,-0.004369636975244625,-0.005081555899026444,-0.005050035054634065,-0.004771380703922245,-0.005815291506162932,0.03416856492027335,3.416856492027335e-05,3.0372057706909645e-05,-0.0027612024038077285,0.026575550493545937,2.657555049354594e-05,2.657555049354594e-05,0.002282143179114239,0.501138952164009,0.501138952164009
2011-07-20,-0.001917137911833651,-0.001962695998394016,0.04935459377372817,4.935459377372817e-05,-0.0004164873396906231,-0.0015006505721430281,-0.11855197659962344,0.9954441913439636,4.555808656036479e-05,-0.001966492505607379,0.003971439806350325,0.0010405604032646587,-0.00027249336095632603,0.00039853363438143835,-0.0014602181421850885,0.026575550493545937,2.657555049354594e-05,2.2779043280182233e-05,-0.00043926638297080536,0.02277904328018223,2.2779043280182233e-05,2.2779043280182233e-05,-0.0015234296154232104,0.501138952164009,0.501138952164009
2011-07-21,0.0020635901612803733,0.002044607625213555,0.02277904328018223,2.2779043280182233e-05,-0.00035447326371957147,0.0024180634249999448,0.09299225326979195,0.9954441913439636,1.8982536066818392e-05,0.0020408111180001912,-0.004964176428611851,-0.004547054100616878,-0.005412084150482358,-0.002804983806554401,0.00032555156728842407,0.015186028853454821,1.5186028853454822e-05,1.1389521640091117e-05,-0.0003658627853596626,0.007593014426727411,7.593014426727411e-06,7.593014426727411e-06,0.0024104704105732174,0.501138952164009,0.501138952164009
2011-07-22,-0.0005036982895421404,-0.0005568493905292323,0.05694760820045558,5.6947608200455584e-05,0.0014749619945799266,-0.001978660284122067,-0.017897975071386275,0.9954441913439636,5.315110098709193e-05,-0.000560645897742596,0.004508484649277986,0.002828010675029312,0.00382885234125161,0.0027201656691563636,0.0031054917559086305,0.037965072133637055,3.7965072133637056e-05,3.416856492027335e-05,0.0014407934296596532,0.018982536066818528,1.8982536066818528e-05,1.8982536066818528e-05,-0.0019976428201888856,0.501138952164009,0.501138952164009
2011-07-25,0.0012506712752109264,0.001205113188650562,0.04935459377372817,4.935459377372817e-05,-0.0010837095733013742,0.0023343808485123004,0.06389079723778864,0.9931662870159453,4.555808656036436e-05,0.0012013166814371981,-0.004946958979734597,-0.004080534665488533,-0.004160659676893362,-0.003487279505079967,-0.0015397282146493566,0.026575550493545937,2.657555049354594e-05,2.2779043280182233e-05,-0.0011064886165815565,0.02277904328018223,2.2779043280182233e-05,2.2779043280182233e-05,0.0023116018052321183,0.501138952164009,0.501138952164009
2011-07-26,0.0005414262376432639,0.000488275136656172,0.05315110098709187,5.315110098709188e-05,-0.00025813560392615577,0.0007995618415694197,0.013640789455586066,0.9931662870159453,5.315110098709193e-05,0.00048827513665617204,-0.001346667510859676,-0.0020931329116757645,0.0005021713914267763,-0.0008026761451683405,-0.00038043004354444075,0.026575550493545937,2.657555049354594e-05,2.657555049354594e-05,-0.00028471115441970174,0.026575550493545937,2.657555049354594e-05,2.657555049354594e-05,0.0007729862910758737,0.501138952164009,0.501138952164009
2011-07-27,-0.0005999021846597926,-0.0006492567784335207,0.05315110098709187,5.315110098709188e-05,0.001165854729863958,-0.0017657569145237504,0.002336500336908135,0.9954441913439636,4.9354593773728145e-05,-0.0006530532856468844,0.003905494128925012,0.0027594747259126096,0.005931766050068183,0.0033256314449784043,0.0018669099768920225,0.02277904328018223,2.2779043280182233e-05,1.8982536066818528e-05,0.0011468721937971393,0.030372057706909643,3.0372057706909645e-05,3.0372057706909645e-05,-0.00179612897223066,0.501138952164009,0.501138952164009
2011-07-28,-0.003012566908276871,-0.003054328487623872,0.04176157934700076,4.176157934700076e-05,-0.0009147689540051067,-0.0020977979542717642,-0.15200164844851144,0.9954441913439636,4.17615793470009e-05,-0.003054328487623872,0.005023115143622043,0.0025119511026464305,0.003306923265628256,-0.0006180606384790575,-0.002460511548403518,0.018982536066818528,1.8982536066818528e-05,1.8982536066818528e-05,-0.0009337514900719252,0.02277904328018223,2.2779043280182233e-05,2.2779043280182233e-05,-0.0021205769975519463,0.501138952164009,0.501138952164009
2011-07-29,0.001685813723286453,0.001647848651152816,0.037965072133637055,3.7965072133637056e-05,-0.00020054571166589922,0.0018863594349523523,0.11524342215048992,0.9977220956719818,3.7965072133637e-05,0.001647848651152816,-0.0037554138955299384,-0.0037816057354503416,-0.002771067985518448,-0.00319083027255348,0.0010065838107994858,0.02277904328018223,2.2779043280182233e-05,2.2779043280182233e-05,-0.00022332475494608146,0.015186028853454821,1.5186028853454822e-05,1.5186028853454822e-05,0.0018711734060988974,0.501138952164009,0.501138952164009
2011-08-01,-0.0015666240192202707,-0.00162736813463409,0.060744115413819286,6.074411541381929e-05,-0.0034063497935159456,0.0018397257742956748,-0.06367571256718982,0.9977220956719818,6.074411541381929e-05,-0.00162736813463409,-0.004297794962697844,-0.002417677550728874,-0.0027878435636044547,-0.006680002771063767,-0.0069346254446585555,0.030372057706909643,3.0372057706909645e-05,3.0372057706909645e-05,-0.0034367218512228554,0.030372057706909643,3.0372057706909645e-05,3.0372057706909645e-05,0.0018093537165887652,0.501138952164009,0.501138952164009
2011-08-02,0.001308917891961832,0.0012519702837613764,0.05694760820045558,5.6947608200455584e-05,0.00525089916649825,-0.003941981274536418,0.03858984576357708,0.9977220956719818,5.694760820045561e-05,0.0012519702837613764,0.007463776311937028,0.008670580733237133,0.010793500481990619,0.010369390249542395,0.010653260568687054,0.02277904328018223,2.2779043280182233e-05,2.2779043280182233e-05,0.005228120123218068,0.03416856492027335,3.416856492027335e-05,3.416856492027335e-05,-0.003976149839456691,0.501138952164009,0.501138952164009
2011-08-03,0.002573041808982196,0.002523687215208468,0.05315110098709187,5.315110098709188e-05,-0.007620445908862667,0.010193487717844864,0.14431742451500904,0.9977220956719818,4.9354593773728254e-05,0.0025198907079951043,-0.02173489453792494,-0.017552135125975966,-0.01811397897796597,-0.018556353013397833,-0.013531203634146843,0.026575550493545937,2.657555049354594e-05,2.2779043280182233e-05,-0.0076432249521428495,0.026575550493545937,2.657555049354594e-05,2.657555049354594e-05,0.010166912167351319,0.501138952164009,0.501138952164009
2011-08-04,0.002179364297034744,0.0021224166888342885,0.060744115413819286,6.074411541381929e-05,0.008395554939905256,-0.006216190642870511,0.12640266130859432,0.9977220956719818,5.694760820045561e-05,0.0021186201816209248,0.012013817285582838,0.013184743050018245,0.019082606741791786,0.020017394969199385,0.01529452635087668,0.030372057706909643,3.0372057706909645e-05,2.657555049354594e-05,0.00836897938941171,0.030372057706909643,3.0372057706909645e-05,3.0372057706909645e-05,-0.0062465627005774205,0.501138952164009,0.501138952164009
2011-08-05,0.0005594029121034892,0.0004872692750495788,0.07593014426727411,7.593014426727411e-05,-0.0041068544747889955,0.004666257386892485,0.061676360785599585,0.9977220956719818,7.213363705391038e-05,0.00048347276783621506,-0.011123243474628704,-0.0056874265895489684,-0.008116318105755709,-0.004993482566696731,-0.009795820860508696,0.037965072133637055,3.7965072133637056e-05,3.416856492027335e-05,-0.004141023039709269,0.037965072133637055,3.7965072133637056e-05,3.7965072133637056e-05,0.004628292314758848,0.501138952164009,0.501138952164009
2011-08-08,0.0037008304258226775,0.003640086310408858,0.060744115413819286,6.074411541381929e-05,0.015121323185424482,-0.011420492759601804,0.1487774070963707,0.9977220956719818,6.074411541381929e-05,0.003640086310408858,0.0245627354165849,0.019241751732264643,0.027244930875223672,0.0240656275358778,0.033228055857524835,0.026575550493545937,2.657555049354594e-05,2.657555049354594e-05,0.015094747634930936,0.03416856492027335,3.416856492027335e-05,3.416856492027335e-05,-0.011454661324522077,0.501138952164009,0.501138952164009
2011-08-09,-0.0007977879660828683,-0.0008585320814966877,0.06454062262718299,6.4540622627183e-05,-0.006311310548939366,0.005513522582856497,-0.03321244633614859,0.9977220956719818,6.07441154138194e-05,-0.0008623285887100513,-0.012056647764983499,-0.008892655568314855,-0.008347433597985354,-0.010754065171604087,-0.013669199207356887,0.03416856492027335,3.416856492027335e-05,3.0372057706909645e-05,-0.006341682606646275,0.030372057706909643,3.0372057706909645e-05,3.0372057706909645e-05,0.005483150525149588,0.501138952164009,0.501138952164009
2011-08-10,-0.0003305274494744558,-0.0004102541009550936,0.08352315869400152,8.352315869400152e-05,0.00736392040683967,-0.007694447856314126,-0.056152723056431916,0.9977220956719818,7.972665148063779e-05,-0.00041405060816845733,0.01506574333219477,0.01593027618454548,0.018690452647287276,0.013189682622177496,0.01544671136120181,0.037965072133637055,3.7965072133637056e-05,3.416856492027335e-05,0.007329751841919397,0.04555808656036446,4.555808656036447e-05,4.555808656036447e-05,-0.00774000594287449,0.501138952164009,0.501138952164009
2011-08-11,-9.710042925221666e-05,-0.0001654375590927634,0.0683371298405467,6.83371298405467e-05,0.0021432254336061986,-0.002240325862858415,0.0018701793754153564,0.9977220956719818,6.833712984054674e-05,-0.00016543755909276335,0.004157228883124442,0.0050969475127717176,0.004985010985029199,0.002793510885703303,0.005018307957283265,0.030372057706909643,3.0372057706909645e-05,3.0372057706909645e-05,0.0021128533758992887,0.037965072133637055,3.7965072133637056e-05,3.7965072133637056e-05,-0.002278290934992052,0.501138952164009,0.501138952164009
2011-08-12,-0.002721650320691149,-0.0028165630010252417,0.09491268033409263,9.491268033409264e-05,-0.0048915803549337365,0.002169930034242587,-0.14903089634010802,0.9977220956719818,9.491268033409283e-05,-0.0028165630010252417,-0.0035217051096453522,-0.005946580031152418,-0.006897926190718397,-0.008142350561874345,-0.01057021409962585,0.04555808656036446,4.555808656036447e-05,4.555808656036447e-05,-0.004937138441494101,0.04935459377372817,4.935459377372817e-05,4.935459377372817e-05,0.002120575440468859,0.501138952164009,0.501138952164009
2011-08-15,0.0018423673020606937,0.001747454621726601,0.09491268033409263,9.491268033409264e-05,7.808938036597264e-05,0.001764277921694721,0.12825206170656528,0.9977220956719818,9.491268033409261e-05,0.001747454621726601,-0.004407279277777572,-0.0017470506393173462,-0.003081295760065717,-0.0001637049094157166,0.00031558816821237177,0.037965072133637055,3.7965072133637056e-05,3.7965072133637056e-05,4.012430823233558e-05,0.05694760820045558,5.6947608200455584e-05,5.6947608200455584e-05,0.0017073303134942654,0.501138952164009,0.501138952164009
2011-08-16,-0.0024420128939568147,-0.0025065535165839977,0.06454062262718299,6.4540622627183e-05,0.00015412683180003383,-0.002596139725756848,-0.13742323113956126,0.9977220956719818,6.454062262718297e-05,-0.0025065535165839977,0.007468598810561242,0.0006042388280673765,0.0036030717029254746,0.002098423561046486,-0.0005878821498854146,0.018982536066818528,1.8982536066818528e-05,1.8982536066818528e-05,0.0001351442957332153,0.04555808656036446,4.555808656036447e-05,4.555808656036447e-05,-0.0026416978123172128,0.501138952164009,0.501138952164009
2011-08-17,-0.004040024903499977,-0.004096972511700432,0.060744115413819286,6.074411541381929e-05,-0.005298481567914063,0.0012584566644140865,-0.188596782800205,0.9977220956719818,5.694760820045518e-05,-0.0041007690189137965,-0.0005136262141195689,-0.006506326785548826,-0.008942901416527295,-0.005516370927830732,-0.013251720967402436,0.02277904328018223,2.2779043280182233e-05,1.8982536066818528e-05,-0.005317464103980881,0.037965072133637055,3.7965072133637056e-05,3.7965072133637056e-05,0.0012204915922804495,0.501138952164009,0.501138952164009
2011-08-18,-0.0019367604965559832,-0.00200509762639653,0.0721336370539104,7.21336370539104e-05,0.0037528401418359995,-0.005689600638391983,-0.094992416387287,0.9977220956719818,6.833712984054686e-05,-0.0020088941336098938,0.011726420782248226,0.010607176802604644,0.010315696870536227,0.009701684913044881,0.006382090422563949,0.037965072133637055,3.7965072133637056e-05,3.416856492027335e-05,0.003718671576915726,0.03416856492027335,3.416856492027335e-05,3.416856492027335e-05,-0.005723769203312256,0.501138952164009,0.501138952164009
2011-08-19,-0.001358992039594172,-0.001412143140581264,0.05315110098709187,5.315110098709188e-05,0.0007169806090477313,-0.0020759726486419034,-0.10382769472097582,0.9977220956719818,5.315110098709193e-05,-0.001412143140581264,0.004984164326487327,0.0024591985209407407,0.002588542492711883,0.0017286043471046208,0.0012817511494382856,0.030372057706909643,3.0372057706909645e-05,3.0372057706909645e-05,0.0006866085513408216,0.02277904328018223,2.2779043280182233e-05,2.2779043280182233e-05,-0.0020987516919220854,0.501138952164009,0.501138952164009
2011-08-22,0.0014580129289381153,0.0014048618279510234,0.05315110098709187,5.315110098709188e-05,0.0021089001874560415,-0.0006508872585179259,0.0684778699248865,0.9977220956719818,5.315110098709193e-05,0.0014048618279510234,-0.00037907275022288007,0.00465459331620989,0.004558396056225992,0.002377950553990759,0.0051233464204582715,0.026575550493545937,2.657555049354594e-05,2.657555049354594e-05,0.0020823246369624957,0.026575550493545937,2.657555049354594e-05,2.657555049354594e-05,-0.0006774628090114718,0.501138952164009,0.501138952164009
2011-08-23,-0.0008235589428437441,-0.0008653205221907449,0.04176157934700076,4.176157934700076e-05,0.001334660902891125,-0.002158219845734869,-0.06626230252920143,0.9977220956719818,4.176157934700079e-05,-0.0008653205221907449,0.003935129049557722,0.0050496307046701125,0.003995854414610854,0.00661606190076662,0.0006868517975885355,0.018982536066818528,1.8982536066818528e-05,1.8982536066818528e-05,0.0013156783668243064,0.02277904328018223,2.2779043280182233e-05,2.2779043280182233e-05,-0.002180998889015051,0.501138952164009,0.501138952164009
2011-08-24,0.005223387070284896,0.005170235969297805,0.05315110098709187,5.315110098709188e-05,-0.0013168297348065425,0.0065402168050914394,0.2974576314150719,0.9977220956719818,5.31511009870915e-05,0.005170235969297805,-0.015815854689678433,-0.007520406676576886,-0.006426637873113686,-0.004281380238147888,-0.0018008207007901842,0.026575550493545937,2.657555049354594e-05,2.657555049354594e-05,-0.0013434052853000884,0.026575550493545937,2.657555049354594e-05,2.657555049354594e-05,0.006513641254597894,0.501138952164009,0.501138952164009
2011-08-25,0.0038830738013820223,0.0038261261931815667,0.05694760820045558,5.6947608200455584e-05,0.004819644272517941,-0.0009365704711359191,0.20017003058794008,0.9977220956719818,5.694760820045561e-05,0.0038261261931815667,0.002643257183134458,0.00032013704503110825,0.0021549997596127177,0.003023565577473374,0.012914288817868151,0.026575550493545937,2.657555049354594e-05,2.657555049354594e-05,0.004793068722024395,0.030372057706909643,3.0372057706909645e-05,3.0372057706909645e-05,-0.0009669425288428287,0.501138952164009,0.501138952164009
2011-08-26,0.003726286815569804,0.0036921182506495305,0.03416856492027335,3.416856492027335e-05,0.0032722211585726416,0.0004540656569971625,0.23229947090725372,0.9977220956719818,3.416856492027354e-05,0.0036921182506495305,-0.0029469467445313448,0.0031756913514933123,0.0040246843749552836,0.0034586242333531536,0.008065040760232898,0.015186028853454821,1.5186028853454822e-05,1.5186028853454822e-05,0.003257035129719187,0.018982536066818528,1.8982536066818528e-05,1.8982536066818528e-05,0.0004350831209303439,0.501138952164009,0.501138952164009
2011-08-29,-8.889475505025114e-05,-0.0001192668127571607,0.030372057706909643,3.0372057706909645e-05,-0.0021673260547315633,0.0020784312996813123,0.02226328192595272,0.9977220956719818,3.0372057706909563e-05,-0.00011926681275716079,-0.004420387081531219,-0.0036014713900297825,-0.0017155634195219344,-0.004981116114593305,-0.003996642883797596,0.007593014426727411,7.593014426727411e-06,7.593014426727411e-06,-0.0021749190691582906,0.02277904328018223,2.2779043280182233e-05,2.2779043280182233e-05,0.00205565225640113,0.501138952164009,0.501138952164009
2011-08-30,-0.003776803226708246,-0.0038147682988418827,0.037965072133637055,3.7965072133637056e-05,-0.0012776323212709809,-0.002499170905437265,-0.24529625716348108,0.9977220956719818,3.7965072133636785e-05,-0.003814768298841883,0.004928750998623528,0.005103443832120571,0.004685551853187651,0.0007568401432668043,-0.004202605905983133,0.018982536066818528,1.8982536066818528e-05,1.8982536066818528e-05,-0.0012966148573377995,0.018982536066818528,1.8982536066818528e-05,1.8982536066818528e-05,-0.0025181534415040833,0.501138952164009,0.501138952164009
2011-08-31,0.0013889334828189664,0.0013433753962586018,0.04555808656036446,4.555808656036447e-05,-0.003816032265852522,0.005204965748671488,0.09259690733125882,0.9977220956719818,4.5558086560364575e-05,0.0013433753962586018,-0.011750648738939069,-0.007657520208487089,-0.010368267906283847,-0.007776826558824465,-0.007533665116332703,0.026575550493545937,2.657555049354594e-05,2.657555049354594e-05,-0.0038426078163460676,0.018982536066818528,1.8982536066818528e-05,1.8982536066818528e-05,0.00518598321260467,0.501138952164009,0.501138952164009
2011-09-01,-0.002474663926419763,-0.0025240185201934914,0.04935459377372817,4.935459377372817e-05,-0.001283541302289584,-0.0011911226241301794,-0.13679143597657872,0.9977220956719818,4.9354593773728254e-05,-0.0025240185201934914,0.004130867063733712,-0.0011312409639244868,0.0007592643159181897,0.0012486531848716845,-0.004466199081334439,0.026575550493545937,2.657555049354594e-05,2.657555049354594e-05,-0.00131011685278313,0.02277904328018223,2.2779043280182233e-05,2.2779043280182233e-05,-0.0012139016674103617,0.501138952164009,0.501138952164009
2011-09-02,-0.0026965875329897637,-0.002719366576269946,0.02277904328018223,2.2779043280182233e-05,0.002658637441287386,-0.00535522497427715,-0.13327171997593065,0.9977220956719818,2.277904328018207e-05,-0.002719366576269946,0.012871571800268792,0.00631518045002154,0.008068493205000674,0.005913089918026555,0.005001240291385558,0.011389521640091115,1.1389521640091117e-05,1.1389521640091117e-05,0.002647247919647295,0.011389521640091115,1.1389521640091117e-05,1.1389521640091117e-05,-0.005366614495917241,0.501138952164009,0.501138952164009
2011-09-05,-0.0031849322599197647,-0.0032191008248400378,0.03416856492027335,3.416856492027335e-05,0.0009853183393927507,-0.004170250599312515,-0.2254070195668122,0.9886104783599089,3.4168564920273106e-05,-0.003219100824840038,0.008854918761550172,0.00733818751362072,0.004644903083858146,0.0035331333376039,0.0012228195122623046,0.015186028853454821,1.5186028853454822e-05,1.5186028853454822e-05,0.0009701323105392958,0.018982536066818528,1.8982536066818528e-05,1.8982536066818528e-05,-0.004189233135379333,0.501138952164009,0.501138952164009
2011-09-06,0.0015127329198036795,0.0014595818188165876,0.05315110098709187,5.315110098709188e-05,-0.0009299570951928189,0.0024426900149964984,0.14323881258144888,0.9886104783599089,5.315110098709193e-05,0.0014595818188165876,-0.0067651485543556815,-0.0011050914291213284,-0.004846274134938227,-0.0029213427234384744,-0.001356056383703797,0.03416856492027335,3.416856492027335e-05,3.416856492027335e-05,-0.0009641256601130923,0.018982536066818528,1.8982536066818528e-05,1.8982536066818528e-05,0.00242370747892968,0.501138952164009,0.501138952164009
2011-09-07,-0.004141015048739859,-0.0041827766280868595,0.04176157934700076,4.176157934700076e-05,-0.004319275358855714,0.00017826031011585497,-0.24312861263156743,0.9954441913439636,4.176157934700046e-05,-0.0041827766280868595,0.0007380526798550515,-0.0025432363979945613,-0.0002134862999455545,-0.007868247753329777,-0.008994252595182783,0.015186028853454821,1.5186028853454822e-05,1.5186028853454822e-05,-0.004334461387709169,0.026575550493545937,2.657555049354594e-05,2.657555049354594e-05,0.00015168475962230903,0.501138952164009,0.501138952164009
2011-09-08,-0.00484293166364708,-0.0048846932429940804,0.04176157934700076,4.176157934700076e-05,-0.006642047192923693,0.0017991155292766139,-0.25060824922548325,0.9977220956719818,4.176157934700046e-05,-0.0048846932429940804,-0.0006329644360408015,-0.009504230909997037,-0.006391157074974182,-0.012160939159703416,-0.013800385313513075,0.02277904328018223,2.2779043280182233e-05,2.2779043280182233e-05,-0.0066648262362038755,0.018982536066818528,1.8982536066818528e-05,1.8982536066818528e-05,0.0017801329932097952,0.501138952164009,0.501138952164009
2011-09-09,0.0007192283110344204,0.0006546876884072374,0.06454062262718299,6.4540622627183e-05,0.008763073224260112,-0.008043844913225691,0.06510353536092833,0.9977220956719818,6.454062262718297e-05,0.0006546876884072374,0.01537829647887376,0.01739678772733537,0.01586094099926351,0.01675758514613042,0.017850678873186077,0.03416856492027335,3.416856492027335e-05,3.416856492027335e-05,0.008728904659339839,0.030372057706909643,3.0372057706909645e-05,3.0372057706909645e-05,-0.0080742169709326,0.501138952164009,0.501138952164009
2011-09-12,0.00384749063061289,0.003794339529625798,0.05694760820045558,5.6947608200455584e-05,3.765438269134e-05,0.00380983624792155,0.2173885909418368,0.9977220956719818,5.315110098709193e-05,0.0037905430224124343,-0.008948514858235997,-0.004910035458585648,-0.005430164410681428,-0.0005000451115967048,0.00036689826794429836,0.026575550493545937,2.657555049354594e-05,2.2779043280182233e-05,1.4875339411157765e-05,0.030372057706909643,3.0372057706909645e-05,3.0372057706909645e-05,0.0037794641902146407,0.501138952164009,0.501138952164009
2011-09-13,-0.0030728539980796857,-0.0031184120846400503,0.04935459377372817,4.935459377372817e-05,0.0010397963687906236,-0.004112650366870309,-0.21347514545105697,0.9977220956719818,4.5558086560364575e-05,-0.003122208591853414,0.008192674818632326,0.008234470968045337,0.004091629577125647,0.0015592742896241767,0.002332662440863483,0.03416856492027335,3.416856492027335e-05,3.0372057706909645e-05,0.001009424311083714,0.015186028853454821,1.5186028853454822e-05,1.5186028853454822e-05,-0.004127836395723764,0.501138952164009,0.501138952164009
2011-09-14,0.0017827030494425122,0.0017523309917356026,0.030372057706909643,3.0372057706909645e-05,3.046821978765053e-05,0.0017522348296548618,0.07420130002137164,0.9977220956719818,3.0372057706909645e-05,0.0017523309917356026,-0.004400477165111585,-0.0016885605363925254,-0.001349642917989816,1.0440560911801061e-05,8.597664104486247e-05,0.015186028853454821,1.5186028853454822e-05,1.5186028853454822e-05,1.5282190934195707e-05,0.015186028853454821,1.5186028853454822e-05,1.5186028853454822e-05,0.001737048800801407,0.501138952164009,0.501138952164009
2011-09-15,0.0037910340628492787,0.0037454759762889146,0.04555808656036446,4.555808656036447e-05,-0.003795028413189649,0.007586062476038928,0.2124054922479062,0.9977220956719818,4.555808656036414e-05,0.003745475976288914,-0.016928660050901812,-0.011555608447938502,-0.009036294885967414,-0.006448079134579202,-0.008135170478553054,0.018982536066818528,1.8982536066818528e-05,1.8982536066818528e-05,-0.0038140109492564673,0.026575550493545937,2.657555049354594e-05,2.657555049354594e-05,0.007559486925545382,0.501138952164009,0.501138952164009
2011-09-16,-0.0002647096748905402,-0.00029128522538408614,0.026575550493545937,2.657555049354594e-05,0.0009375268415552657,-0.001202236516445806,-0.022071915398286228,0.9977220956719818,2.6575550493545912e-05,-0.00029128522538408614,0.000961353391653465,0.005274318181052736,0.006917138592207728,0.0038744271769558056,0.0008689747077227448,0.011389521640091115,1.1389521640091117e-05,1.1389521640091117e-05,0.0009261373199151746,0.015186028853454821,1.5186028853454822e-05,1.5186028853454822e-05,-0.0012174225452992607,0.501138952164009,0.501138952164009
2011-09-20,-0.002461719213954503,-0.002492091271661412,0.030372057706909643,3.0372057706909645e-05,-0.0024595787788265562,-2.1404351279466304e-06,-0.17530537777787616,0.9977220956719818,3.0372057706909428e-05,-0.002492091271661412,0.0012613174586747786,-0.0025098214943336224,-0.0026988744964220475,-0.002421803377054564,-0.006151064792642206,0.015186028853454821,1.5186028853454822e-05,1.5186028853454822e-05,-0.002474764807680011,0.015186028853454821,1.5186028853454822e-05,1.5186028853454822e-05,-1.7326463981401453e-05,0.501138952164009,0.501138952164009
2011-09-21,-0.0036831348999184776,-0.0037286929864788422,0.04555808656036446,4.555808656036447e-05,0.0003346577277232317,-0.0040177926276417095,-0.20536277559725458,0.9977220956719818,4.5558086560364575e-05,-0.0037286929864788422,0.008369998892014152,0.007311969900535928,0.004710416969319637,0.001168975341179538,0.00041720375534544927,0.026575550493545937,2.657555049354594e-05,2.657555049354594e-05,0.0003080821772296858,0.018982536066818528,1.8982536066818528e-05,1.8982536066818528e-05,-0.004036775163708528,0.501138952164009,0.501138952164009
2011-09-22,-0.002244387453673674,-0.002274759511380584,0.030372057706909643,3.0372057706909645e-05,-0.0018203437063346796,-0.00042404374733899476,-0.1339032295172301,0.9977220956719818,3.037205770690986e-05,-0.002274759511380584,0.0023239250914021325,-0.0021093701135067376,-0.004350997248003769,-0.0066112644562026915,-0.00214298745654132,0.011389521640091115,1.1389521640091117e-05,1.1389521640091117e-05,-0.0018317332279747707,0.018982536066818528,1.8982536066818528e-05,1.8982536066818528e-05,-0.00044302628340581326,0.501138952164009,0.501138952164009
2011-09-26,0.002360054212393219,0.0023144961258328546,0.04555808656036446,4.555808656036447e-05,-0.0001322199995003464,0.0024922742118935657,0.10089935841515384,0.9977220956719818,4.5558086560364575e-05,0.0023144961258328546,-0.007770071864231828,0.0006204840145371764,0.0015606519325393972,0.002229109391903555,-0.0015103131944562238,0.026575550493545937,2.657555049354594e-05,2.657555049354594e-05,-0.00015879554999389235,0.018982536066818528,1.8982536066818528e-05,1.8982536066818528e-05,0.0024732916758267473,0.501138952164009,0.501138952164009
2011-09-27,-0.003906276875286345,-0.003944241947419983,0.037965072133637055,3.7965072133637056e-05,-0.0038656782702801455,-4.0598605006200066e-05,-0.14548747373976395,0.9977220956719818,3.796507213363765e-05,-0.003944241947419982,0.0025437269890602305,-0.004844415965424254,0.0007562049386152352,-0.002383983223897662,-0.01037868630159424,0.007593014426727411,7.593014426727411e-06,7.593014426727411e-06,-0.003873271284706873,0.030372057706909643,3.0372057706909645e-05,3.0372057706909645e-05,-7.097066271310971e-05,0.501138952164009,0.501138952164009
2011-09-28,0.003755429294906715,0.0037136677155597143,0.04176157934700076,4.176157934700076e-05,0.0050522736773448785,-0.0012968443824381635,0.18602590203076302,0.9977220956719818,4.17615793470009e-05,0.0037136677155597143,-0.00031727066337329865,0.008397923379796876,0.00804879619952326,0.008710682631271997,0.010767032395871286,0.015186028853454821,1.5186028853454822e-05,1.5186028853454822e-05,0.005037087648491424,0.026575550493545937,2.657555049354594e-05,2.657555049354594e-05,-0.0013234199329317095,0.501138952164009,0.501138952164009
2011-09-29,-0.0013074241789566446,-0.0013453892510902816,0.037965072133637055,3.7965072133637056e-05,-0.005468208883207984,0.004160784704251339,-0.07362820011426295,0.9977220956719818,3.7965072133637e-05,-0.0013453892510902816,-0.009342774894106403,-0.00622242046405544,-0.008097321386555691,-0.011238982175768197,-0.010747852319354344,0.015186028853454821,1.5186028853454822e-05,1.5186028853454822e-05,-0.0054833949120614385,0.02277904328018223,2.2779043280182233e-05,2.2779043280182233e-05,0.004138005660971157,0.501138952164009,0.501138952164009
2011-09-30,-0.009358571907009982,-0.009400333486356984,0.04176157934700076,4.176157934700076e-05,0.00030065492486438616,-0.00965922683187437,-0.37839082029047866,0.9977220956719818,4.17615793470022e-05,-0.009400333486356983,0.021327570559926536,0.015168503141867585,0.00679427291995253,0.002578529612282593,-0.0003893499514903953,0.018982536066818528,1.8982536066818528e-05,1.8982536066818528e-05,0.00028167238879756766,0.02277904328018223,2.2779043280182233e-05,2.2779043280182233e-05,-0.009682005875154552,0.501138952164009,0.501138952164009
2011-10-03,0.002575889569742677,0.0025341279903956762,0.04555808656036446,4.555808656036447e-05,0.004607314002498087,-0.00203142443275541,0.10588617019096451,0.9977220956719818,4.17615793470009e-05,0.0025303314831823125,0.0029865530434593306,0.006187739267348954,0.008811607437130232,0.007882730564329603,0.009962371993419468,0.018982536066818528,1.8982536066818528e-05,1.5186028853454822e-05,0.0045921279736446325,0.026575550493545937,2.657555049354594e-05,2.657555049354594e-05,-0.002057999983248956,0.501138952164009,0.501138952164009
2011-10-04,-0.002196272461680553,-0.0022228480121740993,0.030372057706909643,3.0372057706909645e-05,0.0008820846550314297,-0.003078357116711983,-0.13449189580606688,0.9977220956719818,2.6575550493546183e-05,-0.0022266445193874626,0.005990161245253396,0.006447842612719035,0.0016304670994335968,0.0007244033030162872,0.002278038100029113,0.011389521640091115,1.1389521640091117e-05,7.593014426727411e-06,0.0008744916406047023,0.018982536066818528,1.8982536066818528e-05,1.8982536066818528e-05,-0.0030973396527788012,0.501138952164009,0.501138952164009
2011-10-05,0.004426356846718388,0.004392188281798114,0.03416856492027335,3.416856492027335e-05,0.0004535086860127261,0.003972848160705662,0.19763956528665455,0.9977220956719818,3.4168564920273974e-05,0.004392188281798115,-0.009839450717693328,-0.004104012326655873,-0.0003026482649979155,-0.0007996516567677654,0.0017572597817447015,0.015186028853454821,1.5186028853454822e-05,1.5186028853454822e-05,0.0004383226571592713,0.018982536066818528,1.8982536066818528e-05,1.8982536066818528e-05,0.003953865624638843,0.501138952164009,0.501138952164009
2011-10-06,0.006371295887124031,0.0063219412933503034,0.04935459377372817,4.935459377372817e-05,0.0049648829804981665,0.0014064129066258646,0.26462641862042013,0.9977220956719818,4.935459377372782e-05,0.0063219412933503034,-0.0016527401700718585,-0.005113818741793845,0.0029585778099275556,0.00011505788337475097,0.014803268524940093,0.02277904328018223,2.2779043280182233e-05,2.2779043280182233e-05,0.004942103937217984,0.026575550493545937,2.657555049354594e-05,2.657555049354594e-05,0.0013798373561323186,0.501138952164009,0.501138952164009
2011-10-07,0.004106365868996051,0.004060807782435687,0.04555808656036446,4.555808656036447e-05,-0.0037735659543333155,0.007879931823329366,0.18112763297670847,0.9977220956719818,4.555808656036414e-05,0.004060807782435687,-0.01683131212800023,-0.013509513068203067,-0.008758232838855896,-0.0061655596172337235,-0.00821218919560354,0.018982536066818528,1.8982536066818528e-05,1.8982536066818528e-05,-0.003792548490400134,0.026575550493545937,2.657555049354594e-05,2.657555049354594e-05,0.00785335627283582,0.501138952164009,0.501138952164009
2011-10-11,0.010137935420841257,0.010077191305427436,0.060744115413819286,6.074411541381929e-05,0.008459420497547583,0.001678514923293672,0.4296247809370948,0.9977220956719818,6.074411541382059e-05,0.010077191305427438,-0.005455125985305964,0.0008620512707129927,0.0063063329526691116,0.010994388988402886,0.019823389131412576,0.03416856492027335,3.416856492027335e-05,3.416856492027335e-05,0.00842525193262731,0.026575550493545937,2.657555049354594e-05,2.657555049354594e-05,0.0016519393728001261,0.501138952164009,0.501138952164009
2011-10-12,0.0054529535795015795,0.005403598985727851,0.04935459377372817,4.935459377372817e-05,-0.001532690072255242,0.006985643651756821,0.27546290527663925,0.9977220956719818,4.935459377372869e-05,0.005403598985727852,-0.01579726154671264,-0.010224080040046239,-0.010077774419069145,-0.010684627810273713,0.0007546938479546905,0.026575550493545937,2.657555049354594e-05,2.657555049354594e-05,-0.0015592656227487879,0.02277904328018223,2.2779043280182233e-05,2.2779043280182233e-05,0.006962864608476639,0.501138952164009,0.501138952164009
2011-10-13,0.0017757851684751477,0.0017340235891281468,0.04555808656036446,4.555808656036447e-05,0.00563384564068525,-0.003858060472210102,0.0940909943554729,0.9977220956719818,4.17615793470009e-05,0.001730227081914783,0.007807355766336333,0.007481041385057808,0.0070543762462105175,0.010718288294840521,0.011636209848086344,0.02277904328018223,2.2779043280182233e-05,1.8982536066818528e-05,0.005614863104618431,0.02277904328018223,2.2779043280182233e-05,2.2779043280182233e-05,-0.003880839515490284,0.501138952164009,0.501138952164009
2011-10-14,-0.004079447056301525,-0.0041212086356485255,0.04555808656036446,4.555808656036447e-05,-0.009549387593942757,0.005469940537641232,-0.20108002127024674,0.9977220956719818,4.176157934700046e-05,-0.004125005142861889,-0.009941977144986182,-0.012861098837634461,-0.015150863942022407,-0.01540410720902851,-0.020880999716446223,0.018982536066818528,1.8982536066818528e-05,1.5186028853454822e-05,-0.009564573622796212,0.026575550493545937,2.657555049354594e-05,2.657555049354594e-05,0.0054433649871476865,0.501138952164009,0.501138952164009
2011-10-17,0.005371231146222002,0.005325673059661638,0.04555808656036446,4.555808656036447e-05,0.006724185282650759,-0.0013529541364287567,0.26811671558771055,0.9977220956719818,4.555808656036414e-05,0.005325673059661638,0.0018018588117540897,0.004495557820476697,0.009062000765190294,0.01077662967208671,0.014738394294072666,0.018982536066818528,1.8982536066818528e-05,1.8982536066818528e-05,0.006705202746583941,0.026575550493545937,2.657555049354594e-05,2.657555049354594e-05,-0.0013795296869223027,0.501138952164009,0.501138952164009
2011-10-18,-0.0039002433059371054,-0.003953394406924197,0.05315110098709187,5.315110098709188e-05,-0.002298896416370299,-0.0016013468895668067,-0.26781738406383815,0.9977220956719818,5.315110098709193e-05,-0.003953394406924197,0.003806676193997413,0.0019728924009119225,-0.00028701189786809584,-0.002182827424118304,-0.005789601243303765,0.030372057706909643,3.0372057706909645e-05,3.0372057706909645e-05,-0.0023292684740772087,0.02277904328018223,2.2779043280182233e-05,2.2779043280182233e-05,-0.001624125932846989,0.501138952164009,0.501138952164009
2011-10-19,-0.0038852003108221056,-0.0039269618901691065,0.04176157934700076,4.176157934700076e-05,-0.0021937606518819697,-0.0016914396589401365,-0.26646353728601846,0.9977220956719818,4.17615793470009e-05,-0.0039269618901691065,0.004742361581484347,0.0006408497044138492,-0.0003114072725498987,0.001865078027155351,-0.00749886351023348,0.018982536066818528,1.8982536066818528e-05,1.8982536066818528e-05,-0.002212743187948788,0.02277904328018223,2.2779043280182233e-05,2.2779043280182233e-05,-0.0017142187022203188,0.501138952164009,0.501138952164009
2011-10-20,0.003980771851279011,0.0039276207502919195,0.05315110098709187,5.315110098709188e-05,0.004269371503935934,-0.0002885996526569232,0.24884410689991296,0.9977220956719818,5.31511009870915e-05,0.0039276207502919195,-0.0007029284132073108,0.003133519292547203,0.0022658501770920626,0.0019863597688130137,0.011785825276238095,0.018982536066818528,1.8982536066818528e-05,1.8982536066818528e-05,0.0042503889678691155,0.03416856492027335,3.416856492027335e-05,3.416856492027335e-05,-0.00032276821757719657,0.501138952164009,0.501138952164009
2011-10-21,0.003930311535164438,0.003903735984670892,0.026575550493545937,2.657555049354594e-05,0.0014394459712774423,0.0024908655638869953,0.2098825959212224,0.9977220956719818,2.657555049354575e-05,0.003903735984670892,-0.0062577663335733665,-0.0023956943675767796,-0.0036734320122600223,-0.0005720963300665005,0.004594571674515958,0.011389521640091115,1.1389521640091117e-05,1.1389521640091117e-05,0.0014280564496373513,0.015186028853454821,1.5186028853454822e-05,1.5186028853454822e-05,0.0024756795350335406,0.501138952164009,0.501138952164009
2011-10-24,0.003774720796262003,0.003736755724128366,0.037965072133637055,3.7965072133637056e-05,-0.000931169667867513,0.004705890464129516,0.1843350514737538,0.9954441913439636,3.796507213363722e-05,0.003736755724128366,-0.009859593289520248,-0.008451984972134832,-0.00398020177728406,0.0005257963383941358,-0.0030470708095050886,0.018982536066818528,1.8982536066818528e-05,1.8982536066818528e-05,-0.0009501522039343315,0.018982536066818528,1.8982536066818528e-05,1.8982536066818528e-05,0.004686907928062698,0.501138952164009,0.501138952164009
2011-10-25,0.0034013543176459795,0.0033633892455123423,0.037965072133637055,3.7965072133637056e-05,0.004012211955297526,-0.0006108576376515464,0.20901461488222306,0.9954441913439636,3.796507213363722e-05,0.0033633892455123423,0.0003028015133541708,0.0030512129223238694,-0.0002794784813205501,0.0058847739458087935,0.009100329117985065,0.018982536066818528,1.8982536066818528e-05,1.8982536066818528e-05,0.0039932294192307075,0.018982536066818528,1.8982536066818528e-05,1.8982536066818528e-05,-0.0006298401737183649,0.501138952164009,0.501138952164009
2011-10-26,0.00023087879011967382,0.00017393118191921827,0.05694760820045558,5.6947608200455584e-05,-0.00039056935477688713,0.000621448144896561,-0.0348116421397377,0.9977220956719818,5.6947608200455556e-05,0.00017393118191921824,0.00013699695922894984,-0.0039942084949523135,0.002661536057593668,-0.005171340884689167,0.001416625350887401,0.030372057706909643,3.0372057706909645e-05,3.0372057706909645e-05,-0.0004209414124837968,0.026575550493545937,2.657555049354594e-05,2.657555049354594e-05,0.0005948725944030151,0.501138952164009,0.501138952164009
2011-10-27,-0.0027719937181601797,-0.0028289413263606353,0.05694760820045558,5.6947608200455584e-05,-0.006273916172199727,0.0035019224540395466,-0.10202370817061525,0.9977220956719818,5.694760820045561e-05,-0.0028289413263606353,-0.005510086919338697,-0.009943607397550253,-0.012433287295063893,-0.009306939325414916,-0.014125502152717634,0.030372057706909643,3.0372057706909645e-05,3.0372057706909645e-05,-0.006304288229906636,0.026575550493545937,2.657555049354594e-05,2.657555049354594e-05,0.003475346903546001,0.501138952164009,0.501138952164009
2011-10-28,0.00032448822923630914,0.0002675406210358536,0.060744115413819286,6.074411541381929e-05,0.0018384049918398313,-0.001513916762603522,-0.02552393906004332,0.9977220956719818,5.6947608200455556e-05,0.00026374411382248985,0.00399451407751056,0.0010738281011099643,-0.0011557284741985426,0.0034029642283198683,0.0038448902161441075,0.030372057706909643,3.0372057706909645e-05,2.657555049354594e-05,0.0018118294413462853,0.030372057706909643,3.0372057706909645e-05,3.0372057706909645e-05,-0.0015442888203104316,0.501138952164009,0.501138952164009
2011-10-31,-0.0024139656541845166,-0.002470913262384972,0.060744115413819286,6.074411541381929e-05,-0.0015674332650514615,-0.000846532389133055,-0.11944306056772022,0.9977220956719818,5.694760820045561e-05,-0.002474709769598336,0.0015681144441217216,0.0019314218230667096,0.0004082919704093578,-0.0025584607835701725,-0.0034123823583803105,0.030372057706909643,3.0372057706909645e-05,2.657555049354594e-05,-0.0015940088155450075,0.030372057706909643,3.0372057706909645e-05,3.0372057706909645e-05,-0.0008769044468399646,0.501138952164009,0.501138952164009
2011-11-01,-0.00031494423400508733,-0.00036429882777881553,0.04935459377372817,4.935459377372817e-05,0.005164588717364151,-0.005479532951369238,-0.017638495633451413,0.9977220956719818,4.93545937737282e-05,-0.00036429882777881553,0.010940468373091596,0.010921540058149928,0.012991461891607017,0.011585002668688072,0.009666051712857298,0.026575550493545937,2.657555049354594e-05,2.657555049354594e-05,0.005138013166870605,0.02277904328018223,2.2779043280182233e-05,2.2779043280182233e-05,-0.00550231199464942,0.501138952164009,0.501138952164009
2011-11-02,-0.0009913552980808013,-0.001033116877427802,0.04176157934700076,4.176157934700076e-05,-0.004327344795996951,0.00333598949791615,0.005862884883251066,0.9977220956719818,4.176157934700068e-05,-0.001033116877427802,-0.007381779610434954,-0.0052068870007463165,-0.0058550758693746785,-0.005266475776580551,-0.010319291876091506,0.018982536066818528,1.8982536066818528e-05,1.8982536066818528e-05,-0.004346327332063769,0.02277904328018223,2.2779043280182233e-05,2.2779043280182233e-05,0.003313210454635968,0.501138952164009,0.501138952164009
2011-11-04,-0.0010205478574860205,-0.0010699024512597487,0.04935459377372817,4.935459377372817e-05,-0.0019418709064359253,0.0009213230489499046,-0.03828365931931069,0.9977220956719818,4.9354593773728254e-05,-0.0010699024512597487,-0.001185164749996536,-0.0031450452975843118,-0.0024035348556307842,-0.005016931185822555,-0.00330390709748898,0.026575550493545937,2.657555049354594e-05,2.657555049354594e-05,-0.0019684464569294713,0.02277904328018223,2.2779043280182233e-05,2.2779043280182233e-05,0.0008985440056697223,0.501138952164009,0.501138952164009
2011-11-07,-0.004022578056948671,-0.004079525665149127,0.05694760820045558,5.6947608200455584e-05,0.0004401150556137298,-0.0044626931125624015,-0.18813550378202382,0.9977220956719818,5.6947608200456044e-05,-0.004079525665149126,0.007984231096221235,0.010746841576851539,0.00784338962649262,0.006321856986118202,-0.0018435841106880055,0.026575550493545937,2.657555049354594e-05,2.657555049354594e-05,0.00041353950512018384,0.030372057706909643,3.0372057706909645e-05,3.0372057706909645e-05,-0.004493065170269311,0.501138952164009,0.501138952164009
2011-11-08,-0.0028400262235971927,-0.002885584310157557,0.04555808656036446,4.555808656036447e-05,-0.008008927697564857,0.0051689014739676655,-0.17055363264724388,0.9977220956719818,4.555808656036414e-05,-0.0028855843101575573,-0.009334564522317637,-0.012273794779071161,-0.011248043903553271,-0.01594736179193102,-0.015998495871518394,0.015186028853454821,1.5186028853454822e-05,1.5186028853454822e-05,-0.008024113726418312,0.030372057706909643,3.0372057706909645e-05,3.0372057706909645e-05,0.005138529416260756,0.501138952164009,0.501138952164009
2011-11-09,0.0008125798622263636,0.0007442427323858169,0.0683371298405467,6.83371298405467e-05,0.007076214021021143,-0.00626363415879478,0.006705754470032894,0.9977220956719818,6.833712984054665e-05,0.0007442427323858169,0.011331309663846574,0.014833772432001052,0.013601922456152596,0.015115683808007792,0.013622553245279844,0.018982536066818528,1.8982536066818528e-05,1.8982536066818528e-05,0.007057231484954325,0.04935459377372817,4.935459377372817e-05,4.935459377372817e-05,-0.006312988752568508,0.501138952164009,0.501138952164009
2011-11-10,0.0022740043571637266,0.0022208532561766347,0.05315110098709187,5.315110098709188e-05,0.003129289814924941,-0.0008552854577612144,0.08554262300244228,0.9977220956719818,5.315110098709193e-05,0.0022208532561766347,0.001095930897738358,0.0029281879675756447,0.001496276824843349,0.004475182632077002,0.007128942061816379,0.026575550493545937,2.657555049354594e-05,2.657555049354594e-05,0.003102714264431395,0.026575550493545937,2.657555049354594e-05,2.657555049354594e-05,-0.0008818610082547603,0.501138952164009,0.501138952164009
2011-11-11,0.0020925103608769027,0.0020393592598898108,0.05315110098709187,5.315110098709188e-05,-0.0016922793063446945,0.0037847896672215968,0.08516312939486813,0.9954441913439636,5.315110098709193e-05,0.0020393592598898108,-0.008078112707216532,-0.006500901820707131,-0.0031892154197365927,-0.005714211480079932,-0.0022406610216785853,0.02277904328018223,2.2779043280182233e-05,2.2779043280182233e-05,-0.0017150583496248768,0.030372057706909643,3.0372057706909645e-05,3.0372057706909645e-05,0.0037544176095146873,0.501138952164009,0.501138952164009
2011-11-14,-0.0005588816277478973,-0.0006082362215216254,0.04935459377372817,4.935459377372817e-05,-0.0002922895380408965,-0.0002665920897070008,-0.07230051457936523,0.9954441913439636,4.9354593773728145e-05,-0.0006082362215216254,-0.00024240197193097337,0.002080721135426129,0.002035767360395554,-0.0009326735323289275,-0.00041383824617799767,0.018982536066818528,1.8982536066818528e-05,1.8982536066818528e-05,-0.000311272074107715,0.030372057706909643,3.0372057706909645e-05,3.0372057706909645e-05,-0.00029696414741391044,0.501138952164009,0.501138952164009
2011-11-15,-0.00211270491126521,-0.002177245533892393,0.06454062262718299,6.4540622627183e-05,-0.0032094560307801105,0.0010967511195149008,-0.11165958408198942,0.9977220956719818,6.454062262718297e-05,-0.002177245533892393,-0.0017759531385810464,-0.003013644742843018,-0.002659453422369225,-0.006217192117386,-0.006497889378892013,0.030372057706909643,3.0372057706909645e-05,3.0372057706909645e-05,-0.00323982808848702,0.03416856492027335,3.416856492027335e-05,3.416856492027335e-05,0.0010625825545946275,0.501138952164009,0.501138952164009
2011-11-16,0.0017325311102893764,0.0016907695309423757,0.04176157934700076,4.176157934700076e-05,0.0007438651788267596,0.0009886659314626168,0.10009290559296526,0.9977220956719818,4.176157934700068e-05,0.0016907695309423757,-0.0016245914652373054,-0.0026693308501447824,0.0021321942389958865,0.003599622805689562,0.00042671232559804277,0.015186028853454821,1.5186028853454822e-05,1.5186028853454822e-05,0.0007286791499733048,0.026575550493545937,2.657555049354594e-05,2.657555049354594e-05,0.0009620903809690708,0.501138952164009,0.501138952164009
2011-11-17,0.0027123112269675557,0.0026477706043403727,0.06454062262718299,6.4540622627183e-05,0.0031006775444318976,-0.0003883663174643416,0.1509474178336038,0.9977220956719818,6.454062262718297e-05,0.0026477706043403727,0.0003396160417372148,0.0016456699169825608,0.006114609833910448,0.008806551371143646,0.00487761596446638,0.037965072133637055,3.7965072133637056e-05,3.7965072133637056e-05,0.0030627124722982604,0.026575550493545937,2.657555049354594e-05,2.657555049354594e-05,-0.0004149418679578876,0.501138952164009,0.501138952164009
2011-11-18,-0.0023373599631317243,-0.002386714556905452,0.04935459377372817,4.935459377372817e-05,-0.0012436677437940532,-0.001093692219337671,-0.12895435430522306,0.9931662870159453,4.935459377372782e-05,-0.0023867145569054526,0.002104501965085819,0.002338235401045238,0.0024246116332260737,-0.002649839509072045,-0.002412659830349086,0.02277904328018223,2.2779043280182233e-05,2.2779043280182233e-05,-0.0012664467870742355,0.026575550493545937,2.657555049354594e-05,2.657555049354594e-05,-0.0011202677698312169,0.501138952164009,0.501138952164009
2011-11-21,0.003572984545963782,0.0035236299521900537,0.04935459377372817,4.935459377372817e-05,0.002128306507994901,0.0014446780379688809,0.18919714454699255,0.9931662870159453,4.9354593773728254e-05,0.0035236299521900537,-0.001994286427874064,-0.0046597952170019455,0.0005611198342636819,0.002218875012279248,0.005273578081496701,0.02277904328018223,2.2779043280182233e-05,2.2779043280182233e-05,0.002105527464714719,0.026575550493545937,2.657555049354594e-05,2.657555049354594e-05,0.001418102487475335,0.501138952164009,0.501138952164009
2011-11-22,0.0036360765706510458,0.0035601464263837717,0.07593014426727411,7.593014426727411e-05,0.0036181766278712076,1.7899942779838182e-05,0.15611374283723298,0.9977220956719818,7.5930144267274e-05,0.0035601464263837717,-0.0005903125312505835,0.0010734694959509542,0.006184902824437222,0.006483245708077323,0.00758823764347584,0.018982536066818528,1.8982536066818528e-05,1.8982536066818528e-05,0.003599194091804389,0.05694760820045558,5.6947608200455584e-05,5.6947608200455584e-05,-3.9047665420617405e-05,0.501138952164009,0.501138952164009
2011-11-24,0.0010711874589409913,0.0010180363579538993,0.05315110098709187,5.315110098709188e-05,0.0019464702772606546,-0.0008752828183196632,0.022484210297818445,0.9977220956719818,5.315110098709193e-05,0.0010180363579538993,0.0015336489566617822,0.002172463321799147,-0.0010035332935695053,0.0037891461900670287,0.003931566348494399,0.015186028853454821,1.5186028853454822e-05,1.5186028853454822e-05,0.0019312842484071999,0.037965072133637055,3.7965072133637056e-05,3.7965072133637056e-05,-0.0009132478904533003,0.501138952164009,0.501138952164009
2011-11-25,0.0022152564917682503,0.0021507158691410674,0.06454062262718299,6.4540622627183e-05,0.000871082172120061,0.0013441743196481895,0.13081051793279308,0.9977220956719818,6.454062262718297e-05,0.0021507158691410674,-0.0023895569769886212,-0.0032676023140985107,-0.0016900175322689828,-0.0025312023101663975,0.00387290847481529,0.03416856492027335,3.416856492027335e-05,3.416856492027335e-05,0.0008369136071997876,0.030372057706909643,3.0372057706909645e-05,3.0372057706909645e-05,0.0013138022619412798,0.501138952164009,0.501138952164009
2011-11-28,0.0025988881727414094,0.002534347550114226,0.06454062262718299,6.4540622627183e-05,-0.001507120830755268,0.004106009003496677,0.17686644308677352,0.9977220956719818,6.45406226271834e-05,0.0025343475501142265,-0.009584945199437615,-0.005410172590238969,-0.005917870715755865,-0.005013706674089547,-0.002004233331374971,0.030372057706909643,3.0372057706909645e-05,3.0372057706909645e-05,-0.0015374928884621776,0.03416856492027335,3.416856492027335e-05,3.416856492027335e-05,0.004071840438576404,0.501138952164009,0.501138952164009
2011-11-29,-0.0014753912834165306,-0.0015399319060437136,0.0683371298405467,6.83371298405467e-05,0.002496970487090136,-0.003972361770506666,-0.08001670029980994,0.9977220956719818,6.454062262718297e-05,-0.0015437284132570773,0.0070563192306571185,0.009667363592127942,0.010533584297815467,0.005499741398000226,0.004778314997557836,0.026575550493545937,2.657555049354594e-05,2.2779043280182233e-05,0.0024741914438099538,0.04176157934700076,4.176157934700076e-05,4.176157934700076e-05,-0.0040141233498536665,0.501138952164009,0.501138952164009
2011-11-30,0.001460507530388827,0.001407356429401735,0.05694760820045558,5.6947608200455584e-05,-0.002002471957700188,0.0034629794880890147,0.0812955160302415,0.9954441913439636,5.315110098709193e-05,0.0014035599221883714,-0.007837671198076315,-0.00505531208481661,-0.0033951509702352498,-0.003844132054742257,-0.004093538287237969,0.030372057706909643,3.0372057706909645e-05,2.657555049354594e-05,-0.0020290475081937336,0.026575550493545937,2.657555049354594e-05,2.657555049354594e-05,0.003436403937595469,0.501138952164009,0.501138952164009
2011-12-01,0.0002453629982421492,0.00021119443332187586,0.03416856492027335,3.416856492027335e-05,-0.00026941629946742907,0.0005147792977095783,-0.01557254683281908,0.9954441913439636,3.416856492027335e-05,0.00021119443332187586,-0.0019560491535512044,0.0008304422385409783,0.0016314365113725918,8.145581832342837e-05,-0.000846677061099886,0.018982536066818528,1.8982536066818528e-05,1.8982536066818528e-05,-0.0002883988355342476,0.015186028853454821,1.5186028853454822e-05,1.5186028853454822e-05,0.0004995932688561235,0.501138952164009,0.501138952164009
2011-12-02,0.0045987536025628465,0.004538009487149028,0.060744115413819286,6.074411541381929e-05,0.0011701388293221112,0.0034286147732407357,0.30740640588026497,0.9977220956719818,6.0744115413818855e-05,0.004538009487149027,-0.006260946726241201,-0.008003041349145094,-0.0029605496406766366,-0.0005647436531983117,0.003784810095274657,0.030372057706909643,3.0372057706909645e-05,3.0372057706909645e-05,0.0011397667716152016,0.030372057706909643,3.0372057706909645e-05,3.0372057706909645e-05,0.003398242715533826,0.501138952164009,0.501138952164009
2011-12-05,-0.003171328748426752,-0.003235869371053935,0.06454062262718299,6.4540622627183e-05,-0.0012155084713777187,-0.0019558202770490335,-0.23334256129387765,0.9977220956719818,6.454062262718297e-05,-0.003235869371053935,0.004401681077597187,0.002904889230594613,0.0006846445651353217,0.0006030243444930651,-0.003939750028620295,0.030372057706909643,3.0372057706909645e-05,3.0372057706909645e-05,-0.0012458805290846283,0.03416856492027335,3.416856492027335e-05,3.416856492027335e-05,-0.001989988841969307,0.501138952164009,0.501138952164009
2011-12-06,0.002945843741307962,0.0029078786691743254,0.037965072133637055,3.7965072133637056e-05,0.0005769359650397868,0.0023689077762681756,0.1779175308805238,0.9977220956719818,3.7965072133636785e-05,0.002907878669174325,-0.00628173664662027,-0.0016176700765103092,-0.0005059167779559857,0.0002816270522356015,0.0015860607146944699,0.018982536066818528,1.8982536066818528e-05,1.8982536066818528e-05,0.0005579534289729683,0.018982536066818528,1.8982536066818528e-05,1.8982536066818528e-05,0.002349925240201357,0.501138952164009,0.501138952164009
2011-12-07,0.0038387976242289196,0.003774257001601737,0.06454062262718299,6.4540622627183e-05,0.0004947057587498726,0.003344091865479047,0.18206133025871113,0.9977220956719818,6.454062262718253e-05,0.0037742570016017366,-0.006814899737848859,-0.006389150464465487,-0.004030283321733331,-0.0001269204370211486,0.001544204500950534,0.030372057706909643,3.0372057706909645e-05,3.0372057706909645e-05,0.000464333701042963,0.03416856492027335,3.416856492027335e-05,3.416856492027335e-05,0.0033099233005587734,0.501138952164009,0.501138952164009
2011-12-08,-0.00047645896755890086,-0.000525813561332629,0.04935459377372817,4.935459377372817e-05,0.006387904002566571,-0.006864362970125472,-0.05831242815718008,0.9954441913439636,4.9354593773728145e-05,-0.000525813561332629,0.014326623615488395,0.012439325640183418,0.013364493491354098,0.012964419327720664,0.012711609926365748,0.02277904328018223,2.2779043280182233e-05,2.2779043280182233e-05,0.006365124959286389,0.026575550493545937,2.657555049354594e-05,2.657555049354594e-05,-0.006890938520619018,0.501138952164009,0.501138952164009
2011-12-09,0.0021976747428983003,0.0021331341202711174,0.06454062262718299,6.4540622627183e-05,-0.002519377512824173,0.004717052255722473,0.18474227462312445,0.9954441913439636,6.454062262718297e-05,0.0021331341202711174,-0.011185743418970542,-0.005866503256542996,-0.00528086519412099,-0.005979168504580413,-0.004585343260552719,0.04176157934700076,4.176157934700076e-05,4.176157934700076e-05,-0.002561139092171174,0.02277904328018223,2.2779043280182233e-05,2.2779043280182233e-05,0.004694273212442291,0.501138952164009,0.501138952164009
2011-12-12,0.0007912758384893408,0.0007495142591423401,0.04176157934700076,4.176157934700076e-05,0.001980558319276729,-0.0011892824807873883,0.01202574393916144,0.9977220956719818,4.176157934700068e-05,0.00074951425914234,0.0025889780218670303,0.0019415213526158956,0.002773097534982225,0.0022974750986900537,0.004779433601762819,0.015186028853454821,1.5186028853454822e-05,1.5186028853454822e-05,0.0019653722904232744,0.026575550493545937,2.657555049354594e-05,2.657555049354594e-05,-0.0012158580312809342,0.501138952164009,0.501138952164009
2011-12-13,0.0007236835553208356,0.0006743289615471074,0.04935459377372817,4.935459377372817e-05,-0.0007054983615923261,0.0014291819169131618,0.07724517029800124,0.9977220956719818,4.9354593773728145e-05,0.0006743289615471074,-0.003951327949150939,-0.0006529467588555494,-0.0014515567310656226,-0.0030055075213220026,-0.0006089311080142111,0.02277904328018223,2.2779043280182233e-05,2.2779043280182233e-05,-0.0007282774048725084,0.026575550493545937,2.657555049354594e-05,2.657555049354594e-05,0.0014026063664196158,0.501138952164009,0.501138952164009
2011-12-14,-0.001204661830766011,-0.0012485546312077864,0.04389280044177535,4.3892800441775354e-05,0.0024348376864630574,-0.003639499517229068,-0.05185425953685444,0.9954545454545455,4.389280044177538e-05,-0.0012485546312077864,0.00678680533354559,0.008263386436283228,0.005001753691603907,0.006864324126791182,0.003872350995993581,0.03140746876509973,3.140746876509973e-05,3.140746876509973e-05,0.0024034302176979576,0.012485331676675622,1.2485331676675623e-05,1.2485331676675623e-05,-0.003651984848905744,0.5,0.5
2011-12-15,-0.0004963103876733962,-0.0005455528119158204,0.04924242424242424,4.9242424242424245e-05,-0.0009636736228764695,0.00046736323520307337,-0.023163418660192957,0.9954545454545455,4.924242424242419e-05,-0.0005455528119158205,-0.0007378274004155726,-0.0013285246103872947,-0.0010981393181325875,-0.0031780384042346026,-0.001302001666512107,0.030303030303030304,3.0303030303030306e-05,3.0303030303030306e-05,-0.0009939766531794998,0.01893939393939394,1.893939393939394e-05,1.893939393939394e-05,0.0004484238412636794,0.5,0.5
2011-12-16,-0.0011306129261446042,-0.0011647038352355131,0.03409090909090909,3.409090909090909e-05,0.00039099867237033306,-0.001521611598514937,-0.07780341787758954,0.9954545454545455,3.4090909090908963e-05,-0.0011647038352355134,0.002972404510335774,0.0031848605704180733,0.00014364947204068836,0.0014294754456441463,0.000458258294288926,0.01893939393939394,1.893939393939394e-05,1.893939393939394e-05,0.0003720592784309391,0.015151515151515152,1.5151515151515153e-05,1.5151515151515153e-05,-0.0015367631136664521,0.5,0.5
2011-12-19,0.000585088377286826,0.0005358459530444018,0.04924242424242424,4.9242424242424245e-05,0.0021500473580408504,-0.0015649589807540244,0.02181318407953045,0.9931818181818182,4.924242424242419e-05,0.0005358459530444017,0.0023894785176636,0.004610796849196946,0.005931129120004602,0.007363604752572374,0.002768339697836364,0.022727272727272728,2.272727272727273e-05,2.272727272727273e-05,0.0021273200853135776,0.026515151515151516,2.651515151515152e-05,2.651515151515152e-05,-0.001591474132269176,0.5,0.5
2011-12-20,0.00013656802972333875,8.353772669303582e-05,0.05303030303030303,5.303030303030304e-05,-0.001914954218840573,0.0020515222485639117,0.07539528159628539,0.990909090909091,5.303030303030293e-05,8.353772669303571e-05,-0.004309629394675199,-0.0036898747020330715,-0.0017729669875160255,-0.0007631031468814319,-0.005367646896415556,0.03409090909090909,3.409090909090909e-05,3.409090909090909e-05,-0.0019490451279314822,0.01893939393939394,1.893939393939394e-05,1.893939393939394e-05,0.0020325828546245176,0.5,0.5
2011-12-21,-0.0021708035337725646,-0.002220045958014989,0.04924242424242424,4.9242424242424245e-05,0.00011657897853096193,-0.0022873825123035266,-0.11467746114771933,0.9931818181818182,4.92424242424243e-05,-0.002220045958014989,0.004653037311699432,0.004418220450422294,0.003466760387265622,0.0014657989728629917,-0.00037483414758370686,0.026515151515151516,2.651515151515152e-05,2.651515151515152e-05,9.006382701581042e-05,0.022727272727272728,2.272727272727273e-05,2.272727272727273e-05,-0.0023101097850307993,0.5,0.5
2011-12-22,-0.0008115091692713042,-0.0008588576541197889,0.04924242424242424,4.9242424242424245e-05,-0.004371416620614078,0.003559907451342774,-0.07607331285526221,0.9886363636363636,4.734848484848472e-05,-0.0008607515935137285,-0.006458458729203921,-0.008442527249648803,-0.007980694618097183,-0.009618154479778422,-0.008305172621953023,0.01893939393939394,1.893939393939394e-05,1.7045454545454546e-05,-0.004388462075159532,0.030303030303030304,3.0303030303030306e-05,3.0303030303030306e-05,0.003529604421039744,0.5,0.5
2011-12-26,0.0012201922256777752,0.0011764040033181242,0.04757610114752972,4.7576101147529723e-05,0.001324503034895084,-0.00010431080921730888,0.09724406177243683,0.9863945578231292,4.378822235965099e-05,0.0011726161245302455,-0.000828541844336795,0.002303201460565334,0.002971319717468842,0.0013636256005046742,0.0033774881001282973,0.031350924208067066,3.135092420806707e-05,2.7563045420188278e-05,0.0012969399894748959,0.016225176939462654,1.6225176939462656e-05,1.6225176939462656e-05,-0.00012053598615677154,0.4988662131519275,0.5026455026455027
2011-12-27,0.0007931287576956934,0.000747777283772791,0.045351473922902494,4.5351473922902495e-05,0.0007962201217594505,-3.0913640637570284e-06,0.062283854056567875,0.9863945578231292,4.535147392290245e-05,0.000747777283772791,5.147067670656465e-05,-8.552080217304882e-05,-0.00017002875188003866,0.0018752078328314948,0.001490356971778661,0.022675736961451247,2.2675736961451248e-05,2.2675736961451248e-05,0.0007735443847979993,0.022675736961451247,2.2675736961451248e-05,2.2675736961451248e-05,-2.5767101025208275e-05,0.4988662131519275,0.5026455026455027
2011-12-28,-0.00045114239772621446,-0.0004964938716491169,0.045351473922902494,4.5351473922902495e-05,0.00025594734324202516,-0.0007070897409682396,-0.021161799592719334,0.9909297052154195,4.535147392290245e-05,-0.0004964938716491169,0.0007942534481531468,0.002645622467603776,0.0005752166634345355,0.001485153830157098,2.732067235548921e-05,0.015117157974300832,1.5117157974300832e-05,1.5117157974300832e-05,0.00024083018526772432,0.030234315948601664,3.0234315948601665e-05,3.0234315948601665e-05,-0.0007373240569168413,0.4988662131519275,0.5026455026455027
2011-12-29,0.0008979502294505525,0.0008374815975533491,0.06046863189720333,6.046863189720333e-05,0.0024846709326657103,-0.0015867207032151578,0.07650583857133748,0.9931972789115646,6.0468631897203444e-05,0.0008374815975533492,0.0016840770749411184,0.006135532690931164,0.004096477724074809,0.004684020882195301,0.005187896666284525,0.030234315948601664,3.0234315948601665e-05,3.0234315948601665e-05,0.0024544366167171087,0.030234315948601664,3.0234315948601665e-05,3.0234315948601665e-05,-0.0016169550191637593,0.4988662131519275,0.5026455026455027
2011-12-30,0.0009905417719161826,0.0009376317190061298,0.052910052910052914,5.291005291005291e-05,-0.003870117213712141,0.004860658985628324,0.06850100528121633,0.9931972789115646,5.291005291005284e-05,0.0009376317190061297,-0.009072301694669965,-0.010879443562991533,-0.007639319452490164,-0.007760681512538592,-0.007845552048236028,0.01889644746787604,1.889644746787604e-05,1.889644746787604e-05,-0.003889013661180017,0.034013605442176874,3.401360544217687e-05,3.401360544217687e-05,0.004826645380186147,0.4988662131519275,0.5026455026455027
2012-01-04,0.0008567512015876162,0.0004070157518521666,0.44973544973544977,0.00044973544973544977,-0.00014131145085035691,0.000998062652437973,0.006720749608394821,0.9931972789115646,0.00044973544973544955,0.0004070157518521664,-0.00155384158806348,-0.0028589881022145,-0.0064389450823513225,-0.00284080789131879,0.0010069487048623255,0.23431594860166288,0.0002343159486016629,0.0002343159486016629,-0.0003756273994520198,0.21541950113378686,0.00021541950113378687,0.00021541950113378687,0.0007826431513041862,0.4988662131519275,0.5026455026455027
2012-01-05,0.00039042864149661327,0.0003790907730158876,0.011337868480725623,1.1337868480725624e-05,0.002390216795358505,-0.0019997881538618917,-0.0025072585395349324,0.9931972789115646,1.1337868480725693e-05,0.00037909077301588763,0.005253129298246421,0.001400350862907388,0.004171429637713758,0.0027270231960012737,0.005890371763537981,0.003779289493575208,3.779289493575208e-06,3.779289493575208e-06,0.0023864375058649297,0.007558578987150416,7.558578987150416e-06,7.558578987150416e-06,-0.002007346732849042,0.4988662131519275,0.5026455026455027
2012-01-06,-0.0003772723028851826,-0.00040750661883378426,0.030234315948601664,3.0234315948601665e-05,-0.0025221991891997116,0.0021449268863145293,-0.03723575430754953,0.9909297052154195,3.0234315948601668e-05,-0.00040750661883378426,-0.0035771299527350194,-0.005663252007395629,-0.0003520962838958704,-0.00670253313581566,-0.004319697862692672,0.015117157974300832,1.5117157974300832e-05,1.5117157974300832e-05,-0.0025373163471740126,0.015117157974300832,1.5117157974300832e-05,1.5117157974300832e-05,0.0021298097283402283,0.4988662131519275,0.5026455026455027
2012-01-10,0.001532141283384398,0.001513244835916522,0.01889644746787604,1.889644746787604e-05,0.0022168529860903887,-0.0006847117027059906,0.08635115116750244,0.9909297052154195,1.8896447467876137e-05,0.001513244835916522,0.0013960844987603183,0.0012937090033258358,0.004330314233852262,0.0041604756537450506,0.004662052979098932,0.007558578987150416,7.558578987150416e-06,7.558578987150416e-06,0.0022092944071032384,0.011337868480725623,1.1337868480725624e-05,1.1337868480725624e-05,-0.0006960495711867162,0.4988662131519275,0.5026455026455027
2012-01-11,-0.002606916494774014,-0.0026409301002161913,0.034013605442176874,3.401360544217687e-05,0.0006510801786721957,-0.0032579966734462102,-0.20768273771810697,0.9931972789115646,3.4013605442177134e-05,-0.002640930100216191,0.007746301055232854,0.003923752860866891,0.003479918889276264,0.0035596057047656837,0.00017992142835601072,0.015117157974300832,1.5117157974300832e-05,1.5117157974300832e-05,0.0006359630206978949,0.01889644746787604,1.889644746787604e-05,1.889644746787604e-05,-0.0032768931209140864,0.4988662131519275,0.5026455026455027
2012-01-12,0.0023882414808960167,0.0023542278754538396,0.03779289493575208,3.779289493575208e-05,-0.0014699340878447477,0.0038581755687407643,0.16169393365965135,0.9931972789115646,3.4013605442177134e-05,0.0023504485859602645,-0.008846404975857095,-0.005307800287216473,-0.0077443842417008555,-0.005540818658157002,-0.001687773705637351,0.01889644746787604,1.889644746787604e-05,1.5117157974300832e-05,-0.0014850512458190485,0.01889644746787604,1.889644746787604e-05,1.889644746787604e-05,0.003839279121272888,0.4988662131519275,0.5026455026455027
2012-01-13,0.0009872579149536862,0.0009570235990050845,0.030234315948601664,3.0234315948601665e-05,0.002672717050941956,-0.0016854591359882702,0.061230219716621875,0.9931972789115646,3.0234315948601776e-05,0.0009570235990050846,0.002578672480227538,0.004919787196414668,0.005840856911854123,0.004604613456233667,0.005867417902383259,0.01889644746787604,1.889644746787604e-05,1.889644746787604e-05,0.00265382060347408,0.011337868480725623,1.1337868480725624e-05,1.1337868480725624e-05,-0.0016967970044689958,0.4988662131519275,0.5026455026455027
2012-01-16,0.001259604494257542,0.0012180323098282147,0.045351473922902494,4.5351473922902495e-05,0.0014268125981599681,-0.00016720810390242599,0.06439790699286853,0.9931972789115646,4.15721844293272e-05,0.0012142530203346393,-0.0017677364826919203,0.004581177528458246,0.0016769613884397435,0.0020244402339903347,0.0033156234847994573,0.022675736961451247,2.2675736961451248e-05,1.889644746787604e-05,0.001407916150692092,0.022675736961451247,2.2675736961451248e-05,2.2675736961451248e-05,-0.00018988384086387724,0.4988662131519275,0.5026455026455027
2012-01-17,-0.0031711989381714477,-0.0032014332541200497,0.030234315948601664,3.0234315948601665e-05,-0.0023886460076290106,-0.0007825529305424375,-0.20878409492808012,0.9931972789115646,3.0234315948601993e-05,-0.0032014332541200493,0.0017467512027547513,0.001172787463099002,0.0005566792733274098,-0.0027998265855369506,-0.005848774297184026,0.01889644746787604,1.889644746787604e-05,1.889644746787604e-05,-0.0024075424550968868,0.011337868480725623,1.1337868480725624e-05,1.1337868480725624e-05,-0.0007938907990231632,0.4988662131519275,0.5026455026455027
2012-01-18,-0.0017997300067123048,-0.0018375229016480566,0.04157218442932729,4.157218442932729e-05,-1.3888148163721128e-05,-0.0017858418585485836,-0.07896061412660567,0.9931972789115646,3.779289493575184e-05,-0.001841302191141632,0.004472288611103369,0.00169318339508535,0.00039618111367442784,0.003255388441439561,-0.0017082778538076893,0.022675736961451247,2.2675736961451248e-05,1.889644746787604e-05,-3.278459563159717e-05,0.01889644746787604,1.889644746787604e-05,1.889644746787604e-05,-0.0018047383060164597,0.4988662131519275,0.5026455026455027
2012-01-19,0.003923199238540999,0.0038740684751245214,0.052910052910052914,5.291005291005291e-05,-0.0026998222758450865,0.006623021514386086,0.2369322546068814,0.9931972789115646,4.91307634164777e-05,0.0038702891856309462,-0.012636006824702634,-0.014269247393364172,-0.013493943148198706,-0.010092879992086424,-0.0031067385578943357,0.03779289493575208,3.779289493575208e-05,3.401360544217687e-05,-0.002733835881287263,0.015117157974300832,1.5117157974300832e-05,1.5117157974300832e-05,0.006607904356411785,0.4988662131519275,0.5026455026455027
2012-01-20,0.0009617496367682189,0.0009315153208196172,0.030234315948601664,3.0234315948601665e-05,0.0015424163206756425,-0.0005806666839074237,0.02834744762250414,0.9909297052154195,3.0234315948601668e-05,0.0009315153208196172,0.0011088932466318962,0.0012489296729923992,-0.0012448324668892093,0.0018331455909705763,0.003774500290155804,0.015117157974300832,1.5117157974300832e-05,1.5117157974300832e-05,0.0015272991627013417,0.015117157974300832,1.5117157974300832e-05,1.5117157974300832e-05,-0.0005957838418817245,0.4988662131519275,0.5026455026455027
2012-01-23,-0.001161634882162733,-0.0011880899086177594,0.030234315948601664,3.0234315948601665e-05,-0.00012029594283592026,-0.0010413389393268129,-0.11780338771698796,0.9909297052154195,2.645502645502642e-05,-0.0011918691981113345,0.0023909772225776177,0.0014259388758287883,-0.0008397208084468598,0.0013828054640994366,-0.0010695621414268603,0.015117157974300832,1.5117157974300832e-05,1.1337868480725624e-05,-0.00013163381131664587,0.015117157974300832,1.5117157974300832e-05,1.5117157974300832e-05,-0.0010564560973011137,0.4988662131519275,0.5026455026455027
2012-01-24,0.0011534671610279371,0.0011307914240664858,0.026455026455026457,2.6455026455026456e-05,-0.001915670876441082,0.003069138037469019,0.08056894982405348,0.9931972789115646,2.2675736961451278e-05,0.0011270121345729107,-0.006019578924823818,-0.006280713645567787,-0.004450963996773861,-0.00343078435588846,-0.004091172439623196,0.015117157974300832,1.5117157974300832e-05,1.1337868480725624e-05,-0.0019270087449218076,0.011337868480725623,1.1337868480725624e-05,1.1337868480725624e-05,0.0030578001689882937,0.4988662131519275,0.5026455026455027
2012-01-25,-0.00046390286684317724,-0.00048657860380462857,0.022675736961451247,2.2675736961451248e-05,9.63558074431438e-05,-0.0005602586742863211,-0.08488397940124984,0.9931972789115646,2.2675736961451332e-05,-0.00048657860380462846,0.001593902324145557,0.00014516223561831772,-0.00013563564137381422,0.0012817716641443484,-0.000355197776699948,0.007558578987150416,7.558578987150416e-06,7.558578987150416e-06,8.879722845599338e-05,0.015117157974300832,1.5117157974300832e-05,1.5117157974300832e-05,-0.0005753758322606219,0.4988662131519275,0.5026455026455027
2012-01-26,0.0023035582607617727,0.0022884411027874717,0.015117157974300832,1.5117157974300832e-05,0.0007031955632969778,0.0016003626974647946,0.09470293881148105,0.9931972789115646,1.5117157974300997e-05,0.0022884411027874717,-0.003351398052539694,-0.002845035069844361,-0.0012096019770214215,-0.001799626669343756,0.0030488404540173057,0.011337868480725623,1.1337868480725624e-05,1.1337868480725624e-05,0.0006918576948162522,0.003779289493575208,3.779289493575208e-06,3.779289493575208e-06,0.0015965834079712195,0.4988662131519275,0.5026455026455027
2012-01-27,0.001805960118769264,0.001787063671301388,0.01889644746787604,1.889644746787604e-05,0.0033791057699525157,-0.0015731456511832516,0.04989677065715636,0.9909297052154195,1.8896447467876137e-05,0.001787063671301388,0.003405929774553122,0.002571058849269558,0.0055192183470302745,0.005783053832066819,0.007385615460167,0.007558578987150416,7.558578987150416e-06,7.558578987150416e-06,0.0033715471909653654,0.011337868480725623,1.1337868480725624e-05,1.1337868480725624e-05,-0.0015844835196639772,0.4988662131519275,0.5026455026455027
2012-01-30,0.0015523438146188703,0.0015221094986702687,0.030234315948601664,3.0234315948601665e-05,0.0032582520523025678,-0.0017059082376836975,0.035787466327160664,0.9909297052154195,3.023431594860156e-05,0.0015221094986702687,0.00211737444886086,0.005975840766874769,0.006887655570328137,0.0036590121481062466,0.008080074305708479,0.015117157974300832,1.5117157974300832e-05,1.5117157974300832e-05,0.0032431348943282668,0.015117157974300832,1.5117157974300832e-05,1.5117157974300832e-05,-0.0017210253956579983,0.4988662131519275,0.5026455026455027
2012-01-31,0.002219553034836193,0.0021817601399004407,0.04157218442932729,4.157218442932729e-05,0.001253729485254616,0.0009658235495815766,0.08627424294366276,0.9931972789115646,3.7792894935752275e-05,0.0021779808504068655,-0.0008475625775511305,-0.004093723677664422,0.004801077583862893,0.002732043382088136,0.0024596152672848076,0.015117157974300832,1.5117157974300832e-05,1.1337868480725624e-05,0.0012423916167738904,0.026455026455026457,2.6455026455026456e-05,2.6455026455026456e-05,0.0009393685231265502,0.4988662131519275,0.5026455026455027
2012-02-01,0.0002208072686679202,0.00018679366322574333,0.03779289493575208,3.779289493575208e-05,-0.0023749325639478803,0.0025957398326158006,0.012897604126776326,0.9931972789115646,3.401360544217686e-05,0.0001830143737321681,-0.004326464526781094,-0.006858577655150535,-0.007453584170086791,-0.004852573916444464,-0.004768895449391411,0.01889644746787604,1.889644746787604e-05,1.5117157974300832e-05,-0.0023900497219221813,0.01889644746787604,1.889644746787604e-05,1.889644746787604e-05,0.0025768433851479245,0.4988662131519275,0.5026455026455027
2012-02-02,-0.001972807396067502,-0.0019954831330289535,0.022675736961451247,2.2675736961451248e-05,0.00081424297781552,-0.002787050373883022,-0.16251795221534962,0.9931972789115646,2.2675736961451278e-05,-0.0019954831330289535,0.0054786300537707335,0.005678533048723918,0.0013811840595711116,0.002023411952735919,0.001453086965627657,0.011337868480725623,1.1337868480725624e-05,1.1337868480725624e-05,0.0008029051093347944,0.011337868480725623,1.1337868480725624e-05,1.1337868480725624e-05,-0.0027983882423637473,0.4988662131519275,0.5026455026455027
2012-02-03,0.002335931452899635,0.0023094764264446088,0.030234315948601664,3.0234315948601665e-05,-0.0011196156841240413,0.0034555471370236765,0.06920977548779006,0.9931972789115646,2.645502645502642e-05,0.0023056971369510336,-0.006342565330466909,-0.007951124046475223,-0.007294168854783443,-0.0045652384092521765,-0.0011090676745595994,0.01889644746787604,1.889644746787604e-05,1.5117157974300832e-05,-0.001134732842098342,0.011337868480725623,1.1337868480725624e-05,1.1337868480725624e-05,0.003444209268542951,0.4988662131519275,0.5026455026455027
2012-02-06,-0.0014951969100425076,-0.0015367690944718348,0.045351473922902494,4.5351473922902495e-05,-5.9204692313914765e-05,-0.0014359922177285926,-0.12089658931293633,0.9931972789115646,4.15721844293272e-05,-0.0015405483839654101,0.0019273526092705624,0.004737026331497854,0.0005562856251820989,-0.0014004293451628314,0.0005281991908149739,0.015117157974300832,1.5117157974300832e-05,1.1337868480725624e-05,-7.054256079464038e-05,0.030234315948601664,3.0234315948601665e-05,3.0234315948601665e-05,-0.0014662265336771942,0.4988662131519275,0.5026455026455027
2012-02-07,0.0014093846520690078,0.001379150336120406,0.030234315948601664,3.0234315948601665e-05,-0.0016501377847844753,0.003059522436853483,0.06497586246858965,0.9931972789115646,3.0234315948601776e-05,0.0013791503361204062,-0.005244820266129623,-0.007790014388770344,-0.006395624364581529,-0.007386815032620062,-0.0012828344415941313,0.01889644746787604,1.889644746787604e-05,1.889644746787604e-05,-0.0016690342322523515,0.011337868480725623,1.1337868480725624e-05,1.1337868480725624e-05,0.0030481845683727575,0.4988662131519275,0.5026455026455027
2012-02-08,-0.00020239671238377293,-0.00023263102833237455,0.030234315948601664,3.0234315948601665e-05,0.0008424985118697417,-0.0010448952242535147,0.033028220350559204,0.9931972789115646,3.0234315948601614e-05,-0.0002326310283323746,0.0016326888829285029,0.0029811355853828006,0.002048801789578759,-0.0004578267091555,0.002793902085558341,0.01889644746787604,1.889644746787604e-05,1.889644746787604e-05,0.0008236020644018657,0.011337868480725623,1.1337868480725624e-05,1.1337868480725624e-05,-0.0010562330927342404,0.4988662131519275,0.5026455026455027
2012-02-09,-0.0005675178790702712,-0.0006053107740060233,0.03779289493575208,3.779289493575208e-05,-0.0005409259394024831,-2.659193966778803e-05,-0.010862878820341256,0.9909297052154195,3.779289493575206e-05,-0.0006053107740060233,-0.0007830493469770982,0.0017438095253876921,0.0005700562358473813,-0.001912600949701017,-0.0006888604856770436,0.01889644746787604,1.889644746787604e-05,1.889644746787604e-05,-0.0005598223868703592,0.01889644746787604,1.889644746787604e-05,1.889644746787604e-05,-4.548838713566407e-05,0.4988662131519275,0.5026455026455027
2012-02-10,0.001414591668451079,0.0013805780630089023,0.034013605442176874,3.401360544217687e-05,0.0005809062569308642,0.0008336854115202148,0.1011646121932849,0.9909297052154195,3.40136054421767e-05,0.001380578063008902,-0.0021482290861490816,-0.0006681993459313771,-0.00026843013841829246,-0.0016835619994839664,0.0026085372708213707,0.01889644746787604,1.889644746787604e-05,1.889644746787604e-05,0.0005620098094629882,0.015117157974300832,1.5117157974300832e-05,1.5117157974300832e-05,0.0008185682535459141,0.4988662131519275,0.5026455026455027
2012-02-13,-0.0024500645276131945,-0.002495416001536097,0.045351473922902494,4.5351473922902495e-05,2.901409111276479e-05,-0.0024790786187259594,-0.11693373127098293,0.9931972789115646,4.5351473922902556e-05,-0.002495416001536097,0.003780384160216276,0.0072615911876281886,0.0025379936164600134,0.0009890586331950358,-0.0004119707051970577,0.034013605442176874,3.401360544217687e-05,3.401360544217687e-05,-4.999514329412079e-06,0.011337868480725623,1.1337868480725624e-05,1.1337868480725624e-05,-0.002490416487206685,0.4988662131519275,0.5026455026455027
2012-02-14,-0.0037122538036166667,-0.003744377764312056,0.034013605442176874,3.401360544217687e-05,-0.0057783263446730135,0.002066072541056347,-0.24532096343906787,0.9931972789115646,3.212396069538935e-05,-0.0037462674090588434,-0.0035964029365301753,-0.0052092628278695135,-0.00950370326263559,-0.011374237411084424,-0.011821594307043274,0.01889644746787604,1.889644746787604e-05,1.889644746787604e-05,-0.00579722279214089,0.015117157974300832,1.5117157974300832e-05,1.3227513227513228e-05,0.0020528450278288336,0.4988662131519275,0.5026455026455027
2012-02-15,-0.004320585193222522,-0.004350819509171123,0.030234315948601664,3.0234315948601665e-05,0.0008598017969641602,-0.005180386990186682,-0.28086001260020055,0.9931972789115646,3.0234315948601126e-05,-0.004350819509171124,0.011277532071990108,0.008437472257385663,0.0061089603891804145,0.005187151015807367,-8.403324354107408e-06,0.015117157974300832,1.5117157974300832e-05,1.5117157974300832e-05,0.0008446846389898595,0.015117157974300832,1.5117157974300832e-05,1.5117157974300832e-05,-0.005195504148160983,0.4988662131519275,0.5026455026455027
2012-02-16,-0.00399536137518945,-0.004025595691138052,0.034013605442176874,3.401360544217687e-05,-0.00410542481229077,0.00011006343710132041,-0.19985756046664585,0.9931972789115646,3.0234315948601993e-05,-0.004029374980631627,0.0008621467991596894,-0.002433421852464867,-0.0070633282016567605,-0.005677722148362865,-0.009726460823304323,0.026455026455026457,2.6455026455026456e-05,2.2675736961451248e-05,-0.004128100549252221,0.007558578987150416,7.558578987150416e-06,7.558578987150416e-06,0.00010250485811416999,0.4988662131519275,0.5026455026455027
2012-02-17,-0.0006399308500154477,-0.0006701651659640494,0.034013605442176874,3.401360544217687e-05,-0.004439500893881444,0.0037995700438659963,-0.002909556680159197,0.9931972789115646,3.0234315948601668e-05,-0.0006739444554576246,-0.007530676798985723,-0.007704275827522144,-0.008548403411009702,-0.009244384857100045,-0.008826885089754346,0.01889644746787604,1.889644746787604e-05,1.5117157974300832e-05,-0.004454618051855745,0.015117157974300832,1.5117157974300832e-05,1.5117157974300832e-05,0.0037844528858916953,0.4988662131519275,0.5026455026455027
2012-02-20,0.004110127939551748,0.004087452202590296,0.022675736961451247,2.2675736961451248e-05,0.005061976357389197,-0.00095184841783745,0.2144429745241882,0.9931972789115646,2.2675736961451712e-05,0.004087452202590297,0.0004661167116723188,0.0048362000924356986,0.004482162713458829,0.008844252291005706,0.010922434981160122,0.01889644746787604,1.889644746787604e-05,1.889644746787604e-05,0.005043079909921321,0.003779289493575208,3.779289493575208e-06,3.779289493575208e-06,-0.0009556277073310253,0.4988662131519275,0.5026455026455027
2012-02-21,0.002984928563659154,0.0029471356687234018,0.04157218442932729,4.157218442932729e-05,0.0019393352602421613,0.0010455933034169925,0.19579844791749304,0.9931972789115646,3.7792894935752275e-05,0.0029433563792298266,-0.0038429809799914827,0.0015025590605771426,0.0020378512270261173,0.0035454270295263808,0.004152899076289711,0.030234315948601664,3.0234315948601665e-05,2.6455026455026456e-05,0.0019128802337871349,0.011337868480725623,1.1337868480725624e-05,1.1337868480725624e-05,0.0010342554349362669,0.4988662131519275,0.5026455026455027
2012-02-22,0.001433283020803342,0.001399269415361165,0.03779289493575208,3.779289493575208e-05,0.0017202781827961855,-0.0002869951619928435,0.06534102979041295,0.9931972789115646,3.401360544217692e-05,0.0013954901258675899,-0.0009148584534314305,0.0036175016602000855,0.0016890596854197218,0.0034845781050976046,0.003469703109696277,0.022675736961451247,2.2675736961451248e-05,1.889644746787604e-05,0.0017013817353283094,0.015117157974300832,1.5117157974300832e-05,1.5117157974300832e-05,-0.00030211231996714436,0.4988662131519275,0.5026455026455027
2012-02-23,-0.0027384337708190017,-0.002757330218286878,0.022675736961451247,2.2675736961451248e-05,-0.0014356575251599974,-0.0013027762456590043,-0.16945570289746775,0.9931972789115646,1.8896447467876137e-05,-0.002761109507780453,0.00371125605075675,0.00033132887549475285,0.0002853311179791078,-0.0031547527438500413,-0.002803091400324808,0.015117157974300832,1.5117157974300832e-05,1.1337868480725624e-05,-0.001446995393640723,0.007558578987150416,7.558578987150416e-06,7.558578987150416e-06,-0.0013103348246461548,0.4988662131519275,0.5026455026455027
2012-02-24,0.0022858767056160006,0.0022632009686545493,0.022675736961451247,2.2675736961451248e-05,-0.0022047014567562052,0.004490578162372205,0.14133753349539033,0.9931972789115646,2.2675736961451278e-05,0.0022632009686545493,-0.009875602460796868,-0.007109847419603778,-0.00933643646804469,-0.00590166263505942,-0.003763847087384621,0.015117157974300832,1.5117157974300832e-05,1.5117157974300832e-05,-0.0022198186147305062,0.007558578987150416,7.558578987150416e-06,7.558578987150416e-06,0.004483019583385055,0.4988662131519275,0.5026455026455027
2012-02-27,-0.0017315575703928416,-0.0017617918863414433,0.034013605442176874,3.401360544217687e-05,0.002188197640328981,-0.003919755210721822,-0.17405007048072058,0.9931972789115646,3.0234315948601776e-05,-0.0017655711758350185,0.00795506212469763,0.007567050566871387,0.0039904536016063755,0.005942730680138558,0.0036496200655741586,0.022675736961451247,2.2675736961451248e-05,1.889644746787604e-05,0.002169301192861105,0.011337868480725623,1.1337868480725624e-05,1.1337868480725624e-05,-0.003931093079202548,0.4988662131519275,0.5026455026455027
2012-02-28,-0.003554510151930729,-0.0035809651783857556,0.026455026455026457,2.6455026455026456e-05,-0.001502664715538509,-0.00205184543639222,-0.21240949095146938,0.9931972789115646,2.645502645502642e-05,-0.0035809651783857556,0.004687373345590341,0.002890622407168763,0.00047273623743059024,-0.006092916698766131,-0.0014886982642043647,0.01889644746787604,1.889644746787604e-05,1.889644746787604e-05,-0.0015215611630063851,0.007558578987150416,7.558578987150416e-06,7.558578987150416e-06,-0.0020594040153793704,0.4988662131519275,0.5026455026455027
2012-02-29,-0.00038541809721766534,-0.00040809383417911657,0.022675736961451247,2.2675736961451248e-05,0.0006164823900592545,-0.00100190048727692,-0.03409130425499904,0.9931972789115646,2.2675736961451224e-05,-0.00040809383417911657,0.0018801156762190863,0.0022476453735626283,0.0015775134703209953,0.006429041361343129,-0.0013765124079243554,0.01889644746787604,1.889644746787604e-05,1.889644746787604e-05,0.0005975859425913785,0.003779289493575208,3.779289493575208e-06,3.779289493575208e-06,-0.0010056797767704951,0.4988662131519275,0.5026455026455027
2012-03-01,0.0019243752862521013,0.0018865823913163493,0.04157218442932729,4.157218442932729e-05,-0.000895982030181928,0.0028203573164340295,0.12009227865337088,0.9931972789115646,3.779289493575206e-05,0.0018828031018227741,-0.005964264465036293,-0.004952804794027911,-0.003494926984619367,-0.0010290790097411495,-0.002230201962296832,0.026455026455026457,2.6455026455026456e-05,2.2675736961451248e-05,-0.0009186577671433792,0.015117157974300832,1.5117157974300832e-05,1.5117157974300832e-05,0.0028052401584597285,0.4988662131519275,0.5026455026455027
2012-03-02,0.0014398029588297617,0.0014095686428811601,0.030234315948601664,3.0234315948601665e-05,0.002239093855991604,-0.0007992908971618425,0.0593344057951497,0.9931972789115646,3.023431594860156e-05,0.0014095686428811601,0.0020680210054654586,0.0006307701586804071,0.0010233104717220247,0.0017735829277685197,0.005981704482250739,0.015117157974300832,1.5117157974300832e-05,1.5117157974300832e-05,0.002223976698017303,0.015117157974300832,1.5117157974300832e-05,1.5117157974300832e-05,-0.0008144080551361432,0.4988662131519275,0.5026455026455027
2012-03-05,0.003985516010909864,0.0039590609844548375,0.026455026455026457,2.6455026455026456e-05,0.0020235076239973446,0.001962008386912519,0.2780767721093854,0.9931972789115646,2.645502645502642e-05,0.0039590609844548375,-0.005083576524570055,-0.0015335427239153464,0.00019187758586615362,0.0006268336531134211,0.005905109727589616,0.011337868480725623,1.1337868480725624e-05,1.1337868480725624e-05,0.002012169755516619,0.015117157974300832,1.5117157974300832e-05,1.5117157974300832e-05,0.001946891228938218,0.4988662131519275,0.5026455026455027
2012-03-06,0.0008541977016881174,0.0008164048067523654,0.03779289493575208,3.779289493575208e-05,0.005565190747963605,-0.004710993046275488,0.02335921232394726,0.9931972789115646,3.779289493575206e-05,0.0008164048067523654,0.008839193926806158,0.01057104598985623,0.011923112770775401,0.012882812166106788,0.010531462053517106,0.026455026455026457,2.6455026455026456e-05,2.6455026455026456e-05,0.005538735721508579,0.011337868480725623,1.1337868480725624e-05,1.1337868480725624e-05,-0.004722330914756214,0.4988662131519275,0.5026455026455027
2012-03-07,-0.004959420771313828,-0.004982096508275279,0.022675736961451247,2.2675736961451248e-05,-0.004002375486284546,-0.0009570452850292814,-0.32353589075656114,0.9931972789115646,2.2675736961450844e-05,-0.004982096508275279,0.003525741663750981,-0.0013921109345997578,-0.0046304603283690874,-0.00297667329516634,-0.010791336380041535,0.011337868480725623,1.1337868480725624e-05,1.1337868480725624e-05,-0.004013713354765272,0.011337868480725623,1.1337868480725624e-05,1.1337868480725624e-05,-0.0009683831535100071,0.4988662131519275,0.5026455026455027
2012-03-08,0.00019172783955231297,0.00016905210259086172,0.022675736961451247,2.2675736961451248e-05,-0.0013316893177720151,0.001523417157324328,-0.0457965092603191,0.9931972789115646,2.267573696145125e-05,0.00016905210259086172,-0.003369243620389455,-0.0023731838531805913,-0.002223666489132496,-0.0038403307027545545,-0.0021324470065264512,0.011337868480725623,1.1337868480725624e-05,1.1337868480725624e-05,-0.0013430271862527408,0.011337868480725623,1.1337868480725624e-05,1.1337868480725624e-05,0.0015120792888436024,0.4988662131519275,0.5026455026455027
2012-03-09,0.0012434039914118796,0.001213169675463278,0.030234315948601664,3.0234315948601665e-05,-5.0136186443251634e-05,0.0012935401778551314,0.08998175520093878,0.9931972789115646,3.023431594860156e-05,0.001213169675463278,-0.001970462333969713,-0.003836772030739386,-0.0032048182874704805,-0.00198536448413084,0.0008615116554520067,0.015117157974300832,1.5117157974300832e-05,1.5117157974300832e-05,-6.525334441755247e-05,0.015117157974300832,1.5117157974300832e-05,1.5117157974300832e-05,0.0012784230198808306,0.4988662131519275,0.5026455026455027
2012-03-12,-0.0033231064059246395,-0.003353340721873241,0.030234315948601664,3.0234315948601665e-05,-0.0006903492446487565,-0.0026327571612758827,-0.2644219134953318,0.9931972789115646,3.023431594860156e-05,-0.003353340721873241,0.0060982666447688275,0.003537512953774091,0.003791433725561379,0.0021137088881767315,-0.0032054604792306645,0.022675736961451247,2.2675736961451248e-05,2.2675736961451248e-05,-0.0007130249816102078,0.007558578987150416,7.558578987150416e-06,7.558578987150416e-06,-0.002640315740263033,0.4988662131519275,0.5026455026455027
2012-03-13,-0.0016277487532661624,-0.0016504244902276137,0.022675736961451247,2.2675736961451248e-05,-0.0036334874232078433,0.002005738669941681,-0.10695839398926306,0.9931972789115646,2.2675736961451278e-05,-0.0016504244902276137,-0.0035334379834883363,-0.004971091299680617,-0.006973933013779058,-0.007674371423877826,-0.007252888715467104,0.011337868480725623,1.1337868480725624e-05,1.1337868480725624e-05,-0.0036448252916885687,0.011337868480725623,1.1337868480725624e-05,1.1337868480725624e-05,0.0019944008014609557,0.4988662131519275,0.5026455026455027
2012-03-14,-8.978753954408762e-05,-0.00011840154925053414,0.032406124843099536,3.2406124843099537e-05,-0.002133807102826347,0.002044019563282259,-0.03305892468149076,0.9909502262443439,2.8614009706446524e-05,-0.00012219366438718715,-0.003796001797786024,-0.004694938578839057,-0.006293953685899929,-0.0029948982521785447,-0.0050477920996940834,0.016194511992831274,1.6194511992831274e-05,1.240667207053757e-05,-0.0021462137748968846,0.016211612850268266,1.6211612850268266e-05,1.6207337635909017e-05,0.00202781222564635,0.5015082956259428,0.5015082956259428
2012-03-15,0.0005085454079300258,0.000493462451670599,0.01508295625942685,1.508295625942685e-05,0.0010671412553101445,-0.0005585958473801187,0.012847334710553486,0.9909502262443439,1.5082956259426816e-05,0.000493462451670599,0.0008069949225910786,0.0017544154164276203,0.0005013089053081143,0.0026022149360195052,0.0019594000432952567,0.007541478129713425,7.541478129713425e-06,7.541478129713425e-06,0.0010595997771804312,0.007541478129713425,7.541478129713425e-06,7.541478129713425e-06,-0.0005661373255098322,0.5015082956259428,0.5015082956259428
2012-03-16,0.0013831913854239302,0.0013605669510347899,0.022624434389140274,2.2624434389140274e-05,-0.0010697753010001595,0.0024529666864240894,0.08828416272752712,0.9909502262443439,2.2624434389140278e-05,0.0013605669510347899,-0.005307593627981512,-0.004095423732168137,-0.005034526184747333,-0.004594453980403059,-0.0009482376126454375,0.007541478129713425,7.541478129713425e-06,7.541478129713425e-06,-0.0010773167791298729,0.01508295625942685,1.508295625942685e-05,1.508295625942685e-05,0.0024378837301646627,0.5015082956259428,0.5015082956259428
2012-03-19,0.0012984790755496006,0.001279625380225317,0.018853695324283562,1.885369532428356e-05,0.0026561078330153563,-0.0013576287574657557,0.13283443317912857,0.9909502262443439,1.8853695324283493e-05,0.001279625380225317,0.002064544891685727,0.0040528425544802005,0.005203163628796827,0.0033738443249543494,0.0064645424071823375,0.007541478129713425,7.541478129713425e-06,7.541478129713425e-06,0.0026485663548856428,0.011312217194570137,1.1312217194570137e-05,1.1312217194570137e-05,-0.0013689409746603259,0.5015082956259428,0.5015082956259428
2012-03-21,-0.0003766798065933561,-0.00039176276285278293,0.01508295625942685,1.508295625942685e-05,-0.0005112909118040322,0.00013461110521067614,-0.037605022200302346,0.9909502262443439,1.5082956259426816e-05,-0.000391762762852783,-0.0003775671537918537,-4.8169848606812024e-05,-0.0011076784938236722,-0.0009274954960042842,-0.0011021459068167535,0.007541478129713425,7.541478129713425e-06,7.541478129713425e-06,-0.0005188323899337457,0.007541478129713425,7.541478129713425e-06,7.541478129713425e-06,0.0001270696270809627,0.5015082956259428,0.5015082956259428
2012-03-22,0.0006098025376249321,0.0005871781032357918,0.022624434389140274,2.2624434389140274e-05,0.0038796692233573488,-0.0032698666857324168,-0.031544844139460786,0.9909502262443439,2.2624434389140278e-05,0.0005871781032357918,0.007118007643772163,0.005371631373804925,0.0032568371532196525,0.004023926217384191,0.009905064238017026,0.007541478129713425,7.541478129713425e-06,7.541478129713425e-06,0.003872127745227635,0.01508295625942685,1.508295625942685e-05,1.508295625942685e-05,-0.0032849496419918435,0.5015082956259428,0.5015082956259428
2012-03-23,-0.0033715861218201588,-0.003394210556209299,0.022624434389140274,2.2624434389140274e-05,-0.0013219354784085873,-0.0020496506434115715,-0.19274643742289554,0.9909502262443439,2.2624434389140278e-05,-0.003394210556209299,0.004522565511291682,0.003242736094891702,0.0030023665837857175,0.0026014195766553574,-0.005407438956358058,0.01508295625942685,1.508295625942685e-05,1.508295625942685e-05,-0.0013370184346680142,0.007541478129713425,7.541478129713425e-06,7.541478129713425e-06,-0.002057192121541285,0.5015082956259428,0.5015082956259428
2012-03-26,0.00011733222855741756,0.00010224927229799064,0.01508295625942685,1.508295625942685e-05,-0.007600571295879481,0.007717903524436898,0.00030225914612398166,0.9909502262443439,1.5082956259426924e-05,0.00010224927229799072,-0.01731125193574424,-0.011634174537917883,-0.01151245230847653,-0.01657497623354612,-0.014957820388269866,0.01508295625942685,1.508295625942685e-05,1.508295625942685e-05,-0.007615654252138908,0.0,0.0,0.0,0.007717903524436898,0.5015082956259428,0.5015082956259428
2012-03-27,0.0029915528926354085,0.002957616241051698,0.03393665158371041,3.393665158371041e-05,0.0022459772971397895,0.0007455755954956188,0.18578283797845827,0.9909502262443439,3.3936651583710634e-05,0.0029576162410516983,-0.002476727673923306,0.0005218877023847382,0.0002650876527605856,0.0032058732108149164,0.005285752999135067,0.018853695324283562,1.885369532428356e-05,1.885369532428356e-05,0.002227123601815506,0.01508295625942685,1.508295625942685e-05,1.508295625942685e-05,0.000730492639236192,0.5015082956259428,0.5015082956259428
2012-03-28,0.0038652910765436706,0.0038426666421545303,0.022624434389140274,2.2624434389140274e-05,0.005228206048390594,-0.001362914971846923,0.24491338129730653,0.9909502262443439,2.2624434389140278e-05,0.0038426666421545303,0.0006599228762720697,0.006958894587254936,0.007346996808811371,0.010022938374639162,0.010994313436617,0.011312217194570137,1.1312217194570137e-05,1.1312217194570137e-05,0.005216893831196024,0.011312217194570137,1.1312217194570137e-05,1.1312217194570137e-05,-0.0013742271890414932,0.5015082956259428,0.5015082956259428
2012-03-29,-0.0014851806027829993,-0.0014927220809127127,0.007541478129713425,7.541478129713425e-06,0.0003982919940674943,-0.0018834725968504935,-0.14942462583023974,0.9909502262443439,7.541478129713354e-06,-0.0014927220809127127,0.005224840313656768,0.0007927849372252524,-0.00010417379600087903,0.00041006634635960744,0.001018419971940427,0.007541478129713425,7.541478129713425e-06,7.541478129713425e-06,0.00039075051593778087,0.0,0.0,0.0,-0.0018834725968504935,0.5015082956259428,0.5015082956259428
2012-03-30,-0.0009982955802277968,-0.0010171492755520802,0.018853695324283562,1.885369532428356e-05,-0.003286207992450494,0.002287912412222697,-0.12947537937521542,0.9909502262443439,1.8853695324283493e-05,-0.0010171492755520802,-0.0036979668502954864,-0.00638242119644048,-0.00703638129276559,-0.007347560344036372,-0.006374531447212448,0.0037707390648567124,3.7707390648567124e-06,3.7707390648567124e-06,-0.0032899787315153507,0.01508295625942685,1.508295625942685e-05,1.508295625942685e-05,0.0022728294559632703,0.5015082956259428,0.5015082956259428
2012-04-02,-0.00173651809988,-0.001762913273333997,0.026395173453996987,2.639517345399699e-05,-0.0008585688156237197,-0.0008779492842562803,-0.1009846164875545,0.9909502262443439,2.6395173453997063e-05,-0.001762913273333997,0.0016078124364952557,0.0020629159387744317,0.001622740309328482,0.0021786721804689666,-0.003762256114465639,0.01508295625942685,1.508295625942685e-05,1.508295625942685e-05,-0.0008736517718831465,0.011312217194570137,1.1312217194570137e-05,1.1312217194570137e-05,-0.0008892615014508505,0.5015082956259428,0.5015082956259428
2012-04-03,0.002498918889105081,0.002491377410975368,0.007541478129713425,7.541478129713425e-06,8.506074583583212e-05,0.002413858143269249,0.1552981501211857,0.9909502262443439,7.541478129713137e-06,0.0024913774109753674,-0.005055410579357521,-0.004372957196142193,-0.002458122108367706,-0.000844261694469826,0.0006942514459573838,0.007541478129713425,7.541478129713425e-06,7.541478129713425e-06,7.75192677061187e-05,0.0,0.0,0.0,0.002413858143269249,0.5015082956259428,0.5015082956259428
2012-04-04,0.0007615517314422974,0.0007502395142477273,0.011312217194570137,1.1312217194570137e-05,0.001053730010317989,-0.0002921782788756917,0.04047009330332116,0.9909502262443439,1.1312217194570139e-05,0.0007502395142477273,0.0014813113093788373,-0.001249448896020301,0.00031053621228982134,0.0018266134773302827,0.002314862857369747,0.0037707390648567124,3.7707390648567124e-06,3.7707390648567124e-06,0.0010499592712531322,0.007541478129713425,7.541478129713425e-06,7.541478129713425e-06,-0.00029971975700540513,0.5015082956259428,0.5015082956259428
2012-04-05,0.0002696419733236248,0.0002432467998696278,0.026395173453996987,2.639517345399699e-05,-0.0003353702170579812,0.000605012190381606,-0.013449853651019859,0.9909502262443439,2.639517345399701e-05,0.00024324679986962783,-0.001209391556506026,-0.0012141007898888645,-0.0019491249563492303,-0.0028189206070003236,0.0004080502923748559,0.011312217194570137,1.1312217194570137e-05,1.1312217194570137e-05,-0.00034668243425255136,0.01508295625942685,1.508295625942685e-05,1.508295625942685e-05,0.0005899292341221792,0.5015082956259428,0.5015082956259428
2012-04-06,-0.00027394936895379455,-0.0003041152814726483,0.0301659125188537,3.01659125188537e-05,0.003923426728984548,-0.004197376097938342,-0.06898941835929051,0.9909502262443439,3.016591251885374e-05,-0.00030411528147264823,0.008657546444764727,0.007876379484808908,0.008453920737153625,0.007220593777762436,0.008404495840757614,0.018853695324283562,1.885369532428356e-05,1.885369532428356e-05,0.0039045730336602644,0.011312217194570137,1.1312217194570137e-05,1.1312217194570137e-05,-0.004208688315132912,0.5015082956259428,0.5015082956259428
2012-04-09,-0.0011028181140614753,-0.001132984026580329,0.0301659125188537,3.01659125188537e-05,-0.004898799810442824,0.0037959816963813483,-0.12091801093916765,0.9909502262443439,3.016591251885363e-05,-0.001132984026580329,-0.007590143320463477,-0.007613140008254803,-0.00940653859101397,-0.01062186643333799,-0.009672088217006571,0.022624434389140274,2.2624434389140274e-05,2.2624434389140274e-05,-0.0049214242448319635,0.007541478129713425,7.541478129713425e-06,7.541478129713425e-06,0.0037884402182516348,0.5015082956259428,0.5015082956259428
2012-04-10,0.0026088888613809732,0.0025711814707324063,0.037707390648567124,3.770739064856712e-05,0.005105600804955515,-0.002496711943574541,0.13895216400911162,0.9909502262443439,3.7707390648566985e-05,0.0025711814707324063,0.005282788559968753,0.004412869553994234,0.007288674344879057,0.012432847601362445,0.009383256267607613,0.018853695324283562,1.885369532428356e-05,1.885369532428356e-05,0.005086747109631231,0.018853695324283562,1.885369532428356e-05,1.885369532428356e-05,-0.0025155656388988245,0.5015082956259428,0.5015082956259428
2012-04-11,0.001790027034487416,0.0017560903829037056,0.03393665158371041,3.393665158371041e-05,0.0009469489228255261,0.00084307811166189,0.1180735045973309,0.9909502262443439,3.393665158371042e-05,0.0017560903829037056,6.030497803096583e-05,-0.005263251913965268,-0.0009618057786492195,0.000955153915714648,0.002431442814440523,0.01508295625942685,1.508295625942685e-05,1.508295625942685e-05,0.0009318659665660993,0.018853695324283562,1.885369532428356e-05,1.885369532428356e-05,0.0008242244163376063,0.5015082956259428,0.5015082956259428
2012-04-12,0.0023276527747224016,0.0023050283403332613,0.022624434389140274,2.2624434389140274e-05,-0.0017180853548754613,0.004045738129597863,0.12409512373095609,0.9909502262443439,2.2624434389140278e-05,0.0023050283403332613,-0.008060545523922122,-0.008173360927362858,-0.0038335090322365647,-0.005531980114421024,-0.0024677803613772933,0.01508295625942685,1.508295625942685e-05,1.508295625942685e-05,-0.0017331683111348882,0.007541478129713425,7.541478129713425e-06,7.541478129713425e-06,0.004038196651468149,0.5015082956259428,0.5015082956259428
2012-04-13,-0.0008121939999529262,-0.0008385891734069232,0.026395173453996987,2.639517345399699e-05,0.002612292179401252,-0.0034244861793541782,-0.09476548996007651,0.9909502262443439,2.6395173453996955e-05,-0.0008385891734069232,0.00656665326675205,0.007442335494799898,0.005251372821588726,0.004269744218478478,0.005871059771676266,0.018853695324283562,1.885369532428356e-05,1.885369532428356e-05,0.0025934384840769686,0.007541478129713425,7.541478129713425e-06,7.541478129713425e-06,-0.003432027657483892,0.5015082956259428,0.5015082956259428
2012-04-16,0.0007647664793016971,0.0007383713058477002,0.026395173453996987,2.639517345399699e-05,0.0035885603857534324,-0.0028237939064517355,0.015785953396966514,0.9909502262443439,2.6395173453996955e-05,0.0007383713058477002,0.0053182784581820835,0.0063343301428228655,0.006543607854743678,0.009041420508304405,0.006440275720190888,0.018853695324283562,1.885369532428356e-05,1.885369532428356e-05,0.003569706690429149,0.007541478129713425,7.541478129713425e-06,7.541478129713425e-06,-0.002831335384581449,0.5015082956259428,0.5015082956259428
2012-04-17,0.003060641671688162,0.0030380172372990216,0.022624434389140274,2.2624434389140274e-05,-0.00136122564259906,0.0044218673142872224,0.2020916932717314,0.9909502262443439,2.2624434389140278e-05,0.0030380172372990216,-0.009079447209443538,-0.008381802531229802,-0.007966671058030238,-0.00328622071011041,-0.0025163177810745663,0.011312217194570137,1.1312217194570137e-05,1.1312217194570137e-05,-0.0013725378597936302,0.011312217194570137,1.1312217194570137e-05,1.1312217194570137e-05,0.0044105550970926525,0.5015082956259428,0.5015082956259428
2012-04-18,-0.002601891663634008,-0.002628286837088005,0.026395173453996987,2.639517345399699e-05,-0.0011837526631050261,-0.0014181390005289817,-0.13862941150722632,0.9909502262443439,2.6395173453997063e-05,-0.002628286837088005,0.0036472411160227347,0.0011835862899830455,-0.0009159860674027694,0.001977051621529913,-0.004661877646543826,0.011312217194570137,1.1312217194570137e-05,1.1312217194570137e-05,-0.0011950648802995963,0.01508295625942685,1.508295625942685e-05,1.508295625942685e-05,-0.0014332219567884086,0.5015082956259428,0.5015082956259428
2012-04-19,0.0022035087740973434,0.0021827697092406313,0.022624434389140274,2.2624434389140274e-05,0.0030638678940295375,-0.0008603591199321942,0.13147744456279498,0.9909502262443439,2.0739064856712102e-05,0.002180884339708203,0.0022407284371471297,0.0007041621849334195,0.0030648789793901727,0.00349520206566693,0.0076598706349684685,0.011312217194570137,1.1312217194570137e-05,1.1312217194570137e-05,0.0030525556768349676,0.011312217194570137,1.1312217194570137e-05,9.42684766214178e-06,-0.0008697859675943359,0.5015082956259428,0.5015082956259428
2012-04-20,0.0010873421068671796,0.0010722591506077527,0.01508295625942685,1.508295625942685e-05,-0.0015825838514278647,0.002669925958295044,0.07466829147321451,0.9909502262443439,1.5082956259426924e-05,0.0010722591506077527,-0.0057575449001930935,-0.004577282111883032,-0.004416810169206557,-0.0026625996366727903,-0.0035179866672682193,0.007541478129713425,7.541478129713425e-06,7.541478129713425e-06,-0.001590125329557578,0.007541478129713425,7.541478129713425e-06,7.541478129713425e-06,0.0026623844801653305,0.5015082956259428,0.5015082956259428
2012-04-23,-0.00101498101546011,-0.0010451469279789637,0.0301659125188537,3.01659125188537e-05,0.003931389895641681,-0.004946370911101791,-0.08325579299682767,0.9909502262443439,3.016591251885363e-05,-0.0010451469279789637,0.010014587170561536,0.009783952150335902,0.008157570168439595,0.008171352373526957,0.007942617394057994,0.01508295625942685,1.508295625942685e-05,1.508295625942685e-05,0.003916306939382254,0.01508295625942685,1.508295625942685e-05,1.508295625942685e-05,-0.004961453867361218,0.5015082956259428,0.5015082956259428
2012-04-24,0.00228291334689653,0.0022640596515722464,0.018853695324283562,1.885369532428356e-05,0.0005936299996531267,0.0016892833472434033,0.09283997138356358,0.9909502262443439,1.8853695324283493e-05,0.0022640596515722464,-0.004511211142077208,-0.0011593491633217327,0.00047593618277952913,-0.0013266096245211421,0.0025093197603132493,0.007541478129713425,7.541478129713425e-06,7.541478129713425e-06,0.0005860885215234132,0.011312217194570137,1.1312217194570137e-05,1.1312217194570137e-05,0.0016779711300488331,0.5015082956259428,0.5015082956259428
2012-04-25,0.0006935692971639121,0.0006634033846450584,0.0301659125188537,3.01659125188537e-05,-6.989190072476207e-05,0.000763461197888674,0.09226087342111011,0.9909502262443439,3.016591251885363e-05,0.0006634033846450583,-0.002508245859135921,0.0004149028619064698,0.0028829209555374176,0.0003028527676279914,-0.00037047504474230827,0.011312217194570137,1.1312217194570137e-05,1.1312217194570137e-05,-8.120411791933221e-05,0.018853695324283562,1.885369532428356e-05,1.885369532428356e-05,0.0007446075025643904,0.5015082956259428,0.5015082956259428
2012-04-26,-0.0018107049161119751,-0.0018371000895659722,0.026395173453996987,2.639517345399699e-05,-0.002708624604278096,0.0008979196881661208,-0.14666202117847962,0.9886877828054299,2.6395173453997063e-05,-0.0018371000895659722,-0.00029775499523205953,-0.004816496857300772,-0.0025136844058864577,-0.0021125219787772147,-0.007284099290438863,0.01508295625942685,1.508295625942685e-05,1.508295625942685e-05,-0.0027237075605375228,0.011312217194570137,1.1312217194570137e-05,1.1312217194570137e-05,0.0008866074709715507,0.5015082956259428,0.5015082956259428
2012-04-27,-0.000936172283469232,-0.0009663381959880857,0.0301659125188537,3.01659125188537e-05,0.0018115741489574918,-0.002747746432426724,-0.0697848475602128,0.9886877828054299,3.016591251885374e-05,-0.0009663381959880857,0.005991075553970438,0.004579266025685646,0.006070079791424468,0.00572281307637128,0.0026917104125741406,0.007541478129713425,7.541478129713425e-06,7.541478129713425e-06,0.0018040326708277784,0.022624434389140274,2.2624434389140274e-05,2.2624434389140274e-05,-0.002770370866815864,0.5015082956259428,0.5015082956259428
2012-05-01,0.004824203561649127,0.00478649617100056,0.037707390648567124,3.770739064856712e-05,-0.0017860931811596046,0.006610296742808732,0.25414838717647187,0.9909502262443439,3.7707390648566985e-05,0.00478649617100056,-0.013722499829216422,-0.012397061618677962,-0.009257756909174505,-0.006180494408774142,-0.00234569950764494,0.01508295625942685,1.508295625942685e-05,1.508295625942685e-05,-0.0018011761374190315,0.022624434389140274,2.2624434389140274e-05,2.2624434389140274e-05,0.006587672308419592,0.5015082956259428,0.5015082956259428
2012-05-02,-0.0036884017207592353,-0.003718567633278089,0.0301659125188537,3.01659125188537e-05,0.0032305537714919755,-0.006918955492251211,-0.24010629274616543,0.9932126696832579,3.016591251885385e-05,-0.003718567633278089,0.014858491416928294,0.011647755919054608,0.008944153008226262,0.009266036407724427,0.005221363468137175,0.01508295625942685,1.508295625942685e-05,1.508295625942685e-05,0.003215470815232549,0.01508295625942685,1.508295625942685e-05,1.508295625942685e-05,-0.006934038448510638,0.5015082956259428,0.5015082956259428
2012-05-07,0.0011939701489376857,0.0011600334973539753,0.03393665158371041,3.393665158371041e-05,-0.001990329987875626,0.0031843001368133113,0.09552007420918708,0.9932126696832579,3.393665158371042e-05,0.0011600334973539753,-0.005015843427543312,-0.009046962073443986,-0.00671501318054358,-0.0034518681677473046,-0.004371550155857378,0.01508295625942685,1.508295625942685e-05,1.508295625942685e-05,-0.0020054129441350525,0.018853695324283562,1.885369532428356e-05,1.885369532428356e-05,0.0031654464414890278,0.5015082956259428,0.5015082956259428
2012-05-08,-0.003875658855231084,-0.0038982832896202243,0.022624434389140274,2.2624434389140274e-05,-0.001400872237409227,-0.0024747866178218567,-0.22209283523915158,0.9932126696832579,2.2624434389140278e-05,-0.0038982832896202243,0.004796027586045041,0.005215158088371538,-0.0005514405183386956,0.00151952402914661,-0.005097329937713695,0.011312217194570137,1.1312217194570137e-05,1.1312217194570137e-05,-0.0014121844546037972,0.011312217194570137,1.1312217194570137e-05,1.1312217194570137e-05,-0.0024860988350164266,0.5015082956259428,0.5015082956259428
2012-05-09,0.004679200821821764,0.0046490349093029106,0.0301659125188537,3.01659125188537e-05,0.0042864805187295945,0.000392720303092169,0.1970743254935223,0.9932126696832579,3.0165912518853415e-05,0.0046490349093029106,-0.0015097708297702025,0.0006868222606705637,0.004943280498012286,0.007232780721593793,0.009517817230429784,0.011312217194570137,1.1312217194570137e-05,1.1312217194570137e-05,0.004275168301535025,0.018853695324283562,1.885369532428356e-05,1.885369532428356e-05,0.00037386660776788543,0.5015082956259428,0.5015082956259428
2012-05-10,-0.006532681560014581,-0.006559076733468578,0.026395173453996987,2.639517345399699e-05,-0.006000384352220466,-0.0005322972077941159,-0.29036840776473194,0.9932126696832579,2.6395173453997063e-05,-0.006559076733468578,0.003308023342739884,-0.0034829285908375028,-0.00694981387037813,-0.007567643274974453,-0.014631693326860365,0.011312217194570137,1.1312217194570137e-05,1.1312217194570137e-05,-0.0060116965694150355,0.01508295625942685,1.508295625942685e-05,1.508295625942685e-05,-0.0005473801640535428,0.5015082956259428,0.5015082956259428
2012-05-11,-0.004380883993694104,-0.0044261328624723845,0.04901960784313726,4.901960784313726e-05,-0.005799681680673965,0.001418797686979861,-0.17150179991319567,0.9932126696832579,4.5248868778280556e-05,-0.004429903601537241,-0.0029588295873338643,-0.002566575302598755,-0.005104621772331449,-0.010761424004572544,-0.012236470408201645,0.026395173453996987,2.639517345399699e-05,2.2624434389140274e-05,-0.005822306115063105,0.022624434389140274,2.2624434389140274e-05,2.2624434389140274e-05,0.0013961732525907208,0.5015082956259428,0.5015082956259428
2012-05-14,0.0006070669517638116,0.0005806717783098147,0.026395173453996987,2.639517345399699e-05,0.001918569744312813,-0.0013115027925490015,0.010372407571833416,0.9932126696832579,2.6395173453996955e-05,0.0005806717783098147,0.0033030235834647943,0.0012236691285370097,-0.0009991485755383466,0.0027896465200837697,0.00443747412997784,0.018853695324283562,1.885369532428356e-05,1.885369532428356e-05,0.0018997160489885295,0.007541478129713425,7.541478129713425e-06,7.541478129713425e-06,-0.0013190442706787148,0.5015082956259428,0.5015082956259428
2012-05-15,-0.0013804378640306354,-0.0014181452546792024,0.037707390648567124,3.770739064856712e-05,-0.00017534617150113,-0.0012050916925295055,-0.09639057113837458,0.995475113122172,3.7707390648566985e-05,-0.0014181452546792026,0.003993544434890943,-0.000814434951056117,-0.002095976205641277,-0.0029944308259517373,0.0009799212834457104,0.018853695324283562,1.885369532428356e-05,1.885369532428356e-05,-0.00019419986682541357,0.018853695324283562,1.885369532428356e-05,1.885369532428356e-05,-0.001223945387853789,0.5015082956259428,0.5015082956259428
2012-05-16,0.0035182781788914578,0.0034843415273077476,0.03393665158371041,3.393665158371041e-05,-0.0018087263647794322,0.00532700454367089,0.2299787423770502,0.995475113122172,3.39366515837102e-05,0.0034843415273077476,-0.011985657658099209,-0.007863592577515685,-0.005490549507309605,-0.0032811906459808238,-0.0038540441783488396,0.011312217194570137,1.1312217194570137e-05,1.1312217194570137e-05,-0.0018200385819740024,0.022624434389140274,2.2624434389140274e-05,2.2624434389140274e-05,0.00530438010928175,0.5015082956259428,0.5015082956259428
2012-05-17,0.0002937551939993668,0.00027113075961022657,0.022624434389140274,2.2624434389140274e-05,0.0038204703220107755,-0.003526715128011409,-0.0027364435109309823,0.995475113122172,2.2624434389140224e-05,0.0002711307596102265,0.008103612238369329,0.004865076425767164,0.0032976460054408253,0.0029879440645343984,0.010134703339744184,0.011312217194570137,1.1312217194570137e-05,1.1312217194570137e-05,0.0038091581048162056,0.011312217194570137,1.1312217194570137e-05,1.1312217194570137e-05,-0.003538027345205979,0.5015082956259428,0.5015082956259428
2012-05-18,0.0013304237565962738,0.0013077993222071335,0.022624434389140274,2.2624434389140274e-05,0.00449138100530173,-0.003160957248705457,0.10256415674573827,0.995475113122172,2.2624434389140278e-05,0.0013077993222071335,0.005421246728793843,0.008086247806682614,0.009105216937879973,0.007273051320206365,0.010012643500194698,0.011312217194570137,1.1312217194570137e-05,1.1312217194570137e-05,0.0044800687881071605,0.011312217194570137,1.1312217194570137e-05,1.1312217194570137e-05,-0.003172269465900027,0.5015082956259428,0.5015082956259428
2012-05-21,-6.343234174349071e-05,-9.359825426234442e-05,0.0301659125188537,3.01659125188537e-05,-0.0016291706866374547,0.001565738344893964,-0.019909616362593908,0.995475113122172,3.0165912518853713e-05,-9.359825426234441e-05,-0.001276827681499679,-0.006854457850281995,-0.004123092539265489,-0.00241071976529338,-0.0037469470853257955,0.018853695324283562,1.885369532428356e-05,1.885369532428356e-05,-0.0016480243819617382,0.011312217194570137,1.1312217194570137e-05,1.1312217194570137e-05,0.0015544261276993938,0.5015082956259428,0.5015082956259428
2012-05-22,-0.0019242296544880815,-0.0019506248279420786,0.026395173453996987,2.639517345399699e-05,-0.0030294614622580346,0.0011052318077699526,-0.13964779119351198,0.995475113122172,2.6395173453997063e-05,-0.0019506248279420786,-0.0013504847772430589,-0.003929871141953618,-0.005018655587132889,-0.00476117125059421,-0.006826685572007878,0.01508295625942685,1.508295625942685e-05,1.508295625942685e-05,-0.0030445444185174613,0.011312217194570137,1.1312217194570137e-05,1.1312217194570137e-05,0.0010939195905753825,0.5015082956259428,0.5015082956259428
2012-05-23,0.0006345188026877112,0.0006269773245579977,0.007541478129713425,7.541478129713425e-06,0.0032638270463947088,-0.0026293082437069976,0.05290513803367692,0.995475113122172,7.541478129713462e-06,0.0006269773245579977,0.00542252317507256,0.004879272355673586,0.006020929245675072,0.003938403124103685,0.007957209140727752,0.007541478129713425,7.541478129713425e-06,7.541478129713425e-06,0.003256285568264995,0.0,0.0,0.0,-0.0026293082437069976,0.5015082956259428,0.5015082956259428
2012-05-24,-0.003602404552875678,-0.003628799726329675,0.026395173453996987,2.639517345399699e-05,-0.004847354778346586,0.0012449502254709079,-0.1719812132763646,0.995475113122172,2.6395173453997063e-05,-0.003628799726329675,-0.00170446625082892,-0.004055984169797974,-0.008014287915297852,-0.006721048054185694,-0.01137692382567062,0.011312217194570137,1.1312217194570137e-05,1.1312217194570137e-05,-0.004858666995541156,0.01508295625942685,1.508295625942685e-05,1.508295625942685e-05,0.001229867269211481,0.5015082956259428,0.5015082956259428
2012-05-25,-0.0034311413286638483,-0.0034575365021178453,0.026395173453996987,2.639517345399699e-05,-0.004632533594009281,0.0012013922653454328,-0.2432403153847996,0.995475113122172,2.6395173453997063e-05,-0.0034575365021178453,-0.0007774117355395123,-0.005668626916058913,-0.0069106246111783065,-0.007890873751380733,-0.01013045361000585,0.01508295625942685,1.508295625942685e-05,1.508295625942685e-05,-0.0046476165502687085,0.011312217194570137,1.1312217194570137e-05,1.1312217194570137e-05,0.0011900800481508627,0.5015082956259428,0.5015082956259428
2012-05-28,0.005726807022531152,0.005696641110012298,0.0301659125188537,3.01659125188537e-05,0.004761208012616321,0.0009655990099148308,0.2943594749972882,0.995475113122172,3.0165912518854282e-05,0.0056966411100122984,-0.0012709419491145084,-0.0032491596354141325,0.0028186042681055262,0.004422140195388114,0.012276990762629551,0.01508295625942685,1.508295625942685e-05,1.508295625942685e-05,0.0047461250563568935,0.01508295625942685,1.508295625942685e-05,1.508295625942685e-05,0.000950516053655404,0.5015082956259428,0.5015082956259428
2012-05-29,-0.0009985605529961013,-0.0010136435092555282,0.01508295625942685,1.508295625942685e-05,-0.003528620177344092,0.0025300596243479907,-0.12831433671004122,0.995475113122172,1.5082956259426924e-05,-0.0010136435092555282,-0.0056433647750117315,-0.0038343715318418835,-0.004896015607703721,-0.009259106791547097,-0.006073441059811274,0.0,0.0,0.0,-0.003528620177344092,0.01508295625942685,1.508295625942685e-05,1.508295625942685e-05,0.002514976668088564,0.5015082956259428,0.5015082956259428
2012-05-30,0.00359093499667216,0.0035683105622830195,0.022624434389140274,2.2624434389140274e-05,0.005544615177357141,-0.001953680180684982,0.22085684139052184,0.995475113122172,2.2624434389140278e-05,0.0035683105622830195,0.002639543483016637,0.006436286680208555,0.008360019108184076,0.008641905654207227,0.012530897658045928,0.0037707390648567124,3.7707390648567124e-06,3.7707390648567124e-06,0.005540844438292285,0.018853695324283562,1.885369532428356e-05,1.885369532428356e-05,-0.0019725338760092654,0.5015082956259428,0.5015082956259428
2012-05-31,-0.004660253117579623,-0.00468664829103362,0.026395173453996987,2.639517345399699e-05,-0.00737105755416483,0.0027108044365852075,-0.2574885576512651,0.995475113122172,2.6395173453997063e-05,-0.00468664829103362,-0.003557232491568953,-0.00914344647347182,-0.015256676552482173,-0.014786701069215685,-0.014990685245046235,0.011312217194570137,1.1312217194570137e-05,1.1312217194570137e-05,-0.0073823697713594,0.01508295625942685,1.508295625942685e-05,1.508295625942685e-05,0.0026957214803257808,0.5015082956259428,0.5015082956259428
2012-06-01,-0.0016308243214790965,-0.0016459072777385232,0.01508295625942685,1.508295625942685e-05,0.0065230154539278554,-0.008153839775406952,-0.14991315225613958,0.995475113122172,1.5082956259426707e-05,-0.0016459072777385234,0.015576290189779518,0.017638829126080592,0.01850133728471003,0.013338565945479459,0.013138009158397366,0.0037707390648567124,3.7707390648567124e-06,3.7707390648567124e-06,0.006519244714862999,0.011312217194570137,1.1312217194570137e-05,1.1312217194570137e-05,-0.008165151992601523,0.5015082956259428,0.5015082956259428
2012-06-04,0.005302421611553801,0.005287338655294374,0.01508295625942685,1.508295625942685e-05,0.0035902098454858693,0.0017122117660679321,0.34079914011576884,0.995475113122172,1.5082956259427141e-05,0.005287338655294374,-0.005355079447641851,0.0005118979654297542,0.00411959593458357,0.003914390682587835,0.008964258172287213,0.011312217194570137,1.1312217194570137e-05,1.1312217194570137e-05,0.0035788976282912994,0.0037707390648567124,3.7707390648567124e-06,3.7707390648567124e-06,0.0017084410270030753,0.5015082956259428,0.5015082956259428
2012-06-05,0.0010604265792359944,0.0010340314057819976,0.026395173453996987,2.639517345399699e-05,0.002902929132350336,-0.0018425025531143414,0.07613807171242902,0.995475113122172,2.6395173453996846e-05,0.0010340314057819973,0.0038187522377727064,0.003380971089185282,0.0031695057727303007,0.0032722032219557784,0.0071940214268190195,0.018853695324283562,1.885369532428356e-05,1.885369532428356e-05,0.0028840754370260523,0.007541478129713425,7.541478129713425e-06,7.541478129713425e-06,-0.0018500440312440548,0.5015082956259428,0.5015082956259428
2012-06-06,0.001622861088174267,0.0015889244365905563,0.03393665158371041,3.393665158371041e-05,-0.0014532413183451392,0.003076102406519406,0.10028794288475382,0.995475113122172,3.3936651583710634e-05,0.0015889244365905565,-0.006683084053059472,-0.005022451761060304,-0.004842484063002563,-0.002055198374589465,-0.003390469760266602,0.018853695324283562,1.885369532428356e-05,1.885369532428356e-05,-0.0014720950136694227,0.01508295625942685,1.508295625942685e-05,1.508295625942685e-05,0.0030610194502599794,0.5015082956259428,0.5015082956259428
2012-06-07,-0.0015912680017528106,-0.0016101216970770943,0.018853695324283562,1.885369532428356e-05,0.0020111611452311357,-0.0036024291469839466,-0.18679364891535408,0.995475113122172,1.885369532428371e-05,-0.0016101216970770941,0.008239322757515691,0.005046920099119227,0.0031430883661754186,0.0002264783964182601,0.0060160331755505034,0.011312217194570137,1.1312217194570137e-05,1.1312217194570137e-05,0.001999848928036566,0.007541478129713425,7.541478129713425e-06,7.541478129713425e-06,-0.00360997062511366,0.5015082956259428,0.5015082956259428
2012-06-08,0.0007412942511400744,0.0007262112948806476,0.01508295625942685,1.508295625942685e-05,-0.005657643167326144,0.006398937418466219,0.08770354279628605,0.995475113122172,1.5082956259426816e-05,0.0007262112948806476,-0.013154107456122993,-0.011960969085961237,-0.007543487644065191,-0.009157058064992805,-0.012614901300174826,0.011312217194570137,1.1312217194570137e-05,1.1312217194570137e-05,-0.005668955384520714,0.0037707390648567124,3.7707390648567124e-06,3.7707390648567124e-06,0.006395166679401362,0.5015082956259428,0.5015082956259428
2012-06-11,0.002264508105478408,0.0022456544101541243,0.018853695324283562,1.885369532428356e-05,0.006481179756355933,-0.004216671650877525,0.1134525957825665,0.995475113122172,1.8853695324283493e-05,0.0022456544101541243,0.008944949320347168,0.007321837097768669,0.006783261520355798,0.009579296086861828,0.014911722339812328,0.011312217194570137,1.1312217194570137e-05,1.1312217194570137e-05,0.006469867539161363,0.007541478129713425,7.541478129713425e-06,7.541478129713425e-06,-0.004224213129007238,0.5015082956259428,0.5015082956259428
2012-06-12,-0.00015119032604353036,-0.00017381476043267066,0.022624434389140274,2.2624434389140274e-05,-0.0013377877831227075,0.0011865974570791772,-0.06514595069752896,0.995475113122172,2.2624434389140305e-05,-0.00017381476043267064,-0.0021120119886670207,-0.002879922241500747,-0.002556428256397146,-0.005735855558450015,-0.0011770537415211645,0.01508295625942685,1.508295625942685e-05,1.508295625942685e-05,-0.0013528707393821345,0.007541478129713425,7.541478129713425e-06,7.541478129713425e-06,0.0011790559789494638,0.5015082956259428,0.5015082956259428
2012-06-13,6.0934760492462294e-05,3.831032610332205e-05,0.022624434389140274,2.2624434389140274e-05,0.0005206681660198619,-0.00045973340552739957,-0.04095762140018567,0.995475113122172,2.2624434389140244e-05,3.831032610332202e-05,0.0006103671841455626,0.001536332267202529,0.0031175869149098075,0.002513459105004225,0.0003159654828538099,0.018853695324283562,1.885369532428356e-05,1.885369532428356e-05,0.0005018144706955783,0.0037707390648567124,3.7707390648567124e-06,3.7707390648567124e-06,-0.0004635041445922563,0.5015082956259428,0.5015082956259428
2012-06-14,-0.002093823962915381,-0.002123989875434235,0.0301659125188537,3.01659125188537e-05,0.0019057281893486654,-0.003999552152264047,-0.1465008036762023,0.995475113122172,3.016591251885385e-05,-0.002123989875434235,0.007695601935535724,0.008540287693585127,0.005025863983344954,0.0047436605396906145,0.003410092552515851,0.022624434389140274,2.2624434389140274e-05,2.2624434389140274e-05,0.0018831037549595251,0.007541478129713425,7.541478129713425e-06,7.541478129713425e-06,-0.00400709363039376,0.5015082956259428,0.5015082956259428
2012-06-15,0.0035825923462676264,0.0035524264337487726,0.0301659125188537,3.01659125188537e-05,-0.0011532011338445478,0.004735793480112174,0.22820628769213214,0.995475113122172,3.016591251885385e-05,0.0035524264337487726,-0.011226079593607847,-0.00583662152487841,-0.004655500357256751,-0.004525746790309712,-0.0012263917462292725,0.018853695324283562,1.885369532428356e-05,1.885369532428356e-05,-0.0011720548291688313,0.011312217194570137,1.1312217194570137e-05,1.1312217194570137e-05,0.004724481262917604,0.5015082956259428,0.5015082956259428
2012-06-18,-0.00043508093564512265,-0.0004652468481639764,0.0301659125188537,3.01659125188537e-05,0.002554757146714242,-0.0029898380823593644,-0.053137013761810376,0.995475113122172,3.016591251885374e-05,-0.00046524684816397633,0.006677689865726718,0.004513424122546032,0.0068769358359358,0.005895272476413924,0.004806087429269014,0.018853695324283562,1.885369532428356e-05,1.885369532428356e-05,0.0025359034513899583,0.011312217194570137,1.1312217194570137e-05,1.1312217194570137e-05,-0.0030011502995539343,0.5015082956259428,0.5015082956259428
2012-06-19,0.0008655824841364955,0.0008429580497473552,0.022624434389140274,2.2624434389140274e-05,-0.0013101351447028856,0.002175717628839381,0.03544458578627144,0.995475113122172,2.2624434389140278e-05,0.0008429580497473552,-0.005138205162958581,-0.00272045581056568,-0.0007946662323881338,-0.002438221472380476,-0.0027605298343731524,0.011312217194570137,1.1312217194570137e-05,1.1312217194570137e-05,-0.0013214473618974557,0.011312217194570137,1.1312217194570137e-05,1.1312217194570137e-05,0.002164405411644811,0.5015082956259428,0.5015082956259428
2012-06-20,0.0024722133272401274,0.0024571303709807007,0.01508295625942685,1.508295625942685e-05,-0.0020909132356113375,0.004563126562851465,0.10514986694615722,0.995475113122172,1.5082956259426707e-05,0.0024571303709807007,-0.010454560364503662,-0.006356483909713235,-0.007053649202239537,-0.0035542719494836357,-0.004576117520768352,0.011312217194570137,1.1312217194570137e-05,1.1312217194570137e-05,-0.0021022254528059075,0.0037707390648567124,3.7707390648567124e-06,3.7707390648567124e-06,0.0045593558237866086,0.5015082956259428,0.5015082956259428
2012-06-21,0.004285521909454426,0.004255355996935573,0.0301659125188537,3.01659125188537e-05,0.007141643514550615,-0.002856121605096189,0.23759176066367735,0.995475113122172,3.0165912518853415e-05,0.004255355996935573,0.005135812480412988,0.006826275884426212,0.010221246664130419,0.011647335523156886,0.01587909306942437,0.01508295625942685,1.508295625942685e-05,1.508295625942685e-05,0.007126560558291188,0.01508295625942685,1.508295625942685e-05,1.508295625942685e-05,-0.0028712045613556157,0.5015082956259428,0.5015082956259428
2012-06-22,0.0010815062685722767,0.0010551110951182796,0.026395173453996987,2.639517345399699e-05,-0.0015996003370350228,0.0026811066056072995,0.02852691293953904,0.995475113122172,2.6395173453997063e-05,0.0010551110951182796,-0.004566146909130802,-0.006923690838509417,-0.008587295827115428,-0.00750990424250514,-0.0010779106058788714,0.01508295625942685,1.508295625942685e-05,1.508295625942685e-05,-0.0016146832932944497,0.011312217194570137,1.1312217194570137e-05,1.1312217194570137e-05,0.0026697943884127296,0.5015082956259428,0.5015082956259428
2012-06-25,-0.0013727980142495986,-0.0013954224486387391,0.022624434389140274,2.2624434389140274e-05,0.0015324076875770384,-0.0029052057018266373,-0.1535237080957875,0.995475113122172,2.2624434389140495e-05,-0.001395422448638739,0.005667564229700355,0.006046530356388465,0.0040848931401831386,0.0019929880758718845,0.00366325337249503,0.011312217194570137,1.1312217194570137e-05,1.1312217194570137e-05,0.0015210954703824683,0.011312217194570137,1.1312217194570137e-05,1.1312217194570137e-05,-0.002916517919021207,0.5015082956259428,0.5015082956259428
2012-06-26,0.0013241909847129777,0.001294025072194124,0.0301659125188537,3.01659125188537e-05,0.002208430362763818,-0.0008842393780508402,0.08116002665303024,0.995475113122172,3.016591251885363e-05,0.001294025072194124,0.0014654035484615564,0.002365440164681915,0.004242216245986159,0.005840869029999521,0.003777902240057304,0.018853695324283562,1.885369532428356e-05,1.885369532428356e-05,0.0021895766674395346,0.011312217194570137,1.1312217194570137e-05,1.1312217194570137e-05,-0.0008955515952454103,0.5015082956259428,0.5015082956259428
2012-06-27,0.0005803687770125947,0.0005539736035585977,0.026395173453996987,2.639517345399699e-05,-0.0011737708843225763,0.001754139661335171,0.0072174490007226744,0.995475113122172,2.6395173453997063e-05,0.0005539736035585978,-0.0019037816457528184,-0.006721847084411056,-0.004033810120301542,-0.005832939033272421,-0.0006279852995213874,0.007541478129713425,7.541478129713425e-06,7.541478129713425e-06,-0.0011813123624522897,0.018853695324283562,1.885369532428356e-05,1.885369532428356e-05,0.0017352859660108874,0.5015082956259428,0.5015082956259428
2012-06-28,-7.04548647858304e-05,-9.307929917497071e-05,0.022624434389140274,2.2624434389140274e-05,0.0012217519891320476,-0.001292206853917878,0.035079163162469375,0.995475113122172,2.2624434389140305e-05,-9.307929917497068e-05,0.0018937913147525102,0.003957859787410178,0.003991331729758193,0.0038052983786704725,0.0017997183776588298,0.01508295625942685,1.508295625942685e-05,1.508295625942685e-05,0.0012066690328726207,0.007541478129713425,7.541478129713425e-06,7.541478129713425e-06,-0.0012997483320475913,0.5015082956259428,0.5015082956259428
2012-06-29,-0.0009985815540803468,-0.0010287474665992005,0.0301659125188537,3.01659125188537e-05,-0.0027484527583503306,0.0017498712042699836,-0.07475019827769584,0.995475113122172,3.016591251885363e-05,-0.0010287474665992005,-0.002190247332520873,-0.006116677972228224,-0.005616653296450951,-0.007901587134596532,-0.00438183721370414,0.018853695324283562,1.885369532428356e-05,1.885369532428356e-05,-0.002767306453674614,0.011312217194570137,1.1312217194570137e-05,1.1312217194570137e-05,0.0017385589870754134,0.5015082956259428,0.5015082956259428
2012-07-02,-0.0005521752222875236,-0.0005747996566766639,0.022624434389140274,2.2624434389140274e-05,0.0005278478438597086,-0.001080023066147232,-0.053555686097176494,0.995475113122172,2.2624434389140278e-05,-0.0005747996566766639,0.0027461973223163218,0.0009547853512748474,7.86061448224819e-06,0.002346322999881987,0.00042237972639985353,0.011312217194570137,1.1312217194570137e-05,1.1312217194570137e-05,0.0005165356266651384,0.011312217194570137,1.1312217194570137e-05,1.1312217194570137e-05,-0.0010913352833418022,0.5015082956259428,0.5015082956259428
2012-07-03,-8.189976487485759e-05,-0.00010075346019914117,0.018853695324283562,1.885369532428356e-05,0.00017389739652118522,-0.0002557971613960428,-0.004085858820645674,0.995475113122172,1.8853695324283574e-05,-0.00010075346019914115,0.0013312589499995867,-0.0011510145306302877,-3.06456142273808e-05,-0.0001874385843163671,0.0006248837616935456,0.011312217194570137,1.1312217194570137e-05,1.1312217194570137e-05,0.00016258517932661508,0.007541478129713425,7.541478129713425e-06,7.541478129713425e-06,-0.0002633386395257562,0.5015082956259428,0.5015082956259428
2012-07-04,0.0001578245578346921,0.00013142938438069512,0.026395173453996987,2.639517345399699e-05,0.002647929122063194,-0.002490104564228502,0.03298256142382403,0.995475113122172,2.6395173453996982e-05,0.00013142938438069512,0.005004767827265034,0.004885258950154788,0.0038791086626914083,0.005185410195668493,0.005449112121399372,0.018853695324283562,1.885369532428356e-05,1.885369532428356e-05,0.0026290754267389105,0.007541478129713425,7.541478129713425e-06,7.541478129713425e-06,-0.0024976460423582155,0.5015082956259428,0.5015082956259428
2012-07-05,0.0010939328305043959,0.0010675376570503988,0.026395173453996987,2.639517345399699e-05,0.0018558858359304547,-0.0007619530054260588,0.04944545637679383,0.995475113122172,2.6395173453997063e-05,0.0010675376570503988,0.0018541045988788273,0.0008421506304267072,-0.0008166592043378731,0.004380604286392495,0.0034417739665228353,0.01508295625942685,1.508295625942685e-05,1.508295625942685e-05,0.0018408028796710278,0.011312217194570137,1.1312217194570137e-05,1.1312217194570137e-05,-0.0007732652226206289,0.5015082956259428,0.5015082956259428
2012-07-06,-0.0016360583752657739,-0.0016511413315252008,0.01508295625942685,1.508295625942685e-05,0.0023942220320727417,-0.004030280407338516,-0.09585765140597552,0.995475113122172,1.5082956259426924e-05,-0.0016511413315252008,0.007816920924765413,0.008480100039137552,0.009663872721009156,0.006425243359585606,0.004048700863033613,0.011312217194570137,1.1312217194570137e-05,1.1312217194570137e-05,0.0023829098148781718,0.0037707390648567124,3.7707390648567124e-06,3.7707390648567124e-06,-0.004034051146403372,0.5015082956259428,0.5015082956259428
2012-07-09,0.0002853498838667804,0.0002627254494776401,0.022624434389140274,2.2624434389140274e-05,-7.158520740744816e-05,0.0003569350912742286,0.009569042060382903,0.9932126696832579,2.2624434389140278e-05,0.0002627254494776401,-0.00045686379087121504,-0.0012272342913269834,0.000502823502169629,-0.00031608580117791337,-6.0168559232368e-05,0.011312217194570137,1.1312217194570137e-05,1.1312217194570137e-05,-8.28974246020183e-05,0.011312217194570137,1.1312217194570137e-05,1.1312217194570137e-05,0.00034562287407965844,0.5015082956259428,0.5015082956259428
2012-07-10,-0.001683653647157714,-0.0017100488206117108,0.026395173453996987,2.639517345399699e-05,-0.0001615925885860737,-0.0015220610585716403,-0.13240557222197746,0.9909502262443439,2.6395173453996846e-05,-0.001710048820611711,0.004763105099256865,-0.0004605854795605021,0.0008147970962039447,0.0008236850744100505,-0.0009044213244811948,0.01508295625942685,1.508295625942685e-05,1.508295625942685e-05,-0.00017667554484550056,0.011312217194570137,1.1312217194570137e-05,1.1312217194570137e-05,-0.0015333732757662104,0.5015082956259428,0.5015082956259428
2012-07-11,0.00024102618921943895,0.00021274564623301355,0.0301659125188537,3.01659125188537e-05,0.00039827955590652196,-0.00015725336668708312,0.03044891374146625,0.9909502262443439,2.82805429864254e-05,0.00021086027670058524,-0.000182696301216663,0.0013173537194022145,0.0018277680779940047,0.001818938211010185,0.0002941431832409366,0.011312217194570137,1.1312217194570137e-05,9.42684766214178e-06,0.00038885270824438016,0.018853695324283562,1.885369532428356e-05,1.885369532428356e-05,-0.0001761070620113667,0.5015082956259428,0.5015082956259428
2012-07-12,0.003047103949694157,0.0030244795153050166,0.022624434389140274,2.2624434389140274e-05,0.003874726381864408,-0.0008276224321702513,0.156234592941617,0.9932126696832579,2.2624434389140278e-05,0.0030244795153050166,0.0019011523683374752,0.0011427933688526201,0.0035064987337222616,0.006526730287524509,0.008547869758196837,0.007541478129713425,7.541478129713425e-06,7.541478129713425e-06,0.0038671849037346944,0.01508295625942685,1.508295625942685e-05,1.508295625942685e-05,-0.0008427053884296781,0.5015082956259428,0.5015082956259428
2012-07-13,-0.005011508623157954,-0.0050360184270795225,0.026395173453996987,2.639517345399699e-05,-0.003147424751338215,-0.0018640838718197385,-0.2630966288858205,0.9909502262443439,2.4509803921568887e-05,-0.005037903796611951,0.00659623098355476,-0.0021070344256767983,-0.00430116770699925,-0.0017337753047182226,-0.00873729547071277,0.011312217194570137,1.1312217194570137e-05,9.42684766214178e-06,-0.0031568515990003567,0.01508295625942685,1.508295625942685e-05,1.508295625942685e-05,-0.0018791668280791654,0.5015082956259428,0.5015082956259428
2012-07-17,-0.004036314460742655,-0.004068365742793937,0.03393665158371041,3.393665158371041e-05,-0.0036874226599866162,-0.0003488918007560383,-0.2537619462323803,0.9932126696832579,3.205128205128159e-05,-0.004070251112326366,0.0016575524847953665,-0.0012499105815065056,-0.005372213478494162,-0.0026003018461685278,-0.009827174535455905,0.01508295625942685,1.508295625942685e-05,1.3197586726998494e-05,-0.0037006202467136148,0.018853695324283562,1.885369532428356e-05,1.885369532428356e-05,-0.00036774549608032184,0.5015082956259428,0.5015082956259428
2012-07-18,0.0021142808406966226,0.0020878856672426256,0.026395173453996987,2.639517345399699e-05,0.00044456565870446766,0.0016697151819921549,0.1279317321334128,0.997737556561086,2.6395173453997063e-05,0.0020878856672426256,-0.003379895432319871,-0.0032272221088147936,-0.002605781279921278,0.0002954226333915163,0.0011920479183999781,0.018853695324283562,1.885369532428356e-05,1.885369532428356e-05,0.0004257119633801841,0.007541478129713425,7.541478129713425e-06,7.541478129713425e-06,0.0016621737038624415,0.5015082956259428,0.5015082956259428
2012-07-19,-0.00033727133877997856,-0.0003636665122339755,0.026395173453996987,2.639517345399699e-05,-0.0013914576230070685,0.00105418628422709,-0.023988196677272308,0.997737556561086,2.6395173453996955e-05,-0.00036366651223397557,-0.0009597807241721008,-0.004412493593766074,-0.003133839972131722,-0.004440743733305457,-0.001972975424500391,0.018853695324283562,1.885369532428356e-05,1.885369532428356e-05,-0.001410311318331352,0.007541478129713425,7.541478129713425e-06,7.541478129713425e-06,0.0010466448060973766,0.5015082956259428,0.5015082956259428
2012-07-20,-0.0041125026744001205,-0.00413512710878926,0.022624434389140274,2.2624434389140274e-05,-0.0008883594305494609,-0.0032241432438506593,-0.22911024549680012,0.997737556561086,2.2624434389139844e-05,-0.00413512710878926,0.007238949896511694,0.004790369260901228,0.002775739137391861,-0.0025398617813345535,-0.001407261393215871,0.01508295625942685,1.508295625942685e-05,1.508295625942685e-05,-0.0009034423868088877,0.007541478129713425,7.541478129713425e-06,7.541478129713425e-06,-0.003231684721980373,0.5015082956259428,0.5015082956259428
2012-07-23,0.0025282728246378,0.0025094191293135166,0.018853695324283562,1.885369532428356e-05,0.0021239214987133505,0.00040435132592444987,0.13119625472566648,0.997737556561086,1.8853695324283493e-05,0.0025094191293135166,-0.0014593122356118123,0.0005146549394156178,0.0006802422686282308,0.005064746961821722,0.0038683535811207355,0.011312217194570137,1.1312217194570137e-05,1.1312217194570137e-05,0.0021126092815187806,0.007541478129713425,7.541478129713425e-06,7.541478129713425e-06,0.00039680984779473646,0.5015082956259428,0.5015082956259428
2012-07-24,-0.00264158868619403,-0.0026566716424534565,0.01508295625942685,1.508295625942685e-05,0.0015174108746518068,-0.004158999560845837,-0.11549207095425583,0.997737556561086,1.5082956259426707e-05,-0.0026566716424534565,0.011447364086400779,0.0019125290874237822,0.005116731640668053,0.00331438275758331,0.002915733211636289,0.007541478129713425,7.541478129713425e-06,7.541478129713425e-06,0.0015098693965220934,0.007541478129713425,7.541478129713425e-06,7.541478129713425e-06,-0.00416654103897555,0.5015082956259428,0.5015082956259428
2012-07-25,0.004428409710466227,0.004405785276077086,0.022624434389140274,2.2624434389140274e-05,0.0033747706843358745,0.0010536390261303523,0.2524139725820398,0.997737556561086,2.262443438914071e-05,0.004405785276077087,-0.0021082082909482476,-0.002086239359894895,0.0023648244940613797,0.002052606030402203,0.009144028638047464,0.011312217194570137,1.1312217194570137e-05,1.1312217194570137e-05,0.0033634584671413045,0.011312217194570137,1.1312217194570137e-05,1.1312217194570137e-05,0.0010423268089357822,0.5015082956259428,0.5015082956259428
2012-07-26,-0.001379247073477378,-0.0014056422469313748,0.026395173453996987,2.639517345399699e-05,-0.001746788966252424,0.000367541892775046,-0.101529702790207,0.997737556561086,2.6395173453996846e-05,-0.001405642246931375,0.0001597441677115172,-0.002538394111142437,-0.005465991057926997,-0.006065399529911726,-0.002231486983341214,0.011312217194570137,1.1312217194570137e-05,1.1312217194570137e-05,-0.0017581011834469941,0.01508295625942685,1.508295625942685e-05,1.508295625942685e-05,0.0003524589365156191,0.5015082956259428,0.5015082956259428
2012-07-27,0.0001391930787365323,0.00010902716621767855,0.0301659125188537,3.01659125188537e-05,-0.0005166028756322553,0.0006557959543687876,-0.029916721933528657,0.997737556561086,3.016591251885374e-05,0.00010902716621767859,-0.0008342382090773971,-0.002265224692970776,-0.004522452715267045,-0.0019466300035413905,-0.000583538209793783,0.011312217194570137,1.1312217194570137e-05,1.1312217194570137e-05,-0.0005279150928268254,0.018853695324283562,1.885369532428356e-05,1.885369532428356e-05,0.000636942259044504,0.5015082956259428,0.5015082956259428
2012-07-30,0.002360779816936657,0.002326843165352947,0.03393665158371041,3.393665158371041e-05,-0.0008058120941262402,0.0031665919110628973,0.050713152393824665,0.997737556561086,3.39366515837102e-05,0.002326843165352947,-0.0071903211115392366,-0.0045418544519747325,-0.004451910958359956,-0.0027379142585581555,-0.0010594674998377282,0.01508295625942685,1.508295625942685e-05,1.508295625942685e-05,-0.000820895050385667,0.018853695324283562,1.885369532428356e-05,1.885369532428356e-05,0.003147738215738614,0.5015082956259428,0.5015082956259428
2012-07-31,-0.002999424572237713,-0.0030107367894322834,0.011312217194570137,1.1312217194570137e-05,-0.00047885740577980945,-0.002520567166457904,-0.19181133123504654,1.0,1.1312217194570356e-05,-0.003010736789432283,0.005741208099522796,0.003579247538343344,-0.0023159397689541884,5.4627044295846604e-05,-0.0014538940894586823,0.007541478129713425,7.541478129713425e-06,7.541478129713425e-06,-0.00048639888390952286,0.0037707390648567124,3.7707390648567124e-06,3.7707390648567124e-06,-0.0025243379055227607,0.5015082956259428,0.5015082956259428
2012-08-01,0.00024071148558444663,0.00021431631213044967,0.026395173453996987,2.639517345399699e-05,-0.0018535348398259677,0.0020942463254104145,-0.01584888166066913,1.0,2.6395173453996955e-05,0.00021431631213044965,-0.003649003971836033,-0.005241653909214428,-0.007420094511188496,-0.003947252974623823,-0.0035716663891954877,0.01508295625942685,1.508295625942685e-05,1.508295625942685e-05,-0.0018686177960853946,0.011312217194570137,1.1312217194570137e-05,1.1312217194570137e-05,0.0020829341082158445,0.5015082956259428,0.5015082956259428
2012-08-02,-0.007256279094874551,-0.007282674268328548,0.026395173453996987,2.639517345399699e-05,-0.0012517086194518549,-0.006004570475422696,-0.37600099946212207,1.0,2.6395173453997063e-05,-0.007282674268328548,0.012791339318390637,0.010317792971484817,0.006158513225136796,-0.0005404759176054502,-0.0034626088258875513,0.01508295625942685,1.508295625942685e-05,1.508295625942685e-05,-0.0012667915757112818,0.011312217194570137,1.1312217194570137e-05,1.1312217194570137e-05,-0.006015882692617266,0.5015082956259428,0.5015082956259428
2012-08-03,-0.002894282025539862,-0.0029169064599290024,0.022624434389140274,2.2624434389140274e-05,-0.006254073628797353,0.003359791603257491,-0.0899092750487936,1.0,2.2624434389140278e-05,-0.0029169064599290024,-0.0059631985233674955,-0.00818845601373135,-0.00615041161295199,-0.00783650049234599,-0.014761509041503754,0.018853695324283562,1.885369532428356e-05,1.885369532428356e-05,-0.006272927324121637,0.0037707390648567124,3.7707390648567124e-06,3.7707390648567124e-06,0.003356020864192634,0.5015082956259428,0.5015082956259428
2012-08-06,0.0005250159470445301,0.0005023915126553899,0.022624434389140274,2.2624434389140274e-05,0.001568366992789109,-0.0010433510457445788,0.05062479932066593,1.0,2.2624434389140278e-05,0.0005023915126553899,0.00038104251277768273,0.0055178162203238295,0.009873961792398946,0.0050280779327634036,0.00218758985894474,0.01508295625942685,1.508295625942685e-05,1.508295625942685e-05,0.001553284036529682,0.007541478129713425,7.541478129713425e-06,7.541478129713425e-06,-0.0010508925238742921,0.5015082956259428,0.5015082956259428
2012-08-07,0.0032756487061638803,0.0032417120545801697,0.03393665158371041,3.393665158371041e-05,0.002576338390588357,0.0006993103155755235,0.17622266826508343,1.0,3.3936651583710634e-05,0.00324171205458017,-0.0029750078799828834,0.0018026955824510858,0.007603812789234359,0.004359854119206266,0.005521475954370297,0.022624434389140274,2.2624434389140274e-05,2.2624434389140274e-05,0.0025537139561992166,0.011312217194570137,1.1312217194570137e-05,1.1312217194570137e-05,0.0006879980983809533,0.5015082956259428,0.5015082956259428
2012-08-08,0.00018648860613287112,0.00016763491080858754,0.018853695324283562,1.885369532428356e-05,-0.0022737151338136693,0.0024602037399465405,-0.07193132505650289,1.0,1.8853695324283574e-05,0.00016763491080858757,-0.0061691783306197815,-0.002349753645651405,-0.000648344353990612,-0.0047448403251515335,-0.004429396395288962,0.011312217194570137,1.1312217194570137e-05,1.1312217194570137e-05,-0.002285027351008239,0.007541478129713425,7.541478129713425e-06,7.541478129713425e-06,0.002452662261816827,0.5015082956259428,0.5015082956259428
2012-08-09,0.0007421719277682751,0.0007270889715088483,0.01508295625942685,1.508295625942685e-05,0.0006982982241818082,4.3873703586466864e-05,0.08933811413087547,1.0,1.5082956259426816e-05,0.0007270889715088483,-0.0008405003147858557,0.0014356641323820486,-0.0020282114391106925,0.001632374538414373,0.0012737551613795854,0.011312217194570137,1.1312217194570137e-05,1.1312217194570137e-05,0.000686986006987238,0.0037707390648567124,3.7707390648567124e-06,3.7707390648567124e-06,4.010296452161015e-05,0.5015082956259428,0.5015082956259428
2012-08-10,-0.000771566447681018,-0.0007941908820701582,0.022624434389140274,2.2624434389140274e-05,0.0018500928423220559,-0.0026216592900030738,-0.10352791924201526,1.0,2.262443438914017e-05,-0.0007941908820701583,0.005349304447463544,0.0049812715428309015,0.003768232846667047,0.0045315639023442095,0.003272537191917573,0.011312217194570137,1.1312217194570137e-05,1.1312217194570137e-05,0.0018387806251274857,0.011312217194570137,1.1312217194570137e-05,1.1312217194570137e-05,-0.0026329715071976437,0.5015082956259428,0.5015082956259428
2012-08-13,0.0013139392871248932,0.0012875441136708963,0.026395173453996987,2.639517345399699e-05,0.0009118483649482082,0.000402090922176685,0.10353848085509598,1.0,2.6395173453996846e-05,0.001287544113670896,-0.0017342939866786462,0.0010844920966623323,0.0023794003326507826,0.0029575376670245984,0.0012549497644402524,0.018853695324283562,1.885369532428356e-05,1.885369532428356e-05,0.0008929946696239246,0.007541478129713425,7.541478129713425e-06,7.541478129713425e-06,0.0003945494440469716,0.5015082956259428,0.5015082956259428
2012-08-14,-0.002580950539087727,-0.0026035749734768673,0.022624434389140274,2.2624434389140274e-05,-0.0017230311543438319,-0.0008579193847438949,-0.1671328715545951,1.0,2.2624434389140278e-05,-0.0026035749734768673,0.0032165311850109804,-0.0013352512416340081,-0.0020134864830924915,-0.004794703331932333,-0.0027638305115388934,0.007541478129713425,7.541478129713425e-06,7.541478129713425e-06,-0.0017305726324735452,0.01508295625942685,1.508295625942685e-05,1.508295625942685e-05,-0.0008730023410033217,0.5015082956259428,0.5015082956259428
2012-08-15,0.0010713100902495186,0.0010599978730549485,0.011312217194570137,1.1312217194570137e-05,0.00010283798925823396,0.0009684721009912847,0.04831250089895309,1.0,1.1312217194570139e-05,0.0010599978730549485,-0.0016348863322768244,-0.0025303163093238924,-0.002274229341565673,-0.0005682727898096844,0.0005873779494708961,0.007541478129713425,7.541478129713425e-06,7.541478129713425e-06,9.529651112852053e-05,0.0037707390648567124,3.7707390648567124e-06,3.7707390648567124e-06,0.0009647013619264281,0.5015082956259428,0.5015082956259428
2012-08-16,0.001224355155105538,0.0012130429379109678,0.011312217194570137,1.1312217194570137e-05,0.0011741409329242567,5.021422218128108e-05,0.06130773198322566,1.0,1.1312217194570139e-05,0.0012130429379109678,3.833078068264007e-05,-0.0003801875273461524,0.0003118996752206834,-0.0013821872186649284,0.004182004640817637,0.007541478129713425,7.541478129713425e-06,7.541478129713425e-06,0.0011665994547945433,0.0037707390648567124,3.7707390648567124e-06,3.7707390648567124e-06,4.644348311642437e-05,0.5015082956259428,0.5015082956259428
2012-08-17,0.00014312724722767879,0.0001167320737736817,0.026395173453996987,2.639517345399699e-05,7.741361503961506e-05,6.571363218806368e-05,0.009928819591736677,1.0,2.639517345399709e-05,0.0001167320737736818,-0.0010846777699048,0.0017979333242102889,-0.0012537763964933378,-0.0030920270078503708,0.0017593177421789017,0.01508295625942685,1.508295625942685e-05,1.508295625942685e-05,6.23306587801882e-05,0.011312217194570137,1.1312217194570137e-05,1.1312217194570137e-05,5.4401414993493545e-05,0.5015082956259428,0.5015082956259428
2012-08-20,-0.0008471182481113505,-0.0008622012043707773,0.01508295625942685,1.508295625942685e-05,-0.001014684752095354,0.0001675665039840035,-0.11833474490681843,1.0,1.5082956259426816e-05,-0.0008622012043707773,0.00045177222820414983,-0.0019237810265165238,-0.0016803501881223176,-0.0004760961571909813,-0.002788159161115558,0.011312217194570137,1.1312217194570137e-05,1.1312217194570137e-05,-0.001025996969289924,0.0037707390648567124,3.7707390648567124e-06,3.7707390648567124e-06,0.0001637957649191468,0.5015082956259428,0.5015082956259428
2012-08-21,0.0003368247088482419,0.0003066587963293882,0.0301659125188537,3.01659125188537e-05,0.0002916427137554956,4.5181995092746254e-05,-0.033400337040529006,1.0,3.0165912518853686e-05,0.0003066587963293882,0.0007291961170503834,-0.0017472890799109188,-0.0005303747740676329,0.0018672457525189298,-5.410298227949973e-05,0.01508295625942685,1.508295625942685e-05,1.508295625942685e-05,0.00027655975749606875,0.01508295625942685,1.508295625942685e-05,1.508295625942685e-05,3.0099038833319404e-05,0.5015082956259428,0.5015082956259428
2012-08-22,-0.0008890420867551778,-0.0009078957820794614,0.018853695324283562,1.885369532428356e-05,-0.002494126245026765,0.0016050841582715871,-0.08035726879743041,1.0,1.88536953242836e-05,-0.0009078957820794614,-0.0034170892464505565,-0.0027624403599892117,-0.003595152400434343,-0.004863952347247274,-0.005027285133732786,0.011312217194570137,1.1312217194570137e-05,1.1312217194570137e-05,-0.002505438462221335,0.007541478129713425,7.541478129713425e-06,7.541478129713425e-06,0.0015975426801418738,0.5015082956259428,0.5015082956259428
2012-08-23,-0.0006437407232522522,-0.0006550529404468223,0.011312217194570137,1.1312217194570137e-05,0.0034423190529926273,-0.0040860597762448795,-0.07341717725464904,1.0,1.1312217194570139e-05,-0.0006550529404468223,0.007206524730215842,0.010050962537975728,0.009607572072743526,0.009217301702466575,0.005700468965675454,0.0037707390648567124,3.7707390648567124e-06,3.7707390648567124e-06,0.0034385483139277705,0.007541478129713425,7.541478129713425e-06,7.541478129713425e-06,-0.004093601254374593,0.5015082956259428,0.5015082956259428
2012-08-24,-0.0012377275108798884,-0.0012641226843338855,0.026395173453996987,2.639517345399699e-05,-0.0015777507007031027,0.00034002318982321434,-0.10193450535275753,1.0,2.6395173453997063e-05,-0.0012641226843338855,-0.0004509049510165038,-0.0011373547568328999,-0.0035122982146484007,-0.0022128702370773586,-0.0036073392741017866,0.01508295625942685,1.508295625942685e-05,1.508295625942685e-05,-0.0015928336569625296,0.011312217194570137,1.1312217194570137e-05,1.1312217194570137e-05,0.0003287109726286442,0.5015082956259428,0.5015082956259428
2012-08-27,0.0003377544866574392,0.0003189007913331556,0.018853695324283562,1.885369532428356e-05,0.0011526921629118538,-0.0008149376762544146,-0.049345454451966586,1.0,1.88536953242836e-05,0.00031890079133315563,0.0030753494013663184,-0.0013087414767939001,1.3591962456791645e-05,0.005278896155311245,0.0008249722558486385,0.007541478129713425,7.541478129713425e-06,7.541478129713425e-06,0.0011451506847821404,0.011312217194570137,1.1312217194570137e-05,1.1312217194570137e-05,-0.0008262498934489848,0.5015082956259428,0.5015082956259428
2012-08-28,0.0010879565343348675,0.0010615613608808707,0.026395173453996987,2.639517345399699e-05,0.0006552682016705085,0.0004326883326643591,0.05281883546959329,1.0,2.6395173453996846e-05,0.0010615613608808705,-0.0011776892904118437,-0.0002257863403621349,-0.0011515650757150879,-9.353114571488078e-05,0.0019987921066794783,0.018853695324283562,1.885369532428356e-05,1.885369532428356e-05,0.0006364145063462249,0.007541478129713425,7.541478129713425e-06,7.541478129713425e-06,0.0004251468545346457,0.5015082956259428,0.5015082956259428
2012-08-29,0.0006060594220540557,0.0005796642486000588,0.026395173453996987,2.639517345399699e-05,-0.0010466454220494606,0.0016527048441035163,0.029773256758859126,1.0,2.6395173453996955e-05,0.0005796642486000588,-0.00232835451164986,-0.005251676661804885,-0.0028824614371910943,-0.005085066607219434,-0.0006048026428074366,0.011312217194570137,1.1312217194570137e-05,1.1312217194570137e-05,-0.0010579576392440308,0.01508295625942685,1.508295625942685e-05,1.508295625942685e-05,0.0016376218878440894,0.5015082956259428,0.5015082956259428
2012-08-30,0.0008633163001006136,0.0008293796485169031,0.03393665158371041,3.393665158371041e-05,0.003685410829467652,-0.0028220945293670387,0.06973298088118735,1.0,3.393665158371042e-05,0.0008293796485169031,0.005548261652597183,0.005786913229704301,0.006263390882703578,0.00526211780111209,0.008380199648605499,0.026395173453996987,2.639517345399699e-05,2.639517345399699e-05,0.003659015656013655,0.007541478129713425,7.541478129713425e-06,7.541478129713425e-06,-0.0028296360074967523,0.5015082956259428,0.5015082956259428
2012-08-31,-0.0002535920706612526,-0.0002837579831801063,0.0301659125188537,3.01659125188537e-05,0.00044249067575177515,-0.0006960827464130277,-0.062708257465167,1.0,3.016591251885374e-05,-0.00028375798318010627,0.0023627942072235583,-0.0005838077294127668,-0.0010988328511960575,-0.000484899341796495,0.0015582482949260282,0.018853695324283562,1.885369532428356e-05,1.885369532428356e-05,0.0004236369804274916,0.011312217194570137,1.1312217194570137e-05,1.1312217194570137e-05,-0.0007073949636075979,0.5015082956259428,0.5015082956259428
2012-09-03,0.0020621375347037005,0.0020395131003145602,0.022624434389140274,2.2624434389140274e-05,-0.00030264889364424127,0.002364786428347942,0.10476070963200353,1.0,2.2624434389140278e-05,0.0020395131003145602,-0.005015501930298399,-0.004108220204575376,-0.0034586647849858543,-0.0015742616538638786,-0.000123539031735305,0.007541478129713425,7.541478129713425e-06,7.541478129713425e-06,-0.0003101903717739547,0.01508295625942685,1.508295625942685e-05,1.508295625942685e-05,0.0023497034720885153,0.5015082956259428,0.5015082956259428
2012-09-04,-0.003276036177241768,-0.003313743567890335,0.037707390648567124,3.770739064856712e-05,-0.0012523891136697796,-0.0020236470635719888,-0.2181132220208799,1.0,3.7707390648566985e-05,-0.003313743567890335,0.0049080231228931445,0.002269480530040941,-0.0003423117118769461,-0.0003173768457073722,-0.0035749327161134956,0.01508295625942685,1.508295625942685e-05,1.508295625942685e-05,-0.0012674720699292065,0.022624434389140274,2.2624434389140274e-05,2.2624434389140274e-05,-0.002046271497961129,0.5015082956259428,0.5015082956259428
2012-09-05,-0.0018751008677491132,-0.00190149604120311,0.026395173453996987,2.639517345399699e-05,0.0017606616946426695,-0.0036357625623917827,-0.08556859104120898,1.0,2.6395173453996846e-05,-0.0019014960412031103,0.007520404296213032,0.006702005663257746,0.005337456193527548,0.004229109719786916,0.0031555803791978826,0.011312217194570137,1.1312217194570137e-05,1.1312217194570137e-05,0.0017493494774480994,0.01508295625942685,1.508295625942685e-05,1.508295625942685e-05,-0.0036508455186512094,0.5015082956259428,0.5015082956259428
2012-09-06,-0.00025381209622265264,-0.00027643653061179297,0.022624434389140274,2.2624434389140274e-05,-0.005245646766548524,0.004991834670325871,-0.049990129755670284,1.0,2.2624434389140332e-05,-0.0002764365306117929,-0.009870538887735886,-0.010121740762771067,-0.013292184144298379,-0.011409835052142929,-0.009990031238139095,0.007541478129713425,7.541478129713425e-06,7.541478129713425e-06,-0.0052531882446782375,0.01508295625942685,1.508295625942685e-05,1.508295625942685e-05,0.004976751714066444,0.5015082956259428,0.5015082956259428
2012-09-07,2.6595760830559062e-05,-3.570151688294706e-06,0.0301659125188537,3.01659125188537e-05,-0.001776166839785765,0.001802762600616324,0.0127241728432995,1.0,3.0165912518853767e-05,-3.5701516882946372e-06,-0.003398214639106975,-0.00399208042733928,-0.0033468103663892163,-0.004154434544168976,-0.003238700291772471,0.018853695324283562,1.885369532428356e-05,1.885369532428356e-05,-0.0017950205351100485,0.011312217194570137,1.1312217194570137e-05,1.1312217194570137e-05,0.001791450383421754,0.5015082956259428,0.5015082956259428
2012-09-10,-0.0019611531944275147,-0.001972465411622085,0.011312217194570137,1.1312217194570137e-05,0.001953699613711019,-0.0039148528081385334,-0.14373361777424984,1.0,1.1312217194570356e-05,-0.0019724654116220846,0.009064343717781784,0.0052611903144490916,0.002771979310659929,0.005844438730352481,0.002932200375512954,0.007541478129713425,7.541478129713425e-06,7.541478129713425e-06,0.0019461581355813054,0.0037707390648567124,3.7707390648567124e-06,3.7707390648567124e-06,-0.00391862354720339,0.5015082956259428,0.5015082956259428
2012-09-11,-0.0009211906023194775,-0.0009438150367086178,0.022624434389140274,2.2624434389140274e-05,-6.239970148414251e-05,-0.0008587909008353352,-0.06820182492166861,1.0,2.2624434389140278e-05,-0.0009438150367086178,0.0016650069789113993,0.0018083119495094619,0.00043964724591281945,-0.0010183991483544406,0.0003175411426292224,0.011312217194570137,1.1312217194570137e-05,1.1312217194570137e-05,-7.371191867871265e-05,0.011312217194570137,1.1312217194570137e-05,1.1312217194570137e-05,-0.0008701031180299053,0.5015082956259428,0.5015082956259428
2012-09-12,0.0004347395820147966,0.0004045736694959428,0.0301659125188537,3.01659125188537e-05,0.0016125045618744518,-0.0011777649798596552,0.0019427114481840662,1.0,3.0165912518853794e-05,0.00040457366949594293,0.0035130229796283413,-7.176648366861033e-06,0.001771642506149909,0.0045267604851169894,0.0025669522299321007,0.01508295625942685,1.508295625942685e-05,1.508295625942685e-05,0.0015974216056150248,0.01508295625942685,1.508295625942685e-05,1.508295625942685e-05,-0.0011928479361190821,0.5015082956259428,0.5015082956259428
2012-09-13,0.0005925164467231651,0.0005698920123340249,0.022624434389140274,2.2624434389140274e-05,-0.00178243269756245,0.0023749491442856155,0.045204051406984046,1.0,2.2624434389140278e-05,0.0005698920123340249,-0.005146710639038968,-0.003904074231592658,-0.0060328613094475176,-0.007132653351042983,-0.0017849933027828141,0.01508295625942685,1.508295625942685e-05,1.508295625942685e-05,-0.001797515653821877,0.007541478129713425,7.541478129713425e-06,7.541478129713425e-06,0.002367407666155902,0.5015082956259428,0.5015082956259428
2012-09-14,0.003837782339997685,0.0038151579056085448,0.022624434389140274,2.2624434389140274e-05,0.002043759535807338,0.0017940228041903466,0.19932994903118392,1.0,2.2624434389140278e-05,0.0038151579056085448,-0.0039184845569045414,-0.0028870391387903578,0.0027892748623668906,0.0023104633723751637,0.004947692590017964,0.007541478129713425,7.541478129713425e-06,7.541478129713425e-06,0.0020362180576776246,0.01508295625942685,1.508295625942685e-05,1.508295625942685e-05,0.0017789398479309197,0.5015082956259428,0.5015082956259428
2012-09-18,0.0007357321986984307,0.0007131077643092905,0.022624434389140274,2.2624434389140274e-05,-0.0006013173790046803,0.001337049577703111,0.06496816472725572,1.0,2.262443438914017e-05,0.0007131077643092904,-0.0025939468615001487,-0.002811915393939812,-0.0017164072083567712,-0.002936214721298311,-0.00034017888960579187,0.011312217194570137,1.1312217194570137e-05,1.1312217194570137e-05,-0.0006126295961992504,0.011312217194570137,1.1312217194570137e-05,1.1312217194570137e-05,0.0013257373605085408,0.5015082956259428,0.5015082956259428
2012-09-19,-0.002306462652184643,-0.002327520910528787,0.021058258344143488,2.1058258344143486e-05,6.410991543020201e-05,-0.0023705725676148454,-0.17150385071549024,0.9977426636568849,2.1058258344143835e-05,-0.0023275209105287865,0.004474712127160715,0.005269291117152778,0.0018027519658127254,0.0015080095190494738,-0.0005540674529980802,0.00864801555280914,8.64801555280914e-06,8.64801555280914e-06,5.5461899877392874e-05,0.012410242791334347,1.2410242791334348e-05,1.2410242791334348e-05,-0.0023829828104061797,0.5003762227238525,0.5003762227238525
2012-09-20,0.0015110324361637174,0.0014959835272096164,0.015048908954100828,1.5048908954100828e-05,0.0012843438536838871,0.00022668858247983044,0.012873980986733988,0.9977426636568849,1.5048908954100933e-05,0.0014959835272096164,-0.001370402392497823,0.001402545175208348,0.00405341755245581,0.001996506355965644,0.002848677715131335,0.003762227238525207,3.762227238525207e-06,3.762227238525207e-06,0.001280581626445362,0.011286681715575621,1.1286681715575622e-05,1.1286681715575622e-05,0.00021540190076425482,0.5003762227238525,0.5003762227238525
2012-09-21,0.0015527522862680897,0.0015377033773139887,0.015048908954100828,1.5048908954100828e-05,0.0027750447601324452,-0.0012222924738643556,0.07487106667636667,0.9977426636568849,1.5048908954100933e-05,0.0015377033773139887,0.0024932925162727605,0.0023405069455652286,0.002756566758068085,0.007109834452207878,0.004772743610629858,0.007524454477050414,7.524454477050414e-06,7.524454477050414e-06,0.002767520305655395,0.007524454477050414,7.524454477050414e-06,7.524454477050414e-06,-0.001229816928341406,0.5003762227238525,0.5003762227238525
2012-09-24,-0.0008915637056539078,-0.000914137069085059,0.022573363431151242,2.2573363431151244e-05,-0.005100421539291291,0.004208857833637384,-0.032911028623986496,0.9977426636568849,2.257336343115129e-05,-0.000914137069085059,-0.009590460037573053,-0.0060264424735639735,-0.007380765178254381,-0.010490140546523726,-0.01004635798984923,0.011286681715575621,1.1286681715575622e-05,1.1286681715575622e-05,-0.005111708221006867,0.011286681715575621,1.1286681715575622e-05,1.1286681715575622e-05,0.004197571151921808,0.5003762227238525,0.5003762227238525
2012-09-25,0.0009525822549406341,0.0009300088915094828,0.022573363431151242,2.2573363431151244e-05,0.0013918643154302419,-0.0004392820604896077,0.04428268963428399,0.9977426636568849,2.257336343115129e-05,0.0009300088915094828,-0.0003061417884686524,0.003272904337541995,0.0026204679867439054,0.006581060980526438,0.0009032679988561234,0.015048908954100828,1.5048908954100828e-05,1.5048908954100828e-05,0.001376815406476141,0.007524454477050414,7.524454477050414e-06,7.524454477050414e-06,-0.00044680651496665813,0.5003762227238525,0.5003762227238525
2012-09-26,-0.002396191559888611,-0.0024563871957050142,0.06019563581640331,6.0195635816403313e-05,-0.00043160197202725593,-0.001964589587861355,-0.16850268497744644,0.9977426636568849,6.01956358164033e-05,-0.0024563871957050142,0.0057509602765186876,0.0002352829055314777,0.001666548766266445,-0.0016945864606038815,-0.00045121348200307667,0.03762227238525207,3.762227238525207e-05,3.762227238525207e-05,-0.000469224244412508,0.022573363431151242,2.2573363431151244e-05,2.2573363431151244e-05,-0.0019871629512925064,0.5003762227238525,0.5003762227238525
2012-09-27,0.002596418170184485,0.0025663203522762836,0.030097817908201655,3.0097817908201657e-05,0.0021358158673108656,0.00046060230287361985,0.151672059690346,0.9977426636568849,3.0097817908201433e-05,0.002566320352276283,-0.0009194530359585977,-0.0009226539068975671,-0.0004786273729894966,-0.002149697936224328,0.007441422098034814,0.015048908954100828,1.5048908954100828e-05,1.5048908954100828e-05,0.0021207669583567647,0.015048908954100828,1.5048908954100828e-05,1.5048908954100828e-05,0.00044555339391951903,0.5003762227238525,0.5003762227238525
2012-09-28,-0.003580590446365392,-0.003599401582558018,0.018811136192626036,1.8811136192626035e-05,-0.0017275908583816273,-0.0018529995879837647,-0.16569107240048303,0.9977426636568849,1.881113619262584e-05,-0.003599401582558018,0.004762021112124747,0.0015615320797041409,0.0005657608624130682,0.0010269762014203784,-0.005667197786745316,0.007524454477050414,7.524454477050414e-06,7.524454477050414e-06,-0.0017351153128586777,0.011286681715575621,1.1286681715575622e-05,1.1286681715575622e-05,-0.0018642862696993403,0.5003762227238525,0.5003762227238525
2012-10-01,-0.0032029783843393234,-0.0032255517477704746,0.022573363431151242,2.2573363431151244e-05,-0.0036947375034264724,0.000491759119087149,-0.20889209998984834,0.9977426636568849,2.2573363431151183e-05,-0.0032255517477704746,0.00026429838790391504,-0.0035052756903821065,-0.0020277569509207062,-0.0039042044690046603,-0.009104227323309566,0.011286681715575621,1.1286681715575622e-05,1.1286681715575622e-05,-0.003706024185142048,0.011286681715575621,1.1286681715575622e-05,1.1286681715575622e-05,0.0004804724373715734,0.5003762227238525,0.5003762227238525
2012-10-02,-0.002571276589863642,-0.0025863254988177423,0.015048908954100828,1.5048908954100828e-05,-0.0015573576340057141,-0.0010139189558579277,-0.14959739756294949,0.9977426636568849,1.50489089541005e-05,-0.0025863254988177427,0.004486359580821881,-0.002949689641502504,0.0005720846528993014,-0.002666474812180863,-0.0033328176110422564,0.007524454477050414,7.524454477050414e-06,7.524454477050414e-06,-0.0015648820884827646,0.007524454477050414,7.524454477050414e-06,7.524454477050414e-06,-0.0010214434103349782,0.5003762227238525,0.5003762227238525
2012-10-03,0.0009220389861534015,0.0008994656227222502,0.022573363431151242,2.2573363431151244e-05,0.0003242495570634331,0.0005977894290899682,0.05310372108558652,0.9977426636568849,2.257336343115129e-05,0.0008994656227222502,0.00040536562109305484,-0.004431135693849897,0.00031858068248114316,-0.0010349020437981744,0.0014800137325233728,0.011286681715575621,1.1286681715575622e-05,1.1286681715575622e-05,0.0003129628753478575,0.011286681715575621,1.1286681715575622e-05,1.1286681715575622e-05,0.0005865027473743927,0.5003762227238525,0.5003762227238525
2012-10-04,0.0017127501098233781,0.0016977012008692772,0.015048908954100828,1.5048908954100828e-05,0.0008360054328628747,0.0008767446769605034,0.07134960252550404,0.9977426636568849,1.5048908954100933e-05,0.0016977012008692772,-0.0022778435133865658,-0.0006888786919249424,-0.0005166941093142721,0.004494977972433968,0.0002745080142455895,0.007524454477050414,7.524454477050414e-06,7.524454477050414e-06,0.0008284809783858242,0.007524454477050414,7.524454477050414e-06,7.524454477050414e-06,0.000869220222483453,0.5003762227238525,0.5003762227238525
2012-10-05,-0.0005619584103869122,-0.0005882940010565887,0.02633559066967645,2.633559066967645e-05,-0.0008037797817309557,0.0002418213713440435,-0.010090440065590397,0.9977426636568849,2.6335590669676525e-05,-0.0005882940010565886,0.00014522551860933732,-0.0017545725377154044,-0.0002451662207853359,-0.002291451706494915,-0.0012676493359360874,0.011286681715575621,1.1286681715575622e-05,1.1286681715575622e-05,-0.0008150664634465313,0.015048908954100828,1.5048908954100828e-05,1.5048908954100828e-05,0.00022677246238994266,0.5003762227238525,0.5003762227238525
2012-10-09,0.0011954804942957908,0.0011766693581031647,0.018811136192626036,1.8811136192626035e-05,0.0013489383048130607,-0.00015345781051726996,0.06949576149265055,0.9977426636568849,1.881113619262606e-05,0.0011766693581031647,0.000444330415806829,2.826543247005806e-05,-0.0021911772409239764,0.0006182276632623416,0.0037229863397277357,0.003762227238525207,3.762227238525207e-06,3.762227238525207e-06,0.0013451760775745356,0.015048908954100828,1.5048908954100828e-05,1.5048908954100828e-05,-0.0001685067194713708,0.5003762227238525,0.5003762227238525
2012-10-10,-5.5618354106579245e-05,-7.066726306068007e-05,0.015048908954100828,1.5048908954100828e-05,0.0028616743384478785,-0.0029172926925544575,-0.07003801694318985,0.9977426636568849,1.5048908954100825e-05,-7.066726306068007e-05,0.004412575663705549,0.008697662809345022,0.007731085187797248,0.006756155146683997,0.005206316996689328,0.003762227238525207,3.762227238525207e-06,3.762227238525207e-06,0.002857912111209353,0.011286681715575621,1.1286681715575622e-05,1.1286681715575622e-05,-0.002928579374270033,0.5003762227238525,0.5003762227238525
2012-10-11,0.00018885889513500223,0.00017380998618090146,0.015048908954100828,1.5048908954100828e-05,-0.0017442450835320686,0.0019331039786670708,0.006495739466128525,0.9977426636568849,1.504890895410077e-05,0.0001738099861809014,-0.00411646023511177,-0.003351229013744543,-0.0010303725542502354,-0.00012912073720765845,-0.005145382368153785,0.003762227238525207,3.762227238525207e-06,3.762227238525207e-06,-0.0017480073107705937,0.011286681715575621,1.1286681715575622e-05,1.1286681715575622e-05,0.0019218172969514952,0.5003762227238525,0.5003762227238525
2012-10-12,0.0012628604333358563,0.0012515737516202807,0.011286681715575621,1.1286681715575622e-05,0.0021571329323660624,-0.000894272499030206,0.06318061171334309,0.9977426636568849,1.1286681715575592e-05,0.0012515737516202807,0.0018359469496845666,0.0016885989027341447,0.0028847502754408495,0.005310854378309598,0.0038167229300817653,0.007524454477050414,7.524454477050414e-06,7.524454477050414e-06,0.002149608477889012,0.003762227238525207,3.762227238525207e-06,3.762227238525207e-06,-0.0008980347262687313,0.5003762227238525,0.5003762227238525
2012-10-15,0.0020013088361015073,0.001978735472670356,0.022573363431151242,2.2573363431151244e-05,0.0028375896057594007,-0.0008362807696578936,0.12736214471897458,0.9977426636568849,2.2573363431151183e-05,0.001978735472670356,0.00048022777629276364,0.004080526283750277,0.0021784121405509687,0.0025081878934073475,0.007234506178662084,0.007524454477050414,7.524454477050414e-06,7.524454477050414e-06,0.0028300651512823505,0.015048908954100828,1.5048908954100828e-05,1.5048908954100828e-05,-0.0008513296786119945,0.5003762227238525,0.5003762227238525
2012-10-16,-0.0021662586354948285,-0.0021813075444489295,0.015048908954100828,1.5048908954100828e-05,-0.002637517166070517,0.0004712585305756884,-0.08376936466547029,0.9977426636568849,1.5048908954100933e-05,-0.0021813075444489295,-0.0006348607208282054,-0.00156267984712063,-0.0020096742320808705,-0.00488823408564122,-0.005460334415430671,0.007524454477050414,7.524454477050414e-06,7.524454477050414e-06,-0.002645041620547567,0.007524454477050414,7.524454477050414e-06,7.524454477050414e-06,0.000463734076098638,0.5003762227238525,0.5003762227238525
2012-10-17,0.002443052217678442,0.0024317655359628663,0.011286681715575621,1.1286681715575622e-05,-0.0011490141612782322,0.0035920663789566743,0.11290204569412415,0.9977426636568849,1.1286681715575592e-05,0.0024317655359628663,-0.00802422400926592,-0.005468529697773119,-0.004200741065763736,-0.0036823084206628765,-0.0016110830736919953,0.003762227238525207,3.762227238525207e-06,3.762227238525207e-06,-0.0011527763885167573,0.007524454477050414,7.524454477050414e-06,7.524454477050414e-06,0.003584541924479624,0.5003762227238525,0.5003762227238525
2012-10-18,0.0011787541399006652,0.001156180776469514,0.022573363431151242,2.2573363431151244e-05,-0.0007902979253072563,0.0019690520652079217,0.026622560814567188,0.9977426636568849,2.2573363431151183e-05,0.001156180776469514,-0.00542215050949657,-0.000927332808797066,-0.004690497363675731,0.0021280367165302998,-0.0034123011693708077,0.011286681715575621,1.1286681715575622e-05,1.1286681715575622e-05,-0.0008015846070228319,0.011286681715575621,1.1286681715575622e-05,1.1286681715575622e-05,0.001957765383492346,0.5003762227238525,0.5003762227238525
2012-10-19,0.00042485696964963667,0.0004098080606955358,0.015048908954100828,1.5048908954100828e-05,0.0036970268499053557,-0.003272169880255719,-0.002708428396536597,0.9977426636568849,1.504890895410088e-05,0.00040980806069553584,0.007821540236557194,0.003946038025417724,0.004181326282596042,0.005087550719689584,0.008526039382455077,0.003762227238525207,3.762227238525207e-06,3.762227238525207e-06,0.0036932646226668303,0.011286681715575621,1.1286681715575622e-05,1.1286681715575622e-05,-0.0032834565619712947,0.5003762227238525,0.5003762227238525
2012-10-22,-0.0002169193582802118,-0.00022820603999578742,0.011286681715575621,1.1286681715575622e-05,-0.001954637580658266,0.0017377182223780542,-0.03805256368281578,0.9954853273137697,1.1286681715575619e-05,-0.00022820603999578742,-0.0014342868752880418,-0.007596226627442071,-0.0015881367007900423,-0.004010514326391943,-0.0038773628734934565,0.003762227238525207,3.762227238525207e-06,3.762227238525207e-06,-0.0019583998078967916,0.007524454477050414,7.524454477050414e-06,7.524454477050414e-06,0.0017301937679010037,0.5003762227238525,0.5003762227238525
2012-10-23,0.001483787410450818,0.0014649762742581919,0.018811136192626036,1.8811136192626035e-05,0.0006362375704313125,0.0008475498400195053,0.012032785142028839,0.9954853273137697,1.881113619262606e-05,0.0014649762742581919,-0.0018096621811380942,-0.0014595184853612296,0.0006486968978738825,-0.001266121812303745,0.002518969045571413,0.015048908954100828,1.5048908954100828e-05,1.5048908954100828e-05,0.0006211886614772117,0.003762227238525207,3.762227238525207e-06,3.762227238525207e-06,0.0008437876127809801,0.5003762227238525,0.5003762227238525
2012-10-24,-0.00013653036097047074,-0.00016662817887867247,0.030097817908201655,3.0097817908201657e-05,0.0007973415946274185,-0.0009338719555978892,-0.034954839723699865,0.9977426636568849,3.009781790820173e-05,-0.0001666281788786724,0.001161957731221818,0.0032911119936176628,0.003354282686122843,0.003141967033131778,0.0008279420943165122,0.015048908954100828,1.5048908954100828e-05,1.5048908954100828e-05,0.0007822926856733177,0.015048908954100828,1.5048908954100828e-05,1.5048908954100828e-05,-0.00094892086455199,0.5003762227238525,0.5003762227238525
2012-10-25,0.0015133617344991366,0.0014945505983065105,0.018811136192626036,1.8811136192626035e-05,0.002652477236129906,-0.0011391155016307695,0.09500664304617489,0.9977426636568849,1.881113619262606e-05,0.0014945505983065105,0.0029627150812443124,0.0008885285932435167,0.0019220180285908577,0.0008420711387045363,0.00750536313775651,0.011286681715575621,1.1286681715575622e-05,1.1286681715575622e-05,0.0026411905544143303,0.007524454477050414,7.524454477050414e-06,7.524454477050414e-06,-0.00114663995610782,0.5003762227238525,0.5003762227238525
2012-10-26,0.0006716781076307917,0.0006453425169611152,0.02633559066967645,2.633559066967645e-05,0.0017346892512677182,-0.0010630111436369266,0.030860963937580588,0.9977426636568849,2.6335590669676525e-05,0.0006453425169611153,0.0011860131318856414,0.0040225725736562044,0.0042197320599925625,0.0034968986761871974,0.003451874845333965,0.011286681715575621,1.1286681715575622e-05,1.1286681715575622e-05,0.0017234025695521426,0.015048908954100828,1.5048908954100828e-05,1.5048908954100828e-05,-0.0010780600525910275,0.5003762227238525,0.5003762227238525
2012-10-29,0.00018219241414846934,0.00015209459624026766,0.030097817908201655,3.0097817908201657e-05,0.0007189009737658652,-0.0005367085596173959,0.025112806018396244,0.9977426636568849,3.0097817908201677e-05,0.0001520945962402677,0.0017171161027565382,-0.00023104995452336485,0.003006299980581202,0.0009836413305020623,0.001660715284099733,0.015048908954100828,1.5048908954100828e-05,1.5048908954100828e-05,0.0007038520648117644,0.015048908954100828,1.5048908954100828e-05,1.5048908954100828e-05,-0.0005517574685714968,0.5003762227238525,0.5003762227238525
2012-10-30,0.0007797851182917424,0.0007572117548605911,0.022573363431151242,2.2573363431151244e-05,-0.0007525845486052478,0.0015323696668969901,0.03722878281369849,0.9977426636568849,2.257336343115129e-05,0.0007572117548605911,-0.001833423385661975,-0.005548390366756914,-0.0025591631577989876,-0.0041102456316903365,-0.00021557489016741605,0.007524454477050414,7.524454477050414e-06,7.524454477050414e-06,-0.0007601090030822982,0.015048908954100828,1.5048908954100828e-05,1.5048908954100828e-05,0.0015173207579428892,0.5003762227238525,0.5003762227238525
2012-10-31,9.257875161286134e-05,6.248093370465973e-05,0.030097817908201655,3.0097817908201657e-05,0.0016185225513516016,-0.0015259437997387402,0.021440838881133285,0.9977426636568849,3.009781790820161e-05,6.248093370465969e-05,0.0033151866950573974,0.002512369229782926,0.005659624744268461,0.00037712706290886794,0.004647300037991747,0.015048908954100828,1.5048908954100828e-05,1.5048908954100828e-05,0.0016034736423975007,0.015048908954100828,1.5048908954100828e-05,1.5048908954100828e-05,-0.001540992708692841,0.5003762227238525,0.5003762227238525
2012-11-01,0.0011178936266941395,0.0010840335815474125,0.033860045146726865,3.386004514672686e-05,-0.0028535842533130647,0.003971477880007204,0.04759889717303834,0.9977426636568849,3.386004514672699e-05,0.0010840335815474127,-0.007122103707735663,-0.00958526342085093,-0.009384754748920095,-0.009697400598230075,-0.0037280569461628013,0.011286681715575621,1.1286681715575622e-05,1.1286681715575622e-05,-0.0028648709350286403,0.022573363431151242,2.2573363431151244e-05,2.2573363431151244e-05,0.003948904516576053,0.5003762227238525,0.5003762227238525
2012-11-02,-0.00116574981615207,-0.0012071343157758472,0.045146726862302484,4.514672686230249e-05,3.0673161939433755e-05,-0.0011964229780915036,-0.0584506766762965,0.9977426636568849,4.138449962377724e-05,-0.0012108965430143726,0.0034879201807411415,0.00025164208344320883,-0.00167402033592165,-0.0015611990440806038,0.0008634346559893041,0.022573363431151242,2.2573363431151244e-05,2.2573363431151244e-05,8.099798508282511e-06,0.022573363431151242,2.2573363431151244e-05,1.8811136192626035e-05,-0.0012152341142841296,0.5003762227238525,0.5003762227238525
2012-11-05,-0.0015494069152407525,-0.001575742505910429,0.02633559066967645,2.633559066967645e-05,0.0008619231998848354,-0.0024113301151255876,-0.122907784402179,0.9977426636568849,2.6335590669676525e-05,-0.001575742505910429,0.005259243485579501,0.004048139042486025,6.728577180584614e-05,-0.0008325963101444514,0.0029857688109634277,0.011286681715575621,1.1286681715575622e-05,1.1286681715575622e-05,0.0008506365181692598,0.015048908954100828,1.5048908954100828e-05,1.5048908954100828e-05,-0.0024263790240796885,0.5003762227238525,0.5003762227238525
2012-11-06,-0.00010194751665898491,-0.00012828310732866134,0.02633559066967645,2.633559066967645e-05,-0.0045550358044503135,0.004453088287791329,0.012389814408138668,0.9977426636568849,2.633559066967643e-05,-0.00012828310732866137,-0.00909522939468725,-0.008710242730964936,-0.008453984521441369,-0.008877008833661522,-0.009215057619570633,0.015048908954100828,1.5048908954100828e-05,1.5048908954100828e-05,-0.004570084713404414,0.011286681715575621,1.1286681715575622e-05,1.1286681715575622e-05,0.004441801606075753,0.5003762227238525,0.5003762227238525
2012-11-07,0.0004884910680231076,0.00044898768201859294,0.04138449962377728,4.1384499623777275e-05,0.0015487929453912557,-0.0010603018773681482,0.046606522449229734,0.9977426636568849,3.950338600451468e-05,0.00044710656839933033,0.0015433845118372283,0.00332108086094116,0.0020911770830423578,0.0027379694365611104,0.0032718933671495158,0.022573363431151242,2.2573363431151244e-05,2.2573363431151244e-05,0.0015262195819601046,0.018811136192626036,1.8811136192626035e-05,1.693002257336343e-05,-0.0010772318999415116,0.5003762227238525,0.5003762227238525
2012-11-08,0.0010759112146298308,0.0010495756239601545,0.02633559066967645,2.633559066967645e-05,0.0013533476624075732,-0.0002774364477777424,0.060407354468093886,0.9977426636568849,2.6335590669676308e-05,0.0010495756239601542,0.00013917006331267114,0.0014104936134366943,0.0014494393493352448,0.00230027343896532,0.0029045817680163916,0.022573363431151242,2.2573363431151244e-05,2.2573363431151244e-05,0.001330774298976422,0.003762227238525207,3.762227238525207e-06,3.762227238525207e-06,-0.0002811986750162676,0.5003762227238525,0.5003762227238525
2012-11-09,-0.0002781692548676469,-0.0003026237319180608,0.02633559066967645,2.633559066967645e-05,0.002438791856231122,-0.002716961111098769,-0.03100312880839087,0.9977426636568849,2.445447705041391e-05,-0.00030450484553732335,0.00555594759910325,0.00530101987747652,-0.00019721371867270453,0.0018493466182908141,0.0063692092604655795,0.015048908954100828,1.5048908954100828e-05,1.5048908954100828e-05,0.002423742947277021,0.011286681715575621,1.1286681715575622e-05,9.405568096313017e-06,-0.002726366679195082,0.5003762227238525,0.5003762227238525
2012-11-12,0.0014993685484866511,0.001480557412294025,0.018811136192626036,1.8811136192626035e-05,0.00038971829761171733,0.0011096502508749337,0.01164883386936994,0.9977426636568849,1.881113619262606e-05,0.001480557412294025,-0.0033801347793692275,5.697327049851401e-05,5.375804442894843e-07,0.0023318556118842007,1.1072770587524054e-05,0.007524454477050414,7.524454477050414e-06,7.524454477050414e-06,0.0003821938431346669,0.011286681715575621,1.1286681715575622e-05,1.1286681715575622e-05,0.001098363569159358,0.5003762227238525,0.5003762227238525
2012-11-13,0.00197350732043599,0.001958458411481889,0.015048908954100828,1.5048908954100828e-05,0.002491994884648184,-0.0005184875642121943,0.06696945143745986,0.9977426636568849,1.5048908954100933e-05,0.001958458411481889,0.0004940099135369697,0.0021441164130988166,0.005951040830434132,-8.446760116034515e-05,0.00748414398641059,0.007524454477050414,7.524454477050414e-06,7.524454477050414e-06,0.002484470430171134,0.007524454477050414,7.524454477050414e-06,7.524454477050414e-06,-0.0005260120186892448,0.5003762227238525,0.5003762227238525
2012-11-14,-0.0004778542046699822,-0.0004966653408626082,0.018811136192626036,1.8811136192626035e-05,0.0007633667798495429,-0.001241220984519525,-0.03999814893833901,0.9977426636568849,1.8811136192626004e-05,-0.0004966653408626082,0.003128728870554536,0.001240645388102059,-0.001548945927951034,0.0010053962146163665,0.0017827579397852627,0.011286681715575621,1.1286681715575622e-05,1.1286681715575622e-05,0.0007520800981339673,0.007524454477050414,7.524454477050414e-06,7.524454477050414e-06,-0.0012487454389965755,0.5003762227238525,0.5003762227238525
2012-11-15,-0.002296620779861327,-0.0023210752569117407,0.02633559066967645,2.633559066967645e-05,-0.0016760475733164058,-0.0006205732065449211,-0.08208450944190838,0.9977426636568849,2.4454477050413637e-05,-0.0023229563705310036,0.0012709670887223663,0.0011915468368586073,-0.004723330170220588,-0.0033261578803348156,-0.003361151665761447,0.018811136192626036,1.8811136192626035e-05,1.8811136192626035e-05,-0.0016948587095090319,0.007524454477050414,7.524454477050414e-06,5.643340857787811e-06,-0.0006262165474027089,0.5003762227238525,0.5003762227238525
2012-11-16,0.0011648936100746557,0.0011310335649279287,0.033860045146726865,3.386004514672686e-05,-0.0012242365462030393,0.002389130156277695,0.0863948982961825,0.9977426636568849,3.386004514672699e-05,0.001131033564927929,-0.006704680139989876,-0.0008807876570002841,-0.0032950440634330054,-0.0006086294076015751,-0.0033553076409696464,0.015048908954100828,1.5048908954100828e-05,1.5048908954100828e-05,-0.0012392854551571402,0.018811136192626036,1.8811136192626035e-05,1.8811136192626035e-05,0.002370319020085069,0.5003762227238525,0.5003762227238525
2012-11-19,0.0005301855196646124,0.0004963254745178855,0.033860045146726865,3.386004514672686e-05,0.0009458819448767054,-0.0004156964252120931,0.012592569585569946,0.9977426636568849,3.386004514672688e-05,0.0004963254745178855,0.0017541826529310792,-0.0010489688802182004,0.0001615950263642642,0.001010043931089374,0.0023255448087673687,0.022573363431151242,2.2573363431151244e-05,2.2573363431151244e-05,0.0009233085814455541,0.011286681715575621,1.1286681715575622e-05,1.1286681715575622e-05,-0.00042698310692766873,0.5003762227238525,0.5003762227238525
2012-11-20,0.0006139555946700047,0.000583857776761803,0.030097817908201655,3.0097817908201657e-05,0.00010123824834868933,0.0005127173463213155,0.07891741520362269,0.9977426636568849,3.009781790820165e-05,0.000583857776761803,-0.002330483742425589,0.001635236377555673,-0.0023888772213020086,0.0024284451869523386,-0.0008982299080317001,0.022573363431151242,2.2573363431151244e-05,2.2573363431151244e-05,7.866488491753808e-05,0.007524454477050414,7.524454477050414e-06,7.524454477050414e-06,0.000505192891844265,0.5003762227238525,0.5003762227238525
2012-11-21,0.0025694395815076343,0.002550628445315008,0.018811136192626036,1.8811136192626035e-05,0.0014378498939048331,0.001131589687602801,0.14352377519856702,0.9977426636568849,1.8811136192626275e-05,0.0025506284453150085,-0.0029889785889647114,-0.0007990217137233382,-0.0020604095082946416,-0.0009199540322094555,0.004748971676596861,0.011286681715575621,1.1286681715575622e-05,1.1286681715575622e-05,0.0014265632121892575,0.007524454477050414,7.524454477050414e-06,7.524454477050414e-06,0.0011240652331257505,0.5003762227238525,0.5003762227238525
2012-11-22,0.00041573136727877724,0.0004006824583246764,0.015048908954100828,1.5048908954100828e-05,-0.002576478478644502,0.0029922098459232794,0.07106958081027166,0.9977426636568849,1.5048908954100825e-05,0.0004006824583246764,-0.006161351003067486,-0.005677451443066698,-0.0028893098781053454,-0.005077212119046305,-0.005184614004333384,0.011286681715575621,1.1286681715575622e-05,1.1286681715575622e-05,-0.0025877651603600778,0.003762227238525207,3.762227238525207e-06,3.762227238525207e-06,0.002988447618684754,0.5003762227238525,0.5003762227238525
2012-11-26,0.0022545085134760804,0.002231935150044929,0.022573363431151242,2.2573363431151244e-05,0.0004193390659966488,0.0018351694474794313,0.08571339631528944,0.9977426636568849,2.2573363431151183e-05,0.002231935150044929,-0.0039246090689279475,-0.003183858207021736,-0.0022764373264667786,-0.0027400942003557504,0.0026070165006467673,0.015048908954100828,1.5048908954100828e-05,1.5048908954100828e-05,0.000404290157042548,0.007524454477050414,7.524454477050414e-06,7.524454477050414e-06,0.0018276449930023809,0.5003762227238525,0.5003762227238525
2012-11-27,-0.0021347342251855014,-0.0021723564975707535,0.03762227238525207,3.762227238525207e-05,0.0018254477272094953,-0.003960181952394996,-0.18027860562526798,0.9977426636568849,3.762227238525212e-05,-0.0021723564975707535,0.009090555406839961,0.00559900992500767,0.004552492703441144,0.005039154859462224,0.002960462832314,0.022573363431151242,2.2573363431151244e-05,2.2573363431151244e-05,0.0018028743637783441,0.015048908954100828,1.5048908954100828e-05,1.5048908954100828e-05,-0.003975230861349097,0.5003762227238525,0.5003762227238525
2012-11-28,0.0022437102403964414,0.00222113687696529,0.022573363431151242,2.2573363431151244e-05,0.0020208411797652107,0.0002228690606312304,0.14679857009655747,0.9977426636568849,2.2573363431151183e-05,0.00222113687696529,-0.0007461136350926767,0.00016472453350499275,0.000691853362662793,0.002550642515451428,0.004774284437098092,0.015048908954100828,1.5048908954100828e-05,1.5048908954100828e-05,0.00200579227081111,0.007524454477050414,7.524454477050414e-06,7.524454477050414e-06,0.00021534460615417998,0.5003762227238525,0.5003762227238525
2012-11-29,-0.0003829377305409246,-0.00040927332121060107,0.02633559066967645,2.633559066967645e-05,0.0013159311258080179,-0.0016988688563489426,-0.11346403468489323,0.9977426636568849,2.633559066967647e-05,-0.00040927332121060107,0.00392710966080388,0.002345898441517324,-0.0016936124153747506,0.0007194466160733888,0.0035743690127251915,0.015048908954100828,1.5048908954100828e-05,1.5048908954100828e-05,0.001300882216853917,0.011286681715575621,1.1286681715575622e-05,1.1286681715575622e-05,-0.0017101555380645182,0.5003762227238525,0.5003762227238525
2012-11-30,0.0014151465270883408,0.0013963353908957147,0.018811136192626036,1.8811136192626035e-05,-0.0016918923150305812,0.003107038842118922,0.10337616553827643,0.9977426636568849,1.881113619262606e-05,0.0013963353908957147,-0.006653388119680315,-0.005372399576635896,-0.004259720431585372,-0.004496388355230984,-0.002829931344999609,0.007524454477050414,7.524454477050414e-06,7.524454477050414e-06,-0.0016994167695076317,0.011286681715575621,1.1286681715575622e-05,1.1286681715575622e-05,0.003095752160403346,0.5003762227238525,0.5003762227238525
2012-12-03,0.001054087405628119,0.0010202273604813922,0.033860045146726865,3.386004514672686e-05,0.0007349784585853193,0.00031910894704279967,0.0869171422693057,0.9977426636568849,3.3860045146726775e-05,0.0010202273604813922,-0.0006509659539739093,-0.0006180043269034075,0.0018055291210148712,0.003983706296131407,0.00022555277822692112,0.022573363431151242,2.2573363431151244e-05,2.2573363431151244e-05,0.000712405095154168,0.011286681715575621,1.1286681715575622e-05,1.1286681715575622e-05,0.000307822265327224,0.5003762227238525,0.5003762227238525
2012-12-04,-0.00209606520275301,-0.0021261630206612114,0.030097817908201655,3.0097817908201657e-05,0.0014277683450635733,-0.003523833547816583,-0.15617408623459803,0.9977426636568849,3.0097817908201433e-05,-0.002126163020661212,0.006875177009008086,0.007465383981791453,0.0048625346558852705,0.005132199449831829,0.001726787082306711,0.015048908954100828,1.5048908954100828e-05,1.5048908954100828e-05,0.0014127194361094723,0.015048908954100828,1.5048908954100828e-05,1.5048908954100828e-05,-0.003538882456770684,0.5003762227238525,0.5003762227238525
2012-12-05,0.0037579288982872642,0.0037428799893331637,0.015048908954100828,1.5048908954100828e-05,0.0010533832395077814,0.002704545658779483,0.19099461281300156,0.9977426636568849,1.50489089541005e-05,0.0037428799893331633,-0.006195599442300511,-0.003849652545720485,-0.0021482024741231493,-0.0005651688767949886,0.0034253561307881772,0.007524454477050414,7.524454477050414e-06,7.524454477050414e-06,0.001045858785030731,0.007524454477050414,7.524454477050414e-06,7.524454477050414e-06,0.0026970212043024326,0.5003762227238525,0.5003762227238525
2012-12-06,0.00029481513801248363,0.0002760040018198576,0.018811136192626036,1.8811136192626035e-05,0.0022855778064927628,-0.001990762668480279,0.027542393932742396,0.9977426636568849,1.881113619262606e-05,0.0002760040018198576,0.004080891325744426,0.0038148365354207883,0.002277513967344885,0.004607719272083247,0.00454794306734959,0.015048908954100828,1.5048908954100828e-05,1.5048908954100828e-05,0.002270528897538662,0.003762227238525207,3.762227238525207e-06,3.762227238525207e-06,-0.0019945248957188044,0.5003762227238525,0.5003762227238525
2012-12-07,0.002323317995329113,0.002285695722943861,0.03762227238525207,3.762227238525207e-05,-0.0011678424766119022,0.003491160471941015,0.002936475857924347,0.9977426636568849,3.762227238525212e-05,0.002285695722943861,-0.0085775882491552,-0.003782645960163422,-0.007796879720001696,-0.0011053581475517766,-0.002941312042597364,0.018811136192626036,1.8811136192626035e-05,1.8811136192626035e-05,-0.0011866536128045282,0.018811136192626036,1.8811136192626035e-05,1.8811136192626035e-05,0.003472349335748389,0.5003762227238525,0.5003762227238525
2012-12-10,-0.0015120731374606597,-0.0015346465008918109,0.022573363431151242,2.2573363431151244e-05,0.0020182710660926946,-0.003530344203553354,-0.09018874088965331,0.9977426636568849,2.2573363431151183e-05,-0.0015346465008918109,0.007920287854989168,0.005366893568056219,0.004942805821702828,0.0043333660051481,0.0038852623049541774,0.015048908954100828,1.5048908954100828e-05,1.5048908954100828e-05,0.0020032221571385936,0.007524454477050414,7.524454477050414e-06,7.524454477050414e-06,-0.003537868658030404,0.5003762227238525,0.5003762227238525
2012-12-11,-0.0007961591254098514,-0.0008112080343639522,0.015048908954100828,1.5048908954100828e-05,0.0003486771727428726,-0.001144836298152724,-0.0182028706603322,0.9977426636568849,1.5048908954100825e-05,-0.0008112080343639522,0.0021238060158775196,0.0026500862674918345,0.00012574534676648092,-0.001723485003388347,0.0018933902546532898,0.011286681715575621,1.1286681715575622e-05,1.1286681715575622e-05,0.00033739049102729697,0.003762227238525207,3.762227238525207e-06,3.762227238525207e-06,-0.0011485985253912492,0.5003762227238525,0.5003762227238525
2012-12-12,0.00262535907304188,0.0026046668232299914,0.022573363431151242,2.2573363431151244e-05,-0.0033835222971598674,0.0060088813702017475,0.09596969539682516,0.9977426636568849,2.069224981188873e-05,0.002602785709610729,-0.01272291641475436,-0.01085327326593729,-0.008562874251308838,-0.010222148189400164,-0.005051300070241411,0.015048908954100828,1.5048908954100828e-05,1.5048908954100828e-05,-0.0033985712061139683,0.007524454477050414,7.524454477050414e-06,5.643340857787811e-06,0.00600323802934396,0.5003762227238525,0.5003762227238525
2012-12-13,-0.0019742413419792217,-0.0020137447279837363,0.04138449962377728,4.1384499623777275e-05,0.003772087646263745,-0.005746328988242967,-0.15965149734142658,0.9977426636568849,3.950338600451457e-05,-0.002015625841602999,0.012458092750557028,0.00962308023621621,0.01042473814070145,0.007817984964000555,0.007400332111919988,0.02633559066967645,2.633559066967645e-05,2.633559066967645e-05,0.0037457520555940686,0.015048908954100828,1.5048908954100828e-05,1.3167795334838225e-05,-0.005759496783577805,0.5003762227238525,0.5003762227238525
2012-12-14,-0.0023450987210731303,-0.002360147630027231,0.015048908954100828,1.5048908954100828e-05,-0.004365394889237525,0.0020202961681643943,-0.027049889238557032,0.9977426636568849,1.50489089541005e-05,-0.0023601476300272313,-0.003657844126259043,-0.004860841247380257,-0.002426089478960669,-0.009207393167597205,-0.008485355754888282,0.007524454477050414,7.524454477050414e-06,7.524454477050414e-06,-0.004372919343714575,0.007524454477050414,7.524454477050414e-06,7.524454477050414e-06,0.002012771713687344,0.5003762227238525,0.5003762227238525
2012-12-17,-0.0012450929013181824,-0.001275190719226384,0.030097817908201655,3.0097817908201657e-05,-0.00020901818434325618,-0.0010360747169749262,-0.07249762207366016,0.9977426636568849,3.009781790820165e-05,-0.001275190719226384,0.0031365473678807237,-8.653002228618436e-05,-0.0012837536304624428,-3.591035798297146e-05,-0.0006064828949122105,0.015048908954100828,1.5048908954100828e-05,1.5048908954100828e-05,-0.000224067093297357,0.015048908954100828,1.5048908954100828e-05,1.5048908954100828e-05,-0.001051123625929027,0.5003762227238525,0.5003762227238525
2012-12-18,4.821560997341119e-05,2.9404473780785076e-05,0.018811136192626036,1.8811136192626035e-05,-0.004192722327466882,0.004240937937440293,-0.02599511761641625,0.9977426636568849,1.8811136192626113e-05,2.9404473780785154e-05,-0.00833071152998459,-0.008869148910413823,-0.004886962666902027,-0.0073595836155517045,-0.00888319006243171,0.011286681715575621,1.1286681715575622e-05,1.1286681715575622e-05,-0.004204009009182458,0.007524454477050414,7.524454477050414e-06,7.524454477050414e-06,0.004233413482963242,0.5003762227238525,0.5003762227238525
2012-12-19,-0.0004481684048267871,-0.00047293216407135933,0.024767995986957614,2.4767995986957613e-05,0.0009492530599920513,-0.0013974214648188386,-0.07286199772494516,0.9954954954954955,2.4763759244572235e-05,-0.0004729364008137447,0.0024440655174562923,0.003517073799412013,0.003369660424891931,-1.1376087569977304e-05,0.002847047764929736,0.014256638127969958,1.4256638127969957e-05,1.4256638127969957e-05,0.0009349964218640813,0.010511357858987656,1.0511357858987657e-05,1.0507121116601931e-05,-0.0014079285859354405,0.5011261261261262,0.5011261261261262
2012-12-20,2.2378353423935383e-05,-3.897922852340875e-06,0.026276276276276277,2.6276276276276274e-05,0.001743513719492139,-0.0017211353660682037,0.012160238292226075,0.9954954954954955,2.6276276276276257e-05,-3.897922852340892e-06,0.003914147603099815,0.00250343920101559,0.003669391829830914,0.0018775328650844003,0.00428002070085899,0.01126126126126126,1.1261261261261261e-05,1.1261261261261261e-05,0.0017322524582308776,0.015015015015015015,1.5015015015015015e-05,1.5015015015015015e-05,-0.0017361503810832187,0.5011261261261262,0.5011261261261262
2012-12-21,-0.0003521358969402787,-0.00037465841946280123,0.02252252252252252,2.2522522522522523e-05,-0.0021173999590823884,0.0017652640621421097,-0.05863897912003836,0.9954954954954955,2.252252252252251e-05,-0.00037465841946280123,-0.0029918715334602526,-0.004636131356288534,-0.003251662679166164,-0.006148228679646171,-0.0032638109309583553,0.015015015015015015,1.5015015015015015e-05,1.5015015015015015e-05,-0.0021324149740974034,0.0075075075075075074,7.507507507507507e-06,7.507507507507507e-06,0.0017577565546346022,0.5011261261261262,0.5011261261261262
2012-12-25,0.002456504524990572,0.002437735756221803,0.01876876876876877,1.8768768768768768e-05,0.0027788631569323837,-0.00032235863194181167,0.1459097269746586,0.9954954954954955,1.8768768768768866e-05,0.002437735756221803,-0.001167311732787186,0.004312888267439959,0.005543825459623635,0.006466976972235368,0.005084367075756327,0.0075075075075075074,7.507507507507507e-06,7.507507507507507e-06,0.002771355649424876,0.01126126126126126,1.1261261261261261e-05,1.1261261261261261e-05,-0.0003336198932030729,0.5011261261261262,0.5011261261261262
2012-12-26,0.0013768847893940342,0.0013581160206252653,0.01876876876876877,1.8768768768768768e-05,-0.0014268522739903505,0.0028037370633843847,0.022002410966122862,0.9954954954954955,1.8768768768768866e-05,0.0013581160206252653,-0.006081263755827777,-0.004674615441293817,-0.0038719373682861847,-0.003840609220886849,-0.002350632982714209,0.015015015015015015,1.5015015015015015e-05,1.5015015015015015e-05,-0.0014418672890053655,0.0037537537537537537,3.7537537537537537e-06,3.7537537537537537e-06,0.002799983309630631,0.5011261261261262,0.5011261261261262
2012-12-27,-0.002021128695279017,-0.0020474049715552937,0.026276276276276277,2.6276276276276274e-05,0.0014779562996817227,-0.00349908499496074,-0.11723730992657524,0.9954954954954955,2.6276276276276586e-05,-0.0020474049715552933,0.009708906650973693,0.001546898880020054,0.005999339874656481,0.003704817160672445,0.0025714965683740127,0.01876876876876877,1.8768768768768768e-05,1.8768768768768768e-05,0.0014591875309129538,0.0075075075075075074,7.507507507507507e-06,7.507507507507507e-06,-0.0035065925024682478,0.5011261261261262,0.5011261261261262
2012-12-28,0.0014407704667699652,0.001414494190493689,0.026276276276276277,2.6276276276276274e-05,-0.0031968420528596087,0.004637612519629574,0.050858961400153044,0.9954954954954955,2.6276276276276152e-05,0.0014144941904936888,-0.009188139991798879,-0.009493534453618599,-0.008186940377556105,-0.004627911378653361,-0.007255018725075564,0.01876876876876877,1.8768768768768768e-05,1.8768768768768768e-05,-0.0032156108216283776,0.0075075075075075074,7.507507507507507e-06,7.507507507507507e-06,0.004630105012122066,0.5011261261261262,0.5011261261261262
2013-01-04,0.004506588042656518,0.004365931937112771,0.14440564159665273,0.00014440564159665272,0.001648737443919045,0.0028578505987374722,0.19673484952237535,0.9932584269662922,0.00014065610554374677,0.004362182401059865,-0.006531643852740584,-0.004130222885658932,-0.003740925042319344,-0.00040486357515971704,0.005207151438874913,0.07220282079832636,7.220282079832636e-05,6.845750244626644e-05,0.0015802799414727784,0.07220282079832636,7.220282079832636e-05,7.219860309747944e-05,0.002785651995639993,0.5000000000000001,0.5000000000000001
2013-01-07,0.0014118149822653421,0.0013893430721529825,0.022471910112359553,2.2471910112359552e-05,0.0006945127833429841,0.0007173021989223579,0.05166358955459246,0.9932584269662922,2.2471910112359644e-05,0.0013893430721529825,-0.0029640318697777175,0.0016427079385897111,0.0018247799501940089,-0.0008744397901847587,0.0025494032251795282,0.007490636704119851,7.490636704119851e-06,7.490636704119851e-06,0.0006870221466388643,0.014981273408239702,1.4981273408239702e-05,1.4981273408239702e-05,0.0007023209255141182,0.5000000000000001,0.5000000000000001
2013-01-08,0.00014458620183537273,0.00012211429172301314,0.022471910112359553,2.2471910112359552e-05,0.0009791473184123593,-0.0008345611165769865,-0.03084803985841602,0.9932584269662922,2.247191011235959e-05,0.00012211429172301317,0.002787704875712828,-0.0005744980866451431,-0.003203858961721823,-0.0009120445846234234,0.003432026341270934,0.011235955056179777,1.1235955056179776e-05,1.1235955056179776e-05,0.0009679113633561795,0.011235955056179777,1.1235955056179776e-05,1.1235955056179776e-05,-0.0008457970716331663,0.5000000000000001,0.5000000000000001
2013-01-09,-0.0009159937845137257,-0.0009384656946260853,0.022471910112359553,2.2471910112359552e-05,0.0015607390458203458,-0.0024767328303340716,-0.04266731870730581,0.9932584269662922,2.2471910112359535e-05,-0.0009384656946260853,0.005571841382422681,0.003758949605990417,0.004603078197891886,0.0066327193773475625,0.0013813785561598384,0.007490636704119851,7.490636704119851e-06,7.490636704119851e-06,0.0015532484091162258,0.014981273408239702,1.4981273408239702e-05,1.4981273408239702e-05,-0.0024917141037423115,0.5000000000000001,0.5000000000000001
2013-01-10,-0.0011803551461563144,-0.0012028270562686738,0.022471910112359553,2.2471910112359552e-05,-0.001162735533463927,-1.7619612692387492e-05,-0.05684809085988971,0.9932584269662922,2.2471910112359427e-05,-0.001202827056268674,5.6167568893825764e-05,-6.692660060978178e-06,0.0033710223448261646,-0.0024681950097453545,-0.0022797239716045472,0.011235955056179777,1.1235955056179776e-05,1.1235955056179776e-05,-0.0011739714885201067,0.011235955056179777,1.1235955056179776e-05,1.1235955056179776e-05,-2.885556774856727e-05,0.5000000000000001,0.5000000000000001
2013-01-11,0.00031590561783605804,0.0002971790260757585,0.01872659176029963,1.8726591760299626e-05,-0.001483562303500023,0.0017994679213360811,0.010657292957120337,0.9932584269662922,1.872659176029956e-05,0.0002971790260757584,-0.0036515693624935724,-0.003533369584881946,-0.003936478290968746,-0.001705763292292167,-0.0036386894150852805,0.0037453183520599256,3.7453183520599255e-06,3.7453183520599255e-06,-0.0014873076218520828,0.014981273408239702,1.4981273408239702e-05,1.4981273408239702e-05,0.0017844866479278414,0.5000000000000001,0.5000000000000001
2013-01-15,-0.002034675124423832,-0.0020571470345361917,0.022471910112359553,2.2471910112359552e-05,0.001510933048479597,-0.003545608172903429,-0.14447932324518625,0.9932584269662922,2.2471910112359644e-05,-0.0020571470345361917,0.007553250528950779,0.006237229206559002,0.007479210840175874,0.004888193622051651,0.002112437588213112,0.007490636704119851,7.490636704119851e-06,7.490636704119851e-06,0.001503442411775477,0.014981273408239702,1.4981273408239702e-05,1.4981273408239702e-05,-0.003560589446311669,0.5000000000000001,0.5000000000000001
2013-01-16,-0.0015737488453718704,-0.0016037113921883498,0.029962546816479405,2.9962546816479404e-05,-0.00045878970208834387,-0.0011149591432835265,-0.11640002415274149,0.9932584269662922,2.996254681647938e-05,-0.0016037113921883498,0.004495804327677184,-0.0023280112251492673,0.004552007155985423,0.0007511668757436874,-0.0017718610957747941,0.011235955056179777,1.1235955056179776e-05,1.1235955056179776e-05,-0.00047002565714452364,0.01872659176029963,1.8726591760299626e-05,1.8726591760299626e-05,-0.001133685735043826,0.5000000000000001,0.5000000000000001
2013-01-17,0.0026146513581376493,0.0025884341296732298,0.026217228464419477,2.6217228464419478e-05,-0.0015735829664029167,0.004188234324540566,0.13636675368185128,0.9932584269662922,2.6217228464419512e-05,0.0025884341296732298,-0.008313011964139003,-0.008600011360089994,-0.005720281021710515,-0.003481424131999482,-0.0030139008881318384,0.011235955056179777,1.1235955056179776e-05,1.1235955056179776e-05,-0.0015848189214590965,0.014981273408239702,1.4981273408239702e-05,1.4981273408239702e-05,0.004173253051132327,0.5000000000000001,0.5000000000000001
2013-01-18,0.004250704958118837,0.004239469003062657,0.011235955056179777,1.1235955056179776e-05,0.0027889380388431595,0.0014617669192756777,0.28788740708994137,0.9932584269662922,1.1235955056180039e-05,0.004239469003062657,-0.0032710591046140347,-0.002253806980362653,0.004519516397362786,0.0018485157234246466,0.007527130757712803,0.0037453183520599256,3.7453183520599255e-06,3.7453183520599255e-06,0.0027851927204910996,0.007490636704119851,7.490636704119851e-06,7.490636704119851e-06,0.0014542762825715577,0.5000000000000001,0.5000000000000001
2013-01-21,0.0003777640831350434,0.0003552921730226838,0.022471910112359553,2.2471910112359552e-05,-0.0020265073140423055,0.002404271397177349,0.010540559338859697,0.9932584269662922,2.247191011235959e-05,0.00035529217302268385,-0.005392578712970796,-0.0036818399452716176,-0.005375528956308379,-0.004900596710001533,-0.0036704647642525827,0.011235955056179777,1.1235955056179776e-05,1.1235955056179776e-05,-0.002037743269098485,0.011235955056179777,1.1235955056179776e-05,1.1235955056179776e-05,0.0023930354421211695,0.5000000000000001,0.5000000000000001
2013-01-22,0.0006167634775006178,0.0005942915673882584,0.022471910112359553,2.2471910112359552e-05,0.0013763272824831854,-0.0007595638049825676,0.0350468369323767,0.9932584269662922,2.2471910112359427e-05,0.0005942915673882583,0.0018343170702744501,0.0008988481062708966,0.0020838240413800844,0.001541426269937408,0.0033964308569408618,0.011235955056179777,1.1235955056179776e-05,1.1235955056179776e-05,0.0013650913274270056,0.011235955056179777,1.1235955056179776e-05,1.1235955056179776e-05,-0.0007707997600387474,0.5000000000000001,0.5000000000000001
2013-01-23,-0.0019604185144230166,-0.0019903810612394955,0.029962546816479405,2.9962546816479404e-05,0.005039920447204354,-0.007000338961627371,-0.11779929891734434,0.9932584269662922,2.9962546816478947e-05,-0.001990381061239496,0.013713290009175217,0.014741083907679848,0.008149024064095125,0.01080913458536482,0.009825593981304863,0.014981273408239702,1.4981273408239702e-05,1.4981273408239702e-05,0.005024939173796115,0.014981273408239702,1.4981273408239702e-05,1.4981273408239702e-05,-0.00701532023503561,0.5000000000000001,0.5000000000000001
2013-01-24,-8.761375610205835e-05,-0.00010634034786235807,0.01872659176029963,1.8726591760299626e-05,-0.0024340114309909745,0.002346397674888916,0.006287842450750052,0.9932584269662922,1.872659176029972e-05,-0.00010634034786235798,-0.0033332842450655093,-0.007496042758738868,-0.0027275152193854163,-0.006586452977458065,-0.004054362438383027,0.011235955056179777,1.1235955056179776e-05,1.1235955056179776e-05,-0.002445247386047154,0.007490636704119851,7.490636704119851e-06,7.490636704119851e-06,0.0023389070381847963,0.5000000000000001,0.5000000000000001
2013-01-25,0.001570294292455203,0.0015478223823428433,0.022471910112359553,2.2471910112359552e-05,-0.0015833828822132618,0.0031536771746684643,0.05899571149869915,0.9932584269662922,2.2471910112359644e-05,0.0015478223823428433,-0.0055720343235162095,-0.007866380700989483,-0.00801900523656502,-0.00578858087540198,-0.0018769475067676447,0.011235955056179777,1.1235955056179776e-05,1.1235955056179776e-05,-0.0015946188372694416,0.011235955056179777,1.1235955056179776e-05,1.1235955056179776e-05,0.0031424412196122847,0.5000000000000001,0.5000000000000001
2013-01-28,-0.0026719358705166118,-0.0026831718255727914,0.011235955056179777,1.1235955056179776e-05,-0.0020550882235043973,-0.0006168476470122144,-0.1374482072738802,0.9932584269662922,1.1235955056179605e-05,-0.0026831718255727914,0.0037594642250478477,-0.0038612271426590266,-0.004086850726148299,-0.0035067898338939415,-0.004462004637129473,0.007490636704119851,7.490636704119851e-06,7.490636704119851e-06,-0.002062578860208517,0.0037453183520599256,3.7453183520599255e-06,3.7453183520599255e-06,-0.0006205929653642744,0.5000000000000001,0.5000000000000001
2013-01-29,0.00233010112752843,0.00231137453576813,0.01872659176029963,1.8726591760299626e-05,0.0018472215048015476,0.0004828796227268822,0.07844575579841244,0.9932584269662922,1.8726591760299775e-05,0.00231137453576813,-0.0003732578409003774,-0.002175202532453271,0.000293099380914771,-0.0012240202670545167,0.006223602768931127,0.007490636704119851,7.490636704119851e-06,7.490636704119851e-06,0.0018397308680974276,0.011235955056179777,1.1235955056179776e-05,1.1235955056179776e-05,0.0004716436676707024,0.5000000000000001,0.5000000000000001
2013-01-30,0.0032383870459913883,0.0032271510909352087,0.011235955056179777,1.1235955056179776e-05,0.002488904271875276,0.0007494827741161127,0.10045851992472628,0.9932584269662922,1.1235955056179605e-05,0.0032271510909352087,-0.00038072765958980343,-0.0037778895223979443,0.0011974571045339681,0.004615543212925685,0.005217565541085291,0.007490636704119851,7.490636704119851e-06,7.490636704119851e-06,0.002481413635171156,0.0037453183520599256,3.7453183520599255e-06,3.7453183520599255e-06,0.0007457374557640527,0.5000000000000001,0.5000000000000001
2013-01-31,-0.0011103337879074028,-0.0011290603796677023,0.01872659176029963,1.8726591760299626e-05,-0.0008656726693126348,-0.000244661118594768,-0.015276053119632989,0.9932584269662922,1.872659176029956e-05,-0.0011290603796677023,0.0020094647642546043,-0.002579951030769471,-0.001678376794421874,-0.0012338004931497836,-0.002002619099560319,0.007490636704119851,7.490636704119851e-06,7.490636704119851e-06,-0.0008731633060167546,0.011235955056179777,1.1235955056179776e-05,1.1235955056179776e-05,-0.00025589707365094775,0.5000000000000001,0.5000000000000001
2013-02-01,0.0011139107312387782,0.0010951841394784784,0.01872659176029963,1.8726591760299626e-05,-0.004169429251543379,0.005283339982782157,0.028096461713700935,0.9932584269662922,1.8726591760299775e-05,0.0010951841394784786,-0.00939802125031047,-0.013050633730118267,-0.01435777630226074,-0.013075269403780126,-0.006038501382884844,0.007490636704119851,7.490636704119851e-06,7.490636704119851e-06,-0.004176919888247498,0.011235955056179777,1.1235955056179776e-05,1.1235955056179776e-05,0.005272104027725977,0.5000000000000001,0.5000000000000001
2013-02-04,-0.0032743524637636446,-0.0032968243738760042,0.022471910112359553,2.2471910112359552e-05,0.004979043569140787,-0.008253396032904432,-0.1552824637408358,0.9932584269662922,2.2471910112359644e-05,-0.0032968243738760042,0.01763800755059702,0.014406228835962457,0.006769938659108082,0.011916544592930242,0.009080890892899934,0.011235955056179777,1.1235955056179776e-05,1.1235955056179776e-05,0.004967807614084607,0.011235955056179777,1.1235955056179776e-05,1.1235955056179776e-05,-0.008264631987960612,0.5000000000000001,0.5000000000000001
2013-02-05,0.00199771406830981,0.0019714968398453904,0.029962546816479405,2.9962546816479404e-05,-0.003946666168543805,0.005944380236853615,-0.005593833296471914,0.9932584269662922,2.6217228464419512e-05,0.0019677515214933305,-0.013801304938334867,-0.008155304175638903,-0.004204895921427541,-0.009808317259347233,-0.007095284470807401,0.014981273408239702,1.4981273408239702e-05,1.1235955056179776e-05,-0.003957902123599985,0.014981273408239702,1.4981273408239702e-05,1.4981273408239702e-05,0.005929398963445375,0.5000000000000001,0.5000000000000001
2013-02-06,0.004884185774198046,0.004861713864085686,0.022471910112359553,2.2471910112359552e-05,0.0018810408041719348,0.0030031449700261108,0.1991320577545135,0.9932584269662922,2.2471910112360077e-05,0.004861713864085687,-0.0076873420578038535,-0.002674233269373377,-0.0002654433805082828,0.000745722577616971,0.00539141655183852,0.011235955056179777,1.1235955056179776e-05,1.1235955056179776e-05,0.001869804849115755,0.011235955056179777,1.1235955056179776e-05,1.1235955056179776e-05,0.002991909014969931,0.5000000000000001,0.5000000000000001
2013-02-07,-0.0025918874750167228,-0.002629340658537322,0.03745318352059926,3.745318352059925e-05,0.0016554269557380317,-0.004247314430754754,-0.17949815800603972,0.9932584269662922,3.745318352059912e-05,-0.002629340658537322,0.008683507974445155,0.008209107801952284,0.004519819224191716,0.004740010364585438,0.002655960183425315,0.022471910112359553,2.2471910112359552e-05,2.2471910112359552e-05,0.001632955045625672,0.014981273408239702,1.4981273408239702e-05,1.4981273408239702e-05,-0.004262295704162994,0.5000000000000001,0.5000000000000001
2013-02-08,-0.002252765730683577,-0.0022827282775000563,0.029962546816479405,2.9962546816479404e-05,-0.006069675300995723,0.003816909570312146,-0.13253217263308884,0.9955056179775281,2.996254681647938e-05,-0.0022827282775000563,-0.009500082306874914,-0.0039012928081230422,-0.0051547522151823184,-0.008664590451865396,-0.014195735979975262,0.014981273408239702,1.4981273408239702e-05,1.4981273408239702e-05,-0.006084656574403963,0.014981273408239702,1.4981273408239702e-05,1.4981273408239702e-05,0.003801928296903906,0.5000000000000001,0.5000000000000001
2013-02-12,-0.0034817286981436452,-0.003515436563312185,0.03370786516853933,3.370786516853933e-05,-0.0017046559831986603,-0.0017770727149449851,-0.22335552205423403,0.9955056179775281,3.370786516853968e-05,-0.0035154365633121845,0.006996423702209787,-0.0033304111147496648,0.00016560160776158938,-0.0015083319945138265,-0.004460027284576747,0.014981273408239702,1.4981273408239702e-05,1.4981273408239702e-05,-0.0017196372566069,0.01872659176029963,1.8726591760299626e-05,1.8726591760299626e-05,-0.0017957993067052847,0.5000000000000001,0.5000000000000001
2013-02-13,0.004265005302261903,0.004235042755445423,0.029962546816479405,2.9962546816479404e-05,0.0029620349578361542,0.001302970344425748,0.14968759756968494,0.9955056179775281,2.9962546816479814e-05,0.004235042755445423,-0.0038295654160748105,-0.00015869123440486748,0.006196727145227745,0.003274120891687816,0.007415689127151095,0.01872659176029963,1.8726591760299626e-05,1.8726591760299626e-05,0.0029433083660758545,0.011235955056179777,1.1235955056179776e-05,1.1235955056179776e-05,0.0012917343893695682,0.5000000000000001,0.5000000000000001
2013-02-14,-0.0029364952714704576,-0.0029552218632307573,0.01872659176029963,1.8726591760299626e-05,0.001278349905332287,-0.004214845176802744,-0.20190958452809468,0.9955056179775281,1.8726591760299775e-05,-0.0029552218632307573,0.00977296287608663,0.0057431453086432055,0.00685580563236258,0.0029919654360293204,0.002392838653108228,0.007490636704119851,7.490636704119851e-06,7.490636704119851e-06,0.001270859268628167,0.011235955056179777,1.1235955056179776e-05,1.1235955056179776e-05,-0.004226081131858924,0.5000000000000001,0.5000000000000001
2013-02-15,0.006747244450045797,0.006728517858285497,0.01872659176029963,1.8726591760299626e-05,0.0026992119659888726,0.004048032484056925,0.29176520831015584,0.9955056179775281,1.8726591760299775e-05,0.006728517858285497,-0.009689242724861599,-0.00490970945461835,-0.0021237050083260673,0.000506455948736522,0.0080247391402328,0.0037453183520599256,3.7453183520599255e-06,3.7453183520599255e-06,0.0026954666476368128,0.014981273408239702,1.4981273408239702e-05,1.4981273408239702e-05,0.004033051210648685,0.5000000000000001,0.5000000000000001
2013-02-18,-0.0009944326475095164,-0.0010019232842136364,0.007490636704119851,7.490636704119851e-06,0.0024809132951938207,-0.003475345942703337,-0.06144429773429906,0.9955056179775281,7.4906367041199535e-06,-0.0010019232842136364,0.006170083470326506,0.008511908715567012,0.006456942398210679,0.004150451220478641,0.0054909054081086275,0.007490636704119851,7.490636704119851e-06,7.490636704119851e-06,0.002473422658489701,0.0,0.0,0.0,-0.003475345942703337,0.5000000000000001,0.5000000000000001
2013-02-19,0.0026828501977752667,0.002664123606014967,0.01872659176029963,1.8726591760299626e-05,-0.000640352800639199,0.0033232029984144656,0.13186424732036203,0.9955056179775281,1.8726591760299775e-05,0.002664123606014967,-0.009284834084085815,-0.0013695498223151596,-0.0024769879021080735,-0.0022598550354410614,-0.0008093178010751595,0.011235955056179777,1.1235955056179776e-05,1.1235955056179776e-05,-0.0006515887556953788,0.007490636704119851,7.490636704119851e-06,7.490636704119851e-06,0.003315712361710346,0.5000000000000001,0.5000000000000001
2013-02-20,0.0038268242935539693,0.0038118430201457294,0.014981273408239702,1.4981273408239702e-05,0.0037696217753706005,5.720251818336863e-05,0.215166224925885,0.9955056179775281,1.4981273408239907e-05,0.0038118430201457294,-0.002609635915206349,0.0048760567213124864,0.0035485825310423965,0.006684708180972962,0.008149649424950039,0.011235955056179777,1.1235955056179776e-05,1.1235955056179776e-05,0.003758385820314421,0.0037453183520599256,3.7453183520599255e-06,3.7453183520599255e-06,5.3457199831308707e-05,0.5000000000000001,0.5000000000000001
2013-02-21,-0.001717279225125921,-0.0017360058168862207,0.01872659176029963,1.8726591760299626e-05,0.003943891471720451,-0.0056611706968463715,-0.15405444053697936,0.9955056179775281,1.872659176029956e-05,-0.0017360058168862207,0.013842129292582358,0.006282765595913507,0.0075987020868812415,0.011228536825862074,0.0063603348758448025,0.011235955056179777,1.1235955056179776e-05,1.1235955056179776e-05,0.003932655516664271,0.007490636704119851,7.490636704119851e-06,7.490636704119851e-06,-0.005668661333550491,0.5000000000000001,0.5000000000000001
2013-02-22,0.0009744770004181394,0.0009520050903057799,0.022471910112359553,2.2471910112359552e-05,-0.006455590572941009,0.007430067573359148,0.032736898159816764,0.9955056179775281,2.2471910112359535e-05,0.0009520050903057799,-0.016774282181298863,-0.011031841077557156,-0.010612305068750903,-0.013056709659824148,-0.013133552909345685,0.014981273408239702,1.4981273408239702e-05,1.4981273408239702e-05,-0.006470571846349248,0.007490636704119851,7.490636704119851e-06,7.490636704119851e-06,0.007422576936655028,0.5000000000000001,0.5000000000000001
2013-02-25,0.0006832913807498758,0.0006645647889895762,0.01872659176029963,1.8726591760299626e-05,0.004767656194290486,-0.004084364813540611,0.030535739870489572,0.9955056179775281,1.872659176029956e-05,0.0006645647889895761,0.009197491975801088,0.006111204929641485,0.006378498972778782,0.01268155454292929,0.008145230192128806,0.011235955056179777,1.1235955056179776e-05,1.1235955056179776e-05,0.004756420239234306,0.007490636704119851,7.490636704119851e-06,7.490636704119851e-06,-0.0040918554502447305,0.5000000000000001,0.5000000000000001
2013-02-26,0.002714190663887315,0.0026842281170708355,0.029962546816479405,2.9962546816479404e-05,0.005100603664386499,-0.002386413000499185,0.11451889363189323,0.9955056179775281,2.996254681647938e-05,0.0026842281170708355,0.004206921916730317,0.005904634169534472,0.00943008217938398,0.011312186912081112,0.009867458170156157,0.014981273408239702,1.4981273408239702e-05,1.4981273408239702e-05,0.00508562239097826,0.014981273408239702,1.4981273408239702e-05,1.4981273408239702e-05,-0.002401394273907425,0.5000000000000001,0.5000000000000001
2013-02-27,0.0012704516171577517,0.0012517250253974521,0.01872659176029963,1.8726591760299626e-05,-0.001701997719660611,0.002972449336818363,0.07162053118765374,0.9955056179775281,1.872659176029956e-05,0.0012517250253974521,-0.005799988787869711,-0.006234718445170753,-0.0015620808302240375,-0.0039458244911238245,-0.0032051057620042867,0.0037453183520599256,3.7453183520599255e-06,3.7453183520599255e-06,-0.001705743038012671,0.014981273408239702,1.4981273408239702e-05,1.4981273408239702e-05,0.002957468063410123,0.5000000000000001,0.5000000000000001
2013-02-28,-0.000688752331002551,-0.0007074789227628506,0.01872659176029963,1.8726591760299626e-05,0.00030383940224348654,-0.0009925917332460376,-0.04831105581337954,0.9955056179775281,1.872659176029956e-05,-0.0007074789227628507,0.0037974613940639497,-0.0016393723886516743,0.002349764942692984,-0.0006805272634392213,0.001280558432437428,0.011235955056179777,1.1235955056179776e-05,1.1235955056179776e-05,0.0002926034471873068,0.007490636704119851,7.490636704119851e-06,7.490636704119851e-06,-0.0010000823699501575,0.5000000000000001,0.5000000000000001
2013-03-01,-0.00014584025462665475,-0.0001645668463869543,0.01872659176029963,1.8726591760299626e-05,-0.0011089132025683417,0.0009630729479416868,-0.03567458248111548,0.9955056179775281,1.872659176029956e-05,-0.0001645668463869544,-0.0012370869290558282,-0.0033042638295384635,0.003941933140111798,0.0017518984567791137,-0.004299302372556526,0.011235955056179777,1.1235955056179776e-05,1.1235955056179776e-05,-0.0011201491576245215,0.007490636704119851,7.490636704119851e-06,7.490636704119851e-06,0.0009555823112375669,0.5000000000000001,0.5000000000000001
2013-03-04,0.00029261628119650867,0.00027014437108414913,0.022471910112359553,2.2471910112359552e-05,0.0014634695292091156,-0.0011708532480126069,-0.014205870068305336,0.9955056179775281,2.2471910112359535e-05,0.00027014437108414913,0.002196922525990474,0.0026312744360946923,0.0037066504620162726,0.002158569428268354,0.0033872416636884146,0.011235955056179777,1.1235955056179776e-05,1.1235955056179776e-05,0.0014522335741529357,0.011235955056179777,1.1235955056179776e-05,1.1235955056179776e-05,-0.0011820892030687867,0.5000000000000001,0.5000000000000001
2013-03-05,-0.00033341023592071517,-0.00034839150932895486,0.014981273408239702,1.4981273408239702e-05,-0.0013881370338270408,0.0010547267979063256,-0.0535110455439761,0.9955056179775281,1.498127340823969e-05,-0.00034839150932895486,-0.002116276239649622,-0.0020958083081387096,-0.0016970463603882952,-0.001934177160768237,-0.0032708241882486583,0.0037453183520599256,3.7453183520599255e-06,3.7453183520599255e-06,-0.0013918823521791007,0.011235955056179777,1.1235955056179776e-05,1.1235955056179776e-05,0.0010434908428501458,0.5000000000000001,0.5000000000000001
2013-03-06,-0.00398583527574487,-0.0039933259124489895,0.007490636704119851,7.490636704119851e-06,-0.0026096195268273037,-0.001376215748917566,-0.17295483588140606,0.9955056179775281,7.490636704119737e-06,-0.0039933259124489895,0.004275344522841957,-0.000293394552178518,-0.006657118754012061,0.00034997058082707704,-0.008187840281720631,0.0,0.0,0.0,-0.0026096195268273037,0.007490636704119851,7.490636704119851e-06,7.490636704119851e-06,-0.001383706385621686,0.5000000000000001,0.5000000000000001
2013-03-07,-2.4411237451353824e-05,-3.9392510859593565e-05,0.014981273408239702,1.4981273408239702e-05,0.00041997905420233474,-0.0004443902916536886,-0.003879184333307292,0.9955056179775281,1.4981273408239741e-05,-3.9392510859593524e-05,0.002601490213862105,-0.0025366386778020774,-0.0008551857869331377,-0.00036784542088452976,0.0014770520540389076,0.007490636704119851,7.490636704119851e-06,7.490636704119851e-06,0.0004124884174982149,0.007490636704119851,7.490636704119851e-06,7.490636704119851e-06,-0.0004518809283578084,0.5000000000000001,0.5000000000000001
2013-03-08,-0.0031988738467550876,-0.0032176004385153873,0.01872659176029963,1.8726591760299626e-05,-0.005284989508045965,0.002086115661290877,-0.09643259696373492,0.9955056179775281,1.8726591760299775e-05,-0.0032176004385153873,-0.003605989483795985,-0.00530471500015329,-0.009674018767064384,-0.01154764939977107,-0.01031289425699379,0.007490636704119851,7.490636704119851e-06,7.490636704119851e-06,-0.005292480144750085,0.011235955056179777,1.1235955056179776e-05,1.1235955056179776e-05,0.0020748797062346974,0.5000000000000001,0.5000000000000001
2013-03-11,0.00014060648286258156,0.00011813457275022201,0.022471910112359553,2.2471910112359552e-05,-0.0011161638033176326,0.0012567702861802142,0.002951073194068812,0.9955056179775281,2.247191011235955e-05,0.00011813457275022201,-0.002727818864997463,-0.0020849839870863583,-0.005450101543361401,0.002261436168607029,-0.004582179827457708,0.011235955056179777,1.1235955056179776e-05,1.1235955056179776e-05,-0.0011273997583738124,0.011235955056179777,1.1235955056179776e-05,1.1235955056179776e-05,0.0012455343311240344,0.5000000000000001,0.5000000000000001
2013-03-12,0.002009403227537865,0.0019831859990734457,0.026217228464419477,2.6217228464419478e-05,0.0034471071973043482,-0.001437703969766483,0.08533777641465863,0.9955056179775281,2.6217228464419512e-05,0.0019831859990734457,0.0028279602492103776,0.002970303320178142,-0.0008139812675744907,0.0031157039182289625,0.008985388474931863,0.011235955056179777,1.1235955056179776e-05,1.1235955056179776e-05,0.0034358712422481686,0.014981273408239702,1.4981273408239702e-05,1.4981273408239702e-05,-0.0014526852431747228,0.5000000000000001,0.5000000000000001
2013-03-13,0.0014004495515048294,0.0013854682780965898,0.014981273408239702,1.4981273408239702e-05,0.0009469391685207246,0.0004535103829841049,0.05109290469800362,0.9955056179775281,1.498127340823969e-05,0.0013854682780965898,-0.0027243853697889106,0.0027277084416731916,0.0028239121883686397,-0.0012500492325310212,0.0035455166533639526,0.007490636704119851,7.490636704119851e-06,7.490636704119851e-06,0.0009394485318166047,0.007490636704119851,7.490636704119851e-06,7.490636704119851e-06,0.00044601974627998505,0.5000000000000001,0.5000000000000001
2013-03-14,0.0020600924226888764,0.0020376205125765172,0.022471910112359553,2.2471910112359552e-05,0.000568683040992463,0.0014914093816964136,0.11718410749083967,0.9955056179775281,2.247191011235921e-05,0.002037620512576517,-0.006646430806562472,0.004344405322946463,-0.0027294492342060943,0.0029414336557717167,0.0002407422329097265,0.011235955056179777,1.1235955056179776e-05,1.1235955056179776e-05,0.0005574470859362831,0.011235955056179777,1.1235955056179776e-05,1.1235955056179776e-05,0.0014801734266402338,0.5000000000000001,0.5000000000000001
2013-03-15,-0.002254249038646891,-0.0022729756304071904,0.01872659176029963,1.8726591760299626e-05,0.002531204328451464,-0.004785453367098355,-0.1210051813557324,0.9955056179775281,1.872659176029934e-05,-0.002272975630407191,0.009661898685548457,0.009388922831493212,0.010866327453593646,0.005530193018708027,0.004939516854759007,0.011235955056179777,1.1235955056179776e-05,1.1235955056179776e-05,0.0025199683733952843,0.007490636704119851,7.490636704119851e-06,7.490636704119851e-06,-0.004792944003802474,0.5000000000000001,0.5000000000000001
2013-03-18,0.0010718148695866873,0.0010568335961784476,0.014981273408239702,1.4981273408239702e-05,0.000805818742387412,0.0002659961271992754,0.035580584312492426,0.9955056179775281,1.498127340823969e-05,0.0010568335961784476,-0.0005124925097422828,-0.0005709917437110867,0.0021540658648845495,-0.001879949941772195,0.0034346135244402486,0.007490636704119851,7.490636704119851e-06,7.490636704119851e-06,0.0007983281056832921,0.007490636704119851,7.490636704119851e-06,7.490636704119851e-06,0.0002585054904951556,0.5000000000000001,0.5000000000000001
2013-03-19,0.0045351872007351225,0.004516460608974824,0.01872659176029963,1.8726591760299626e-05,0.000878492832435754,0.003656694368299369,0.18786714152535425,0.9955056179775281,1.8726591760298908e-05,0.004516460608974823,-0.009074807865605486,-0.0037905504785852406,0.004928143190634285,0.0011802779500277546,0.0020923588216564507,0.011235955056179777,1.1235955056179776e-05,1.1235955056179776e-05,0.0008672568773795742,0.007490636704119851,7.490636704119851e-06,7.490636704119851e-06,0.0036492037315952494,0.5000000000000001,0.5000000000000001
2013-03-21,-0.0016004385114853988,-0.0016229104215977584,0.022471910112359553,2.2471910112359552e-05,0.0016820651899678216,-0.00328250370145322,-0.11656090377375732,0.9955056179775281,2.2471910112359644e-05,-0.0016229104215977584,0.006294031712548241,0.007106958783622838,0.003582478496282837,0.005649662920076359,0.0022724299514713833,0.007490636704119851,7.490636704119851e-06,7.490636704119851e-06,0.0016745745532637016,0.014981273408239702,1.4981273408239702e-05,1.4981273408239702e-05,-0.00329748497486146,0.5000000000000001,0.5000000000000001
2013-03-22,0.0005891957273509509,0.0005667238172385913,0.022471910112359553,2.2471910112359552e-05,-0.002421238983047668,0.003010434710398619,0.016750446042704707,0.9955056179775281,2.2471910112359535e-05,0.0005667238172385913,-0.005741905135428073,-0.0065787979915355645,-0.006118108908985992,-0.0030409929797968207,-0.005875248515778952,0.011235955056179777,1.1235955056179776e-05,1.1235955056179776e-05,-0.0024324749381038476,0.011235955056179777,1.1235955056179776e-05,1.1235955056179776e-05,0.0029991987553424394,0.5000000000000001,0.5000000000000001
2013-03-25,-0.0009603958564569611,-0.0009828677665693205,0.022471910112359553,2.2471910112359552e-05,-0.0028549792286629754,0.0018945833722060143,-0.046189816671824376,0.9955056179775281,2.2471910112359427e-05,-0.0009828677665693207,-0.003085692007372661,-0.005196116218490762,-0.002581122659021147,-0.0035200202717062187,-0.006961362666230892,0.014981273408239702,1.4981273408239702e-05,1.4981273408239702e-05,-0.0028699605020712153,0.007490636704119851,7.490636704119851e-06,7.490636704119851e-06,0.0018870927355018944,0.5000000000000001,0.5000000000000001
2013-03-26,0.003156610608329385,0.0031341386982170253,0.022471910112359553,2.2471910112359552e-05,0.001125086576471953,0.0020315240318574315,0.20530249052357671,0.9955056179775281,2.2471910112359644e-05,0.0031341386982170253,-0.005731122517109975,-0.0007268991569246381,-0.0017843190343747994,0.002652054845807868,0.0020963410951673716,0.011235955056179777,1.1235955056179776e-05,1.1235955056179776e-05,0.0011138506214157732,0.011235955056179777,1.1235955056179776e-05,1.1235955056179776e-05,0.002020288076801252,0.5000000000000001,0.5000000000000001
2013-03-27,-3.44650114356786e-05,-6.0682239900098064e-05,0.026217228464419477,2.621722846441948e-05,0.0007566445352165372,-0.0007911095466522158,-0.005875092583365057,0.9955056179775281,2.6217228464419465e-05,-6.068223990009808e-05,0.0012201082677134954,0.0023064407444863036,0.006452532896282374,0.00022483505470574267,0.0022071141490621828,0.014981273408239702,1.4981273408239702e-05,1.4981273408239702e-05,0.0007416632618082975,0.011235955056179777,1.1235955056179776e-05,1.1235955056179776e-05,-0.0008023455017083956,0.5000000000000001,0.5000000000000001
2013-03-28,-0.0018986458249269052,-0.0019211177350392647,0.022471910112359553,2.2471910112359552e-05,-0.0014171336145483292,-0.0004815122103785758,-0.11176906761822444,0.9955056179775281,2.2471910112359427e-05,-0.0019211177350392649,-0.001156833343261918,0.005202739948795291,0.006486952002924858,-0.0019123112014541469,-0.0033709980071229234,0.011235955056179777,1.1235955056179776e-05,1.1235955056179776e-05,-0.001428369569604509,0.011235955056179777,1.1235955056179776e-05,1.1235955056179776e-05,-0.0004927481654347556,0.5000000000000001,0.5000000000000001
2013-03-29,-0.005518576318259244,-0.005533557591667484,0.014981273408239702,1.4981273408239702e-05,-0.004517247992000871,-0.0010013283262583742,-0.16734448410188685,0.9955056179775281,1.4981273408239473e-05,-0.005533557591667484,0.0016411948432058432,0.0027255802711385582,-0.0003491122663345749,-0.006621702618191516,-0.010476315486835745,0.007490636704119851,7.490636704119851e-06,7.490636704119851e-06,-0.00452473862870499,0.007490636704119851,7.490636704119851e-06,7.490636704119851e-06,-0.0010088189629624941,0.5000000000000001,0.5000000000000001
2013-04-01,-1.4664278308680535e-05,-3.339087006898026e-05,0.01872659176029963,1.8726591760299626e-05,0.001060374569227395,-0.0010750388475360756,-0.017796848563015076,0.9955056179775281,1.8726591760299724e-05,-3.3390870068980165e-05,0.004548198934719358,-0.0026461647842222647,-0.0037404467442033436,0.004018428965989262,0.0011988496666343945,0.011235955056179777,1.1235955056179776e-05,1.1235955056179776e-05,0.0010491386141712152,0.007490636704119851,7.490636704119851e-06,7.490636704119851e-06,-0.0010825294842401955,0.5000000000000001,0.5000000000000001
2013-04-02,0.0005066582121255551,0.00048793162036525536,0.01872659176029963,1.8726591760299626e-05,-0.0025207330668669445,0.0030273912789924996,0.014392624139005761,0.9955056179775281,1.872659176029972e-05,0.00048793162036525546,-0.006312876002224493,-0.005538595669506009,-0.00996165784990143,-0.0060354138936370635,-0.004648963340076148,0.011235955056179777,1.1235955056179776e-05,1.1235955056179776e-05,-0.002531969021923124,0.007490636704119851,7.490636704119851e-06,7.490636704119851e-06,0.00301990064228838,0.5000000000000001,0.5000000000000001
2013-04-03,-0.00870019090705574,-0.008724820993886663,0.024646881980484103,2.46468819804841e-05,-0.005178142562003495,-0.003522048345052244,-0.29897863605206587,0.9932735426008968,2.463008683092384e-05,-0.008724837789036224,0.010377062592115748,0.00019246076057445073,-0.0003175526703932505,-0.0064099715962808446,-0.012648588661582041,0.016060361767521573,1.6060361767521574e-05,1.6043566617960764e-05,-0.005194186128621456,0.008586520212962528,8.58652021296253e-06,8.58652021296253e-06,-0.0035306348652652066,0.4988789237668162,0.5026158445440957
2013-04-04,-0.0005698629340565683,-0.0005848106171656863,0.01868460388639761,1.868460388639761e-05,-0.0011881012575395936,0.0006182383234830252,-0.034691259495402374,0.9932735426008968,1.4947683109118063e-05,-0.0005885475379429659,-0.004643288909075596,0.005673155650623508,0.0038018797622410335,0.0035080834606867647,-0.005512158261839026,0.014947683109118088,1.4947683109118089e-05,1.1210762331838566e-05,-0.001199312019871432,0.003736920777279522,3.736920777279522e-06,3.736920777279522e-06,0.0006145014027057456,0.4988789237668162,0.5026158445440957
2013-04-05,0.003407082291174404,0.003377186924956168,0.029895366218236175,2.9895366218236178e-05,0.0007890111630291713,0.0026180711281452327,0.12607045418093088,0.9932735426008968,2.9895366218236127e-05,0.003377186924956168,-0.007392263307191221,-0.000793081713358526,-0.003595066799138237,-0.0002561680827636467,0.0025876612431347504,0.01868460388639761,1.868460388639761e-05,1.868460388639761e-05,0.0007703265591427736,0.011210762331838566,1.1210762331838566e-05,1.1210762331838566e-05,0.0026068603658133942,0.4988789237668162,0.5026158445440957
2013-04-08,0.0009365077614299378,0.0009178231575435403,0.01868460388639761,1.868460388639761e-05,0.00020747469606909621,0.0007290330653608415,0.010892331102130597,0.9932735426008968,1.8684603886397525e-05,0.0009178231575435402,-0.0005492195565074627,-0.0032732469259525742,0.0018312206190738648,0.0002913766244783389,0.0004948135916140011,0.007473841554559044,7.473841554559044e-06,7.473841554559044e-06,0.00020000085451453718,0.011210762331838566,1.1210762331838566e-05,1.1210762331838566e-05,0.0007178223030290029,0.4988789237668162,0.5026158445440957
2013-04-09,-0.0032212848264639507,-0.0032399694303503483,0.01868460388639761,1.868460388639761e-05,-0.0018366081509113398,-0.0013846766755526113,-0.11776659247114699,0.9932735426008968,1.8684603886397633e-05,-0.0032399694303503483,0.001362530429706679,0.005571050330433206,-0.0012057193798397738,-0.0033787066241729832,-0.003966556934978799,0.007473841554559044,7.473841554559044e-06,7.473841554559044e-06,-0.001844081992465899,0.011210762331838566,1.1210762331838566e-05,1.1210762331838566e-05,-0.0013958874378844498,0.4988789237668162,0.5026158445440957
2013-04-10,-0.003026743076465913,-0.003045427680352311,0.01868460388639761,1.868460388639761e-05,-0.005369728570809489,0.0023429854943435757,-0.10885622862783931,0.9932735426008968,1.8684603886397633e-05,-0.003045427680352311,-0.0027105921372730622,-0.008607407324309332,-0.01261298392960792,-0.009174932737729995,-0.011961103008367842,0.007473841554559044,7.473841554559044e-06,7.473841554559044e-06,-0.005377202412364048,0.011210762331838566,1.1210762331838566e-05,1.1210762331838566e-05,0.0023317747320117372,0.4988789237668162,0.5026158445440957
2013-04-11,0.0029131517003882943,0.002900072477667816,0.014947683109118088,1.4947683109118089e-05,-0.0005566829133762655,0.0034698346137645598,0.16969140166590704,0.9932735426008968,1.3079222720478387e-05,0.002898204017279176,-0.0105522639212294,0.00047586539926404046,-0.003338684544200001,-0.00601490635909846,0.0013297417492050985,0.007473841554559044,7.473841554559044e-06,5.605381165919283e-06,-0.0005622882945421848,0.007473841554559044,7.473841554559044e-06,7.473841554559044e-06,0.0034623607722100006,0.4988789237668162,0.5026158445440957
2013-04-12,3.484254743160254e-05,2.5500245488403697e-05,0.011210762331838566,1.1210762331838566e-05,0.0006322201033519482,-0.0005973775559203456,-0.01157185090261707,0.9932735426008968,9.342301943198844e-06,2.3631785099763973e-05,-0.001816495810939103,0.007266131616827051,0.00045120016206708844,0.0012914181973348452,0.0012989998822741941,0.007473841554559044,7.473841554559044e-06,5.605381165919283e-06,0.0006266147221860289,0.003736920777279522,3.736920777279522e-06,3.736920777279522e-06,-0.0006011144766976252,0.4988789237668162,0.5026158445440957
2013-04-15,-0.003447745863720309,-0.003470167388383986,0.022421524663677132,2.2421524663677132e-05,0.0028408179224765646,-0.006288563786196874,-0.1814912774944643,0.9932735426008968,2.2421524663676987e-05,-0.003470167388383986,0.012620722243904555,0.012291116117637599,0.010018435237981923,0.011334096045344941,0.002974832581824172,0.007473841554559044,7.473841554559044e-06,7.473841554559044e-06,0.0028333440809220054,0.014947683109118088,1.4947683109118089e-05,1.4947683109118089e-05,-0.006303511469305992,0.4988789237668162,0.5026158445440957
2013-04-16,0.006712308805641277,0.0066898872809776,0.022421524663677132,2.2421524663677132e-05,0.002625537746634795,0.004086771059006482,0.22931011969652257,0.9932735426008968,2.2421524663676987e-05,0.0066898872809776,-0.0102956779754491,-0.0037530093842632704,-0.002722186705830168,0.006435909778848516,0.004839487393496653,0.007473841554559044,7.473841554559044e-06,7.473841554559044e-06,0.002618063905080236,0.014947683109118088,1.4947683109118089e-05,1.4947683109118089e-05,0.004071823375897364,0.4988789237668162,0.5026158445440957
2013-04-17,0.0005164114034263969,0.0004865160372081608,0.029895366218236175,2.9895366218236178e-05,0.001148373862127107,-0.0006319624587007099,0.02339463964746132,0.9932735426008968,2.9895366218236127e-05,0.00048651603720816075,0.0014779310977763361,0.0008112214640098816,0.0033882567541175307,0.002165584172693027,0.0024527482537252806,0.014947683109118088,1.4947683109118089e-05,1.4947683109118089e-05,0.001133426179017989,0.014947683109118088,1.4947683109118089e-05,1.4947683109118089e-05,-0.000646910141809828,0.4988789237668162,0.5026158445440957
2013-04-18,0.0019438205575246124,0.0019270044140268546,0.01868460388639761,1.868460388639761e-05,0.005100532213339443,-0.00315671165581483,0.041302464021890396,0.9932735426008968,1.681614349775774e-05,0.0019251359536382147,0.004581066050066472,0.009717754934608224,0.0029466301763557117,0.007365492397498425,0.011963456951720734,0.007473841554559044,7.473841554559044e-06,5.605381165919283e-06,0.005094926832173523,0.011210762331838566,1.1210762331838566e-05,1.1210762331838566e-05,-0.0031679224181466684,0.4988789237668162,0.5026158445440957
2013-04-19,0.006180090360375383,0.006159537296100346,0.022421524663677132,2.2421524663677132e-05,0.0016638128123982574,0.004516277547977126,0.2609456795487867,0.9932735426008968,2.0553064275037093e-05,0.006157668835711706,-0.012888608726427737,-0.0010917098080939884,0.0020178858521994586,0.004779604395201432,0.002703998988503604,0.011210762331838566,1.1210762331838566e-05,9.342301943198805e-06,0.0016544705104550585,0.011210762331838566,1.1210762331838566e-05,1.1210762331838566e-05,0.004505066785645288,0.4988789237668162,0.5026158445440957
2013-04-22,0.002865447326839473,0.0028467627229530755,0.01868460388639761,1.868460388639761e-05,0.006077116517151078,-0.003211669190311605,0.12362374120440778,0.9932735426008968,1.8684603886397633e-05,0.0028467627229530755,0.0038256095386228614,0.011576130715760177,0.013194734342585614,0.008904762774660084,0.014302028331595983,0.011210762331838566,1.1210762331838566e-05,1.1210762331838566e-05,0.006065905754819239,0.007473841554559044,7.473841554559044e-06,7.473841554559044e-06,-0.003219143031866164,0.4988789237668162,0.5026158445440957
2013-04-23,0.0057146893775678375,0.005696004773681439,0.01868460388639761,1.868460388639761e-05,0.0029271944458403856,0.002787494931727452,0.22920687354361502,0.9932735426008968,1.8684603886398067e-05,0.00569600477368144,-0.007302740578618701,-0.0019929661045973695,0.0004430601025484459,0.008221239102515179,0.004854326670290252,0.007473841554559044,7.473841554559044e-06,7.473841554559044e-06,0.0029197206042858265,0.011210762331838566,1.1210762331838566e-05,1.1210762331838566e-05,0.0027762841693956134,0.4988789237668162,0.5026158445440957
2013-04-24,0.002738942242786409,0.0027202576389000113,0.01868460388639761,1.868460388639761e-05,0.001071480757789889,0.00166746148499652,0.07518611223298516,0.9932735426008968,1.8684603886397633e-05,0.0027202576389000113,-0.001713043215139628,-0.0065626697533146565,-0.0034506262840856175,-0.0029130440131413,0.004841380341504211,0.007473841554559044,7.473841554559044e-06,7.473841554559044e-06,0.00106400691623533,0.011210762331838566,1.1210762331838566e-05,1.1210762331838566e-05,0.0016562507226646815,0.4988789237668162,0.5026158445440957
2013-04-25,-0.00293894325558279,-0.0029576278594691877,0.01868460388639761,1.868460388639761e-05,-0.002021782951702249,-0.000917160303880541,-0.14356543197334592,0.9932735426008968,1.8684603886397633e-05,-0.0029576278594691877,0.0019239983393692234,0.0016240954331506216,0.0008222276249446355,0.00015729277652967152,-0.00637242612129177,0.011210762331838566,1.1210762331838566e-05,1.1210762331838566e-05,-0.0020329937140340874,0.007473841554559044,7.473841554559044e-06,7.473841554559044e-06,-0.0009246341454351001,0.4988789237668162,0.5026158445440957
2013-04-26,0.0027315227747964264,0.0027128381709100287,0.01868460388639761,1.868460388639761e-05,0.0014488181931108608,0.0012827045816855656,0.1529670432206616,0.9932735426008968,1.8684603886397633e-05,0.0027128381709100287,-0.005450197198230242,0.0033093483546441445,0.003358187891633629,0.004101311659611163,0.002385992786322902,0.003736920777279522,3.736920777279522e-06,3.736920777279522e-06,0.0014450812723335812,0.014947683109118088,1.4947683109118089e-05,1.4947683109118089e-05,0.0012677568985764475,0.4988789237668162,0.5026158445440957
2013-04-30,0.0009400679905492595,0.0009269887678287811,0.01868460388639761,1.868460388639761e-05,0.0006610037101996537,0.000279064280349606,0.08421587169429422,0.9932735426008968,1.3079222720478387e-05,0.0009213833866628619,-0.0006520485533501611,-0.00036348253681909307,-0.0015828539822865095,-0.0005700197066299478,0.0023247180436144826,0.007473841554559044,7.473841554559044e-06,3.736920777279522e-06,0.0006572667894223741,0.011210762331838566,1.1210762331838566e-05,9.342301943198805e-06,0.00026972197840640716,0.4988789237668162,0.5026158445440957
2013-05-01,-0.0011154528035580234,-0.001132268947055781,0.01868460388639761,1.868460388639761e-05,0.004843820389055298,-0.005959273192613321,-0.09852139914548626,0.9932735426008968,1.681614349775774e-05,-0.001134137407444421,0.014143908072285395,0.007312494996309981,0.007464242671136271,0.010150384818383752,0.009654425046617189,0.011210762331838566,1.1210762331838566e-05,9.342301943198805e-06,0.004834478087112099,0.007473841554559044,7.473841554559044e-06,7.473841554559044e-06,-0.00596674703416788,0.4988789237668162,0.5026158445440957
2013-05-02,0.007093472538518072,0.007082261776186234,0.011210762331838566,1.1210762331838566e-05,0.0022699631100145815,0.004823509428503491,0.256470621362402,0.9932735426008968,1.1210762331838493e-05,0.007082261776186234,-0.012781212480998248,-0.0031923181767657184,-0.0035316510511916384,0.010761397612208847,0.0015220526511671906,0.003736920777279522,3.736920777279522e-06,3.736920777279522e-06,0.002266226189237302,0.007473841554559044,7.473841554559044e-06,7.473841554559044e-06,0.004816035586948932,0.4988789237668162,0.5026158445440957
2013-05-07,0.000593623668257699,0.0005786759851485809,0.014947683109118088,1.4947683109118089e-05,0.0016701328496081511,-0.001076509181350452,0.006939576983395865,0.9932735426008968,1.4947683109118063e-05,0.0005786759851485809,0.001385533495688311,0.003713087325396204,0.003162329441160989,0.003939707466041321,0.003108868432378671,0.007473841554559044,7.473841554559044e-06,7.473841554559044e-06,0.001662659008053592,0.007473841554559044,7.473841554559044e-06,7.473841554559044e-06,-0.0010839830229050112,0.4988789237668162,0.5026158445440957
2013-05-08,0.0004577170511102452,0.00043155860566928856,0.026158445440956652,2.6158445440956655e-05,0.002463619160962398,-0.002005902109852153,-0.0351975521275747,0.9932735426008968,2.6158445440956665e-05,0.00043155860566928856,0.004410261390728245,0.0031785427143385006,0.0038567129168506,0.005142975581029716,0.004920154112593524,0.011210762331838566,1.1210762331838566e-05,1.1210762331838566e-05,0.0024524083986305597,0.014947683109118088,1.4947683109118089e-05,1.4947683109118089e-05,-0.002020849792961271,0.4988789237668162,0.5026158445440957
2013-05-09,-2.423866491794409e-05,-5.4134031136180304e-05,0.029895366218236175,2.9895366218236178e-05,-0.0036804248185129855,0.0036561861535950417,0.026749587498492027,0.9932735426008968,2.9895366218236215e-05,-5.413403113618027e-05,-0.005172005409022399,-0.011657157452045847,0.0025933054051964196,-0.006784299823145257,-0.0077996873774509486,0.014947683109118088,1.4947683109118089e-05,1.4947683109118089e-05,-0.003695372501622104,0.014947683109118088,1.4947683109118089e-05,1.4947683109118089e-05,0.0036412384704859234,0.4988789237668162,0.5026158445440957
2013-05-10,0.0013971018176921278,0.0013728118326398107,0.026158445440956652,2.6158445440956655e-05,-0.0025929147833214016,0.00399001660101353,0.007806817061896069,0.9932735426008968,2.4289985052317097e-05,0.0013709433722511712,-0.006958165431626481,-0.010033944399655392,-0.012226948080248202,-0.010932093864827536,-0.0023837450463446183,0.011210762331838566,1.1210762331838566e-05,9.342301943198805e-06,-0.0026022570852646002,0.014947683109118088,1.4947683109118089e-05,1.4947683109118089e-05,0.003975068917904411,0.4988789237668162,0.5026158445440957
2013-05-13,0.0034086823921632434,0.0033806554863336467,0.029895366218236175,2.9895366218236178e-05,0.005423427413538976,-0.0020147450213757333,0.08545620582534671,0.9932735426008968,2.8026905829596667e-05,0.0033787870259450073,0.0029821951498224604,0.0061533682780937436,0.013074649163835092,0.01457667694437696,0.009203811253527771,0.014947683109118088,1.4947683109118089e-05,1.3079222720478327e-05,0.005410348190818498,0.014947683109118088,1.4947683109118089e-05,1.4947683109118089e-05,-0.0020296927044848516,0.4988789237668162,0.5026158445440957
2013-05-14,-0.009557033502543897,-0.00959627117070533,0.04110612855007474,4.110612855007474e-05,-0.009167654554605649,-0.00038937894793824793,-0.30984060063863544,0.9932735426008968,3.9237668161433426e-05,-0.00959813963109397,0.0007411605409396555,0.0008521217678115024,-0.004544518079124432,-0.011852867115514504,-0.022135767496230755,0.01868460388639761,1.868460388639761e-05,1.681614349775785e-05,-0.009184470698103407,0.022421524663677132,2.2421524663677132e-05,2.2421524663677132e-05,-0.0004118004726019251,0.4988789237668162,0.5026158445440957
2013-05-15,-0.001372671655024251,-0.0014175147043516054,0.044843049327354265,4.4843049327354265e-05,-0.002218341865080735,0.0008456702100564838,-0.03555582366042203,0.9955156950672646,4.484304932735441e-05,-0.0014175147043516052,-0.002664458396875043,0.0003068160797190642,-0.007868704728160527,-0.002675775962106936,-0.005392684690702795,0.01868460388639761,1.868460388639761e-05,1.868460388639761e-05,-0.0022370264689671325,0.026158445440956652,2.6158445440956655e-05,2.6158445440956655e-05,0.0008195117646155271,0.4988789237668162,0.5026158445440957
2013-05-16,0.00976010814468637,0.009730212778468134,0.029895366218236175,2.9895366218236178e-05,0.012312720152751342,-0.002552612008064972,0.3292855287123175,0.9955156950672646,2.989536621823656e-05,0.009730212778468134,0.0023041334988650125,0.01081152178318944,0.013267620262068023,0.02127034722687739,0.026685834787275167,0.011210762331838566,1.1210762331838566e-05,1.1210762331838566e-05,0.012301509390419503,0.01868460388639761,1.868460388639761e-05,1.868460388639761e-05,-0.0025712966119513696,0.4988789237668162,0.5026158445440957
2013-05-17,0.00016270483147569651,0.00014028330681201937,0.022421524663677132,2.2421524663677132e-05,-0.00292684999134599,0.0030895548228216867,0.076162103209558,0.9955156950672646,2.242152466367715e-05,0.0001402833068120194,-0.007706321278528906,-0.0030271808072609495,-0.00892632626014004,-0.005693130987512994,-0.006021371917498394,0.011210762331838566,1.1210762331838566e-05,1.1210762331838566e-05,-0.0029380607536778286,0.011210762331838566,1.1210762331838566e-05,1.1210762331838566e-05,0.003078344060489848,0.4988789237668162,0.5026158445440957
2013-05-20,0.0015878334442552661,0.0015616749988143093,0.026158445440956652,2.6158445440956655e-05,0.003391682204427758,-0.001803848760172492,0.055163185606790247,0.9955156950672646,2.6158445440956773e-05,0.0015616749988143096,0.0021478675916824126,0.006577314658425947,0.004270804477864938,0.008608024511511759,0.005960875762984031,0.01868460388639761,1.868460388639761e-05,1.868460388639761e-05,0.0033729976005413605,0.007473841554559044,7.473841554559044e-06,7.473841554559044e-06,-0.0018113226017270512,0.4988789237668162,0.5026158445440957
2013-05-21,-0.001782778851526297,-0.0018126742177445334,0.029895366218236175,2.9895366218236178e-05,-0.002213463045712826,0.00043068419418652897,-0.11214211142179285,0.9955156950672646,2.9895366218236344e-05,-0.0018126742177445331,0.00030583852722976853,-0.003244921768522598,-0.0037825795345041114,-0.010278380389160659,-0.0015333498149443514,0.01868460388639761,1.868460388639761e-05,1.868460388639761e-05,-0.0022321476495992237,0.011210762331838566,1.1210762331838566e-05,1.1210762331838566e-05,0.0004194734318546904,0.4988789237668162,0.5026158445440957
2013-05-22,-0.004790644985104766,-0.004809329588991163,0.01868460388639761,1.868460388639761e-05,-0.0007523887500101098,-0.004038256235094656,-0.1721251522656651,0.9955156950672646,1.86846038863972e-05,-0.004809329588991163,0.013089758757091853,-0.0022145663551576583,-0.0003105723830572076,-0.0017276112322718825,-0.0014143242007568933,0.011210762331838566,1.1210762331838566e-05,1.1210762331838566e-05,-0.0007635995123419484,0.007473841554559044,7.473841554559044e-06,7.473841554559044e-06,-0.004045730076649215,0.4988789237668162,0.5026158445440957
2013-05-23,0.005789785044317787,0.00575988967809955,0.029895366218236175,2.9895366218236178e-05,-0.000990366405681617,0.006780151449999404,0.2151678195556756,0.9955156950672646,2.989536621823656e-05,0.00575988967809955,-0.01619903161044019,-0.008101265524550524,-0.005952026517209833,0.0018015148680685668,-0.003922607520334681,0.01868460388639761,1.868460388639761e-05,1.868460388639761e-05,-0.0010090510095680147,0.011210762331838566,1.1210762331838566e-05,1.1210762331838566e-05,0.0067689406876675655,0.4988789237668162,0.5026158445440957
2013-05-24,-0.003593047183848316,-0.003611731787734714,0.01868460388639761,1.868460388639761e-05,0.00018980270040017792,-0.0037828498842484943,-0.14176531547418836,0.9977578475336323,1.8684603886397633e-05,-0.003611731787734714,0.007464998454150171,0.0076503543404804865,0.004819196542164533,0.002741239135352829,-0.0008090220329103788,0.007473841554559044,7.473841554559044e-06,7.473841554559044e-06,0.00018232885884561888,0.011210762331838566,1.1210762331838566e-05,1.1210762331838566e-05,-0.003794060646580333,0.4988789237668162,0.5026158445440957
2013-05-27,-0.0022164572470319433,-0.002250089534027459,0.033632286995515695,3.36322869955157e-05,0.002065014106193309,-0.004281471353225252,-0.08376866814917906,0.9977578475336323,3.363228699551548e-05,-0.002250089534027459,0.010972650904709955,0.00355467758874565,0.005263803262414595,0.0027901698875209885,0.00486858198662097,0.01868460388639761,1.868460388639761e-05,1.868460388639761e-05,0.0020463295023069113,0.014947683109118088,1.4947683109118089e-05,1.4947683109118089e-05,-0.0042964190363343705,0.4988789237668162,0.5026158445440957
2013-05-28,0.005383590280861507,0.005349957993865992,0.033632286995515695,3.36322869955157e-05,-0.0028049458749639248,0.008188536155825432,0.25399345533874684,0.9977578475336323,3.363228699551548e-05,0.005349957993865992,-0.019271234265455038,-0.010266094188942292,-0.012086135484299765,-0.007278965822439607,-0.004848744739111178,0.01868460388639761,1.868460388639761e-05,1.868460388639761e-05,-0.0028236304788503224,0.014947683109118088,1.4947683109118089e-05,1.4947683109118089e-05,0.008173588472716315,0.4988789237668162,0.5026158445440957
2013-05-29,-0.0033654909914639665,-0.0033804386745730844,0.014947683109118088,1.4947683109118089e-05,0.005416132187311067,-0.008781623178775034,-0.15212565313840065,0.9977578475336323,1.4947683109117847e-05,-0.003380438674573085,0.01979974754306203,0.012763709747519465,0.011519076427633676,0.007427364728622237,0.012714082305690362,0.014947683109118088,1.4947683109118089e-05,1.4947683109118089e-05,0.005401184504201949,0.0,0.0,0.0,-0.008781623178775034,0.4988789237668162,0.5026158445440957
2013-05-30,0.004773601567286819,0.004743706201068582,0.029895366218236175,2.9895366218236178e-05,-0.00454564128742245,0.009319242854709269,0.20780225481691697,0.9977578475336323,2.989536621823656e-05,0.004743706201068582,-0.018975967628208024,-0.01766274834565119,-0.01723172634891022,-0.012030987894446803,-0.007739030081947328,0.022421524663677132,2.2421524663677132e-05,2.2421524663677132e-05,-0.004568062812086127,0.007473841554559044,7.473841554559044e-06,7.473841554559044e-06,0.00931176901315471,0.4988789237668162,0.5026158445440957
2013-05-31,-0.0019752262166840783,-0.0019976477413477557,0.022421524663677132,2.2421524663677132e-05,0.003966417188228813,-0.005941643404912891,-0.12141885423489696,0.9977578475336323,2.242152466367742e-05,-0.0019976477413477553,0.012321732520436179,0.010809614568886145,0.013348735729623782,0.006301238006926552,0.008875092593884075,0.011210762331838566,1.1210762331838566e-05,1.1210762331838566e-05,0.003955206425896974,0.011210762331838566,1.1210762331838566e-05,1.1210762331838566e-05,-0.00595285416724473,0.4988789237668162,0.5026158445440957
2013-06-03,-0.0029365449031989476,-0.002951492586308066,0.014947683109118088,1.4947683109118089e-05,-0.004056217173747157,0.0011196722705482094,-0.10209045141276712,0.9977578475336323,1.494768310911828e-05,-0.002951492586308066,-0.002182325571998053,-0.0023194381599747427,-0.004149051267301004,-0.0071918874430440234,-0.008697780959991819,0.007473841554559044,7.473841554559044e-06,7.473841554559044e-06,-0.004063691015301716,0.007473841554559044,7.473841554559044e-06,7.473841554559044e-06,0.0011121984289936503,0.4988789237668162,0.5026158445440957
2013-06-04,0.0022682570903142605,0.0022458355656505835,0.022421524663677132,2.2421524663677132e-05,-0.0006597979166885115,0.002928055007002772,0.039881308224130815,0.9977578475336323,2.2421524663676987e-05,0.0022458355656505835,-0.004858011240361306,-0.007782618162728636,-0.000930995793203525,-0.0003253207678787274,-0.0018418766856277532,0.014947683109118088,1.4947683109118089e-05,1.4947683109118089e-05,-0.0006747455997976296,0.007473841554559044,7.473841554559044e-06,7.473841554559044e-06,0.002920581165448213,0.4988789237668162,0.5026158445440957
2013-06-05,-0.009229350425690319,-0.009259245791908555,0.029895366218236175,2.9895366218236178e-05,-0.008597025252265926,-0.0006323251734243921,-0.3482235044032797,0.9977578475336323,2.989536621823656e-05,-0.009259245791908555,0.0033862128915722245,-0.0030460436816434353,-0.006518618707463875,-0.013424936426450991,-0.019354025983287417,0.014947683109118088,1.4947683109118089e-05,1.4947683109118089e-05,-0.008611972935375044,0.014947683109118088,1.4947683109118089e-05,1.4947683109118089e-05,-0.0006472728565335102,0.4988789237668162,0.5026158445440957
2013-06-06,-0.0011369549753435346,-0.001163113420784491,0.026158445440956652,2.6158445440956655e-05,0.009527455726437864,-0.010664410701781398,-0.07642206120061715,0.9977578475336323,2.615844544095634e-05,-0.0011631134207844911,0.022024255209107203,0.019586816516338288,0.01618154119857502,0.024521013583816777,0.016572295999033246,0.01868460388639761,1.868460388639761e-05,1.868460388639761e-05,0.009508771122551466,0.007473841554559044,7.473841554559044e-06,7.473841554559044e-06,-0.010671884543335957,0.4988789237668162,0.5026158445440957
2013-06-07,0.005927232211250246,0.005897336845032009,0.029895366218236175,2.9895366218236178e-05,-0.001960370104381405,0.00788760231563165,0.19660320369747486,0.9977578475336323,2.989536621823656e-05,0.005897336845032009,-0.018683720875024765,-0.009644662941815747,-0.009253863865793232,-0.0074802838059868934,-0.0021786637564323546,0.011210762331838566,1.1210762331838566e-05,1.1210762331838566e-05,-0.0019715808667132434,0.01868460388639761,1.868460388639761e-05,1.868460388639761e-05,0.007868917711745253,0.4988789237668162,0.5026158445440957
2013-06-10,0.00051557021874934,0.00048567485253110383,0.029895366218236175,2.9895366218236178e-05,-0.003316717176416209,0.003832287395165549,0.022367190085233114,0.9977578475336323,2.9895366218236127e-05,0.0004856748525311038,-0.006137210463452067,-0.010633059892935164,-0.008695977481583059,-0.009108883840368632,-0.005479638471733788,0.014947683109118088,1.4947683109118089e-05,1.4947683109118089e-05,-0.0033316648595253275,0.014947683109118088,1.4947683109118089e-05,1.4947683109118089e-05,0.0038173397120564306,0.4988789237668162,0.5026158445440957
2013-06-11,0.0010028471363477042,0.0009782687312353956,0.02458676511404719,2.458676511404719e-05,0.0011283653573076194,-0.00012551822095991521,0.07703649132076602,0.9955257270693513,2.4578405112308643e-05,0.000978260371233657,2.4337947195363624e-05,0.00070727127222172,0.006521096545250116,0.0030208000163710514,0.0018899099786673227,0.012285022555284714,1.2285022555284714e-05,1.2276662553545833e-05,0.0011160886947540736,0.012301742558762475,1.2301742558762474e-05,1.2301742558762474e-05,-0.00013781996351867767,0.5014914243102163,0.5014914243102163
2013-06-12,-9.939362575785111e-05,-0.00012176499041109494,0.02237136465324385,2.237136465324385e-05,0.006562401384072032,-0.0066617950098298824,0.010189844200022061,0.9955257270693513,2.2371364653243832e-05,-0.00012176499041109496,0.014506612884185902,0.010811196900216704,0.005783920327470165,0.013197832752469659,0.01317676959239572,0.011185682326621925,1.1185682326621925e-05,1.1185682326621925e-05,0.00655121570174541,0.011185682326621925,1.1185682326621925e-05,1.1185682326621925e-05,-0.006672980692156504,0.5014914243102163,0.5014914243102163
2013-06-13,-0.000390805964739463,-0.00041690589016824746,0.02609992542878449,2.609992542878449e-05,-0.004231374479327547,0.003840568514588084,-0.010610222254299445,0.9955257270693513,2.6099925428784462e-05,-0.00041690589016824746,-0.00893532604921597,-0.005075531037822175,-0.0063440254467272885,-0.008850783534515594,-0.008325783910895551,0.014914243102162566,1.4914243102162566e-05,1.4914243102162566e-05,-0.00424628872242971,0.011185682326621925,1.1185682326621925e-05,1.1185682326621925e-05,0.003829382832261462,0.5014914243102163,0.5014914243102163
2013-06-14,0.004522803087870131,0.004496703162441346,0.02609992542878449,2.609992542878449e-05,0.007397491475747376,-0.0028746883878772453,0.19770487472407158,0.9955257270693513,2.6099925428784733e-05,0.004496703162441346,0.0023972411543684968,0.012477297117651966,0.018247093388785555,0.015275386122955103,0.014654522823864544,0.011185682326621925,1.1185682326621925e-05,1.1185682326621925e-05,0.007386305793420755,0.014914243102162566,1.4914243102162566e-05,1.4914243102162566e-05,-0.002889602630979408,0.5014914243102163,0.5014914243102163
2013-06-17,-0.003004030995316474,-0.003015216677643096,0.011185682326621925,1.1185682326621925e-05,-2.4035037386467978e-05,-0.002979995957930006,-0.1650190171024554,0.9955257270693513,1.118568232662178e-05,-0.003015216677643096,0.006044263491676234,0.005735982059909363,0.008213338312305531,0.00571362244380903,-0.0029292404019837367,0.0037285607755406414,3.7285607755406415e-06,3.7285607755406415e-06,-2.7763598162008618e-05,0.007457121551081283,7.457121551081283e-06,7.457121551081283e-06,-0.0029874530794810877,0.5014914243102163,0.5014914243102163
2013-06-18,0.002864300991257677,0.0028456581873799736,0.018642803877703208,1.864280387770321e-05,-0.0039528608512035155,0.006817161842461192,0.14566419596398938,0.9955257270693513,1.8642803877703257e-05,0.0028456581873799736,-0.013391832932894974,-0.01400219870084369,-0.012086629238993203,-0.00984513191051656,-0.006989313598593214,0.011185682326621925,1.1185682326621925e-05,1.1185682326621925e-05,-0.003964046533530137,0.007457121551081283,7.457121551081283e-06,7.457121551081283e-06,0.006809704720910111,0.5014914243102163,0.5014914243102163
2013-06-19,0.0007678068936677873,0.0007417069682390029,0.02609992542878449,2.609992542878449e-05,-0.0021900160135212574,0.002957822907189045,0.032226941507941156,0.9955257270693513,2.6099925428784408e-05,0.0007417069682390028,-0.0057807088322586,-0.006135377725951188,-0.007472278669421225,-0.0053783643943450124,-0.0039103941491915525,0.014914243102162566,1.4914243102162566e-05,1.4914243102162566e-05,-0.00220493025662342,0.011185682326621925,1.1185682326621925e-05,1.1185682326621925e-05,0.002946637224862423,0.5014914243102163,0.5014914243102163
2013-06-20,-6.47216729426357e-05,-8.55283736990017e-05,0.024535261531905897,2.4535261531905898e-05,0.0067789097769637395,-0.0068436314499063745,-0.024909476413482057,0.9933035714285714,2.0806700756365997e-05,-8.92569344745416e-05,0.014266366583948233,0.012485284071449275,0.013778176615878253,0.016259411529395296,0.012484399261247302,0.019703945616277866,1.9703945616277868e-05,1.5975384840737225e-05,0.006762934392123002,0.004831315915628032,4.831315915628033e-06,4.831315915628033e-06,-0.006848462765822003,0.5003720238095238,0.5003720238095238
2013-06-21,0.0029517861928560164,0.002936905240475064,0.01488095238095238,1.4880952380952381e-05,0.0008517415477300908,0.0021000446451259255,0.14307356684038297,0.9933035714285714,1.4880952380952415e-05,0.002936905240475064,-0.0055489408370166995,-0.0014626365231088952,-0.000300177666531775,-0.00018217339404873032,0.0026938050461933743,0.00744047619047619,7.4404761904761905e-06,7.4404761904761905e-06,0.0008443010715396146,0.00744047619047619,7.4404761904761905e-06,7.4404761904761905e-06,0.0020926041689354495,0.5003720238095238,0.5003720238095238
2013-06-24,-0.001791484681137542,-0.0018100858716137325,0.018601190476190476,1.8601190476190478e-05,0.0006237467250115749,-0.002415231406149117,-0.10042650601425228,0.9933035714285714,1.860119047619041e-05,-0.0018100858716137325,0.005127924199453385,0.0042180005398219774,0.004448130554027542,0.004467000349269295,-0.00035361813476559434,0.011160714285714284,1.1160714285714286e-05,1.1160714285714286e-05,0.0006125860107258606,0.00744047619047619,7.4404761904761905e-06,7.4404761904761905e-06,-0.002422671882339593,0.5003720238095238,0.5003720238095238
2013-06-25,-0.005514683017725312,-0.005551885398677694,0.03720238095238095,3.7202380952380956e-05,-0.006635596479956082,0.0011209134622307698,-0.2737992943313647,0.9933035714285714,3.720238095238169e-05,-0.005551885398677693,1.2740361134032682e-06,-0.006773397795457017,-0.00973521013987406,-0.014087961037833377,-0.013144705313961474,0.01488095238095238,1.4880952380952381e-05,1.4880952380952381e-05,-0.006650477432337034,0.02232142857142857,2.232142857142857e-05,2.232142857142857e-05,0.0010985920336593412,0.5003720238095238,0.5003720238095238
2013-06-26,3.3792220333234314e-05,7.750553666567643e-06,0.026041666666666664,2.6041666666666665e-05,2.1509917465794875e-05,1.2282302867439504e-05,0.017289153919375112,0.9933035714285714,2.6041666666666672e-05,7.75055366656765e-06,-0.0012794072780570392,0.0025133746520082205,0.0053482803844361205,0.0021095525281473503,-0.0010010593373608117,0.011160714285714284,1.1160714285714286e-05,1.1160714285714286e-05,1.034920318008059e-05,0.01488095238095238,1.4880952380952381e-05,1.4880952380952381e-05,-2.598649513512877e-06,0.5003720238095238,0.5003720238095238
2013-06-27,0.0026016482343612685,0.002575606567694602,0.026041666666666664,2.6041666666666665e-05,0.0014935154762407248,0.001108132758120544,0.10800842662584992,0.9933035714285714,2.60416666666664e-05,0.0025756065676946016,-0.002926489691452744,-0.0007748767000461865,0.0013791273640867332,-0.0005019254785788361,0.004815825497843921,0.00744047619047619,7.4404761904761905e-06,7.4404761904761905e-06,0.0014860750000502485,0.018601190476190476,1.8601190476190478e-05,1.8601190476190478e-05,0.0010895315676443535,0.5003720238095238,0.5003720238095238
2013-06-28,0.0017130068612758102,0.0016981259088948578,0.01488095238095238,1.4880952380952381e-05,0.001615253484696957,9.775337657885332e-05,0.10246480167878869,0.9933035714285714,1.4880952380952415e-05,0.0016981259088948578,-9.122830438307777e-05,-0.0004059676456161519,0.00020035292052516295,0.002303733868564941,0.0037689088583568427,0.00744047619047619,7.4404761904761905e-06,7.4404761904761905e-06,0.0016078130085064807,0.00744047619047619,7.4404761904761905e-06,7.4404761904761905e-06,9.031290038837712e-05,0.5003720238095238,0.5003720238095238
2013-07-01,0.0009074581070101252,0.0008888569165339347,0.018601190476190476,1.8601190476190478e-05,-0.0011260328492224767,0.002033490956232602,0.08478264125969069,0.9933035714285714,1.860119047619052e-05,0.0008888569165339347,-0.0026771390940101354,-0.006868760687065422,-0.005531058386257001,-0.004039332717639891,-0.0013969014083639387,0.00744047619047619,7.4404761904761905e-06,7.4404761904761905e-06,-0.001133473325412953,0.011160714285714284,1.1160714285714286e-05,1.1160714285714286e-05,0.0020223302419468876,0.5003720238095238,0.5003720238095238
2013-07-02,0.002075567290970613,0.0020606863385896606,0.01488095238095238,1.4880952380952381e-05,0.0004926647173502625,0.0015829025736203506,0.10359806574347814,0.9933035714285714,1.4880952380952415e-05,0.0020606863385896606,-0.004356915187959439,-0.0007497043791640602,-0.0016299350049565294,-0.0007469078898370953,0.0018825645127443329,0.00744047619047619,7.4404761904761905e-06,7.4404761904761905e-06,0.0004852242411597863,0.00744047619047619,7.4404761904761905e-06,7.4404761904761905e-06,0.0015754620974298744,0.5003720238095238,0.5003720238095238
2013-07-03,-0.0017083301986745116,-0.001721670027924697,0.013356400466645444,1.3356400466645443e-05,0.002062532197638725,-0.003770862396313237,-0.13816929238403516,0.9910913140311804,1.3339829250185462e-05,-0.001721686599141157,0.007464397481479967,0.0076461012496353105,0.004150812801924006,0.003390716786134042,0.004580271803043644,0.006682343037437686,6.682343037437686e-06,6.665771820977828e-06,0.0020558664258177473,0.006674057429207757,6.6740574292077575e-06,6.6740574292077575e-06,-0.0037775364537424444,0.5011135857461024,0.5011135857461024
2013-07-04,0.0022880872721018973,0.0022732394621538645,0.014847809948032665,1.4847809948032665e-05,0.003630140629675512,-0.0013420533575736146,0.056737691992390434,0.9910913140311804,1.4847809948032812e-05,0.0022732394621538645,0.0025801294163864653,0.002874167267901109,0.0030230764739261986,0.005597197832675037,0.008250977081411435,0.011135857461024499,1.1135857461024499e-05,1.1135857461024499e-05,0.0036190047722144876,0.003711952487008166,3.711952487008166e-06,3.711952487008166e-06,-0.0013457653100606226,0.5011135857461024,0.5011135857461024
2013-07-05,-0.0013576024392813173,-0.00137245024922935,0.014847809948032665,1.4847809948032665e-05,0.0009108241888563417,-0.0022684266281376587,-0.11461409512500358,0.9910913140311804,1.4847809948032595e-05,-0.00137245024922935,0.005467828909601089,0.002644656261248607,0.004715029219362322,0.001954804137190205,0.0017887482989129456,0.011135857461024499,1.1135857461024499e-05,1.1135857461024499e-05,0.0008996883313953172,0.003711952487008166,3.711952487008166e-06,3.711952487008166e-06,-0.0022721385806246668,0.5011135857461024,0.5011135857461024
2013-07-08,0.00012662990680209406,0.00011178209685406133,0.014847809948032665,1.4847809948032665e-05,-0.0022539969678388645,0.0023806268746409585,0.013366306297227848,0.9910913140311804,1.484780994803273e-05,0.0001117820968540614,-0.004199562769633991,-0.00585289401691589,-0.0051113725408656755,-0.0023237406153355867,-0.0057120279027919165,0.007423904974016332,7.423904974016332e-06,7.423904974016332e-06,-0.0022614208728128807,0.007423904974016332,7.423904974016332e-06,7.423904974016332e-06,0.0023732029696669423,0.5011135857461024,0.5011135857461024
2013-07-09,0.0002742680536574433,0.0002594202437094107,0.014847809948032665,1.4847809948032665e-05,-0.001663556008117596,0.0019378240617750394,0.021166246107043204,0.9910913140311804,1.484780994803265e-05,0.0002594202437094107,-0.003475742285705736,-0.004649622145081764,-9.3932785317609e-05,-0.005883203723149651,-0.0020842934209675695,0.003711952487008166,3.711952487008166e-06,3.711952487008166e-06,-0.0016672679606046042,0.011135857461024499,1.1135857461024499e-05,1.1135857461024499e-05,0.001926688204314015,0.5011135857461024,0.5011135857461024
2013-07-10,-0.0003048897370258563,-0.00033087340443491343,0.02598366740905716,2.5983667409057163e-05,0.002932946828234292,-0.0032378365652601486,-0.009580452624741434,0.9910913140311804,2.598366740905715e-05,-0.00033087340443491343,0.0065133700373555675,0.0063571081626462855,0.007048824957164231,0.0028392240393847463,0.007526940838113691,0.014847809948032665,1.4847809948032665e-05,1.4847809948032665e-05,0.002918099018286259,0.011135857461024499,1.1135857461024499e-05,1.1135857461024499e-05,-0.003248972422721173,0.5011135857461024,0.5011135857461024
2013-07-11,-0.0011538297687440774,-0.0011798134361531345,0.02969561989606533,2.969561989606533e-05,0.000771668425297796,-0.0019254981940418732,-0.07564762323667952,0.9910913140311804,2.5983667409057096e-05,-0.0011835253886401428,0.0034486499282833432,0.004630015998430661,0.002004170320860785,0.001993681466333035,0.001327773121238648,0.011135857461024499,1.1135857461024499e-05,7.423904974016332e-06,0.0007642445203237797,0.01855976243504083,1.8559762435040832e-05,1.8559762435040832e-05,-0.001944057956476914,0.5011135857461024,0.5011135857461024
2013-07-12,0.0007496414061899997,0.0007310816437549588,0.022271714922048998,2.2271714922048998e-05,-0.000996975200887045,0.0017466166070770448,0.11952504224887961,0.9910913140311804,1.8559762435040907e-05,0.0007273696912679507,-0.002905183475542116,-0.004646044469950344,-0.0049206783545995125,-0.0019779676900745806,-0.002040642875745612,0.011135857461024499,1.1135857461024499e-05,7.423904974016332e-06,-0.0010043991058610615,0.011135857461024499,1.1135857461024499e-05,1.1135857461024499e-05,0.0017354807496160203,0.5011135857461024,0.5011135857461024
2013-07-16,0.0006737652016728861,0.0006484575521008668,0.03825031834294504,3.825031834294504e-05,0.001712693488392342,-0.0010389282867194556,0.0448427769735776,0.9823399558498896,2.530764957201924e-05,0.000635514883329941,0.0020914561235974246,0.0020922146045906634,0.0017845630515426311,0.0015036262630126094,0.004581594499321579,0.02278794672487793,2.2787946724877926e-05,1.3524453818558431e-05,0.0016991690345737834,0.015462371618067109,1.5462371618067108e-05,1.1783195753460781e-05,-0.0010507114824729164,0.5003679175864606,0.5003679175864606
2013-07-17,0.00011609414045208806,0.00010505661285826908,0.011037527593818985,1.1037527593818985e-05,1.5281367093645237e-05,0.00010081277335844279,-0.006291916948439345,0.9823399558498896,1.1037527593818985e-05,0.00010505661285826908,-0.0017396295188500796,0.0028703498866151644,0.002059262473020074,0.0022884843406519566,-0.001122805489459302,0.003679175864606328,3.679175864606328e-06,3.679175864606328e-06,1.160219122903891e-05,0.007358351729212656,7.358351729212656e-06,7.358351729212656e-06,9.345442162923014e-05,0.5003679175864606,0.5003679175864606
2013-07-18,-0.0031794526810974286,-0.0031904902086912477,0.011037527593818985,1.1037527593818985e-05,-0.0017741458744886041,-0.0014053068066088245,-0.18588145257163244,0.9823399558498896,1.1037527593819093e-05,-0.0031904902086912477,0.0024722281490696485,0.0035435968137780033,-0.001168525401176269,-0.00288209145201813,-0.004068503207714894,0.007358351729212656,7.358351729212656e-06,7.358351729212656e-06,-0.0017815042262178168,0.003679175864606328,3.679175864606328e-06,3.679175864606328e-06,-0.001408985982473431,0.5003679175864606,0.5003679175864606
2013-07-19,0.0019184977050379882,0.0019037810015795629,0.014716703458425313,1.4716703458425313e-05,-0.0011842672558257427,0.003102764960863731,0.08880067652678122,0.9823399558498896,1.4716703458425313e-05,0.0019037810015795629,-0.006456822225793032,-0.005827055912030873,-0.004225737505512945,-0.004274898143460688,-0.0015132284224073128,0.007358351729212656,7.358351729212656e-06,7.358351729212656e-06,-0.0011916256075549553,0.007358351729212656,7.358351729212656e-06,7.358351729212656e-06,0.003095406609134518,0.5003679175864606,0.5003679175864606
2013-07-22,-0.0005240356770812959,-0.0005424315564043276,0.01839587932303164,1.839587932303164e-05,-0.0009635693022271014,0.00043953362514580544,-0.030499401502575785,0.9823399558498896,1.839587932303164e-05,-0.0005424315564043276,-0.000696425318222262,-0.0012619324594361405,-0.002203127013776465,-0.0016474524997831966,-0.002167660920746826,0.011037527593818985,1.1037527593818985e-05,1.1037527593818985e-05,-0.0009746068298209204,0.007358351729212656,7.358351729212656e-06,7.358351729212656e-06,0.0004321752734165928,0.5003679175864606,0.5003679175864606
2013-07-23,0.0011394541067020912,0.0011210582273790595,0.01839587932303164,1.839587932303164e-05,0.0023749474667664147,-0.0012354933600643235,0.04113141205900817,0.9823399558498896,1.839587932303175e-05,0.0011210582273790595,0.0014834095483721385,0.0044955607980442375,0.005048662592657879,0.00515900910298712,0.004780859958438904,0.011037527593818985,1.1037527593818985e-05,1.1037527593818985e-05,0.0023639099391725956,0.007358351729212656,7.358351729212656e-06,7.358351729212656e-06,-0.0012428517117935361,0.5003679175864606,0.5003679175864606
2013-07-24,0.004469621045675123,0.0044549043422166985,0.014716703458425313,1.4716703458425313e-05,0.001261935123885415,0.0032076859217897084,0.20124234175224248,0.9823399558498896,1.4716703458424879e-05,0.0044549043422166985,-0.006293061314171336,-0.006788300339267169,-0.0011175943016988165,0.0024505274525911352,0.0026890286785258657,0.003679175864606328,3.679175864606328e-06,3.679175864606328e-06,0.0012582559480208088,0.011037527593818985,1.1037527593818985e-05,1.1037527593818985e-05,0.0031966483941958893,0.5003679175864606,0.5003679175864606
2013-07-25,0.0017047816111057446,0.0016790273800535002,0.025754231052244298,2.5754231052244297e-05,0.0033096060635233295,-0.001604824452417585,0.07342698671866808,0.9823399558498896,2.5754231052244406e-05,0.0016790273800535004,0.0026057232350063897,0.004481693222589435,0.004324359864903976,0.0029396015800314044,0.008836076525910844,0.011037527593818985,1.1037527593818985e-05,1.1037527593818985e-05,0.0032985685359295104,0.014716703458425313,1.4716703458425313e-05,1.4716703458425313e-05,-0.0016195411558760104,0.5003679175864606,0.5003679175864606
2013-07-26,-0.004709213159338199,-0.004734967390390444,0.025754231052244298,2.5754231052244297e-05,-0.0024923439277979528,-0.002216869231540247,-0.2620005201957134,0.9823399558498896,2.5754231052244406e-05,-0.004734967390390444,0.0058704841200886496,0.0016489219183257915,-0.0004907796200899596,-0.0010396556450363657,-0.007254648314613393,0.014716703458425313,1.4716703458425313e-05,1.4716703458425313e-05,-0.002507060631256378,0.011037527593818985,1.1037527593818985e-05,1.1037527593818985e-05,-0.002227906759134066,0.5003679175864606,0.5003679175864606
2013-07-29,0.0048252192925026995,0.004803144237315061,0.02207505518763797,2.207505518763797e-05,0.003901135244656257,0.0009240840478464421,0.2784041158102729,0.9823399558498896,2.2075055187638186e-05,0.004803144237315061,-0.003616593263826994,0.001651718878661479,-0.0021120742980177618,0.0049538106978901444,0.009653838890131715,0.011037527593818985,1.1037527593818985e-05,1.1037527593818985e-05,0.003890097717062438,0.011037527593818985,1.1037527593818985e-05,1.1037527593818985e-05,0.0009130465202526231,0.5003679175864606,0.5003679175864606
2013-07-30,-0.0009428712531774127,-0.0009612671325004443,0.01839587932303164,1.839587932303164e-05,0.0012302757316269076,-0.0021731469848043205,-0.06903923119975924,0.9823399558498896,1.839587932303164e-05,-0.0009612671325004443,0.004694815698789499,0.0037361763906390956,0.007764300813822472,0.002539591344386111,0.0025445647015058795,0.007358351729212656,7.358351729212656e-06,7.358351729212656e-06,0.001222917379897695,0.011037527593818985,1.1037527593818985e-05,1.1037527593818985e-05,-0.0021841845123981396,0.5003679175864606,0.5003679175864606
2013-07-31,-0.002734751207068791,-0.0027605054381210354,0.025754231052244298,2.5754231052244297e-05,-0.00254068051630496,-0.0001940706907638311,-0.12596797936647788,0.9823399558498896,2.5754231052244406e-05,-0.0027605054381210354,0.00081898145241527,-0.00046577593261700004,-0.0021376782630605547,-0.0021606733538491714,-0.006832264368797702,0.014716703458425313,1.4716703458425313e-05,1.4716703458425313e-05,-0.0025553972197633855,0.011037527593818985,1.1037527593818985e-05,1.1037527593818985e-05,-0.0002051082183576501,0.5003679175864606,0.5003679175864606
2013-08-01,0.0032917809204050163,0.0032660266893527723,0.025754231052244298,2.5754231052244297e-05,-0.000432778550362108,0.0037245594707671246,0.15462123079395212,0.9823399558498896,2.5754231052243972e-05,0.003266026689352772,-0.010226035699112903,-0.0020442678052076265,-9.540098398295012e-05,-0.006570441453041543,0.0020086831571485947,0.014716703458425313,1.4716703458425313e-05,1.4716703458425313e-05,-0.0004474952538205333,0.011037527593818985,1.1037527593818985e-05,1.1037527593818985e-05,0.0037135219431733055,0.5003679175864606,0.5003679175864606
2013-08-02,0.0035196051744131826,0.003501209295090151,0.01839587932303164,1.839587932303164e-05,0.003674173289824237,-0.00015456811541105444,0.2157705092607093,0.9823399558498896,1.8395879323031532e-05,0.003501209295090151,-0.00019105776126745878,0.0013157069396176866,0.0028049892528160176,0.00441442252688559,0.009220672387676078,0.007358351729212656,7.358351729212656e-06,7.358351729212656e-06,0.0036668149380950244,0.011037527593818985,1.1037527593818985e-05,1.1037527593818985e-05,-0.00016560564300487342,0.5003679175864606,0.5003679175864606
2013-08-05,0.0012466465048385335,0.0012245714496508953,0.02207505518763797,2.207505518763797e-05,-0.0014189714121661792,0.0026656179170047125,0.0863277042346927,0.9823399558498896,2.2075055187638186e-05,0.0012245714496508955,-0.005610338137797883,-0.004879655943112697,-0.0017168999475251961,-0.00370790401655495,-0.002536490817127267,0.011037527593818985,1.1037527593818985e-05,1.1037527593818985e-05,-0.001430008939759998,0.011037527593818985,1.1037527593818985e-05,1.1037527593818985e-05,0.0026545803894108934,0.5003679175864606,0.5003679175864606
2013-08-06,-0.00010013076833164893,-0.00012404541145159007,0.025754231052244298,2.5754231052244297e-05,0.002178041762234178,-0.0022781725305658267,0.013309792888570537,0.9823399558498896,2.3914643119941133e-05,-0.00012588499938389323,0.005634756194165678,0.0025186345243343993,-0.0012325826871937432,0.007995779206524374,0.0027147077733898272,0.011037527593818985,1.1037527593818985e-05,1.1037527593818985e-05,0.002167004234640359,0.014716703458425313,1.4716703458425313e-05,1.2877115526122149e-05,-0.002291049646091949,0.5003679175864606,0.5003679175864606
2013-08-07,0.0008293874963817749,0.000807312441194137,0.02207505518763797,2.207505518763797e-05,0.0017011439152793467,-0.0008717564188975718,0.009904281265192234,0.9823399558498896,2.207505518763786e-05,0.0008073124411941369,0.0023153009231578602,0.0006419395858910694,0.0004388160542714764,-0.0008951260629999418,0.005772460068694528,0.014716703458425313,1.4716703458425313e-05,1.4716703458425313e-05,0.0016864272118209214,0.007358351729212656,7.358351729212656e-06,7.358351729212656e-06,-0.0008791147706267845,0.5003679175864606,0.5003679175864606
2013-08-08,0.000562534008248334,0.000540458953060696,0.02207505518763797,2.207505518763797e-05,-0.0011072683132231195,0.0016698023214714536,0.07485929523013213,0.9823399558498896,2.2075055187638077e-05,0.0005404589530606961,-0.002970849075896411,-0.004190468632477845,-0.004317909352991644,-0.004948165252326629,-0.0009283008483391835,0.011037527593818985,1.1037527593818985e-05,1.1037527593818985e-05,-0.0011183058408169386,0.011037527593818985,1.1037527593818985e-05,1.1037527593818985e-05,0.0016587647938776347,0.5003679175864606,0.5003679175864606
2013-08-09,-0.0020498769008726724,-0.002079310307789523,0.029433406916850625,2.9433406916850625e-05,0.0022939836024900343,-0.004343860503362706,-0.12257377042483104,0.9823399558498896,2.9433406916850625e-05,-0.002079310307789523,0.009297964405067602,0.007726842435008977,0.009941396669560874,0.0075429086239717355,0.003308566774598265,0.01839587932303164,1.839587932303164e-05,1.839587932303164e-05,0.0022755877231670028,0.011037527593818985,1.1037527593818985e-05,1.1037527593818985e-05,-0.004354898030956525,0.5003679175864606,0.5003679175864606
2013-08-12,0.0024347672576682097,0.0024200505542097844,0.014716703458425313,1.4716703458425313e-05,0.0006794554235554824,0.0017553118341127273,0.18230217923874395,0.9823399558498896,1.4716703458425313e-05,0.0024200505542097844,-0.00483294368015233,-0.0009467151752388674,-5.8817791259224994e-05,0.002851493529587073,0.0006641899086868436,0.003679175864606328,3.679175864606328e-06,3.679175864606328e-06,0.0006757762476908761,0.011037527593818985,1.1037527593818985e-05,1.1037527593818985e-05,0.0017442743065189084,0.5003679175864606,0.5003679175864606
2013-08-13,0.0024881999827365536,0.0024514082240904905,0.04047093451066961,4.047093451066961e-05,-0.0010387570385350852,0.003526957021271639,0.13975629784064308,0.9823399558498896,3.6791758646063065e-05,0.002447729048225884,-0.007796192780097051,-0.0057745970375931875,-0.006072542077377723,-0.007361592669123832,0.0005262408221183065,0.025754231052244298,2.5754231052244297e-05,2.207505518763797e-05,-0.0010608320937227232,0.014716703458425313,1.4716703458425313e-05,1.4716703458425313e-05,0.0035122403178132135,0.5003679175864606,0.5003679175864606
2013-08-14,-0.00027083731259794266,-0.0003002707195147933,0.029433406916850625,2.9433406916850625e-05,-0.00041084106764412105,0.00014000375504617845,-0.0456409097160848,0.9823399558498896,2.9433406916850625e-05,-0.0003002707195147933,-0.001125500067268738,0.0014211682119693284,-0.002949859179075693,-0.0008489687274969119,-0.0008591569047913901,0.025754231052244298,2.5754231052244297e-05,2.5754231052244297e-05,-0.00043659529869636535,0.003679175864606328,3.679175864606328e-06,3.679175864606328e-06,0.00013632457918157212,0.5003679175864606,0.5003679175864606
2013-08-15,-0.0005533456234932513,-0.0005754206786808893,0.02207505518763797,2.207505518763797e-05,0.002217110496052506,-0.0027704561195457575,-0.03407554276703267,0.9823399558498896,2.207505518763797e-05,-0.0005754206786808893,0.00642378874445565,0.003929640141382661,0.005262246289201197,0.0056901931052516655,0.00406275627492293,0.014716703458425313,1.4716703458425313e-05,1.4716703458425313e-05,0.0022023937925940806,0.007358351729212656,7.358351729212656e-06,7.358351729212656e-06,-0.0027778144712749704,0.5003679175864606,0.5003679175864606
2013-08-16,0.001859473067831319,0.001837398012643681,0.02207505518763797,2.207505518763797e-05,0.00020069262635505304,0.001658780441476266,0.15683614788265365,0.9823399558498896,2.207505518763797e-05,0.001837398012643681,-0.004604682786325518,-0.0008187656904258975,-0.0004786889661613523,-0.002279839076557416,0.0018139662180245162,0.014716703458425313,1.4716703458425313e-05,1.4716703458425313e-05,0.00018597592289662773,0.007358351729212656,7.358351729212656e-06,7.358351729212656e-06,0.0016514220897470534,0.5003679175864606,0.5003679175864606
2013-08-19,0.0018431139161885941,0.0018136805092717435,0.029433406916850625,2.9433406916850625e-05,0.003024587822537903,-0.0011814739063493087,0.11000845658476535,0.9823399558498896,2.9433406916850625e-05,0.0018136805092717435,0.00221961570383751,0.002727172907873399,0.0031257919050664156,0.006277251279470874,0.0063109917235970705,0.01839587932303164,1.839587932303164e-05,1.839587932303164e-05,0.0030061919432148713,0.011037527593818985,1.1037527593818985e-05,1.1037527593818985e-05,-0.0011925114339431278,0.5003679175864606,0.5003679175864606
2013-08-20,0.00024369231900888292,0.00021793808795663862,0.025754231052244298,2.5754231052244297e-05,-0.0009229094279552051,0.001166601746964088,-0.04007699441266227,0.9823399558498896,2.5754231052244297e-05,0.00021793808795663862,-0.0014786278728645377,-0.004134962837461365,-0.0017250287633373868,0.0014302457375395669,-0.003656892067892273,0.01839587932303164,1.839587932303164e-05,1.839587932303164e-05,-0.0009413053072782367,0.007358351729212656,7.358351729212656e-06,7.358351729212656e-06,0.0011592433952348753,0.5003679175864606,0.5003679175864606
2013-08-21,-0.0011496610326521826,-0.0011790944395690332,0.029433406916850625,2.9433406916850625e-05,0.0032149915385167502,-0.004364652571168933,-0.11105688244802468,0.9823399558498896,2.9433406916850625e-05,-0.0011790944395690332,0.008513338408812928,0.009440721619113537,0.0067791913053187915,0.007566977909306546,0.006245397479124551,0.02207505518763797,2.207505518763797e-05,2.207505518763797e-05,0.0031929164833291125,0.007358351729212656,7.358351729212656e-06,7.358351729212656e-06,-0.004372010922898145,0.5003679175864606,0.5003679175864606
2013-08-22,-0.0007905717473499251,-0.0008089676266729568,0.01839587932303164,1.839587932303164e-05,-0.003721303242413779,0.0029307314950638543,-0.012349710182222863,0.9845474613686535,1.839587932303164e-05,-0.0008089676266729568,-0.006456054898078915,-0.0048433231355337805,-0.0071694479966608205,-0.006562230100270043,-0.008269321630184463,0.007358351729212656,7.358351729212656e-06,7.358351729212656e-06,-0.003728661594142992,0.011037527593818985,1.1037527593818985e-05,1.1037527593818985e-05,0.002919693967470035,0.5003679175864606,0.5003679175864606
2013-08-23,0.0012480579293722065,0.0012370204017783874,0.011037527593818985,1.1037527593818985e-05,-5.815533850428348e-05,0.00130621326787649,0.08864098947552806,0.9845474613686535,1.1037527593819093e-05,0.0012370204017783876,-0.0026500802045526625,-0.002618461748294165,-0.0026537629738062115,-0.0007304830868502081,0.00019195260183183926,0.007358351729212656,7.358351729212656e-06,7.358351729212656e-06,-6.551369023349613e-05,0.003679175864606328,3.679175864606328e-06,3.679175864606328e-06,0.0013025340920118835,0.5003679175864606,0.5003679175864606
2013-08-26,-0.0009073134970185581,-0.000918351024612377,0.011037527593818985,1.1037527593818985e-05,-0.0034382871238690235,0.002530973626850466,-0.043302336701268054,0.9845474613686535,1.1037527593818876e-05,-0.0009183510246123771,-0.0050217042376757386,-0.005302589896340227,-0.007742614889908039,-0.006244897619713053,-0.007547453979199653,0.007358351729212656,7.358351729212656e-06,7.358351729212656e-06,-0.003445645475598236,0.003679175864606328,3.679175864606328e-06,3.679175864606328e-06,0.0025272944509858596,0.5003679175864606,0.5003679175864606
2013-08-27,-0.002714447756508857,-0.0027328436358318884,0.01839587932303164,1.839587932303164e-05,0.0013247913236875567,-0.004039239080196414,-0.19904693725794273,0.9845474613686535,1.8395879323031532e-05,-0.0027328436358318884,0.00853205490335024,0.0074152863077722115,0.005475422127504284,0.005137243823619885,0.001511160133645897,0.014716703458425313,1.4716703458425313e-05,1.4716703458425313e-05,0.0013100746202291313,0.003679175864606328,3.679175864606328e-06,3.679175864606328e-06,-0.00404291825606102,0.5003679175864606,0.5003679175864606
2013-08-28,-0.002406307439376456,-0.0024320616704287005,0.025754231052244298,2.5754231052244297e-05,-0.0006650634205069378,-0.0017412440188695182,-0.18372556770705292,0.9845474613686535,2.5754231052244406e-05,-0.0024320616704287005,0.004068694106808111,0.0024064641509214625,0.004299413142123458,0.0028347176737736203,-0.0035276916572035836,0.014716703458425313,1.4716703458425313e-05,1.4716703458425313e-05,-0.0006797801239653631,0.011037527593818985,1.1037527593818985e-05,1.1037527593818985e-05,-0.0017522815464633373,0.5003679175864606,0.5003679175864606
2013-08-29,-0.0014551457127304633,-0.001473541592053495,0.01839587932303164,1.839587932303164e-05,-0.0012912012411184935,-0.0001639444716119698,-0.15509865234141856,0.9845474613686535,1.839587932303175e-05,-0.0014735415920534949,5.913056564433203e-05,0.0008817608196886179,-2.0083556922131684e-06,0.00023392339217279028,-0.004153541244686158,0.007358351729212656,7.358351729212656e-06,7.358351729212656e-06,-0.0012985595928477062,0.011037527593818985,1.1037527593818985e-05,1.1037527593818985e-05,-0.00017498199920578877,0.5003679175864606,0.5003679175864606
2013-08-30,-0.000767858921587473,-0.0007862548009105046,0.01839587932303164,1.839587932303164e-05,0.0010478446550539896,-0.0018157035766414626,-0.020535012307237616,0.9845474613686535,1.839587932303164e-05,-0.0007862548009105046,0.002825929382165417,0.005374709836769932,0.0027626816732514987,0.0026630559385558326,0.001911473425033791,0.011037527593818985,1.1037527593818985e-05,1.1037527593818985e-05,0.0010368071274601707,0.007358351729212656,7.358351729212656e-06,7.358351729212656e-06,-0.0018230619283706752,0.5003679175864606,0.5003679175864606
2013-09-02,0.0007088202616132365,0.0006941035581548112,0.014716703458425313,1.4716703458425313e-05,-0.003973933219427324,0.00468275348104056,0.02198678954403874,0.9845474613686535,1.4716703458425313e-05,0.0006941035581548112,-0.008726424442100224,-0.010952678569838295,-0.009365838956217171,-0.008647868730860661,-0.007991780350770658,0.011037527593818985,1.1037527593818985e-05,1.1037527593818985e-05,-0.003984970747021143,0.003679175864606328,3.679175864606328e-06,3.679175864606328e-06,0.004679074305175954,0.5003679175864606,0.5003679175864606
2013-09-03,-0.0007031163880300771,-0.0007178330914885024,0.014716703458425313,1.4716703458425313e-05,0.0014433670756716834,-0.0021464834637017604,-0.06107872878527446,0.9845474613686535,1.4716703458425313e-05,-0.0007178330914885024,0.00425770413501477,0.004499344568153016,0.00396192494984736,0.0058066913857455025,0.0015391885574929736,0.011037527593818985,1.1037527593818985e-05,1.1037527593818985e-05,0.0014323295480778643,0.003679175864606328,3.679175864606328e-06,3.679175864606328e-06,-0.0021501626395663666,0.5003679175864606,0.5003679175864606
2013-09-04,-0.0014923060795435544,-0.0015143811347311923,0.02207505518763797,2.207505518763797e-05,-0.001396871775958922,-9.543430358463238e-05,-0.12706270080207546,0.9845474613686535,2.207505518763797e-05,-0.0015143811347311923,0.0012002761692986555,-0.0018446249780354144,-0.00305075853657032,-0.0035150830661790054,-0.0025660753133410256,0.014716703458425313,1.4716703458425313e-05,1.4716703458425313e-05,-0.0014115884794173473,0.007358351729212656,7.358351729212656e-06,7.358351729212656e-06,-0.00010279265531384503,0.5003679175864606,0.5003679175864606
2013-09-05,0.0004279937655521277,0.00040959788622909607,0.01839587932303164,1.839587932303164e-05,0.004158356417395992,-0.003730362651843864,-0.03840121898970074,0.9845474613686535,1.839587932303164e-05,0.00040959788622909607,0.006285233491188816,0.010072843922790313,0.006866349551099595,0.00752212414932682,0.009143755742565369,0.011037527593818985,1.1037527593818985e-05,1.1037527593818985e-05,0.0041473188898021734,0.007358351729212656,7.358351729212656e-06,7.358351729212656e-06,-0.003737721003573077,0.5003679175864606,0.5003679175864606
2013-09-06,0.0032008575050644344,0.0031640657464183713,0.03679175864606328,3.679175864606328e-05,-0.0003534444158474518,0.0035543019209118864,0.200903421239597,0.9845474613686535,3.6791758646063065e-05,0.0031640657464183713,-0.008166032377222686,-0.00519362580120919,-0.005786758185094296,-0.005533839585925962,0.0017263180384639986,0.02207505518763797,2.207505518763797e-05,2.207505518763797e-05,-0.0003755194710350898,0.014716703458425313,1.4716703458425313e-05,1.4716703458425313e-05,0.003539585217453461,0.5003679175864606,0.5003679175864606
2013-09-09,0.002057337946007047,0.002035262890819409,0.02207505518763797,2.207505518763797e-05,0.001966648367356173,9.068957865087401e-05,0.06553172034520457,0.9845474613686535,2.2075055187637752e-05,0.002035262890819409,-0.0023350287883452323,0.00416861041514075,-0.0029773684925224206,0.000653478402999386,0.005809830313953277,0.007358351729212656,7.358351729212656e-06,7.358351729212656e-06,0.0019592900156269605,0.014716703458425313,1.4716703458425313e-05,1.4716703458425313e-05,7.59728751924487e-05,0.5003679175864606,0.5003679175864606
2013-09-10,0.001367106913567602,0.0013376735066507512,0.029433406916850625,2.9433406916850625e-05,-0.0008428959211920036,0.0022100028347596056,0.059617888930857975,0.9845474613686535,2.9433406916850842e-05,0.0013376735066507515,-0.004435415667181305,-0.0045278957402549065,-0.0010410252845235316,-0.002518253206324246,-0.001345251076994915,0.01839587932303164,1.839587932303164e-05,1.839587932303164e-05,-0.0008612918005150353,0.011037527593818985,1.1037527593818985e-05,1.1037527593818985e-05,0.0021989653071657865,0.5003679175864606,0.5003679175864606
2013-09-11,0.0023539131629489235,0.0023318381077612853,0.02207505518763797,2.207505518763797e-05,0.0005926774564559724,0.0017612357064929508,0.1423272599141824,0.9845474613686535,2.2075055187638186e-05,0.0023318381077612853,-0.0035441107597306144,-0.0035895257673939033,-0.002466002075149385,0.001977345972552685,0.000840205021679757,0.01839587932303164,1.839587932303164e-05,1.839587932303164e-05,0.0005742815771329408,0.003679175864606328,3.679175864606328e-06,3.679175864606328e-06,0.0017575565306283446,0.5003679175864606,0.5003679175864606
2013-09-12,0.001692379171258891,0.0016629457643420403,0.029433406916850625,2.9433406916850625e-05,0.004141642889118293,-0.0024492637178594023,0.08054942457450504,0.9845474613686535,2.9433406916850625e-05,0.0016629457643420403,0.004711265831110115,0.0054313697463882074,0.005651513363228654,0.008328093580858596,0.008679291642691317,0.014716703458425313,1.4716703458425313e-05,1.4716703458425313e-05,0.004126926185659867,0.014716703458425313,1.4716703458425313e-05,1.4716703458425313e-05,-0.0024639804213178276,0.5003679175864606,0.5003679175864606
2013-09-13,0.0012230022605799237,0.0012009272053922857,0.02207505518763797,2.207505518763797e-05,0.002218962513131233,-0.0009959602525513095,0.04491642947744879,0.9845474613686535,2.207505518763797e-05,0.0012009272053922857,0.0017738116541186695,0.0024957066915228237,0.005015779865169605,0.0036610723652065204,0.005059727480659529,0.014716703458425313,1.4716703458425313e-05,1.4716703458425313e-05,0.0022042458096728076,0.007358351729212656,7.358351729212656e-06,7.358351729212656e-06,-0.0010033186042805221,0.5003679175864606,0.5003679175864606
2013-09-17,-0.002746432574954329,-0.0027685076301419667,0.02207505518763797,2.207505518763797e-05,-0.001977274180208691,-0.0007691583947456378,-0.17659436974735923,0.9845474613686535,2.2075055187637752e-05,-0.002768507630141967,0.001682677238160783,0.0012947483203908736,-0.0007647514698021718,-0.0017061516296535237,-0.005304590513346441,0.014716703458425313,1.4716703458425313e-05,1.4716703458425313e-05,-0.0019919908836671164,0.007358351729212656,7.358351729212656e-06,7.358351729212656e-06,-0.0007765167464748505,0.5003679175864606,0.5003679175864606
2013-09-18,0.0017769692675077002,0.001754894212320062,0.02207505518763797,2.207505518763797e-05,-0.0009820452887636052,0.0027590145562713052,0.09788296576190407,0.9845474613686535,2.2075055187638186e-05,0.0017548942123200623,-0.0059348104655110815,-0.00484870144940547,-0.0046583369306760535,-0.00478910902503593,-0.000618443193929299,0.011037527593818985,1.1037527593818985e-05,1.1037527593818985e-05,-0.000993082816357424,0.011037527593818985,1.1037527593818985e-05,1.1037527593818985e-05,0.002747977028677486,0.5003679175864606,0.5003679175864606
2013-09-19,0.0016127773721913798,0.001594381492868348,0.01839587932303164,1.839587932303164e-05,-0.00024117564250921024,0.0018539530147005901,0.09052073868449342,0.9845474613686535,1.839587932303175e-05,0.0015943814928683483,-0.0033012562653533567,-0.0046469969778386135,-0.0026216361754835163,-0.0016216895464733613,7.60189101616234e-05,0.011037527593818985,1.1037527593818985e-05,1.1037527593818985e-05,-0.00025221317010302926,0.007358351729212656,7.358351729212656e-06,7.358351729212656e-06,0.0018465946629713775,0.5003679175864606,0.5003679175864606
2013-09-20,0.0003879498944679481,0.00036378403008852984,0.02421448784899486,2.4214487848994863e-05,0.001320388191299296,-0.000932438296831348,0.04740107459650217,0.9823788546255506,2.4165864379418285e-05,0.00036373540661895326,0.0005113065385253786,0.004621746746435002,0.002876340433541804,0.003449072445567386,0.002350177968498803,0.010271707947992292,1.0271707947992291e-05,1.0235240345810072e-05,0.001310152950953486,0.01394277990100257,1.394277990100257e-05,1.3930624033608498e-05,-0.0009463689208649565,0.5011013215859031,0.5011013215859031
2013-09-24,-0.0025449855768939276,-0.002570683080565,0.025697503671071955,2.5697503671071953e-05,-0.005484163873098077,0.0029391782962041495,-0.09503500436053934,0.9823788546255506,2.569750367107217e-05,-0.002570683080565,-0.007052198333115174,-0.0036874292867920995,-0.005045120914289869,-0.009325302263872693,-0.012347673990317757,0.011013215859030838,1.1013215859030838e-05,1.1013215859030838e-05,-0.005495177088957108,0.014684287812041117,1.4684287812041117e-05,1.4684287812041117e-05,0.0029244940083921083,0.5011013215859031,0.5011013215859031
2013-09-25,0.0014325482190722107,0.0014141928593071594,0.018355359765051395,1.8355359765051398e-05,0.0016211593824418404,-0.00018861116336962963,0.08164140236568135,0.9823788546255506,1.8355359765051364e-05,0.0014141928593071594,-0.0018519971434113045,0.004845720529086767,-0.00015383396773572261,0.0004629172210168234,0.004836465986567819,0.007342143906020559,7.3421439060205585e-06,7.3421439060205585e-06,0.0016138172385358198,0.011013215859030838,1.1013215859030838e-05,1.1013215859030838e-05,-0.00019962437922866046,0.5011013215859031,0.5011013215859031
2013-09-26,0.002274169290827999,0.00215302391637866,0.12114537444933922,0.00012114537444933922,0.00013538326304844215,0.002138786027779557,0.12937231566449783,0.9823788546255506,0.00012114537444933918,0.00215302391637866,-0.0038150853307080124,-0.00531661409340956,-0.002183822723318468,-0.00023728182247325044,0.0005466216421343899,0.08443465491923642,8.443465491923642e-05,8.443465491923642e-05,5.0948608129205725e-05,0.03671071953010279,3.6710719530102796e-05,3.6710719530102796e-05,0.0021020753082494543,0.5011013215859031,0.5011013215859031
2013-09-27,0.0004637152606035208,0.0004471954368149745,0.018355359765051395,1.8355359765051398e-05,0.00428693649193265,-0.003823221231329129,0.028569631506528297,0.9823788546255506,1.6519823788546325e-05,0.0004453599008384694,0.006640408846095128,0.009862414828122067,0.009282000107492873,0.009104689995859923,0.008665940858939626,0.007342143906020559,7.3421439060205585e-06,5.506607929515419e-06,0.004281429884003134,0.011013215859030838,1.1013215859030838e-05,1.1013215859030838e-05,-0.00383423444718816,0.5011013215859031,0.5011013215859031
2013-09-30,0.0019547449479051533,0.0019437317320461225,0.011013215859030838,1.1013215859030838e-05,0.001030968298760324,0.0009237766491448294,0.14196150889878037,0.9823788546255506,1.1013215859030775e-05,0.0019437317320461225,-0.0013047467817636498,-0.0029824344192960674,0.00104438274003685,0.0009507165911068308,0.0027105554122506615,0.0036710719530102793,3.6710719530102793e-06,3.6710719530102793e-06,0.0010272972268073137,0.007342143906020559,7.3421439060205585e-06,7.3421439060205585e-06,0.0009164345052388088,0.5011013215859031,0.5011013215859031
2013-10-01,-0.002277453437077596,-0.002292424149184872,0.01683852124380768,1.6838521243807682e-05,-0.0025576134529191157,0.00028016001584151967,-0.1445252828432813,0.9802197802197802,1.4970712107275925e-05,-0.0022942919583214035,1.1149679441355066e-05,-0.0017219367883212625,-0.0016534875226688246,-0.002122854332641623,-0.006927586525035006,0.00841926062190384,8.419260621903841e-06,6.56355392038216e-06,-0.0025641770068394977,0.00841926062190384,8.419260621903841e-06,8.407158186893917e-06,0.00027175285765462575,0.5,0.5
2013-10-02,0.00011509879953149445,0.00010044678487947974,0.014652014652014652,1.4652014652014653e-05,-0.0017491827555397902,0.0018642815550712847,-0.005449541340246172,0.9802197802197802,1.4652014652014717e-05,0.0001004467848794798,-0.004694835248099549,-0.0019203042712333618,-0.009031452051921325,-0.003651932190816583,-0.003599884410064557,0.010989010989010988,1.098901098901099e-05,1.098901098901099e-05,-0.0017601717665288012,0.003663003663003663,3.663003663003663e-06,3.663003663003663e-06,0.001860618551408281,0.5,0.5
2013-10-03,-0.0006373515805222867,-0.0006520035951743013,0.014652014652014652,1.4652014652014653e-05,0.0010882660104693709,-0.0017256175909916576,-0.07094453779466611,0.9802197802197802,1.4652014652014609e-05,-0.0006520035951743013,0.0037809902006012927,0.002906766317480138,0.004701885541592968,0.00458752176421241,0.001042047603087124,0.014652014652014652,1.4652014652014653e-05,1.4652014652014653e-05,0.0010736139958173563,0.0,0.0,0.0,-0.0017256175909916576,0.5,0.5
2013-10-04,-0.0015934000150710156,-0.0016062205278915285,0.014652014652014652,1.4652014652014653e-05,-0.0027875564895035337,0.0011941564744325178,-0.11557535955428153,0.9802197802197802,1.282051282051281e-05,-0.0016080520297230302,-0.0013847174663497422,-0.004475114345524457,-0.003839824892823666,-0.0059117465305663095,-0.00565829773891209,0.007326007326007326,7.326007326007326e-06,5.494505494505495e-06,-0.0027930509949980393,0.007326007326007326,7.326007326007326e-06,7.326007326007326e-06,0.0011868304671065104,0.5,0.5
2013-10-07,0.002868128610391428,0.002860802603065421,0.007326007326007326,7.326007326007326e-06,0.0026588503196501227,0.0002092782907413056,0.14929343707550682,0.9802197802197802,7.326007326007196e-06,0.002860802603065421,-0.0012407531320771494,0.001211884633657045,0.002636024035496402,0.005540192977339834,0.0054469039746916,0.003663003663003663,3.663003663003663e-06,3.663003663003663e-06,0.002655187315987119,0.003663003663003663,3.663003663003663e-06,3.663003663003663e-06,0.00020561528707830194,0.5,0.5
2013-10-08,-0.00010653794536147064,-0.0001156954545189798,0.010989010989010988,1.098901098901099e-05,0.0018097639891417401,-0.0019163019345032107,-0.039909941928234216,0.9802197802197802,9.157509157509158e-06,-0.00011752695635048162,0.005087404469199483,0.0014507561309205126,0.003707481900307274,0.0024667477152157963,0.004403010595988324,0.007326007326007326,7.326007326007326e-06,5.494505494505495e-06,0.0018042694836472347,0.003663003663003663,3.663003663003663e-06,3.663003663003663e-06,-0.0019199649381662143,0.5,0.5
2013-10-09,-0.0009849479922608398,-0.0010069260142388618,0.021978021978021976,2.197802197802198e-05,0.0008198236667472686,-0.0018047716590081084,-0.045290702058668274,0.9802197802197802,2.197802197802202e-05,-0.0010069260142388618,0.0028883211183343732,0.005172305827980446,0.004261354314288775,0.002976153650340735,0.0010331603075479456,0.010989010989010988,1.098901098901099e-05,1.098901098901099e-05,0.0008088346557582576,0.010989010989010988,1.098901098901099e-05,1.098901098901099e-05,-0.0018157606699971194,0.5,0.5
2013-10-10,0.0004491506236725426,0.00043083560535752427,0.018315018315018316,1.8315018315018315e-05,-0.001085698899480393,0.0015348495231529355,0.025525268302514233,0.9802197802197802,1.8315018315018315e-05,0.00043083560535752427,-0.004494056149080956,-0.00032330814229923036,-0.0005041224016187724,-0.003156639699985403,-0.001774103598377059,0.007326007326007326,7.326007326007326e-06,7.326007326007326e-06,-0.0010930249068064003,0.010989010989010988,1.098901098901099e-05,1.098901098901099e-05,0.0015238605121639245,0.5,0.5
2013-10-11,-0.00028574762608846367,-0.0003022311425719802,0.018315018315018316,1.8315018315018315e-05,-0.00023346512082879313,-5.2282505259670533e-05,-0.035804035096677504,0.9802197802197802,1.6483516483516516e-05,-0.000304062644403482,-0.00028047584077553445,0.0008781322134597368,0.000928713886983673,-0.0004431415565023824,-0.0005001838491125511,0.010989010989010988,1.098901098901099e-05,9.157509157509158e-06,-0.00024262262998630228,0.007326007326007326,7.326007326007326e-06,7.326007326007326e-06,-5.960851258567786e-05,0.5,0.5
2013-10-15,-0.000670089667244309,-0.0006884046855593273,0.018315018315018316,1.8315018315018315e-05,0.0016552472769242395,-0.0023253369441685484,-0.06415961298564894,0.9802197802197802,1.8315018315018315e-05,-0.0006884046855593273,0.0036831537274503927,0.006740736673055076,0.004548290977093844,0.003031705916129452,0.0036019499242335995,0.010989010989010988,1.098901098901099e-05,1.098901098901099e-05,0.0016442582659352285,0.007326007326007326,7.326007326007326e-06,7.326007326007326e-06,-0.0023326629514945556,0.5,0.5
2013-10-16,0.0009216636461351803,0.0009070116314831656,0.014652014652014652,1.4652014652014653e-05,-0.0004345057294272757,0.001356169375562456,0.08562151465421887,0.9802197802197802,1.4652014652014717e-05,0.0009070116314831657,-0.003265196166714687,-0.0016970352116495258,-0.0032813833570034933,-0.001683161173927063,-0.0004968112715214995,0.010989010989010988,1.098901098901099e-05,1.098901098901099e-05,-0.0004454947404162867,0.003663003663003663,3.663003663003663e-06,3.663003663003663e-06,0.0013525063718994525,0.5,0.5
2013-10-17,0.0022434079713182726,0.0022324189603292618,0.010989010989010988,1.098901098901099e-05,0.0027235635195144692,-0.0004801555481961968,0.13966176823167026,0.9802197802197802,1.0989010989010794e-05,0.0022324189603292618,0.0006600746530026991,0.001592794353051529,0.000511570966203569,0.0038594464777493747,0.006497584915540943,0.003663003663003663,3.663003663003663e-06,3.663003663003663e-06,0.0027199005158514656,0.007326007326007326,7.326007326007326e-06,7.326007326007326e-06,-0.0004874815555222041,0.5,0.5
2013-10-18,0.0018546863918842515,0.001840034377232237,0.014652014652014652,1.4652014652014653e-05,0.0009929894682939085,0.0008616969235903431,0.14677862831871874,0.9802197802197802,1.4652014652014609e-05,0.001840034377232237,-0.002884228860215227,0.0005408297173157061,-0.0016028532036192456,0.0010531080164135529,0.0025479865694753856,0.010989010989010988,1.098901098901099e-05,1.098901098901099e-05,0.0009820004573048975,0.003663003663003663,3.663003663003663e-06,3.663003663003663e-06,0.0008580339199273394,0.5,0.5
2013-10-21,0.0006973515825105528,0.0006826995678585382,0.014652014652014652,1.4652014652014653e-05,0.0013794162484224329,-0.0006820646659118801,0.018224721130067838,0.9802197802197802,1.4652014652014609e-05,0.0006826995678585382,0.002794153944312837,-0.0014504489154269341,-0.0010450717067420887,0.0004933490599877872,0.00402984775738486,0.010989010989010988,1.098901098901099e-05,1.098901098901099e-05,0.0013684272374334218,0.003663003663003663,3.663003663003663e-06,3.663003663003663e-06,-0.0006857276695748838,0.5,0.5
2013-10-22,6.922238073088743e-05,5.82333697418765e-05,0.010989010989010988,1.098901098901099e-05,-0.0010003779873382743,0.001069600368069162,0.04315260061619037,0.9802197802197802,1.098901098901093e-05,5.823336974187644e-05,-0.0021477943476418027,-0.0021933202043359764,-0.004776894057594883,-0.0018390372936235625,-0.002173477624739777,0.010989010989010988,1.098901098901099e-05,1.098901098901099e-05,-0.0010113669983272853,0.0,0.0,0.0,0.001069600368069162,0.5,0.5
2013-10-23,0.0036171814305509106,0.003591540404909885,0.02564102564102564,2.5641025641025643e-05,0.003880789289607558,-0.00026360785905664744,0.26181232739179555,0.9802197802197802,2.564102564102562e-05,0.003591540404909885,0.0012136263787655775,-0.0008280317459208269,0.003168035296550254,0.006249734581500435,0.008878889627114703,0.018315018315018316,1.8315018315018315e-05,1.8315018315018315e-05,0.0038624742712925395,0.007326007326007326,7.326007326007326e-06,7.326007326007326e-06,-0.00027093386638265475,0.5,0.5
2013-10-24,0.0006611853275640196,0.0006392073055859976,0.021978021978021976,2.197802197802198e-05,0.0013669156126334334,-0.0007057302850694137,-0.005943792157657083,0.9802197802197802,2.197802197802202e-05,0.0006392073055859976,0.0008315977776012477,0.0026182348408852808,0.005179126537666305,0.0018214696573927178,0.0033194609374426294,0.014652014652014652,1.4652014652014653e-05,1.4652014652014653e-05,0.0013522635979814188,0.007326007326007326,7.326007326007326e-06,7.326007326007326e-06,-0.000713056292395421,0.5,0.5
2013-10-25,0.001394784141087409,0.0013764691227723905,0.018315018315018316,1.8315018315018315e-05,-0.001248591497056229,0.002643375638143638,0.06740470640669578,0.9802197802197802,1.8315018315018423e-05,0.0013764691227723907,-0.005190741420120016,-0.005654996031164705,-0.00771850731415863,-0.0028459832546311177,-0.002434309362105293,0.010989010989010988,1.098901098901099e-05,1.098901098901099e-05,-0.00125958050804524,0.007326007326007326,7.326007326007326e-06,7.326007326007326e-06,0.002636049630817631,0.5,0.5
2013-10-28,-0.0009164487434622097,-0.0009311007581142243,0.014652014652014652,1.4652014652014653e-05,0.00225267361431925,-0.0031691223577814598,-0.10640510191797549,0.9824175824175824,1.4652014652014609e-05,-0.0009311007581142243,0.006819965842977723,0.005586077284585409,0.006478277123136093,0.0019356634456893463,0.005998580018785621,0.014652014652014652,1.4652014652014653e-05,1.4652014652014653e-05,0.0022380215996672353,0.0,0.0,0.0,-0.0031691223577814598,0.5,0.5
2013-10-29,-0.0014612289082289113,-0.001497858944858948,0.03663003663003663,3.663003663003663e-05,-0.00260264796168042,0.0011414190534515083,-0.07453181900261835,0.9824175824175824,3.663003663003663e-05,-0.001497858944858948,-0.002087989032449668,-0.002748630859373147,-0.0018204524608746292,-0.0033977979422355376,-0.006336613478842675,0.021978021978021976,2.197802197802198e-05,2.197802197802198e-05,-0.002624625983658442,0.014652014652014652,1.4652014652014653e-05,1.4652014652014653e-05,0.0011267670387994937,0.5,0.5
2013-10-30,0.0004940125136331323,0.00046837148799210655,0.02564102564102564,2.5641025641025643e-05,0.001003506473720896,-0.0005094939600877636,-0.03204633495135196,0.9824175824175824,2.5641025641025728e-05,0.00046837148799210666,0.003681679995506124,-0.004272429966479816,0.0022993785097540575,0.000770190877083272,0.0027193031574665604,0.014652014652014652,1.4652014652014653e-05,1.4652014652014653e-05,0.0009888544590688814,0.010989010989010988,1.098901098901099e-05,1.098901098901099e-05,-0.0005204829710767746,0.5,0.5
2013-10-31,0.0009887059475892134,0.0009484129072961731,0.040293040293040296,4.0293040293040296e-05,0.0009320324565039075,5.6673491085305915e-05,0.021166763045543855,0.9824175824175824,4.029304029304023e-05,0.000948412907296173,0.00027805267371473454,-0.0008999245266803255,-0.0030567997591047775,0.003173100995582488,0.0012688104070949413,0.029304029304029304,2.9304029304029305e-05,2.9304029304029305e-05,0.0009027284271998782,0.010989010989010988,1.098901098901099e-05,1.098901098901099e-05,4.5684480096294925e-05,0.5,0.5
2013-11-01,0.0018141861508854567,0.0017937825778503046,0.020443737549000758,2.044373754900076e-05,0.0007016290895289515,0.001112557061356505,0.09798010116557533,0.9802631578947368,2.04035730351521e-05,0.0017937424133364559,-0.00215090085406593,-0.0024147474281586705,-0.002399031623048985,0.002158342016109838,0.001077731001933846,0.012045337703232467,1.2045337703232466e-05,1.2017222543538358e-05,0.0006896118669854131,0.008398399845768293,8.398399845768295e-06,8.386350491613675e-06,0.0011041707108648915,0.4989035087719298,0.5025584795321637
2013-11-05,-0.0018615479740026304,-0.0018980976816049696,0.03654970760233918,3.654970760233918e-05,-0.0010416203948689156,-0.0008199275791337148,-0.05275064061499039,0.9802631578947368,3.654970760233922e-05,-0.0018980976816049696,0.00138443109765586,0.0021855323503178026,0.0014802733736094973,-0.0016620586114384824,-0.0023885761650159505,0.021929824561403508,2.1929824561403507e-05,2.1929824561403507e-05,-0.001063550219430319,0.014619883040935672,1.4619883040935671e-05,1.4619883040935671e-05,-0.0008345474621746504,0.4989035087719298,0.5025584795321637
2013-11-06,0.00079563833432558,0.0007755359951442935,0.021929824561403508,2.1929824561403507e-05,-0.0018300596334868426,0.002625697967812423,0.028817501126397853,0.9824561403508771,2.0102339181286497e-05,0.0007737085097641765,-0.005703023679723999,-0.004508106215787231,-0.008363855460692283,-0.00643515428609587,-0.00237216149267063,0.007309941520467836,7.309941520467836e-06,7.309941520467836e-06,-0.0018373695750073104,0.014619883040935672,1.4619883040935671e-05,1.2792397660818712e-05,0.0026129055701516043,0.4989035087719298,0.5025584795321637
2013-11-07,0.0002082310787740969,0.00016802640041152378,0.0402046783625731,4.0204678362573095e-05,0.005535717189359835,-0.005327486110585738,-0.024619800686301936,0.9824561403508771,4.020467836257313e-05,0.0001680264004115238,0.011084187512128363,0.010110402720103412,0.010128382455903478,0.013956023692499821,0.009961248953329876,0.025584795321637425,2.5584795321637423e-05,2.5584795321637423e-05,0.005510132394038198,0.014619883040935672,1.4619883040935671e-05,1.4619883040935671e-05,-0.005342105993626674,0.4989035087719298,0.5025584795321637
2013-11-08,-5.2147507898368044e-05,-7.59048178398885e-05,0.025584795321637425,2.5584795321637423e-05,-0.003237194996623362,0.003185047488724994,-0.03161094111341492,0.9824561403508771,2.3757309941520457e-05,-7.773230322000547e-05,-0.0053583344423742026,-0.00864841984669956,-0.006032801709008562,-0.005907642696651412,-0.0069646362890656,0.014619883040935672,1.4619883040935671e-05,1.4619883040935671e-05,-0.0032518148796642976,0.010964912280701754,1.0964912280701754e-05,9.137426900584795e-06,0.003175910061824409,0.4989035087719298,0.5025584795321637
2013-11-11,4.9897096959913785e-05,3.893218467921196e-05,0.010964912280701754,1.0964912280701754e-05,-0.0004759584014747487,0.0005258554984346623,0.013687068525561223,0.9824561403508771,1.0964912280701826e-05,3.893218467921203e-05,-0.001372521223943022,-0.0004521589825967036,-0.00034034792574216247,-3.124646316509206e-05,-0.0014473722224838436,0.003654970760233918,3.654970760233918e-06,3.654970760233918e-06,-0.00047961337223498263,0.007309941520467836,7.309941520467836e-06,7.309941520467836e-06,0.0005185455569141945,0.4989035087719298,0.5025584795321637
2013-11-12,-0.0008722419092952626,-0.0008905167630964321,0.01827485380116959,1.827485380116959e-05,0.00036690558272742073,-0.0012391474920226834,-0.04936879013126005,0.9824561403508771,1.8274853801169503e-05,-0.0008905167630964322,0.003321924152713827,0.0008901684460702612,0.0016129659878420302,0.0007226379981804641,0.0007625467136640609,0.007309941520467836,7.309941520467836e-06,7.309941520467836e-06,0.0003595956412069529,0.010964912280701754,1.0964912280701754e-05,1.0964912280701754e-05,-0.001250112404303385,0.4989035087719298,0.5025584795321637
2013-11-13,5.970712333825782e-05,4.5087240297322144e-05,0.014619883040935672,1.4619883040935671e-05,0.0007000280637129176,-0.0006403209403746599,-0.016870477058852418,0.9824561403508771,1.4619883040935678e-05,4.508724029732215e-05,-0.00017793783058257093,0.004249026978643074,0.001729655142194608,0.0020909827552118916,0.0010947579128912264,0.003654970760233918,3.654970760233918e-06,3.654970760233918e-06,0.0006963730929526838,0.010964912280701754,1.0964912280701754e-05,1.0964912280701754e-05,-0.0006512858526553616,0.4989035087719298,0.5025584795321637
2013-11-14,-0.0003357309012866397,-0.0003613156966082771,0.029239766081871343,2.9239766081871343e-05,-0.001309854141702327,0.0009741232404156874,-0.041361889743266704,0.9824561403508771,2.5584795321637423e-05,-0.00036497066736851104,-0.0017447887306099989,-0.0024330918405073816,-0.003601994462549227,-0.0033678015808277706,-0.0023502843412784888,0.01827485380116959,1.827485380116959e-05,1.4619883040935671e-05,-0.0013244740247432627,0.010964912280701754,1.0964912280701754e-05,1.0964912280701754e-05,0.0009631583281349856,0.4989035087719298,0.5025584795321637
2013-11-15,0.0009211615830446431,0.0008992317584832397,0.021929824561403508,2.1929824561403507e-05,-0.0015744880822724358,0.0024956496653170787,0.016547104783827704,0.9824561403508771,2.192982456140349e-05,0.0008992317584832397,-0.004331928562568924,-0.006509692839989992,-0.005788300691123247,-0.006419301364188268,-0.0016126292945598455,0.007309941520467836,7.309941520467836e-06,7.309941520467836e-06,-0.0015817980237929036,0.014619883040935672,1.4619883040935671e-05,1.4619883040935671e-05,0.002481029782276143,0.4989035087719298,0.5025584795321637
2013-11-18,-0.00016912965116055778,-0.0001727846219207917,0.003654970760233918,3.654970760233918e-06,0.0011089858400312013,-0.0012781154911917592,-0.02883725312668826,0.9824561403508771,3.654970760233933e-06,-0.00017278462192079169,0.0031441305944842394,0.0014826809974774165,0.005460680550405314,0.0024216907577012453,0.0022095732015452343,0.0,0.0,0.0,0.0011089858400312013,0.003654970760233918,3.654970760233918e-06,3.654970760233918e-06,-0.0012817704619519932,0.4989035087719298,0.5025584795321637
2013-11-19,0.002083319197029928,0.0020613893724685246,0.021929824561403508,2.1929824561403507e-05,0.0024426725933566363,-0.0003593533963267082,0.12674620850567397,0.9846491228070176,2.192982456140349e-05,0.0020613893724685246,0.0007204971623168136,0.0007278632769812741,0.0010857513843139572,0.003973988330401158,0.005562338030390041,0.007309941520467836,7.309941520467836e-06,7.309941520467836e-06,0.0024353626518361683,0.014619883040935672,1.4619883040935671e-05,1.4619883040935671e-05,-0.00037397327936764387,0.4989035087719298,0.5025584795321637
2013-11-20,-0.0016405680962504011,-0.0016734628330925066,0.03289473684210526,3.289473684210526e-05,-0.00026122625241652175,-0.0013793418438338796,-0.10445619896065331,0.9846491228070176,3.289473684210545e-05,-0.0016734628330925063,0.004290115197774527,-0.0002891678783229442,0.0005391603556556747,-0.0009613913069246651,-0.0003205556119267093,0.014619883040935672,1.4619883040935671e-05,1.4619883040935671e-05,-0.0002758461354574574,0.01827485380116959,1.827485380116959e-05,1.827485380116959e-05,-0.001397616697635049,0.4989035087719298,0.5025584795321637
2013-11-21,9.733718412628608e-05,8.271730108535043e-05,0.014619883040935672,1.4619883040935671e-05,-1.1657496648350133e-05,0.0001089946807746362,0.01918748011454025,0.9846491228070176,1.4619883040935651e-05,8.271730108535042e-05,6.236787055148716e-05,-0.0007888093528916844,-0.0007139916582374781,-7.383376042665316e-05,1.511683366031886e-06,0.003654970760233918,3.654970760233918e-06,3.654970760233918e-06,-1.531246740858405e-05,0.010964912280701754,1.0964912280701754e-05,1.0964912280701754e-05,9.802976849393444e-05,0.4989035087719298,0.5025584795321637
2013-11-22,0.00089795971882625,0.0008796848650250804,0.01827485380116959,1.827485380116959e-05,-0.0021274675244042566,0.0030254272432305067,0.06812360801781737,0.9846491228070176,1.827485380116961e-05,0.0008796848650250804,-0.005569063592149579,-0.00713271348582789,-0.005123530063824391,-0.0016319223738300334,-0.005779984180166512,0.010964912280701754,1.0964912280701754e-05,1.0964912280701754e-05,-0.0021384324366849586,0.007309941520467836,7.309941520467836e-06,7.309941520467836e-06,0.0030181173017100387,0.4989035087719298,0.5025584795321637
2013-11-25,0.001075992159497522,0.0010577173056963522,0.01827485380116959,1.827485380116959e-05,0.0010977115422962642,-2.1719382798742262e-05,0.06544689256548945,0.9846491228070176,1.827485380116972e-05,0.0010577173056963525,0.0006121753297467944,-0.001105900708293831,0.003908670001590747,0.0014152394174630416,0.002689183002118421,0.007309941520467836,7.309941520467836e-06,7.309941520467836e-06,0.0010904016007757965,0.010964912280701754,1.0964912280701754e-05,1.0964912280701754e-05,-3.2684295079444014e-05,0.4989035087719298,0.5025584795321637
2013-11-26,-0.0015275421783345626,-0.0015385070906152644,0.010964912280701754,1.0964912280701754e-05,0.001694075230341802,-0.003221617408676365,-0.14203481281153887,0.9846491228070176,1.0964912280701745e-05,-0.0015385070906152644,0.006701616276701439,0.006035276485200499,0.002227264423735124,0.005178147541071279,0.0026191175417421535,0.003654970760233918,3.654970760233918e-06,3.654970760233918e-06,0.001690420259581568,0.007309941520467836,7.309941520467836e-06,7.309941520467836e-06,-0.003228927350196833,0.4989035087719298,0.5025584795321637
2013-11-27,9.089422725024494e-06,-5.530460315911185e-06,0.014619883040935672,1.4619883040935671e-05,-0.0016526263761764246,0.0016617157989014491,-0.03869206702725634,0.9846491228070176,1.4619883040935678e-05,-5.530460315911178e-06,-0.0034218228501655284,-0.0031835458492082986,-0.0057667071210961394,-0.004216820393497634,-0.0029818370319826845,0.007309941520467836,7.309941520467836e-06,7.309941520467836e-06,-0.0016599363176968923,0.007309941520467836,7.309941520467836e-06,7.309941520467836e-06,0.0016544058573809814,0.4989035087719298,0.5025584795321637
2013-11-28,0.0002268382786666402,0.00020856342486547062,0.01827485380116959,1.827485380116959e-05,0.001254347598218343,-0.0010275093195517028,0.005270972531551596,0.9846491228070176,1.8274853801169584e-05,0.00020856342486547062,0.0009902210244292812,0.004244809702361807,0.002057820906263102,0.0026189928588063152,0.0025606230025710737,0.007309941520467836,7.309941520467836e-06,7.309941520467836e-06,0.0012470376566978752,0.010964912280701754,1.0964912280701754e-05,1.0964912280701754e-05,-0.0010384742318324046,0.4989035087719298,0.5025584795321637
2013-11-29,0.002038925378095494,0.0020243054950545582,0.014619883040935672,1.4619883040935671e-05,0.0019248923291797847,0.00011403304891570933,0.15532164941480148,0.993421052631579,1.461988304093595e-05,0.0020243054950545587,-0.0014839199185010573,0.002340470895972427,0.0019510955776055325,0.0016599800003414208,0.005012460569422827,0.007309941520467836,7.309941520467836e-06,7.309941520467836e-06,0.001917582387659317,0.007309941520467836,7.309941520467836e-06,7.309941520467836e-06,0.00010672310739524149,0.4989035087719298,0.5025584795321637
2013-12-02,0.00030617641418603477,0.00029155653114509904,0.014619883040935672,1.4619883040935671e-05,-0.0021486951433115826,0.0024548715574976175,0.0060892504868586255,0.993421052631579,1.4619883040935732e-05,0.0002915565311450991,-0.0036515486095410115,-0.007460230801190557,-0.006218032378936257,-0.006741002386812925,-0.0031240820290006767,0.007309941520467836,7.309941520467836e-06,7.309941520467836e-06,-0.0021560050848320506,0.007309941520467836,7.309941520467836e-06,7.309941520467836e-06,0.0024475616159771495,0.4989035087719298,0.5025584795321637
2013-12-03,0.002058693616108165,0.002036763791546761,0.021929824561403508,2.1929824561403507e-05,0.00315649471798837,-0.001097801101880205,0.17188078076039018,0.993421052631579,2.1929824561403924e-05,0.0020367637915467613,0.001869991593743961,0.002851536774443994,0.005568479854914896,0.005851236722173859,0.006637618710918971,0.014619883040935672,1.4619883040935671e-05,1.4619883040935671e-05,0.0031418748349474343,0.007309941520467836,7.309941520467836e-06,7.309941520467836e-06,-0.0011051110434006728,0.4989035087719298,0.5025584795321637
2013-12-04,-0.0011162999415651768,-0.0011309198246061123,0.014619883040935672,1.4619883040935671e-05,4.076637653557919e-05,-0.001157066318100756,-0.07091264014854513,0.993421052631579,1.4619883040935516e-05,-0.0011309198246061125,0.0030602521823208167,0.0007784476413078152,-0.0015729236952884908,-0.00045888978147943263,0.00035592406308276284,0.010964912280701754,1.0964912280701754e-05,1.0964912280701754e-05,2.9801464254877436e-05,0.003654970760233918,3.654970760233918e-06,3.654970760233918e-06,-0.00116072128886099,0.4989035087719298,0.5025584795321637
2013-12-05,-0.0017198165366704102,-0.001734436419711346,0.014619883040935672,1.4619883040935671e-05,0.0015965834592779542,-0.0033163999959483644,-0.10181599622647453,0.993421052631579,1.4619883040935732e-05,-0.001734436419711346,0.006606753732696586,0.006656571010741926,0.0051519913459302435,0.003910548758686147,0.0028766140659803184,0.010964912280701754,1.0964912280701754e-05,1.0964912280701754e-05,0.0015856185469972524,0.003654970760233918,3.654970760233918e-06,3.654970760233918e-06,-0.0033200549667085984,0.4989035087719298,0.5025584795321637
2013-12-06,0.0003729219619279695,0.00035830207888703375,0.014619883040935672,1.4619883040935671e-05,-0.001984739921552322,0.0023576618834802916,0.03972348134059295,0.993421052631579,1.4619883040935732e-05,0.0003583020788870338,-0.004276692903951483,-0.005591123203481585,-0.004977540173611366,-0.006663145422751489,-0.002665019175572473,0.010964912280701754,1.0964912280701754e-05,1.0964912280701754e-05,-0.001995704833833024,0.003654970760233918,3.654970760233918e-06,3.654970760233918e-06,0.0023540069127200576,0.4989035087719298,0.5025584795321637
2013-12-09,0.0015789162504224513,0.0015569864258610476,0.021929824561403508,2.1929824561403507e-05,5.5785620393361035e-05,0.0015231306300290902,0.08666148073697345,0.993421052631579,2.1929824561403707e-05,0.0015569864258610478,-0.002743451009427564,-0.003651801055747183,-0.0013022304524787037,-0.0011210214164841053,0.0007363268909961153,0.01827485380116959,1.827485380116959e-05,1.827485380116959e-05,3.7510766592191444e-05,0.003654970760233918,3.654970760233918e-06,3.654970760233918e-06,0.0015194756592688563,0.4989035087719298,0.5025584795321637
2013-12-10,0.0011519994687531551,0.0011373795857122196,0.014619883040935672,1.4619883040935671e-05,0.0002845835863040918,0.0008674158824490634,0.06109491619680474,0.993421052631579,1.4619883040935516e-05,0.0011373795857122194,-0.00014454410044395042,-0.004978376182160452,-0.0009539185164833589,-5.9782296076727105e-05,0.0008953573742698956,0.010964912280701754,1.0964912280701754e-05,1.0964912280701754e-05,0.00027361867402339005,0.003654970760233918,3.654970760233918e-06,3.654970760233918e-06,0.0008637609116888296,0.4989035087719298,0.5025584795321637
2013-12-11,-0.0007036954952126869,-0.0007256253197740904,0.021929824561403508,2.1929824561403507e-05,-0.001787342645111211,0.001083647149898524,-0.05546961106301834,0.993421052631579,2.192982456140349e-05,-0.0007256253197740904,-0.00164061788245463,-0.0032344225561424496,-0.0028049810982894822,-0.0017720533097615192,-0.004537650245647535,0.010964912280701754,1.0964912280701754e-05,1.0964912280701754e-05,-0.0017983075573919126,0.010964912280701754,1.0964912280701754e-05,1.0964912280701754e-05,0.0010726822376178223,0.4989035087719298,0.5025584795321637
2013-12-12,-0.0004670035010557027,-0.0004852783548568723,0.01827485380116959,1.827485380116959e-05,0.001448450640580084,-0.0019154541416357865,-0.03589173678988542,0.993421052631579,1.827485380116961e-05,-0.0004852783548568723,0.0032929717664254153,0.004913663347564733,0.0030096185466639545,0.0026173152840306218,0.0030800916648813076,0.010964912280701754,1.0964912280701754e-05,1.0964912280701754e-05,0.0014374857282993822,0.007309941520467836,7.309941520467836e-06,7.309941520467836e-06,-0.0019227640831562542,0.4989035087719298,0.5025584795321637
2013-12-13,-0.003798904777089675,-0.0038098696893703768,0.010964912280701754,1.0964912280701754e-05,-0.0021896572740318417,-0.0016092475030578329,-0.25771260741161095,0.993421052631579,1.0964912280701962e-05,-0.0038098696893703768,0.0042388767565417216,0.0011180767829952175,0.002102763332654459,-0.0022525993833548996,-0.005517743980360711,0.003654970760233918,3.654970760233918e-06,3.654970760233918e-06,-0.0021933122447920757,0.007309941520467836,7.309941520467836e-06,7.309941520467836e-06,-0.0016165574445783006,0.4989035087719298,0.5025584795321637
2013-12-16,0.002157804671069706,0.0021431847880287705,0.014619883040935672,1.4619883040935671e-05,0.0004988266122392919,0.001658978058830414,0.1666388695327319,0.993421052631579,1.4619883040935516e-05,0.0021431847880287705,-0.004361325078517965,-0.0011700997704966346,-0.0007131448914819547,0.0006033254748950945,0.0012114183555660388,0.010964912280701754,1.0964912280701754e-05,1.0964912280701754e-05,0.00048786169995859014,0.003654970760233918,3.654970760233918e-06,3.654970760233918e-06,0.00165532308807018,0.4989035087719298,0.5025584795321637
2013-12-17,-0.00492492571341822,-0.004939545596459155,0.014619883040935672,1.4619883040935671e-05,-0.0010586392302757211,-0.0038662864831424983,-0.29438675176548373,0.993421052631579,1.4619883040935082e-05,-0.0049395455964591556,0.009201552237554695,0.00469495946517235,0.002263636683831332,-0.0008279395227890848,-0.0027996938346281555,0.007309941520467836,7.309941520467836e-06,7.309941520467836e-06,-0.0010659491717961889,0.007309941520467836,7.309941520467836e-06,7.309941520467836e-06,-0.0038735964246629662,0.4989035087719298,0.5025584795321637
2013-12-18,-0.0008709523825848768,-0.0008819172948655785,0.010964912280701754,1.0964912280701754e-05,-0.004174175141996138,0.0033032227594112615,-0.10548728332758027,0.993421052631579,1.0964912280701745e-05,-0.0008819172948655785,-0.0061866853963419965,-0.007435259789143499,-0.009959263381662215,-0.00844576517062419,-0.008419688928741589,0.007309941520467836,7.309941520467836e-06,7.309941520467836e-06,-0.004181485083516606,0.003654970760233918,3.654970760233918e-06,3.654970760233918e-06,0.0032995677886510275,0.4989035087719298,0.5025584795321637
2013-12-19,-0.0025735404868610394,-0.0025902837719519577,0.016755281712669615,1.6755281712669615e-05,-0.0004781217409308188,-0.0020954187459302203,-0.17040426241079637,0.9912472647702407,1.6743285090918374e-05,-0.002590295768573709,0.0036694565697281854,0.005266084793757187,0.003550638824775018,0.0007315690276810646,-0.0018064546387111973,0.0047306678439351,4.7306678439351e-06,4.72267009610089e-06,-0.00048284441102691965,0.012024613868734517,1.2024613868734516e-05,1.2020614994817411e-05,-0.0021074393609250377,0.5014587892049599,0.5014587892049599
2013-12-20,0.0005810998568413488,0.0005701589378041496,0.010940919037199126,1.0940919037199125e-05,-0.001683447531261121,0.00226454738810247,0.01663581012681431,0.9912472647702407,1.094091903719918e-05,0.0005701589378041497,-0.00454247109740973,-0.004511812285688935,-0.005734053213186569,-0.005500973137917501,-0.0023220553329291542,0.0036469730123997084,3.6469730123997084e-06,3.6469730123997084e-06,-0.0016870945042735208,0.007293946024799417,7.293946024799417e-06,7.293946024799417e-06,0.0022572534420776703,0.5014587892049599,0.5014587892049599
2013-12-24,0.0004934612354057103,0.0004825203163685111,0.010940919037199126,1.0940919037199125e-05,0.00329622183912616,-0.0028027606037204496,-0.046869582302020936,0.9912472647702407,1.094091903719918e-05,0.00048252031636851115,0.006011681534762302,0.004787605696489233,0.0061132522050698435,0.0035299842156654585,0.0081671400711606,0.0036469730123997084,3.6469730123997084e-06,3.6469730123997084e-06,0.00329257486611376,0.007293946024799417,7.293946024799417e-06,7.293946024799417e-06,-0.002810054549745249,0.5014587892049599,0.5014587892049599
2013-12-25,0.005935308369028312,0.005924367449991113,0.010940919037199126,1.0940919037199125e-05,0.002781269245779086,0.0031540391232492255,0.3392206027881644,0.9912472647702407,1.0940919037198855e-05,0.005924367449991113,-0.006514751426777284,-0.0058995643629206115,-0.003516051148833436,-0.00038473590782265,0.008572851769214901,0.007293946024799417,7.293946024799417e-06,7.293946024799417e-06,0.0027739752997542866,0.0036469730123997084,3.6469730123997084e-06,3.6469730123997084e-06,0.0031503921502368257,0.5014587892049599,0.5014587892049599
2013-12-26,0.0034809386654500816,0.0034663507734004825,0.014587892049598834,1.4587892049598834e-05,0.0027934525957022784,0.0006874860697478033,0.20473415311642446,0.9912472647702407,1.4587892049599052e-05,0.003466350773400483,-0.0013608396032655005,-0.001406920818320481,-0.0008572351197146428,0.0025699664855227226,0.007132211281871218,0.010940919037199126,1.0940919037199125e-05,1.0940919037199125e-05,0.002782511676665079,0.0036469730123997084,3.6469730123997084e-06,3.6469730123997084e-06,0.0006838390967354036,0.5014587892049599,0.5014587892049599
2013-12-27,0.0047756557863289665,0.004764714867291768,0.010940919037199126,1.0940919037199125e-05,0.0021073976638919115,0.0026682581224370555,0.268954181459174,0.9912472647702407,1.0940919037198855e-05,0.004764714867291768,-0.006088355394416661,-0.0038112817974646175,0.001374086406572886,0.0004494374380847194,0.006125264131937444,0.007293946024799417,7.293946024799417e-06,7.293946024799417e-06,0.002100103717867112,0.0036469730123997084,3.6469730123997084e-06,3.6469730123997084e-06,0.0026646111494246557,0.5014587892049599,0.5014587892049599
2013-12-30,0.0020156270088124077,0.002001039116762809,0.014587892049598834,1.4587892049598834e-05,0.0028046066807911494,-0.0007889796719787417,0.12792770301094597,0.9912472647702407,1.4587892049598618e-05,0.002001039116762809,0.0010335885623353903,0.002694401740482557,0.0016255411204928617,0.0016607021274045318,0.007620452803033264,0.010940919037199126,1.0940919037199125e-05,1.0940919037199125e-05,0.00279366576175395,0.0036469730123997084,3.6469730123997084e-06,3.6469730123997084e-06,-0.0007926266449911414,0.5014587892049599,0.5014587892049599
2014-01-06,-0.0006245371382707838,-0.0006938296255063782,0.06929248723559446,6.929248723559445e-05,0.0007261932464299996,-0.0013507303847007835,-0.05376395999174864,0.9912472647702407,6.929248723559441e-05,-0.0006938296255063782,0.0031909357118017263,0.0017067596888710223,0.0036169094632658074,-0.0010358346671187893,0.002706073247527591,0.04011670313639679,4.011670313639679e-05,4.011670313639679e-05,0.0006860765432936029,0.029175784099197667,2.9175784099197667e-05,2.9175784099197667e-05,-0.0013799061687999811,0.5014587892049599,0.5014587892049599
2014-01-07,0.0010209019345262336,0.0010063140424766347,0.014587892049598834,1.4587892049598834e-05,-0.0007148216474591335,0.001735723581985367,0.053795328584068214,0.9912472647702407,1.4587892049598835e-05,0.0010063140424766347,-0.0024114833669209796,-0.005646198587192388,-0.0021538949579010896,-0.005338341561009944,0.000515279618600638,0.007293946024799417,7.293946024799417e-06,7.293946024799417e-06,-0.000722115593483933,0.007293946024799417,7.293946024799417e-06,7.293946024799417e-06,0.0017284296359605677,0.5014587892049599,0.5014587892049599
2014-01-08,0.003137825137408368,0.003126884218371169,0.010940919037199126,1.0940919037199125e-05,0.0024350115547976206,0.0007028135826107477,0.1867513007638704,0.9912472647702407,1.0940919037198855e-05,0.0031268842183711687,-0.0020623092803708125,-6.620067906116148e-05,-0.0013828810512517124,0.0007702683788077169,0.006952010517469851,0.007293946024799417,7.293946024799417e-06,7.293946024799417e-06,0.002427717608772821,0.0036469730123997084,3.6469730123997084e-06,3.6469730123997084e-06,0.000699166609598348,0.5014587892049599,0.5014587892049599
2014-01-09,0.0022626724142594786,0.0022480845222098795,0.014587892049598834,1.4587892049598834e-05,0.0005236712346790331,0.0017390011795804454,0.13762175983741,0.9912472647702407,1.4587892049599052e-05,0.00224808452220988,-0.0033498939100293297,-0.003747641860405772,-0.0010721539059366258,-0.00010126963061871179,0.0016285540740894754,0.007293946024799417,7.293946024799417e-06,7.293946024799417e-06,0.0005163772886542337,0.007293946024799417,7.293946024799417e-06,7.293946024799417e-06,0.001731707233555646,0.5014587892049599,0.5014587892049599
2014-01-10,0.000911000675187339,0.0008964127831377402,0.014587892049598834,1.4587892049598834e-05,0.00705688703639982,-0.006145886361212481,-0.0749260127214487,0.9912472647702407,1.4587892049598835e-05,0.0008964127831377402,0.01330490184151881,0.010247801573882926,0.012686652269853318,0.007909774214162307,0.017308831853147754,0.007293946024799417,7.293946024799417e-06,7.293946024799417e-06,0.007049593090375021,0.007293946024799417,7.293946024799417e-06,7.293946024799417e-06,-0.00615318030723728,0.5014587892049599,0.5014587892049599
2014-01-14,0.0008663599326516863,0.0008408311215648884,0.02552881108679796,2.552881108679796e-05,-0.0006179902645988389,0.0014843501972505253,0.007659100080267452,0.9912472647702407,2.5528811086797908e-05,0.0008408311215648884,-0.003965807985497419,-0.0009367664315629215,-0.003793676929034268,0.00019183763317393796,-0.0019580389325540197,0.010940919037199126,1.0940919037199125e-05,1.0940919037199125e-05,-0.000628931183636038,0.014587892049598834,1.4587892049598834e-05,1.4587892049598834e-05,0.0014697623052009265,0.5014587892049599,0.5014587892049599
2014-01-15,0.0010775832697910673,0.0010593484047290687,0.01823486506199854,1.823486506199854e-05,-0.00021846068085156853,0.0012960439506426358,0.0913486971448901,0.9912472647702407,1.82348650619986e-05,0.0010593484047290687,-0.003436629933753384,-0.0008712288302422082,-0.0032581441407962134,0.0012252375036706778,-0.0012708815945770982,0.007293946024799417,7.293946024799417e-06,7.293946024799417e-06,-0.00022575462687636795,0.010940919037199126,1.0940919037199125e-05,1.0940919037199125e-05,0.0012851030316054367,0.5014587892049599,0.5014587892049599
2014-01-16,0.004785943665618929,0.004769532287063131,0.01823486506199854,1.823486506199854e-05,0.004729576955236599,5.6366710382330565e-05,0.2401470993346502,0.9912472647702407,1.641137855579785e-05,0.0047677088005569305,-0.0011898041760901592,0.0020660710376584532,0.005224168359604561,0.010580171516623806,0.008961013155159254,0.010940919037199126,1.0940919037199125e-05,1.0940919037199125e-05,0.0047186360361994,0.007293946024799417,7.293946024799417e-06,5.470459518599562e-06,5.0896250863731e-05,0.5014587892049599,0.5014587892049599
2014-01-17,0.0016195767694357065,0.0016068123638923076,0.014587892049598834,1.4587892049598834e-05,0.0014062758898043056,0.00021330087963140104,0.14069820548415937,0.9912472647702407,1.2764405543398954e-05,0.0016049888773861077,0.0006557961613473999,-0.002640452178642021,-0.00018436741351481777,-0.00018048460617751743,0.004327614269949644,0.010940919037199126,1.0940919037199125e-05,1.0940919037199125e-05,0.0013953349707671065,0.0036469730123997084,3.6469730123997084e-06,1.8234865061998542e-06,0.00021147739312520118,0.5014587892049599,0.5014587892049599
2014-01-20,-0.0009582203568133921,-0.0009801021948877902,0.021881838074398252,2.188183807439825e-05,-0.0018046292871530406,0.0008464089303396485,-0.060444824711531585,0.9912472647702407,2.1881838074398145e-05,-0.0009801021948877902,-0.0018048133767802645,-0.0014676110674521617,-0.0009320888694083898,-0.0035484452590156786,-0.0036634625412324214,0.010940919037199126,1.0940919037199125e-05,1.0940919037199125e-05,-0.0018155702061902397,0.010940919037199126,1.0940919037199125e-05,1.0940919037199125e-05,0.0008354680113024494,0.5014587892049599,0.5014587892049599
2014-01-21,-0.0009895827181138615,-0.0010041706101634603,0.014587892049598834,1.4587892049598834e-05,0.000466074558154024,-0.0014556572762678855,-0.13030745609494332,0.9912472647702407,1.4587892049598835e-05,-0.0010041706101634603,0.002644211245999297,0.0034638620115715296,0.003877492804049103,0.002902786200274901,-4.7023387545874956e-05,0.010940919037199126,1.0940919037199125e-05,1.0940919037199125e-05,0.0004551336391168249,0.0036469730123997084,3.6469730123997084e-06,3.6469730123997084e-06,-0.0014593042492802852,0.5014587892049599,0.5014587892049599
2014-01-22,-0.0014783336472264262,-0.0014892745662636255,0.010940919037199126,1.0940919037199125e-05,-0.0033522724535347535,0.001873938806308327,-0.1456882643512601,0.9912472647702407,1.0940919037199289e-05,-0.0014892745662636252,-0.004600217097615417,-0.0020136455046472195,-0.005820554966083817,-0.004337847519564512,-0.007932099391418066,0.0036469730123997084,3.6469730123997084e-06,3.6469730123997084e-06,-0.0033559194265471532,0.007293946024799417,7.293946024799417e-06,7.293946024799417e-06,0.0018666448602835278,0.5014587892049599,0.5014587892049599
2014-01-23,0.002878742801313284,0.0028568609632388855,0.021881838074398252,2.188183807439825e-05,0.00010282250942516573,0.002775920291888118,0.11482286039737165,0.9912472647702407,2.1881838074398578e-05,0.002856860963238886,-0.00650080522618058,-0.0036240725161579687,0.0006489086286724261,0.00012749755404406512,0.0002460746524766536,0.010940919037199126,1.0940919037199125e-05,1.0940919037199125e-05,9.18815903879666e-05,0.010940919037199126,1.0940919037199125e-05,1.0940919037199125e-05,0.002764979372850919,0.5014587892049599,0.5014587892049599
2014-01-24,-0.002610941372579115,-0.002621882291616314,0.010940919037199126,1.0940919037199125e-05,0.0037749962096800672,-0.006385937582259182,-0.13779460981731087,0.9912472647702407,1.0940919037198855e-05,-0.0026218822916163143,0.013978108357629786,0.010334180358967273,0.010319207350162143,0.00757366757677321,0.007587935010451575,0.0036469730123997084,3.6469730123997084e-06,3.6469730123997084e-06,0.0037713492366676675,0.007293946024799417,7.293946024799417e-06,7.293946024799417e-06,-0.006393231528283982,0.5014587892049599,0.5014587892049599
2014-01-27,0.0009119189676762011,0.0009009780486390019,0.010940919037199126,1.0940919037199125e-05,0.003708160232156381,-0.00279624126448018,0.015026459343077132,0.9912472647702407,1.094091903719918e-05,0.000900978048639002,0.005292212381046088,0.0062187959036494505,0.005870175473688837,0.006506655524413583,0.007920051750510568,0.0036469730123997084,3.6469730123997084e-06,3.6469730123997084e-06,0.0037045132591439814,0.007293946024799417,7.293946024799417e-06,7.293946024799417e-06,-0.0028035352105049796,0.5014587892049599,0.5014587892049599
2014-01-28,0.002829715450998033,0.002811480585936035,0.01823486506199854,1.823486506199854e-05,-0.003039836626575858,0.005869552077573891,0.20708821751782266,0.9912472647702407,1.823486506199838e-05,0.002811480585936035,-0.012919311240716158,-0.009352323233886092,-0.010993175760288125,-0.008967591549905927,-0.004675799862487697,0.010940919037199126,1.0940919037199125e-05,1.0940919037199125e-05,-0.003050777545613057,0.007293946024799417,7.293946024799417e-06,7.293946024799417e-06,0.0058622581315490915,0.5014587892049599,0.5014587892049599
2014-01-29,-0.0009447481894825537,-0.0009556891085197529,0.010940919037199126,1.0940919037199125e-05,0.005517281134158162,-0.006462029323640716,-0.06063987797488499,0.9912472647702407,1.094091903719918e-05,-0.0009556891085197528,0.012753271982090988,0.013301942626442513,0.009847357881391797,0.010908956376835414,0.011170120569672051,0.007293946024799417,7.293946024799417e-06,7.293946024799417e-06,0.005509987188133362,0.0036469730123997084,3.6469730123997084e-06,3.6469730123997084e-06,-0.006465676296653115,0.5014587892049599,0.5014587892049599
2014-01-30,-0.0021093011395307,-0.0021202420585678993,0.010940919037199126,1.0940919037199125e-05,-0.003044675639592218,0.0009353745000615179,-0.03340316179919919,0.9912472647702407,1.0940919037199289e-05,-0.0021202420585678993,-0.00256316825936112,-0.00045929351234766966,-0.004234073832317755,-0.001393128160151168,-0.008477612407574811,0.0036469730123997084,3.6469730123997084e-06,3.6469730123997084e-06,-0.0030483226126046177,0.007293946024799417,7.293946024799417e-06,7.293946024799417e-06,0.0009280805540367185,0.5014587892049599,0.5014587892049599
2014-01-31,-0.003524134860228158,-0.003538722752277757,0.014587892049598834,1.4587892049598834e-05,-0.005754172796759045,0.002230037936530887,-0.06384425067920102,0.9912472647702407,1.4587892049598618e-05,-0.003538722752277757,-0.005525646347991021,-0.0022914875151465617,-0.0038471551452105863,-0.003432113566276767,-0.015622340808854256,0.007293946024799417,7.293946024799417e-06,7.293946024799417e-06,-0.005761466742783845,0.007293946024799417,7.293946024799417e-06,7.293946024799417e-06,0.0022227439905060874,0.5014587892049599,0.5014587892049599
2014-02-03,-0.0015917635130432385,-0.0016099983781052369,0.01823486506199854,1.823486506199854e-05,0.0076439349532016095,-0.009235698466244849,-0.07140201600650195,0.9912472647702407,1.823486506199838e-05,-0.001609998378105237,0.022512472671118222,0.01025068963781024,0.013826637518779591,0.010465485508392812,0.017799861247648444,0.007293946024799417,7.293946024799417e-06,7.293946024799417e-06,0.00763664100717681,0.010940919037199126,1.0940919037199125e-05,1.0940919037199125e-05,-0.009246639385282049,0.5014587892049599,0.5014587892049599
2014-02-04,0.0005575471660890342,0.0005356653280146358,0.021881838074398252,2.188183807439825e-05,-0.004057384030377635,0.004614931196466669,-0.010204345079300577,0.9912472647702407,2.188183807439836e-05,0.0005356653280146359,-0.008723953482130497,-0.010284675860336778,-0.007753401472995707,-0.008921700762449327,-0.0077648056751439916,0.010940919037199126,1.0940919037199125e-05,1.0940919037199125e-05,-0.004068324949414834,0.010940919037199126,1.0940919037199125e-05,1.0940919037199125e-05,0.0046039902774294705,0.5014587892049599,0.5014587892049599
2014-02-05,0.0058873953295561325,0.005865513491481734,0.021881838074398252,2.188183807439825e-05,0.007895913378049318,-0.002008518048493185,0.2341615072001892,0.9912472647702407,2.1881838074398578e-05,0.005865513491481734,0.0025114282234623697,0.00710409449640652,0.005001500386154117,0.005440405529901888,0.021071659303852606,0.014587892049598834,1.4587892049598834e-05,1.4587892049598834e-05,0.00788132548599972,0.007293946024799417,7.293946024799417e-06,7.293946024799417e-06,-0.0020158119945179846,0.5014587892049599,0.5014587892049599
2014-02-06,-0.0007356687603105626,-0.0007648445444097604,0.029175784099197667,2.9175784099197667e-05,-0.002319587578572431,0.0015839188182618681,-0.007013526704999173,0.9912472647702407,2.917578409919778e-05,-0.0007648445444097603,-0.0038943689502319275,-0.0016895243676903753,-0.0015557948631377693,0.00022703623934723513,-0.007102868823459997,0.014587892049598834,1.4587892049598834e-05,1.4587892049598834e-05,-0.0023341754706220296,0.014587892049598834,1.4587892049598834e-05,1.4587892049598834e-05,0.0015693309262122693,0.5014587892049599,0.5014587892049599
2014-02-07,-0.0003722244407773856,-0.00040322371138278316,0.03282275711159738,3.282275711159737e-05,-0.0011324040550538227,0.0007601796142764372,-0.07395384453725647,0.9912472647702407,3.099927060539755e-05,-0.000405047197888983,-0.0015947374459546735,-0.001371675671261535,-0.000720250073311436,0.0011205137923512164,-0.003966245192874318,0.021881838074398252,2.188183807439825e-05,2.0058351568198395e-05,-0.0011524624066220211,0.010940919037199126,1.0940919037199125e-05,1.0940919037199125e-05,0.0007492386952392381,0.5014587892049599,0.5014587892049599
2014-02-10,0.0013170589374403747,0.0012951770993659766,0.021881838074398252,2.188183807439825e-05,-0.000590511142458449,0.0019075700798988238,0.03894585006432498,0.9912472647702407,2.1881838074398145e-05,0.0012951770993659766,-0.003441563359801332,-0.0045873752623674414,-0.005932633835452914,-0.002908123948902707,-0.0003412371160602733,0.01823486506199854,1.823486506199854e-05,1.823486506199854e-05,-0.0006087460075204474,0.0036469730123997084,3.6469730123997084e-06,3.6469730123997084e-06,0.001903923106886424,0.5014587892049599,0.5014587892049599
2014-02-12,0.001318041212869772,0.0012998063478077734,0.01823486506199854,1.823486506199854e-05,0.002639651258669763,-0.0013216100457999907,0.08759427681969462,0.9912472647702407,1.82348650619986e-05,0.0012998063478077734,0.0028253427072605906,0.002276754344230735,0.0005889084297081127,0.0053124657775295405,0.00532671884767494,0.007293946024799417,7.293946024799417e-06,7.293946024799417e-06,0.0026323573126449634,0.010940919037199126,1.0940919037199125e-05,1.0940919037199125e-05,-0.0013325509648371898,0.5014587892049599,0.5014587892049599
2014-02-13,0.0013181175181074213,0.0012907652205144235,0.029175784099197667,2.9175784099197667e-05,0.0015827824304816731,-0.0002646649123742518,0.026205314363554583,0.9934354485776805,2.735229759299779e-05,0.0012889417340082236,0.0007086213824688955,0.00016395448413069938,0.0010456708852844205,0.0040742020028017205,0.002732118146270291,0.01823486506199854,1.823486506199854e-05,1.641137855579869e-05,0.0015663710519258744,0.010940919037199126,1.0940919037199125e-05,1.0940919037199125e-05,-0.0002756058314114509,0.5014587892049599,0.5014587892049599
2014-02-14,-0.0004046257938872096,-0.00043015460497400755,0.02552881108679796,2.552881108679796e-05,0.000514299247118316,-0.0009189250410055257,-0.033801091110657294,0.9934354485776805,2.5528811086797962e-05,-0.00043015460497400755,0.0009231362986981683,0.0037120157058551915,0.0010606135415672064,0.0011926867314905748,0.0009533363437035287,0.010940919037199126,1.0940919037199125e-05,1.0940919037199125e-05,0.0005033583280811169,0.014587892049598834,1.4587892049598834e-05,1.4587892049598834e-05,-0.0009335129330551245,0.5014587892049599,0.5014587892049599
2014-02-17,-0.0014706790527958958,-0.001492560890870294,0.021881838074398252,2.188183807439825e-05,-0.004276406309255533,0.0028057272564596374,-0.09776516915998201,0.9934354485776805,2.1881838074398145e-05,-0.001492560890870294,-0.004786883188934644,-0.0073097146742054486,-0.004722511387125316,-0.00797683161452129,-0.008897195291617015,0.014587892049598834,1.4587892049598834e-05,1.4587892049598834e-05,-0.004290994201305132,0.007293946024799417,7.293946024799417e-06,7.293946024799417e-06,0.002798433310434838,0.5014587892049599,0.5014587892049599
2014-02-18,0.0005126982441271639,0.0004981103520775651,0.014587892049598834,1.4587892049598834e-05,0.0015704390714333166,-0.0010577408273061528,0.00824587787857619,0.9934354485776805,1.4587892049598835e-05,0.0004981103520775651,0.0016646445345089753,0.0030418941705004747,0.00184161357187537,0.002348028715287474,0.0035580119433124757,0.0036469730123997084,3.6469730123997084e-06,3.6469730123997084e-06,0.0015667920984209168,0.010940919037199126,1.0940919037199125e-05,1.0940919037199125e-05,-0.0010686817463433518,0.5014587892049599,0.5014587892049599
2014-02-19,-0.0017706982037664091,-0.0017925800418408073,0.021881838074398252,2.188183807439825e-05,0.002512389840054594,-0.004283088043821003,-0.09452062655668572,0.9934354485776805,2.1881838074398145e-05,-0.0017925800418408073,0.009099605765817375,0.007494644692456011,0.00500086017472927,0.004737316777601825,0.005201641546836116,0.007293946024799417,7.293946024799417e-06,7.293946024799417e-06,0.0025050958940297944,0.014587892049598834,1.4587892049598834e-05,1.4587892049598834e-05,-0.004297675935870602,0.5014587892049599,0.5014587892049599
2014-02-20,0.0018456170637636815,0.001827382198701683,0.01823486506199854,1.823486506199854e-05,-0.001190597880214005,0.0030362149439776866,0.1445094859045905,0.9934354485776805,1.82348650619986e-05,0.001827382198701683,-0.006997952502804242,-0.004193744608459809,-0.0018198768970765864,0.0001285450002161506,-0.003651766332577088,0.010940919037199126,1.0940919037199125e-05,1.0940919037199125e-05,-0.001201538799251204,0.007293946024799417,7.293946024799417e-06,7.293946024799417e-06,0.003028920997952887,0.5014587892049599,0.5014587892049599
2014-02-21,0.0003807776579613485,0.00036254279289934995,0.01823486506199854,1.823486506199854e-05,0.0033360339947736805,-0.0029552563368123322,0.0663948502228122,0.9956236323851203,1.8234865061998544e-05,0.00036254279289934995,0.004532055412699984,0.008645762408473472,0.005607560459954551,0.006814530352543187,0.006644828465123387,0.010940919037199126,1.0940919037199125e-05,1.0940919037199125e-05,0.003325093075736481,0.007293946024799417,7.293946024799417e-06,7.293946024799417e-06,-0.0029625502828371317,0.5014587892049599,0.5014587892049599
2014-02-24,-0.0005581407145768586,-0.0005745520931326572,0.01823486506199854,1.823486506199854e-05,-0.003820834044897444,0.0032626933303205852,-0.03645737522389505,0.9956236323851203,1.641137855579861e-05,-0.000576375579638857,-0.006045031828141459,-0.007439287538129457,-0.00838800107237439,-0.006614904345517615,-0.008152195647419418,0.010940919037199126,1.0940919037199125e-05,9.11743253099927e-06,-0.003829951477428443,0.007293946024799417,7.293946024799417e-06,7.293946024799417e-06,0.0032553993842957857,0.5014587892049599,0.5014587892049599
2014-02-25,-0.0011092463309955876,-0.0011384221150947853,0.029175784099197667,2.9175784099197667e-05,0.00047292856772169155,-0.0015821748987172794,-0.08457945949251305,0.9956236323851203,2.917578409919767e-05,-0.0011384221150947853,0.002267414845652824,0.004950114097323477,0.0025025642451482312,0.001882314366876753,0.0004888355082590647,0.014587892049598834,1.4587892049598834e-05,1.4587892049598834e-05,0.0004583406756720927,0.014587892049598834,1.4587892049598834e-05,1.4587892049598834e-05,-0.0015967627907668782,0.5014587892049599,0.5014587892049599
2014-02-26,-0.00019255371452086021,-0.00020896509307665888,0.01823486506199854,1.823486506199854e-05,0.0003222320616962269,-0.0005147857762170872,0.0012660420960907861,0.9956236323851203,1.6411378555798663e-05,-0.00021078857958285876,0.0012312814774341526,0.0006126673387864447,0.00010962273059987684,0.0017130552492929348,0.00011441777444260306,0.010940919037199126,1.0940919037199125e-05,9.11743253099927e-06,0.00031311462916522765,0.007293946024799417,7.293946024799417e-06,7.293946024799417e-06,-0.0005220797222418866,0.5014587892049599,0.5014587892049599
2014-02-27,-0.00023427670754643036,-0.0002452176265836295,0.010940919037199126,1.0940919037199125e-05,-0.0009562675890777118,0.0007219908815312814,-0.01915318625265298,0.9956236323851203,1.0940919037199126e-05,-0.0002452176265836295,-0.0007431967439160471,-0.002848259324738484,-0.0058594937836644895,-0.0030199151166607273,-0.0013714553309565436,0.0036469730123997084,3.6469730123997084e-06,3.6469730123997084e-06,-0.0009599145620901114,0.007293946024799417,7.293946024799417e-06,7.293946024799417e-06,0.000714696935506482,0.5014587892049599,0.5014587892049599
2014-02-28,-0.0006017731536010793,-0.0006163610456506782,0.014587892049598834,1.4587892049598834e-05,-0.00034891727826131787,-0.00025285587533976147,-0.026237187343146073,0.9956236323851203,1.4587892049598835e-05,-0.0006163610456506782,0.0010829982392180225,-0.0006659946591185819,-0.002004900522327646,-0.002753937466345895,0.00032561579142291095,0.007293946024799417,7.293946024799417e-06,7.293946024799417e-06,-0.0003562112242861173,0.007293946024799417,7.293946024799417e-06,7.293946024799417e-06,-0.0002601498213645609,0.5014587892049599,0.5014587892049599
2014-03-03,-4.054125588395601e-05,-5.5129147933554844e-05,0.014587892049598834,1.4587892049598834e-05,0.00344230095325229,-0.0034828422091362464,-0.0344626391461541,0.9956236323851203,1.4587892049598835e-05,-5.5129147933554844e-05,0.007239127866790206,0.006351550989021092,0.008249980420856914,0.005528110909024967,0.007608240384847713,0.010940919037199126,1.0940919037199125e-05,1.0940919037199125e-05,0.003431360034215091,0.0036469730123997084,3.6469730123997084e-06,3.6469730123997084e-06,-0.003486489182148646,0.5014587892049599,0.5014587892049599
2014-03-04,8.607345283960844e-05,6.601510127141002e-05,0.021881838074398252,2.188183807439825e-05,-0.0019204020338489324,0.0020064754866885408,-0.021946300858890704,0.9956236323851203,2.0058351568198412e-05,6.419161476521018e-05,-0.005291487173827439,-0.0013925001858873301,-0.003610624157242213,-0.0045141187282795765,-0.0035156401620521343,0.010940919037199126,1.0940919037199125e-05,9.11743253099927e-06,-0.0019295194663799316,0.010940919037199126,1.0940919037199125e-05,1.0940919037199125e-05,0.0019955345676513415,0.5014587892049599,0.5014587892049599
2014-03-05,-0.00024633507511080525,-0.00026456994017280385,0.01823486506199854,1.823486506199854e-05,0.00018591119009292583,-0.0004322462652037311,-0.03412772018151105,0.9956236323851203,1.82348650619986e-05,-0.0002645699401728038,0.001068057779835122,0.0004452881356930074,-0.0012181322635706625,-0.00010351072695800149,0.0006047264243107642,0.010940919037199126,1.0940919037199125e-05,1.0940919037199125e-05,0.0001749702710557267,0.007293946024799417,7.293946024799417e-06,7.293946024799417e-06,-0.0004395402112285305,0.5014587892049599,0.5014587892049599
2014-03-06,0.003639746730827394,0.0036251588387777953,0.014587892049598834,1.4587892049598834e-05,0.001146095850795496,0.002493650880031898,0.22991951243748138,0.9956236323851203,1.4587892049598618e-05,0.0036251588387777953,-0.005618150914455306,-0.0036678942236232567,0.0009937688230165,0.0010936242738034023,0.0028809390213801293,0.0036469730123997084,3.6469730123997084e-06,3.6469730123997084e-06,0.0011424488777830963,0.010940919037199126,1.0940919037199125e-05,1.0940919037199125e-05,0.002482709960994699,0.5014587892049599,0.5014587892049599
2014-03-07,0.00012204245885907469,0.00011110153982187559,0.010940919037199126,1.0940919037199125e-05,0.0012602070636749628,-0.0011381646048158882,0.0008746875660856649,0.9956236323851203,1.09409190371991e-05,0.00011110153982187556,0.0021408601703411484,0.002530232944376503,0.005262774283982817,0.003044154816719486,0.0022669761968184556,0.0036469730123997084,3.6469730123997084e-06,3.6469730123997084e-06,0.001256560090662563,0.007293946024799417,7.293946024799417e-06,7.293946024799417e-06,-0.0011454585508406875,0.5014587892049599,0.5014587892049599
2014-03-10,0.0016983425389041759,0.0016801076738421773,0.01823486506199854,1.823486506199854e-05,-0.0013735096551516952,0.003071852194055871,0.10749408254625041,0.9956236323851203,1.82348650619986e-05,0.0016801076738421773,-0.006207399641000714,-0.005960903398638553,-0.005437416821765363,-0.005563751122032056,-0.0013722559451212202,0.007293946024799417,7.293946024799417e-06,7.293946024799417e-06,-0.0013808036011764945,0.010940919037199126,1.0940919037199125e-05,1.0940919037199125e-05,0.003060911275018672,0.5014587892049599,0.5014587892049599
2014-03-11,-0.00010958620505755796,-0.00012782107011955645,0.01823486506199854,1.823486506199854e-05,0.002385802620927706,-0.0024953888259852644,-0.008490813614857203,0.9956236323851203,1.823486506199849e-05,-0.0001278210701195565,0.005694415040759546,0.003524163348028157,0.0051001101803057215,0.004195275030941037,0.005058692415935113,0.010940919037199126,1.0940919037199125e-05,1.0940919037199125e-05,0.002374861701890507,0.007293946024799417,7.293946024799417e-06,7.293946024799417e-06,-0.002502682772010064,0.5014587892049599,0.5014587892049599
2014-03-12,0.0033070384976516334,0.003296097578614434,0.010940919037199126,1.0940919037199125e-05,-0.0021864684553984204,0.005493506953050054,0.19647946535263947,0.9956236323851203,1.0940919037199289e-05,0.003296097578614434,-0.012099836265456599,-0.008640322419875116,-0.008282387842733623,-0.006210743748252123,-0.003478762845640232,0.007293946024799417,7.293946024799417e-06,7.293946024799417e-06,-0.00219376240142322,0.0036469730123997084,3.6469730123997084e-06,3.6469730123997084e-06,0.005489859980037655,0.5014587892049599,0.5014587892049599
2014-03-13,-0.0014445582260728725,-0.0014591461181224714,0.014587892049598834,1.4587892049598834e-05,0.0023373446216578154,-0.003781902847730688,-0.08834510029733772,0.9956236323851203,1.4587892049598835e-05,-0.0014591461181224714,0.008088069073408729,0.006437261672398932,0.0031729667270429646,0.007192442615193741,0.0034482606258136378,0.010940919037199126,1.0940919037199125e-05,1.0940919037199125e-05,0.002326403702620616,0.0036469730123997084,3.6469730123997084e-06,3.6469730123997084e-06,-0.0037855498207430877,0.5014587892049599,0.5014587892049599
2014-03-14,-0.0026877603556161346,-0.0027041717341719333,0.01823486506199854,1.823486506199854e-05,0.00280820871955852,-0.0054959690751746546,-0.22078637800872905,0.9956236323851203,1.6411378555798717e-05,-0.002705995220678133,0.01161501957804556,0.009635448774345025,0.011028129046865646,0.006122179414778932,0.005400567775060491,0.010940919037199126,1.0940919037199125e-05,9.11743253099927e-06,0.0027990912870275208,0.007293946024799417,7.293946024799417e-06,7.293946024799417e-06,-0.005503263021199454,0.5014587892049599,0.5014587892049599
2014-03-17,0.004641777667477425,0.004621719315909226,0.021881838074398252,2.188183807439825e-05,0.0017838349438201234,0.002857942723657301,0.3218855338957356,0.9956236323851203,2.0058351568198914e-05,0.004619895829403026,-0.0061570139241385324,-0.004773683819913999,-0.003957946163165679,-7.77833563107716e-05,0.005354649919885462,0.01823486506199854,1.823486506199854e-05,1.6411378555798686e-05,0.0017674235652643247,0.0036469730123997084,3.6469730123997084e-06,3.6469730123997084e-06,0.002854295750644901,0.5014587892049599,0.5014587892049599
2014-03-18,-0.00021031362645650023,-0.0002303719780246986,0.021881838074398252,2.188183807439825e-05,-0.0006985475245527629,0.00048823389809626264,-0.02185980029708293,0.9956236323851203,2.005835156819837e-05,-0.00023219546453089848,-0.0005140846432921786,-0.001902812036815709,0.00017065874193294097,-6.527118735592145e-05,-0.002072218595688716,0.014587892049598834,1.4587892049598834e-05,1.276440554339898e-05,-0.0007113119300961618,0.007293946024799417,7.293946024799417e-06,7.293946024799417e-06,0.0004809399520714632,0.5014587892049599,0.5014587892049599
2014-03-19,-0.0009725265969821846,-0.0009907614620441832,0.01823486506199854,1.823486506199854e-05,0.00046701058524511167,-0.0014395371822272963,-0.005383417880519666,0.9956236323851203,1.82348650619986e-05,-0.0009907614620441832,0.005355016249830297,-0.002152536255333245,-0.0003162066565138983,2.6510403484397872e-05,0.0013939349353370275,0.010940919037199126,1.0940919037199125e-05,1.0940919037199125e-05,0.00045606966620791254,0.007293946024799417,7.293946024799417e-06,7.293946024799417e-06,-0.0014468311282520956,0.5014587892049599,0.5014587892049599
2014-03-20,0.0073001290075007785,0.007278247169426381,0.021881838074398252,2.188183807439825e-05,0.0052507880746206935,0.002049340932880085,0.2226016158661649,0.9956236323851203,2.188183807439771e-05,0.00727824716942638,-0.00831962429288846,0.004472003321978439,0.0014252284678401782,0.0031152016160769405,0.014264004577247181,0.01823486506199854,1.823486506199854e-05,1.823486506199854e-05,0.005232553209558695,0.0036469730123997084,3.6469730123997084e-06,3.6469730123997084e-06,0.0020456939598676852,0.5014587892049599,0.5014587892049599
2014-03-24,-0.0036835547695468697,-0.0037236714726832662,0.04011670313639679,4.011670313639679e-05,-0.002476155432199395,-0.0012073993373474747,-0.18362120142783253,0.9956236323851203,4.0116703136396526e-05,-0.0037236714726832667,0.004135601573680329,-0.0010858559665475334,-0.0017322213369659325,-0.001898393118650889,-0.006511922336378665,0.021881838074398252,2.188183807439825e-05,2.188183807439825e-05,-0.002498037270273793,0.01823486506199854,1.823486506199854e-05,1.823486506199854e-05,-0.0012256342024094733,0.5014587892049599,0.5014587892049599
2014-03-25,-0.0037445199495823203,-0.0037645783011505188,0.021881838074398252,2.188183807439825e-05,-0.006665601760712505,0.0029210818111301846,-0.14552528389764652,0.9956236323851203,2.005835156819848e-05,-0.0037664017876567184,-0.004194020046731117,-0.009123314028849095,-0.009290678521291514,-0.010338768050961428,-0.014809385222762006,0.010940919037199126,1.0940919037199125e-05,9.11743253099927e-06,-0.0066747191932435045,0.010940919037199126,1.0940919037199125e-05,1.0940919037199125e-05,0.0029101408920929853,0.5014587892049599,0.5014587892049599
2014-03-26,0.0017652000583016727,0.0017433182202272746,0.021881838074398252,2.188183807439825e-05,-0.00032556968044394235,0.002090769738745615,0.08878622241515251,0.9978118161925602,2.1881838074398145e-05,0.0017433182202272746,-0.0051301906216057805,-0.002226626926951995,-0.0022772854052733847,-0.0003279679054858575,-0.0008099201155528846,0.010940919037199126,1.0940919037199125e-05,1.0940919037199125e-05,-0.0003365105994811415,0.010940919037199126,1.0940919037199125e-05,1.0940919037199125e-05,0.002079828819708416,0.5014587892049599,0.5014587892049599
2014-03-27,0.001294022913150991,0.0012502592370021944,0.043763676148796504,4.37636761487965e-05,0.00308509911003635,-0.001791076196885359,0.013379180994060644,0.9978118161925602,4.3763676148796506e-05,0.0012502592370021944,0.0034415239391056025,0.0038350085887527466,0.003985904084513701,0.005301317600232398,0.0066019009126251,0.01823486506199854,1.823486506199854e-05,1.823486506199854e-05,0.0030668642449743514,0.02552881108679796,2.552881108679796e-05,2.552881108679796e-05,-0.001816605007972157,0.5014587892049599,0.5014587892049599
2014-03-28,-0.0013997328677577087,-0.0014252616788445066,0.02552881108679796,2.552881108679796e-05,-0.0019133290191307192,0.0005135961513730107,-0.051266779978054886,0.9978118161925602,2.5528811086797908e-05,-0.0014252616788445066,0.0001046717846856815,-0.003306766349396972,-0.0041997337190352755,-0.005035835657054249,-0.003239371874763065,0.014587892049598834,1.4587892049598834e-05,1.4587892049598834e-05,-0.001927916911180318,0.010940919037199126,1.0940919037199125e-05,1.0940919037199125e-05,0.0005026552323358116,0.5014587892049599,0.5014587892049599
2014-03-31,0.00208246529606707,0.0020605834579926715,0.021881838074398252,2.188183807439825e-05,0.001859527583673735,0.00022293771239333506,0.08673649280582368,0.9978118161925602,2.1881838074398578e-05,0.002060583457992672,0.0014711405628475463,-0.004318119835609378,-0.0016916119983951463,0.0014019441325206904,0.0048564671465207284,0.014587892049598834,1.4587892049598834e-05,1.4587892049598834e-05,0.001844939691624136,0.007293946024799417,7.293946024799417e-06,7.293946024799417e-06,0.00021564376636853564,0.5014587892049599,0.5014587892049599
2014-04-01,-0.0007285865990599709,-0.0007453125091310312,0.01672989148264588,1.6729891482645878e-05,-0.0018363723126212088,0.001107785713561238,-0.08268246782585145,0.9956331877729258,1.6725910071060273e-05,-0.0007453164905426168,-0.0025035166504149774,-0.0016284831263395666,0.0010554662369897533,-0.0013738519468089565,-0.004813171455455491,0.01199599310738029,1.199599310738029e-05,1.1992011695794701e-05,-0.0018483643243170035,0.004733898375265588,4.7338983752655874e-06,4.7338983752655874e-06,0.0011030518151859724,0.5003639010189228,0.5003639010189228
2014-04-02,-0.0026084613048663104,-0.002626656355812453,0.018195050946142648,1.8195050946142647e-05,-0.003923822449433526,0.0013153611445672164,-0.15324791527716783,0.9956331877729258,1.8195050946142634e-05,-0.002626656355812453,-0.002546128539043461,-0.0027959871853862135,-0.002434587126065838,-0.006474371010439136,-0.00855347514820187,0.010917030567685589,1.0917030567685589e-05,1.0917030567685589e-05,-0.003934739480001212,0.00727802037845706,7.2780203784570594e-06,7.2780203784570594e-06,0.0013080831241887594,0.5003639010189228,0.5003639010189228
2014-04-03,-0.0012058452660057937,-0.0012167622965734792,0.010917030567685589,1.0917030567685589e-05,-0.001377573208654174,0.00017172794264838032,-0.0802972335737509,0.9956331877729258,1.091703056768558e-05,-0.0012167622965734792,-0.000753270603059149,0.00048593531520146796,-0.002741162554321931,-0.0016707115080417136,-0.0032975554334379337,0.00727802037845706,7.2780203784570594e-06,7.2780203784570594e-06,-0.001384851229032631,0.00363901018922853,3.6390101892285297e-06,3.6390101892285297e-06,0.0001680889324591518,0.5003639010189228,0.5003639010189228
2014-04-04,0.00011288273339094607,9.468768244480344e-05,0.018195050946142648,1.8195050946142647e-05,0.0013165690578511304,-0.0012036863244601842,0.044889787167801676,0.9956331877729258,1.8195050946142634e-05,9.468768244480342e-05,0.0014762179497365847,0.004284856056832809,0.005612887789982362,0.0044513463553506345,0.0017552455555077397,0.00727802037845706,7.2780203784570594e-06,7.2780203784570594e-06,0.0013092910374726734,0.010917030567685589,1.0917030567685589e-05,1.0917030567685589e-05,-0.0012146033550278698,0.5003639010189228,0.5003639010189228
2014-04-07,0.0012590509047951184,0.0012372168436597473,0.021834061135371178,2.1834061135371177e-05,0.0011442149637422793,0.000114835941052839,0.0714723604162738,0.9956331877729258,2.183406113537116e-05,0.0012372168436597473,-0.0009148328879911773,0.0011562133866784212,7.172729108150306e-05,0.0018611045868680294,0.0025073974524708375,0.010917030567685589,1.0917030567685589e-05,1.0917030567685589e-05,0.0011332979331745937,0.010917030567685589,1.0917030567685589e-05,1.0917030567685589e-05,0.00010391891048515341,0.5003639010189228,0.5003639010189228
2014-04-08,-0.0011705006899614366,-0.0011959737612860363,0.025473071324599708,2.5473071324599708e-05,0.00498490966476643,-0.006155410354727867,-0.07267579823148175,0.9956331877729258,2.5473071324599687e-05,-0.0011959737612860363,0.01187007827906138,0.013174935468254302,0.012266392668320662,0.009787564907174091,0.010102312554945446,0.01455604075691412,1.4556040756914119e-05,1.4556040756914119e-05,0.004970353624009516,0.010917030567685589,1.0917030567685589e-05,1.0917030567685589e-05,-0.0061663273852955525,0.5003639010189228,0.5003639010189228
2014-04-09,0.0005882342739324582,0.0005700392229863156,0.018195050946142648,1.8195050946142647e-05,-0.006930151435557059,0.007518385709489517,0.09689756287706305,0.9956331877729258,1.8195050946142634e-05,0.0005700392229863156,-0.01600217728062787,-0.013051694135163848,-0.009365460427503802,-0.013400846733828924,-0.01414529903770411,0.01455604075691412,1.4556040756914119e-05,1.4556040756914119e-05,-0.006944707476313973,0.00363901018922853,3.6390101892285297e-06,3.6390101892285297e-06,0.007514746699300289,0.5003639010189228,0.5003639010189228
2014-04-10,-0.0016636579482994067,-0.0016818529992455493,0.018195050946142648,1.8195050946142647e-05,0.0021900390844788358,-0.0038536970327782425,-0.13224628647869463,0.9956331877729258,1.8195050946142634e-05,-0.0016818529992455493,0.008024071053938632,0.007050140827364985,0.008190149521230936,0.005251148930675192,0.003973054766678265,0.00727802037845706,7.2780203784570594e-06,7.2780203784570594e-06,0.0021827610641003787,0.010917030567685589,1.0917030567685589e-05,1.0917030567685589e-05,-0.003864614063345928,0.5003639010189228,0.5003639010189228
2014-04-11,-0.0003798351685817031,-0.0004016692297170743,0.021834061135371178,2.1834061135371177e-05,0.001978576341839522,-0.002358411510421225,-0.05049034807182912,0.9956331877729258,2.1834061135371215e-05,-0.00040166922971707425,0.0062014643562547135,0.001704544226116903,0.002083980332105475,0.002528835747860417,0.004672990979171543,0.01455604075691412,1.4556040756914119e-05,1.4556040756914119e-05,0.001964020301082608,0.00727802037845706,7.2780203784570594e-06,7.2780203784570594e-06,-0.0023656895307996822,0.5003639010189228,0.5003639010189228
2014-04-14,0.0012944960666341774,0.0012726620054988062,0.021834061135371178,2.1834061135371177e-05,0.0005074631937645875,0.0007870328728695899,0.10014047912239782,0.9956331877729258,2.183406113537116e-05,0.0012726620054988062,-0.0014290049711337236,-0.0018639159586870484,-0.0016532173248917379,0.0024269087717905774,0.0003286955534340507,0.00727802037845706,7.2780203784570594e-06,7.2780203784570594e-06,0.0005001851733861304,0.01455604075691412,1.4556040756914119e-05,1.4556040756914119e-05,0.0007724768321126758,0.5003639010189228,0.5003639010189228
2014-04-15,0.0026239223088194976,0.002605727257873355,0.018195050946142648,1.8195050946142647e-05,0.0009351089310683347,0.0016888133777511632,0.10822093948893442,0.9956331877729258,1.8195050946142634e-05,0.002605727257873355,-0.0037780015347003482,-0.002560654395903024,-0.004384740230943624,-0.004605751338216585,0.005045942874753529,0.010917030567685589,1.0917030567685589e-05,1.0917030567685589e-05,0.0009241919005006491,0.00727802037845706,7.2780203784570594e-06,7.2780203784570594e-06,0.0016815353573727061,0.5003639010189228,0.5003639010189228
2014-04-16,-0.0005856453793698594,-0.000603840430316002,0.018195050946142648,1.8195050946142647e-05,0.0007680475101114755,-0.001353692889481335,-0.054943789367375685,0.9956331877729258,1.8195050946142634e-05,-0.000603840430316002,0.0027543996817095797,0.002606374402465704,0.004595953743064828,0.003025072254786527,0.0008144696121004321,0.00727802037845706,7.2780203784570594e-06,7.2780203784570594e-06,0.0007607694897330185,0.010917030567685589,1.0917030567685589e-05,1.0917030567685589e-05,-0.0013646099200490206,0.5003639010189228,0.5003639010189228
2014-04-17,-0.0006643785003909563,-0.0006825735513370989,0.018195050946142648,1.8195050946142647e-05,-0.0009223764313069924,0.0002579979309160363,-0.037910885613292616,0.9956331877729258,1.8195050946142634e-05,-0.0006825735513370989,-0.0019195620355191196,0.0023231181505941148,-0.002825732296577525,-0.0011427513627412834,-0.0021961438260848236,0.010917030567685589,1.0917030567685589e-05,1.0917030567685589e-05,-0.000933293461874678,0.00727802037845706,7.2780203784570594e-06,7.2780203784570594e-06,0.00025071991053757925,0.5003639010189228,0.5003639010189228
2014-04-18,-0.000572453676271867,-0.0005906487272180096,0.018195050946142648,1.8195050946142647e-05,6.537027317667158e-05,-0.0006378239494485385,-0.02118374542651866,0.9956331877729258,1.8195050946142634e-05,-0.0005906487272180096,0.0012591459781385998,0.0013062107982353235,0.0014092112145801384,0.001285250675236625,-0.000433397057790204,0.010917030567685589,1.0917030567685589e-05,1.0917030567685589e-05,5.4453242608985997e-05,0.00727802037845706,7.2780203784570594e-06,7.2780203784570594e-06,-0.0006451019698269955,0.5003639010189228,0.5003639010189228
2014-04-21,-0.0007431562187363638,-0.0007540732493040494,0.010917030567685589,1.0917030567685589e-05,7.745998527431185e-05,-0.0008206162040106757,-0.10390557271819509,0.9956331877729258,1.091703056768558e-05,-0.0007540732493040494,0.0020025295386634223,0.0009070904462659083,-7.238898222733363e-05,0.0016436467973209492,-0.0005725880644137153,0.00363901018922853,3.6390101892285297e-06,3.6390101892285297e-06,7.382097508508332e-05,0.00727802037845706,7.2780203784570594e-06,7.2780203784570594e-06,-0.0008278942243891327,0.5003639010189228,0.5003639010189228
2014-04-22,0.0008247360794983041,0.00081018003874139,0.01455604075691412,1.4556040756914119e-05,-0.0004815647900408004,0.0013063008695391044,0.05563530101132312,0.9956331877729258,1.4556040756914107e-05,0.00081018003874139,-0.0037159207340587753,-0.000375972998152497,0.0006927680596195835,-0.0026587806915916237,-0.00013792253458248796,0.010917030567685589,1.0917030567685589e-05,1.0917030567685589e-05,-0.000492481820608486,0.00363901018922853,3.6390101892285297e-06,3.6390101892285297e-06,0.0013026618593498759,0.5003639010189228,0.5003639010189228
2014-04-23,0.003186229120848747,0.0031695443780530358,0.016688706859097974,1.6688706859097974e-05,0.003106761436294265,7.946768455448194e-05,0.2128275156836714,0.9934640522875817,1.6684742795711107e-05,0.0031695404139896488,-0.0010833045739538042,0.0016908395755966448,0.0058317268749676745,0.0034469927143705643,0.007595260120125867,0.006536740525095599,6.536740525095599e-06,6.53277646170864e-06,0.0031002286598325562,0.010151966334002376,1.0151966334002376e-05,1.0151966334002376e-05,6.931571822047956e-05,0.5010893246187365,0.5010893246187365
2014-04-24,0.0014757549552560268,0.001453968462881299,0.021786492374727674,2.1786492374727674e-05,-0.0003902420034661325,0.0018659969587221594,0.07366952982523638,0.9934640522875817,2.178649237472778e-05,0.001453968462881299,-0.0036594903789213973,-0.003852661903724218,-0.0047762972720628355,-0.004735832262407276,0.0011739969585321539,0.010893246187363837,1.0893246187363835e-05,1.0893246187363835e-05,-0.00040113524965349634,0.010893246187363837,1.0893246187363835e-05,1.0893246187363835e-05,0.0018551037125347956,0.5010893246187365,0.5010893246187365
2014-04-25,-0.002842034750611482,-0.0028747144891735736,0.03267973856209151,3.2679738562091506e-05,0.00012681244310741303,-0.0029688471937188952,-0.20307105079649132,0.9934640522875817,3.267973856209156e-05,-0.0028747144891735736,0.006960090596485857,0.0038541778755105394,0.005185389452068968,0.0016215070744831101,-0.00042233070714347805,0.018155410312273062,1.815541031227306e-05,1.815541031227306e-05,0.00010865703279513996,0.014524328249818448,1.4524328249818448e-05,1.4524328249818448e-05,-0.0029833715219687138,0.5010893246187365,0.5010893246187365
2014-04-28,-0.0008030063449398088,-0.0008211617552520818,0.018155410312273062,1.815541031227306e-05,-0.0018540772930245586,0.00105107094808475,-0.017684676258901758,0.9934640522875817,1.815541031227304e-05,-0.0008211617552520818,-0.0027633629999134217,-0.000765990067619679,0.0017405006201479305,-0.0039986183019391575,-0.003572562540877518,0.010893246187363837,1.0893246187363835e-05,1.0893246187363835e-05,-0.0018649705392119224,0.007262164124909224,7.262164124909224e-06,7.262164124909224e-06,0.0010438087839598406,0.5010893246187365,0.5010893246187365
2014-04-30,0.00318923258133819,0.003178339335150826,0.010893246187363837,1.0893246187363835e-05,0.001312743241138822,0.0018764893401993679,0.1320663213327039,0.9934640522875817,1.0893246187363998e-05,0.003178339335150826,-0.004941625711755215,-0.0013512086697701309,-0.0023727378593112847,-0.0024071967962743545,0.005120184161305594,0.003631082062454612,3.631082062454612e-06,3.631082062454612e-06,0.0013091121590763674,0.007262164124909224,7.262164124909224e-06,7.262164124909224e-06,0.0018692271760744586,0.5010893246187365,0.5010893246187365
2014-05-01,-0.0006809217034894592,-0.000702708195864187,0.021786492374727674,2.178649237472767e-05,-0.0018827037084224144,0.0012017820049329553,-0.03489627958129628,0.9934640522875817,2.178649237472778e-05,-0.0007027081958641869,-0.0013165075301804748,-0.004562001551781133,-0.007848838407501883,-0.0073040517812005806,-0.0020235026658142,0.010893246187363837,1.0893246187363835e-05,1.0893246187363835e-05,-0.0018935969546097782,0.010893246187363837,1.0893246187363835e-05,1.0893246187363835e-05,0.0011908887587455915,0.5010893246187365,0.5010893246187365
2014-05-02,-0.0013951013482430598,-0.0014132567585553328,0.018155410312273062,1.815541031227306e-05,0.0009539541347845627,-0.0023490554830276223,-0.10438155648336461,0.9934640522875817,1.815541031227304e-05,-0.0014132567585553328,0.004351943545099253,0.00535980595384078,0.00587797904755438,0.0009460456382498904,0.0023877596976010704,0.010893246187363837,1.0893246187363835e-05,1.0893246187363835e-05,0.0009430608885971988,0.007262164124909224,7.262164124909224e-06,7.262164124909224e-06,-0.0023563176471525313,0.5010893246187365,0.5010893246187365
2014-05-07,-0.0013715051428606286,-0.0013896605531729018,0.018155410312273062,1.815541031227306e-05,-0.0023284769664822964,0.0009569718236216679,-0.06199039932772513,0.9934640522875817,1.8155410312273258e-05,-0.0013896605531729016,-0.002196080646894025,-0.0013371874067642834,0.0031461870568641015,6.506664619669105e-05,-0.007002424880121454,0.010893246187363837,1.0893246187363835e-05,1.0893246187363835e-05,-0.0023393702126696604,0.007262164124909224,7.262164124909224e-06,7.262164124909224e-06,0.0009497096594967586,0.5010893246187365,0.5010893246187365
2014-05-08,-0.002685965568578161,-0.002704120978890434,0.018155410312273062,1.815541031227306e-05,-0.00198782161035727,-0.0006981439582208911,-0.08772376995341409,0.9934640522875817,1.815541031227304e-05,-0.002704120978890434,0.0006518203281998806,0.0028761168673835736,0.0009845581618395346,-0.003955246495720956,-0.003994373434098787,0.007262164124909224,7.262164124909224e-06,7.262164124909224e-06,-0.001995083774482179,0.010893246187363837,1.0893246187363835e-05,1.0893246187363835e-05,-0.0007090372044082549,0.5010893246187365,0.5010893246187365
2014-05-09,-0.006128633856667398,-0.0061395271028547626,0.010893246187363837,1.0893246187363835e-05,-0.0023911913383128872,-0.0037374425183545113,-0.3307468300443079,0.9934640522875817,1.0893246187364432e-05,-0.006139527102854762,0.008940566368357487,0.0044947731231726835,0.005107557963714511,-0.00046366062790872536,-0.006928668869581761,0.007262164124909224,7.262164124909224e-06,7.262164124909224e-06,-0.0023984535024377963,0.003631082062454612,3.631082062454612e-06,3.631082062454612e-06,-0.003741073600416966,0.5010893246187365,0.5010893246187365
2014-05-12,0.000531527426695653,0.0005170030984458345,0.014524328249818448,1.4524328249818448e-05,-0.003000580603567914,0.0035321080302635668,0.025303960119116172,0.9934640522875817,1.452432824981852e-05,0.0005170030984458346,-0.00748304999609286,-0.006180477215087891,-0.006701566696730984,-0.0027307485753483695,-0.007631639543959267,0.010893246187363837,1.0893246187363835e-05,1.0893246187363835e-05,-0.003011473849755278,0.003631082062454612,3.631082062454612e-06,3.631082062454612e-06,0.0035284769482011123,0.5010893246187365,0.5010893246187365
2014-05-13,0.003102064660247821,0.003071200462716957,0.03267973856209151,3.2679738562091506e-05,0.0010134866326802993,0.002088578027567522,0.12950631080309763,0.9934640522875817,3.08641975308643e-05,0.0030693849216857296,-0.00401289772865012,-0.004527643906731525,0.00027533294962655766,-0.0005571401388269235,0.003309392336486732,0.018155410312273062,1.815541031227306e-05,1.815541031227306e-05,0.0009953312223680262,0.014524328249818448,1.4524328249818448e-05,1.2708787218591142e-05,0.0020758692403489306,0.5010893246187365,0.5010893246187365
2014-05-14,0.0014263986433708476,0.00140461215099612,0.021786492374727674,2.178649237472767e-05,0.00025931474355754243,0.0011670838998133052,0.04564571671562343,0.9934640522875817,2.1786492374727563e-05,0.00140461215099612,-0.0035481273307891364,0.00011017161371464441,0.004684152813713163,-0.0018149983532804576,0.001673888102717478,0.014524328249818448,1.4524328249818448e-05,1.4524328249818448e-05,0.00024479041530772397,0.007262164124909224,7.262164124909224e-06,7.262164124909224e-06,0.001159821735688396,0.5010893246187365,0.5010893246187365
2014-05-15,-0.0007929306347600287,-0.0008292414553845749,0.036310820624546124,3.631082062454612e-05,0.002449038624267782,-0.003241969259027811,-0.058576664636565856,0.9956427015250545,3.631082062454619e-05,-0.0008292414553845748,0.005931069032398909,0.00763032929572658,0.008967562441964188,0.008012403355106033,0.003324942204222496,0.021786492374727674,2.178649237472767e-05,2.178649237472767e-05,0.0024272521318930546,0.014524328249818448,1.4524328249818448e-05,1.4524328249818448e-05,-0.0032564935872776294,0.5010893246187365,0.5010893246187365
2014-05-16,-0.003290995813448738,-0.0033236755520108297,0.03267973856209151,3.2679738562091506e-05,-0.0019881999775962856,-0.0013027958358524526,-0.13027589422085117,0.9956427015250545,3.267973856209156e-05,-0.0033236755520108297,0.00252774615862046,0.0027744467384765515,0.00282054395334446,0.0009375477967603177,-0.006420407309575995,0.018155410312273062,1.815541031227306e-05,1.815541031227306e-05,-0.0020063553879085586,0.014524328249818448,1.4524328249818448e-05,1.4524328249818448e-05,-0.0013173201641022711,0.5010893246187365,0.5010893246187365
2014-05-19,0.00023636001559202221,0.00020731135909238536,0.029048656499636897,2.9048656499636897e-05,-0.0016591780310459233,0.0018955380466379457,-0.0030655192825211337,0.9956427015250545,2.904865649963685e-05,0.0002073113590923853,-0.004881075746567486,-0.0016037848210962951,-0.004794207920213873,-0.003514926499321331,-0.0032092501171876735,0.014524328249818448,1.4524328249818448e-05,1.4524328249818448e-05,-0.0016737023592957418,0.014524328249818448,1.4524328249818448e-05,1.4524328249818448e-05,0.0018810137183881272,0.5010893246187365,0.5010893246187365
2014-05-20,0.0009341283449011114,0.0009159729345888383,0.018155410312273062,1.815541031227306e-05,0.0040917036969820705,-0.0031575753520809596,-0.023300058790780762,0.9956427015250545,1.815541031227304e-05,0.0009159729345888383,0.00620994139749392,0.006555640514146273,0.007672597969334617,0.008099904107597018,0.008198474013036949,0.007262164124909224,7.262164124909224e-06,7.262164124909224e-06,0.0040844415328571615,0.010893246187363837,1.0893246187363835e-05,1.0893246187363835e-05,-0.0031684685982683236,0.5010893246187365,0.5010893246187365
2014-05-21,0.00010435737669744178,8.257088432271409e-05,0.021786492374727674,2.178649237472767e-05,7.012665701958403e-05,3.423071967785773e-05,0.004986403688983191,0.9956427015250545,2.1786492374727698e-05,8.257088432271411e-05,0.000554123776562874,-0.001327615992155306,-0.0011573482438376169,-0.0005937139799677114,0.0005067796132794367,0.003631082062454612,3.631082062454612e-06,3.631082062454612e-06,6.649557495712941e-05,0.018155410312273062,1.815541031227306e-05,1.815541031227306e-05,1.6075309365584668e-05,0.5010893246187365,0.5010893246187365
2014-05-22,-0.0009790046844589293,-0.0010044222588961114,0.025417574437182285,2.5417574437182284e-05,0.00023587112103197182,-0.001214875805490901,-0.1150322846379036,0.9956427015250545,2.5417574437182084e-05,-0.0010044222588961116,0.0038540131355207542,-0.0004393936623234133,6.143931425716367e-05,-0.0015314197782419986,0.0014717849622971413,0.014524328249818448,1.4524328249818448e-05,1.4524328249818448e-05,0.00022134679278215338,0.010893246187363837,1.0893246187363835e-05,1.0893246187363835e-05,-0.0012257690516782648,0.5010893246187365,0.5010893246187365
2014-05-23,0.00392023898640641,0.003909345740219046,0.010893246187363837,1.0893246187363835e-05,0.0012949108539930267,0.002625328132413383,0.25682430709608245,0.9956427015250545,1.0893246187364432e-05,0.0039093457402190465,-0.0056480850229255605,-0.00447014385840646,-0.004655154896371875,0.0026707381617301087,0.0025409184103271144,0.007262164124909224,7.262164124909224e-06,7.262164124909224e-06,0.0012876486898681175,0.003631082062454612,3.631082062454612e-06,3.631082062454612e-06,0.0026216970503509284,0.5010893246187365,0.5010893246187365
2014-05-26,0.00033893533452708226,0.00032077992421480916,0.018155410312273062,1.815541031227306e-05,0.0011348487059799602,-0.000795913371452878,-0.041951295685440655,0.9956427015250545,1.8155410312273095e-05,0.0003207799242148092,0.0013344930258307754,0.002119146903773434,0.0011413550632160744,0.0003349813538588376,0.0032296542537975483,0.007262164124909224,7.262164124909224e-06,7.262164124909224e-06,0.001127586541855051,0.010893246187363837,1.0893246187363835e-05,1.0893246187363835e-05,-0.0008068066176402419,0.5010893246187365,0.5010893246187365
2014-05-27,0.0017675943031035446,0.0017421767286663623,0.025417574437182285,2.5417574437182284e-05,0.000161378429584781,0.0016062158735187636,0.1173831614956093,0.9956427015250545,2.54175744371823e-05,0.0017421767286663623,-0.004660454632474124,-0.0002986818764713849,0.0010778068123643407,-0.0007337962501895299,0.0008499809458300765,0.010893246187363837,1.0893246187363835e-05,1.0893246187363835e-05,0.00015048518339741716,0.014524328249818448,1.4524328249818448e-05,1.4524328249818448e-05,0.0015916915452689451,0.5010893246187365,0.5010893246187365
2014-05-28,0.0008234295621657319,0.0008016430697910042,0.021786492374727674,2.178649237472767e-05,0.0012754868263330655,-0.00045205726416733353,-0.02550873639048746,0.9956427015250545,2.178649237472767e-05,0.0008016430697910042,0.0017893509809922645,-0.000881839993397905,-0.000858981983687889,-0.0008742156115455071,0.0042552498924262995,0.014524328249818448,1.4524328249818448e-05,1.4524328249818448e-05,0.001260962498083247,0.007262164124909224,7.262164124909224e-06,7.262164124909224e-06,-0.00045931942829224273,0.5010893246187365,0.5010893246187365
2014-05-29,0.0004355399834050074,0.0004173845730927344,0.018155410312273062,1.815541031227306e-05,0.0018951623946540737,-0.0014596224112490663,0.00010234323254746136,0.9956427015250545,1.815541031227304e-05,0.0004173845730927344,0.0017932894898628916,0.005208733604189161,0.004148838600692719,0.002372752363109429,0.004486751247659762,0.007262164124909224,7.262164124909224e-06,7.262164124909224e-06,0.0018879002305291644,0.010893246187363837,1.0893246187363835e-05,1.0893246187363835e-05,-0.00147051565743643,0.5010893246187365,0.5010893246187365
2014-05-30,0.0003088291503456625,0.0002979359041582986,0.010893246187363837,1.0893246187363835e-05,0.0007224817180958675,-0.00041365256775020495,0.027962333667101352,0.9956427015250545,1.089324618736389e-05,0.00029793590415829867,0.0006501168367101453,0.0011892124874961108,0.00019256665703261877,0.003308944965893723,0.000508260834048811,0.003631082062454612,3.631082062454612e-06,3.631082062454612e-06,0.0007188506360334128,0.007262164124909224,7.262164124909224e-06,7.262164124909224e-06,-0.00042091473187511416,0.5010893246187365,0.5010893246187365
2014-06-02,-0.00025663448315257627,-0.0002711588114023948,0.014524328249818448,1.4524328249818448e-05,-0.001575946548346116,0.0013193120651935398,-0.10152976729613203,0.9956427015250545,1.452432824981852e-05,-0.00027115881140239473,-0.001780179765438976,-0.004385978117228901,-0.005130127762256827,-0.0042111167822995125,-0.0026120033416167686,0.007262164124909224,7.262164124909224e-06,7.262164124909224e-06,-0.0015832087124710253,0.007262164124909224,7.262164124909224e-06,7.262164124909224e-06,0.0013120499010686305,0.5010893246187365,0.5010893246187365
2014-06-03,-0.001605519858183417,-0.0016273063505581448,0.021786492374727674,2.178649237472767e-05,-0.001053600735962383,-0.000551919122221034,-0.08846943809793467,0.9956427015250545,2.178649237472778e-05,-0.0016273063505581448,0.0017492969507098602,-0.00019641303748647084,-0.0006243448127499674,-0.0022474759418356065,-0.0020301929278217644,0.010893246187363837,1.0893246187363835e-05,1.0893246187363835e-05,-0.0010644939821497469,0.010893246187363837,1.0893246187363835e-05,1.0893246187363835e-05,-0.0005628123684083977,0.5010893246187365,0.5010893246187365
2014-06-04,0.00036274075854540494,0.00034458534823313195,0.018155410312273062,1.815541031227306e-05,-0.00012354926464132037,0.0004862900231867254,0.0009473664093920409,0.9956427015250545,1.8155410312272987e-05,0.0003445853482331319,-0.0007766588755240009,-0.0013730034249981554,-0.00011602041967407653,0.0019921568905959634,-0.0013659204831481953,0.010893246187363837,1.0893246187363835e-05,1.0893246187363835e-05,-0.0001344425108286842,0.007262164124909224,7.262164124909224e-06,7.262164124909224e-06,0.0004790278590618162,0.5010893246187365,0.5010893246187365
2014-06-05,0.0011855160186322877,0.0011673606083200147,0.018155410312273062,1.815541031227306e-05,0.002369872028806201,-0.0011843560101739135,0.036496426536418346,0.9956427015250545,1.815541031227304e-05,0.0011673606083200147,0.002578139046491137,0.001955667097246398,-4.7739862218395176e-05,0.004459909467361488,0.00486420566559347,0.010893246187363837,1.0893246187363835e-05,1.0893246187363835e-05,0.002358978782618837,0.007262164124909224,7.262164124909224e-06,7.262164124909224e-06,-0.0011916181742988227,0.5010893246187365,0.5010893246187365
2014-06-06,0.0017829592045763639,0.0017648037942640908,0.018155410312273062,1.815541031227306e-05,0.00022685059954584026,0.0015561086050305236,0.14481906873190448,0.9956427015250545,1.815541031227304e-05,0.0017648037942640908,-0.002774229664818273,-0.003809300673892858,-0.0009459651142142757,-0.0003232680906010915,0.0008407063835062456,0.003631082062454612,3.631082062454612e-06,3.631082062454612e-06,0.00022321951748338566,0.014524328249818448,1.4524328249818448e-05,1.4524328249818448e-05,0.001541584276780705,0.5010893246187365,0.5010893246187365
2014-06-09,-0.001138961434479715,-0.0011607479268544428,0.021786492374727674,2.178649237472767e-05,-0.0021420522516776546,0.0010030908171979396,-0.08724345669674267,0.9956427015250545,2.178649237472778e-05,-0.0011607479268544428,-0.002418179029268512,-0.0011819503376617447,-0.0028191097726948983,-0.0034157639932944333,-0.004704304852396543,0.014524328249818448,1.4524328249818448e-05,1.4524328249818448e-05,-0.002156576579927473,0.007262164124909224,7.262164124909224e-06,7.262164124909224e-06,0.0009958286530730304,0.5010893246187365,0.5010893246187365
2014-06-10,0.0017430356349477018,0.001721249142572974,0.021786492374727674,2.178649237472767e-05,-0.00011577357968563279,0.0018588092146333347,0.11367164770592741,0.9956427015250545,2.178649237472778e-05,0.001721249142572974,-0.004308364584130531,-0.0025394838674727784,-0.0031057691841126296,-0.0012363610317286564,0.0002716148218923363,0.010893246187363837,1.0893246187363835e-05,1.0893246187363835e-05,-0.00012666682587299661,0.010893246187363837,1.0893246187363835e-05,1.0893246187363835e-05,0.0018479159684459709,0.5010893246187365,0.5010893246187365
2014-06-11,0.0014491160710436233,0.0014200674145439865,0.029048656499636897,2.9048656499636897e-05,0.0011047740068877109,0.0003443420641559124,0.06967876797858788,0.9956427015250545,2.9048656499636822e-05,0.0014200674145439865,-0.0013129254783776157,0.000570490978949503,-0.0004522546986755663,0.0006169103606084492,0.002998661792487901,0.014524328249818448,1.4524328249818448e-05,1.4524328249818448e-05,0.0010902496786378924,0.014524328249818448,1.4524328249818448e-05,1.4524328249818448e-05,0.0003298177359060939,0.5010893246187365,0.5010893246187365
2014-06-12,0.0012535431745926235,0.0012317566822178958,0.021786492374727674,2.178649237472767e-05,0.001959994584643512,-0.0007064514100508885,0.04706015921287744,0.9956427015250545,2.178649237472778e-05,0.001231756682217896,0.0023719631923719447,-0.0005200856125319611,0.0012319838445368112,0.0037462766564570716,0.00399406285232389,0.014524328249818448,1.4524328249818448e-05,1.4524328249818448e-05,0.0019454702563936935,0.007262164124909224,7.262164124909224e-06,7.262164124909224e-06,-0.0007137135741757978,0.5010893246187365,0.5010893246187365
2014-06-13,-0.00014544603888044186,-0.0001744946953800788,0.029048656499636897,2.9048656499636897e-05,0.00119270357667613,-0.001338149615556572,-0.07421154220438773,0.9956427015250545,2.904865649963693e-05,-0.00017449469538007877,0.0025619643586576287,0.0029192457830280885,0.002194637933738445,0.0016085504613667476,0.0027660569977579976,0.018155410312273062,1.815541031227306e-05,1.815541031227306e-05,0.001174548166363857,0.010893246187363837,1.0893246187363835e-05,1.0893246187363835e-05,-0.0013490428617439357,0.5010893246187365,0.5010893246187365
2014-06-16,0.0012802475044347986,0.001258461012060071,0.021786492374727674,2.178649237472767e-05,0.0012125911267238908,6.765637771090798e-05,0.08523519078337584,0.9956427015250545,2.1786492374727563e-05,0.001258461012060071,-0.0001314210533817214,-0.00014377647275748775,0.0005663451266847122,0.0009781959011489149,0.003140767226596841,0.010893246187363837,1.0893246187363835e-05,1.0893246187363835e-05,0.001201697880536527,0.010893246187363837,1.0893246187363835e-05,1.0893246187363835e-05,5.676313152354414e-05,0.5010893246187365,0.5010893246187365
2014-06-17,0.0004283886363723342,0.0004029710619351519,0.025417574437182285,2.5417574437182284e-05,2.9059981280806897e-05,0.00039932865509152737,0.04090699238133843,0.9956427015250545,2.54175744371823e-05,0.0004029710619351519,-0.0012095876770636252,2.8724278629602654e-05,-0.0014951351572564694,0.0015745375147133498,-0.0007002783351313028,0.021786492374727674,2.178649237472767e-05,2.178649237472767e-05,7.273488906079226e-06,0.003631082062454612,3.631082062454612e-06,3.631082062454612e-06,0.00039569757302907274,0.5010893246187365,0.5010893246187365
2014-06-18,-0.0033009278009243654,-0.003315452129174184,0.014524328249818448,1.4524328249818448e-05,-0.002591270980583144,-0.000709656820341222,-0.25736318067679304,0.9956427015250545,1.452432824981852e-05,-0.003315452129174184,0.0023436333198566927,-0.0004434016946119394,-0.004369889837769465,-0.0033941096939353074,-0.006059858501430146,0.010893246187363837,1.0893246187363835e-05,1.0893246187363835e-05,-0.002602164226770508,0.003631082062454612,3.631082062454612e-06,3.631082062454612e-06,-0.0007132879024036766,0.5010893246187365,0.5010893246187365
2014-06-19,-0.00012988298654480237,-0.00015166947891953,0.021786492374727674,2.178649237472767e-05,0.00017284029521948236,-0.0003027232817642847,-0.05853781444140963,0.9956427015250545,2.1786492374727644e-05,-0.00015166947891953004,4.9707512922584306e-05,0.0017318000133847524,0.0001555106326608715,-0.0009024422542072615,0.0009686147934454288,0.014524328249818448,1.4524328249818448e-05,1.4524328249818448e-05,0.00015831596696966392,0.007262164124909224,7.262164124909224e-06,7.262164124909224e-06,-0.00030998544588919393,0.5010893246187365,0.5010893246187365
2014-06-20,0.002412312257709455,0.0023905257653347276,0.021786492374727674,2.178649237472767e-05,0.001428853181168235,0.0009834590765412199,0.21050984531838804,0.9956427015250545,2.1786492374727563e-05,0.0023905257653347276,-0.0032373942457161837,0.0005933107895920218,0.0013605546786828874,0.0024952081905544985,0.0030296368405241846,0.010893246187363837,1.0893246187363835e-05,1.0893246187363835e-05,0.0014179599349808713,0.010893246187363837,1.0893246187363835e-05,1.0893246187363835e-05,0.0009725658303538561,0.5010893246187365,0.5010893246187365
2014-06-23,0.0013600130480597111,0.001341857637747438,0.018155410312273062,1.815541031227306e-05,0.0014743676226153385,-0.00011435457455562737,0.11739963196669495,0.9956427015250545,1.815541031227304e-05,0.001341857637747438,-0.0003912035480851404,0.0014831643133286303,0.0007773711295860812,0.0035907074878215933,0.0026181336829181616,0.010893246187363837,1.0893246187363835e-05,1.0893246187363835e-05,0.0014634743764279747,0.007262164124909224,7.262164124909224e-06,7.262164124909224e-06,-0.00012161673868053659,0.5010893246187365,0.5010893246187365
2014-06-24,-0.0002667465728907133,-0.000288533065265441,0.021786492374727674,2.178649237472767e-05,0.0008930968262441739,-0.001159843399134887,-0.005836958932451957,0.9956427015250545,2.178649237472767e-05,-0.000288533065265441,0.0015838461442141784,0.0038177368539350203,0.00291187994873731,-0.00014461071371864258,0.0027457712910728587,0.018155410312273062,1.815541031227306e-05,1.815541031227306e-05,0.0008749414159319009,0.003631082062454612,3.631082062454612e-06,3.631082062454612e-06,-0.0011634744811973416,0.5010893246187365,0.5010893246187365
2014-06-25,-9.096739556330757e-06,-2.7252149868603817e-05,0.018155410312273062,1.815541031227306e-05,-0.0003434328998212092,0.0003343361602648784,-0.006760814058691203,0.9956427015250545,1.815541031227306e-05,-2.7252149868603817e-05,-0.0008426135900196578,-0.00031990611549756,-0.0017389682497206819,-0.0018820984350987338,-8.700970213281777e-05,0.010893246187363837,1.0893246187363835e-05,1.0893246187363835e-05,-0.00035432614600857304,0.007262164124909224,7.262164124909224e-06,7.262164124909224e-06,0.00032707399613996917,0.5010893246187365,0.5010893246187365
2014-06-26,-0.0006174775513638363,-0.0006392640437385639,0.021786492374727674,2.1786492374727674e-05,-0.0006045319479520881,-1.294560341174824e-05,-0.025793134906485445,0.9956427015250545,2.178649237472767e-05,-0.0006392640437385639,0.00026072372691645013,-0.00044882118014764714,-0.0004926960304110456,0.0008688783764976893,-0.0022440924324445516,0.014524328249818448,1.4524328249818448e-05,1.4524328249818448e-05,-0.0006190562762019065,0.007262164124909224,7.262164124909224e-06,7.262164124909224e-06,-2.0207767536657466e-05,0.5010893246187365,0.5010893246187365
2014-06-27,0.0039861059466634345,0.0039643194542887065,0.021786492374727674,2.178649237472767e-05,0.0032574343802606875,0.0007286715664027467,0.27253223308910096,0.9956427015250545,2.1786492374727996e-05,0.0039643194542887065,-0.0032530518589038143,0.002167134541358999,0.0031225137115328595,0.005234755044530146,0.0071336814812544185,0.010893246187363837,1.0893246187363835e-05,1.0893246187363835e-05,0.0032465411340733235,0.010893246187363837,1.0893246187363835e-05,1.0893246187363835e-05,0.0007177783202153829,0.5010893246187365,0.5010893246187365
2014-06-30,-0.0013739078794766746,-0.0013920632897889476,0.018155410312273062,1.815541031227306e-05,-0.0006315227971647825,-0.000742385082311892,-0.14082127049442092,0.9956427015250545,1.815541031227304e-05,-0.0013920632897889476,0.0029730503699244974,-0.0015179732387771148,-0.0011218969401085388,-0.0006178429925367068,-0.0015815282682879624,0.010893246187363837,1.0893246187363835e-05,1.0893246187363835e-05,-0.0006424160433521463,0.007262164124909224,7.262164124909224e-06,7.262164124909224e-06,-0.0007496472464368013,0.5010893246187365,0.5010893246187365
2014-07-01,-0.001241966692944757,-0.0012601221032570301,0.018155410312273062,1.815541031227306e-05,-0.0014532720799666937,0.00021130538702193662,-0.09584695185643582,0.9956427015250545,1.815541031227304e-05,-0.0012601221032570301,-0.0009649049582192429,0.0006720385180292091,0.0007418444512752423,-0.0016804196950931563,-0.0035101285309624155,0.007262164124909224,7.262164124909224e-06,7.262164124909224e-06,-0.001460534244091603,0.010893246187363837,1.0893246187363835e-05,1.0893246187363835e-05,0.00020041214083457278,0.5010893246187365,0.5010893246187365
2014-07-02,0.0006858595131962862,0.0006713351849464677,0.014524328249818448,1.4524328249818448e-05,0.002811773297385581,-0.0021259137841892948,0.0064955263183040495,0.9956427015250545,1.452432824981852e-05,0.0006713351849464678,0.003685839490009073,0.0054149323754922405,0.0029965968888445525,0.006993597992736973,0.004920183243848782,0.003631082062454612,3.631082062454612e-06,3.631082062454612e-06,0.0028081422153231265,0.010893246187363837,1.0893246187363835e-05,1.0893246187363835e-05,-0.0021368070303766588,0.5010893246187365,0.5010893246187365
2014-07-03,0.0016505729425878727,0.0016324175322755996,0.018155410312273062,1.815541031227306e-05,0.0006320785060330956,0.0010184944365547771,0.11130329454684076,0.9956427015250545,1.815541031227304e-05,0.0016324175322755996,-0.002110255425051963,-0.0018977993125803296,-0.002147558490432811,0.0024099233216094,0.0006871516061682837,0.007262164124909224,7.262164124909224e-06,7.262164124909224e-06,0.0006248163419081864,0.010893246187363837,1.0893246187363835e-05,1.0893246187363835e-05,0.0010076011903674134,0.5010893246187365,0.5010893246187365
2014-07-04,0.0015440870748256524,0.0015331938286382886,0.010893246187363837,1.0893246187363835e-05,0.002539611560801725,-0.0009955244859760728,0.10838160899654849,0.9956427015250545,1.0893246187363781e-05,0.0015331938286382886,0.001539894942073575,0.0029120243685064064,0.0034122638217832396,0.002371001715179788,0.006416771140723095,0.007262164124909224,7.262164124909224e-06,7.262164124909224e-06,0.002532349396676816,0.003631082062454612,3.631082062454612e-06,3.631082062454612e-06,-0.0009991555680385273,0.5010893246187365,0.5010893246187365
2014-07-07,0.0010789278281206256,0.0010644034998708073,0.014524328249818448,1.4524328249818448e-05,0.0008754635894910296,0.00020346423862959613,0.1117624560766483,0.9956427015250545,1.4524328249818303e-05,0.001064403499870807,-0.00026554975063642906,-0.0006945818518689952,0.0005214661684815434,0.0005477961707000413,0.002346783137974213,0.007262164124909224,7.262164124909224e-06,7.262164124909224e-06,0.0008682014253661203,0.007262164124909224,7.262164124909224e-06,7.262164124909224e-06,0.0001962020745046869,0.5010893246187365,0.5010893246187365
2014-07-08,-0.0014002547693894693,-0.001411148015576833,0.010893246187363837,1.0893246187363835e-05,0.0012769036730948598,-0.002677158442484329,-0.13324749409954803,0.9956427015250545,1.0893246187363781e-05,-0.001411148015576833,0.005455952702562421,0.005172346954383328,0.004081941436605696,0.005402929585820392,0.0011209185937237644,0.007262164124909224,7.262164124909224e-06,7.262164124909224e-06,0.0012696415089699506,0.003631082062454612,3.631082062454612e-06,3.631082062454612e-06,-0.0026807895245467834,0.5010893246187365,0.5010893246187365
2014-07-09,-0.0013096508041412936,-0.0013169129682662028,0.007262164124909224,7.262164124909224e-06,-0.002930299438404876,0.0016206486342635826,-0.13289834525828967,0.9956427015250545,7.26216412490926e-06,-0.0013169129682662028,-0.0026030505072415803,-0.004546065652966267,-0.002937561559989602,-0.005399089136945008,-0.006072243098230786,0.003631082062454612,3.631082062454612e-06,3.631082062454612e-06,-0.0029339305204673306,0.003631082062454612,3.631082062454612e-06,3.631082062454612e-06,0.001617017552201128,0.5010893246187365,0.5010893246187365
2014-07-10,-0.0007779918384907363,-0.0007852540026156455,0.007262164124909224,7.262164124909224e-06,0.0021116596748029636,-0.0028896515132937,-0.07494039198212439,0.9956427015250545,7.26216412490926e-06,-0.0007852540026156455,0.0054341609709520995,0.006502576207329486,0.006575935653474012,0.007393210012779453,0.0026246023244878396,0.007262164124909224,7.262164124909224e-06,7.262164124909224e-06,0.0021043975106780546,0.0,0.0,0.0,-0.0028896515132937,0.5010893246187365,0.5010893246187365
2014-07-11,-0.0007528572878841942,-0.0007673816161340128,0.014524328249818448,1.4524328249818448e-05,0.0003837906118207111,-0.0011366478997049054,-0.08585453078771096,0.9956427015250545,1.452432824981852e-05,-0.0007673816161340127,0.002093735145098397,0.002646356005047876,-0.00018491774784414798,0.0004946429315635536,0.0009015473874293517,0.007262164124909224,7.262164124909224e-06,7.262164124909224e-06,0.00037652844769580187,0.007262164124909224,7.262164124909224e-06,7.262164124909224e-06,-0.0011439100638298146,0.5010893246187365,0.5010893246187365
2014-07-14,-0.0004334494478498414,-0.0004516048581621144,0.018155410312273062,1.815541031227306e-05,-0.0012573784506494598,0.0008239290027996183,-0.061863718041628296,0.9956427015250545,1.8155410312272987e-05,-0.00045160485816211443,-0.0020249728766730353,-0.0008925833564196837,-0.00022928037917416751,-0.0006693453670900682,-0.0034292623741599784,0.007262164124909224,7.262164124909224e-06,7.262164124909224e-06,-0.001264640614774369,0.010893246187363837,1.0893246187363835e-05,1.0893246187363835e-05,0.0008130357566122545,0.5010893246187365,0.5010893246187365
2014-07-15,-0.00026712648182732263,-0.0002743886459522319,0.007262164124909224,7.262164124909224e-06,0.00019325365146797053,-0.00046038013329529313,-0.0699558742249449,0.9956427015250545,7.26216412490926e-06,-0.00027438864595223184,0.0009899797208198738,0.000784847349320776,0.0003238764133097195,7.922592621894175e-05,0.0005388876413935624,0.0,0.0,0.0,0.00019325365146797053,0.007262164124909224,7.262164124909224e-06,7.262164124909224e-06,-0.00046764229742020234,0.5010893246187365,0.5010893246187365
2014-07-16,0.000797946976390302,0.0007761604840155743,0.021786492374727674,2.178649237472767e-05,-0.001865402969129446,0.0026633499455197478,0.08053406571189903,0.9956427015250545,2.178649237472767e-05,0.0007761604840155743,-0.005736760012243967,-0.004520981403729527,-0.00576904647176473,-0.007251543481232997,-0.0019582714952340375,0.014524328249818448,1.4524328249818448e-05,1.4524328249818448e-05,-0.0018799272973792644,0.007262164124909224,7.262164124909224e-06,7.262164124909224e-06,0.0026560877813948387,0.5010893246187365,0.5010893246187365
2014-07-17,0.0005368823180040246,0.0005187269076917516,0.018155410312273062,1.815541031227306e-05,0.0032018378223743456,-0.002664955504370321,0.016122830989832564,0.9956427015250545,1.815541031227304e-05,0.0005187269076917516,0.005207829678739848,0.005600184955154289,0.007327576613078446,0.00751043561605605,0.005829414108079525,0.007262164124909224,7.262164124909224e-06,7.262164124909224e-06,0.0031945756582494366,0.010893246187363837,1.0893246187363835e-05,1.0893246187363835e-05,-0.0026758487505576848,0.5010893246187365,0.5010893246187365
2014-07-18,0.00227781326111345,0.0022632889328636314,0.014524328249818448,1.4524328249818448e-05,0.0019480554751652838,0.0003297577859481661,0.12311337668797183,0.9956427015250545,1.452432824981852e-05,0.0022632889328636314,-0.0008525877986904475,-0.0002720267422110716,0.00023113875442447724,0.001257932505781573,0.005202495462984421,0.007262164124909224,7.262164124909224e-06,7.262164124909224e-06,0.0019407933110403746,0.007262164124909224,7.262164124909224e-06,7.262164124909224e-06,0.0003224956218232569,0.5010893246187365,0.5010893246187365
2014-07-22,0.0016693976534838696,0.001647611161109142,0.021786492374727674,2.178649237472767e-05,0.0018061583192653114,-0.00013676066578144176,0.08956101542591632,0.9956427015250545,2.1786492374727563e-05,0.0016476111611091419,-0.00013360858392783532,0.0010979313643421956,0.0011470322389796974,0.0013000277218403974,0.004756681803489222,0.010893246187363837,1.0893246187363835e-05,1.0893246187363835e-05,0.0017952650730779477,0.010893246187363837,1.0893246187363835e-05,1.0893246187363835e-05,-0.0001476539119688056,0.5010893246187365,0.5010893246187365
2014-07-23,-0.00010072271916651166,-0.00011887812947878473,0.018155410312273062,1.815541031227306e-05,0.00020515183510326853,-0.0003058745542697801,0.024644099522884398,0.9956427015250545,1.8155410312273068e-05,-0.00011887812947878473,0.0007643643272702953,0.00030585349751714844,0.0007724606709147343,-0.0003886274400628633,0.0008084312785905636,0.007262164124909224,7.262164124909224e-06,7.262164124909224e-06,0.0001978896709783593,0.010893246187363837,1.0893246187363835e-05,1.0893246187363835e-05,-0.00031676780045714395,0.5010893246187365,0.5010893246187365
2014-07-24,-0.0005136820678168495,-0.0005318374781291225,0.018155410312273062,1.815541031227306e-05,-0.0004467414715466481,-6.69405962702014e-05,0.02016589159060494,0.9956427015250545,1.815541031227304e-05,-0.0005318374781291225,-0.00013815395156688807,0.0006845187638893879,0.000287892947610289,0.00038678623427282956,-0.001530704000440185,0.010893246187363837,1.0893246187363835e-05,1.0893246187363835e-05,-0.00045763471773401193,0.007262164124909224,7.262164124909224e-06,7.262164124909224e-06,-7.420276039511063e-05,0.5010893246187365,0.5010893246187365
2014-07-25,-0.0004413309277191811,-0.00045948633803145417,0.018155410312273062,1.815541031227306e-05,-0.0003158694678470334,-0.0001254614598721477,-0.0592715676418359,0.9956427015250545,1.8155410312273095e-05,-0.0004594863380314541,0.0005657416543784696,-0.0003845306847039502,0.00044791540214935365,-0.0002973842267856292,-0.0007968562718797179,0.014524328249818448,1.4524328249818448e-05,1.4524328249818448e-05,-0.00033039379609685186,0.003631082062454612,3.631082062454612e-06,3.631082062454612e-06,-0.0001290925419346023,0.5010893246187365,0.5010893246187365
2014-07-28,-0.0007612231469962289,-0.0007757474752460474,0.014524328249818448,1.4524328249818448e-05,-0.001439344703027991,0.000678121556031762,-0.0583782646108166,0.9956427015250545,1.452432824981852e-05,-0.0007757474752460473,-0.0008347964854324169,-0.0024165582389310963,-0.00290198456494984,-0.0016138301387564435,-0.003501732009033829,0.010893246187363837,1.0893246187363835e-05,1.0893246187363835e-05,-0.0014502379492153548,0.003631082062454612,3.631082062454612e-06,3.631082062454612e-06,0.0006744904739693074,0.5010893246187365,0.5010893246187365
2014-07-29,-0.0033152742353926077,-0.0033261674815799713,0.010893246187363837,1.0893246187363835e-05,-0.0012128527284422032,-0.0021024215069504045,-0.16778255156011823,0.9956427015250545,1.0893246187363564e-05,-0.0033261674815799717,0.003910128972553522,0.004819231154708073,0.003218503790580551,0.0023191909821520655,-0.004790243767304106,0.007262164124909224,7.262164124909224e-06,7.262164124909224e-06,-0.0012201148925671125,0.003631082062454612,3.631082062454612e-06,3.631082062454612e-06,-0.002106052589012859,0.5010893246187365,0.5010893246187365
2014-07-30,-0.0013297442523352097,-0.001355161826772392,0.025417574437182285,2.5417574437182284e-05,-0.0036855226024575935,0.002355778350122384,-0.039223609653355675,0.9956427015250545,2.54175744371823e-05,-0.001355161826772392,-0.005881231968811515,-0.0023672091536932967,-0.0036243627154896423,-0.006435335204703605,-0.007814864188048427,0.018155410312273062,1.815541031227306e-05,1.815541031227306e-05,-0.0037036780127698665,0.007262164124909224,7.262164124909224e-06,7.262164124909224e-06,0.002348516185997475,0.5010893246187365,0.5010893246187365
2014-07-31,0.0026115899003601485,0.002589803407985421,0.021786492374727674,2.178649237472767e-05,0.0034718013458296102,-0.0008602114454694618,0.10551801014581019,0.9956427015250545,2.1786492374727563e-05,0.002589803407985421,-0.0007030566667892343,0.0066282075917999846,0.002552101648368918,0.007039205027912087,0.006873159340842593,0.014524328249818448,1.4524328249818448e-05,1.4524328249818448e-05,0.0034572770175797917,0.007262164124909224,7.262164124909224e-06,7.262164124909224e-06,-0.0008674736095943711,0.5010893246187365,0.5010893246187365
2014-08-01,-0.0003386045911754874,-0.00037854649386248807,0.039941902687000735,3.994190268700073e-05,0.0014167064346437472,-0.0017553110258192344,-0.020671069856422756,0.9956427015250545,3.994190268700066e-05,-0.0003785464938624881,0.0031798529240242594,0.004194861263744731,0.00430117229342874,0.0021941209976607495,0.0031438194153097106,0.021786492374727674,2.178649237472767e-05,2.178649237472767e-05,0.0013949199422690194,0.018155410312273062,1.815541031227306e-05,1.815541031227306e-05,-0.0017734664361315074,0.5010893246187365,0.5010893246187365
2014-08-04,-0.0004913350732287424,-0.0005167526476659247,0.029048656499636897,2.9048656499636897e-05,-0.001327711892057643,0.0008363768188289005,-0.028853625037530042,0.9956427015250545,2.54175744371823e-05,-0.0005203837297283793,-0.0012725741485930888,-0.0024892605326354935,-0.0006325855008358088,-0.0033865760149624376,-0.002306256685542887,0.021786492374727674,2.178649237472767e-05,1.815541031227306e-05,-0.001345867302369916,0.007262164124909224,7.262164124909224e-06,7.262164124909224e-06,0.0008291146547039913,0.5010893246187365,0.5010893246187365
2014-08-05,0.0002189889682975295,0.00020809572211016565,0.010893246187363837,1.0893246187363835e-05,0.0022569431559716266,-0.002037954187674097,-0.0011465208078627765,0.9956427015250545,1.0893246187363835e-05,0.00020809572211016565,0.0031938341078787845,0.005877359238694464,0.005329214891934153,0.002754436006930637,0.005438000976217324,0.003631082062454612,3.631082062454612e-06,3.631082062454612e-06,0.002253312073909172,0.007262164124909224,7.262164124909224e-06,7.262164124909224e-06,-0.002045216351799006,0.5010893246187365,0.5010893246187365
2014-08-06,0.0028561389274625944,0.0028379835171503213,0.018155410312273062,1.815541031227306e-05,-9.525034989962709e-05,0.0029513892773622213,0.19340947301030423,0.9956427015250545,1.815541031227304e-05,0.0028379835171503213,-0.006158970656434904,-0.005410710035022954,-0.002056771146315503,0.0005349127719463206,-0.0005586586139767911,0.010893246187363837,1.0893246187363835e-05,1.0893246187363835e-05,-0.00010614359608699093,0.007262164124909224,7.262164124909224e-06,7.262164124909224e-06,0.0029441271132373123,0.5010893246187365,0.5010893246187365
2014-08-07,0.0011788517235093315,0.0011534341490721492,0.025417574437182285,2.5417574437182284e-05,0.006716887096813666,-0.005538035373304335,0.031062051179662917,0.9956427015250545,2.54175744371823e-05,0.0011534341490721492,0.010254119735975554,0.012786723650511266,0.006510314773562564,0.010589418997859212,0.014974916841329226,0.014524328249818448,1.4524328249818448e-05,1.4524328249818448e-05,0.006702362768563848,0.010893246187363837,1.0893246187363835e-05,1.0893246187363835e-05,-0.005548928619491698,0.5010893246187365,0.5010893246187365
2014-08-08,0.002423221443633472,0.0024086971153836536,0.014524328249818448,1.4524328249818448e-05,-0.00017506122060649692,0.002598282664239969,0.12614670940104314,0.9956427015250545,1.452432824981852e-05,0.0024086971153836536,-0.00601980186431643,-0.0035548411915291376,-0.0031353249885280724,-0.0016165767674996472,0.0002873700126368627,0.014524328249818448,1.4524328249818448e-05,1.4524328249818448e-05,-0.00018958554885631536,0.0,0.0,0.0,0.002598282664239969,0.5010893246187365,0.5010893246187365
2014-08-11,-0.0008584416986861022,-0.0008874903551857391,0.029048656499636897,2.9048656499636897e-05,-0.0012150678813059677,0.0003566261826198654,-0.02146555006092817,0.9956427015250545,2.904865649963693e-05,-0.0008874903551857391,-0.0010206482829281797,-9.483975085974443e-05,0.0009307126406358739,-0.003078318988589876,-0.002121176055346474,0.018155410312273062,1.815541031227306e-05,1.815541031227306e-05,-0.0012332232916182407,0.010893246187363837,1.0893246187363835e-05,1.0893246187363835e-05,0.00034573293643250154,0.5010893246187365,0.5010893246187365
2014-08-12,0.0005937272538484643,0.000568309679411282,0.025417574437182285,2.5417574437182284e-05,0.0017164011334547856,-0.0011226738796063214,0.04253090539311117,0.9956427015250545,2.54175744371823e-05,0.000568309679411282,0.0023047831458527994,0.0021350403741785345,0.0008929784330543256,0.0010046855204758917,0.004686608112214911,0.014524328249818448,1.4524328249818448e-05,1.4524328249818448e-05,0.0017018768052049671,0.010893246187363837,1.0893246187363835e-05,1.0893246187363835e-05,-0.0011335671257936852,0.5010893246187365,0.5010893246187365
2014-08-13,0.00165786645659782,0.0016433421283480014,0.014524328249818448,1.4524328249818448e-05,0.00023364026367789123,0.0014242261929199287,0.10319617663788148,0.9956427015250545,1.452432824981852e-05,0.0016433421283480014,-0.0032164275022925214,-0.0021169354575656333,-0.002616084599423906,-0.0025528147015604556,0.001997516537238156,0.007262164124909224,7.262164124909224e-06,7.262164124909224e-06,0.000226378099552982,0.007262164124909224,7.262164124909224e-06,7.262164124909224e-06,0.0014169640287950195,0.5010893246187365,0.5010893246187365
2014-08-14,0.0005292269048331966,0.0005147025765833781,0.014524328249818448,1.4524328249818448e-05,0.0012430468579873524,-0.000713819953154156,0.07803420024170102,0.9956427015250545,1.452432824981852e-05,0.0005147025765833782,0.002138426867053588,-3.2803663796830436e-06,0.0020678926053012358,0.0003779000225964599,0.0035708978423107654,0.007262164124909224,7.262164124909224e-06,7.262164124909224e-06,0.0012357846938624432,0.007262164124909224,7.262164124909224e-06,7.262164124909224e-06,-0.0007210821172790652,0.5010893246187365,0.5010893246187365
2014-08-15,0.0011410799882565878,0.00111929349588186,0.021786492374727674,2.178649237472767e-05,0.002233478611391789,-0.001092398623135201,0.08260507850750338,0.9978213507625272,2.178649237472778e-05,0.0011192934958818603,0.0013131928503910784,0.003956765682977035,0.0011552335558979484,0.0038276137360860655,0.004772062801275429,0.018155410312273062,1.815541031227306e-05,1.815541031227306e-05,0.002215323201079516,0.003631082062454612,3.631082062454612e-06,3.631082062454612e-06,-0.0010960297051976556,0.5010893246187365,0.5010893246187365
2014-08-18,-0.0006956424707450275,-0.0007174289631197552,0.021786492374727674,2.178649237472767e-05,-0.0018008928393536136,0.001105250368608586,-0.03529329326065993,0.9978213507625272,2.178649237472767e-05,-0.0007174289631197552,-0.0018700949091590279,-0.002908510326860968,-0.005266568402627313,-0.003403504134788853,-0.003689181497366281,0.018155410312273062,1.815541031227306e-05,1.815541031227306e-05,-0.0018190482496658867,0.003631082062454612,3.631082062454612e-06,3.631082062454612e-06,0.0011016192865461315,0.5010893246187365,0.5010893246187365
2014-08-19,0.0009702514999879343,0.0009520960896756613,0.018155410312273062,1.815541031227306e-05,0.0009742613647211234,-4.009864733189061e-06,0.1098534222246704,0.9978213507625272,1.815541031227304e-05,0.0009520960896756613,0.0003565554996568784,-0.0006966766861739023,0.0017099694415110022,0.0016347946326035903,0.0020990328993960015,0.014524328249818448,1.4524328249818448e-05,1.4524328249818448e-05,0.000959737036471305,0.003631082062454612,3.631082062454612e-06,3.631082062454612e-06,-7.640946795643674e-06,0.5010893246187365,0.5010893246187365
2014-08-20,-0.0013683056059438006,-0.0013937231803809829,0.025417574437182285,2.5417574437182284e-05,-0.0011983085469508862,-0.00016999705899291433,-0.09662914022306772,0.9978213507625272,2.54175744371823e-05,-0.0013937231803809829,0.0012339860127618173,-0.0014661433654382108,-0.002327331921519483,-0.002272025555915142,-0.0024510978071541033,0.018155410312273062,1.815541031227306e-05,1.815541031227306e-05,-0.0012164639572631592,0.007262164124909224,7.262164124909224e-06,7.262164124909224e-06,-0.00017725922311782357,0.5010893246187365,0.5010893246187365
2014-08-21,9.293054796531098e-05,7.84062197154925e-05,0.014524328249818448,1.4524328249818448e-05,-0.0002596330995296426,0.00035256364749495356,-0.03674758581253491,0.9978213507625272,1.4524328249818479e-05,7.840621971549253e-05,-0.00029261815634682765,-0.0015423111678286162,-0.0008772824937445943,-0.0008552164692369811,-0.00034959780462567885,0.010893246187363837,1.0893246187363835e-05,1.0893246187363835e-05,-0.00027052634571700645,0.003631082062454612,3.631082062454612e-06,3.631082062454612e-06,0.00034893256543249893,0.5010893246187365,0.5010893246187365
2014-08-22,0.0026146149432214093,0.002600090614971591,0.014524328249818448,1.4524328249818448e-05,0.0015760892507920442,0.0010385256924293651,0.13880200043605045,0.9978213507625272,1.452432824981852e-05,0.002600090614971591,-0.0029693911325609852,-0.00028188992306453736,-0.002623907950769443,-0.0005653442135904296,0.005000661016231398,0.010893246187363837,1.0893246187363835e-05,1.0893246187363835e-05,0.0015651960046046804,0.003631082062454612,3.631082062454612e-06,3.631082062454612e-06,0.0010348946103669106,0.5010893246187365,0.5010893246187365
2014-08-25,-1.0485957393781253e-05,-2.8641367706054328e-05,0.018155410312273062,1.815541031227306e-05,0.0005778695334040776,-0.0005883554907978589,0.02414796386864302,0.9978213507625272,1.8155410312273075e-05,-2.8641367706054315e-05,0.0020151759787611252,-0.0005134744589075429,-0.0015847956782982357,0.0006245666985547939,0.0014175565365865481,0.010893246187363837,1.0893246187363835e-05,1.0893246187363835e-05,0.0005669762872167138,0.007262164124909224,7.262164124909224e-06,7.262164124909224e-06,-0.0005956176549227681,0.5010893246187365,0.5010893246187365
2014-08-26,0.00079798632365124,0.0007834619954014215,0.014524328249818448,1.4524328249818448e-05,-0.0005477935223025341,0.0013457798459537741,0.0379941579732935,0.9978213507625272,1.452432824981852e-05,0.0007834619954014216,-0.0025114962196682413,-0.0030674751069492555,-0.004010986857186403,-0.0009336117093093247,-0.0011730021458031409,0.003631082062454612,3.631082062454612e-06,3.631082062454612e-06,-0.0005514246043649887,0.010893246187363837,1.0893246187363835e-05,1.0893246187363835e-05,0.0013348865997664103,0.5010893246187365,0.5010893246187365
2014-08-27,-0.0006213012845361653,-0.0006394566948484385,0.018155410312273062,1.815541031227306e-05,-9.089254272395972e-05,-0.0005304087418122056,-0.11585970167579643,0.9978213507625272,1.815541031227315e-05,-0.0006394566948484384,0.0018282071948385547,-0.00048616471274869473,-0.0022523299036793904,-0.001283488684923898,0.00036965949174261716,0.010893246187363837,1.0893246187363835e-05,1.0893246187363835e-05,-0.00010178578891132356,0.007262164124909224,7.262164124909224e-06,7.262164124909224e-06,-0.0005376709059371149,0.5010893246187365,0.5010893246187365
2014-08-28,0.002069639587436539,0.0020551152591867204,0.014524328249818448,1.4524328249818448e-05,0.0022556512889991692,-0.00018601170156263056,0.14861369746730388,0.9978213507625272,1.452432824981852e-05,0.0020551152591867204,0.00042959523445491215,0.0002572496931977259,0.0017361167246201694,0.005021726678391915,0.004241379758525467,0.010893246187363837,1.0893246187363835e-05,1.0893246187363835e-05,0.0022447580428118052,0.003631082062454612,3.631082062454612e-06,3.631082062454612e-06,-0.00018964278362508516,0.5010893246187365,0.5010893246187365
2014-08-29,0.0015374274604256306,0.0015192720501133576,0.018155410312273062,1.815541031227306e-05,0.0013541158088524346,0.00018331165157319603,0.10287361738066335,0.9978213507625272,1.815541031227304e-05,0.0015192720501133576,-0.00063972291163697,0.00018396657202951797,-0.0002905377385887934,1.2184767381693121e-05,0.0040474238528087235,0.010893246187363837,1.0893246187363835e-05,1.0893246187363835e-05,0.0013432225626650708,0.007262164124909224,7.262164124909224e-06,7.262164124909224e-06,0.0001760494874482868,0.5010893246187365,0.5010893246187365
2014-09-01,-0.003976076840800348,-0.003990601169050167,0.014524328249818448,1.4524328249818448e-05,-0.0027695893354844708,-0.0012064875053158775,-0.28177633285325315,0.9978213507625272,1.4524328249818953e-05,-0.003990601169050166,0.003679100382764733,-0.0001364961813266541,-0.00031364703896118737,-0.0038569577283068673,-0.006362226603155513,0.007262164124909224,7.262164124909224e-06,7.262164124909224e-06,-0.00277685149960938,0.007262164124909224,7.262164124909224e-06,7.262164124909224e-06,-0.0012137496694407867,0.5010893246187365,0.5010893246187365
2014-09-02,-0.0011395933883350873,-0.0011468555524599966,0.007262164124909224,7.262164124909224e-06,-0.002378022455586483,0.0012384290672513955,-0.07360815003382795,0.9978213507625272,7.26216412490926e-06,-0.0011468555524599966,-0.0020321215663488654,-0.0033869929893832664,-0.0033860264663500774,-0.006329498320751121,-0.003953809364282236,0.007262164124909224,7.262164124909224e-06,7.262164124909224e-06,-0.002385284619711392,0.0,0.0,0.0,0.0012384290672513955,0.5010893246187365,0.5010893246187365
2014-09-03,-0.0010656247671286321,-0.0010728869312535414,0.007262164124909224,7.262164124909224e-06,0.00015988529446648905,-0.0012255100615951211,-0.053073809000538284,0.9978213507625272,7.26216412490926e-06,-0.0010728869312535414,0.002258918317523202,0.0028502194670584993,0.0017951201056165577,0.0014415744854157431,-0.0002421740894897075,0.007262164124909224,7.262164124909224e-06,7.262164124909224e-06,0.00015262313034157982,0.0,0.0,0.0,-0.0012255100615951211,0.5010893246187365,0.5010893246187365
2014-09-04,0.0019201484359925415,0.0019092551898051778,0.010893246187363837,1.0893246187363835e-05,0.001250760872051698,0.0006693875639408436,0.15068715416756365,0.9978213507625272,1.0893246187363781e-05,0.0019092551898051778,-0.0006113851878594715,-0.0028154263258513604,0.0016320819493496454,0.00043653370726442527,0.0035258586264008047,0.010893246187363837,1.0893246187363835e-05,1.0893246187363835e-05,0.0012398676258643343,0.0,0.0,0.0,0.0006693875639408436,0.5010893246187365,0.5010893246187365
2014-09-05,0.0006056270300014785,0.0005983648658765692,0.007262164124909224,7.262164124909224e-06,6.0807701422238396e-05,0.00054481932857924,-0.04994488789562818,0.9978213507625272,7.26216412490926e-06,0.0005983648658765692,-0.001350045137107119,-0.0005678920983926973,-0.0027588976697823604,-0.0006473502702952304,0.0005057016674485332,0.003631082062454612,3.631082062454612e-06,3.631082062454612e-06,5.7176619359783786e-05,0.003631082062454612,3.631082062454612e-06,3.631082062454612e-06,0.0005411882465167853,0.5010893246187365,0.5010893246187365
2014-09-08,0.0003815550534635926,0.00037066180727622877,0.010893246187363837,1.0893246187363835e-05,-0.0020743095690245925,0.002455864622488185,0.0194513625968076,1.0,1.0893246187363835e-05,0.00037066180727622877,-0.003308142353453073,-0.008086870011207897,-0.0045297598366446775,-0.004798144623019163,-0.003810328289679251,0.007262164124909224,7.262164124909224e-06,7.262164124909224e-06,-0.0020815717331495016,0.003631082062454612,3.631082062454612e-06,3.631082062454612e-06,0.0024522335404257305,0.5010893246187365,0.5010893246187365
2014-09-09,-0.0013120812208999534,-0.0013193433850248626,0.007262164124909224,7.262164124909224e-06,0.0007750124363623081,-0.0020870936572622615,-0.1126566821906283,1.0,7.26216412490926e-06,-0.0013193433850248626,0.004659859993761417,0.0031756189953038336,0.005808188373243868,0.0018257073174743391,0.001407129221416957,0.003631082062454612,3.631082062454612e-06,3.631082062454612e-06,0.0007713813542998535,0.003631082062454612,3.631082062454612e-06,3.631082062454612e-06,-0.002090724739324716,0.5010893246187365,0.5010893246187365
2014-09-10,-0.0005142035662828019,-0.0005287278945326203,0.014524328249818448,1.4524328249818448e-05,-0.0033203015345465788,0.002806097968263777,-0.04123107125262611,1.0,1.4524328249818411e-05,-0.0005287278945326203,-0.004891070118864464,-0.007017846294006813,-0.0065745661367649704,-0.005479331511860559,-0.00719958470726676,0.007262164124909224,7.262164124909224e-06,7.262164124909224e-06,-0.003327563698671488,0.007262164124909224,7.262164124909224e-06,7.262164124909224e-06,0.002798835804138868,0.5010893246187365,0.5010893246187365
2014-09-11,0.0003855353998577813,0.00037464215367041755,0.010893246187363837,1.0893246187363835e-05,0.0002686082369003939,0.00011692716295738764,0.008891842288462756,1.0,1.0893246187363781e-05,0.0003746421536704175,-0.0008261496223652008,0.0009522614038942162,-0.0013257515969159529,-0.0011714345607063549,0.0013897901982050083,0.007262164124909224,7.262164124909224e-06,7.262164124909224e-06,0.00026134607277548467,0.003631082062454612,3.631082062454612e-06,3.631082062454612e-06,0.00011329608089493303,0.5010893246187365,0.5010893246187365
2014-09-12,0.0012192644902878568,0.0012011090799755838,0.018155410312273062,1.815541031227306e-05,0.0012459479534573433,-2.6683463169486517e-05,0.060280994873742166,1.0,1.815541031227304e-05,0.0012011090799755838,0.0005659621143106372,-0.0009721714947761311,0.0002152666032345976,0.0018789457436201246,0.0027902452410394187,0.007262164124909224,7.262164124909224e-06,7.262164124909224e-06,0.001238685789332434,0.010893246187363837,1.0893246187363835e-05,1.0893246187363835e-05,-3.757670935685035e-05,0.5010893246187365,0.5010893246187365
2014-09-16,-0.002674619462716939,-0.0026964059550916666,0.021786492374727674,2.178649237472767e-05,-0.0006454821388684079,-0.0020291373238485308,-0.2548337099538252,1.0,2.1786492374727563e-05,-0.0026964059550916666,0.004760067162196993,0.0026282226101252614,0.004016316432671589,-0.00036318602632211256,-0.0017506437373211124,0.014524328249818448,1.4524328249818448e-05,1.4524328249818448e-05,-0.0006600064671182264,0.007262164124909224,7.262164124909224e-06,7.262164124909224e-06,-0.00203639948797344,0.5010893246187365,0.5010893246187365
2014-09-17,-0.0005827270162900839,-0.0006045135086648115,0.021786492374727674,2.178649237472767e-05,-0.0015831665048796023,0.0010004394885895183,-0.09111175639169028,1.0,2.178649237472767e-05,-0.0006045135086648115,-0.0006972701534106849,-0.004595047413995007,-0.0036761885535693726,-0.0018590834814137729,-0.0038096327749870523,0.014524328249818448,1.4524328249818448e-05,1.4524328249818448e-05,-0.0015976908331294208,0.007262164124909224,7.262164124909224e-06,7.262164124909224e-06,0.000993177324464609,0.5010893246187365,0.5010893246187365
2014-09-18,0.0001308589521457168,0.00011270354183344372,0.018155410312273062,1.815541031227306e-05,-0.0005851123275581497,0.0007159712797038665,0.036934619427164576,1.0,1.8155410312273068e-05,0.00011270354183344372,-0.0016403645863918702,-0.0010057597496172335,0.0004861239152011352,-0.0038021648520148547,0.00014956139329531435,0.010893246187363837,1.0893246187363835e-05,1.0893246187363835e-05,-0.0005960055737455135,0.007262164124909224,7.262164124909224e-06,7.262164124909224e-06,0.0007087091155789573,0.5010893246187365,0.5010893246187365
2014-09-19,0.00038934536744217644,0.00037118995712990334,0.018155410312273062,1.815541031227306e-05,-0.0006829540171355923,0.0010722993845777686,-0.012716742921458185,1.0,1.8155410312273095e-05,0.0003711899571299034,-0.0023467663929125546,-0.0017262770079296173,-0.0026835141131797717,-0.0018887712407828535,-0.0011000223830775087,0.010893246187363837,1.0893246187363835e-05,1.0893246187363835e-05,-0.0006938472633229561,0.007262164124909224,7.262164124909224e-06,7.262164124909224e-06,0.0010650372204528593,0.5010893246187365,0.5010893246187365
2014-09-22,-0.0014086917741103209,-0.001426847184422594,0.018155410312273062,1.815541031227306e-05,0.001810607455223631,-0.003219299229333952,-0.09245307134941819,1.0,1.815541031227304e-05,-0.001426847184422594,0.004751884807441356,0.009770034901607945,0.005132369796806028,0.0045050295870623204,0.003167499262649143,0.010893246187363837,1.0893246187363835e-05,1.0893246187363835e-05,0.0017997142090362672,0.007262164124909224,7.262164124909224e-06,7.262164124909224e-06,-0.003226561393458861,0.5010893246187365,0.5010893246187365
2014-09-24,-0.0014904098736189765,-0.001512196365993704,0.021786492374727674,2.178649237472767e-05,-0.007703996310459307,0.0062135864368403305,-0.07096833037372914,1.0,2.1786492374727563e-05,-0.001512196365993704,-0.013127331358372801,-0.010945809124685416,-0.011165709625304965,-0.014093191874346494,-0.016015149540006022,0.010893246187363837,1.0893246187363835e-05,1.0893246187363835e-05,-0.0077148895566466705,0.010893246187363837,1.0893246187363835e-05,1.0893246187363835e-05,0.006202693190652967,0.5010893246187365,0.5010893246187365
2014-09-25,-0.0008097631664650776,-0.0008133942485275323,0.003631082062454612,3.631082062454612e-06,0.0025889655229632165,-0.003398728689428294,-0.05665625531270669,1.0,3.63108206245463e-06,-0.0008133942485275323,0.0062901012736133995,0.0077678383455678105,0.007446090586796415,0.006505093221212804,0.00449746540052479,0.0,0.0,0.0,0.0025889655229632165,0.003631082062454612,3.631082062454612e-06,3.631082062454612e-06,-0.0034023597714907487,0.5010893246187365,0.5010893246187365
2014-09-26,0.00018090429894988334,0.00014822456038779186,0.03267973856209151,3.2679738562091506e-05,-0.0015599984425372928,0.001740902741487176,0.005258788535349587,1.0,3.267973856209148e-05,0.00014822456038779183,-0.004672022518835674,-0.0010786639841888314,-0.0015681192179977344,-0.0017482812376390015,-0.0037956808059062637,0.018155410312273062,1.815541031227306e-05,1.815541031227306e-05,-0.0015781538528495658,0.014524328249818448,1.4524328249818448e-05,1.4524328249818448e-05,0.0017263784132373575,0.5010893246187365,0.5010893246187365
2014-09-29,-0.00016511286493861685,-0.00019053043937579918,0.025417574437182285,2.5417574437182284e-05,0.00019712226276383336,-0.0003622351277024502,-0.04658168817808751,1.0,2.5417574437182328e-05,-0.00019053043937579912,0.0012941312532836085,-0.0004195765463660267,-8.904017397188441e-05,0.002810380861122089,-0.0008151092222440914,0.010893246187363837,1.0893246187363835e-05,1.0893246187363835e-05,0.00018622901657646952,0.014524328249818448,1.4524328249818448e-05,1.4524328249818448e-05,-0.0003767594559522687,0.5010893246187365,0.5010893246187365
2014-09-30,-0.0003318685026167578,-0.00033913066674166707,0.007262164124909224,7.262164124909224e-06,-0.003281955376305487,0.002950086873688729,-0.006025307407945141,1.0,7.26216412490926e-06,-0.000339130666741667,-0.005380044831731671,-0.006901952184664393,-0.0041821706981882345,-0.00476556378379324,-0.007441680180217847,0.003631082062454612,3.631082062454612e-06,3.631082062454612e-06,-0.0032855864583679413,0.003631082062454612,3.631082062454612e-06,3.631082062454612e-06,0.0029464557916262747,0.5010893246187365,0.5010893246187365
2014-10-01,-0.0003143422309698114,-0.0003346289285796125,0.020286697609800928,2.0286697609800928e-05,0.0030602508093021067,-0.003374593040271918,-0.005489228157562627,0.9978260869565218,2.028669760980109e-05,-0.00033462892857961235,0.008856631439771395,0.0025342953620887208,0.0018873984037924005,0.0073034047137247125,0.005529050071043965,0.008327807773673158,8.327807773673158e-06,8.327807773673158e-06,0.0030519230015284334,0.01195888983612777,1.195888983612777e-05,1.195888983612777e-05,-0.003386551930108046,0.5,0.5
2014-10-02,0.0007019956909314106,0.0006911261257140193,0.010869565217391304,1.0869565217391305e-05,0.0043409987211463575,-0.003639003030214947,0.03673284515375671,0.9978260869565218,1.0869565217391276e-05,0.0006911261257140193,0.006276387167839822,0.009281243845610037,0.0094121261122272,0.0078078624044982115,0.009119064961189966,0.0,0.0,0.0,0.0043409987211463575,0.010869565217391304,1.0869565217391305e-05,1.0869565217391305e-05,-0.003649872595432338,0.5,0.5
2014-10-03,0.0018899500839458052,0.001886326895540008,0.0036231884057971015,3.6231884057971017e-06,-0.0018383906936220262,0.0037283407775678314,0.12721036519158008,0.9978260869565218,3.6231884057971644e-06,0.001886326895540008,-0.007065003037820754,-0.008240038589765481,-0.007231090680706658,-0.005580223245714268,-0.002725060458008945,0.0036231884057971015,3.6231884057971017e-06,3.6231884057971017e-06,-0.0018420138820278234,0.0,0.0,0.0,0.0037283407775678314,0.5,0.5
2014-10-06,-0.001976093260607889,-0.001994209202636874,0.018115942028985508,1.811594202898551e-05,-0.0038412439586297266,0.0018651506980218377,-0.14169778284074847,0.9978260869565218,1.811594202898517e-05,-0.0019942092026368746,-0.002575524816932535,-0.006039854554265956,-0.007637532755672612,-0.008509185308176294,-0.007269139221801032,0.010869565217391304,1.0869565217391305e-05,1.0869565217391305e-05,-0.003852113523847118,0.007246376811594203,7.246376811594203e-06,7.246376811594203e-06,0.0018579043212102436,0.5,0.5
2014-10-07,0.0006686017799303071,0.0006468626494955245,0.021739130434782608,2.173913043478261e-05,0.004681659659903363,-0.004013057879973056,0.02737776586490555,0.9978260869565218,2.1739130434782553e-05,0.0006468626494955244,0.007679727078028248,0.00871889312378184,0.008322485785590132,0.007678377706117506,0.010205790126651336,0.010869565217391304,1.0869565217391305e-05,1.0869565217391305e-05,0.004670790094685972,0.010869565217391304,1.0869565217391305e-05,1.0869565217391305e-05,-0.004023927445190447,0.5,0.5
2014-10-08,-0.002887654758803375,-0.0029057707008323603,0.018115942028985508,1.811594202898551e-05,-0.005510723695182047,0.0026230689363786718,-0.17284448365764887,0.9978260869565218,1.811594202898517e-05,-0.0029057707008323607,-0.004144978706739899,-0.0074484562047922335,-0.006837880282108666,-0.008979579268176892,-0.012042381451457694,0.007246376811594203,7.246376811594203e-06,7.246376811594203e-06,-0.005517970071993641,0.010869565217391304,1.0869565217391305e-05,1.0869565217391305e-05,0.0026121993711612805,0.5,0.5
2014-10-09,-0.0003728338328722714,-0.0003894486274272713,0.0166147945550001,1.6614794555000103e-05,-4.4460837736117284e-05,-0.0003283729951361541,-0.05234677378324281,0.9956616052060737,1.6614794554999893e-05,-0.0003894486274272715,-2.570370137154095e-05,0.0020264872757002938,-0.001902467590849958,-0.0014402645514436916,0.0005864598005282584,0.00830739727750005,8.307397277500051e-06,8.307397277500051e-06,-5.276823501361734e-05,0.00830739727750005,8.307397277500051e-06,8.307397277500051e-06,-0.00033668039241365415,0.49891540130151846,0.502530730296457
2014-10-10,0.0004182634665571768,0.0004074174795723612,0.01084598698481562,1.084598698481562e-05,0.00554536626926309,-0.005127102802705913,-0.009681938720681614,0.9956616052060737,1.0845986984815595e-05,0.0004074174795723612,0.010574213884918858,0.009451190085456562,0.01018155696387756,0.010336195286280601,0.011504166596839813,0.0036153289949385397,3.61532899493854e-06,3.61532899493854e-06,0.005541750940268151,0.007230657989877079,7.23065798987708e-06,7.23065798987708e-06,-0.00513433346069579,0.49891540130151846,0.502530730296457
2014-10-14,0.003875791441538552,0.003861330125558798,0.014461315979754159,1.446131597975416e-05,-0.0021786379944620246,0.006054429436000577,0.23741051385429812,0.9956616052060737,1.4461315979754415e-05,0.0038613301255587982,-0.012258096660341465,-0.01162287375186963,-0.00951585132062888,-0.006798100263534143,-0.0031510723602785366,0.007230657989877079,7.23065798987708e-06,7.23065798987708e-06,-0.0021858686524519016,0.007230657989877079,7.23065798987708e-06,7.23065798987708e-06,0.006047198778010699,0.49891540130151846,0.502530730296457
2014-10-15,-0.0017949379770140488,-0.0018130146219887415,0.018076644974692697,1.80766449746927e-05,0.005038149444142877,-0.006833087421156926,-0.17049764782819654,0.9956616052060737,1.8076644974692694e-05,-0.0018130146219887415,0.014706086386542378,0.01135578145094705,0.009135194772915441,0.008367236363556001,0.010963687647025475,0.01084598698481562,1.084598698481562e-05,1.084598698481562e-05,0.005027303457158061,0.007230657989877079,7.23065798987708e-06,7.23065798987708e-06,-0.0068403180791468034,0.49891540130151846,0.502530730296457
2014-10-16,0.0011900937742630221,0.0011591052400206916,0.030988534242330407,3.098853424233041e-05,0.00615630578026968,-0.004966212006006658,0.06254295148855062,0.9935064935064936,3.098853424233052e-05,0.0011591052400206918,0.009841802881703023,0.010029267392753572,0.010768503291284749,0.010583046731835253,0.01311513777017563,0.015486441733730271,1.5486441733730273e-05,1.5486441733730273e-05,0.00614081933853595,0.015502092508600136,1.5502092508600137e-05,1.5502092508600137e-05,-0.004981714098515258,0.5014430014430015,0.5014430014430015
2014-10-17,-0.000627889895051814,-0.0006423199094818284,0.01443001443001443,1.443001443001443e-05,-0.0062022367882388196,0.005574346893187005,-0.043977608763903005,0.9935064935064936,1.443001443001443e-05,-0.0006423199094818284,-0.011951573898803662,-0.009428534482667332,-0.010887817482021125,-0.013121674207384717,-0.011996376603872084,0.0036075036075036075,3.6075036075036075e-06,3.6075036075036075e-06,-0.0062058442918463234,0.010822510822510822,1.0822510822510823e-05,1.0822510822510823e-05,0.0055635243823644945,0.5014430014430015,0.5014430014430015
2014-10-20,1.713549336106911e-05,6.312982538558289e-06,0.010822510822510822,1.0822510822510823e-05,0.0029537587586721706,-0.0029366232653111014,-0.017479161780527667,0.9935064935064936,1.0822510822510823e-05,6.312982538558289e-06,0.004441278821926792,0.00871723997184882,0.007141105407329305,0.006636309733847119,0.005521630969322132,0.007215007215007215,7.215007215007215e-06,7.215007215007215e-06,0.0029465437514571632,0.0036075036075036075,3.6075036075036075e-06,3.6075036075036075e-06,-0.002940230768918605,0.5014430014430015,0.5014430014430015
2014-10-21,0.0028483387054502526,0.0028158711729827203,0.032467532467532464,3.246753246753247e-05,-0.0017690452401117902,0.004617383945562043,0.19347422786594545,0.9935064935064936,3.2467532467532305e-05,0.0028158711729827203,-0.00949738324971121,-0.008623525814927297,-0.005183224073759558,-0.0027390962034614433,-0.003918074356986686,0.01443001443001443,1.443001443001443e-05,1.443001443001443e-05,-0.0017834752545418046,0.018037518037518036,1.8037518037518038e-05,1.8037518037518038e-05,0.004599346427524525,0.5014430014430015,0.5014430014430015
2014-10-22,-0.0017425377544951347,-0.0017569677689251492,0.01443001443001443,1.443001443001443e-05,0.001753148841552467,-0.0034956865960476015,-0.13101354965123826,0.9935064935064936,1.443001443001443e-05,-0.0017569677689251492,0.007393473055883933,0.006117637613634553,0.007095682085473808,0.007010259877210552,0.0017580742422221342,0.007215007215007215,7.215007215007215e-06,7.215007215007215e-06,0.0017459338343374597,0.007215007215007215,7.215007215007215e-06,7.215007215007215e-06,-0.003502901603262609,0.5014430014430015,0.5014430014430015
2014-10-23,-0.0007286974906604339,-0.0007395200014829446,0.010822510822510822,1.0822510822510823e-05,-0.0016681900781679707,0.0009394925875075369,-0.023744215742116097,0.9935064935064936,1.0822510822510768e-05,-0.0007395200014829446,-0.001822357981312743,-0.0019771315868479158,-0.002202078864703157,-0.0010460772535152852,-0.004454868129101703,0.0036075036075036075,3.6075036075036075e-06,3.6075036075036075e-06,-0.0016717975817754744,0.007215007215007215,7.215007215007215e-06,7.215007215007215e-06,0.0009322775802925297,0.5014430014430015,0.5014430014430015
2014-10-24,-0.0020521825714156896,-0.0020666125858457038,0.01443001443001443,1.443001443001443e-05,-0.0031327246399136663,0.0010805420684979765,-0.08888876479646982,0.9935064935064936,1.4430014430014213e-05,-0.002066612585845704,-0.003457862397796139,0.0004794552523348214,-0.0018221535734679285,-0.007224033485418184,-0.005764362686611094,0.010822510822510822,1.0822510822510823e-05,1.0822510822510823e-05,-0.003143547150736177,0.0036075036075036075,3.6075036075036075e-06,3.6075036075036075e-06,0.0010769345648904728,0.5014430014430015,0.5014430014430015
2014-10-27,-0.0020825037686622067,-0.0020933262794847174,0.010822510822510822,1.0822510822510823e-05,0.00045294303670908334,-0.00253544680537129,-0.11501766455585462,0.9935064935064936,1.0822510822510768e-05,-0.0020933262794847174,0.0039349823563954445,0.007323315115307505,0.006747841359531271,0.004002151613620387,-0.00062949639194387,0.0036075036075036075,3.6075036075036075e-06,3.6075036075036075e-06,0.00044933553310157973,0.007215007215007215,7.215007215007215e-06,7.215007215007215e-06,-0.002542661812586297,0.5014430014430015,0.5014430014430015
2014-10-28,-0.0013330581257297025,-0.0013583106509822277,0.025252525252525252,2.5252525252525253e-05,-0.0024758174289250556,0.001142759303195353,-0.10092411624481448,0.9935064935064936,2.5252525252525198e-05,-0.0013583106509822277,-0.0008619725413514809,-0.0051436833152187856,-0.0021060578866796214,-0.0037750882712895895,-0.005512285277620476,0.010822510822510822,1.0822510822510823e-05,1.0822510822510823e-05,-0.0024866399397475663,0.01443001443001443,1.443001443001443e-05,1.443001443001443e-05,0.0011283292887653386,0.5014430014430015,0.5014430014430015
2014-10-29,-0.0008805986725304391,-0.00089142118335295,0.010822510822510822,1.0822510822510823e-05,0.0007819973267242349,-0.001662595999254674,-0.11261089208799145,0.9935064935064936,1.0822510822510877e-05,-0.0008914211833529499,0.003226495781593343,0.0034958152892437993,0.003294178393688481,8.099289070664765e-05,0.0022907955483381947,0.007215007215007215,7.215007215007215e-06,7.215007215007215e-06,0.0007747823195092277,0.0036075036075036075,3.6075036075036075e-06,3.6075036075036075e-06,-0.0016662035028621777,0.5014430014430015,0.5014430014430015
2014-10-30,-0.010919260625772614,-0.010930083136595124,0.010822510822510822,1.0822510822510823e-05,-0.00200477178482328,-0.008914488840949334,-0.34079327319814706,0.9935064935064936,1.0822510822509901e-05,-0.010930083136595126,0.02095476005511924,0.011354426556197091,0.015335460201135628,0.0013655943911870733,-0.006650968610189447,0.0036075036075036075,3.6075036075036075e-06,3.6075036075036075e-06,-0.0020083792884307834,0.007215007215007215,7.215007215007215e-06,7.215007215007215e-06,-0.008921703848164342,0.5014430014430015,0.5014430014430015
2014-10-31,0.003467357109134651,0.0034457120874896293,0.021645021645021644,2.1645021645021645e-05,-0.01002217277330282,0.01348952988243747,0.11914100745671347,0.9935064935064936,2.1645021645021537e-05,0.0034457120874896293,-0.02789798035119658,-0.02488664153805184,-0.025998972452275875,-0.021021309330562597,-0.019474903909179164,0.01443001443001443,1.443001443001443e-05,1.443001443001443e-05,-0.010036602787732834,0.007215007215007215,7.215007215007215e-06,7.215007215007215e-06,0.013482314875222463,0.5014430014430015,0.5014430014430015
2014-11-04,0.000556396989801715,0.0005311444645491898,0.025252525252525252,2.5252525252525253e-05,0.0018999152809339689,-0.0013435182911322539,0.02141040961666611,0.9935064935064936,2.5252525252525198e-05,0.0005311444645491898,0.0021485339420969233,0.003752382906235801,0.0024154518724576975,0.0015705490198857897,0.004886142590969352,0.018037518037518036,1.8037518037518038e-05,1.8037518037518038e-05,0.0018818777628964508,0.007215007215007215,7.215007215007215e-06,7.215007215007215e-06,-0.0013507332983472612,0.5014430014430015,0.5014430014430015
2014-11-05,0.0006390332830591389,0.0006173882614141172,0.021645021645021644,2.1645021645021645e-05,0.00140351390257825,-0.000764480619519111,-0.023689863262563428,0.9935064935064936,2.1645021645021645e-05,0.0006173882614141172,0.0025059595130085583,-0.00045956971693691967,-0.0005002882942801386,-0.0015007472593405171,0.0049256820185414486,0.010822510822510822,1.0822510822510823e-05,1.0822510822510823e-05,0.0013926913917557393,0.010822510822510822,1.0822510822510823e-05,1.0822510822510823e-05,-0.0007753031303416218,0.5014430014430015,0.5014430014430015
2014-11-06,0.0022669783621381066,0.0022453333404930846,0.021645021645021644,2.1645021645021645e-05,8.07171621268814e-05,0.002186261200011225,0.13324634454756523,0.9935064935064936,2.164502164502197e-05,0.002245333340493085,-0.004493685360548412,-0.004089540567654548,-0.0004743717746749694,0.0016532606986658866,-0.0005771526322264438,0.010822510822510822,1.0822510822510823e-05,1.0822510822510823e-05,6.989465130437058e-05,0.010822510822510822,1.0822510822510823e-05,1.0822510822510823e-05,0.0021754386891887144,0.5014430014430015,0.5014430014430015
2014-11-07,0.0009590898830987929,0.0009410523650612749,0.018037518037518036,1.8037518037518038e-05,0.002848650962172083,-0.0018895610790732903,0.06845223248466528,0.9935064935064936,1.8037518037517983e-05,0.0009410523650612748,0.0035815941120060433,0.0041456104065772615,0.0016501273932270535,0.006180356420362879,0.005433867219111925,0.010822510822510822,1.0822510822510823e-05,1.0822510822510823e-05,0.0028378284513495724,0.007215007215007215,7.215007215007215e-06,7.215007215007215e-06,-0.0018967760862882974,0.5014430014430015,0.5014430014430015
2014-11-10,-0.002513935622986622,-0.0025283656374166363,0.01443001443001443,1.443001443001443e-05,-0.0020227114224206626,-0.0004912242005659595,-0.13030858061850142,0.9935064935064936,1.4430014430014213e-05,-0.0025283656374166363,0.0015543194769288256,-0.00018226875994558283,0.00029139481106969756,-0.0011152828007715298,-0.0054773397576292175,0.007215007215007215,7.215007215007215e-06,7.215007215007215e-06,-0.00202992642963567,0.007215007215007215,7.215007215007215e-06,7.215007215007215e-06,-0.0004984392077809667,0.5014430014430015,0.5014430014430015
2014-11-11,-0.0013215234258215625,-0.0013395609438590804,0.018037518037518036,1.8037518037518038e-05,-0.002720681315952875,0.0013991578901313125,-0.04215109244761128,0.9935064935064936,1.8037518037517875e-05,-0.0013395609438590806,-0.0025996693968099185,-0.0031755937661103787,-0.0013892172816078441,-0.004791701453857982,-0.005739296708652363,0.007215007215007215,7.215007215007215e-06,7.215007215007215e-06,-0.0027278963231678823,0.010822510822510822,1.0822510822510823e-05,1.0822510822510823e-05,0.0013883353793088017,0.5014430014430015,0.5014430014430015
2014-11-12,0.0009889826963848346,0.0009673376747398129,0.021645021645021644,2.1645021645021645e-05,0.0032783479937930344,-0.0022893652974082,0.09841757347201902,0.9935064935064936,2.1645021645021645e-05,0.0009673376747398129,0.0023294082840193643,0.009086458478864176,0.00972753357150963,0.0066491677412729745,0.006482756427751315,0.007215007215007215,7.215007215007215e-06,7.215007215007215e-06,0.003271132986578027,0.01443001443001443,1.443001443001443e-05,1.443001443001443e-05,-0.002303795311838214,0.5014430014430015,0.5014430014430015
2014-11-13,0.0011035688160174362,0.0010870116990283538,0.020156829012120448,2.015682901212045e-05,-0.002150765846743618,0.003254334662761054,0.07331504211076241,0.9913606911447084,1.6557116989082427e-05,0.0010834119870053159,-0.006684832052227458,-0.006283687402393362,-0.0018026902553011552,-0.0033296427636316794,-0.0047776256462184925,0.008274662702308422,8.274662702308422e-06,8.274662702308422e-06,-0.0021590405094459265,0.011882166309812028,1.188216630981203e-05,8.282454286773872e-06,0.00324605220847428,0.5003599712023039,0.5003599712023039
2014-11-14,-0.0037615724747819116,-0.003770571754839507,0.010799136069114472,1.0799136069114473e-05,-0.00011060976144418688,-0.003650962713337725,-0.28768556470116685,0.9913606911447084,8.99928005759559e-06,-0.003772371610851026,0.009360160942578102,0.0033283181532181402,0.000636214709705018,-0.0009396861110964907,0.00012933684221177642,0.007199424046076315,7.199424046076315e-06,5.3995680345572365e-06,-0.00011600932947874411,0.0035997120230381575,3.5997120230381577e-06,3.5997120230381577e-06,-0.003654562425360763,0.5003599712023039,0.5003599712023039
2014-11-17,0.0032995699871223847,0.0032887708510532703,0.010799136069114472,1.0799136069114473e-05,0.0008735598366178764,0.0024260101505045083,0.23119993646468143,0.9913606911447084,1.0799136069114448e-05,0.0032887708510532703,-0.006346121315491654,-0.001958749104020006,-0.0009246847984051827,0.00301778694037491,0.0011329636217783615,0.010799136069114472,1.0799136069114473e-05,1.0799136069114473e-05,0.000862760700548762,0.0,0.0,0.0,0.0024260101505045083,0.5003599712023039,0.5003599712023039
2014-11-18,-0.0012774378100959014,-0.001291836658188054,0.01439884809215263,1.439884809215263e-05,-0.00024045839049080902,-0.0010369794196050924,-0.10237934804324869,0.9913606911447084,1.4398848092152597e-05,-0.001291836658188054,0.0010525091838943822,0.004157435605391554,-0.0007285564139051287,0.00045583007787317146,-0.0009412861228126453,0.007199424046076315,7.199424046076315e-06,7.199424046076315e-06,-0.00024765781453688535,0.007199424046076315,7.199424046076315e-06,7.199424046076315e-06,-0.0010441788436511687,0.5003599712023039,0.5003599712023039
2014-11-19,0.0016982456401754434,0.0016838467920832908,0.01439884809215263,1.439884809215263e-05,5.4117041708679517e-05,0.001644128598466764,0.07864605243401075,0.9913606911447084,1.4398848092152597e-05,0.0016838467920832908,-0.002880143352426431,-0.004168820352844245,-0.0049570903440714995,-0.0020327363566169762,0.0011561636388467051,0.010799136069114472,1.0799136069114473e-05,1.0799136069114473e-05,4.331790563956504e-05,0.0035997120230381575,3.5997120230381577e-06,3.5997120230381577e-06,0.0016405288864437258,0.5003599712023039,0.5003599712023039
2014-11-20,0.00010295778614003176,8.855893804787907e-05,0.01439884809215263,1.439884809215263e-05,0.0022049954026388476,-0.002102037616498816,-0.05436104192958748,0.9913606911447084,1.4398848092152692e-05,8.855893804787912e-05,0.0031588962880426965,0.006376686768770499,0.0048345553844002425,0.0046656862989516755,0.004303860174739468,0.007199424046076315,7.199424046076315e-06,7.199424046076315e-06,0.0021977959785927713,0.007199424046076315,7.199424046076315e-06,7.199424046076315e-06,-0.0021092370405448924,0.5003599712023039,0.5003599712023039
2014-11-21,0.0024294218745625016,0.002418622738493387,0.010799136069114472,1.0799136069114473e-05,-0.0004939557673586738,0.0029233776419211755,0.11399179252740271,0.9913606911447084,1.0799136069114448e-05,0.002418622738493387,-0.006568544713310528,-0.004517569463068126,-0.011281567488764587,9.978961999202052e-05,-0.0015243154826008224,0.007199424046076315,7.199424046076315e-06,7.199424046076315e-06,-0.0005011551914047501,0.0035997120230381575,3.5997120230381577e-06,3.5997120230381577e-06,0.0029197779298981374,0.5003599712023039,0.5003599712023039
2014-11-25,0.003628095153746823,0.0036028971695855555,0.025197984161267103,2.5197984161267106e-05,0.002848145503353615,0.0007799496503932075,0.16598068377404757,0.9913606911447084,2.5197984161267478e-05,0.003602897169585556,-0.001960427136822494,-0.0007893633976426863,0.0007152159260303942,0.001396953756322578,0.007824230375472654,0.01439884809215263,1.439884809215263e-05,1.439884809215263e-05,0.0028337466552614625,0.010799136069114472,1.0799136069114473e-05,1.0799136069114473e-05,0.0007691505143240931,0.5003599712023039,0.5003599712023039
2014-11-26,7.072500583512628e-05,5.99258697660118e-05,0.010799136069114472,1.0799136069114473e-05,0.002011405959751298,-0.0019406809539161715,-0.004610902015384978,0.9913606911447084,1.0799136069114482e-05,5.992586976601181e-05,0.004755574272479549,0.002208876868038999,0.006090831104360537,0.0040091173546055675,0.004046814365423195,0.007199424046076315,7.199424046076315e-06,7.199424046076315e-06,0.0020042065357052216,0.0035997120230381575,3.5997120230381577e-06,3.5997120230381577e-06,-0.0019442806659392096,0.5003599712023039,0.5003599712023039
2014-11-27,-0.0012031053980582301,-0.0012139045341273446,0.010799136069114472,1.0799136069114473e-05,-0.0012126048865835036,9.499488525273537e-06,-0.05076620864154788,0.9913606911447084,1.0799136069114448e-05,-0.0012139045341273446,4.802347221451568e-05,-0.0001534155946968793,-0.004260790082747309,-0.0016329142593150218,-0.002823269233269503,0.007199424046076315,7.199424046076315e-06,7.199424046076315e-06,-0.00121980431062958,0.0035997120230381575,3.5997120230381577e-06,3.5997120230381577e-06,5.899776502235379e-06,0.5003599712023039,0.5003599712023039
2014-11-28,0.0023529741891691602,0.002342175053100046,0.010799136069114472,1.0799136069114473e-05,0.0004106508126611696,0.0019423233765079905,0.13935442159903008,0.9913606911447084,1.0799136069114448e-05,0.002342175053100046,-0.004601286005839461,-0.002527372205580202,-0.003776159649664657,0.0002326428615214012,0.0011128338232048295,0.010799136069114472,1.0799136069114473e-05,1.0799136069114473e-05,0.00039985167659205517,0.0,0.0,0.0,0.0019423233765079905,0.5003599712023039,0.5003599712023039
2014-12-01,-2.417692495979294e-05,-4.217548507498374e-05,0.017998560115190788,1.7998560115190787e-05,0.0015795485147767996,-0.0016037254397365925,-0.03196670352211513,0.9913606911447084,1.7998560115190804e-05,-4.217548507498373e-05,0.0028259722964519675,0.004033162519244441,0.0033558494507660557,0.0016952210869239917,0.0038888819134403575,0.01439884809215263,1.439884809215263e-05,1.439884809215263e-05,0.001565149666684647,0.0035997120230381575,3.5997120230381577e-06,3.5997120230381577e-06,-0.0016073251517596306,0.5003599712023039,0.5003599712023039
2014-12-02,0.0011165108612067513,0.0010949125890685224,0.021598272138228944,2.1598272138228946e-05,0.0011589772432256521,-4.246638201890071e-05,0.07679087076891386,0.9913606911447084,2.1598272138228895e-05,0.0010949125890685224,0.000254246112143365,-0.00025203220418128165,0.0010612518618428393,0.004246066340026054,0.0013846006419021574,0.017998560115190788,1.7998560115190787e-05,1.7998560115190787e-05,0.0011409786831104614,0.0035997120230381575,3.5997120230381577e-06,3.5997120230381577e-06,-4.6066094041938864e-05,0.5003599712023039,0.5003599712023039
2014-12-03,-6.863489336005434e-05,-7.943402942916887e-05,0.010799136069114472,1.0799136069114473e-05,-0.0019195399013025912,0.001850905007942537,0.0446238820824197,0.9913606911447084,1.0799136069114529e-05,-7.943402942916882e-05,-0.004371156225373284,-0.0024355443146107515,-0.0032901368112502865,-0.00506463604735889,-0.0032559918755594654,0.007199424046076315,7.199424046076315e-06,7.199424046076315e-06,-0.0019267393253486675,0.0035997120230381575,3.5997120230381577e-06,3.5997120230381577e-06,0.0018473052959194988,0.5003599712023039,0.5003599712023039
2014-12-04,-0.00038480583261822583,-0.0003992046807103784,0.01439884809215263,1.439884809215263e-05,0.0007082007441372259,-0.0010930065767554517,-0.054434628734096005,0.9913606911447084,1.4398848092152597e-05,-0.0003992046807103785,0.0033990487272034437,-0.00019728817130548659,-0.002421702070706513,-0.0019324852059819052,0.0030609273504677206,0.010799136069114472,1.0799136069114473e-05,1.0799136069114473e-05,0.0006974016080681114,0.0035997120230381575,3.5997120230381577e-06,3.5997120230381577e-06,-0.0010966062887784898,0.5003599712023039,0.5003599712023039
2014-12-05,-0.0002824796931102847,-0.0002968785412024373,0.01439884809215263,1.439884809215263e-05,-0.002683222802785263,0.002400743109674978,-0.013767805710981311,0.9913606911447084,1.4398848092152597e-05,-0.00029687854120243734,-0.004341477212909104,-0.005815446353914594,-0.005829186103128245,-0.0031295937507701244,-0.006483900848964572,0.010799136069114472,1.0799136069114473e-05,1.0799136069114473e-05,-0.0026940219388543775,0.0035997120230381575,3.5997120230381577e-06,3.5997120230381577e-06,0.00239714339765194,0.5003599712023039,0.5003599712023039
2014-12-08,0.0010775396158410808,0.0010703401917950045,0.007199424046076315,7.199424046076315e-06,0.0013136220820621181,-0.0002360824662210374,0.0925851056833087,0.9913606911447084,7.1994240460762984e-06,0.0010703401917950045,0.0006712899260982201,8.315295467756426e-05,0.0012146288056247875,0.003376610380055953,0.002271918732304414,0.007199424046076315,7.199424046076315e-06,7.199424046076315e-06,0.0013064226580160418,0.0,0.0,0.0,-0.0002360824662210374,0.5003599712023039,0.5003599712023039
2014-12-09,0.002744667552418058,0.0027338684163489436,0.010799136069114472,1.0799136069114473e-05,0.0028358497282662412,-9.11821758481833e-05,0.16503758138911537,0.9913606911447084,1.0799136069114448e-05,0.0027338684163489436,-0.0005140712564584925,0.0015788035661914478,0.0023452100890482227,0.004375917884882703,0.006330051513442997,0.007199424046076315,7.199424046076315e-06,7.199424046076315e-06,0.002828650304220165,0.0035997120230381575,3.5997120230381577e-06,3.5997120230381577e-06,-9.478188787122146e-05,0.5003599712023039,0.5003599712023039
2014-12-10,0.0011260708237496053,0.0011116719756574527,0.01439884809215263,1.439884809215263e-05,0.0029772254414656067,-0.0018511546177160017,0.02375463950531798,0.9913606911447084,1.4398848092152597e-05,0.0011116719756574527,0.0034191217690226422,0.004341120653291785,0.00634885749528443,0.005031636067696695,0.0064315460920316755,0.007199424046076315,7.199424046076315e-06,7.199424046076315e-06,0.0029700260174195304,0.007199424046076315,7.199424046076315e-06,7.199424046076315e-06,-0.001858354041762078,0.5003599712023039,0.5003599712023039
2014-12-11,0.0007074287859402944,0.0006930299378481417,0.01439884809215263,1.439884809215263e-05,-0.00024542054307732,0.0009528493290176142,0.02795020419407558,0.9913606911447084,1.4398848092152705e-05,0.0006930299378481418,-0.003219396075146394,0.0006844107676603269,-0.0025645624946060482,-0.0022852085436979737,0.0003849372244234231,0.007199424046076315,7.199424046076315e-06,7.199424046076315e-06,-0.0002526199671233963,0.007199424046076315,7.199424046076315e-06,7.199424046076315e-06,0.0009456499049715379,0.5003599712023039,0.5003599712023039
2014-12-12,-0.0009806363483658123,-0.0009914354844349268,0.010799136069114472,1.0799136069114473e-05,0.001118495402970452,-0.002099131751336264,-0.07024673295683694,0.9913606911447084,1.0799136069114448e-05,-0.0009914354844349268,0.00465143585899423,0.0033740587281248934,0.006293904170459887,-4.0279572769658835e-05,0.003360760682862485,0.0,0.0,0.0,0.001118495402970452,0.010799136069114472,1.0799136069114473e-05,1.0799136069114473e-05,-0.0021099308874053787,0.5003599712023039,0.5003599712023039
2014-12-15,-0.00010348961285911099,-0.00011639504594170615,0.012917070082669402,1.2917070082669403e-05,0.0027874327637603755,-0.0028909223766194867,-0.05314208209706261,0.9892241379310345,1.2905433082595162e-05,-0.0001164066829417804,0.005715179463020081,0.0060007801946885524,0.007570966256481946,0.00692705496674414,0.004918029601727508,0.006458535041334701,6.458535041334701e-06,6.4546560413098755e-06,0.002780978107719066,0.006458535041334701,6.458535041334701e-06,6.45077704128505e-06,-0.0028973731536607716,0.5010775862068966,0.5010775862068966
2014-12-16,0.0018856643664073394,0.0018784804583613624,0.007183908045977011,7.183908045977011e-06,0.005421354907407343,-0.0035356905410000032,0.08426979677384529,0.9892241379310345,7.183908045976968e-06,0.0018784804583613624,0.006786429749941808,0.007741606658489345,0.008959080614933607,0.009052811906705698,0.011751353317352066,0.0,0.0,0.0,0.005421354907407343,0.007183908045977011,7.183908045977011e-06,7.183908045977011e-06,-0.00354287444904598,0.5010775862068966,0.5010775862068966
2014-12-17,0.002672669462090556,0.002658301645998602,0.014367816091954023,1.4367816091954022e-05,0.0007080288823130913,0.0019646405797774645,0.14366452359058932,0.9892241379310345,1.4367816091953936e-05,0.002658301645998602,-0.004582015495038268,-0.0026970002551940956,0.00045968745183460117,6.109857062982326e-05,0.0020892979202902446,0.010775862068965518,1.0775862068965516e-05,1.0775862068965516e-05,0.0006972530202441257,0.0035919540229885057,3.5919540229885056e-06,3.5919540229885056e-06,0.001961048625754476,0.5010775862068966,0.5010775862068966
2014-12-18,-0.002000280741193598,-0.002014648557285552,0.014367816091954023,1.4367816091954022e-05,-0.005494180867085318,0.00349390012589172,-0.11354654892777945,0.9892241379310345,1.4367816091953936e-05,-0.002014648557285552,-0.006839447100244952,-0.007386508856467084,-0.012056338893587005,-0.010487337073121694,-0.011259811269171556,0.007183908045977011,7.183908045977011e-06,7.183908045977011e-06,-0.005501364775131295,0.007183908045977011,7.183908045977011e-06,7.183908045977011e-06,0.003486716217845743,0.5010775862068966,0.5010775862068966
2014-12-19,0.0013624505284098739,0.00134808271231792,0.014367816091954023,1.4367816091954022e-05,0.0026206180210663317,-0.0012581674926564577,0.09596501090151902,0.9892241379310345,1.4367816091953936e-05,0.00134808271231792,0.0032566605633864306,0.0010894851209463693,0.004692449428576074,0.004514302492240585,0.005612066047546234,0.0,0.0,0.0,0.0026206180210663317,0.014367816091954023,1.4367816091954022e-05,1.4367816091954022e-05,-0.0012725353087484116,0.5010775862068966,0.5010775862068966
2014-12-22,0.0015800033018302632,0.0015620435317153206,0.017959770114942528,1.795977011494253e-05,-0.0015643197495139496,0.003144323051344213,0.09021630549568097,0.9892241379310345,1.7959770114942637e-05,0.0015620435317153206,-0.006287229481678408,-0.006386116670533662,-0.004142682273646231,-0.0027181924214111164,-0.003338384590105077,0.007183908045977011,7.183908045977011e-06,7.183908045977011e-06,-0.0015715036575599266,0.010775862068965518,1.0775862068965516e-05,1.0775862068965516e-05,0.0031335471892752474,0.5010775862068966,0.5010775862068966
2014-12-24,-0.0007689375070269952,-0.0007833053231189492,0.014367816091954023,1.4367816091954022e-05,9.239149497319684e-06,-0.0007781766565243149,-0.10421368218194182,0.9892241379310345,1.4367816091954044e-05,-0.0007833053231189492,0.002211614035462954,0.000283352471264032,-0.0006291431538677311,-0.0019626496052182058,0.000998430764087003,0.010775862068965518,1.0775862068965516e-05,1.0775862068965516e-05,-1.5367125716458321e-06,0.0035919540229885057,3.5919540229885056e-06,3.5919540229885056e-06,-0.0007817686105473034,0.5010775862068966,0.5010775862068966
2014-12-25,0.0023627159160974605,0.002351940054028495,0.010775862068965518,1.0775862068965516e-05,0.0025783939188572923,-0.0002156780027598318,0.18964870677085466,0.9892241379310345,1.0775862068965452e-05,0.002351940054028495,-0.0010001916796984925,0.0032701589354967417,0.0014785746461078895,0.001962078600980236,0.00674805646628795,0.0035919540229885057,3.5919540229885056e-06,3.5919540229885056e-06,0.002574801964834304,0.007183908045977011,7.183908045977011e-06,7.183908045977011e-06,-0.00022286191080580882,0.5010775862068966,0.5010775862068966
2014-12-26,0.001672781778565752,0.0016512300544278208,0.021551724137931036,2.1551724137931033e-05,0.00042998515133830736,0.0012427966272274447,0.14412850514549216,0.9892241379310345,2.155172413793112e-05,0.0016512300544278208,-0.0027916205869118918,-0.0019175373553597102,-0.0008781529459458402,-0.0013227693458992245,0.001941454366063969,0.010775862068965518,1.0775862068965516e-05,1.0775862068965516e-05,0.00041920928926934186,0.010775862068965518,1.0775862068965516e-05,1.0775862068965516e-05,0.0012320207651584792,0.5010775862068966,0.5010775862068966
2014-12-29,0.0028605749541932616,0.0028462071381013076,0.014367816091954023,1.4367816091954022e-05,0.0022121596830855343,0.0006484152711077273,0.20633665528739184,0.9892241379310345,1.4367816091953936e-05,0.0028462071381013076,-0.002121366857604223,0.00031498794458488733,0.0005267730850694764,0.003562308108288049,0.004860205191287769,0.007183908045977011,7.183908045977011e-06,7.183908045977011e-06,0.0022049757750395573,0.007183908045977011,7.183908045977011e-06,7.183908045977011e-06,0.0006412313630617503,0.5010775862068966,0.5010775862068966
2014-12-30,0.0024481650249494153,0.0024302052548344725,0.017959770114942528,1.795977011494253e-05,-4.827930267168803e-06,0.002452992955216584,0.17796950056524097,0.9892241379310345,1.7959770114942854e-05,0.002430205254834473,-0.005248255978309659,-0.004302659972641039,-0.002652768536484372,0.0008326446949901773,-0.00042629840597771984,0.010775862068965518,1.0775862068965516e-05,1.0775862068965516e-05,-1.5603792336134318e-05,0.007183908045977011,7.183908045977011e-06,7.183908045977011e-06,0.002445809047170607,0.5010775862068966,0.5010775862068966
2015-01-05,-0.003274332200787393,-0.003360539097339117,0.08620689655172414,8.620689655172413e-05,0.0006220400294635293,-0.003896372230250922,-0.2526428582951439,0.9892241379310345,8.620689655172405e-05,-0.003360539097339117,0.008795210692005525,0.005926680542738674,0.003651262069076096,0.0015532952446638646,0.00109381035428074,0.039511494252873564,3.951149425287356e-05,3.951149425287356e-05,0.0005825285352106558,0.04669540229885057,4.669540229885057e-05,4.669540229885057e-05,-0.003943067632549773,0.5010775862068966,0.5010775862068966
2015-01-06,-0.00016513425229767035,-0.0001830940224126129,0.017959770114942528,1.795977011494253e-05,0.002916890041600852,-0.0030820242938985228,-0.032741536586788376,0.9892241379310345,1.7959770114942556e-05,-0.00018309402241261288,0.006928709604122948,0.004743963007355647,0.006042926261554612,0.005496663812432722,0.006013071529137335,0.010775862068965518,1.0775862068965516e-05,1.0775862068965516e-05,0.0029061141795318868,0.007183908045977011,7.183908045977011e-06,7.183908045977011e-06,-0.0030892082019444997,0.5010775862068966,0.5010775862068966
2015-01-07,0.0011331580083679535,0.001122382146298988,0.010775862068965518,1.0775862068965516e-05,-0.0010635919101120105,0.002196749918479964,0.06356956807151694,0.9892241379310345,1.0775862068965452e-05,0.001122382146298988,-0.006043461946841359,-0.0011951973805466006,-0.0034896199245151075,-0.0008501654837167567,-0.002763401887357128,0.0035919540229885057,3.5919540229885056e-06,3.5919540229885056e-06,-0.001067183864134999,0.007183908045977011,7.183908045977011e-06,7.183908045977011e-06,0.002189566010433987,0.5010775862068966,0.5010775862068966
2015-01-08,0.00012838597785082742,0.00011761011578186192,0.010775862068965518,1.0775862068965516e-05,-0.0023008132247684986,0.002429199202619326,-0.039930334515934085,0.9892241379310345,1.0775862068965506e-05,0.0001176101157818619,-0.004370381226675502,-0.005897074949571489,-0.006932000166396217,-0.0069856375811378265,-0.003432334118744194,0.007183908045977011,7.183908045977011e-06,7.183908045977011e-06,-0.0023079971328144756,0.0035919540229885057,3.5919540229885056e-06,3.5919540229885056e-06,0.0024256072485963377,0.5010775862068966,0.5010775862068966
2015-01-09,-0.0009615649157088061,-0.0009687488237547832,0.007183908045977011,7.183908045977011e-06,0.0013139503032773001,-0.0022755152189861062,-0.07963804723205654,0.9892241379310345,7.1839080459770764e-06,-0.0009687488237547831,0.00395066394693825,0.005807362448331463,0.006029129878957798,0.0038152059588350607,0.0020462826916772857,0.0035919540229885057,3.5919540229885056e-06,3.5919540229885056e-06,0.0013103583492543116,0.0035919540229885057,3.5919540229885056e-06,3.5919540229885056e-06,-0.0022791071730090947,0.5010775862068966,0.5010775862068966
2015-01-13,9.522662798724596e-05,8.085881189529195e-05,0.014367816091954023,1.4367816091954022e-05,0.0025970243152114905,-0.0025017976872242446,0.0350532542616439,0.9892241379310345,1.4367816091954004e-05,8.085881189529194e-05,0.0042753431077840595,0.006519761509830025,0.0076292719065014485,0.007062994475696265,0.004280793800783342,0.010775862068965518,1.0775862068965516e-05,1.0775862068965516e-05,0.002586248453142525,0.0035919540229885057,3.5919540229885056e-06,3.5919540229885056e-06,-0.002505389641247233,0.5010775862068966,0.5010775862068966
2015-01-14,0.002590147308453277,0.002572187538338334,0.017959770114942528,1.795977011494253e-05,-0.0017334639082859397,0.004323611216739217,0.164854420978568,0.9892241379310345,1.7959770114942854e-05,0.0025721875383383345,-0.00904704136306522,-0.007986356071789194,-0.0052259213095324185,-0.007015360335540642,-0.001719244910020818,0.010775862068965518,1.0775862068965516e-05,1.0775862068965516e-05,-0.0017442397703549052,0.007183908045977011,7.183908045977011e-06,7.183908045977011e-06,0.00431642730869324,0.5010775862068966,0.5010775862068966
2015-01-15,-0.003982417974567583,-0.004003969698705514,0.021551724137931036,2.1551724137931033e-05,0.0014898822553635349,-0.005472300229931118,-0.301414157207722,0.9892241379310345,2.1551724137930904e-05,-0.004003969698705514,0.010977649456152767,0.011043970624661689,0.007745582605676565,0.004778109214450661,0.0020966687744997606,0.010775862068965518,1.0775862068965516e-05,1.0775862068965516e-05,0.0014791063932945694,0.010775862068965518,1.0775862068965516e-05,1.0775862068965516e-05,-0.005483076092000084,0.5010775862068966,0.5010775862068966
2015-01-16,-9.386193127452004e-05,-0.00010822974736647408,0.014367816091954023,1.4367816091954022e-05,0.0001444456952801454,-0.00023830762655466548,-0.028400039213204425,0.9892241379310345,1.4367816091954044e-05,-0.00010822974736647406,-0.0004934182242240613,0.002402996126052312,-0.0015282553742277623,0.001293622517890332,-0.0002074511210426108,0.010775862068965518,1.0775862068965516e-05,1.0775862068965516e-05,0.0001336698332111799,0.0035919540229885057,3.5919540229885056e-06,3.5919540229885056e-06,-0.000241899580577654,0.5010775862068966,0.5010775862068966
2015-01-19,0.001208672538118704,0.0011907127680037615,0.017959770114942528,1.795977011494253e-05,-0.0012971913398505674,0.0025058638779692716,0.06865810180790245,0.9892241379310345,1.795977011494242e-05,0.0011907127680037613,-0.004483449524971229,-0.006132368759769724,-0.003232559282920285,-0.00021229290882514553,-0.003778199948477864,0.014367816091954023,1.4367816091954022e-05,1.4367816091954022e-05,-0.0013115591559425214,0.0035919540229885057,3.5919540229885056e-06,3.5919540229885056e-06,0.002502271923946283,0.5010775862068966,0.5010775862068966
2015-01-20,-0.0012195874844195282,-0.0012411392085574593,0.021551724137931036,2.1551724137931033e-05,-0.0010043636079946241,-0.00021522387642490423,-0.09877111277394952,0.9892241379310345,2.155172413793112e-05,-0.0012411392085574593,-0.0001794911489549452,0.0016436884494741566,0.0021087123900026925,-0.0001076042232509793,-0.00295338746447482,0.014367816091954023,1.4367816091954022e-05,1.4367816091954022e-05,-0.001018731424086578,0.007183908045977011,7.183908045977011e-06,7.183908045977011e-06,-0.00022240778447088125,0.5010775862068966,0.5010775862068966
2015-01-21,0.0005458282040948475,0.0005206845259339279,0.02514367816091954,2.514367816091954e-05,0.0018698045719390307,-0.0013239763678441832,-0.013239172005742997,0.9892241379310345,2.5143678160919605e-05,0.000520684525933928,0.003624100641106102,0.000756511007012026,0.00032804739604167795,0.005335932498617428,0.002958072020337897,0.017959770114942528,1.795977011494253e-05,1.795977011494253e-05,0.001851844801824088,0.007183908045977011,7.183908045977011e-06,7.183908045977011e-06,-0.0013311602758901602,0.5010775862068966,0.5010775862068966
2015-01-22,0.002777871811712011,0.0027527281335510915,0.02514367816091954,2.514367816091954e-05,-0.0019397400804851946,0.004717611892197205,0.11656112606424761,0.9892241379310345,2.5143678160919388e-05,0.0027527281335510915,-0.009159395371729814,-0.010122984442764712,-0.008941563621423489,-0.007593247159759567,-0.002050906118904711,0.010775862068965518,1.0775862068965516e-05,1.0775862068965516e-05,-0.00195051594255416,0.014367816091954023,1.4367816091954022e-05,1.4367816091954022e-05,0.004703244076105251,0.5010775862068966,0.5010775862068966
2015-01-23,-0.0007490211572860313,-0.0007705728814239623,0.021551724137931036,2.1551724137931033e-05,0.002555259962532066,-0.0033042811198180973,-0.04851678536106551,0.9892241379310345,2.1551724137931012e-05,-0.0007705728814239623,0.006261572962935192,0.007394562390695069,0.007025910102474996,0.007026360630325447,0.004173890156709212,0.014367816091954023,1.4367816091954022e-05,1.4367816091954022e-05,0.002540892146440112,0.007183908045977011,7.183908045977011e-06,7.183908045977011e-06,-0.0033114650278640743,0.5010775862068966,0.5010775862068966
2015-01-26,0.0022496117026111245,0.0022352438865191706,0.014367816091954023,1.4367816091954022e-05,-0.0014834900263856006,0.0037331017289967254,0.13382089244785947,0.9892241379310345,1.4367816091953936e-05,0.0022352438865191706,-0.009355731648786086,-0.0038401765519219012,-0.005977062686086044,-0.00489129014702446,-0.002021551361103506,0.010775862068965518,1.0775862068965516e-05,1.0775862068965516e-05,-0.001494265888454566,0.0035919540229885057,3.5919540229885056e-06,3.5919540229885056e-06,0.003729509774973737,0.5010775862068966,0.5010775862068966
2015-01-27,0.0020709579367505864,0.002056590120658632,0.014367816091954023,1.4367816091954022e-05,0.0026952571632206314,-0.0006242992264700453,0.1744097854317982,0.9892241379310345,1.436781609195437e-05,0.0020565901206586325,0.0003068742134094998,0.0031305909035610037,0.002740031484367017,0.007353921123524056,0.0044309593823496475,0.010775862068965518,1.0775862068965516e-05,1.0775862068965516e-05,0.002684481301151666,0.0035919540229885057,3.5919540229885056e-06,3.5919540229885056e-06,-0.0006278911804930338,0.5010775862068966,0.5010775862068966
2015-01-28,-0.0004560482434828414,-0.00046323215152881835,0.007183908045977011,7.183908045977011e-06,0.0037784026382489087,-0.00423445088173175,-0.09688863077665723,0.9892241379310345,7.183908045976968e-06,-0.0004632321515288184,0.007130415405089157,0.011244578671094987,0.013562788950682973,0.011215885303240252,0.005763188930531664,0.0035919540229885057,3.5919540229885056e-06,3.5919540229885056e-06,0.0037748106842259203,0.0035919540229885057,3.5919540229885056e-06,3.5919540229885056e-06,-0.004238042835754739,0.5010775862068966,0.5010775862068966
2015-01-29,0.005056912578974014,0.005046136716905048,0.010775862068965518,1.0775862068965516e-05,0.0009367205755290042,0.00412019200344501,0.22011724251753736,0.9892241379310345,1.0775862068965886e-05,0.005046136716905048,-0.007200852299920023,-0.010421140691751584,-0.0003724916775513917,-0.0003090157225136098,0.0029569648544397935,0.007183908045977011,7.183908045977011e-06,7.183908045977011e-06,0.0009295366674830272,0.0035919540229885057,3.5919540229885056e-06,3.5919540229885056e-06,0.004116600049422021,0.5010775862068966,0.5010775862068966
2015-01-30,-0.0020648481339758168,-0.002082807904090759,0.017959770114942528,1.795977011494253e-05,0.0011913873969596174,-0.003256235530935434,-0.07783808669344582,0.9892241379310345,1.795977011494242e-05,-0.002082807904090759,0.006291037198377193,0.007048613969069313,0.0059175273598275685,0.0069332538922105905,0.0001371244330308642,0.007183908045977011,7.183908045977011e-06,7.183908045977011e-06,0.0011842034889136405,0.010775862068965518,1.0775862068965516e-05,1.0775862068965516e-05,-0.0032670113930043996,0.5010775862068966,0.5010775862068966
2015-02-02,-0.0011742910731097737,-0.0011850669351787392,0.010775862068965518,1.0775862068965516e-05,0.0004282640237002016,-0.0016025550968099753,-0.06454667177927433,0.9892241379310345,1.0775862068965452e-05,-0.0011850669351787392,0.004120292854275471,0.0014426751905065338,0.00294033698964396,0.0014953798693104568,0.0005423788194608076,0.007183908045977011,7.183908045977011e-06,7.183908045977011e-06,0.0004210801156542246,0.0035919540229885057,3.5919540229885056e-06,3.5919540229885056e-06,-0.0016061470508329637,0.5010775862068966,0.5010775862068966
2015-02-03,-5.927435368050711e-05,-8.441803184142655e-05,0.02514367816091954,2.514367816091954e-05,-0.0034792695554625532,0.0034199952017820463,-0.03449347335921901,0.9892241379310345,2.5143678160919442e-05,-8.441803184142665e-05,-0.006373791850904112,-0.00786532933103104,-0.006780280979496051,-0.006595003890881921,-0.007153316830754908,0.021551724137931036,2.1551724137931033e-05,2.1551724137931033e-05,-0.003500821279600484,0.0035919540229885057,3.5919540229885056e-06,3.5919540229885056e-06,0.0034164032477590578,0.5010775862068966,0.5010775862068966
2015-02-04,-0.0009396689667855598,-0.0009648126449464793,0.02514367816091954,2.514367816091954e-05,0.0002551547189246468,-0.0011948236857102065,-0.045158099946516164,0.9892241379310345,2.5143678160919497e-05,-0.0009648126449464793,0.0035561527554949894,0.0001176959267996241,0.0017783593440572406,0.001208131197319221,0.00016624772765524214,0.017959770114942528,1.795977011494253e-05,1.795977011494253e-05,0.00023719494880970429,0.007183908045977011,7.183908045977011e-06,7.183908045977011e-06,-0.0012020075937561835,0.5010775862068966,0.5010775862068966
2015-02-05,0.00015851346203899674,0.00014773759997003128,0.010775862068965518,1.0775862068965516e-05,0.00035617990581389777,-0.00019766644377490087,0.012131026703447659,0.9892241379310345,1.0775862068965452e-05,0.00014773759997003123,0.0008912288888037849,-0.0005798434370541037,0.0021135281855232993,-5.3237706925519166e-05,0.0010925744117974512,0.0035919540229885057,3.5919540229885056e-06,3.5919540229885056e-06,0.0003525879517909093,0.007183908045977011,7.183908045977011e-06,7.183908045977011e-06,-0.0002048503518208779,0.5010775862068966,0.5010775862068966
2015-02-06,0.0009932970824780229,0.0009753373123630804,0.021551724137931036,2.1551724137931033e-05,-0.0021045098847028206,0.0030978069671808435,0.06697131355548358,0.9892241379310345,1.795977011494242e-05,0.0009717453583400919,-0.006292028626268354,-0.006098125291321682,-0.00597762691155693,-0.0042780659149650666,-0.004229396954487741,0.010775862068965518,1.0775862068965516e-05,7.183908045977011e-06,-0.0021116937927487976,0.010775862068965518,1.0775862068965516e-05,1.0775862068965516e-05,0.003087031105111878,0.5010775862068966,0.5010775862068966
2015-02-09,-0.0014295037824577986,-0.0014546474606187182,0.02514367816091954,2.514367816091954e-05,0.0008208973284780788,-0.0022504011109358776,-0.0871582960125383,0.9892241379310345,2.5143678160919605e-05,-0.0014546474606187182,0.005754374985273286,0.0020883692610624937,0.006192261659516138,0.0033780067178333846,0.000795103339434364,0.010775862068965518,1.0775862068965516e-05,1.0775862068965516e-05,0.0008101214664091133,0.014367816091954023,1.4367816091954022e-05,1.4367816091954022e-05,-0.0022647689270278316,0.5010775862068966,0.5010775862068966
2015-02-10,0.001228788506795447,0.001214420690703493,0.014367816091954023,1.4367816091954022e-05,-0.0029145195862960074,0.004143308093091454,0.03607589988719999,0.9892241379310345,1.4367816091953936e-05,0.001214420690703493,-0.00928837311528669,-0.006429390247533015,-0.005168914090622459,-0.008053806988288283,-0.004792686210473342,0.010775862068965518,1.0775862068965516e-05,1.0775862068965516e-05,-0.002925295448364973,0.0035919540229885057,3.5919540229885056e-06,3.5919540229885056e-06,0.004139716139068465,0.5010775862068966,0.5010775862068966
2015-02-12,0.0007296108558263752,0.0007008752236424671,0.032327586206896554,3.232758620689655e-05,0.0014100316906148563,-0.000680420834788481,-0.05765445473170599,0.9892241379310345,2.873563218390809e-05,0.0006972832696194786,0.003352635382482592,-0.002559425694264201,0.0028893373802923836,0.0019484035360799944,0.0033288600000823754,0.017959770114942528,1.795977011494253e-05,1.4367816091954022e-05,0.0013956638745229023,0.014367816091954023,1.4367816091954022e-05,1.4367816091954022e-05,-0.0006947886508804351,0.5010775862068966,0.5010775862068966
2015-02-13,0.0019831929971814645,0.0019616412730435336,0.021551724137931036,2.1551724137931033e-05,-0.00091875102557369,0.0029019440227551546,0.0938122556154922,0.9892241379310345,2.1551724137930904e-05,0.0019616412730435336,-0.005621003541546473,-0.006253094411027085,-0.0013694198278252098,-0.0006463347007833984,-0.0024840537283920766,0.010775862068965518,1.0775862068965516e-05,1.0775862068965516e-05,-0.0009295268876426555,0.010775862068965518,1.0775862068965516e-05,1.0775862068965516e-05,0.002891168160686189,0.5010775862068966,0.5010775862068966
2015-02-16,0.001648536704820753,0.0016305769347058103,0.017959770114942528,1.795977011494253e-05,0.0029641815910795262,-0.0013156448862587735,0.08043633376393403,0.9892241379310345,1.7959770114942637e-05,0.0016305769347058105,0.002939031550321384,0.002062035133438176,0.005184962872890275,0.0033900083579886738,0.007354810664714958,0.007183908045977011,7.183908045977011e-06,7.183908045977011e-06,0.0029569976830335493,0.010775862068965518,1.0775862068965516e-05,1.0775862068965516e-05,-0.001326420748327739,0.5010775862068966,0.5010775862068966
2015-02-17,-0.0007923550815377345,-0.000810314851652677,0.017959770114942528,1.795977011494253e-05,-0.0028645378036475035,0.0020721827221097692,-0.028865509877136097,0.9892241379310345,1.795977011494253e-05,-0.000810314851652677,-0.0050845861431551955,-0.0023465321433350913,-0.005102353570734628,-0.006888230164198487,-0.005281634472333347,0.0035919540229885057,3.5919540229885056e-06,3.5919540229885056e-06,-0.002868129757670492,0.014367816091954023,1.4367816091954022e-05,1.4367816091954022e-05,0.0020578149060178153,0.5010775862068966,0.5010775862068966
2015-02-18,-0.00012829507983555633,-0.00014984680397348742,0.021551724137931036,2.1551724137931033e-05,-0.0002913992323255262,0.00016310415248996983,0.014284030174312621,0.9892241379310345,2.1551724137931094e-05,-0.00014984680397348737,-0.0021556394770330324,0.0032884007706200295,0.003098676644514069,0.002765063415669535,-0.002289213883518957,0.014367816091954023,1.4367816091954022e-05,1.4367816091954022e-05,-0.00030576704841748023,0.007183908045977011,7.183908045977011e-06,7.183908045977011e-06,0.0001559202444439928,0.5010775862068966,0.5010775862068966
2015-02-19,0.001022775214695683,0.0010048154445807403,0.017959770114942528,1.795977011494253e-05,0.001170877514104144,-0.00014810229940846113,0.04206112544378551,0.9892241379310345,1.7959770114942637e-05,0.0010048154445807403,-0.0004886974722028497,0.0018535881203866184,0.0002448741088791383,-0.00018662739183158104,0.003676452307152159,0.0035919540229885057,3.5919540229885056e-06,3.5919540229885056e-06,0.0011672855600811556,0.014367816091954023,1.4367816091954022e-05,1.4367816091954022e-05,-0.00016247011550041515,0.5010775862068966,0.5010775862068966
2015-02-20,0.0016249062258018496,0.0016033545016639185,0.021551724137931036,2.1551724137931033e-05,0.0005827210563817388,0.0010421851694201107,0.06498571075794408,0.9892241379310345,2.155172413793112e-05,0.0016033545016639185,-0.002545568636897806,-0.0012032696036980799,0.002432934029881654,0.0005202818494283263,0.0015197426046480557,0.007183908045977011,7.183908045977011e-06,7.183908045977011e-06,0.0005755371483357618,0.014367816091954023,1.4367816091954022e-05,1.4367816091954022e-05,0.0010278173533281568,0.5010775862068966,0.5010775862068966
2015-02-23,-0.000964958223549423,-0.000979326039641377,0.014367816091954023,1.4367816091954022e-05,-0.0012092195844005072,0.0002442613608510842,-0.07413920958367314,0.9913793103448276,1.4367816091953936e-05,-0.000979326039641377,0.000681064994135818,-0.0028098998348696147,-0.00190051704742543,-0.0009152474038169584,-0.003201579910016534,0.007183908045977011,7.183908045977011e-06,7.183908045977011e-06,-0.0012164034924464842,0.007183908045977011,7.183908045977011e-06,7.183908045977011e-06,0.0002370774528051072,0.5010775862068966,0.5010775862068966
2015-02-24,0.0015446787347254919,0.001530310918633538,0.014367816091954023,1.4367816091954022e-05,0.0004483015567263133,0.0010963771779991787,0.14350976015543757,0.9913793103448276,1.4367816091953936e-05,0.001530310918633538,-0.002738982700421269,-0.0011450537186282706,0.0026456841224584086,0.0007992704884641415,0.0009569642491658165,0.0035919540229885057,3.5919540229885056e-06,3.5919540229885056e-06,0.0004447096027033248,0.010775862068965518,1.0775862068965516e-05,1.0775862068965516e-05,0.0010856013159302133,0.5010775862068966,0.5010775862068966
2015-02-25,-0.0018148785962994276,-0.00183283836641437,0.017959770114942528,1.795977011494253e-05,-0.0010462944046379758,-0.0007685841916614518,-0.15746992311338695,0.9913793103448276,1.795977011494242e-05,-0.00183283836641437,0.0027215066577312586,-0.0007828983559726368,0.00019022008993554852,0.0018255455425985811,-0.004078950621855947,0.014367816091954023,1.4367816091954022e-05,1.4367816091954022e-05,-0.0010606622207299298,0.0035919540229885057,3.5919540229885056e-06,3.5919540229885056e-06,-0.0007721761456844403,0.5010775862068966,0.5010775862068966
2015-02-26,0.0007705814729924278,0.0007526217028774852,0.017959770114942528,1.795977011494253e-05,0.0010275407635956441,-0.0002569592906032165,0.062058031424082095,0.9913793103448276,1.795977011494253e-05,0.0007526217028774852,0.00019142102368876118,0.001159714673646655,0.002823429439641025,0.00424255757354163,0.0009881489152403521,0.014367816091954023,1.4367816091954022e-05,1.4367816091954022e-05,0.0010131729475036902,0.0035919540229885057,3.5919540229885056e-06,3.5919540229885056e-06,-0.00026055124462620496,0.5010775862068966,0.5010775862068966
2015-02-27,-0.00046110336102079316,-0.00047187922308975866,0.010775862068965518,1.0775862068965516e-05,-0.0005125552585713134,5.1451897550520214e-05,-0.022864536427290586,0.9913793103448276,1.0775862068965506e-05,-0.00047187922308975866,-0.00012147882474661218,-6.770228820164543e-05,0.0013982167535047136,0.0010248755836666486,-0.0020634745742926027,0.007183908045977011,7.183908045977011e-06,7.183908045977011e-06,-0.0005197391666172904,0.0035919540229885057,3.5919540229885056e-06,3.5919540229885056e-06,4.785994352753171e-05,0.5010775862068966,0.5010775862068966
2015-03-02,-0.0011230436510886591,-0.0011338195131576248,0.010775862068965518,1.0775862068965516e-05,-0.0013941247610478817,0.00027108110995922256,-0.039843083009556426,0.9913793103448276,1.0775862068965669e-05,-0.0011338195131576246,-0.0004911373128349924,-0.0006512763060608234,6.762485745831708e-05,-0.0001498371900046053,-0.004143824160168679,0.007183908045977011,7.183908045977011e-06,7.183908045977011e-06,-0.0014013086690938586,0.0035919540229885057,3.5919540229885056e-06,3.5919540229885056e-06,0.00026748915593623407,0.5010775862068966,0.5010775862068966
2015-03-03,0.0012920511165522212,0.001284867208506244,0.007183908045977011,7.183908045977011e-06,0.0017870839632467752,-0.0004950328466945541,0.0997076299160615,0.9935344827586207,7.183908045977185e-06,0.0012848672085062443,0.0013393164574477382,0.0003139791491305794,0.00016240175786706577,0.0023088813053749424,0.004240882550738776,0.007183908045977011,7.183908045977011e-06,7.183908045977011e-06,0.0017799000552007982,0.0,0.0,0.0,-0.0004950328466945541,0.5010775862068966,0.5010775862068966
2015-03-04,-0.0015709423741221086,-0.001581718236191074,0.010775862068965518,1.0775862068965516e-05,-0.00023999391944266315,-0.0013309484546794453,-0.07987153843986816,0.9935344827586207,1.0775862068965452e-05,-0.001581718236191074,0.0030334814749456295,0.0019667904104894553,0.0005229497897230134,-0.00010452263364791009,-0.0006734130946544522,0.007183908045977011,7.183908045977011e-06,7.183908045977011e-06,-0.00024717782748864017,0.0035919540229885057,3.5919540229885056e-06,3.5919540229885056e-06,-0.0013345404087024338,0.5010775862068966,0.5010775862068966
2015-03-05,-0.0012563549619888418,-0.0012671308240578072,0.010775862068965518,1.0775862068965516e-05,-0.0031477476920863984,0.0018913927300975566,-0.04655935406666332,0.9935344827586207,1.0775862068965452e-05,-0.0012671308240578072,-0.0035519345210502018,-0.004296467959624542,-0.0014785455147817322,-0.006352500060603681,-0.00631458374629111,0.010775862068965518,1.0775862068965516e-05,1.0775862068965516e-05,-0.003158523554155364,0.0,0.0,0.0,0.0018913927300975566,0.5010775862068966,0.5010775862068966
2015-03-06,0.0007200708116682706,0.0007057029955763165,0.014367816091954023,1.4367816091954022e-05,0.002492393687256713,-0.0017723228755884427,0.04096855704891166,0.9935344827586207,1.4367816091954153e-05,0.0007057029955763166,0.0032691451060399713,0.004143082555013874,0.006371395894804875,0.006967677102459028,0.0040204936659556986,0.0035919540229885057,3.5919540229885056e-06,3.5919540229885056e-06,0.0024888017332337247,0.010775862068965518,1.0775862068965516e-05,1.0775862068965516e-05,-0.0017830987376574081,0.5010775862068966,0.5010775862068966
2015-03-09,0.00040968523355267814,0.00040250132550670117,0.007183908045977011,7.183908045977011e-06,-0.000376517360091444,0.0007862025936441221,-0.0019545350195687757,0.9956896551724138,7.183908045976968e-06,0.0004025013255067011,-0.0019266493453181863,-0.0008537723216329522,-0.0015680294937904665,0.000345418284983523,-0.0013139606880564329,0.007183908045977011,7.183908045977011e-06,7.183908045977011e-06,-0.00038370126813742103,0.0,0.0,0.0,0.0007862025936441221,0.5010775862068966,0.5010775862068966
2015-03-10,0.0014398068900626118,0.0014146632119016922,0.02514367816091954,2.514367816091954e-05,0.002312594843703762,-0.0008727879536411505,0.05976819992271424,0.9956896551724138,2.5143678160919605e-05,0.0014146632119016922,0.0012536095198207203,0.00271824690215848,0.0028495755583824714,0.0021786694475337256,0.005896937773660969,0.010775862068965518,1.0775862068965516e-05,1.0775862068965516e-05,0.0023018189816347966,0.014367816091954023,1.4367816091954022e-05,1.4367816091954022e-05,-0.0008871557697331046,0.5010775862068966,0.5010775862068966
2015-03-11,0.0008702359767780832,0.0008558681606861292,0.014367816091954023,1.4367816091954022e-05,-0.0007530006988912628,0.0016232366756693461,0.0552023652289297,0.9956896551724138,1.4367816091954044e-05,0.0008558681606861292,-0.0021433367793587013,-0.005431801505935198,-0.0024893733097984985,-0.004693347806469445,9.353563510327839e-05,0.007183908045977011,7.183908045977011e-06,7.183908045977011e-06,-0.0007601846069372397,0.007183908045977011,7.183908045977011e-06,7.183908045977011e-06,0.0016160527676233691,0.5010775862068966,0.5010775862068966
2015-03-12,-0.0005751822769350769,-0.000589550093027031,0.014367816091954023,1.4367816091954022e-05,-0.002049188859616093,0.0014740065826810162,0.005940635265560421,0.9956896551724138,1.4367816091954044e-05,-0.000589550093027031,-0.0031617387679160557,-0.002501542520477456,-0.0021702104205355705,-0.006275398521209241,-0.0030292189921835933,0.007183908045977011,7.183908045977011e-06,7.183908045977011e-06,-0.00205637276766207,0.007183908045977011,7.183908045977011e-06,7.183908045977011e-06,0.0014668226746350392,0.5010775862068966,0.5010775862068966
2015-03-13,0.0012665147474597276,0.001255738885390762,0.010775862068965518,1.0775862068965516e-05,0.0022451195917990623,-0.0009786048443393349,0.057658935190641546,0.9956896551724138,1.0775862068965669e-05,0.0012557388853907622,0.0018622517216675078,0.002134498463419197,0.0049669580109910775,0.006354522473972073,0.003582130427360408,0.0035919540229885057,3.5919540229885056e-06,3.5919540229885056e-06,0.002241527637776074,0.007183908045977011,7.183908045977011e-06,7.183908045977011e-06,-0.0009857887523853119,0.5010775862068966,0.5010775862068966
2015-03-16,-0.0016088399361740865,-0.001619615798243052,0.010775862068965518,1.0775862068965516e-05,-0.0022565068401341013,0.000647666903960015,-0.07888069633359945,0.9956896551724138,1.0775862068965452e-05,-0.001619615798243052,-0.0008602998826347722,-0.0021570446661813843,-0.003586713931978336,-0.003071160492098056,-0.005276114580551894,0.0035919540229885057,3.5919540229885056e-06,3.5919540229885056e-06,-0.00226009879415709,0.007183908045977011,7.183908045977011e-06,7.183908045977011e-06,0.000640482995914038,0.5010775862068966,0.5010775862068966
2015-03-17,-0.0014744427754990385,-0.001485218637568004,0.010775862068965518,1.0775862068965516e-05,-0.002663593162201954,0.0011891503867029153,-0.08853782612116219,0.9956896551724138,1.0775862068965452e-05,-0.001485218637568004,-0.0016551144734773865,-0.003809329497305262,-0.004548906135651416,-0.001739672639224287,-0.007180973463403202,0.0035919540229885057,3.5919540229885056e-06,3.5919540229885056e-06,-0.0026671851162249423,0.007183908045977011,7.183908045977011e-06,7.183908045977011e-06,0.0011819664786569383,0.5010775862068966,0.5010775862068966
2015-03-18,0.0009680266392076507,0.0009536588231156965,0.014367816091954023,1.4367816091954022e-05,0.0020102720324893133,-0.0010422453932816627,0.026140316302092514,0.9956896551724138,1.4367816091954153e-05,0.0009536588231156966,0.0018243718274360595,0.0025912803771626094,0.005119374623463182,0.005304334812616116,0.0034022626636779937,0.007183908045977011,7.183908045977011e-06,7.183908045977011e-06,0.0020030881244433364,0.007183908045977011,7.183908045977011e-06,7.183908045977011e-06,-0.0010494293013276396,0.5010775862068966,0.5010775862068966
2015-03-19,0.0020302983987767666,0.002019522536707801,0.010775862068965518,1.0775862068965516e-05,0.0019248171563482253,0.00010548124242854163,0.094733464227896,0.9956896551724138,1.0775862068965452e-05,0.002019522536707801,-0.0007855450020714951,0.0009395635978611412,0.0012750918057134986,0.0019215976066528156,0.004853421821934674,0.007183908045977011,7.183908045977011e-06,7.183908045977011e-06,0.0019176332483022483,0.0035919540229885057,3.5919540229885056e-06,3.5919540229885056e-06,0.00010188928840555311,0.5010775862068966,0.5010775862068966
2015-03-20,0.0009065904919927727,0.0008886307218778301,0.017959770114942528,1.795977011494253e-05,-0.001269035365912777,0.0021756258579055496,0.08433876716743806,0.9956896551724138,1.795977011494253e-05,0.0008886307218778301,-0.0026362929084195238,-0.00775309673887934,-0.0056338176371592726,-0.004902441741620334,-0.0013623467922257778,0.010775862068965518,1.0775862068965516e-05,1.0775862068965516e-05,-0.0012798112279817425,0.007183908045977011,7.183908045977011e-06,7.183908045977011e-06,0.0021684419498595726,0.5010775862068966,0.5010775862068966
2015-03-23,-3.427737521288093e-05,-4.505323728184644e-05,0.010775862068965518,1.0775862068965516e-05,0.0016394548845558917,-0.0016737322597687727,0.06115778591334126,0.9956896551724138,1.0775862068965506e-05,-4.505323728184645e-05,0.0030391658110966004,0.0039424653911320955,0.0011233755444859856,0.0031858625532642324,0.0033508872949301466,0.0,0.0,0.0,0.0016394548845558917,0.010775862068965518,1.0775862068965516e-05,1.0775862068965516e-05,-0.0016845081218377382,0.5010775862068966,0.5010775862068966
2015-03-24,-0.0007342280842997117,-0.0007450039463686773,0.010775862068965518,1.0775862068965516e-05,-0.0016730200815118655,0.0009387919972121539,-0.05919479339080825,0.9956896551724138,1.077586206896556e-05,-0.0007450039463686773,-0.0024025445858931065,-0.0008155493663613922,-0.0013692012638637145,-0.00377177401032518,-0.0031563184697041584,0.0035919540229885057,3.5919540229885056e-06,3.5919540229885056e-06,-0.001676612035534854,0.007183908045977011,7.183908045977011e-06,7.183908045977011e-06,0.0009316080891661769,0.5010775862068966,0.5010775862068966
2015-03-25,-0.001086117296957339,-0.001100485113049293,0.014367816091954023,1.4367816091954022e-05,-0.0025337057356237744,0.0014475884386664353,-0.08155630953755043,0.9956896551724138,1.4367816091953936e-05,-0.001100485113049293,-0.001845979116425586,-0.004974893838648519,-0.0028471506378300194,-0.0021924629127448173,-0.006559066862554617,0.0035919540229885057,3.5919540229885056e-06,3.5919540229885056e-06,-0.002537297689646763,0.010775862068965518,1.0775862068965516e-05,1.0775862068965516e-05,0.0014368125765974698,0.5010775862068966,0.5010775862068966
2015-03-26,-0.0020230813428062846,-0.002041041112921227,0.017959770114942528,1.795977011494253e-05,-0.0011753698693715805,-0.000847711473434704,-0.10722623047693441,0.9956896551724138,1.795977011494242e-05,-0.002041041112921227,0.002412560567351774,0.00025020949334422836,-0.002033445472186313,-0.0030371715841112984,-0.0020216792714333976,0.007183908045977011,7.183908045977011e-06,7.183908045977011e-06,-0.0011825537774175574,0.010775862068965518,1.0775862068965516e-05,1.0775862068965516e-05,-0.0008584873355036696,0.5010775862068966,0.5010775862068966
2015-03-27,0.001788149291040265,0.0017558217048333684,0.032327586206896554,3.232758620689655e-05,0.003279419673948976,-0.001491270382908711,0.08522856949368945,0.9956896551724138,3.232758620689657e-05,0.0017558217048333684,0.0023135703203513024,0.0043012394582605164,0.009211221989409903,0.0076035733976074936,0.006080698633028766,0.017959770114942528,1.795977011494253e-05,1.795977011494253e-05,0.0032614599038340336,0.014367816091954023,1.4367816091954022e-05,1.4367816091954022e-05,-0.001505638199000665,0.5010775862068966,0.5010775862068966
2015-03-30,0.0038523291990853904,0.003837961382993436,0.014367816091954023,1.4367816091954022e-05,0.0019290606777679108,0.0019232685213174793,0.1991110981848556,0.9956896551724138,1.436781609195437e-05,0.0038379613829934364,-0.004078861319238515,-0.0033570721214108454,-0.0024362760252187245,0.0017495169772692234,0.004953238622256169,0.0035919540229885057,3.5919540229885056e-06,3.5919540229885056e-06,0.0019254687237449223,0.010775862068965518,1.0775862068965516e-05,1.0775862068965516e-05,0.0019124926592485139,0.5010775862068966,0.5010775862068966
2015-03-31,-0.002186429651203363,-0.0021972055132723285,0.010775862068965518,1.0775862068965516e-05,-7.088760950928515e-05,-0.002115542041694078,-0.15249674918532646,0.9956896551724138,1.0775862068965452e-05,-0.0021972055132723285,0.00400773476617905,0.004650485401139348,0.002449189872974091,-0.00013486662463627793,-0.00014634578741084864,0.0035919540229885057,3.5919540229885056e-06,3.5919540229885056e-06,-7.447956353227366e-05,0.007183908045977011,7.183908045977011e-06,7.183908045977011e-06,-0.002122725949740055,0.5010775862068966,0.5010775862068966
2015-04-01,0.00253110782636954,0.002511046956266957,0.020068594734890605,2.0068594734890606e-05,-0.0007040755327207358,0.0032351833590902757,0.1298477996284905,0.9935483870967742,2.0060870102582996e-05,0.0025110392316346495,-0.006898507920141899,-0.005614084314257856,0.0017194869146778225,-0.0026761351584369047,-0.0007825737908887957,0.011822549746632053,1.1822549746632053e-05,1.1814825114324551e-05,-0.0007158903578350604,0.008246044988258552,8.246044988258553e-06,8.246044988258553e-06,0.003226937314102017,0.5,0.5
2015-04-02,0.0025124662787432035,0.0024909609023991176,0.021505376344086023,2.150537634408602e-05,0.001151314286661644,0.0013611519920815598,0.1135380831927451,0.9935483870967742,2.150537634408589e-05,0.0024909609023991176,-0.002970017997457776,-0.0022268759575738073,0.0013496786545282038,0.0026307310317534786,0.002161822750022412,0.010752688172043012,1.075268817204301e-05,1.075268817204301e-05,0.001140561598489601,0.010752688172043012,1.075268817204301e-05,1.075268817204301e-05,0.0013503993039095169,0.5,0.5
2015-04-03,-0.0007200982569705158,-0.0007344351745332398,0.014336917562724014,1.4336917562724014e-05,0.0019126772063219315,-0.0026327754632924473,-0.08672499991025312,0.9935483870967742,1.4336917562724036e-05,-0.0007344351745332398,0.006625384250942107,0.0025458842778704706,0.00633700729492585,0.0041220085075192,0.003716995053958436,0.010752688172043012,1.075268817204301e-05,1.075268817204301e-05,0.0019019245181498886,0.0035842293906810036,3.5842293906810035e-06,3.5842293906810035e-06,-0.0026363596926831283,0.5,0.5
2015-04-06,5.485465238545421e-05,4.410196421341121e-05,0.010752688172043012,1.075268817204301e-05,-0.0010056542762468365,0.0010605089286322906,0.01626725661320135,0.9956989247311828,1.0752688172043e-05,4.41019642134112e-05,-0.0023419677434165774,-0.0016791180849605896,-0.0025714837457089202,-0.003490567356581337,-0.0012855017499112523,0.0035842293906810036,3.5842293906810035e-06,3.5842293906810035e-06,-0.0010092385056375175,0.007168458781362007,7.168458781362007e-06,7.168458781362007e-06,0.0010533404698509286,0.5,0.5
2015-04-07,0.001447154019178774,0.001436401331006731,0.010752688172043012,1.075268817204301e-05,0.0013607699445108477,8.638407466792621e-05,0.11416918710990358,0.9956989247311828,1.0752688172042946e-05,0.001436401331006731,-0.0006095585071633014,0.0007008125663190455,-0.0001556791922945291,0.0014470072093131067,0.003395314992233338,0.0035842293906810036,3.5842293906810035e-06,3.5842293906810035e-06,0.0013571857151201668,0.007168458781362007,7.168458781362007e-06,7.168458781362007e-06,7.921561588656421e-05,0.5,0.5
2015-04-08,-0.0006406954992576726,-0.0006514481874297155,0.010752688172043012,1.075268817204301e-05,-0.0007691678881742796,0.00012847238891660712,-0.03728942168280814,0.9956989247311828,1.0752688172042946e-05,-0.0006514481874297156,7.282687755303645e-05,-0.0009164880886057156,0.000887737621485013,0.0026786454804890495,-0.0036864658222104875,0.007168458781362007,7.168458781362007e-06,7.168458781362007e-06,-0.0007763363469556416,0.0035842293906810036,3.5842293906810035e-06,3.5842293906810035e-06,0.0001248881595259261,0.5,0.5
2015-04-09,0.002008058360988659,0.001986552984644573,0.021505376344086023,2.150537634408602e-05,0.0015164814744609634,0.0004915768865276955,0.10585269165927541,0.9956989247311828,2.1505376344086325e-05,0.0019865529846445733,-0.0020924584937620752,0.0012354556683579778,0.0016567992923388522,4.436144441377132e-05,0.004576473089232266,0.014336917562724014,1.4336917562724014e-05,1.4336917562724014e-05,0.0015021445568982395,0.007168458781362007,7.168458781362007e-06,7.168458781362007e-06,0.0004844084277463335,0.5,0.5
2015-04-10,-0.0002250504449390398,-0.0002393873625017638,0.014336917562724014,1.4336917562724014e-05,0.00014844019257593215,-0.0003734906375149719,-0.022575175625000606,0.9956989247311828,1.4336917562724009e-05,-0.0002393873625017638,0.001420138603722757,-0.0005993333823556826,-0.0020368949161799583,-0.0004992869716880136,0.0007025180207845404,0.007168458781362007,7.168458781362007e-06,7.168458781362007e-06,0.00014127173379457013,0.007168458781362007,7.168458781362007e-06,7.168458781362007e-06,-0.0003806590962963339,0.5,0.5
2015-04-13,0.002535297050074507,0.002520960132511783,0.014336917562724014,1.4336917562724014e-05,0.0012003903686191356,0.0013349066814553714,0.16974762036950167,0.9956989247311828,1.4336917562724361e-05,0.0025209601325117833,-0.003332196214750102,-0.001345047659232023,-0.0025150725379536895,0.0006216455800664687,0.003326112971430957,0.007168458781362007,7.168458781362007e-06,7.168458781362007e-06,0.0011932219098377736,0.007168458781362007,7.168458781362007e-06,7.168458781362007e-06,0.0013277382226740094,0.5,0.5
2015-04-14,-0.002621654989175406,-0.002628823447956768,0.007168458781362007,7.168458781362007e-06,-0.0019445018894852042,-0.0006771530996902016,-0.1723367773211372,0.9956989247311828,7.168458781361964e-06,-0.002628823447956768,0.0010635801633717913,0.0019357582713976267,-0.002274767249035182,-0.0023113248060776972,-0.004728689387866946,0.0,0.0,0.0,-0.0019445018894852042,0.007168458781362007,7.168458781362007e-06,7.168458781362007e-06,-0.0006843215584715636,0.5,0.5
2015-04-15,0.000292647845156809,0.000285479386375447,0.007168458781362007,7.168458781362007e-06,-0.002743744502941627,0.003036392348098436,-0.006062121389446927,0.9956989247311828,7.168458781362018e-06,0.000285479386375447,-0.00660269865655421,-0.005012956775482196,-0.009023913683776407,-0.004546120014317066,-0.006022936257119244,0.007168458781362007,7.168458781362007e-06,7.168458781362007e-06,-0.002750912961722989,0.0,0.0,0.0,0.003036392348098436,0.5,0.5
2015-04-16,-0.0011448042317481564,-0.0011663096080922425,0.021505376344086023,2.150537634408602e-05,-0.0022302567497451877,0.0010854525179970313,-0.09222101909411062,0.9956989247311828,2.1505376344086108e-05,-0.0011663096080922425,0.0011989235167341088,-0.008910562141450406,-0.011061821047955252,-0.002299550308167336,-0.005601223302707894,0.010752688172043012,1.075268817204301e-05,1.075268817204301e-05,-0.0022410094379172307,0.010752688172043012,1.075268817204301e-05,1.075268817204301e-05,0.0010746998298249884,0.5,0.5
2015-04-17,-0.0030162303685003188,-0.003034151515453724,0.017921146953405017,1.7921146953405018e-05,0.0004993883371995659,-0.0035156187056998847,-0.20411503667257,0.9956989247311828,1.7921146953405343e-05,-0.0030341515154537237,0.007360514744329774,0.006372682745539759,0.006418781495822993,0.00269819014767398,0.00015069026317216118,0.010752688172043012,1.075268817204301e-05,1.075268817204301e-05,0.0004886356490275229,0.007168458781362007,7.168458781362007e-06,7.168458781362007e-06,-0.0035227871644812466,0.5,0.5
2015-04-20,0.0001756480837592959,0.00015772693680589085,0.017921146953405017,1.7921146953405018e-05,-0.0019371830622258485,0.0021128311459851445,-0.005427375930839102,0.9956989247311828,1.7921146953405045e-05,0.00015772693680589088,-0.0058648771066861895,-0.0009472326625384863,-0.00477949294480302,-0.003747634111571376,-0.003980533567097204,0.007168458781362007,7.168458781362007e-06,7.168458781362007e-06,-0.0019443515210072104,0.010752688172043012,1.075268817204301e-05,1.075268817204301e-05,0.0021020784578131015,0.5,0.5
2015-04-21,-0.001072791055199815,-0.001083543743371858,0.010752688172043012,1.075268817204301e-05,-0.0011853200417428363,0.00011252898654302124,-0.04172127492675642,0.9956989247311828,1.0752688172042946e-05,-0.001083543743371858,0.0022302998470485847,-0.005135773613355297,-0.004347244794435429,-0.0019362629386192743,-0.0026159572282658155,0.007168458781362007,7.168458781362007e-06,7.168458781362007e-06,-0.0011924885005241983,0.0035842293906810036,3.5842293906810035e-06,3.5842293906810035e-06,0.00010894475715234023,0.5,0.5
2015-04-22,0.0007958076120578386,0.0007778864651044335,0.017921146953405017,1.7921146953405018e-05,-0.0008609290415926108,0.0016567366536504495,0.03458395518237627,0.9956989247311828,1.7921146953405126e-05,0.0007778864651044336,-0.004042881111863782,-0.0018546576981751338,-0.0030857985727552758,-0.0027704434332238713,-0.001210582423472048,0.014336917562724014,1.4336917562724014e-05,1.4336917562724014e-05,-0.0008752659591553349,0.0035842293906810036,3.5842293906810035e-06,3.5842293906810035e-06,0.0016531524242597686,0.5,0.5
2015-04-23,0.0005939749105070336,0.0005796379929443096,0.014336917562724014,1.4336917562724014e-05,0.001105026145248593,-0.0005110512347415594,0.06820430630663743,0.9956989247311828,1.4336917562724036e-05,0.0005796379929443096,-0.00018942080904885562,0.0034451490265470673,0.00048423276757619994,0.00020272275710949458,0.0032486487643344124,0.010752688172043012,1.075268817204301e-05,1.075268817204301e-05,0.00109427345707655,0.0035842293906810036,3.5842293906810035e-06,3.5842293906810035e-06,-0.0005146354641322404,0.5,0.5
2015-04-24,0.0010903916100035013,0.0010796389218314583,0.010752688172043012,1.075268817204301e-05,0.0009911857582951867,9.920585170831472e-05,0.033270576150594026,0.9956989247311828,1.0752688172042946e-05,0.0010796389218314583,-0.0008217934547415186,0.0010483517992331485,-0.0005886770922672699,0.0023059181176985277,0.001840387327080169,0.010752688172043012,1.075268817204301e-05,1.075268817204301e-05,0.0009804330701231438,0.0,0.0,0.0,9.920585170831472e-05,0.5,0.5
2015-04-27,0.0024379420139389266,0.0024271893257668837,0.010752688172043012,1.075268817204301e-05,0.001073606004383791,0.0013643360095551356,-0.0059727734096543215,0.9956989247311828,1.0752688172042946e-05,0.0024271893257668837,-0.0033661262401764587,-0.0014537635769778963,-0.001770054227015739,4.716057206814802e-05,0.003231990311107705,0.010752688172043012,1.075268817204301e-05,1.075268817204301e-05,0.001062853316211748,0.0,0.0,0.0,0.0013643360095551356,0.5,0.5
2015-04-28,-9.610136887705246e-05,-0.00010326982765841445,0.007168458781362007,7.168458781362007e-06,0.00086512513207154,-0.0009612265009485925,-0.00894519571439211,0.9956989247311828,7.168458781361991e-06,-0.00010326982765841446,0.0010136796910739567,0.003739999623543641,0.0005428807740976357,0.004441824016443079,0.00037853364221039637,0.0035842293906810036,3.5842293906810035e-06,3.5842293906810035e-06,0.000861540902680859,0.0035842293906810036,3.5842293906810035e-06,3.5842293906810035e-06,-0.0009648107303392735,0.5,0.5
2015-04-30,-0.001957650301727337,-0.001975571448680742,0.017921146953405017,1.7921146953405018e-05,-0.0010915095621026989,-0.0008661407396246382,-0.11863283807873068,0.9956989247311828,1.792114695340491e-05,-0.001975571448680742,0.002993336678169589,-0.0007898289185913485,0.002247794054108036,-0.0015365642723013558,-0.0025334883604852167,0.010752688172043012,1.075268817204301e-05,1.075268817204301e-05,-0.0011022622502747418,0.007168458781362007,7.168458781362007e-06,7.168458781362007e-06,-0.0008733091984060001,0.5,0.5
2015-05-01,0.0010575383597782619,0.0010324487540434948,0.025089605734767026,2.5089605734767026e-05,0.001869187787480867,-0.0008116494277026051,0.07873660747534286,0.9956989247311828,2.508960573476709e-05,0.0010324487540434948,0.0009931110391841434,0.0028836744878473434,0.001787239575868471,0.0029479130989308548,0.0041785373218138815,0.014336917562724014,1.4336917562724014e-05,1.4336917562724014e-05,0.001854850869918143,0.010752688172043012,1.075268817204301e-05,1.075268817204301e-05,-0.0008224021158746482,0.5,0.5
2015-05-07,0.0019899873093238694,0.001972066162370464,0.017921146953405017,1.7921146953405018e-05,0.0029376775523007174,-0.0009476902429768481,0.07924960270979486,0.9956989247311828,1.7921146953405343e-05,0.0019720661623704645,0.0043666336189576585,-0.0030471257800542277,-0.003779847219044983,0.007147253874623421,0.0052963557817599025,0.010752688172043012,1.075268817204301e-05,1.075268817204301e-05,0.0029269248641286745,0.007168458781362007,7.168458781362007e-06,7.168458781362007e-06,-0.0009548587017582101,0.5,0.5
2015-05-08,0.0008547653575513217,0.0008368442105979167,0.017921146953405017,1.7921146953405018e-05,-0.00024713640813681174,0.0011019017656881333,0.06537261223773956,0.9978494623655914,1.7921146953405018e-05,0.0008368442105979167,-0.003645404848421618,0.0006793991027144353,0.004442734978963145,-0.0008114313747235821,-0.0003356935370486441,0.014336917562724014,1.4336917562724014e-05,1.4336917562724014e-05,-0.0002614733256995358,0.0035842293906810036,3.5842293906810035e-06,3.5842293906810035e-06,0.0010983175362974523,0.5,0.5
2015-05-11,0.004923718274284159,0.0048986286685493916,0.025089605734767026,2.5089605734767026e-05,0.003485770582409467,0.001437947691874692,0.20389177319652024,0.9978494623655914,2.508960573476774e-05,0.004898628668549392,-0.004386314803754988,0.00014494345626182232,-0.003929674175013508,0.008105488179940985,0.006404567657257908,0.017921146953405017,1.7921146953405018e-05,1.7921146953405018e-05,0.003467849435456062,0.007168458781362007,7.168458781362007e-06,7.168458781362007e-06,0.00143077923309333,0.5,0.5
2015-05-12,-0.0003955417018898454,-0.00041346284884325043,0.017921146953405017,1.7921146953405018e-05,0.00017526752150388947,-0.000570809223393735,-0.04827345959153079,0.9978494623655914,1.7921146953405018e-05,-0.00041346284884325043,0.0010384528740321735,0.001347949592298062,0.0013841307268135463,0.0060048062440015365,-0.0024766005574891003,0.007168458781362007,7.168458781362007e-06,7.168458781362007e-06,0.00016809906272252745,0.010752688172043012,1.075268817204301e-05,1.075268817204301e-05,-0.000581561911565778,0.5,0.5
2015-05-13,0.0010628184023273512,0.0010413130259832653,0.021505376344086023,2.150537634408602e-05,0.0031416113107816737,-0.0020787929084543225,0.027382356686214825,0.9978494623655914,2.150537634408589e-05,0.0010413130259832651,0.005679106866880036,0.0011145437169658632,0.0033043139191032194,0.003339308395350677,0.007755179734669682,0.007168458781362007,7.168458781362007e-06,7.168458781362007e-06,0.0031344428520003118,0.014336917562724014,1.4336917562724014e-05,1.4336917562724014e-05,-0.0020931298260170464,0.5,0.5
2015-05-14,0.00010132313737033577,8.34019904169307e-05,0.017921146953405017,1.7921146953405018e-05,-0.0005718190590995341,0.0006731421964698697,0.03697797168440095,0.9978494623655914,1.7921146953405072e-05,8.340199041693076e-05,-0.0021090509676523015,0.00017924875648538485,0.0021758164494516522,-0.0023078409122881532,-0.0005615367211545255,0.014336917562724014,1.4336917562724014e-05,1.4336917562724014e-05,-0.0005861559766622581,0.0035842293906810036,3.5842293906810035e-06,3.5842293906810035e-06,0.0006695579670791887,0.5,0.5
2015-05-15,-0.0002037709600451935,-0.00022169210699859863,0.017921146953405017,1.7921146953405018e-05,-0.001185141472605132,0.0009813705125599384,0.0031811203713269123,0.9978494623655914,1.7921146953405126e-05,-0.00022169210699859852,-0.0024613022600533177,-0.0009656185552529953,-0.0032954561779075632,-0.002483635365107631,-0.0023136067352615805,0.010752688172043012,1.075268817204301e-05,1.075268817204301e-05,-0.0011958941607771749,0.007168458781362007,7.168458781362007e-06,7.168458781362007e-06,0.0009742020537785764,0.5,0.5
2015-05-18,0.0018283568199081092,0.001814019902345385,0.014336917562724014,1.4336917562724014e-05,0.0021638790158236888,-0.00033552219591557943,0.11110593243752959,0.9978494623655914,1.4336917562724144e-05,0.0018140199023453853,-0.000431998648575264,0.002877130472644004,0.00421969286594803,0.0036592126640784305,0.00466203071543185,0.007168458781362007,7.168458781362007e-06,7.168458781362007e-06,0.002156710557042327,0.007168458781362007,7.168458781362007e-06,7.168458781362007e-06,-0.00034269065469694145,0.5,0.5
2015-05-19,-0.000501184483175875,-0.000515521400738599,0.014336917562724014,1.4336917562724014e-05,-0.000889363854848961,0.00038817937167308613,-0.0031048417127742126,0.9978494623655914,1.4336917562724036e-05,-0.000515521400738599,-0.002317511053290934,0.0023059458765433516,0.0035327180321160704,-0.001965057223027195,-0.0016855629530332856,0.010752688172043012,1.075268817204301e-05,1.075268817204301e-05,-0.0009001165430210041,0.0035842293906810036,3.5842293906810035e-06,3.5842293906810035e-06,0.00038459514228240515,0.5,0.5
2015-05-20,0.0002498467851457795,0.00024267832636441748,0.007168458781362007,7.168458781362007e-06,-0.00034271103084266517,0.0005925578159884446,-0.01382025144328832,0.9978494623655914,7.168458781362045e-06,0.0002426783263644175,0.00017193576731994604,-0.00389921843057056,0.0012163498966642609,-0.0012849397732484181,-0.0003856632059037863,0.0,0.0,0.0,-0.00034271103084266517,0.007168458781362007,7.168458781362007e-06,7.168458781362007e-06,0.0005853893572070827,0.5,0.5
2015-05-21,0.002719661266764837,0.0027017401198114323,0.017921146953405017,1.7921146953405018e-05,0.0026682047332663057,5.1456533498531685e-05,0.1504540682351641,0.9978494623655914,1.792114695340491e-05,0.0027017401198114323,-0.00036257071955803966,0.0004164022381248891,0.002016562583372139,0.00811112481618941,0.003949051791704212,0.010752688172043012,1.075268817204301e-05,1.075268817204301e-05,0.0026574520450942628,0.007168458781362007,7.168458781362007e-06,7.168458781362007e-06,4.428807471716968e-05,0.5,0.5
2015-05-22,-0.0014376976935539883,-0.0014484503817260314,0.010752688172043012,1.075268817204301e-05,-0.0029766242328891366,0.0015389265393351483,-0.12236790578444492,0.9978494623655914,1.0752688172043163e-05,-0.0014484503817260312,-0.0032118030869691294,-0.0028099530620726296,-0.005677317987505087,-0.004635370030182226,-0.006612187683576297,0.007168458781362007,7.168458781362007e-06,7.168458781362007e-06,-0.0029837926916704985,0.0035842293906810036,3.5842293906810035e-06,3.5842293906810035e-06,0.0015353423099444673,0.5,0.5
2015-05-25,0.00026276360063094635,0.00025201091245890335,0.010752688172043012,1.075268817204301e-05,7.905264048597171e-05,0.00018371096014497464,-0.0066339609405218665,0.9978494623655914,1.0752688172043e-05,0.00025201091245890335,0.0009298989793954461,-0.0029620637196607394,-0.0016376288675051718,0.001139445586664829,-0.00033256487187449934,0.0,0.0,0.0,7.905264048597171e-05,0.010752688172043012,1.075268817204301e-05,1.075268817204301e-05,0.00017295827197293164,0.5,0.5
2015-05-26,0.000828774802305115,0.000814437884742391,0.014336917562724014,1.4336917562724014e-05,0.0018331763533393694,-0.0010044015510342545,0.036439456367406066,0.9978494623655914,1.4336917562724036e-05,0.000814437884742391,0.002485335671790513,0.0010557379626245018,-0.0010159634791630768,0.002782726529519851,0.0041081657952581835,0.007168458781362007,7.168458781362007e-06,7.168458781362007e-06,0.0018260078945580075,0.007168458781362007,7.168458781362007e-06,7.168458781362007e-06,-0.0010115700098156165,0.5,0.5
2015-05-27,-0.0015526295338013796,-0.0015633822219734226,0.010752688172043012,1.075268817204301e-05,-0.0036021096862127637,0.0020494801524113845,-0.09464619916057439,0.9978494623655914,1.0752688172042946e-05,-0.0015633822219734226,-0.002395498490239984,-0.007505883933988339,-0.006902454455758304,-0.008848101938469091,-0.006382278089403746,0.0035842293906810036,3.5842293906810035e-06,3.5842293906810035e-06,-0.0036056939156034447,0.007168458781362007,7.168458781362007e-06,7.168458781362007e-06,0.0020423116936300226,0.5,0.5
2015-05-28,0.0032792757171105167,0.0032685230289384738,0.010752688172043012,1.075268817204301e-05,0.002502153489352038,0.0007771222277584786,0.21453210550719903,0.9978494623655914,1.0752688172042946e-05,0.0032685230289384738,-0.002642531259423806,0.0006223291522967401,0.0011665946605289982,0.004697476114786734,0.005157722410662747,0.0035842293906810036,3.5842293906810035e-06,3.5842293906810035e-06,0.002498569259961357,0.007168458781362007,7.168458781362007e-06,7.168458781362007e-06,0.0007699537689771167,0.5,0.5
2015-05-29,-0.0009290973490239163,-0.0009434342665866403,0.014336917562724014,1.4336917562724014e-05,0.0007886373705837215,-0.0017177347196076379,-0.05051461066651931,0.9978494623655914,1.4336917562724036e-05,-0.0009434342665866403,0.0021429882535194578,0.006020431810606912,0.0037898819685681954,-0.0002336662788889356,0.002482745251195632,0.0035842293906810036,3.5842293906810035e-06,3.5842293906810035e-06,0.0007850531411930405,0.010752688172043012,1.075268817204301e-05,1.075268817204301e-05,-0.0017284874077796808,0.5,0.5
2015-06-01,0.0011111523422596887,0.0010968154246969648,0.014336917562724014,1.4336917562724014e-05,0.001087419219104824,2.3733123154864736e-05,0.06365508111965058,0.9978494623655914,1.4336917562723928e-05,0.0010968154246969648,-0.0012791777398131019,0.0024159567406970154,0.0032783660789836395,0.000123568110648759,0.003200473601990092,0.0035842293906810036,3.5842293906810035e-06,3.5842293906810035e-06,0.001083834989714143,0.010752688172043012,1.075268817204301e-05,1.075268817204301e-05,1.2980434982821726e-05,0.5,0.5
2015-06-02,1.7347717038677025e-05,-5.734299147279657e-07,0.017921146953405017,1.7921146953405018e-05,0.0003009947605144985,-0.00028364704347582146,-0.034686608831026554,0.9978494623655914,1.792114695340499e-05,-5.734299147279928e-07,0.0013585319301635669,-0.0010151815994722056,-0.00042773563774587667,0.0010964038940664746,0.00035478233451025803,0.010752688172043012,1.075268817204301e-05,1.075268817204301e-05,0.0002902420723424555,0.007168458781362007,7.168458781362007e-06,7.168458781362007e-06,-0.0002908155022571835,0.5,0.5
2015-06-03,0.0008540490718735949,0.0008361279249201899,0.017921146953405017,1.7921146953405018e-05,-0.0008212833629913077,0.0016753324348649026,0.06929213404863095,0.9978494623655914,1.7921146953405018e-05,0.0008361279249201899,-0.0037989713170256153,-0.0024540519751381847,-0.0030152164541025132,-0.0002030267351517943,-0.002362336721398026,0.007168458781362007,7.168458781362007e-06,7.168458781362007e-06,-0.0008284518217726697,0.010752688172043012,1.075268817204301e-05,1.075268817204301e-05,0.0016645797466928597,0.5,0.5
2015-06-04,0.0013746232272442173,0.0013567020802908122,0.017921146953405017,1.7921146953405018e-05,0.0025909407145268486,-0.0012163174872826313,0.04484860788445044,0.9978494623655914,1.7921146953405126e-05,0.0013567020802908122,0.0014064195969992416,0.004485065729697304,0.003805467185094922,0.003872636689207073,0.005836503798977009,0.010752688172043012,1.075268817204301e-05,1.075268817204301e-05,0.0025801880263548057,0.007168458781362007,7.168458781362007e-06,7.168458781362007e-06,-0.0012234859460639933,0.5,0.5
2015-06-05,0.00017987987134420317,0.00016912718317216012,0.010752688172043012,1.075268817204301e-05,-0.0009171597348163215,0.0010970396061605245,0.02664035153049825,0.9978494623655914,1.0752688172043054e-05,0.00016912718317216017,-0.002308861345980759,-0.00196451494500163,-0.003444845086715048,-0.0048377219999139595,-0.0003326182044919845,0.007168458781362007,7.168458781362007e-06,7.168458781362007e-06,-0.0009243281935976834,0.0035842293906810036,3.5842293906810035e-06,3.5842293906810035e-06,0.0010934553767698435,0.5,0.5
2015-06-08,0.00013761109624199446,0.0001268584080699514,0.010752688172043012,1.075268817204301e-05,0.0022872504242579966,-0.002149639328016002,-0.02236334107731893,0.9978494623655914,1.0752688172043054e-05,0.00012685840806995146,0.004225700206155753,0.004446435555784506,0.004838767947118024,0.0016263750853245937,0.006048563730111692,0.0035842293906810036,3.5842293906810035e-06,3.5842293906810035e-06,0.0022836661948673156,0.007168458781362007,7.168458781362007e-06,7.168458781362007e-06,-0.002156807786797364,0.5,0.5
2015-06-09,-0.000341693364608598,-0.000359614511562003,0.017921146953405017,1.7921146953405018e-05,0.0011389691410400931,-0.001480662505648691,-0.06205887511201551,0.9978494623655914,1.7921146953405018e-05,-0.000359614511562003,0.0038512187818304515,0.001181537470231244,-0.0015669126401714837,0.0018419155798489058,0.0024959496331958264,0.010752688172043012,1.075268817204301e-05,1.075268817204301e-05,0.0011282164528680502,0.007168458781362007,7.168458781362007e-06,7.168458781362007e-06,-0.001487830964430053,0.5,0.5
2015-06-10,0.0028978663743097024,0.0028942821449190214,0.0035842293906810036,3.5842293906810035e-06,0.0011756364587518038,0.0017222299155578986,0.1339052030453804,0.9978494623655914,3.584229390680982e-06,0.0028942821449190214,-0.004676343287973841,-0.0009806929173997083,-0.0012670159979289663,0.0019732813868803462,0.002540268682815238,0.0035842293906810036,3.5842293906810035e-06,3.5842293906810035e-06,0.0011720522293611228,0.0,0.0,0.0,0.0017222299155578986,0.5,0.5
2015-06-11,0.0007278915058808983,0.0007099703589274933,0.017921146953405017,1.7921146953405018e-05,-0.0011809340200839838,0.001908825525964882,0.02423186790218073,0.9978494623655914,1.7921146953405018e-05,0.0007099703589274933,-0.002642048390531642,-0.0061688563747260075,-0.004041576197292847,-0.003049591014778248,-0.0020180065528628264,0.007168458781362007,7.168458781362007e-06,7.168458781362007e-06,-0.0011881024788653457,0.010752688172043012,1.075268817204301e-05,1.075268817204301e-05,0.001898072837792839,0.5,0.5
2015-06-12,-0.0009147391996177193,-0.0009219076583990813,0.007168458781362007,7.168458781362007e-06,-0.00013687131993805535,-0.000777867879679664,-0.09842493579379055,0.9978494623655914,7.168458781361964e-06,-0.0009219076583990813,0.002167603709627453,0.00033199985882307784,0.0016905411003783645,0.0012003438897905845,-0.0010107859047094581,0.0,0.0,0.0,-0.00013687131993805535,0.007168458781362007,7.168458781362007e-06,7.168458781362007e-06,-0.0007850363384610259,0.5,0.5
2015-06-15,-0.00024352689352773985,-0.00025786381109046383,0.014336917562724014,1.4336917562724014e-05,0.0016971832164128283,-0.0019407101099405682,-0.053682397288083473,0.9978494623655914,1.4336917562723982e-05,-0.0002578638110904639,0.0033152955114234862,0.005013669636796438,0.0037235965977418534,0.0020904550464191135,0.004046322126028928,0.007168458781362007,7.168458781362007e-06,7.168458781362007e-06,0.0016900147576314663,0.007168458781362007,7.168458781362007e-06,7.168458781362007e-06,-0.0019478785687219301,0.5,0.5
2015-06-16,0.0023380251517167755,0.00232010400476337,0.017921146953405017,1.7921146953405018e-05,0.0021542252255751515,0.00018379992614162387,0.13515905601856634,0.9978494623655914,1.7921146953405343e-05,0.0023201040047633706,-0.001093740870663066,0.0010846821844763886,0.00263156061050899,0.0006583148687588379,0.006133518242346036,0.010752688172043012,1.075268817204301e-05,1.075268817204301e-05,0.0021434725374031086,0.007168458781362007,7.168458781362007e-06,7.168458781362007e-06,0.00017663146736026186,0.5,0.5
2015-06-17,0.0007680719460072689,0.0007573192578352258,0.010752688172043012,1.075268817204301e-05,0.0024658509663694653,-0.0016977790203621963,0.00030247190903259444,0.9978494623655914,1.0752688172043054e-05,0.0007573192578352258,0.001985154455748154,0.006216365210676869,0.009621902766352046,0.005378845839182612,0.004708129979517089,0.0035842293906810036,3.5842293906810035e-06,3.5842293906810035e-06,0.0024622667369787843,0.007168458781362007,7.168458781362007e-06,7.168458781362007e-06,-0.0017049474791435582,0.5,0.5
2015-06-18,0.002167686043239058,0.002160517584457696,0.007168458781362007,7.168458781362007e-06,0.0003836918434212825,0.0017839941998177755,0.14340183597325562,0.9978494623655914,7.168458781361964e-06,0.002160517584457696,-0.0037204085256109186,-0.003263148147684816,-0.003080358285708546,-2.1192398953242268e-05,0.0011616717297404688,0.0035842293906810036,3.5842293906810035e-06,3.5842293906810035e-06,0.0003801076140306015,0.0035842293906810036,3.5842293906810035e-06,3.5842293906810035e-06,0.0017804099704270945,0.5,0.5
2015-06-19,-2.2602567819739536e-05,-2.9771026601101554e-05,0.007168458781362007,7.168458781362007e-06,0.0005863373904299525,-0.000608939958249692,-0.08472444785062357,0.9978494623655914,7.168458781362018e-06,-2.9771026601101543e-05,0.001864730632643472,-7.582151578879245e-05,0.0032487679142490537,-0.0003418766008677531,0.0019299504717237342,0.0035842293906810036,3.5842293906810035e-06,3.5842293906810035e-06,0.0005827531610392715,0.0035842293906810036,3.5842293906810035e-06,3.5842293906810035e-06,-0.000612524187640373,0.5,0.5
2015-06-22,0.0002207837667540287,0.0002064468491913047,0.014336917562724014,1.4336917562724014e-05,-0.0015305133183238695,0.001751297085077898,0.011172721310215093,0.9978494623655914,1.4336917562724009e-05,0.0002064468491913047,-0.002397995049682633,-0.005711792411102122,-0.005478813481798875,-0.005244328603159486,-0.001969375653391865,0.010752688172043012,1.075268817204301e-05,1.075268817204301e-05,-0.0015412660064959124,0.0035842293906810036,3.5842293906810035e-06,3.5842293906810035e-06,0.001747712855687217,0.5,0.5
2015-06-23,0.0012908338986966138,0.0012729127517432087,0.017921146953405017,1.7921146953405018e-05,-0.00044049364962211627,0.00173132754831873,0.054186196806146496,0.9978494623655914,1.7921146953405126e-05,0.0012729127517432087,-0.0036817068528632894,-0.0030245515841858016,-0.003907277310779459,0.0007849192647811661,-0.0017139405812569319,0.014336917562724014,1.4336917562724014e-05,1.4336917562724014e-05,-0.0004548305671848403,0.0035842293906810036,3.5842293906810035e-06,3.5842293906810035e-06,0.001727743318928049,0.5,0.5
2015-06-24,-0.0011761458558817535,-0.0011904827734444776,0.014336917562724014,1.4336917562724014e-05,0.00018891286485372432,-0.0013650587207354777,-0.09114062421168709,0.9978494623655914,1.4336917562724144e-05,-0.0011904827734444774,0.003215238822357677,0.0017598746796975134,0.00017284690822010401,0.0010045762785519366,6.445045528520484e-05,0.007168458781362007,7.168458781362007e-06,7.168458781362007e-06,0.0001817444060723623,0.007168458781362007,7.168458781362007e-06,7.168458781362007e-06,-0.0013722271795168397,0.5,0.5
2015-06-25,-0.0015409638968843706,-0.0015553008144470947,0.014336917562724014,1.4336917562724014e-05,-0.006383476534117399,0.004842512637233028,-0.08495184233982082,0.9978494623655914,1.4336917562724144e-05,-0.0015553008144470945,-0.008537042549272974,-0.01198099072485222,-0.007635253468740167,-0.010592048656525738,-0.013854405274089326,0.010752688172043012,1.075268817204301e-05,1.075268817204301e-05,-0.006394229222289442,0.0035842293906810036,3.5842293906810035e-06,3.5842293906810035e-06,0.004838928407842347,0.5,0.5
2015-06-26,-0.0015048325956782305,-0.0015335064308036786,0.02867383512544803,2.8673835125448028e-05,0.004594687627845683,-0.0060995202235239136,-0.13777595456434674,0.9978494623655914,2.8673835125448072e-05,-0.0015335064308036786,0.011913925878552988,0.012769269584037506,0.011565786108273735,0.009596057299383391,0.008986034233845353,0.014336917562724014,1.4336917562724014e-05,1.4336917562724014e-05,0.004580350710282959,0.014336917562724014,1.4336917562724014e-05,1.4336917562724014e-05,-0.0061138571410866375,0.5,0.5
2015-06-29,0.004128341121006269,0.004114004203443545,0.014336917562724014,1.4336917562724014e-05,0.0045243142723200005,-0.0003959731513137316,0.2200777441697879,0.9978494623655914,1.4336917562723928e-05,0.004114004203443545,-0.0006465002848868608,0.0036688394776561114,0.0030389652891719887,0.004646175921862004,0.011249854856029001,0.007168458781362007,7.168458781362007e-06,7.168458781362007e-06,0.0045171458135386386,0.007168458781362007,7.168458781362007e-06,7.168458781362007e-06,-0.0004031416100950936,0.5,0.5
2015-06-30,0.004139259782474104,0.004121338635520699,0.017921146953405017,1.7921146953405018e-05,0.0043737452527216145,-0.0002344854702475109,0.2168592652743509,0.9978494623655914,1.792114695340491e-05,0.004121338635520699,-0.00041219934616618597,0.002231311513817437,0.006339836161689349,0.008455331571833714,0.008893569972247987,0.007168458781362007,7.168458781362007e-06,7.168458781362007e-06,0.004366576793940253,0.010752688172043012,1.075268817204301e-05,1.075268817204301e-05,-0.0002452381584195539,0.5,0.5
2015-07-01,3.0512380615308783e-06,-2.5622597063917112e-05,0.02867383512544803,2.8673835125448028e-05,-0.001207074302661855,0.0012101255407233858,-0.029588791962271495,0.9978494623655914,2.867383512544799e-05,-2.562259706391715e-05,-0.0026683753905397452,-0.001924002463260824,-0.001979938887102603,-0.0023235509622139684,-0.0024594474268785807,0.014336917562724014,1.4336917562724014e-05,1.4336917562724014e-05,-0.001221411220224579,0.014336917562724014,1.4336917562724014e-05,1.4336917562724014e-05,0.0011957886231606619,0.5,0.5
2015-07-02,-0.0020385023074006403,-0.0020671761425260886,0.02867383512544803,2.8673835125448028e-05,-0.004237279894556617,0.0021987775871559765,-0.17795859089893498,0.9978494623655914,2.867383512544829e-05,-0.002067176142526088,-0.00329993143556184,-0.006592802651812178,-0.005399348377502692,-0.008017414038540234,-0.008703132664399734,0.014336917562724014,1.4336917562724014e-05,1.4336917562724014e-05,-0.004251616812119341,0.014336917562724014,1.4336917562724014e-05,1.4336917562724014e-05,0.0021844406695932525,0.5,0.5
2015-07-03,-0.0019864985762389617,-0.0020044197231923666,0.017921146953405017,1.7921146953405018e-05,0.004627586599588518,-0.00661408517582748,-0.17957221486797184,0.9978494623655914,1.792114695340491e-05,-0.0020044197231923666,0.012717372200241562,0.014249766654481749,0.011867693877105574,0.010286696709999198,0.008739411443765954,0.007168458781362007,7.168458781362007e-06,7.168458781362007e-06,0.004620418140807156,0.010752688172043012,1.075268817204301e-05,1.075268817204301e-05,-0.006624837863999523,0.5,0.5
2015-07-06,0.00163944134093665,0.0016251044233739258,0.014336917562724014,1.4336917562724014e-05,0.0007750543494914833,0.0008643869914451666,0.051540949026636265,0.9978494623655914,1.4336917562724144e-05,0.001625104423373926,-0.002118999608204285,-0.0009483227322624291,0.004409252872665602,0.0004721539917267368,0.0020890860526110817,0.007168458781362007,7.168458781362007e-06,7.168458781362007e-06,0.0007678858907101214,0.007168458781362007,7.168458781362007e-06,7.168458781362007e-06,0.0008572185326638046,0.5,0.5
2015-07-07,-0.004793107673225511,-0.004811028820178916,0.017921146953405017,1.7921146953405018e-05,-0.0034068227594748475,-0.0013862849137506637,-0.28162164824366887,0.9978494623655914,1.792114695340491e-05,-0.004811028820178916,0.0038094087030025067,0.0006988920764989684,-0.0006899860871215247,-0.005089430183872758,-0.007675753186488163,0.010752688172043012,1.075268817204301e-05,1.075268817204301e-05,-0.0034175754476468904,0.007168458781362007,7.168458781362007e-06,7.168458781362007e-06,-0.0013934533725320256,0.5,0.5
2015-07-08,-0.0002641947258281389,-0.0002785316433908629,0.014336917562724014,1.4336917562724014e-05,0.005318886529708057,-0.005583081255536196,-0.07584669310993497,0.9978494623655914,1.4336917562723982e-05,-0.00027853164339086293,0.010922955421239179,0.01165257669073882,0.005849416869520051,0.007894398644329087,0.012009460266959626,0.007168458781362007,7.168458781362007e-06,7.168458781362007e-06,0.005311718070926695,0.007168458781362007,7.168458781362007e-06,7.168458781362007e-06,-0.005590249714317558,0.5,0.5
2015-07-09,-0.001881791641932497,-0.0018997127888859021,0.017921146953405017,1.7921146953405018e-05,-0.001186316078523313,-0.0006954755634091838,-0.17247421541093175,0.9978494623655914,1.7921146953405126e-05,-0.001899712788885902,0.0022138391406803675,-0.00025482490090563206,-0.0009193311022381505,-0.0037652622351135394,-0.0016763171180131703,0.017921146953405017,1.7921146953405018e-05,1.7921146953405018e-05,-0.001204237225476718,0.0,0.0,0.0,-0.0006954755634091838,0.5,0.5
2015-07-10,0.002695496921548206,0.0026739915452041203,0.021505376344086023,2.150537634408602e-05,0.003093130612519845,-0.0003976336909716387,0.16360042475801045,0.9978494623655914,2.150537634408589e-05,0.0026739915452041203,-0.0007828253324761468,0.003951452810782125,0.002600253127178642,0.004463536797614881,0.007047623438752094,0.014336917562724014,1.4336917562724014e-05,1.4336917562724014e-05,0.003078793694957121,0.007168458781362007,7.168458781362007e-06,7.168458781362007e-06,-0.0004048021497530007,0.5,0.5
2015-07-13,0.003544856018462358,0.003530519100899634,0.014336917562724014,1.4336917562724014e-05,0.0011868900279777491,0.0023579659904846085,0.18513094703257998,0.9978494623655914,1.4336917562723928e-05,0.003530519100899634,-0.004513887003652989,-0.005120021935601674,-0.005213338596428479,-0.00019372319977730397,0.003657531683821899,0.007168458781362007,7.168458781362007e-06,7.168458781362007e-06,0.0011797215691963872,0.007168458781362007,7.168458781362007e-06,7.168458781362007e-06,0.0023507975317032465,0.5,0.5
2015-07-14,0.00060200338538649,0.0005840822384330849,0.017921146953405017,1.7921146953405018e-05,-0.00028892938272928777,0.0008909327681157778,0.029662908391132937,0.9978494623655914,1.7921146953405126e-05,0.000584082238433085,-0.0019407477751487267,-0.0014641010583972128,0.00047943158700731943,-0.00021120091840468792,-0.0007611876889855192,0.007168458781362007,7.168458781362007e-06,7.168458781362007e-06,-0.0002960978415106498,0.010752688172043012,1.075268817204301e-05,1.075268817204301e-05,0.0008801800799437347,0.5,0.5
2015-07-15,0.001409255700133145,0.0013985030119611018,0.010752688172043012,1.075268817204301e-05,-0.000595773248144711,0.002005028948277856,0.043256726336197884,0.9978494623655914,1.0752688172043163e-05,0.001398503011961102,-0.0050855593675747475,-0.0018590549545176407,-0.0019880665415315003,-0.002733767742115453,-0.00042043587337640644,0.007168458781362007,7.168458781362007e-06,7.168458781362007e-06,-0.000602941706926073,0.0035842293906810036,3.5842293906810035e-06,3.5842293906810035e-06,0.002001444718887175,0.5,0.5
2015-07-16,-0.0012905566787445864,-0.0013048935963073105,0.014336917562724014,1.4336917562724014e-05,0.0006294627283401798,-0.0019200194070847663,-0.08914176298599115,0.9978494623655914,1.4336917562724144e-05,-0.0013048935963073103,0.0043879632353521734,0.00274418997180425,0.0015503394815428264,0.00176198810669652,0.0010073941316722796,0.007168458781362007,7.168458781362007e-06,7.168458781362007e-06,0.0006222942695588179,0.007168458781362007,7.168458781362007e-06,7.168458781362007e-06,-0.0019271878658661283,0.5,0.5
2015-07-17,0.0017757384402497954,0.0017614015226870713,0.014336917562724014,1.4336917562724014e-05,-0.0010219456353300356,0.002797684075579831,0.06432369058973614,0.9978494623655914,1.4336917562724144e-05,0.0017614015226870715,-0.006946196327130846,-0.002893711799217294,-0.0019127067599116144,-0.0010902046997612247,-0.0025207345561094946,0.010752688172043012,1.075268817204301e-05,1.075268817204301e-05,-0.0010326983235020785,0.0035842293906810036,3.5842293906810035e-06,3.5842293906810035e-06,0.00279409984618915,0.5,0.5
2015-07-21,-0.0010165567263724377,-0.0010237251851537997,0.007168458781362007,7.168458781362007e-06,0.0016545072459211421,-0.00267106397229358,-0.11143915605772672,0.9978494623655914,7.168458781361964e-06,-0.0010237251851537997,0.004917868653309304,0.006190646527142871,0.005403550484011439,0.006144246284840096,0.0018913985953433788,0.0035842293906810036,3.5842293906810035e-06,3.5842293906810035e-06,0.0016509230165304611,0.0035842293906810036,3.5842293906810035e-06,3.5842293906810035e-06,-0.002674648201684261,0.5,0.5
2015-07-22,0.0015092444565900447,0.0014913233096366398,0.017921146953405017,1.7921146953405018e-05,0.00042931550514724233,0.0010799289514428025,0.08112085182239925,0.9978494623655914,1.792114695340491e-05,0.0014913233096366398,-0.0026583820491635555,-0.0011628096103297038,0.0009349154598931695,0.00011907399757308385,0.0012284095166551847,0.007168458781362007,7.168458781362007e-06,7.168458781362007e-06,0.0004221470463658803,0.010752688172043012,1.075268817204301e-05,1.075268817204301e-05,0.0010691762632707596,0.5,0.5
2015-07-23,0.0009656980116416237,0.0009585295528602618,0.007168458781362007,7.168458781362007e-06,0.0003080317196417573,0.0006576662919998665,0.0236754541282971,0.9978494623655914,7.168458781361964e-06,0.0009585295528602618,-0.0018143624743212445,-0.0003172728033567095,0.0016228432585071984,-0.0014075760447402772,0.0016278831812954109,0.0035842293906810036,3.5842293906810035e-06,3.5842293906810035e-06,0.00030444749025107634,0.0035842293906810036,3.5842293906810035e-06,3.5842293906810035e-06,0.0006540820626091855,0.5,0.5
2015-07-24,-0.0037498670952352924,-0.0037570355540166543,0.007168458781362007,7.168458781362007e-06,-0.003911134742557515,0.00016126764732222202,-0.26524792365887706,0.9978494623655914,7.168458781361964e-06,-0.0037570355540166543,0.0012483939652691944,-0.0034643938144717206,-0.005712131971547851,-0.008387227313713408,-0.00753979057081584,0.0035842293906810036,3.5842293906810035e-06,3.5842293906810035e-06,-0.003914718971948196,0.0035842293906810036,3.5842293906810035e-06,3.5842293906810035e-06,0.000157683417931541,0.5,0.5
2015-07-27,0.0017979984415003546,0.0017800772945469495,0.021505376344086023,2.150537634408602e-05,0.0052713284705491956,-0.0034733300290488408,0.07656971869391717,0.9978494623655914,1.7921146953405126e-05,0.0017764930651562685,0.0037687339064827984,0.01330251236132745,0.008216294849390775,0.00949454392216613,0.011187003814157616,0.010752688172043012,1.075268817204301e-05,7.168458781362007e-06,0.005264160011767834,0.010752688172043012,1.075268817204301e-05,1.075268817204301e-05,-0.0034840827172208837,0.5,0.5
2015-07-28,-0.0022387370390066614,-0.0022566581859600663,0.017921146953405017,1.7921146953405018e-05,-0.0013632020537276337,-0.0008755349852790278,-0.1332604982257704,0.9978494623655914,1.792114695340491e-05,-0.0022566581859600663,0.0027733351693334236,-0.0002934604269926801,0.0009593585912515495,0.0001414770385084644,-0.004205565818267971,0.0035842293906810036,3.5842293906810035e-06,3.5842293906810035e-06,-0.0013667862831183146,0.014336917562724014,1.4336917562724014e-05,1.4336917562724014e-05,-0.0008898719028417519,0.5,0.5
2015-07-29,0.0014622092444713697,0.0014386425516536732,0.0235743842970757,2.3574384297075704e-05,-0.0006458210308074763,0.002108030275278846,0.018742687459308037,0.9957081545064378,2.356669281769648e-05,0.001438634860174294,-0.0034639333513641047,-0.005673022149241711,-0.0026795094655595623,0.0011190443856736094,-0.0025283383059521002,0.018932576491762425,1.8932576491762426e-05,1.8924885012383284e-05,-0.0006647459158198596,0.004641807805313276,4.6418078053132756e-06,4.6418078053132756e-06,0.002103388467473533,0.4989270386266094,0.5025035765379113
2015-07-30,-0.0006716023234320602,-0.0006894850129885695,0.017882689556509297,1.78826895565093e-05,-0.0005283787203361433,-0.00014322360309591687,0.03800418992064617,0.9957081545064378,1.788268955650932e-05,-0.0006894850129885695,-0.001099631616126941,0.0030841008890656087,-0.0027880347420783983,0.0003423558085248189,-0.0017788503837216278,0.01072961373390558,1.072961373390558e-05,1.072961373390558e-05,-0.0005391083340700489,0.00715307582260372,7.15307582260372e-06,7.15307582260372e-06,-0.0001503766789185206,0.4989270386266094,0.5025035765379113
2015-07-31,0.0027106582184941823,0.002692775528937673,0.017882689556509297,1.78826895565093e-05,0.0014999329623451416,0.0012107252561490405,0.11974367968248859,0.9957081545064378,1.788268955650943e-05,0.002692775528937673,-0.0027746280884231606,-0.0016710482001611752,0.0055009286779500845,0.002944632780463519,0.0030701720867407386,0.00357653791130186,3.57653791130186e-06,3.57653791130186e-06,0.0014963564244338398,0.01430615164520744,1.430615164520744e-05,1.430615164520744e-05,0.001196419104503833,0.4989270386266094,0.5025035765379113
2015-08-03,-0.0001563252034451161,-0.0001742078930016254,0.017882689556509297,1.78826895565093e-05,0.0007636468733315325,-0.0009199720767766486,-0.025955885709343474,0.9957081545064378,1.7882689556509294e-05,-0.0001742078930016254,0.0006267328154935622,0.004264759312050669,0.006357909071060806,0.000720447402117113,0.0019566832780983775,0.00715307582260372,7.15307582260372e-06,7.15307582260372e-06,0.0007564937975089288,0.01072961373390558,1.072961373390558e-05,1.072961373390558e-05,-0.0009307016905105543,0.4989270386266094,0.5025035765379113
2015-08-04,-0.0005504020263652635,-0.0005754377917443766,0.02503576537911302,2.503576537911302e-05,0.0014094786719688532,-0.0019598806983341164,-0.005683420743470667,0.9957081545064378,2.5035765379113136e-05,-0.0005754377917443765,0.005117143071902492,0.001440240741836231,-4.302187382850541e-05,0.000650851993009762,0.003954626293560189,0.01430615164520744,1.430615164520744e-05,1.430615164520744e-05,0.0013951725203236458,0.01072961373390558,1.072961373390558e-05,1.072961373390558e-05,-0.001970610312068022,0.4989270386266094,0.5025035765379113
2015-08-05,0.00196610740518841,0.0019446481777205989,0.02145922746781116,2.145922746781116e-05,-0.0012775545551528401,0.0032436619603412498,0.07385720154623447,0.9957081545064378,2.1459227467811228e-05,0.0019446481777205989,-0.00615964057092803,-0.007052078934283413,-0.005886286970668264,-0.00195703698356825,-0.002893500368313157,0.01430615164520744,1.430615164520744e-05,1.430615164520744e-05,-0.0012918607067980475,0.00715307582260372,7.15307582260372e-06,7.15307582260372e-06,0.003236508884518646,0.4989270386266094,0.5025035765379113
2015-08-06,0.0016183316065393747,0.0015932958411602617,0.02861230329041488,2.861230329041488e-05,0.00022123966307092876,0.0013970919434684458,0.06588878451459144,0.9957081545064378,2.5035765379113027e-05,0.0015897193032489599,-0.0019461019879923919,-0.0044665230219890885,-0.0037633693505923827,-0.0024194955177885506,0.0019161005645252668,0.01072961373390558,1.072961373390558e-05,7.15307582260372e-06,0.00021408658724832505,0.017882689556509297,1.78826895565093e-05,1.78826895565093e-05,0.0013792092539119366,0.4989270386266094,0.5025035765379113
2015-08-07,0.0017920768206373503,0.0017670410552582372,0.02503576537911302,2.503576537911302e-05,0.0032030646669178597,-0.0014109878462805095,0.08384694296758817,0.9957081545064378,2.5035765379113027e-05,0.0017670410552582372,0.002518673821384647,0.0033926207012876046,0.003874825501395743,0.0068098271845103316,0.006361757327368166,0.01430615164520744,1.430615164520744e-05,1.430615164520744e-05,0.003188758515272652,0.01072961373390558,1.072961373390558e-05,1.072961373390558e-05,-0.001421717460014415,0.4989270386266094,0.5025035765379113
2015-08-10,0.0028581460199607798,0.0028331102545816667,0.02503576537911302,2.503576537911302e-05,-3.1569020361452916e-05,0.0028897150403222327,0.13830534046708967,0.9957081545064378,2.5035765379113027e-05,0.0028331102545816667,-0.005938272267567604,-0.005371327572532076,-0.0038849774057348766,0.000744199621097405,-0.00047727451070430277,0.017882689556509297,1.78826895565093e-05,1.78826895565093e-05,-4.9451709917962217e-05,0.00715307582260372,7.15307582260372e-06,7.15307582260372e-06,0.002882561964499629,0.4989270386266094,0.5025035765379113
2015-08-11,0.0005995827304637454,0.0005781235029959341,0.02145922746781116,2.145922746781116e-05,0.0016785681026423513,-0.001078985372178606,-0.009244012425613292,0.9957081545064378,2.1459227467811228e-05,0.0005781235029959342,0.0017342638244605317,0.002982010979824693,0.007255715912989773,0.0015480097194235916,0.004366430654347301,0.01072961373390558,1.072961373390558e-05,1.072961373390558e-05,0.0016678384889084457,0.01072961373390558,1.072961373390558e-05,1.072961373390558e-05,-0.0010897149859125117,0.4989270386266094,0.5025035765379113
2015-08-12,-0.00037623085072270964,-0.00039769007819052076,0.02145922746781116,2.145922746781116e-05,0.0012843698770077542,-0.001660600727730464,0.00668513370988163,0.9957081545064378,2.145922746781112e-05,-0.0003976900781905208,0.002228186951781754,0.005480739570020491,0.0010536216868160578,0.004276795246814939,0.001760866358620587,0.01072961373390558,1.072961373390558e-05,1.072961373390558e-05,0.0012736402632738486,0.01072961373390558,1.072961373390558e-05,1.072961373390558e-05,-0.0016713303414643695,0.4989270386266094,0.5025035765379113
2015-08-13,0.0005133795970414318,0.0005026499833075262,0.01072961373390558,1.072961373390558e-05,0.001309123055304855,-0.0007957434582634232,-0.013205817839355944,0.9957081545064378,1.0729613733905614e-05,0.0005026499833075262,0.0022715363047166527,0.0001928055545610273,0.002820593783771653,0.0005877912959513096,0.0037219616593571598,0.00357653791130186,3.57653791130186e-06,3.57653791130186e-06,0.0013055465173935532,0.00715307582260372,7.15307582260372e-06,7.15307582260372e-06,-0.0008028965340860269,0.4989270386266094,0.5025035765379113
2015-08-14,0.0021112901361503063,0.0020934074465937974,0.017882689556509297,1.78826895565093e-05,0.0016734146592012652,0.00043787547694904125,0.12433457381251546,0.9957081545064378,1.7882689556508995e-05,0.002093407446593797,-0.0020244135341907195,0.0014594599754618428,0.00037536360887451117,0.0020107333961692244,0.004114149843854998,0.01072961373390558,1.072961373390558e-05,1.072961373390558e-05,0.0016626850454673596,0.00715307582260372,7.15307582260372e-06,7.15307582260372e-06,0.00043072240112643754,0.4989270386266094,0.5025035765379113
2015-08-17,0.0008569820473636196,0.0008355228198958085,0.02145922746781116,2.145922746781116e-05,-0.0003297287906610486,0.0011867108380246682,0.014123444095551333,0.9957081545064378,2.145922746781112e-05,0.0008355228198958085,-0.002744415000804068,-0.0015877277470132231,-0.00519997087452565,-0.004381388590623599,0.0012257406548919576,0.01072961373390558,1.072961373390558e-05,1.072961373390558e-05,-0.0003404584043949542,0.01072961373390558,1.072961373390558e-05,1.072961373390558e-05,0.0011759812242907626,0.4989270386266094,0.5025035765379113
2015-08-18,-0.0014134254559487153,-0.0014277316075939227,0.01430615164520744,1.430615164520744e-05,-0.0010667203567235866,-0.00034670509922512865,-0.13047293845808647,0.9978540772532188,1.4306151645207413e-05,-0.0014277316075939227,0.001991244595027697,-0.00194060744493027,-0.0019125328427326855,-0.0020234728764181036,-0.002219168728113837,0.01072961373390558,1.072961373390558e-05,1.072961373390558e-05,-0.0010774499704574922,0.00357653791130186,3.57653791130186e-06,3.57653791130186e-06,-0.0003502816371364305,0.4989270386266094,0.5025035765379113
2015-08-19,-0.0007497947369593473,-0.000781983578161064,0.032188841201716736,3.218884120171674e-05,-0.0027573832324923457,0.0020075884955329986,-0.0471514606119341,0.9978540772532188,3.2188841201716734e-05,-0.000781983578161064,-0.003994390792318261,-0.00399675287899161,-0.0022230448463668685,-0.007121700208705648,-0.004780492305435297,0.017882689556509297,1.78826895565093e-05,1.78826895565093e-05,-0.002775265922048855,0.01430615164520744,1.430615164520744e-05,1.430615164520744e-05,0.001993282343887791,0.4989270386266094,0.5025035765379113
2015-08-20,1.1266306596585871e-05,-6.616382959923436e-06,0.017882689556509297,1.78826895565093e-05,-0.000404629341566871,0.00041589564816345683,-0.01700052991640688,0.9978540772532188,1.7882689556509307e-05,-6.616382959923429e-06,-0.0004993965806654002,-0.0014912074116979553,0.0005958072996538104,-0.001427563357179395,-0.0005081811716658181,0.00715307582260372,7.15307582260372e-06,7.15307582260372e-06,-0.00041178241738947473,0.01072961373390558,1.072961373390558e-05,1.072961373390558e-05,0.00040516603442955127,0.4989270386266094,0.5025035765379113
2015-08-21,-0.004989679101276438,-0.00501113832874425,0.02145922746781116,2.145922746781116e-05,2.3969517973708413e-05,-0.005013648619250147,-0.2306375228556288,0.9978540772532188,2.1459227467811662e-05,-0.005011138328744249,0.010547544494945514,0.008824666051988445,0.009172477129228869,0.00350640812899889,-0.0016994141388369515,0.01430615164520744,1.430615164520744e-05,1.430615164520744e-05,9.663366328500973e-06,0.00715307582260372,7.15307582260372e-06,7.15307582260372e-06,-0.00502080169507275,0.4989270386266094,0.5025035765379113
2015-08-24,0.0029870660173987747,0.0029477241003744545,0.03934191702432046,3.934191702432046e-05,0.012169614950052511,-0.009182548932653736,0.09484190827194737,0.9978540772532188,3.9341917024320223e-05,0.002947724100374454,0.0180242878706498,0.018777583262987174,0.014522023871397416,0.020878717864214805,0.02643221694944232,0.02861230329041488,2.861230329041488e-05,2.861230329041488e-05,0.012141002646762097,0.01072961373390558,1.072961373390558e-05,1.072961373390558e-05,-0.009193278546387641,0.4989270386266094,0.5025035765379113
2015-08-25,-0.001888694632556722,-0.0019065773221132313,0.017882689556509297,1.78826895565093e-05,-0.0007096344126925067,-0.0011790602198642154,-0.1061774647080447,0.9978540772532188,1.7882689556509212e-05,-0.0019065773221132313,0.0031691013119846856,0.0006832196590854656,-0.0044172591175513,-0.001981764990640608,-0.0011550185839569193,0.01430615164520744,1.430615164520744e-05,1.430615164520744e-05,-0.0007239405643377141,0.00357653791130186,3.57653791130186e-06,3.57653791130186e-06,-0.0011826367577755172,0.4989270386266094,0.5025035765379113
2015-08-26,-0.0005780412089802268,-0.0005959238985367361,0.017882689556509297,1.78826895565093e-05,-8.860403174164965e-06,-0.0005691808058060618,0.00674855705194613,0.9978540772532188,1.7882689556509212e-05,-0.0005959238985367362,-0.00019905894331707192,0.0038248278274232187,0.004789155748989729,-0.00014518197579406489,4.645209942312467e-05,0.01072961373390558,1.072961373390558e-05,1.072961373390558e-05,-1.9590016908070546e-05,0.00715307582260372,7.15307582260372e-06,7.15307582260372e-06,-0.0005763338816286655,0.4989270386266094,0.5025035765379113
2015-08-27,0.004255230350701271,0.004237347661144762,0.017882689556509297,1.78826895565093e-05,-0.003378053440135666,0.007633283790836937,0.2064710670415865,0.9978540772532188,1.788268955650856e-05,0.004237347661144761,-0.01576566740076412,-0.014027815317122157,-0.01412250830257875,-0.008600842193163297,-0.005919180216085205,0.01072961373390558,1.072961373390558e-05,1.072961373390558e-05,-0.0033887830538695714,0.00715307582260372,7.15307582260372e-06,7.15307582260372e-06,0.007626130715014333,0.4989270386266094,0.5025035765379113
2015-08-28,0.002867319361992123,0.0028494366724356136,0.017882689556509297,1.78826895565093e-05,0.0025416578234060704,0.00032566153858605275,0.10952226365012149,0.9978540772532188,1.788268955650943e-05,0.0028494366724356136,-6.149312083857159e-05,-0.0018338626415018197,0.003392890161121682,0.0033850168200029456,0.0060135244053717415,0.01430615164520744,1.430615164520744e-05,1.430615164520744e-05,0.002527351671760863,0.00357653791130186,3.57653791130186e-06,3.57653791130186e-06,0.0003220850006747509,0.4989270386266094,0.5025035765379113
2015-08-31,-0.0013888558906985245,-0.0014067385802550337,0.017882689556509297,1.78826895565093e-05,-0.002945276261745804,0.0015564203710472793,-0.08418390486329588,0.9978540772532188,1.7882689556509212e-05,-0.0014067385802550337,-0.0033926547096398553,-0.0025003353341650084,-0.002756065979474758,-0.0072860497489384765,-0.00526845575498356,0.01430615164520744,1.430615164520744e-05,1.430615164520744e-05,-0.0029595824133910116,0.00357653791130186,3.57653791130186e-06,3.57653791130186e-06,0.0015528438331359775,0.4989270386266094,0.5025035765379113
2015-09-01,-0.0010324788651791662,-0.0010539380926469773,0.02145922746781116,2.145922746781116e-05,0.005360136519000441,-0.006392615384179608,-0.047535769357464425,0.9978540772532188,2.145922746781101e-05,-0.0010539380926469775,0.014776372885246863,0.008567660434482004,0.008482371853513818,0.009507701416536762,0.011484631030908306,0.01430615164520744,1.430615164520744e-05,1.430615164520744e-05,0.005345830367355234,0.00715307582260372,7.15307582260372e-06,7.15307582260372e-06,-0.006399768460002212,0.4989270386266094,0.5025035765379113
2015-09-02,-0.0008684506354206709,-0.0008863333249771803,0.017882689556509297,1.78826895565093e-05,-0.002528049847005043,0.001659599211584372,-0.031152162393121588,0.9978540772532188,1.788268955650932e-05,-0.0008863333249771803,-0.0035044672823241227,-0.0028947100004413522,-0.0003053422199825616,-0.0029264181905004918,-0.006203959688742795,0.01430615164520744,1.430615164520744e-05,1.430615164520744e-05,-0.0025423559986502507,0.00357653791130186,3.57653791130186e-06,3.57653791130186e-06,0.0016560226736730703,0.4989270386266094,0.5025035765379113
2015-09-03,-0.00026692475275195493,-0.00027407782857455864,0.00715307582260372,7.15307582260372e-06,-0.002023462409555773,0.001756537656803818,-0.030855218244401267,0.9978540772532188,7.1530758226037066e-06,-0.00027407782857455864,-0.003429872471486708,-0.0036283853015612257,-0.0019446207174990205,-0.00046416937207747615,-0.005914958846849907,0.00715307582260372,7.15307582260372e-06,7.15307582260372e-06,-0.0020306154853783768,0.0,0.0,0.0,0.001756537656803818,0.4989270386266094,0.5025035765379113
2015-09-04,-0.002255415151130086,-0.002266144764863992,0.01072961373390558,1.072961373390558e-05,-0.0002882754960381852,-0.001967139655091901,-0.1317672950870543,0.9978540772532188,1.0729613733905831e-05,-0.0022661447648639915,0.004248713211349564,0.003239423778426592,-0.0008571521013811011,0.0014829856905191467,-0.0016256593837110534,0.00715307582260372,7.15307582260372e-06,7.15307582260372e-06,-0.0002954285718607889,0.00357653791130186,3.57653791130186e-06,3.57653791130186e-06,-0.001970716193003203,0.4989270386266094,0.5025035765379113
2015-09-07,0.0015436923629915302,0.0015258096734350208,0.017882689556509297,1.78826895565093e-05,0.007552385682716245,-0.006008693319724714,0.03922562981281061,0.9978540772532188,1.788268955650943e-05,0.001525809673435021,0.010756632030964022,0.014385101963105636,0.012087060116049483,0.015545517389549221,0.01509543998123286,0.01430615164520744,1.430615164520744e-05,1.430615164520744e-05,0.0075380795310710375,0.00357653791130186,3.57653791130186e-06,3.57653791130186e-06,-0.006012269857636017,0.4989270386266094,0.5025035765379113
2015-09-08,-0.0007058873974125961,-0.0007237700869691054,0.017882689556509297,1.78826895565093e-05,-0.013940824107903028,0.013234936710490431,-0.09176147078060029,0.9978540772532188,1.788268955650932e-05,-0.0007237700869691054,-0.025165937669956777,-0.028707315339294364,-0.025314632424378484,-0.030295892422587102,-0.02705538503173246,0.01430615164520744,1.430615164520744e-05,1.430615164520744e-05,-0.013955130259548235,0.00357653791130186,3.57653791130186e-06,3.57653791130186e-06,0.013231360172579129,0.4989270386266094,0.5025035765379113
2015-09-09,0.0026023830572397934,0.002588076905594586,0.01430615164520744,1.430615164520744e-05,0.00932785127892713,-0.006725468221687336,0.11577551595239345,0.9978540772532188,1.430615164520763e-05,0.002588076905594586,0.011782932560853072,0.01662032804437829,0.011197035460349834,0.012701454643604306,0.02192879974630897,0.01072961373390558,1.072961373390558e-05,1.072961373390558e-05,0.009317121665193225,0.00357653791130186,3.57653791130186e-06,3.57653791130186e-06,-0.006729044759598638,0.4989270386266094,0.5025035765379113
2015-09-10,0.004249235877460413,0.004242082801637809,0.00715307582260372,7.15307582260372e-06,0.003901986216161548,0.0003472496612988655,0.18700427752342852,0.9978540772532188,7.153075822603598e-06,0.004242082801637809,-0.001874360820224051,0.0017010518667074836,0.007455097459884549,0.007990742260858127,0.007819845988139847,0.00357653791130186,3.57653791130186e-06,3.57653791130186e-06,0.003898409678250246,0.00357653791130186,3.57653791130186e-06,3.57653791130186e-06,0.00034367312338756364,0.4989270386266094,0.5025035765379113
2015-09-11,0.000560624936129388,0.0005463187844841805,0.01430615164520744,1.430615164520744e-05,0.0024164428708981383,-0.0018558179347687505,0.019402698277055576,0.9978540772532188,1.4306151645207522e-05,0.0005463187844841806,0.0017419855172786734,0.007637420557788114,0.0095977270964114,0.006047163302339403,0.004287438403742796,0.00715307582260372,7.15307582260372e-06,7.15307582260372e-06,0.0024092897950755347,0.00715307582260372,7.15307582260372e-06,7.15307582260372e-06,-0.0018629710105913543,0.4989270386266094,0.5025035765379113
2015-09-14,-0.00040846849629548365,-0.0004191981100293892,0.01072961373390558,1.072961373390558e-05,8.626720712265717e-05,-0.000494735703418141,-0.05224999641948374,0.9978540772532188,1.072961373390556e-05,-0.0004191981100293892,0.00268993660721849,-0.0024629234065123838,1.328691625561302e-05,0.0015359412798098225,-0.000514140852170237,0.00715307582260372,7.15307582260372e-06,7.15307582260372e-06,7.911413130005345e-05,0.00357653791130186,3.57653791130186e-06,3.57653791130186e-06,-0.0004983122413294429,0.4989270386266094,0.5025035765379113
2015-09-15,-0.0020382520368956917,-0.0020561347264522007,0.017882689556509297,1.78826895565093e-05,-0.002752294693766805,0.0007140426568711135,-0.08997825433123118,0.9978540772532188,1.7882689556508995e-05,-0.002056134726452201,0.00037490219058066587,-0.005051336188725719,-0.009234618099625808,-0.006924591259809243,-0.004864653291261619,0.00715307582260372,7.15307582260372e-06,7.15307582260372e-06,-0.0027594477695894086,0.01072961373390558,1.072961373390558e-05,1.072961373390558e-05,0.0007033130431372079,0.4989270386266094,0.5025035765379113
2015-09-16,0.0019317830893524352,0.0019031707860620204,0.02861230329041488,2.861230329041488e-05,-0.0013405503180156952,0.0032723334073681306,0.10129340182463109,0.9978540772532188,2.8612303290414826e-05,0.0019031707860620204,-0.006852530995406806,-0.005823795852298698,-0.006764830009829079,-0.0047924351787367895,-0.0016518438381079095,0.017882689556509297,1.78826895565093e-05,1.78826895565093e-05,-0.0013584330075722044,0.01072961373390558,1.072961373390558e-05,1.072961373390558e-05,0.0032616037936342252,0.4989270386266094,0.5025035765379113
2015-09-17,0.0016652528351547495,0.00164737014559824,0.017882689556509297,1.78826895565093e-05,-9.941700607198595e-05,0.0017646698412267354,0.08459065151073916,0.9978540772532188,1.788268955650943e-05,0.0016473701455982403,-0.004405812791579225,-0.0017044147354526471,0.004374304117739162,-0.00122475373098189,0.00031689188687968045,0.00715307582260372,7.15307582260372e-06,7.15307582260372e-06,-0.00010657008189458967,0.01072961373390558,1.072961373390558e-05,1.072961373390558e-05,0.0017539402274928298,0.4989270386266094,0.5025035765379113
2015-09-18,0.001640088152126993,0.0016257820004817855,0.01430615164520744,1.430615164520744e-05,0.005146243440087561,-0.0035061552879605677,0.04244737834599245,0.9978540772532188,1.4306151645207413e-05,0.0016257820004817855,0.007063303810601558,0.006803665813273727,0.01159315430882345,0.008619769420096828,0.011283373780586733,0.00715307582260372,7.15307582260372e-06,7.15307582260372e-06,0.005139090364264957,0.00715307582260372,7.15307582260372e-06,7.15307582260372e-06,-0.0035133083637831713,0.4989270386266094,0.5025035765379113
2015-09-24,-0.00030960928063897465,-0.00033822158392938953,0.02861230329041488,2.861230329041488e-05,-0.004150227629625907,0.0038406183489869323,-0.00961058305126822,0.9978540772532188,2.861230329041488e-05,-0.00033822158392938953,-0.00817136733822507,-0.00657480345341053,-0.0031152469342875717,-0.007563436198121193,-0.008790259369899654,0.017882689556509297,1.78826895565093e-05,1.78826895565093e-05,-0.004168110319182417,0.01072961373390558,1.072961373390558e-05,1.072961373390558e-05,0.003829888735253027,0.4989270386266094,0.5025035765379113
2015-09-25,0.0053724938375205806,0.00535103461005277,0.02145922746781116,2.145922746781116e-05,0.0006141105462583897,0.004758383291262191,0.24176290298710537,0.9978540772532188,2.1459227467810794e-05,0.00535103461005277,-0.011650733760142749,-0.005059677307171831,-0.0009591194309044711,-0.0016329211320440286,0.002691697188846664,0.017882689556509297,1.78826895565093e-05,1.78826895565093e-05,0.0005962278567018804,0.00357653791130186,3.57653791130186e-06,3.57653791130186e-06,0.004754806753350889,0.4989270386266094,0.5025035765379113
2015-09-28,-0.0011797171039466443,-0.0012119059451483612,0.032188841201716736,3.218884120171674e-05,0.007034890670139582,-0.008214607774086226,-0.09289494287883056,0.9978540772532188,3.218884120171684e-05,-0.0012119059451483612,0.016531684737186747,0.015974752007289348,0.018357210501787728,0.014176408556799797,0.01421470036391127,0.01430615164520744,1.430615164520744e-05,1.430615164520744e-05,0.007020584518494375,0.017882689556509297,1.78826895565093e-05,1.78826895565093e-05,-0.008232490463642736,0.4989270386266094,0.5025035765379113
2015-09-29,0.003139074815429355,0.0031247686637841474,0.01430615164520744,1.430615164520744e-05,0.0003776361548623259,0.002761438660567029,0.16629934548162717,0.9978540772532188,1.430615164520763e-05,0.0031247686637841474,-0.004983697663866826,-0.006529691808409886,-0.00476427808839332,-0.0016225240544253626,0.0019677656242422363,0.01072961373390558,1.072961373390558e-05,1.072961373390558e-05,0.00036690654112842035,0.00357653791130186,3.57653791130186e-06,3.57653791130186e-06,0.0027578621226557274,0.4989270386266094,0.5025035765379113
2015-09-30,-0.0022763971763235004,-0.0023014329417026134,0.02503576537911302,2.503576537911302e-05,-0.004747602241873718,0.0024712050655502174,-0.11791547117207006,0.9978540772532188,2.5035765379113027e-05,-0.0023014329417026134,-0.004788863126791755,-0.005178404352890662,-0.008098335396294783,-0.004710521366393287,-0.012047721122723953,0.01430615164520744,1.430615164520744e-05,1.430615164520744e-05,-0.004761908393518925,0.01072961373390558,1.072961373390558e-05,1.072961373390558e-05,0.002460475451816312,0.4989270386266094,0.5025035765379113
2015-10-01,-0.001881383916036976,-0.0018998779795954175,0.018509347908489397,1.85093479084894e-05,0.002630659053388769,-0.004512042969425745,-0.0806862178768016,0.9935897435897436,1.8494063558441472e-05,-0.0018998932639454655,0.008211645937082438,0.010647031133956987,0.005872362424309773,0.0033634637819820565,0.00626116125085377,0.012800643165449963,1.2800643165449963e-05,1.2785358815401665e-05,0.0026178736945733673,0.005708704743039435,5.708704743039435e-06,5.708704743039435e-06,-0.004517751674168785,0.5003561253561254,0.5003561253561254
2015-10-02,-0.0006940388902657887,-0.0007047226509495493,0.010683760683760686,1.0683760683760685e-05,0.0005264843512951381,-0.001220523241560927,0.0025694978206591015,0.9935897435897436,1.0683760683760602e-05,-0.0007047226509495494,0.002597527065709909,0.00211947058179735,0.00821388920133027,0.0037877678978863157,-0.0003042408753552572,0.0071225071225071235,7.122507122507124e-06,7.122507122507124e-06,0.000519361844172631,0.0035612535612535618,3.561253561253562e-06,3.561253561253562e-06,-0.0012240844951221805,0.5003561253561254,0.5003561253561254
2015-10-05,0.0020897295310021223,0.002075484516757108,0.014245014245014247,1.4245014245014248e-05,-0.0016753599317092453,0.0037650894627113676,0.1587637909551385,0.9935897435897436,1.4245014245014426e-05,0.002075484516757108,-0.008489958921996043,-0.0055737845690693325,-0.006942894025904667,-0.004564872593451047,-0.0027760698196611006,0.0071225071225071235,7.122507122507124e-06,7.122507122507124e-06,-0.0016824824388317525,0.0071225071225071235,7.122507122507124e-06,7.122507122507124e-06,0.0037579669555888604,0.5003561253561254,0.5003561253561254
2015-10-06,0.0004438039501514379,0.00042599768234517007,0.01780626780626781,1.780626780626781e-05,-0.0012952730374777698,0.0017390769876292076,-0.023510147183088505,0.9935897435897436,1.7806267806267815e-05,0.00042599768234517007,-0.0015624555025850661,-0.0073432688361996816,-0.0019026186768137032,-0.00277271273303084,-0.002524532546643265,0.0071225071225071235,7.122507122507124e-06,7.122507122507124e-06,-0.001302395544600277,0.010683760683760686,1.0683760683760685e-05,1.0683760683760685e-05,0.001728393226945447,0.5003561253561254,0.5003561253561254
2015-10-07,-0.0003735832573750856,-0.00038782827162009984,0.014245014245014247,1.4245014245014248e-05,0.00231135432210635,-0.002684937579481436,-0.04506139391885118,0.9935897435897436,1.4245014245014263e-05,-0.00038782827162009984,0.005365135665921417,0.005367907951005891,0.0041236760138349945,0.0030365988284680053,0.005460499442190331,0.0035612535612535618,3.561253561253562e-06,3.561253561253562e-06,0.0023077930685450965,0.010683760683760686,1.0683760683760685e-05,1.0683760683760685e-05,-0.002695621340165197,0.5003561253561254,0.5003561253561254
2015-10-08,0.001029003201895599,0.001014758187650585,0.014245014245014247,1.4245014245014248e-05,-0.0018057870441855405,0.0028347902460811396,0.016129390309690787,0.9935897435897436,1.4245014245014209e-05,0.001014758187650585,-0.0071710861093259625,-0.0026220861682353432,-0.009255129121661137,-0.00553649188075097,-0.0026840659091653726,0.0035612535612535618,3.561253561253562e-06,3.561253561253562e-06,-0.0018093482977467941,0.010683760683760686,1.0683760683760685e-05,1.0683760683760685e-05,0.002824106485397379,0.5003561253561254,0.5003561253561254
2015-10-09,0.0035119159915068723,0.0034869872165780975,0.024928774928774933,2.4928774928774933e-05,0.0037973772680637364,-0.00028546127655686376,0.18540068363990508,0.9935897435897436,2.492877492877481e-05,0.0034869872165780975,-0.00070637255042069,0.003151753681649725,0.00725813461513901,0.0039493024880320315,0.00949097818471836,0.010683760683760686,1.0683760683760685e-05,1.0683760683760685e-05,0.0037866935073799755,0.014245014245014247,1.4245014245014248e-05,1.4245014245014248e-05,-0.00029970629080187803,0.5003561253561254,0.5003561253561254
2015-10-13,0.0009747513341277458,0.0009605063198827316,0.014245014245014247,1.4245014245014248e-05,0.0016410916268161106,-0.0006663402926883648,0.05176698477564485,0.9935897435897436,1.4245014245014209e-05,0.0009605063198827316,0.0027337333868316387,-0.001502421165059811,0.002349949204514489,8.205382285599978e-05,0.004914011032765159,0.0071225071225071235,7.122507122507124e-06,7.122507122507124e-06,0.0016339691196936034,0.0071225071225071235,7.122507122507124e-06,7.122507122507124e-06,-0.0006734627998108719,0.5003561253561254,0.5003561253561254
2015-10-14,0.0002301387795471847,0.00020164875105715616,0.028490028490028494,2.8490028490028496e-05,0.003224101909638373,-0.0029939631300911883,0.022238109105491555,0.9935897435897436,2.8490028490028553e-05,0.0002016487510571562,0.00652259581689456,0.004894211615946601,0.007030052870455133,0.00598482764294749,0.006742293879885986,0.01780626780626781,1.780626780626781e-05,1.780626780626781e-05,0.0032062956418321053,0.010683760683760686,1.0683760683760685e-05,1.0683760683760685e-05,-0.003004646890774949,0.5003561253561254,0.5003561253561254
2015-10-15,-0.002710572877437649,-0.0027283791452439167,0.01780626780626781,1.780626780626781e-05,-0.004191300112763675,0.0014807272353260265,-0.19375319262700091,0.9935897435897436,1.78062678062676e-05,-0.0027283791452439167,-0.002788740578268644,-0.0033042278133827018,-0.005110193839726877,-0.006487960325209369,-0.009411042113352733,0.014245014245014247,1.4245014245014248e-05,1.4245014245014248e-05,-0.00420554512700869,0.0035612535612535618,3.561253561253562e-06,3.561253561253562e-06,0.001477165981764773,0.5003561253561254,0.5003561253561254
2015-10-16,0.0008113131524516325,0.0007970681382066182,0.014245014245014247,1.4245014245014248e-05,0.0017542830791626176,-0.0009429699267109852,0.0426032501539622,0.9935897435897436,1.4245014245014317e-05,0.0007970681382066183,0.0016599013439123156,0.002338822131025525,0.005725197160432053,0.0006732188976994255,0.004960193654686448,0.0071225071225071235,7.122507122507124e-06,7.122507122507124e-06,0.0017471605720401104,0.0071225071225071235,7.122507122507124e-06,7.122507122507124e-06,-0.0009500924338334923,0.5003561253561254,0.5003561253561254
2015-10-19,-0.00038582220198638527,-0.0004143122304764138,0.028490028490028494,2.8490028490028496e-05,-0.0027644419157599976,0.002378619713773612,-0.0700235597970086,0.9935897435897436,2.8490028490028526e-05,-0.00041431223047641374,-0.0035760170565646144,-0.007134856178721644,-0.005543842433530133,-0.00394488803021616,-0.006374387059573717,0.01780626780626781,1.780626780626781e-05,1.780626780626781e-05,-0.0027822481835662652,0.010683760683760686,1.0683760683760685e-05,1.0683760683760685e-05,0.0023679359530898512,0.5003561253561254,0.5003561253561254
2015-10-20,0.0006367454316997472,0.0006189391638934794,0.01780626780626781,1.780626780626781e-05,-0.0006869213164484368,0.001323666748148184,0.04145700754772828,0.9935897435897436,1.7806267806267815e-05,0.0006189391638934794,-0.003075441260220057,-0.00177621815955537,-0.002988194210389331,-0.0011494896186275633,-0.0014993143913176275,0.014245014245014247,1.4245014245014248e-05,1.4245014245014248e-05,-0.0007011663306934511,0.0035612535612535618,3.561253561253562e-06,3.561253561253562e-06,0.0013201054945869305,0.5003561253561254,0.5003561253561254
2015-10-21,-0.0007353483986512127,-0.0007602771735799876,0.024928774928774933,2.4928774928774933e-05,0.0043053405150913935,-0.0050406889137426065,-0.05897850258035872,0.9935897435897436,2.492877492877492e-05,-0.0007602771735799876,0.009677753556121174,0.010875626079645878,0.011102163763855663,0.010867152524185913,0.007565774454441056,0.02136752136752137,2.136752136752137e-05,2.136752136752137e-05,0.004283972993723872,0.0035612535612535618,3.561253561253562e-06,3.561253561253562e-06,-0.00504425016730386,0.5003561253561254,0.5003561253561254
2015-10-22,-0.003148289540062742,-0.003173218314991517,0.024928774928774933,2.4928774928774933e-05,-0.0040066828001605265,0.0008583932600977849,-0.19929833816305192,0.9935897435897436,2.4928774928775245e-05,-0.0031732183149915166,-0.0005167972573911792,-0.004138879252487896,-0.005966375817708626,-0.00650667328774132,-0.008844260455968865,0.014245014245014247,1.4245014245014248e-05,1.4245014245014248e-05,-0.004020927814405541,0.010683760683760686,1.0683760683760685e-05,1.0683760683760685e-05,0.0008477094994140242,0.5003561253561254,0.5003561253561254
2015-10-23,0.002339587115801841,0.00232890335511808,0.010683760683760686,1.0683760683760685e-05,-0.0008519793499612333,0.0031915664657630742,0.12655358600638764,0.9935897435897436,1.068376068376082e-05,0.00232890335511808,-0.007097857836044134,-0.004924585526841342,-0.0047355089241047825,-0.0046415203821078355,-0.00025166778173225707,0.0071225071225071235,7.122507122507124e-06,7.122507122507124e-06,-0.0008591018570837404,0.0035612535612535618,3.561253561253562e-06,3.561253561253562e-06,0.0031880052122018206,0.5003561253561254,0.5003561253561254
2015-10-26,0.0012216387775135674,0.001200271256146046,0.02136752136752137,2.136752136752137e-05,0.0013894177483367923,-0.0001677789708232251,0.02810597850735438,0.9935897435897436,2.1367521367521422e-05,0.001200271256146046,0.00033081349802893103,0.0003444272299449907,-0.00046682323022041055,0.0007029821734485987,0.0038436541147054987,0.014245014245014247,1.4245014245014248e-05,1.4245014245014248e-05,0.001375172734091778,0.0071225071225071235,7.122507122507124e-06,7.122507122507124e-06,-0.00017490147794573224,0.5003561253561254,0.5003561253561254
2015-10-27,-0.0020675730568667857,-0.0020818180711118,0.014245014245014247,1.4245014245014248e-05,0.00020380383776295237,-0.002271376894629738,-0.13712362806551867,0.9935897435897436,1.4245014245014426e-05,-0.0020818180711118,0.005943134564942504,0.0017021071592996776,-0.001090175447953552,0.0029498553475757867,-0.0008595715700907213,0.010683760683760686,1.0683760683760685e-05,1.0683760683760685e-05,0.00019312007707919168,0.0035612535612535618,3.561253561253562e-06,3.561253561253562e-06,-0.002274938148190992,0.5003561253561254,0.5003561253561254
2015-10-28,0.002050475998131199,0.0020362309838861847,0.014245014245014247,1.4245014245014248e-05,0.0011037934903259594,0.0009466825078052396,0.13403913265574052,0.9935897435897436,1.4245014245014426e-05,0.0020362309838861847,-0.0006243142412381901,-0.0044546862261359435,0.0017993491641767735,-7.446107465806622e-05,0.003369974753280962,0.0071225071225071235,7.122507122507124e-06,7.122507122507124e-06,0.0010966709832034521,0.0071225071225071235,7.122507122507124e-06,7.122507122507124e-06,0.0009395600006827325,0.5003561253561254,0.5003561253561254
2015-10-29,0.0032100491204587155,0.003195804106213701,0.014245014245014247,1.4245014245014248e-05,0.00019578291580278737,0.003014266204655928,0.09703652603990127,0.9935897435897436,1.4245014245014426e-05,0.003195804106213701,-0.006722723093059677,-0.004612257624081178,0.002129098693544859,-0.0005667616566397399,0.0008745189224857049,0.010683760683760686,1.0683760683760685e-05,1.0683760683760685e-05,0.00018509915511902668,0.0035612535612535618,3.561253561253562e-06,3.561253561253562e-06,0.0030107049510946743,0.5003561253561254,0.5003561253561254
2015-10-30,-0.002138417462733924,-0.0021633462376626994,0.024928774928774933,2.4928774928774933e-05,0.0031457236385907814,-0.005284141101324706,-0.10827540853690558,0.9935897435897436,2.4928774928775245e-05,-0.002163346237662699,0.01098166276841953,0.0097099036778611,0.005827661283988282,0.005222718431075702,0.006886696673884635,0.01780626780626781,1.780626780626781e-05,1.780626780626781e-05,0.003127917370784514,0.0071225071225071235,7.122507122507124e-06,7.122507122507124e-06,-0.005291263608447213,0.5003561253561254,0.5003561253561254
2015-11-02,-0.002383603208567306,-0.0023978482228123204,0.014245014245014247,1.4245014245014248e-05,-0.00386533887102582,0.0014817356624585137,-0.14696288675543165,0.9935897435897436,1.4245014245014426e-05,-0.0023978482228123204,-0.0004589456782753905,-0.00802001032818202,-0.0074237186650965405,-0.007522774121284109,-0.007909442562842355,0.0071225071225071235,7.122507122507124e-06,7.122507122507124e-06,-0.003872461378148327,0.0071225071225071235,7.122507122507124e-06,7.122507122507124e-06,0.0014746131553360065,0.5003561253561254,0.5003561253561254
2015-11-04,0.0004192364010480663,0.00039172174773723485,0.027537336454533986,2.7537336454533987e-05,0.00023069903349370605,0.0001885373675543602,0.025795710064115112,0.9872611464968153,2.7514653310831453e-05,0.0003916990645935323,-0.0013295351311135588,0.001553727178402678,0.003305720180292061,0.002455584326251719,-0.0005399668437474135,0.012010724590342465,1.2010724590342464e-05,1.1988041446640212e-05,0.00021871099204706583,0.015526611864191521,1.5526611864191522e-05,1.5526611864191522e-05,0.00017301075569016867,0.49893842887473466,0.502476999292286
2015-11-05,0.0004859027951338783,0.00046467137262857036,0.024769992922859165,2.4769992922859167e-05,0.0014746656695974066,-0.0009887628744635285,0.04956556402679181,0.9872611464968153,2.123142250530795e-05,0.00046113280221101913,0.002371019085081103,0.00120316158139935,0.0025621850953014497,-0.0002908189788844345,0.004628053873503177,0.010615711252653929,1.0615711252653929e-05,1.0615711252653929e-05,0.0014640499583447528,0.014154281670205238,1.4154281670205239e-05,1.0615711252653929e-05,-0.0009993785857161824,0.49893842887473466,0.502476999292286
2015-11-06,0.001640584134645149,0.0016193527121398411,0.021231422505307858,2.1231422505307857e-05,-0.0025886398837944745,0.004229224018439623,0.03160796211336392,0.9872611464968153,2.1231422505307894e-05,0.0016193527121398411,-0.008564073857744079,-0.008301186489002,-0.010862619298827886,-0.010600330481320855,-0.002508968801486433,0.014154281670205238,1.4154281670205239e-05,1.4154281670205239e-05,-0.0026027941654646796,0.007077140835102619,7.077140835102619e-06,7.077140835102619e-06,0.004222146877604521,0.49893842887473466,0.502476999292286
2015-11-09,0.0007317165085771822,0.000706946515654323,0.024769992922859165,2.4769992922859167e-05,0.0018040117078186805,-0.0010722951992414983,0.010688079745258204,0.9872611464968153,2.4769992922859174e-05,0.000706946515654323,0.005196581759789242,-0.003945703449245562,0.0006736718268718981,0.0023137896186110354,0.004312533296288607,0.014154281670205238,1.4154281670205239e-05,1.4154281670205239e-05,0.0017898574261484752,0.010615711252653929,1.0615711252653929e-05,1.0615711252653929e-05,-0.0010829109104941522,0.49893842887473466,0.502476999292286
2015-11-10,0.003043806254944282,0.003022574832438974,0.021231422505307858,2.1231422505307857e-05,0.0021878052314325586,0.0008560010235117233,0.1338731160516931,0.9872611464968153,2.1231422505307677e-05,0.003022574832438974,-0.0036844484337485695,0.0022219630537862246,0.0052427163218387515,0.0016049816082469557,0.005836985191561657,0.014154281670205238,1.4154281670205239e-05,1.4154281670205239e-05,0.0021736509497623535,0.007077140835102619,7.077140835102619e-06,7.077140835102619e-06,0.0008489238826766206,0.49893842887473466,0.502476999292286
2015-11-11,0.0015064097749931927,0.0014816397820703335,0.024769992922859165,2.4769992922859167e-05,0.000928976255648002,0.0005774335193451906,0.07869198966901708,0.9872611464968153,2.4769992922859174e-05,0.0014816397820703335,-0.0018726604403646555,0.0002733482729218454,-0.001403946222153637,0.0017318824802797146,0.0019476367018599868,0.017692852087756547,1.7692852087756547e-05,1.7692852087756547e-05,0.0009112834035602455,0.007077140835102619,7.077140835102619e-06,7.077140835102619e-06,0.0005703563785100879,0.49893842887473466,0.502476999292286
2015-11-12,0.0024750451832678544,0.002450275190344995,0.024769992922859165,2.4769992922859167e-05,0.0012568417873636913,0.0012182033959041631,0.14068075162197385,0.9872611464968153,2.476999292285939e-05,0.0024502751903449954,-0.003055866890590374,-0.001213038126957901,-0.001414462973643503,0.001893799865374325,0.0028620956498536113,0.021231422505307858,2.1231422505307857e-05,2.1231422505307857e-05,0.0012356103648583834,0.0035385704175513095,3.5385704175513096e-06,3.5385704175513096e-06,0.0012146648254866119,0.49893842887473466,0.502476999292286
2015-11-13,-0.0013787505845028762,-0.0013964434365906328,0.028308563340410476,2.8308563340410477e-05,0.0039996526810585796,-0.005378403265561456,-0.13266934648417172,0.9872611464968153,1.7692852087756615e-05,-0.0014070591478432867,0.011327557613913535,0.010407000425139052,0.009003408124406729,0.00834802745715026,0.007934887711624648,0.007077140835102619,7.077140835102619e-06,7.077140835102619e-06,0.003992575540223477,0.021231422505307858,2.1231422505307857e-05,1.0615711252653929e-05,-0.00538901897681411,0.49893842887473466,0.502476999292286
2015-11-16,0.00210896035064102,0.002094806068970815,0.014154281670205238,1.4154281670205239e-05,0.0008116072968137889,0.001297353053827231,0.11704552507077487,0.9872611464968153,1.4154281670205118e-05,0.002094806068970815,-0.003328724295129836,-0.001355703450101286,-0.0014127685279416895,0.0014861752214842994,0.0017151611469872546,0.007077140835102619,7.077140835102619e-06,7.077140835102619e-06,0.0008045301559786863,0.007077140835102619,7.077140835102619e-06,7.077140835102619e-06,0.0012902759129921285,0.49893842887473466,0.502476999292286
2015-11-17,-0.0007882133352447648,-0.0008094447577500727,0.021231422505307858,2.1231422505307857e-05,0.001010767217054014,-0.0017989805522987787,-0.08545248177517223,0.9872611464968153,2.1231422505307894e-05,-0.0008094447577500727,0.0036121565526638167,0.0038230991018559056,0.004116416558857314,0.004234771180390299,0.0009312749468937657,0.007077140835102619,7.077140835102619e-06,7.077140835102619e-06,0.0010036900762189114,0.014154281670205238,1.4154281670205239e-05,1.4154281670205239e-05,-0.001813134833968984,0.49893842887473466,0.502476999292286
2015-11-18,0.002260645560842427,0.0022429527087546703,0.017692852087756547,1.7692852087756547e-05,-0.000762750021165035,0.003023395582007462,0.16358209168986046,0.9872611464968153,1.769285208775683e-05,0.0022429527087546707,-0.00754787485141711,-0.00356499957439046,-0.0030237295483060912,-0.0009651844479795272,-0.001829994483077431,0.010615711252653929,1.0615711252653929e-05,1.0615711252653929e-05,-0.0007733657324176889,0.007077140835102619,7.077140835102619e-06,7.077140835102619e-06,0.0030163184411723595,0.49893842887473466,0.502476999292286
2015-11-19,0.0013332146548012233,0.0013190603731310182,0.014154281670205238,1.4154281670205239e-05,0.002577479577531098,-0.0012442649227298748,0.0683980054137406,0.9872611464968153,1.4154281670205118e-05,0.001319060373131018,0.0005387542887809959,0.006438353763497701,0.004938323355739725,0.0047224301232833416,0.005445607664687862,0.010615711252653929,1.0615711252653929e-05,1.0615711252653929e-05,0.0025668638662784443,0.0035385704175513095,3.5385704175513096e-06,3.5385704175513096e-06,-0.0012478034931474261,0.49893842887473466,0.502476999292286
2015-11-20,0.004524251546555708,0.004513635835303054,0.010615711252653929,1.0615711252653929e-05,0.0034294657219558085,0.0010947858245998995,0.29280769763256265,0.9872611464968153,1.0615711252653405e-05,0.0045136358353030535,-0.003792105995364511,0.000759471735026361,0.003552986564893528,0.005730408415748587,0.0075251378224142785,0.007077140835102619,7.077140835102619e-06,7.077140835102619e-06,0.003422388581120706,0.0035385704175513095,3.5385704175513096e-06,3.5385704175513096e-06,0.0010912472541823482,0.49893842887473466,0.502476999292286
2015-11-24,-0.00261360435213014,-0.002627758633800345,0.014154281670205238,1.4154281670205239e-05,-9.786456062662181e-06,-0.0026038178960674776,-0.22176404875230943,0.9872611464968153,1.4154281670205118e-05,-0.002627758633800345,0.004918975670550579,0.006132173434224816,-0.0020208662013994896,0.00013249515303837507,-9.669811479690256e-05,0.010615711252653929,1.0615711252653929e-05,1.0615711252653929e-05,-2.0402167315316108e-05,0.0035385704175513095,3.5385704175513096e-06,3.5385704175513096e-06,-0.002607356466485029,0.49893842887473466,0.502476999292286
2015-11-25,0.0004923972498407607,0.0004817815385881068,0.010615711252653929,1.0615711252653929e-05,-0.0002597356882935411,0.0007521329381343019,0.03225794516558694,0.9872611464968153,1.0615711252653893e-05,0.00048178153858810676,-0.0018991109442540325,-0.000845397284885888,-0.0012603978762103906,-0.0010347930947687974,-0.00026630139846904534,0.007077140835102619,7.077140835102619e-06,7.077140835102619e-06,-0.00026681282912864373,0.0035385704175513095,3.5385704175513096e-06,3.5385704175513096e-06,0.0007485943677167506,0.49893842887473466,0.502476999292286
2015-11-26,0.0006014348692710335,0.000583742017183277,0.017692852087756547,1.7692852087756547e-05,0.00037169097998002377,0.00022974388929100975,0.06802360276320375,0.9872611464968153,1.7692852087756506e-05,0.000583742017183277,-0.0003016738580889114,-0.0007973042984584769,-0.0013634343185836353,0.00030595742333788714,0.0009748373338223011,0.010615711252653929,1.0615711252653929e-05,1.0615711252653929e-05,0.0003610752687273698,0.007077140835102619,7.077140835102619e-06,7.077140835102619e-06,0.00022266674845590714,0.49893842887473466,0.502476999292286
2015-11-27,0.0038023453497545876,0.003791729638501934,0.010615711252653929,1.0615711252653929e-05,0.004001552363808067,-0.00019920701405347918,0.19354050996099625,0.9872611464968153,1.0615711252653839e-05,0.003791729638501934,-0.0007179380245107142,0.002587835370255068,0.005505785229081172,0.0038382455422749442,0.010219797392744487,0.007077140835102619,7.077140835102619e-06,7.077140835102619e-06,0.003994475222972965,0.0035385704175513095,3.5385704175513096e-06,3.5385704175513096e-06,-0.0002027455844710305,0.49893842887473466,0.502476999292286
2015-11-30,-0.00015929296809303855,-0.0001840629610158977,0.024769992922859165,2.4769992922859167e-05,0.0001698325790435331,-0.00032912554713657166,-0.0160273455962037,0.9872611464968153,2.4769992922859147e-05,-0.00018406296101589772,0.0004475153139705214,0.001112489064882504,-0.002802328527560078,-0.000331295178249236,0.0006835006474775972,0.017692852087756547,1.7692852087756547e-05,1.7692852087756547e-05,0.00015213972695577653,0.007077140835102619,7.077140835102619e-06,7.077140835102619e-06,-0.0003362026879716743,0.49893842887473466,0.502476999292286
2015-12-01,0.00020529443148363635,0.00018052443856077718,0.024769992922859165,2.4769992922859167e-05,-0.001053568949425514,0.0012588633809091504,0.01740500890355044,0.9872611464968153,2.4769992922859174e-05,0.00018052443856077718,-0.003018732987087214,-0.0017244699919146678,-0.003358068990274171,-0.0008821087319366757,-0.0027556932764153386,0.014154281670205238,1.4154281670205239e-05,1.4154281670205239e-05,-0.0010677232310957194,0.010615711252653929,1.0615711252653929e-05,1.0615711252653929e-05,0.0012482476696564966,0.49893842887473466,0.502476999292286
2015-12-02,0.0004985877892579965,0.00048797207800534257,0.010615711252653929,1.0615711252653929e-05,-0.0025620429033005343,0.003060630692558531,0.053039380904868066,0.9872611464968153,1.0615711252653947e-05,0.00048797207800534257,-0.005983020287171488,-0.006818710374136923,-0.008397226216719159,-0.005234734540009784,-0.005139793560131947,0.0035385704175513095,3.5385704175513096e-06,3.5385704175513096e-06,-0.0025655814737180855,0.007077140835102619,7.077140835102619e-06,7.077140835102619e-06,0.0030535535517234283,0.49893842887473466,0.502476999292286
2015-12-03,-0.0006365688030662285,-0.0006471845143188825,0.010615711252653929,1.0615711252653929e-05,0.00475421347391117,-0.005390782276977399,-0.0290981395637499,0.9872611464968153,1.0615711252653947e-05,-0.0006471845143188825,0.011225772829666783,0.010678505190939052,0.011092127246182758,0.010702736684672679,0.009037764554276136,0.010615711252653929,1.0615711252653929e-05,1.0615711252653929e-05,0.004743597762658516,0.0,0.0,0.0,-0.005390782276977399,0.49893842887473466,0.502476999292286
2015-12-04,-0.0009929655120087778,-0.0010071197936789831,0.014154281670205238,1.4154281670205239e-05,-0.002122593945041115,0.0011296284330323373,-0.06752579165214569,0.9872611464968153,1.4154281670205335e-05,-0.0010071197936789831,-0.0026699634911891536,-0.0016226876058877764,-0.0035227996113212593,-0.0016768614799230976,-0.005602500637765951,0.007077140835102619,7.077140835102619e-06,7.077140835102619e-06,-0.0021296710858762177,0.007077140835102619,7.077140835102619e-06,7.077140835102619e-06,0.0011225512921972348,0.49893842887473466,0.502476999292286
2015-12-07,0.0008818622512746076,0.0008677079696044024,0.014154281670205238,1.4154281670205239e-05,-0.0004763338803125134,0.001358196131587121,0.055338311046608774,0.9872611464968153,1.4154281670205227e-05,0.0008677079696044024,-0.002949435128109126,-0.002455907024012551,0.001645296290074666,-0.00311245136270332,0.00012551891904021248,0.007077140835102619,7.077140835102619e-06,7.077140835102619e-06,-0.000483411021147616,0.007077140835102619,7.077140835102619e-06,7.077140835102619e-06,0.0013511189907520185,0.49893842887473466,0.502476999292286
2015-12-08,-0.00034686066101834065,-0.0003680920835236485,0.021231422505307858,2.1231422505307857e-05,-0.0012483914303869526,0.0009015307693686118,-0.02427924207631751,0.9872611464968153,2.123142250530784e-05,-0.0003680920835236485,-0.0020157839167942193,-0.001517792744580761,-0.003426029802566437,-0.005204608050129056,-0.0011632133319493241,0.014154281670205238,1.4154281670205239e-05,1.4154281670205239e-05,-0.001262545712057158,0.007077140835102619,7.077140835102619e-06,7.077140835102619e-06,0.0008944536285335091,0.49893842887473466,0.502476999292286
2015-12-09,-0.0011530708338513477,-0.00117278037119826,0.019747022203030044,1.9747022203030043e-05,-0.0007668146382608196,-0.0003862561955905281,-0.06333658762478099,0.9851694915254238,1.9709537346912324e-05,-0.0011728178560543778,0.001508398758844719,-0.0005931177119921671,-0.004441805962495827,-0.0030151956820345218,-0.0008026351968068255,0.011627802367843424,1.1627802367843425e-05,1.1620305396619798e-05,-0.0007784349436574395,0.008119219835186618,8.119219835186618e-06,8.089231950292115e-06,-0.00039434542754082023,0.501412429378531,0.501412429378531
2015-12-10,-0.00019558200260855232,-0.0002132373698401907,0.01765536723163842,1.765536723163842e-05,-0.002389048159094103,0.0021934661564855505,-0.008231964939584755,0.9851694915254238,1.7655367231638375e-05,-0.00021323736984019074,-0.005173554879130005,-0.003199917479061223,-0.0036634919686298257,-0.003938216624797747,-0.005228534652020806,0.014124293785310734,1.4124293785310734e-05,1.4124293785310734e-05,-0.0024031724528794135,0.0035310734463276836,3.5310734463276836e-06,3.5310734463276836e-06,0.0021899350830392227,0.501412429378531,0.501412429378531
2015-12-11,0.0022109049979631436,0.0021932496307315056,0.01765536723163842,1.765536723163842e-05,0.006104789803734818,-0.0038938848057716736,0.13103937613084637,0.9851694915254238,1.7655367231637995e-05,0.002193249630731505,0.008298114101027109,0.007396165825554702,0.009994572081078951,0.009341125392935681,0.013721740201592801,0.014124293785310734,1.4124293785310734e-05,1.4124293785310734e-05,0.0060906655099495065,0.0035310734463276836,3.5310734463276836e-06,3.5310734463276836e-06,-0.0038974158792180013,0.501412429378531,0.501412429378531
2015-12-14,-0.001714905830217259,-0.0017325611974488974,0.01765536723163842,1.765536723163842e-05,0.0029855033562994357,-0.0047004091865166945,-0.19688005747922108,0.9851694915254238,1.765536723163843e-05,-0.0017325611974488974,0.010124115202231642,0.008720455281243582,0.00733320018691746,0.005934538828789829,0.0060273534633072156,0.01059322033898305,1.059322033898305e-05,1.059322033898305e-05,0.002974910135960453,0.007062146892655367,7.062146892655367e-06,7.062146892655367e-06,-0.00470747133340935,0.501412429378531,0.501412429378531
2015-12-15,-0.0033487717754597445,-0.0033699582161377107,0.0211864406779661,2.11864406779661e-05,-0.0044644168506737004,0.0011156450752139557,-0.21898294242052446,0.9851694915254238,2.11864406779662e-05,-0.0033699582161377107,-0.0010957114158440325,-0.004600871201250751,-0.006314519075352462,-0.009573621827164003,-0.008663432193979614,0.01765536723163842,1.765536723163842e-05,1.765536723163842e-05,-0.004482072217905339,0.0035310734463276836,3.5310734463276836e-06,3.5310734463276836e-06,0.001112114001767628,0.501412429378531,0.501412429378531
2015-12-16,0.001962957752256935,0.001952364531917952,0.01059322033898305,1.059322033898305e-05,-0.0012505380584601224,0.0032134958107170575,0.1118227195364795,0.9872881355932204,1.05932203389831e-05,0.001952364531917952,-0.006563164067832887,-0.006655618796218682,-0.003841666373197694,-0.004510530569706789,-0.0014963941197861854,0.007062146892655367,7.062146892655367e-06,7.062146892655367e-06,-0.0012576002053527777,0.0035310734463276836,3.5310734463276836e-06,3.5310734463276836e-06,0.0032099647372707298,0.501412429378531,0.501412429378531
2015-12-17,0.002624152024242271,0.002613558803903288,0.01059322033898305,1.059322033898305e-05,0.0012316167010781808,0.0013925353231640904,0.12876123470676143,0.9872881355932204,1.0593220338983318e-05,0.0026135588039032883,-0.003108382567953919,-0.0023724082943885907,-0.0008984875427341196,-0.00042928200334433546,0.00388389583055289,0.007062146892655367,7.062146892655367e-06,7.062146892655367e-06,0.0012245545541855255,0.0035310734463276836,3.5310734463276836e-06,3.5310734463276836e-06,0.0013890042497177626,0.501412429378531,0.501412429378531
2015-12-18,-0.0021335141675469047,-0.002151169534778543,0.01765536723163842,1.765536723163842e-05,-8.345890002559173e-05,-0.002050055267521313,-0.16918551581448862,0.9872881355932204,1.765536723163843e-05,-0.002151169534778543,0.005588374187963258,0.0015326298012208384,0.0025931704781747733,0.0019993135210865693,-0.0012379294313506982,0.01059322033898305,1.059322033898305e-05,1.059322033898305e-05,-9.405212036457478e-05,0.007062146892655367,7.062146892655367e-06,7.062146892655367e-06,-0.0020571174144139687,0.501412429378531,0.501412429378531
2015-12-21,-6.46868920648099e-05,-7.881118585012061e-05,0.014124293785310734,1.4124293785310734e-05,0.0011079647225974547,-0.0011726516146622647,-0.06358008752080034,0.9872881355932204,1.412429378531071e-05,-7.881118585012064e-05,0.002236431548286926,0.002735737582515811,0.004130680213951315,0.0005546542416259027,0.0030284932640334927,0.007062146892655367,7.062146892655367e-06,7.062146892655367e-06,0.0011009025757047993,0.007062146892655367,7.062146892655367e-06,7.062146892655367e-06,-0.00117971376155492,0.501412429378531,0.501412429378531
2015-12-22,-0.0020155859697187748,-0.002033241336950413,0.01765536723163842,1.765536723163842e-05,-0.0026423454216005426,0.0006267594518817676,-0.11336917134504605,0.9872881355932204,1.765536723163843e-05,-0.002033241336950413,0.0004896670526187147,-0.004724637841728077,-0.0035614976526576266,-0.005985182117662275,-0.004915880672285755,0.01059322033898305,1.059322033898305e-05,1.059322033898305e-05,-0.0026529386419395255,0.007062146892655367,7.062146892655367e-06,7.062146892655367e-06,0.0006196973049891123,0.501412429378531,0.501412429378531
2015-12-24,0.0009247817662451917,0.0009000642521208978,0.024717514124293787,2.4717514124293784e-05,0.0010146676463789687,-8.9885880133777e-05,-0.00689677662451703,0.9872881355932204,2.4717514124293865e-05,0.000900064252120898,0.0001600659359454285,0.0002316953421883333,0.00039813258359940523,0.0014176587992122442,0.0023234096199110364,0.014124293785310734,1.4124293785310734e-05,1.4124293785310734e-05,0.001000543352593658,0.01059322033898305,1.059322033898305e-05,1.059322033898305e-05,-0.00010047910047276005,0.501412429378531,0.501412429378531
2015-12-25,0.004284810995872494,0.004270686702087183,0.014124293785310734,1.4124293785310734e-05,0.0031093415668072472,0.0011754694290652466,0.2530821569569727,0.9872881355932204,1.412429378531109e-05,0.004270686702087183,-0.002864844148349388,-0.0015360026555634797,-0.002322850069392462,0.0023454241568712816,0.008108743119440655,0.0035310734463276836,3.5310734463276836e-06,3.5310734463276836e-06,0.0031058104933609195,0.01059322033898305,1.059322033898305e-05,1.059322033898305e-05,0.0011648762087262635,0.501412429378531,0.501412429378531
2015-12-28,0.001158756213650433,0.00114816299331145,0.01059322033898305,1.059322033898305e-05,0.001579393528389111,-0.00042063731473867806,0.07299445828087234,0.9872881355932204,1.05932203389831e-05,0.00114816299331145,0.0009105410962030215,0.0007716010165855038,0.00194807581816124,0.002052214105018703,0.0036929493084622866,0.007062146892655367,7.062146892655367e-06,7.062146892655367e-06,0.0015723313814964557,0.0035310734463276836,3.5310734463276836e-06,3.5310734463276836e-06,-0.00042416838818500573,0.501412429378531,0.501412429378531
2015-12-29,0.0025718918875481498,0.0025683608141018224,0.0035310734463276836,3.5310734463276836e-06,0.00026037354100545874,0.002311518346542691,0.16199352472962145,0.9872881355932204,3.531073446327339e-06,0.002568360814101822,-0.00447183902553555,-0.005269886051428832,-0.0031724003165773283,-0.0014565582456373463,0.0014968002563968544,0.0035310734463276836,3.5310734463276836e-06,3.5310734463276836e-06,0.0002568424675591311,0.0,0.0,0.0,0.002311518346542691,0.501412429378531,0.501412429378531
2015-12-30,-0.0008835260274895232,-0.0008976503212748339,0.014124293785310734,1.4124293785310734e-05,-5.2710588661059434e-05,-0.0008308154388284637,-0.07008808703816413,0.9872881355932204,1.4124293785310765e-05,-0.0008976503212748339,0.0020812182773941464,0.0009765121070926301,-0.0019043955580797308,-0.0005231538967670023,0.00010169046778144289,0.007062146892655367,7.062146892655367e-06,7.062146892655367e-06,-5.97727355537148e-05,0.007062146892655367,7.062146892655367e-06,7.062146892655367e-06,-0.0008378775857211191,0.501412429378531,0.501412429378531
2016-01-04,0.0004232711856358107,0.0003508841799860932,0.07415254237288135,7.415254237288135e-05,0.0019034264898466294,-0.0014801553042108188,0.011617243394213286,0.9872881355932204,7.238700564971755e-05,0.0003491186432629294,0.0027792372913627867,0.003515917233271559,0.004883330026768965,0.0023377854010899197,0.00451762597971936,0.03531073446327684,3.531073446327684e-05,3.531073446327684e-05,0.0018681157553833525,0.03884180790960452,3.884180790960452e-05,3.7076271186440676e-05,-0.0015172315753972595,0.501412429378531,0.501412429378531
2016-01-05,0.0013657682816482013,0.0013481129144165631,0.01765536723163842,1.765536723163842e-05,-0.00020212517789901935,0.0015678934595472207,0.07294963359076896,0.9872881355932204,1.7655367231638212e-05,0.001348112914416563,-0.0028787751925343423,-0.003853335699583084,0.001388938107569733,-0.0006654250621712741,-0.0002733354995679201,0.01059322033898305,1.059322033898305e-05,1.059322033898305e-05,-0.0002127183982380024,0.007062146892655367,7.062146892655367e-06,7.062146892655367e-06,0.0015608313126545654,0.501412429378531,0.501412429378531
2016-01-06,0.002754356678272212,0.002726108090701591,0.02824858757062147,2.824858757062147e-05,0.00046408632150819957,0.0022902703567640125,0.1551255046853956,0.9872881355932204,2.8248587570621313e-05,0.002726108090701591,-0.005901094851775502,-0.0022732008316606934,-0.00029325747496635916,-0.001994812236195673,0.0023703728563401975,0.01059322033898305,1.059322033898305e-05,1.059322033898305e-05,0.0004534931011692165,0.01765536723163842,1.765536723163842e-05,1.765536723163842e-05,0.002272614989532374,0.501412429378531,0.501412429378531
2016-01-07,-0.0018346009617431953,-0.0018451941820821784,0.01059322033898305,1.059322033898305e-05,-0.0009444118685687312,-0.0008901890931744641,-0.13601121328755603,0.9872881355932204,1.05932203389831e-05,-0.0018451941820821784,0.002376882736190149,0.0007188890205917104,0.0006386802247849967,-0.0018798547105939947,-0.001885308102955231,0.007062146892655367,7.062146892655367e-06,7.062146892655367e-06,-0.0009514740154613865,0.0035310734463276836,3.5310734463276836e-06,3.5310734463276836e-06,-0.0008937201666207918,0.501412429378531,0.501412429378531
2016-01-08,-0.005480698279260954,-0.005494822573046264,0.014124293785310734,1.4124293785310734e-05,0.0011008218613100893,-0.006581520140571043,-0.31021418908963483,0.9872881355932204,1.4124293785310223e-05,-0.005494822573046265,0.014355982680319717,0.01168034617678076,0.009573385999368675,0.0075425457984633956,-0.000449967383208024,0.007062146892655367,7.062146892655367e-06,7.062146892655367e-06,0.001093759714417434,0.007062146892655367,7.062146892655367e-06,7.062146892655367e-06,-0.006588582287463699,0.501412429378531,0.501412429378531
2016-01-12,0.0034398972814487006,0.00342577298766339,0.014124293785310734,1.4124293785310734e-05,-0.004671163771905641,0.008111061053354341,0.22105301853672882,0.9872881355932204,1.4124293785310656e-05,0.00342577298766339,-0.017986227066830257,-0.013813324734657328,-0.012107131409112964,-0.009639460039030334,-0.009155989035465809,0.007062146892655367,7.062146892655367e-06,7.062146892655367e-06,-0.004678225918798296,0.007062146892655367,7.062146892655367e-06,7.062146892655367e-06,0.008103998906461686,0.501412429378531,0.501412429378531
2016-01-13,-0.0005747674522892722,-0.000588891746074583,0.014124293785310734,1.4124293785310734e-05,0.007137937300910418,-0.00771270475319969,-0.071293017398324,0.9872881355932204,1.4124293785310765e-05,-0.000588891746074583,0.016269408329825236,0.01478392300563936,0.014152104167871582,0.01864022428475607,0.012056561076150475,0.007062146892655367,7.062146892655367e-06,7.062146892655367e-06,0.007130875154017762,0.007062146892655367,7.062146892655367e-06,7.062146892655367e-06,-0.007719766900092346,0.501412429378531,0.501412429378531
2016-01-14,-0.000397726649851605,-0.00041891309052957107,0.0211864406779661,2.11864406779661e-05,-0.007669730998869198,0.007272004349017592,0.02220594988469204,0.9872881355932204,2.1186440677966093e-05,-0.00041891309052957107,-0.0161363365030801,-0.012363197276525016,-0.012906867465610365,-0.013484991138569106,-0.016192349845968512,0.01059322033898305,1.059322033898305e-05,1.059322033898305e-05,-0.007680324219208181,0.01059322033898305,1.059322033898305e-05,1.059322033898305e-05,0.007261411128678609,0.501412429378531,0.501412429378531
2016-01-15,-0.000716973384352387,-0.0007275666046913701,0.01059322033898305,1.059322033898305e-05,0.004892610381566241,-0.0056095837659186285,-0.0471646456522274,0.9872881355932204,1.05932203389831e-05,-0.0007275666046913701,0.011088269941615332,0.012226092212463329,0.006276631483234469,0.00946276839897912,0.009903548897974113,0.0035310734463276836,3.5310734463276836e-06,3.5310734463276836e-06,0.004889079308119913,0.007062146892655367,7.062146892655367e-06,7.062146892655367e-06,-0.005616645912811284,0.501412429378531,0.501412429378531
2016-01-18,0.0009159865556236441,0.000905393335284661,0.01059322033898305,1.059322033898305e-05,0.0019308501688094237,-0.0010148636131857795,0.06485735402107412,0.9872881355932204,1.05932203389831e-05,0.000905393335284661,0.001464268729523384,0.0032837989707109987,0.003577937838675944,0.0056574291652554875,0.0029570273372612724,0.0035310734463276836,3.5310734463276836e-06,3.5310734463276836e-06,0.001927319095363096,0.007062146892655367,7.062146892655367e-06,7.062146892655367e-06,-0.0010219257600784348,0.501412429378531,0.501412429378531
2016-01-19,-0.003618028953534386,-0.0036250911004270412,0.007062146892655367,7.062146892655367e-06,-0.0027122917344744642,-0.0009057372190599219,-0.25704345000698164,0.9872881355932204,7.062146892655111e-06,-0.0036250911004270417,0.004202493616810538,-0.0027983791894365517,-0.0020556363541161696,-0.0018854744810695026,-0.007152670722030543,0.0035310734463276836,3.5310734463276836e-06,3.5310734463276836e-06,-0.002715822807920792,0.0035310734463276836,3.5310734463276836e-06,3.5310734463276836e-06,-0.0009092682925062496,0.501412429378531,0.501412429378531
2016-01-20,0.000585819865992412,0.000575226645653429,0.01059322033898305,1.059322033898305e-05,0.00739152071354776,-0.006805700847555348,0.011582498330191355,0.9872881355932204,1.0593220338982992e-05,0.0005752266456534289,0.014114022760737787,0.013524395398705338,0.0170700507259453,0.014335412066056505,0.014942255778653367,0.0035310734463276836,3.5310734463276836e-06,3.5310734463276836e-06,0.007387989640101433,0.007062146892655367,7.062146892655367e-06,7.062146892655367e-06,-0.006812762994448004,0.501412429378531,0.501412429378531
2016-01-21,0.0015304475611623417,0.0015198543408233586,0.01059322033898305,1.059322033898305e-05,-0.0021226131775677233,0.003653060738730065,0.09395462567381559,0.9872881355932204,1.05932203389831e-05,0.0015198543408233586,-0.008251232810075086,-0.005923298552289172,-0.00866024523427485,-0.008126358549441706,-0.0023072126322465163,0.007062146892655367,7.062146892655367e-06,7.062146892655367e-06,-0.002129675324460379,0.0035310734463276836,3.5310734463276836e-06,3.5310734463276836e-06,0.0036495296652837373,0.501412429378531,0.501412429378531
2016-01-22,0.001883114459555147,0.0018795833861088194,0.0035310734463276836,3.5310734463276836e-06,-0.0041256485009781045,0.006008762960533251,0.10350643510010403,0.9872881355932204,3.5310734463275557e-06,0.0018795833861088192,-0.012606969910639086,-0.011652482551488624,-0.008066843653323847,-0.009730385316413669,-0.007484795216900597,0.0,0.0,0.0,-0.0041256485009781045,0.0035310734463276836,3.5310734463276836e-06,3.5310734463276836e-06,0.006005231887086924,0.501412429378531,0.501412429378531
2016-01-25,-0.00046998455735031586,-0.0004841088511356265,0.014124293785310734,1.4124293785310734e-05,0.0068243572830139435,-0.00729434184036426,-0.020451857778847667,0.9872881355932204,1.4124293785310656e-05,-0.00048410885113562657,0.016701455608432,0.011381154692804606,0.013448781626528055,0.013570353130363125,0.013630014583394549,0.01059322033898305,1.059322033898305e-05,1.059322033898305e-05,0.006813764062674961,0.0035310734463276836,3.5310734463276836e-06,3.5310734463276836e-06,-0.0072978729138105875,0.501412429378531,0.501412429378531
2016-01-26,0.0005617771714649661,0.0005582460980186384,0.0035310734463276836,3.5310734463276836e-06,-0.00502542021739509,0.0055871973888600565,0.04036789449358921,0.9872881355932204,3.531073446327664e-06,0.0005582460980186384,-0.01104789675834846,-0.012169630080798056,-0.009117717369402098,-0.01110837536635406,-0.009485319614185776,0.0035310734463276836,3.5310734463276836e-06,3.5310734463276836e-06,-0.005028951290841417,0.0,0.0,0.0,0.0055871973888600565,0.501412429378531,0.501412429378531
2016-01-27,0.0025185286973883284,0.0025044044036030178,0.014124293785310734,1.4124293785310734e-05,0.0038984695103861404,-0.001379940812997812,0.08339331204951113,0.9872881355932204,1.4124293785310656e-05,0.0025044044036030178,0.0018158695662525894,0.004811596519263272,0.009358014345538289,0.004831860163944602,0.009231043554062722,0.01059322033898305,1.059322033898305e-05,1.059322033898305e-05,0.0038878762900471575,0.0035310734463276836,3.5310734463276836e-06,3.5310734463276836e-06,-0.0013834718864441397,0.501412429378531,0.501412429378531
2016-01-28,-0.004544487519279198,-0.004558611813064509,0.014124293785310734,1.4124293785310734e-05,-0.0003423603022227838,-0.0042021272170564145,-0.12940893962037164,0.9872881355932204,1.412429378531109e-05,-0.004558611813064509,0.006109227637322732,0.013505236241649144,0.011743531167402918,0.005062850180017669,-0.003525372590003398,0.007062146892655367,7.062146892655367e-06,7.062146892655367e-06,-0.0003494224491154392,0.007062146892655367,7.062146892655367e-06,7.062146892655367e-06,-0.00420918936394907,0.501412429378531,0.501412429378531
2016-01-29,0.005670338068029454,0.005649151627351488,0.0211864406779661,2.11864406779661e-05,0.0014398745893564446,0.0042304634786730095,0.2108385626334624,0.9872881355932204,2.1186440677965768e-05,0.005649151627351488,-0.007540854640850913,-0.010845346886062632,-0.006188122202940674,-0.003948305549574101,0.0062457141530076615,0.007062146892655367,7.062146892655367e-06,7.062146892655367e-06,0.0014328124424637892,0.014124293785310734,1.4124293785310734e-05,1.4124293785310734e-05,0.004216339184887698,0.501412429378531,0.501412429378531
2016-02-01,-0.0018825439377354299,-0.0019001993049670685,0.01765536723163842,1.765536723163842e-05,-0.004199990563406105,0.002317446625670675,-0.0901814065881029,0.9872881355932204,1.7655367231638646e-05,-0.0019001993049670683,-0.005274187952444633,-0.0036790450056995473,-0.00702520692413066,-0.007081924008822881,-0.009016704201494039,0.01059322033898305,1.059322033898305e-05,1.059322033898305e-05,-0.004210583783745088,0.007062146892655367,7.062146892655367e-06,7.062146892655367e-06,0.0023103844787780194,0.501412429378531,0.501412429378531
2016-02-02,0.0018213875267028227,0.0018037321594711843,0.01765536723163842,1.765536723163842e-05,0.004200464459149708,-0.002379076932446885,0.03742618526767781,0.9872881355932204,1.765536723163843e-05,0.0018037321594711843,0.002585584608618667,0.009373780715613773,0.006496319981495366,0.0068889644821930026,0.00911358109650659,0.007062146892655367,7.062146892655367e-06,7.062146892655367e-06,0.004193402312257052,0.01059322033898305,1.059322033898305e-05,1.059322033898305e-05,-0.0023896701527858677,0.501412429378531,0.501412429378531
2016-02-03,-0.0008863599390794882,-0.0009040153063111265,0.01765536723163842,1.765536723163842e-05,-0.0020262555840807957,0.0011398956450013075,-0.04380018505007647,0.9872881355932204,1.765536723163832e-05,-0.0009040153063111266,-0.0018906434122455277,-0.0032017043599522955,-0.008385777275735069,-0.004832751498325174,-0.0036494343262147176,0.014124293785310734,1.4124293785310734e-05,1.4124293785310734e-05,-0.0020403798778661063,0.0035310734463276836,3.5310734463276836e-06,3.5310734463276836e-06,0.0011363645715549797,0.501412429378531,0.501412429378531
2016-02-04,0.001334972283430114,0.0013173169161984756,0.01765536723163842,1.765536723163842e-05,0.0005940844294036589,0.0007408878540264551,0.013253107415314094,0.9872881355932204,1.765536723163843e-05,0.0013173169161984756,0.00011588249790144855,-0.004741518926176889,-0.00010256717888364231,0.001969425111444921,0.0007966497912547893,0.01765536723163842,1.765536723163842e-05,1.765536723163842e-05,0.0005764290621720205,0.0,0.0,0.0,0.0007408878540264551,0.501412429378531,0.501412429378531
2016-02-05,0.004292963363528651,0.004268245849404357,0.024717514124293787,2.4717514124293784e-05,-0.0005183261441335498,0.0048112895076622,0.2038229057131024,0.9872881355932204,2.4717514124293974e-05,0.004268245849404357,-0.012939219708008732,-0.0037021285039383236,-0.005636191361481265,-0.0035477328002003388,0.0002100366062188911,0.01059322033898305,1.059322033898305e-05,1.059322033898305e-05,-0.0005289193644725329,0.014124293785310734,1.4124293785310734e-05,1.4124293785310734e-05,0.004797165213876889,0.501412429378531,0.501412429378531
2016-02-08,-0.0014369622492281927,-0.001456383153182995,0.0211864406779661,2.11864406779661e-05,0.006770905224196855,-0.008207867473425048,-0.01603591430064738,0.9872881355932204,1.9420903954802315e-05,-0.001458148689906159,0.01811625963108673,0.01414563833148375,0.010690483440095475,0.01608984345090846,0.012308869884476907,0.01059322033898305,1.059322033898305e-05,8.82768361581921e-06,0.0067620775405810365,0.01059322033898305,1.059322033898305e-05,1.059322033898305e-05,-0.008218460693764031,0.501412429378531,0.501412429378531
2016-02-09,-0.0034645350250473313,-0.003476893782109478,0.0211864406779661,2.11864406779661e-05,-0.011392574540213913,0.007928039515166583,-0.1662371658937471,0.9872881355932204,1.2358757062146553e-05,-0.0034857214657252975,-0.015087261185395981,-0.01823814386465417,-0.01973710817909536,-0.020123254857104474,-0.024630599558421742,0.014124293785310734,1.4124293785310734e-05,7.062146892655367e-06,-0.011399636687106567,0.007062146892655367,7.062146892655367e-06,5.296610169491525e-06,0.007922742904997091,0.501412429378531,0.501412429378531
2016-02-10,0.0009812540846376439,0.0009635987174060055,0.01765536723163842,1.765536723163842e-05,0.020890933121471757,-0.01990967903683411,-0.011446245502337436,0.9872881355932204,1.765536723163843e-05,0.0009635987174060055,0.03925716021430909,0.043122603479042225,0.040828577901100706,0.03865657503478938,0.04428797334282898,0.0035310734463276836,3.5310734463276836e-06,3.5310734463276836e-06,0.02088740204802543,0.014124293785310734,1.4124293785310734e-05,1.4124293785310734e-05,-0.01992380333061942,0.501412429378531,0.501412429378531
2016-02-12,-0.003329985093656779,-0.003351171534334745,0.0211864406779661,2.11864406779661e-05,-0.015098804582110282,0.011768819488453503,-0.10871428143679733,0.9872881355932204,2.1186440677965768e-05,-0.0033511715343347453,-0.02131972415150748,-0.029181171429603064,-0.025940132426008726,-0.031180287704706787,-0.030388151391234047,0.01059322033898305,1.059322033898305e-05,1.059322033898305e-05,-0.015109397802449265,0.01059322033898305,1.059322033898305e-05,1.059322033898305e-05,0.01175822626811452,0.501412429378531,0.501412429378531
2016-02-15,-0.0004851283715355698,-0.0004992526653208806,0.014124293785310734,1.4124293785310734e-05,0.0012549114418785752,-0.0017400398134141451,-0.02696009446388396,0.9872881355932204,1.4124293785310765e-05,-0.0004992526653208806,0.005152431665532461,0.0003990545091467976,0.0016731252361998964,-2.0326555988580037e-05,0.0038315710235858223,0.007062146892655367,7.062146892655367e-06,7.062146892655367e-06,0.00124784929498592,0.007062146892655367,7.062146892655367e-06,7.062146892655367e-06,-0.0017471019603068005,0.501412429378531,0.501412429378531
2016-02-16,0.0022466671373254387,0.002232542843540128,0.014124293785310734,1.4124293785310734e-05,0.007501880325732759,-0.00525521318840732,0.08721123724149095,0.9872881355932204,1.4124293785310656e-05,0.002232542843540128,0.010520810562381638,0.011071527728039198,0.012835783395990315,0.018480821556051016,0.013604024794528444,0.01059322033898305,1.059322033898305e-05,1.059322033898305e-05,0.007491287105393776,0.0035310734463276836,3.5310734463276836e-06,3.5310734463276836e-06,-0.005258744261853647,0.501412429378531,0.501412429378531
2016-02-17,0.0022434773360330315,0.002229353042247721,0.014124293785310734,1.4124293785310734e-05,-0.00466176242414064,0.006905239760173671,0.09408921832796198,0.9872881355932204,1.4124293785310656e-05,0.002229353042247721,-0.014233124158542429,-0.013747159095644262,-0.011121645979394907,-0.013015587763084419,-0.007688024597131221,0.007062146892655367,7.062146892655367e-06,7.062146892655367e-06,-0.0046688245710332955,0.007062146892655367,7.062146892655367e-06,7.062146892655367e-06,0.0068981776132810155,0.501412429378531,0.501412429378531
2016-02-18,-3.969066573797524e-05,-5.381495952328598e-05,0.014124293785310734,1.4124293785310734e-05,0.0001464102238020255,-0.00018610088954000077,-0.017776369265322736,0.9872881355932204,1.4124293785310738e-05,-5.381495952328598e-05,-0.000318972384666116,0.0017457283256810824,0.002012602672639447,-0.0013735550370260706,0.0011326202645424292,0.007062146892655367,7.062146892655367e-06,7.062146892655367e-06,0.00013934807690937014,0.007062146892655367,7.062146892655367e-06,7.062146892655367e-06,-0.00019316303643265612,0.501412429378531,0.501412429378531
2016-02-19,0.0006124484423506818,0.0006018552220116987,0.01059322033898305,1.059322033898305e-05,0.006337315152303917,-0.005724866709953235,-0.002953271149946,0.9872881355932204,1.05932203389831e-05,0.0006018552220116987,0.011016791209830205,0.01293058427562505,0.010609352684230782,0.009233784349661527,0.014681254611539874,0.0035310734463276836,3.5310734463276836e-06,3.5310734463276836e-06,0.00633378407885759,0.007062146892655367,7.062146892655367e-06,7.062146892655367e-06,-0.005731928856845891,0.501412429378531,0.501412429378531
2016-02-22,0.0005168469774150752,0.0004956605367371091,0.0211864406779661,2.11864406779661e-05,-0.0043439281694458735,0.004860775146860949,0.013079647296145107,0.9915254237288136,2.1186440677966093e-05,0.0004956605367371091,-0.009634975952519791,-0.010428802850195743,-0.006754400707155961,-0.008294247918493845,-0.008940114951253839,0.014124293785310734,1.4124293785310734e-05,1.4124293785310734e-05,-0.004358052463231185,0.007062146892655367,7.062146892655367e-06,7.062146892655367e-06,0.0048537129999682935,0.501412429378531,0.501412429378531
2016-02-23,0.001110716851892202,0.0010930614846605636,0.01765536723163842,1.765536723163842e-05,0.004584708121416695,-0.0034739912695244926,0.06891302950620921,0.9915254237288136,1.765536723163843e-05,0.0010930614846605636,0.006493023348114989,0.008222897436228883,0.008467292524822293,0.008922363542539353,0.00935147078176445,0.01059322033898305,1.059322033898305e-05,1.059322033898305e-05,0.004574114901077712,0.007062146892655367,7.062146892655367e-06,7.062146892655367e-06,-0.003481053416417148,0.501412429378531,0.501412429378531
2016-02-24,0.00046620163022699577,0.00045207733644168506,0.014124293785310734,1.4124293785310734e-05,0.0019708683707492392,-0.0015046667405222433,0.037274975336274836,0.9915254237288136,1.412429378531071e-05,0.00045207733644168506,0.0027520238287863934,0.003679477205692576,-0.0028974643892483456,0.002731992237911418,0.004571769015046254,0.01059322033898305,1.059322033898305e-05,1.059322033898305e-05,0.0019602751504102563,0.0035310734463276836,3.5310734463276836e-06,3.5310734463276836e-06,-0.0015081978139685711,0.501412429378531,0.501412429378531
2016-02-25,-0.0013177544093548876,-0.0013318787031401983,0.014124293785310734,1.4124293785310734e-05,-0.00017542798163102963,-0.001142326427723858,-0.05451833474461235,0.9915254237288136,1.4124293785310656e-05,-0.0013318787031401983,0.00320580158363325,0.0006079382688752662,-0.00039615461823316504,-0.004114160591695364,0.0015285568448061113,0.007062146892655367,7.062146892655367e-06,7.062146892655367e-06,-0.000182490128523685,0.007062146892655367,7.062146892655367e-06,7.062146892655367e-06,-0.0011493885746165133,0.501412429378531,0.501412429378531
2016-02-26,0.0037624304067997868,0.0037518371864608034,0.01059322033898305,1.059322033898305e-05,-0.000609857340108692,0.0043722877469084785,0.220772388147504,0.9915254237288136,1.0593220338983318e-05,0.003751837186460804,-0.00754920899911989,-0.011568184297988325,-0.0070815462762932905,-0.002405909553435371,-0.000634402656460842,0.007062146892655367,7.062146892655367e-06,7.062146892655367e-06,-0.0006169194870013473,0.0035310734463276836,3.5310734463276836e-06,3.5310734463276836e-06,0.004368756673462151,0.501412429378531,0.501412429378531
2016-02-29,-0.0035579534065191525,-0.00356148447996548,0.0035310734463276836,3.5310734463276836e-06,0.003540484131518321,-0.007098437538037473,-0.22025353384617025,0.9915254237288136,3.531073446327339e-06,-0.0035614844799654803,0.014130423890170928,0.015112308784606112,0.016193972727490125,0.008600363885031099,0.006366468121803477,0.0,0.0,0.0,0.003540484131518321,0.0035310734463276836,3.5310734463276836e-06,3.5310734463276836e-06,-0.0071019686114838,0.501412429378531,0.501412429378531
2016-03-01,-0.00200842613456326,-0.0020260815017948985,0.01765536723163842,1.765536723163842e-05,-0.007157552330975909,0.005149126196412649,-0.12477439144958082,0.9915254237288136,1.765536723163843e-05,-0.0020260815017948985,-0.008820238397341938,-0.01376107672911923,-0.01052587742934887,-0.009585973857150978,-0.01677104307283278,0.01059322033898305,1.059322033898305e-05,1.059322033898305e-05,-0.007168145551314892,0.007062146892655367,7.062146892655367e-06,7.062146892655367e-06,0.005142064049519993,0.501412429378531,0.501412429378531
2016-03-02,-7.87049232886836e-05,-8.929814362766659e-05,0.01059322033898305,1.059322033898305e-05,-0.000428083807031812,0.0003493788837431284,0.0004075207181730241,0.9915254237288136,1.0593220338982992e-05,-8.929814362766664e-05,0.00010236968429020227,-0.0023055768261862246,0.0016793305498539347,0.0028790646376514327,-0.0027292486395853873,0.007062146892655367,7.062146892655367e-06,7.062146892655367e-06,-0.00043514595392446737,0.0035310734463276836,3.5310734463276836e-06,3.5310734463276836e-06,0.0003458478102968007,0.501412429378531,0.501412429378531
2016-03-03,0.00601263223452791,0.005991445793849944,0.0211864406779661,2.11864406779661e-05,0.005545973335977228,0.00046665889855068205,0.2580609436053841,0.9915254237288136,2.1186440677965768e-05,0.005991445793849944,-0.0032243541535130235,0.0034996336607158503,0.004393317780682265,0.00661267653005185,0.013402381402513977,0.007062146892655367,7.062146892655367e-06,7.062146892655367e-06,0.005538911189084572,0.014124293785310734,1.4124293785310734e-05,1.4124293785310734e-05,0.00045253460476537134,0.501412429378531,0.501412429378531
2016-03-04,0.0011716066781440422,0.0011645445312513868,0.007062146892655367,7.062146892655367e-06,-1.7053459759163562e-05,0.0011886601379032058,0.050287658584504125,0.9915254237288136,7.062146892655328e-06,0.0011645445312513868,-0.0023944487467480796,-0.0024753035394332883,-0.004298036394537153,0.0007326364125557762,-0.0004176962892969851,0.0035310734463276836,3.5310734463276836e-06,3.5310734463276836e-06,-2.0584533205491246e-05,0.0035310734463276836,3.5310734463276836e-06,3.5310734463276836e-06,0.001185129064456878,0.501412429378531,0.501412429378531
2016-03-07,-0.001593510345304241,-0.0016005724921968963,0.007062146892655367,7.062146892655367e-06,-0.0033921796632393774,0.0017986693179351365,-0.09407418516050943,0.9915254237288136,7.062146892655328e-06,-0.0016005724921968963,-0.0035388352971830305,-0.0039108575212423785,-0.003208548718289679,-0.00567198287520008,-0.007383851973350936,0.0035310734463276836,3.5310734463276836e-06,3.5310734463276836e-06,-0.003395710736685705,0.0035310734463276836,3.5310734463276836e-06,3.5310734463276836e-06,0.0017951382444888087,0.501412429378531,0.501412429378531
2016-03-08,-0.0002980560415108576,-0.00030864926184984067,0.01059322033898305,1.059322033898305e-05,0.003399570084074587,-0.0036976261255854447,-0.06789030586531306,0.9915254237288136,1.0593220338983046e-05,-0.00030864926184984067,0.010651422817714888,0.0014305706284261307,0.003992674911992724,0.004862666281728057,0.007810775878390472,0.007062146892655367,7.062146892655367e-06,7.062146892655367e-06,0.0033925079371819314,0.0035310734463276836,3.5310734463276836e-06,3.5310734463276836e-06,-0.0037011571990317725,0.501412429378531,0.501412429378531
2016-03-09,0.0029664246619845198,0.002952300368199209,0.014124293785310734,1.4124293785310734e-05,-0.001964213698058718,0.004930638360043238,0.15380002826070133,0.9915254237288136,1.4124293785310656e-05,0.002952300368199209,-0.010512785463614121,-0.009131500444930758,-0.006795235205193507,-0.006151312474034589,-0.002842059925644714,0.01059322033898305,1.059322033898305e-05,1.059322033898305e-05,-0.0019748069183977007,0.0035310734463276836,3.5310734463276836e-06,3.5310734463276836e-06,0.00492710728659691,0.501412429378531,0.501412429378531
2016-03-10,-0.00036701076078823436,-0.0003917282749125281,0.024717514124293787,2.4717514124293784e-05,0.0046082535124415056,-0.00497526427322974,-0.04396283401684661,0.9915254237288136,2.4717514124293757e-05,-0.0003917282749125281,0.010377781014201387,0.009664659337704997,0.0075004919347594285,0.00981273082114932,0.00897722389499379,0.01059322033898305,1.059322033898305e-05,1.059322033898305e-05,0.004597660292102523,0.014124293785310734,1.4124293785310734e-05,1.4124293785310734e-05,-0.004989388567015051,0.501412429378531,0.501412429378531
2016-03-11,0.00027361317119148067,0.0002594888774061699,0.014124293785310734,1.4124293785310734e-05,-0.002607045347868469,0.00288065851905995,0.06807714960739986,0.9915254237288136,1.4124293785310765e-05,0.00025948887740616996,-0.00627941236607992,-0.005065884147200534,-0.0038371207187011046,-0.005448832357528029,-0.005130001294814182,0.007062146892655367,7.062146892655367e-06,7.062146892655367e-06,-0.0026141074947611245,0.007062146892655367,7.062146892655367e-06,7.062146892655367e-06,0.0028735963721672943,0.501412429378531,0.501412429378531
2016-03-14,0.0037132076318739525,0.0037026144115349696,0.01059322033898305,1.059322033898305e-05,0.002082521421839428,0.0016306862100345248,0.2391786040033028,0.9915254237288136,1.0593220338982884e-05,0.0037026144115349696,-0.003885383405558246,-0.002220320454689761,0.0011593969717580241,-0.0005032488271407394,0.006525774058941923,0.0035310734463276836,3.5310734463276836e-06,3.5310734463276836e-06,0.0020789903483931,0.007062146892655367,7.062146892655367e-06,7.062146892655367e-06,0.0016236240631418695,0.501412429378531,0.501412429378531
2016-03-15,-0.0006757326752716507,-0.0006792637487179784,0.0035310734463276836,3.5310734463276836e-06,0.001906708603816887,-0.0025824412790885374,-0.061842351880384415,0.9915254237288136,3.531073446327664e-06,-0.0006792637487179784,0.005131657826852776,0.005515635109945074,0.005623840751983878,0.0035770983799758424,0.0039559175823625295,0.0,0.0,0.0,0.001906708603816887,0.0035310734463276836,3.5310734463276836e-06,3.5310734463276836e-06,-0.002585972352534865,0.501412429378531,0.501412429378531
2016-03-16,0.0013678414566655108,0.0013537171628802,0.014124293785310734,1.4124293785310734e-05,-0.00026043375817597504,0.001628275214841486,0.07123698635092415,0.9915254237288136,1.4124293785310873e-05,0.0013537171628802002,-0.002725167442720037,-0.0044768539598482,-0.0038463761034409727,-0.003332349734730251,0.0008815489065626133,0.0035310734463276836,3.5310734463276836e-06,3.5310734463276836e-06,-0.0002639648316223027,0.01059322033898305,1.059322033898305e-05,1.059322033898305e-05,0.0016176819945025029,0.501412429378531,0.501412429378531
2016-03-17,0.0007879753010554707,0.0007809131541628154,0.007062146892655367,7.062146892655367e-06,0.003218797062609524,-0.0024308217615540534,0.05211711169076377,0.9915254237288136,7.062146892655328e-06,0.0007809131541628154,0.005385842021787517,0.004104494826971413,0.006745662697367021,0.00623696744999521,0.0065789984891621535,0.007062146892655367,7.062146892655367e-06,7.062146892655367e-06,0.0032117349157168686,0.0,0.0,0.0,-0.0024308217615540534,0.501412429378531,0.501412429378531
2016-03-18,0.0007422702224505315,0.0007316770021115483,0.01059322033898305,1.059322033898305e-05,-0.0014624565769294116,0.002204726799379943,0.050606323162173464,0.9915254237288136,1.0593220338983209e-05,0.0007316770021115484,-0.004362472956060136,-0.0047453429282312215,-0.0043127935976380255,-0.0010495599191410506,-0.0038812594296465954,0.007062146892655367,7.062146892655367e-06,7.062146892655367e-06,-0.001469518723822067,0.0035310734463276836,3.5310734463276836e-06,3.5310734463276836e-06,0.0022011957259336153,0.501412429378531,0.501412429378531
2016-03-22,0.0003914818054762979,0.0003808885851373149,0.01059322033898305,1.059322033898305e-05,-0.0005013585373861073,0.0008928403428624052,-0.02258982987034379,0.9915254237288136,1.0593220338982992e-05,0.00038088858513731487,-0.0038322997845977092,0.0021216850017948107,-0.0005348583106461719,-0.001615052926076107,-0.0007029494708741339,0.007062146892655367,7.062146892655367e-06,7.062146892655367e-06,-0.0005084206842787627,0.0035310734463276836,3.5310734463276836e-06,3.5310734463276836e-06,0.0008893092694160776,0.501412429378531,0.501412429378531
2016-03-23,0.0007087682397739175,0.0006981750194349344,0.01059322033898305,1.059322033898305e-05,0.0025914939522676942,-0.0018827257124937765,0.0249387226280064,0.9915254237288136,1.05932203389831e-05,0.0006981750194349344,0.003397670026362441,0.004693665518146657,0.003659282871351072,0.004514948684020381,0.005550090416311202,0.007062146892655367,7.062146892655367e-06,7.062146892655367e-06,0.0025844318053750387,0.0035310734463276836,3.5310734463276836e-06,3.5310734463276836e-06,-0.0018862567859401042,0.501412429378531,0.501412429378531
2016-03-24,-0.004205890355361818,-0.004230607869486112,0.024717514124293787,2.4717514124293784e-05,-0.0030882402404416778,-0.0011176501149201409,-0.2341758908124522,0.9978813559322034,2.4717514124293974e-05,-0.004230607869486112,0.0038666277966943564,-0.0010810878327782974,0.00015604848417321313,-0.0012061327178117419,-0.008701078705914161,0.01765536723163842,1.765536723163842e-05,1.765536723163842e-05,-0.003105895607673316,0.007062146892655367,7.062146892655367e-06,7.062146892655367e-06,-0.0011247122618127962,0.501412429378531,0.501412429378531
2016-03-25,-9.916210629077953e-05,-0.00011328640007609022,0.014124293785310734,1.4124293785310734e-05,-0.005440616531279608,0.005341454424988828,-0.005404365572478931,0.9978813559322034,1.4124293785310683e-05,-0.00011328640007609027,-0.011626966577065783,-0.008683788687991207,-0.004006867437978813,-0.008346355971000731,-0.012218126287461174,0.014124293785310734,1.4124293785310734e-05,1.4124293785310734e-05,-0.005454740825064919,0.0,0.0,0.0,0.005341454424988828,0.501412429378531,0.501412429378531
2016-03-28,0.0026693776759860507,0.00265525338220074,0.014124293785310734,1.4124293785310734e-05,0.0012341407265512804,0.0014352369494347705,0.12699495361320834,0.9978813559322034,1.4124293785310656e-05,0.00265525338220074,-0.0033490002762765615,-0.0018788101666734826,0.0010484270577376797,0.0014160182588972322,0.003010168038203752,0.007062146892655367,7.062146892655367e-06,7.062146892655367e-06,0.001227078579658625,0.007062146892655367,7.062146892655367e-06,7.062146892655367e-06,0.0014281748025421152,0.501412429378531,0.501412429378531
2016-03-29,0.0006358407540244055,0.000618185386792767,0.01765536723163842,1.765536723163842e-05,0.002419602281131438,-0.0017837615271070323,0.049232705731565296,0.9978813559322034,1.765536723163843e-05,0.000618185386792767,0.002940153023253649,0.004805249516332232,0.007653111698212687,0.00445278803872218,0.005063301363792348,0.007062146892655367,7.062146892655367e-06,7.062146892655367e-06,0.0024125401342387823,0.01059322033898305,1.059322033898305e-05,1.059322033898305e-05,-0.0017943547474460154,0.501412429378531,0.501412429378531
2016-03-30,0.001026643008414812,0.0010089876411831736,0.01765536723163842,1.765536723163842e-05,-0.00044492747640981515,0.0014715704848246272,0.04914794848413156,0.9978813559322034,1.765536723163843e-05,0.0010089876411831736,-0.0021307777521965194,-0.004560103720077981,-0.003782838397860737,-0.0034739149285120596,0.0003964951097958211,0.014124293785310734,1.4124293785310734e-05,1.4124293785310734e-05,-0.00045905177019512586,0.0035310734463276836,3.5310734463276836e-06,3.5310734463276836e-06,0.0014680394113782995,0.501412429378531,0.501412429378531
2016-03-31,0.0001994546563625539,0.00017120606879193244,0.02824858757062147,2.824858757062147e-05,0.00024751805571841286,-4.8063399355859e-05,-4.019652656071628e-06,0.9978813559322034,2.8248587570621475e-05,0.00017120606879193244,9.675144224993182e-05,9.404612093267522e-05,0.0008651430053783064,-0.0016726004135980328,0.0015820141789208726,0.014124293785310734,1.4124293785310734e-05,1.4124293785310734e-05,0.00023339376193310212,0.014124293785310734,1.4124293785310734e-05,1.4124293785310734e-05,-6.218769314116974e-05,0.501412429378531,0.501412429378531
