Date,gross,net,turnover,cost_all,long,short,rankic,label_coverage,cost,net_all_cost,q1,q2,q3,q4,q5,long_gross,long_net,long_net_all_cost,long_turnover,long_cost_all,short_gross,short_net,short_net_all_cost,short_turnover,short_cost_all,short_tail_high,short_tail_low,short_tail_gap,bottom_decile,top_decile,long_overlap,short_overlap
2015-01-05,-0.0001775159651350229,-0.00022421136743387346,0.04669540229885057,4.669540229885057e-05,0.002267885254597635,-0.0024454012197326577,0.02299556617786663,0.9892241379310345,4.669540229885056e-05,-0.00022421136743387346,0.005567499534177735,0.003505854685914893,0.003411652362704239,0.0033960337815117647,0.005091007355265425,0.002267885254597635,0.0022427415764367156,0.0022427415764367156,0.02514367816091954,2.514367816091954e-05,-0.0024454012197326577,-0.002466952943870589,-0.0024669529438705886,0.021551724137931036,2.1551724137931033e-05,0.00561603166794658,0.004166531756706896,0.0014494999112396835,0.005347570627889525,0.007039476155086957,1.0,0.989247311827957
2015-01-06,0.00505040582892637,0.0049929345645585545,0.05747126436781609,5.747126436781609e-05,0.005988777182097345,-0.0009383713531709744,0.2745103002912449,0.9892241379310345,5.7471264367815744e-05,0.0049929345645585545,0.0014180493282556362,0.002782021445054303,0.0033550650886806765,0.007130885835836244,0.01436225135623135,0.005988777182097345,0.005960041549913437,0.005960041549913437,0.028735632183908046,2.8735632183908045e-05,-0.0009383713531709744,-0.0009671069853548825,-0.0009671069853548825,0.028735632183908046,2.8735632183908045e-05,0.0029717133746859615,0.005809777917014588,-0.0028380645423286264,0.003464800849669149,0.016083085528423278,0.9946236559139785,0.989247311827957
2015-01-07,0.004136684550379723,0.004086397194057885,0.05028735632183908,5.028735632183908e-05,0.0006590385978532422,0.003477645952526481,0.22004204251158094,0.9892241379310345,5.0287356321838776e-05,0.004086397194057885,-0.008125783261668393,-0.0045694363408217585,-0.0034573612653894625,-0.0003219380931207153,0.00213383297819845,0.0006590385978532422,0.0006374868737153112,0.0006374868737153112,0.021551724137931036,2.1551724137931033e-05,0.003477645952526481,0.003448910320342573,0.003448910320342573,0.028735632183908046,2.8735632183908045e-05,-0.011310238666696896,-0.0025174944803668443,-0.008792744186330052,-0.0073915626329188215,0.0054759238784390625,0.9946236559139785,0.989247311827957
2015-01-08,-0.0009763368638082127,-0.0010194403120840749,0.04310344827586207,4.3103448275862066e-05,-0.003463139725373475,0.0024868028615652625,-0.06301202083263531,0.9892241379310345,4.3103448275862133e-05,-0.0010194403120840749,-0.005282949017310507,-0.004322831355911652,-0.0051441188344953865,-0.0048241457124024315,-0.007955003482981315,-0.003463139725373475,-0.0034846914495114062,-0.003484691449511406,0.021551724137931036,2.1551724137931033e-05,0.0024868028615652625,0.002465251137427331,0.0024652511374273316,0.021551724137931036,2.1551724137931033e-05,-0.00490473026448795,-0.005433945370334326,0.0005292151058463755,-0.009297434567080851,-0.01199286729621921,0.9946236559139785,0.9946236559139785
2015-01-09,0.0038906064498138515,0.0038475030015379893,0.04310344827586207,4.3103448275862066e-05,0.004197153825196344,-0.00030654737538249224,0.19611764457697514,0.9892241379310345,4.310344827586224e-05,0.0038475030015379893,9.898240172416852e-05,0.0016373639988416812,0.004547014934051606,0.005502869873751105,0.00981294812693802,0.004197153825196344,0.004186377963127378,0.004186377963127378,0.010775862068965518,1.0775862068965516e-05,-0.00030654737538249224,-0.0003388749615893888,-0.0003388749615893888,0.032327586206896554,3.232758620689655e-05,0.007333117186694994,0.004399334210577745,0.002933782976117249,0.001217098750546794,0.012524969816441106,0.9946236559139785,0.9946236559139785
2015-01-13,0.0010728406687713853,0.0010189613584265578,0.05387931034482758,5.3879310344827585e-05,0.0033805635842650184,-0.002307722915493633,0.04838872198458524,0.9892241379310345,5.387931034482748e-05,0.0010189613584265576,0.0050933828796813334,0.0036297946637217924,0.008707335617524403,0.004658952454308966,0.007790404438000152,0.0033805635842650184,0.00335182795208111,0.0033518279520811105,0.028735632183908046,2.8735632183908045e-05,-0.002307722915493633,-0.0023328665936545524,-0.0023328665936545524,0.02514367816091954,2.514367816091954e-05,0.004645991439255473,0.006193666481140857,-0.0015476750418853841,0.004601752313238823,0.006362226620654465,0.9946236559139785,0.9946236559139785
2015-01-14,0.0021270290775925963,0.002087517583339723,0.039511494252873564,3.951149425287356e-05,-0.0018451443633924422,0.003972173440985038,0.08653088474172024,0.9892241379310345,3.9511494252873324e-05,0.0020875175833397226,-0.00687508801992972,-0.010031610755199372,-0.006009881689693167,-0.005088128177842771,-0.002979464844072764,-0.0018451443633924422,-0.0018702880415533618,-0.0018702880415533618,0.02514367816091954,2.514367816091954e-05,0.003972173440985038,0.003957805624893084,0.003957805624893084,0.014367816091954023,1.4367816091954022e-05,-0.00694263441458008,-0.006152723571232328,-0.0007899108433477523,-0.006021989723047938,0.0007864219767529322,0.9946236559139785,0.989247311827957
2015-01-15,0.0010207696081127194,0.0009704822517908803,0.05028735632183908,5.028735632183908e-05,0.004237399081775486,-0.0032166294736627665,0.05723465007799208,0.9892241379310345,5.02873563218391e-05,0.0009704822517908803,0.005336999341828294,0.008584273261885654,0.005753219271024365,0.008302489906063065,0.008533614233702826,0.004237399081775486,0.004215847357637555,0.004215847357637555,0.021551724137931036,2.1551724137931033e-05,-0.0032166294736627665,-0.003245365105846675,-0.0032453651058466744,0.028735632183908046,2.8735632183908045e-05,0.0007618716586880674,0.007532315195540033,-0.006770443536851966,0.006474734378535364,0.009868790803564115,0.989247311827957,0.9838709677419355
2015-01-16,0.001884181601720133,0.0018231183833293284,0.0610632183908046,6.10632183908046e-05,0.0010189443235671342,0.0008652372781529989,0.07094611783071561,0.9892241379310345,6.106321839080466e-05,0.0018231183833293284,-0.0014519475462664892,-0.0022763642244088473,0.0017850482487229045,0.0010655795597796073,0.0025174693564660043,0.0010189443235671342,0.0009794328293142606,0.0009794328293142606,0.039511494252873564,3.951149425287356e-05,0.0008652372781529989,0.0008436855540150679,0.0008436855540150679,0.021551724137931036,2.1551724137931033e-05,-0.0058846578300580776,0.000317429562255031,-0.0062020873923131084,-0.000724226820769512,-3.948949333890074e-05,0.989247311827957,0.9838709677419355
2015-01-19,-0.0002292863700562826,-0.00028675763442409866,0.05747126436781609,5.747126436781609e-05,-0.0024052265719553155,0.002175940201899033,-0.0063478236051081405,0.9892241379310345,5.747126436781607e-05,-0.00028675763442409866,-0.00515536025689866,-0.0027168440498304388,-0.001124977740994021,-0.0030491575985279913,-0.005675583325815142,-0.0024052265719553155,-0.0024411461121852007,-0.0024411461121852003,0.035919540229885055,3.591954022988506e-05,0.002175940201899033,0.0021543884777611017,0.002154388477761102,0.021551724137931036,2.1551724137931033e-05,-0.0009359673927322741,-0.0035960761708467496,0.0026601087781144756,-0.004444161994799403,-0.00837414029837687,0.9946236559139785,0.9838709677419355
2015-01-20,0.005064462378014806,0.00500699111364699,0.05747126436781609,5.747126436781609e-05,0.0028795094134932207,0.002184952964521585,0.2656663576765432,0.9892241379310345,5.7471264367815744e-05,0.00500699111364699,-0.0049245893989806186,-0.003232346047690576,-0.00024395080295193248,0.0003790089409238594,0.008430446289930678,0.0028795094134932207,0.0028579576893552894,0.00285795768935529,0.021551724137931036,2.1551724137931033e-05,0.002184952964521585,0.0021490334242917,0.0021490334242916997,0.035919540229885055,3.591954022988506e-05,-0.006247471460134846,0.00026099351951761155,-0.0065084649796524575,-0.002871304121071604,0.00903023118312133,1.0,0.989247311827957
2015-01-21,-0.002841489817287739,-0.002909736943724521,0.0682471264367816,6.82471264367816e-05,-0.00010196337448986082,-0.0027395264427978786,-0.18554956189171448,0.9892241379310345,6.824712643678163e-05,-0.002909736943724521,0.005801437306658713,0.004798935315175678,0.002290601712242042,0.0009084965442610357,-0.000759480567377585,-0.00010196337448986082,-0.00014147486874273437,-0.00014147486874273437,0.039511494252873564,3.951149425287356e-05,-0.0027395264427978786,-0.0027682620749817865,-0.0027682620749817865,0.028735632183908046,2.8735632183908045e-05,0.0010506867046073524,0.0027033277922167975,-0.0016526410876094451,0.008407486121737721,4.2489025593281074e-05,1.0,0.989247311827957
2015-01-22,-0.0031263268663726676,-0.0031802061767174953,0.05387931034482758,5.3879310344827585e-05,-0.005589493388312172,0.0024631665219395043,-0.16821310639311735,0.9892241379310345,5.3879310344827694e-05,-0.0031802061767174953,-0.0054324754952163835,-0.003882265347372783,-0.007320815361680446,-0.008815425877545592,-0.01232470597849719,-0.005589493388312172,-0.005621820974519068,-0.005621820974519069,0.032327586206896554,3.232758620689655e-05,0.0024631665219395043,0.0024416147978015734,0.0024416147978015734,0.021551724137931036,2.1551724137931033e-05,-0.0030445533758400155,-0.007783107243096936,0.00473855386725692,-0.007419885054781453,-0.015907468426250577,1.0,0.9838709677419355
2015-01-23,0.00472829790669764,0.004688786412444767,0.039511494252873564,3.951149425287356e-05,0.005458023660874871,-0.0007297257541772306,0.25915696574180586,0.9892241379310345,3.951149425287289e-05,0.004688786412444766,-0.0001714366789027983,0.004711812066686049,0.0071630517728510125,0.0077141456799872474,0.012481785086754377,0.005458023660874871,0.00543647193673694,0.00543647193673694,0.021551724137931036,2.1551724137931033e-05,-0.0007297257541772306,-0.0007476855242921731,-0.0007476855242921731,0.017959770114942528,1.795977011494253e-05,0.003571163867195659,0.006421115377443921,-0.0028499515102482624,0.002054727929499418,0.012157391430095827,1.0,0.989247311827957
2015-01-26,0.0027188833311995275,0.0026685959748776883,0.05028735632183908,5.028735632183908e-05,-0.0016881779503588393,0.004407061281558366,0.17258463413211622,0.9892241379310345,5.028735632183921e-05,0.0026685959748776883,-0.009080641096721685,-0.00822422018904801,-0.0025344536363291503,-0.0018921929649563939,-0.0041075458979508445,-0.0016881779503588393,-0.0017169135825427474,-0.0017169135825427474,0.028735632183908046,2.8735632183908045e-05,0.004407061281558366,0.0043855095574204354,0.0043855095574204354,0.021551724137931036,2.1551724137931033e-05,-0.0045364676805604775,-0.005279125728899201,0.0007426580483387239,-0.012282956463028726,-0.0035985969223366185,1.0,0.9838709677419355
2015-01-27,0.0011731513197750984,0.0011192720094302707,0.05387931034482758,5.3879310344827585e-05,0.002614490093062131,-0.0014413387732870324,0.10994278098556681,0.9892241379310345,5.3879310344827694e-05,0.001119272009430271,0.004106518285764764,0.0004163981485373505,0.003476117081936419,0.004321563296111395,0.005665820953110939,0.002614490093062131,0.0025893464149012112,0.0025893464149012117,0.02514367816091954,2.514367816091954e-05,-0.0014413387732870324,-0.0014700744054709405,-0.0014700744054709405,0.028735632183908046,2.8735632183908045e-05,0.001840944700648379,0.003817661764768168,-0.001976717064119789,0.00514607244580226,0.009242161366213747,1.0,0.989247311827957
2015-01-28,0.002264447430045885,0.002232119843838988,0.032327586206896554,3.232758620689655e-05,0.005689006369328959,-0.003424558939283074,0.11865568200573058,0.9892241379310345,3.232758620689679e-05,0.0022321198438389886,0.006161389950980181,0.008180385876457011,0.01235424453018065,0.010413902568383036,0.01182336455689646,0.005689006369328959,0.005674638553237005,0.005674638553237005,0.014367816091954023,1.4367816091954022e-05,-0.003424558939283074,-0.0034425187093980163,-0.0034425187093980163,0.017959770114942528,1.795977011494253e-05,0.009492690970214828,0.009649626846471852,-0.00015693587625702395,0.005746977200737015,0.01101234928669075,0.9946236559139785,0.9838709677419355
2015-01-29,-0.0007781466545394435,-0.0008248420568382941,0.04669540229885057,4.669540229885057e-05,-0.0018804224419528331,0.0011022757874133897,-0.01012110179177044,0.9892241379310345,4.669540229885051e-05,-0.0008248420568382942,-0.0017174418840839064,-0.0031645480429265452,-0.003040578502321826,-0.0037884509566091366,-0.003734910089863913,-0.0018804224419528331,-0.0019091580741367412,-0.0019091580741367412,0.028735632183908046,2.8735632183908045e-05,0.0011022757874133897,0.001084316017298447,0.001084316017298447,0.017959770114942528,1.795977011494253e-05,-0.002949662408530588,-0.0034660754539171954,0.0005164130453866075,0.0010074326394733828,-0.008988256677500856,1.0,0.989247311827957
2015-01-30,-0.000506470401369461,-0.0005603497117142887,0.05387931034482758,5.3879310344827585e-05,0.002241986953146024,-0.002748457354515485,-0.005821175378574947,0.9892241379310345,5.3879310344827694e-05,-0.0005603497117142885,0.004685607566145966,0.007084065028936264,0.004874676806734879,0.005778984633755086,0.0038220041106047484,0.002241986953146024,0.002209659366939127,0.0022096593669391276,0.032327586206896554,3.232758620689655e-05,-0.002748457354515485,-0.002770009078653416,-0.0027700090786534157,0.021551724137931036,2.1551724137931033e-05,0.00024402507170377327,0.005653378891746748,-0.005409353820042975,0.005310762566783275,-0.00021043514188509002,0.9946236559139785,0.989247311827957
2015-02-02,-0.010202110687492237,-0.010263173905883041,0.0610632183908046,6.10632183908046e-05,-0.004720011499602196,-0.005482099187890041,-0.4277738688665771,0.9892241379310345,6.10632183908038e-05,-0.010263173905883041,0.012767165960208623,0.007287526443208291,0.0053302835170080205,-0.0011145796222158922,-0.013572293000604434,-0.004720011499602196,-0.004752339085809092,-0.004752339085809093,0.032327586206896554,3.232758620689655e-05,-0.005482099187890041,-0.00551083482007395,-0.005510834820073949,0.028735632183908046,2.8735632183908045e-05,0.011749797153433859,0.0017253282885945592,0.010024468864839299,0.015072799560234046,-0.01650158522522755,0.9946236559139785,0.9946236559139785
2015-02-03,-0.0011271433048878137,-0.0011882065232786184,0.0610632183908046,6.10632183908046e-05,-0.004294605008140513,0.0031674617032527,-0.08373781257329209,0.9892241379310345,6.106321839080466e-05,-0.0011882065232786184,-0.006124897645367521,-0.0067141044551908,-0.005952293331474742,-0.0061465281507314265,-0.00978284381997105,-0.004294605008140513,-0.004319748686301433,-0.004319748686301433,0.02514367816091954,2.514367816091954e-05,0.0031674617032527,0.0031315421630228146,0.003131542163022815,0.035919540229885055,3.591954022988506e-05,-0.011417434025626566,-0.0069061632718911015,-0.004511270753735464,-0.00499156291909443,-0.010689661996133217,1.0,0.978494623655914
2015-02-04,-0.004380007812090992,-0.004441071030481796,0.0610632183908046,6.10632183908046e-05,-0.0012319602162452323,-0.0031480475958457596,-0.17953864920438145,0.9892241379310345,6.106321839080466e-05,-0.004441071030481796,0.008106202683033432,0.002635260240029039,0.0005070248542204074,-0.0016579489207528674,-0.002858958057931875,-0.0012319602162452323,-0.001249919986360175,-0.001249919986360175,0.017959770114942528,1.795977011494253e-05,-0.0031480475958457596,-0.003191151044121622,-0.003191151044121622,0.04310344827586207,4.3103448275862066e-05,0.003606913916367677,0.0011099498765101046,0.002496964039857572,0.009899368668582936,-0.005260857868875567,1.0,0.989247311827957
2015-02-05,-0.0029525706587687265,-0.003020817785205508,0.0682471264367816,6.82471264367816e-05,-0.0013738397833630391,-0.0015787308754056876,-0.19140002308118995,0.9892241379310345,6.824712643678163e-05,-0.003020817785205508,0.004001758964674378,0.0014484966021123926,0.002537948586554965,-0.0006949488421005608,-0.003765181446565527,-0.0013738397833630391,-0.0014097593235929242,-0.0014097593235929242,0.035919540229885055,3.591954022988506e-05,-0.0015787308754056876,-0.001611058461612584,-0.0016110584616125842,0.032327586206896554,3.232758620689655e-05,0.0022080353539716976,0.0007785953500402249,0.0014294400039314727,0.009118082992130454,-0.0038030035426761142,1.0,0.989247311827957
2015-02-06,-0.00135501088563307,-0.001455585598276748,0.10057471264367816,0.00010057471264367816,-0.0034796280501915187,0.0021246171645584486,-0.07561881787079745,0.9892241379310345,0.00010057471264367799,-0.0014555855982767481,-0.005242346596380396,-0.0022355953795633403,-0.006650098757485207,-0.004815691331227695,-0.008008589271733667,-0.0034796280501915187,-0.003526323452490369,-0.0035263234524903694,0.04669540229885057,4.669540229885057e-05,0.0021246171645584486,0.0020707378542136213,0.002070737854213621,0.05387931034482758,5.3879310344827585e-05,-0.00955828253276452,-0.005183062898634545,-0.004375219634129975,-0.005628568003486052,-0.006789416252983587,0.989247311827957,0.989247311827957
2015-02-09,0.0015061067276584475,0.0014270837391527006,0.07902298850574713,7.902298850574712e-05,0.002574258594571808,-0.0010681518669133601,0.03117499388844836,0.9892241379310345,7.902298850574687e-05,0.0014270837391527004,0.0010629272949205567,0.004269274006904682,0.0034741751391496422,0.0032264293256877878,0.006092953000906551,0.002574258594571808,0.002531155146295946,0.0025311551462959456,0.04310344827586207,4.3103448275862066e-05,-0.0010681518669133601,-0.0011040714071432452,-0.0011040714071432452,0.035919540229885055,3.591954022988506e-05,0.0029410973204788684,0.003647332274101602,-0.0007062349536227338,0.0022910083445791267,0.005829805406919663,0.989247311827957,1.0
2015-02-10,0.0032648116806182443,0.0031821967380895088,0.08261494252873564,8.261494252873563e-05,-0.0015615705881936578,0.004826382268811902,0.1499062481773926,0.9892241379310345,8.261494252873557e-05,0.0031821967380895088,-0.011152655671446153,-0.006590706369736371,-0.00811000879188145,-0.0066472811955325065,-0.0013509965178586318,-0.0015615705881936578,-0.0016082659904925083,-0.0016082659904925083,0.04669540229885057,4.669540229885057e-05,0.004826382268811902,0.004790462728582017,0.004790462728582017,0.035919540229885055,3.591954022988506e-05,-0.008468847732222933,-0.006615752911397533,-0.0018530948208254003,-0.015059035134255607,0.0001759589924431171,0.989247311827957,0.989247311827957
2015-02-12,-0.003633716846864408,-0.003705555927324178,0.07183908045977011,7.183908045977011e-05,-0.00039480360260433595,-0.003238913244260072,-0.20260966357304266,0.9892241379310345,7.183908045977011e-05,-0.003705555927324178,0.008207112580895884,0.002977461874810469,-0.0007144575899846312,-0.0011305234092836652,-0.0006166019831543731,-0.00039480360260433595,-0.00043072314283422095,-0.000430723142834221,0.035919540229885055,3.591954022988506e-05,-0.003238913244260072,-0.003274832784489957,-0.0032748327844899575,0.035919540229885055,3.591954022988506e-05,0.026681945496011116,0.0013054282073539682,0.025376517288657148,0.011026379063991567,-0.0008196957405490018,1.0,0.989247311827957
2015-02-13,-0.003645735935134643,-0.003721166969617402,0.07543103448275862,7.543103448275861e-05,-0.0036021465368756235,-4.358939825901958e-05,-0.21435749288640207,0.9892241379310345,7.543103448275903e-05,-0.0037211669696174017,0.0006820759177819288,-0.0011031778898582436,-0.003420317573583825,-0.003639382450851106,-0.0089635087301247,-0.0036021465368756235,-0.0036344741230825203,-0.00363447412308252,0.032327586206896554,3.232758620689655e-05,-4.358939825901958e-05,-8.669284653488172e-05,-8.669284653488164e-05,0.04310344827586207,4.3103448275862066e-05,0.005211668039960779,-0.003330538221547632,0.00854220626150841,0.0005532140150515777,-0.011593467040423985,1.0,0.9838709677419355
2015-02-16,0.0020665406244879054,0.0019982934980511237,0.0682471264367816,6.82471264367816e-05,0.0036031760774304774,-0.0015366354529425716,0.09790234174804027,0.9892241379310345,6.824712643678163e-05,0.0019982934980511237,0.0027077821931143628,0.0037844207771951873,0.001487667064024359,0.0038458967770064446,0.008863333546514463,0.0036031760774304774,0.0035780323992695576,0.003578032399269558,0.02514367816091954,2.514367816091954e-05,-0.0015366354529425716,-0.0015797389012184337,-0.0015797389012184337,0.04310344827586207,4.3103448275862066e-05,0.008054825391155946,0.0040143959715086275,0.0040404294196473185,0.0017322559387672866,0.009221015257684845,1.0,0.9946236559139785
2015-02-17,0.0013772716237438374,0.0013090244973070558,0.0682471264367816,6.82471264367816e-05,-0.0017947617907402879,0.0031720334144841253,0.07991080236917246,0.9892241379310345,6.824712643678163e-05,0.0013090244973070558,-0.007132153282304993,-0.004726964458882068,-0.005527082235689549,-0.0038979293451269783,-0.0034237415913300176,-0.0017947617907402879,-0.001830681330970173,-0.001830681330970173,0.035919540229885055,3.591954022988506e-05,0.0031720334144841253,0.0031397058282772285,0.003139705828277229,0.032327586206896554,3.232758620689655e-05,-0.004677994818504639,-0.004977933160985153,0.00029993834248051403,-0.006426190120955217,-0.003224479064068727,1.0,0.9946236559139785
2015-02-18,0.0016123595359923092,0.0015297445934635734,0.08261494252873564,8.261494252873563e-05,0.001137856352484188,0.0004745031835081213,0.06558259529367091,0.9892241379310345,8.261494252873578e-05,0.0015297445934635736,-0.0014776775306890983,0.00011445858205215439,0.0008814343631767726,0.003631499986409351,0.0015904780555221834,0.001137856352484188,0.0010911609501853372,0.0010911609501853374,0.04669540229885057,4.669540229885057e-05,0.0004745031835081213,0.0004385836432782362,0.0004385836432782362,0.035919540229885055,3.591954022988506e-05,-0.003717947606590389,0.0010418043034883296,-0.0047597519100787185,-0.001770967733647983,0.002430576066025703,1.0,0.9946236559139785
2015-02-19,0.0005345726546757346,0.00046273357421596444,0.07183908045977011,7.183908045977011e-05,0.0006626136992491258,-0.0001280410445733911,-0.014254123901316744,0.9892241379310345,7.183908045977017e-05,0.0004627335742159645,-0.0005635746214583756,0.0018937433678464734,0.0010516060545604376,0.0014500524200393137,0.0012585399606357909,0.0006626136992491258,0.0006159182969502752,0.0006159182969502752,0.04669540229885057,4.669540229885057e-05,-0.0001280410445733911,-0.00015318472273431066,-0.00015318472273431066,0.02514367816091954,2.514367816091954e-05,0.0004399417310542935,0.0009068484191562602,-0.0004669066881019667,-0.0019026117546198035,0.005278284032970969,1.0,0.9946236559139785
2015-02-20,0.002305783870400758,0.002237536743963977,0.0682471264367816,6.82471264367816e-05,0.0013531356615602327,0.0009526482088405256,0.14477676394271397,0.9892241379310345,6.82471264367812e-05,0.0022375367439639764,-0.0018259541107781133,-0.0020516887965341454,-0.0008187715289205086,0.002507614222985927,0.002796869965693797,0.0013531356615602327,0.0013244000293763246,0.0013244000293763246,0.028735632183908046,2.8735632183908045e-05,0.0009526482088405256,0.000913136714587652,0.000913136714587652,0.039511494252873564,3.951149425287356e-05,-0.0025929211629151247,0.00023813345124052245,-0.0028310546141556473,-0.0026721450471372714,0.003014559347410695,1.0,0.9946236559139785
2015-02-23,0.00010793160908898654,6.123620679013595e-05,0.04669540229885057,4.669540229885057e-05,-0.0010497047757243745,0.001157636384813361,-0.008341824579182486,0.9913793103448276,4.669540229885059e-05,6.123620679013598e-05,-0.0030212084612813174,-0.00088846414264252,-0.0014335122792488747,0.0006801843640797718,-0.0034824342203373685,-0.0010497047757243745,-0.0010748484538852941,-0.0010748484538852941,0.02514367816091954,2.514367816091954e-05,0.001157636384813361,0.00113608466067543,0.0011360846606754298,0.021551724137931036,2.1551724137931033e-05,-0.0033577379140391278,-0.0017302414174211783,-0.0016274964966179494,-0.004510305646780374,-0.005045752292155015,1.0,0.9946236559139785
2015-02-24,-0.0007329916948035049,-0.0007868710051483325,0.05387931034482758,5.3879310344827585e-05,-0.0005970202023431803,-0.00013597149246032467,-0.01211224594839665,0.9913793103448276,5.3879310344827585e-05,-0.0007868710051483325,-2.9034385751001695e-05,0.0008721432553934954,0.0009455215671365318,0.0010419322211195714,-0.002308174974348403,-0.0005970202023431803,-0.0006257558345270884,-0.0006257558345270884,0.028735632183908046,2.8735632183908045e-05,-0.00013597149246032467,-0.00016111517062124422,-0.00016111517062124422,0.02514367816091954,2.514367816091954e-05,-0.0023963034693285858,-9.615780045464421e-05,-0.0023001456688739414,-0.0005484025757791121,-0.0037283250644523716,1.0,0.9946236559139785
2015-02-25,0.001497607087792911,0.0014580955935400374,0.039511494252873564,3.951149425287356e-05,0.000496910660609464,0.0010006964271834472,0.09907456207670909,0.9913793103448276,3.951149425287354e-05,0.0014580955935400374,-0.0033480342771389114,0.0007048022031407968,0.001339532154949929,-0.0004910182444981964,0.001733035228847752,0.000496910660609464,0.0004789508904945214,0.00047895089049452145,0.017959770114942528,1.795977011494253e-05,0.0010006964271834472,0.000979144703045516,0.000979144703045516,0.021551724137931036,2.1551724137931033e-05,-0.000314749298490754,-8.098993093664477e-05,-0.00023375936755410921,-0.0019673553190052598,0.0015314854197832554,1.0,0.9946236559139785
2015-02-26,0.0017696080043006028,0.0016977689238408327,0.07183908045977011,7.183908045977011e-05,0.0017754413673559733,-5.833363055370577e-06,0.0701880525859311,0.9913793103448276,7.183908045977011e-05,0.0016977689238408327,-0.001089173970869507,0.0022132728508705234,0.0018472668020361363,0.0021986607250022165,0.004215539279132257,0.0017754413673559733,0.0017395218271260883,0.0017395218271260883,0.035919540229885055,3.591954022988506e-05,-5.833363055370577e-06,-4.175290328525564e-05,-4.175290328525564e-05,0.035919540229885055,3.591954022988506e-05,0.006622001246640109,0.0017010425002734774,0.004920958746366631,-0.0026767544614615343,0.005864656933320037,1.0,0.9946236559139785
2015-02-27,0.002640664686102555,0.0025867853757577278,0.05387931034482758,5.3879310344827585e-05,0.0011440806902079158,0.0014965839958946394,0.119613699168875,0.9913793103448276,5.387931034482726e-05,0.0025867853757577273,-0.004010013591000692,-0.0009401660321291039,0.0010180633873776014,0.001429662698061464,0.0027100295558497383,0.0011440806902079158,0.0011153450580240077,0.0011153450580240077,0.028735632183908046,2.8735632183908045e-05,0.0014965839958946394,0.0014714403177337198,0.0014714403177337198,0.02514367816091954,2.514367816091954e-05,0.006920193820167343,-0.0001876221662417404,0.007107815986409083,-0.0025293255528468636,0.001909181778287503,1.0,1.0
2015-03-02,0.0011529511582367689,0.0010882959858229757,0.06465517241379311,6.46551724137931e-05,-0.0002870418037571883,0.0014399929619939571,0.084350772595498,0.9913793103448276,6.465517241379315e-05,0.0010882959858229757,-0.004318922954296146,1.646869097685656e-05,-0.0001818262080508345,3.064687164424488e-05,-0.0008745969644888024,-0.0002870418037571883,-0.00033014525203305036,-0.00033014525203305036,0.04310344827586207,4.3103448275862066e-05,0.0014399929619939571,0.0014184412378560262,0.001418441237856026,0.021551724137931036,2.1551724137931033e-05,-0.009370539499991852,-0.0009484382130228807,-0.008422101286968972,-0.004848018699115453,-0.0037376893495193074,1.0,1.0
2015-03-03,-0.0020018970231672054,-0.0020593682875350216,0.05747126436781609,5.747126436781609e-05,-7.657838046819272e-05,-0.0019253186426990128,-0.140653715398292,0.9935344827586207,5.747126436781618e-05,-0.0020593682875350216,0.003969811729501582,0.0035874455759947977,0.0008852608661220327,0.0002535304433203547,-0.0003560063089972186,-7.657838046819272e-05,-0.00010890596667508923,-0.00010890596667508927,0.032327586206896554,3.232758620689655e-05,-0.0019253186426990128,-0.0019504623208599322,-0.0019504623208599324,0.02514367816091954,2.514367816091954e-05,-0.0018454125999157705,0.0018027890022248444,-0.003648201602140615,0.006794107031303962,-0.0009981379400297531,1.0,1.0
2015-03-04,0.0012331764230783606,0.001172113204687556,0.0610632183908046,6.10632183908046e-05,0.0010748166654776983,0.00015835975760066225,0.10465336644043918,0.9935344827586207,6.106321839080466e-05,0.001172113204687556,-0.0009234233573775932,0.0008987315208621888,0.0006303482007788806,0.0018252046528057478,0.002304913368962623,0.0010748166654776983,0.0010388971252478134,0.0010388971252478132,0.035919540229885055,3.591954022988506e-05,0.00015835975760066225,0.0001332160794397427,0.0001332160794397427,0.02514367816091954,2.514367816091954e-05,-0.005492275023474719,0.0011047032941412479,-0.006596978317615967,-0.0010522269470636947,0.003107481506764968,1.0,1.0
2015-03-05,0.002903061981780864,0.0028599585335050016,0.04310344827586207,4.3103448275862066e-05,-0.0005739755911509733,0.003477037572931837,0.16344161856426387,0.9935344827586207,4.310344827586224e-05,0.0028599585335050016,-0.007981114197203695,-0.004855132042242576,-0.006120602336439823,-0.0028886459254555846,-0.00027390074239512133,-0.0005739755911509733,-0.0006063031773578699,-0.0006063031773578699,0.032327586206896554,3.232758620689655e-05,0.003477037572931837,0.0034662617108628716,0.0034662617108628716,0.010775862068965518,1.0775862068965516e-05,-0.0022942160789445306,-0.004273374172835859,0.0019791580938913287,-0.008515600819451529,-0.0028432311358575642,1.0,1.0
2015-03-06,0.001873330407489761,0.0018230430511679218,0.05028735632183908,5.028735632183908e-05,0.0033604496086376582,-0.0014871192011478972,0.12950059862684662,0.9935344827586207,5.028735632183921e-05,0.001823043051167922,0.0025810244512250147,0.0037414776695838324,0.00530342596581872,0.006197799190494885,0.006960768910609805,0.0033604496086376582,0.0033424898385227154,0.003342489838522716,0.017959770114942528,1.795977011494253e-05,-0.0014871192011478972,-0.0015194467873547936,-0.0015194467873547938,0.032327586206896554,3.232758620689655e-05,0.0030771325766402757,0.005033980422314733,-0.0019568478456744574,0.001350135294187029,0.005856060621854114,1.0,1.0
2015-03-09,-0.0014379448641058442,-0.0015061919905426258,0.0682471264367816,6.82471264367816e-05,-0.0011571789130418386,-0.0002807659510640056,-0.09793260269828523,0.9956896551724138,6.824712643678163e-05,-0.0015061919905426258,0.0015652411119664446,-0.0014495093040141976,-0.0023023583165779535,0.0006145681286923057,-0.0037713551330649468,-0.0011571789130418386,-0.001196690407294712,-0.001196690407294712,0.039511494252873564,3.951149425287356e-05,-0.0002807659510640056,-0.0003095015832479137,-0.0003095015832479136,0.028735632183908046,2.8735632183908045e-05,-0.00046027061438470824,-0.000910970684967462,0.00045070007058275373,7.2434111943029e-05,-0.00466531888274484,1.0,1.0
2015-03-10,0.0013257604353048046,0.0012539213548450343,0.07183908045977011,7.183908045977011e-05,0.0023423509709082748,-0.0010165905356034702,0.08148914619306814,0.9956896551724138,7.183908045977033e-05,0.0012539213548450345,0.002740249785946298,0.0006059263444946319,0.003459740314106004,0.0021321943688796916,0.005945843786537184,0.0023423509709082748,0.0023064314306783895,0.00230643143067839,0.035919540229885055,3.591954022988506e-05,-0.0010165905356034702,-0.0010525100758333552,-0.0010525100758333552,0.035919540229885055,3.591954022988506e-05,0.00970212337466776,0.002894302598385538,0.0068078207762822225,0.0007404997053357833,0.005127241510636551,1.0,1.0
2015-03-11,0.00333267121951103,0.0032859758172121794,0.04669540229885057,4.669540229885057e-05,-0.0004845984186704242,0.0038172696381814546,0.1761005053267381,0.9956896551724138,4.6695402298850726e-05,0.0032859758172121794,-0.010322609897043955,-0.002209142942895249,0.0005897757621190211,-0.002400247398165001,-0.00025054511551799536,-0.0004845984186704242,-0.0005025581887853667,-0.0005025581887853667,0.017959770114942528,1.795977011494253e-05,0.0038172696381814546,0.0037885340059975463,0.0037885340059975467,0.028735632183908046,2.8735632183908045e-05,0.005376347007480716,-0.002946417202025351,0.008322764209506067,-0.011823225147248791,0.0020071278415066366,1.0,1.0
2015-03-12,-0.0022259055914507354,-0.002301336625933494,0.07543103448275862,7.543103448275861e-05,-0.0025330905662876283,0.00030718497483689307,-0.1513845146995994,0.9956896551724138,7.54310344827586e-05,-0.002301336625933494,0.0007850539087290195,-0.003409253989384728,-0.004494463189797266,-0.005004512034526301,-0.005080673161817234,-0.0025330905662876283,-0.0025690101065175136,-0.0025690101065175136,0.035919540229885055,3.591954022988506e-05,0.00030718497483689307,0.00026767348058401953,0.00026767348058401953,0.039511494252873564,3.951149425287356e-05,0.0030770921292901424,-0.0034575294707123562,0.006534621600002498,0.0018788399242066294,-0.006226528663498821,1.0,0.9946236559139785
2015-03-13,-0.0011859060945366168,-0.0012505612669504098,0.06465517241379311,6.46551724137931e-05,0.0008639558629809539,-0.0020498619575175705,-0.059793153790462066,0.9956896551724138,6.465517241379293e-05,-0.00125056126695041,0.004084278605012645,0.004104164703370229,0.007267819313370984,0.0018938334940412592,0.0016393769331288065,0.0008639558629809539,0.0008352202307970458,0.0008352202307970458,0.028735632183908046,2.8735632183908045e-05,-0.0020498619575175705,-0.0020857814977474558,-0.0020857814977474553,0.035919540229885055,3.591954022988506e-05,0.00827825216608733,0.0037705332273300814,0.004507718938757248,0.004342183551589148,0.002085993309617025,1.0,1.0
2015-03-16,0.0013633168941725115,0.001309437583827684,0.05387931034482758,5.3879310344827585e-05,-0.0005265700204287063,0.001889886914601218,0.15401790155453296,0.9956896551724138,5.387931034482748e-05,0.0013094375838276838,-0.004324159681818934,-0.0026666164863616824,-0.005308955519936593,-0.0022253592237286486,-0.00046363322348354517,-0.0005265700204287063,-0.0005553056526126144,-0.0005553056526126144,0.028735632183908046,2.8735632183908045e-05,0.001889886914601218,0.0018647432364402984,0.0018647432364402984,0.02514367816091954,2.514367816091954e-05,-0.007319891363525005,-0.0029536706400295053,-0.004366220723495499,-0.007412550181427111,0.0010268863661683533,1.0,0.9946236559139785
2015-03-17,0.0006729965255431949,0.0006334850312903215,0.039511494252873564,3.951149425287356e-05,-0.0014718084455020246,0.0021448049710452196,0.1249243311985345,0.9956896551724138,3.951149425287343e-05,0.0006334850312903214,-0.004345725090932535,-0.004149704741554051,-0.004797319834443283,-0.002430056579765735,-0.0031909015082651287,-0.0014718084455020246,-0.0014933601696399557,-0.0014933601696399557,0.021551724137931036,2.1551724137931033e-05,0.0021448049710452196,0.0021268452009302772,0.0021268452009302772,0.017959770114942528,1.795977011494253e-05,-0.00452553089570296,-0.003749436240777519,-0.0007760946549254413,-0.008931315203054988,-0.0038662269421814864,1.0,0.9946236559139785
2015-03-18,0.0008013690144232706,0.0007367138420094776,0.06465517241379311,6.46551724137931e-05,0.0023485081203209308,-0.00154713910589766,-0.016841567646433134,0.9956896551724138,6.465517241379304e-05,0.0007367138420094775,0.00256393605651463,0.004134999437119312,0.0034241518461862125,0.002103886465213701,0.005978429463063548,0.0023485081203209308,0.0023054046720450685,0.0023054046720450685,0.04310344827586207,4.3103448275862066e-05,-0.00154713910589766,-0.0015686908300355912,-0.0015686908300355912,0.021551724137931036,2.1551724137931033e-05,0.01686094655229557,0.0035260412282208608,0.013334905324074707,0.0038559485703976494,0.005350570958635886,1.0,1.0
2015-03-19,-0.0016534579076195933,-0.0016929694018724668,0.039511494252873564,3.951149425287356e-05,1.679231663016165e-06,-0.0016551371392826094,-0.13009910673546587,0.9956896551724138,3.951149425287354e-05,-0.0016929694018724668,0.005065579820522812,-0.00022169341359877537,0.0036461477416602573,-0.0005058443424360222,0.00025794903245439523,1.679231663016165e-06,-1.9872492474914834e-05,-1.9872492474914868e-05,0.021551724137931036,2.1551724137931033e-05,-0.0016551371392826094,-0.0016730969093975518,-0.0016730969093975518,0.017959770114942528,1.795977011494253e-05,0.011421367859662648,0.001537051066381429,0.009884316793281219,0.007518526172004384,-0.0010164733642892537,0.9946236559139785,1.0
2015-03-20,-0.0006697718226070931,-0.0007272430869749093,0.05747126436781609,5.747126436781609e-05,-0.0025131763910657312,0.0018434045684586381,-0.06089725355639609,0.9956896551724138,5.747126436781618e-05,-0.0007272430869749092,-0.004339846609027217,-0.0023569483272979285,-0.005854991668450549,-0.004531917043532545,-0.0052573566101982395,-0.0025131763910657312,-0.002538320069226651,-0.0025383200692266506,0.02514367816091954,2.514367816091954e-05,0.0018434045684586381,0.0018110769822517415,0.0018110769822517415,0.032327586206896554,3.232758620689655e-05,-0.012144985929284157,-0.004373475383587051,-0.007771510545697106,-0.003551851895481563,-0.004939735044715508,0.9946236559139785,1.0
2015-03-23,-0.0008579167934149474,-0.0009082041497367865,0.05028735632183908,5.028735632183908e-05,0.0012063754854893076,-0.002064292278904255,-0.06759255445157122,0.9956896551724138,5.02873563218391e-05,-0.0009082041497367865,0.005480975661047204,0.0013971663219259042,0.002897226720373122,0.002576627538329832,0.0023230296196546886,0.0012063754854893076,0.001181231807328388,0.001181231807328388,0.02514367816091954,2.514367816091954e-05,-0.002064292278904255,-0.0020894359570651747,-0.0020894359570651742,0.02514367816091954,2.514367816091954e-05,0.011935221421323845,0.002719568911745257,0.009215652509578589,0.00656374115094428,0.00219005180423036,0.9946236559139785,1.0
2015-03-24,0.0003736802181564005,0.00030543309171961885,0.0682471264367816,6.82471264367816e-05,-0.0011018974793331599,0.0014755776974895603,-0.017426291483676932,0.9956896551724138,6.824712643678163e-05,0.0003054330917196189,-0.0037471111487362486,-0.0013402041752391932,-0.0019294128794582683,-0.002397862198214596,-0.002099652322896484,-0.0011018974793331599,-0.0011414089735860334,-0.0011414089735860334,0.039511494252873564,3.951149425287356e-05,0.0014755776974895603,0.0014468420653056522,0.0014468420653056522,0.028735632183908046,2.8735632183908045e-05,0.003061409573713192,-0.0022446960630353808,0.0053061056367485725,-0.0032954619865611396,-0.00394297467924826,1.0,1.0
2015-03-25,-0.004463817989628878,-0.004528473162042672,0.06465517241379311,6.46551724137931e-05,-0.0037369553098396597,-0.0007268626797892186,-0.22510839447429445,0.9956896551724138,6.465517241379358e-05,-0.004528473162042671,0.0026629990987885217,-0.0009742009921293348,-0.005430666718442854,-0.0070687087334366135,-0.007652402173704933,-0.0037369553098396597,-0.0037656909420235676,-0.0037656909420235676,0.028735632183908046,2.8735632183908045e-05,-0.0007268626797892186,-0.0007627822200191037,-0.0007627822200191037,0.035919540229885055,3.591954022988506e-05,-0.0007724396065822583,-0.0036857303365698604,0.0029132907299876023,0.003113362957973477,-0.007809517486641793,1.0,1.0
2015-03-26,0.001119681928140066,0.0010622106637722501,0.05747126436781609,5.747126436781609e-05,9.086632572850189e-05,0.0010288156024115642,0.06708121010940712,0.9956896551724138,5.747126436781596e-05,0.00106221066377225,-0.0020416268678713247,-0.0020763648386956193,-0.00019124056935602757,-0.0006660145752364806,0.0006050200304442073,9.086632572850189e-05,7.290655561355939e-05,7.290655561355936e-05,0.017959770114942528,1.795977011494253e-05,0.0010288156024115642,0.0009893041081586906,0.0009893041081586906,0.039511494252873564,3.951149425287356e-05,-0.01198951177421687,-0.0005704971337865402,-0.01141901464043033,-0.002179800593294449,0.0012980421325214262,1.0,1.0
2015-03-27,0.005195736827964891,0.005141857517620064,0.05387931034482758,5.3879310344827585e-05,0.005814419285960246,-0.0006186824579953548,0.2757903826497307,0.9956896551724138,5.3879310344827694e-05,0.005141857517620064,0.00015626074358504488,0.003391590261344035,0.004958741577754971,0.006988900989153968,0.013911294980813688,0.005814419285960246,0.005792867561822315,0.005792867561822315,0.021551724137931036,2.1551724137931033e-05,-0.0006186824579953548,-0.0006510100442022514,-0.0006510100442022514,0.032327586206896554,3.232758620689655e-05,0.011504242709115391,0.005749979437865442,0.005754263271249949,-0.0017820509992296806,0.014924491082683776,1.0,1.0
2015-03-30,-0.007652719174205503,-0.00771019043857332,0.05747126436781609,5.747126436781609e-05,-0.0036558183118754212,-0.003996900862330082,-0.40168075550944315,0.9956896551724138,5.747126436781661e-05,-0.007710190438573319,0.009873251799334739,0.0041833286609583705,-0.0039551973610037474,-0.0049108451275805135,-0.008488446447243262,-0.0036558183118754212,-0.0036881458980823176,-0.0036881458980823176,0.032327586206896554,3.232758620689655e-05,-0.003996900862330082,-0.004022044540491002,-0.004022044540491002,0.02514367816091954,2.514367816091954e-05,-0.00027829581070605493,-0.000547703198303505,0.00026940738759745006,0.012302643611608256,-0.006153076854317342,1.0,1.0
2015-03-31,3.546053275150235e-05,-3.278659368527933e-05,0.0682471264367816,6.82471264367816e-05,0.0011976501143099044,-0.001162189581558402,0.004398693066167102,0.9956896551724138,6.824712643678168e-05,-3.2786593685279256e-05,0.0027112755933852016,0.001535590307979256,0.002420653850053794,0.0012008855551111394,0.002984780790443112,0.0011976501143099044,0.0011689144821259963,0.0011689144821259963,0.028735632183908046,2.8735632183908045e-05,-0.001162189581558402,-0.0012017010758112756,-0.0012017010758112756,0.039511494252873564,3.951149425287356e-05,-0.0003965763445898764,0.0023809168739182024,-0.0027774932185080786,0.0027211002293769386,0.0020175731002840948,1.0,1.0
2015-04-01,0.004097157650986268,0.004041308559403028,0.055849091583240626,5.5849091583240625e-05,0.0006074486648935291,0.003489708986092739,0.23170877661961525,0.9935483870967742,5.58490915832403e-05,0.004041308559403028,-0.00840703248884864,-0.0041241889388591545,-0.002945219082834279,-0.0014425805232963725,0.0025436362563287735,0.0006074486648935291,0.0005777281420904145,0.0005777281420904145,0.029720522803114567,2.9720522803114565e-05,0.003489708986092739,0.0034635804173126132,0.003463580417312613,0.02612856878012606,2.612856878012606e-05,-0.005665340254637959,-0.0027635702512907494,-0.0029017700033472094,-0.009653937922108603,0.00390260402516048,1.0,1.0
2015-04-02,0.004821628365103225,0.004775033383024372,0.04659498207885305,4.659498207885304e-05,0.0031994904635813063,0.001622137901521919,0.2590024197588243,0.9935483870967742,4.6594982078852765e-05,0.004775033383024372,-0.002440425969098193,-0.004851975470935127,-0.0017063107206866002,0.0004765324332252286,0.009360205174131305,0.0031994904635813063,0.0031744008578465394,0.0031744008578465394,0.025089605734767026,2.5089605734767026e-05,0.001622137901521919,0.001600632525177833,0.001600632525177833,0.021505376344086023,2.150537634408602e-05,0.0005314064269707615,0.0001631990667705984,0.00036820736020016305,-0.0019462280882905606,0.009218594053924377,1.0,1.0
2015-04-03,0.005900008149446372,0.005849828937976838,0.05017921146953405,5.017921146953405e-05,0.00556702288288906,0.0003329852665573117,0.40040422001460707,0.9935483870967742,5.0179211469533747e-05,0.005849828937976838,-0.0017056370939713779,0.0014133625885988852,0.0035841177151162583,0.006587473623535797,0.013407331836899282,0.00556702288288906,0.005541933277154293,0.005541933277154293,0.025089605734767026,2.5089605734767026e-05,0.0003329852665573117,0.00030789566082254467,0.00030789566082254467,0.025089605734767026,2.5089605734767026e-05,0.009009302595602463,0.0045082231327562014,0.004501079462846262,-0.002549499449576108,0.016896791929170613,1.0,1.0
2015-04-06,-0.001442440635358951,-0.0014926198468284849,0.05017921146953405,5.017921146953405e-05,-0.0022556827924743047,0.0008132421571153538,-0.08552677753114438,0.9956989247311828,5.0179211469533963e-05,-0.0014926198468284849,-0.0018593382102858205,-0.0011607765221204815,-0.0011562606705087036,-0.0008172155175868317,-0.006358440618629497,-0.0022556827924743047,-0.0022807723982090715,-0.0022807723982090715,0.025089605734767026,2.5089605734767026e-05,0.0008132421571153538,0.0007881525513805867,0.0007881525513805868,0.025089605734767026,2.5089605734767026e-05,-0.002765326207691463,-0.0025449436316638363,-0.0002203825760276265,-0.0035009706039788456,-0.004412747336120668,1.0,1.0
2015-04-07,0.0016216142901269216,0.0015750193080480686,0.04659498207885305,4.659498207885304e-05,0.0014828927839684264,0.0001387215061584952,0.09477544482219968,0.9956989247311828,4.659498207885298e-05,0.0015750193080480686,-0.0013330329347808552,0.0018337368326107391,-0.00023337119920019943,4.4064977716592e-05,0.004426645863046983,0.0014828927839684264,0.0014613874076243403,0.0014613874076243403,0.021505376344086023,2.150537634408602e-05,0.0001387215061584952,0.00011363190042372818,0.00011363190042372818,0.025089605734767026,2.5089605734767026e-05,0.00301967997468226,0.001095971659837994,0.0019237083148442662,-0.004023945425805323,0.0031087294916135977,1.0,1.0
2015-04-08,0.0033973421213188324,0.003347162909849298,0.05017921146953405,5.017921146953405e-05,0.0018769730387641706,0.001520369082554662,0.20360137755524593,0.9956989247311828,5.017921146953418e-05,0.003347162909849298,-0.0034215390554525513,-0.0022791363844228687,-0.0011539617783555816,0.0005305032798797253,0.005365667476352649,0.0018769730387641706,0.0018482992036387225,0.0018482992036387225,0.02867383512544803,2.8673835125448028e-05,0.001520369082554662,0.001498863706210576,0.001498863706210576,0.021505376344086023,2.150537634408602e-05,0.004286299524929185,-0.00012113926404721897,0.004407438788976404,-0.004242588884766152,0.005117109023469061,1.0,1.0
2015-04-09,-0.0005368746427839628,-0.0005906380836441778,0.053763440860215055,5.3763440860215054e-05,0.00015525760149555067,-0.0006921322442795134,-0.009856632720268224,0.9956989247311828,5.3763440860215054e-05,-0.0005906380836441778,0.001501517378553976,0.0011497587085691286,0.0015170969252151596,0.0015041729797452823,-0.00028631368538598897,0.00015525760149555067,0.00013016799576078366,0.00013016799576078363,0.025089605734767026,2.5089605734767026e-05,-0.0006921322442795134,-0.0007208060794049615,-0.0007208060794049615,0.02867383512544803,2.8673835125448028e-05,0.000840650045913868,0.001196405963493991,-0.000355755917580123,0.0007641025339904965,0.0012604363831388412,1.0,1.0
2015-04-10,-0.005605445707833568,-0.005666377607475146,0.06093189964157706,6.093189964157706e-05,-0.0033099785168347615,-0.0022954671909988073,-0.33952514617438234,0.9956989247311828,6.093189964157756e-05,-0.005666377607475145,0.004849294633632,0.004074213878728844,0.002505489797023466,-0.0048873835298499195,-0.007486243785579325,-0.0033099785168347615,-0.0033422365813508903,-0.0033422365813508903,0.03225806451612903,3.2258064516129034e-05,-0.0022954671909988073,-0.002324141026124255,-0.002324141026124255,0.02867383512544803,2.8673835125448028e-05,-0.008061623463500839,-0.00010243584164794123,-0.007959187621852897,0.007132013333466763,-0.011163883550334897,1.0,1.0
2015-04-13,-0.0035811890176516425,-0.0036492893760745816,0.06810035842293907,6.810035842293906e-05,-0.0022276795785251837,-0.0013535094391264589,-0.2110247581634281,0.9956989247311828,6.810035842293909e-05,-0.0036492893760745816,0.0029079892253563036,0.002305078184046145,-0.00160319838564265,-0.00042917279627242513,-0.006468452337439338,-0.0022276795785251837,-0.002263521872431994,-0.002263521872431994,0.035842293906810034,3.5842293906810036e-05,-0.0013535094391264589,-0.0013857675036425877,-0.001385767503642588,0.03225806451612903,3.2258064516129034e-05,-0.0023218667561759674,-0.0008450700700670255,-0.001476796686108942,0.003962241180500385,-0.010006751025886343,1.0,1.0
2015-04-14,-0.003854678171472497,-0.003919194300504755,0.06451612903225806,6.451612903225807e-05,-0.0028090688447000734,-0.0010456093267724234,-0.18015689582537073,0.9956989247311828,6.451612903225767e-05,-0.003919194300504755,0.0033496378828477575,-0.0004256198050609749,0.00013004150640659318,-0.001728386962849807,-0.007563013052675318,-0.0028090688447000734,-0.0028413269092162027,-0.0028413269092162022,0.03225806451612903,3.2258064516129034e-05,-0.0010456093267724234,-0.0010778673912885525,-0.0010778673912885525,0.03225806451612903,3.2258064516129034e-05,-0.004378074523423693,-0.0012699774517751206,-0.0031080970716485727,0.001312083088819915,-0.009456133056713832,1.0,1.0
2015-04-15,-0.009472590859729709,-0.00951560161241788,0.043010752688172046,4.301075268817204e-05,-0.008798186840168623,-0.0006744040195610848,-0.3935264044216199,0.9956989247311828,4.301075268817178e-05,-0.00951560161241788,0.0018192315859585338,0.0004079609454494411,-0.002165982179472702,-0.009520122790433384,-0.02163449912528918,-0.008798186840168623,-0.00881969221651271,-0.00881969221651271,0.021505376344086023,2.150537634408602e-05,-0.0006744040195610848,-0.0006959093959051708,-0.0006959093959051708,0.021505376344086023,2.150537634408602e-05,-0.019548733511816622,-0.006096645339625275,-0.013452088172191347,0.0020719437935451525,-0.025507094102788435,1.0,1.0
2015-04-16,-0.0072746332858192745,-0.007339149414851533,0.06451612903225806,6.451612903225807e-05,-0.006430157585897478,-0.0008444756999217969,-0.367685002211652,0.9956989247311828,6.451612903225854e-05,-0.007339149414851532,0.002085276063331545,0.0008963020728676913,-0.006050610389869927,-0.008531352811659282,-0.015024796351862792,-0.006430157585897478,-0.006465999879804288,-0.006465999879804288,0.035842293906810034,3.5842293906810036e-05,-0.0008444756999217969,-0.0008731495350472449,-0.0008731495350472449,0.02867383512544803,2.8673835125448028e-05,-0.011505126356153918,-0.005340680923917202,-0.006164445432236716,0.0011385125688972036,-0.020238177985182248,0.9946236559139785,1.0
2015-04-17,0.0031620676402030062,0.00310471996995211,0.05734767025089606,5.7347670250896056e-05,0.004128478284684817,-0.0009664106444818109,0.1761520739346978,0.9956989247311828,5.7347670250896144e-05,0.00310471996995211,0.002655768679714267,0.00048692650746233186,0.0048325300135060685,0.005346970474313144,0.00971194961689788,0.004128478284684817,0.004099804449559369,0.004099804449559369,0.02867383512544803,2.8673835125448028e-05,-0.0009664106444818109,-0.0009950844796072589,-0.0009950844796072589,0.02867383512544803,2.8673835125448028e-05,-0.0033457292844114813,0.004799222843870212,-0.008144952128281693,0.0013150091014950533,0.014749990815841137,0.9946236559139785,1.0
2015-04-20,0.0037353189567035953,0.0036672185982806562,0.06810035842293907,6.810035842293906e-05,8.683766200679873e-05,0.0036484812946967968,0.2202125503240054,0.9956989247311828,6.810035842293909e-05,0.0036672185982806562,-0.007946724566919108,-0.005997438634342564,-0.004717318600697893,-0.0018521109102775627,0.0011865684411591776,8.683766200679873e-05,5.099536809998869e-05,5.099536809998869e-05,0.035842293906810034,3.5842293906810036e-05,0.0036484812946967968,0.0036162232301806675,0.003616223230180668,0.03225806451612903,3.2258064516129034e-05,-0.00800636372593492,-0.0039304641489935005,-0.00407589957694142,-0.008792076785175334,0.0013540794093257625,1.0,1.0
2015-04-21,-0.002148033421853615,-0.002216133780276554,0.06810035842293907,6.810035842293906e-05,-0.0022809030679608517,0.00013286964610723662,-0.12129862431273469,0.9956989247311828,6.810035842293909e-05,-0.002216133780276554,-0.0009158730694242687,0.0010345282622051181,-0.002760060422252845,-0.004610614584713198,-0.004537401911525956,-0.0022809030679608517,-0.0023095769030863,-0.0023095769030862996,0.02867383512544803,2.8673835125448028e-05,0.00013286964610723662,9.344312280974553e-05,9.344312280974557e-05,0.03942652329749104,3.942652329749104e-05,0.007765130194438764,-0.0024951157141763387,0.010260245908615103,-0.0003066680626113292,-0.002505957531572516,1.0,1.0
2015-04-22,-0.0032912012877061845,-0.0033449647285663997,0.053763440860215055,5.3763440860215054e-05,-0.0032053075201160593,-8.589376759012525e-05,-0.18276908575892145,0.9956989247311828,5.376344086021516e-05,-0.0033449647285663997,0.0017023953745895785,-0.0028894281436384057,-0.0009986025170434245,-0.0022761661417522536,-0.008477839489472052,-0.0032053075201160593,-0.003230397125850826,-0.003230397125850826,0.025089605734767026,2.5089605734767026e-05,-8.589376759012525e-05,-0.00011456760271557327,-0.00011456760271557328,0.02867383512544803,2.8673835125448028e-05,-0.007607384209114306,-0.0026548192669613065,-0.004952564942152999,0.004214829678728153,-0.0067060795673668,1.0,1.0
2015-04-23,-0.0005997552868972152,-0.0006642714159294732,0.06451612903225806,6.451612903225807e-05,0.0003154927715633995,-0.0009152480584606146,-0.0015601443568784986,0.9956989247311828,6.4516129032258e-05,-0.0006642714159294733,0.002728332572481094,3.4823205801499704e-05,0.0033563387827644188,0.0003148008966937905,0.000789077866343303,0.0003154927715633995,0.00026889778948454646,0.00026889778948454646,0.04659498207885305,4.659498207885304e-05,-0.0009152480584606146,-0.0009331692054140195,-0.0009331692054140196,0.017921146953405017,1.7921146953405018e-05,-0.0016923689369208372,0.001457719836953168,-0.0031500887738740053,0.002913489621302123,-0.0002781127341192153,1.0,1.0
2015-04-24,0.0017147079449146283,0.001632270668928965,0.08243727598566308,8.243727598566309e-05,0.0012215184848963522,0.0004931894600182762,0.08862046737954853,0.9956989247311828,8.243727598566323e-05,0.0016322706689289653,-0.0015465568652218036,0.0001339769703339506,-0.0002995601222748395,0.0036237397129455884,0.0018526855982162623,0.0012215184848963522,0.001171339273426818,0.0011713392734268183,0.05017921146953405,5.017921146953405e-05,0.0004931894600182762,0.0004609313955021471,0.00046093139550214713,0.03225806451612903,3.2258064516129034e-05,0.0034561633734471026,0.0008023883033431947,0.002653775070103908,-0.0048568809179713,0.003023765104178338,1.0,1.0
2015-04-27,-0.0028099165620095097,-0.0028744326910417678,0.06451612903225806,6.451612903225807e-05,-0.0010006529150089808,-0.0018092636470005289,-0.06213742799490964,0.9956989247311828,6.451612903225811e-05,-0.0028744326910417678,0.004683188394968315,0.0014892050920665414,-0.006019714559214794,-0.0012133786274139001,-0.002395269431319992,-0.0010006529150089808,-0.0010329109795251098,-0.0010329109795251098,0.03225806451612903,3.2258064516129034e-05,-0.0018092636470005289,-0.0018415217115166577,-0.001841521711516658,0.03225806451612903,3.2258064516129034e-05,0.0005400742657765622,-0.0006451014314813989,0.0011851756972579611,0.002750674776521489,-0.002693210841712446,1.0,1.0
2015-04-28,-0.0006562488229807387,-0.0007171807226223158,0.06093189964157706,6.093189964157706e-05,0.0005556813185319595,-0.0012119301415126982,-0.0707965677065989,0.9956989247311828,6.0931899641577126e-05,-0.0007171807226223157,0.0028660032694487786,0.001539574310178632,0.0027956124518565433,0.0025977935525649583,0.00036814717931339913,0.0005556813185319595,0.0005270074834065113,0.0005270074834065115,0.02867383512544803,2.8673835125448028e-05,-0.0012119301415126982,-0.0012441882060288273,-0.0012441882060288273,0.03225806451612903,3.2258064516129034e-05,9.483033608074891e-05,0.0018315526778007111,-0.0017367223417199622,0.0035934970954460983,-0.00040243736092727245,1.0,0.9946236559139785
2015-04-30,-0.0008266621189227728,-0.0009019309361270739,0.07526881720430108,7.526881720430107e-05,-0.0002498023254116162,-0.0005768597935111566,-0.02591285643462036,0.9956989247311828,7.526881720430105e-05,-0.0009019309361270739,0.0022200581968813086,-0.0009789576326956772,-0.00134581630430225,0.002419003185852295,-0.001958908569160996,-0.0002498023254116162,-0.00029639730749046923,-0.00029639730749046923,0.04659498207885305,4.659498207885304e-05,-0.0005768597935111566,-0.0006055336286366046,-0.0006055336286366047,0.02867383512544803,2.8673835125448028e-05,-0.005615131298586101,4.416831209089751e-05,-0.005659299610676998,0.002801024773422382,-0.0033008936938174944,1.0,0.9946236559139785
2015-05-01,-0.001652878802011828,-0.0017424845367788532,0.08960573476702509,8.960573476702509e-05,0.00041428357251801633,-0.002067162374529844,-0.07578633349089478,0.9956989247311828,8.96057347670252e-05,-0.001742484536778853,0.005123774926537484,0.002155424394104098,0.004043644493115884,0.0004951859005491428,0.0009952577672794774,0.00041428357251801633,0.0003712728198298443,0.0003712728198298443,0.043010752688172046,4.301075268817204e-05,-0.002067162374529844,-0.0021137573566086974,-0.0021137573566086974,0.04659498207885305,4.659498207885304e-05,-0.00395793211695029,0.002490069375465996,-0.006448001492416286,0.007839880057382679,-0.0030449804640513525,0.989247311827957,0.989247311827957
2015-05-07,0.0012455802719705884,0.0011631429959849256,0.08243727598566308,8.243727598566309e-05,0.0017035235541800727,-0.0004579432822094842,0.06995350457884673,0.9956989247311828,8.24372759856628e-05,0.0011631429959849254,0.001587268132425436,-0.0004268765715939674,0.003673831366983852,0.0002023545367456411,0.0050093933941673975,0.0017035235541800727,0.0016569285721012197,0.0016569285721012197,0.04659498207885305,4.659498207885304e-05,-0.0004579432822094842,-0.0004937855761162943,-0.0004937855761162943,0.035842293906810034,3.5842293906810036e-05,0.009757021324559486,0.0016445343544315586,0.008112486970127928,0.0014686963818734266,0.007003987607285274,0.9946236559139785,0.989247311827957
2015-05-08,0.0029445837438653853,0.0028621464678797223,0.08243727598566308,8.243727598566309e-05,0.0014775525348640274,0.001467031209001358,0.15867688280770958,0.9978494623655914,8.243727598566302e-05,0.0028621464678797223,-0.005157891232130707,0.0015135952102532655,-0.001942332030722614,0.002829836269957918,0.0030177394696131233,0.0014775525348640274,0.0014309575527851743,0.0014309575527851745,0.04659498207885305,4.659498207885304e-05,0.001467031209001358,0.0014311889150945478,0.001431188915094548,0.035842293906810034,3.5842293906810036e-05,0.0006231636482471425,1.8077382810991622e-05,0.0006050862654361509,-0.006695326415451924,0.005096109417853472,1.0,0.989247311827957
2015-05-11,-0.0008404074591831948,-0.0009192605057781769,0.07885304659498207,7.885304659498208e-05,0.00035076579573619835,-0.0011911732549193931,-0.03845371654473779,0.9978494623655914,7.885304659498214e-05,-0.0009192605057781768,0.001564624899356879,0.004017789730802601,-0.0010022638004257341,0.0014760792573188504,0.0003142577585491697,0.00035076579573619835,0.00031133927243870733,0.00031133927243870733,0.03942652329749104,3.942652329749104e-05,-0.0011911732549193931,-0.0012305997782168841,-0.0012305997782168841,0.03942652329749104,3.942652329749104e-05,-0.0038389961152304466,0.0012713383358111206,-0.005110334451041567,0.0027459052064826464,-0.004435990518797044,0.989247311827957,1.0
2015-05-12,0.0003172929376183785,0.0002169345146793103,0.1003584229390681,0.0001003584229390681,0.0012036089701085585,-0.0008863160324901799,0.03327313121679548,0.9978494623655914,0.0001003584229390682,0.0002169345146793104,5.1150209542467264e-05,0.005215595775856145,-0.0017452776497195862,0.00026558816243135426,0.0034780328291099984,0.0012036089701085585,0.0011570139880297055,0.0011570139880297055,0.04659498207885305,4.659498207885304e-05,-0.0008863160324901799,-0.000940079473350395,-0.0009400794733503949,0.053763440860215055,5.3763440860215054e-05,-0.001216667311367232,0.0015640510703902849,-0.002780718381757517,-7.417725697665199e-05,0.005083773277329611,0.989247311827957,1.0
2015-05-13,0.00014828202118443709,5.509205702673108e-05,0.0931899641577061,9.318996415770608e-05,0.002180303771301741,-0.002032021750117304,0.022592430870175918,0.9978494623655914,9.3189964157706e-05,5.5092057026731e-05,0.003864515727262094,0.004463099046179635,0.005718655561017962,0.001262463294841703,0.005909679666484371,0.002180303771301741,0.0021337087892228878,0.0021337087892228878,0.04659498207885305,4.659498207885304e-05,-0.002032021750117304,-0.002078616732196157,-0.002078616732196157,0.04659498207885305,4.659498207885304e-05,0.006218938894468785,0.004301018755345279,0.0019179201391235062,0.0012366162955830934,0.006932920759722455,0.989247311827957,1.0
2015-05-14,0.002207058473128828,0.0020887789032363545,0.11827956989247312,0.00011827956989247312,0.0008347280094682197,0.0013723304636606081,0.12887148960299558,0.9978494623655914,0.00011827956989247327,0.0020887789032363545,-0.0020346407077069546,-0.00416470136654974,0.00010143549908693215,0.0018961079601957222,0.0015561300483067982,0.0008347280094682197,0.0007881330273893667,0.0007881330273893666,0.04659498207885305,4.659498207885304e-05,0.0013723304636606081,0.001300645875846988,0.001300645875846988,0.07168458781362007,7.168458781362007e-05,-0.006632256284097683,-4.6080544604497966e-05,-0.006586175739493185,-0.004550164452369289,0.006371124926361257,0.989247311827957,0.9946236559139785
2015-05-15,0.001335839007216527,0.0012318963548867779,0.1039426523297491,0.0001039426523297491,-0.0005160984718093226,0.0018519374790258497,0.06379542411861708,0.9978494623655914,0.00010394265232974913,0.0012318963548867779,-0.002725662824882329,-0.005660299224390441,-0.0012333712214382029,-0.0006596349018459445,-0.0012184779645049955,-0.0005160984718093226,-0.0005662776832788567,-0.0005662776832788567,0.05017921146953405,5.017921146953405e-05,0.0018519374790258497,0.0017981740381656345,0.0017981740381656348,0.053763440860215055,5.3763440860215054e-05,-0.006172320267117198,-0.0021324974643026607,-0.004039822802814537,-0.003649996531352143,-0.0030544990127043376,0.9838709677419355,0.989247311827957
2015-05-18,0.0007812357124000269,0.0006450349955541487,0.13620071684587814,0.00013620071684587813,0.001783602224431247,-0.0010023665120312201,0.07434615035795272,0.9978494623655914,0.00013620071684587818,0.0006450349955541487,0.0013510762081507483,0.003312046655885825,0.0029852200434343393,0.003947289174890093,0.003377162085848695,0.001783602224431247,0.001711917636617627,0.001711917636617627,0.07168458781362007,7.168458781362007e-05,-0.0010023665120312201,-0.0010668826410634782,-0.0010668826410634782,0.06451612903225806,6.451612903225807e-05,0.005196524031149343,0.0029733685440892646,0.002223155487060078,-0.0026346678825205326,0.00245764679226809,0.9838709677419355,0.978494623655914
2015-05-19,-0.0003898437683480464,-0.0004758652737243905,0.08602150537634409,8.602150537634408e-05,-0.0002701027829768264,-0.00011974098537121991,-0.013035369894659659,0.9978494623655914,8.602150537634411e-05,-0.0004758652737243905,0.0002621857392902165,0.0001940744336468861,0.0007696190520125798,-0.0011494978768654784,-0.00023555941049774,-0.0002701027829768264,-0.0003131135356649984,-0.0003131135356649985,0.043010752688172046,4.301075268817204e-05,-0.00011974098537121991,-0.00016275173805939196,-0.00016275173805939196,0.043010752688172046,4.301075268817204e-05,-0.003429691675489195,7.443570355975947e-05,-0.0035041273790489542,0.0025478374378318067,0.0004844776501763293,0.9838709677419355,0.9838709677419355
2015-05-20,0.001618888351670873,0.0015292826169038477,0.08960573476702509,8.960573476702509e-05,0.0005828999986893382,0.0010359883529815347,0.06163199188924243,0.9978494623655914,8.96057347670252e-05,0.0015292826169038477,-0.002482519369557637,-0.0012508913787739333,-0.002672919191749229,0.0008685482010987016,0.0013144258955186637,0.0005828999986893382,0.0005398892460011662,0.0005398892460011662,0.043010752688172046,4.301075268817204e-05,0.0010359883529815347,0.0009893933709026817,0.0009893933709026817,0.04659498207885305,4.659498207885304e-05,-0.008144958528669007,-0.00034357038819387366,-0.0078013881404751335,-0.0035118417441712376,-0.0016738549346659865,0.9838709677419355,0.9731182795698925
2015-05-21,0.0013376630343545537,0.0012552257583688907,0.08243727598566308,8.243727598566309e-05,0.0019267435043678189,-0.0005890804700132653,0.06745175672259852,0.9978494623655914,8.243727598566302e-05,0.0012552257583688907,0.001102377484239007,0.0013297278516015774,0.004156901554712671,0.0035686954074343894,0.003995882809386262,0.0019267435043678189,0.0018837327516796469,0.0018837327516796469,0.043010752688172046,4.301075268817204e-05,-0.0005890804700132653,-0.0006285069933107563,-0.0006285069933107563,0.03942652329749104,3.942652329749104e-05,0.004073574887259272,0.002673701407130514,0.0013998734801287582,0.004119013193354164,0.0048607875475975525,0.978494623655914,0.978494623655914
2015-05-22,0.0006484954553507013,0.0005839793263184432,0.06451612903225806,6.451612903225807e-05,-0.0019515663951463554,0.0026000618504970568,-0.023722196562417378,0.9978494623655914,6.451612903225811e-05,0.0005839793263184432,-0.0046723560318236,-0.006255659039335138,-0.00325289365909464,-0.005769909711625624,-0.002969744329626254,-0.0019515663951463554,-0.001994577147834527,-0.0019945771478345276,0.043010752688172046,4.301075268817204e-05,0.0026000618504970568,0.0025785564741529704,0.002578556474152971,0.021505376344086023,2.150537634408602e-05,-0.003623670109824916,-0.0047038669715026874,0.0010801968616777715,-0.0036904996877742775,-0.0029806060616186987,0.9838709677419355,0.978494623655914
2015-05-25,-0.0009620604546475185,-0.0010265765836797766,0.06451612903225806,6.451612903225807e-05,-0.0007195277599636029,-0.00024253269468391565,-0.038216952251339815,0.9978494623655914,6.451612903225811e-05,-0.0010265765836797766,0.0008590602970510059,-0.0002629244259985174,-0.0008179835632170804,-0.0009473370611120921,-0.0016849147493347625,-0.0007195277599636029,-0.000762538512651775,-0.0007625385126517749,0.043010752688172046,4.301075268817204e-05,-0.00024253269468391565,-0.00026403807102800164,-0.00026403807102800164,0.021505376344086023,2.150537634408602e-05,0.0017350253042661902,-0.0007062678202845813,0.0024412931245507714,0.0034016128686814306,-0.003011838991341893,0.989247311827957,0.978494623655914
2015-05-26,9.275899498486962e-05,1.0321718999206588e-05,0.08243727598566308,8.243727598566309e-05,0.0008108847437723354,-0.0007181257487874656,-0.007472668057101236,0.9978494623655914,8.243727598566303e-05,1.0321718999206539e-05,0.0004707875660503595,0.0033671793606240745,0.002181186998473435,0.0019971445713804405,0.0014340819456267859,0.0008108847437723354,0.0007714582204748443,0.0007714582204748444,0.03942652329749104,3.942652329749104e-05,-0.0007181257487874656,-0.0007611365014756376,-0.0007611365014756376,0.043010752688172046,4.301075268817204e-05,0.001220956440586433,0.0018512656170710149,-0.0006303091764845818,-0.0020623422818698512,0.0014438540852923622,0.9946236559139785,0.978494623655914
2015-05-27,-0.0013203226651946002,-0.0014027599411802634,0.08243727598566308,8.243727598566309e-05,-0.004099729998280411,0.0027794073330858113,-0.05973779954022844,0.9978494623655914,8.243727598566323e-05,-0.0014027599411802632,-0.006765684009546468,-0.003145075979421933,-0.007283077222682958,-0.0050905648385815815,-0.009753907575550443,-0.004099729998280411,-0.004157077668531308,-0.004157077668531307,0.05734767025089606,5.7347670250896056e-05,0.0027794073330858113,0.0027543177273510445,0.0027543177273510445,0.025089605734767026,2.5089605734767026e-05,-0.005422473592110011,-0.006313279835014906,0.000890806242904895,-0.0085143789480444,-0.00960199544602418,0.9946236559139785,0.967741935483871
2015-05-28,-0.0010908845718675343,-0.0011446480127277493,0.053763440860215055,5.3763440860215054e-05,0.0005536096894902338,-0.0016444942613577681,-0.11314795211260925,0.9978494623655914,5.3763440860214945e-05,-0.0011446480127277493,0.003855150787474239,0.00215666399319813,0.0020549214493073204,-0.0014328446372887439,0.002377251387115074,0.0005536096894902338,0.0005249358543647859,0.0005249358543647858,0.02867383512544803,2.8673835125448028e-05,-0.0016444942613577681,-0.001669583867092535,-0.0016695838670925352,0.025089605734767026,2.5089605734767026e-05,0.005189857619565841,0.0017717847444116675,0.003418072875154174,0.0045142751529934225,0.001968671041309119,0.9946236559139785,0.978494623655914
2015-05-29,0.004765110675938147,0.004700594546905888,0.06451612903225806,6.451612903225807e-05,0.003937383622727231,0.0008277270532109159,0.2908330743161702,0.9978494623655914,6.451612903225854e-05,0.004700594546905889,-0.002940963893942095,0.0009155654686186945,0.0014567379251117175,0.00586760613334301,0.008878347801510186,0.003937383622727231,0.003912294016992463,0.003912294016992464,0.025089605734767026,2.5089605734767026e-05,0.0008277270532109159,0.0007883005299134249,0.0007883005299134249,0.03942652329749104,3.942652329749104e-05,-0.005595396225394841,0.003108368002377832,-0.008703764227772673,-0.008100654127153314,0.00986557566326781,0.9946236559139785,0.9838709677419355
2015-06-01,0.0008422784081029909,0.0007670095908986897,0.07526881720430108,7.526881720430107e-05,0.001399531794982364,-0.0005572533868793732,0.04664489420837804,0.9978494623655914,7.526881720430116e-05,0.0007670095908986898,0.002358333252668075,-0.0013731461840599108,0.001422011115226176,0.0022268648353261276,0.0030851629672840287,0.001399531794982364,0.001352936812903511,0.0013529368129035111,0.04659498207885305,4.659498207885304e-05,-0.0005572533868793732,-0.0005859272220048212,-0.0005859272220048213,0.02867383512544803,2.8673835125448028e-05,0.0010207009387643707,0.0015959745958016146,-0.0005752736570372439,0.0035358229202223277,0.0021049475910308686,0.9946236559139785,0.989247311827957
2015-06-02,-0.0012820511896245786,-0.0013537357774381987,0.07168458781362007,7.168458781362007e-05,-0.0008621965222502261,-0.00041985466737435245,-0.08680531968726132,0.9978494623655914,7.168458781362007e-05,-0.0013537357774381987,0.000905330258043911,0.0007084674881582927,0.001249840860680267,0.0022155806767254994,-0.0036943799051134285,-0.0008621965222502261,-0.0009016230455477172,-0.0009016230455477171,0.03942652329749104,3.942652329749104e-05,-0.00041985466737435245,-0.0004521127318904815,-0.0004521127318904815,0.03225806451612903,3.2258064516129034e-05,0.0007164628792733953,0.00024895333076092565,0.0004675095485124696,0.0008703697132059041,-0.002789259906970833,0.9946236559139785,0.989247311827957
2015-06-03,0.00017540938568573697,0.00011447748604415994,0.06093189964157706,6.093189964157706e-05,-0.0009484225507633934,0.0011238319364491303,-0.0027898772562118964,0.9978494623655914,6.093189964157703e-05,0.00011447748604415991,-0.0021990433113967633,-0.0023449049959012556,-0.003156807029064461,-0.0025782053869282794,-0.0015561649588260403,-0.0009484225507633934,-0.0009735121564981605,-0.0009735121564981604,0.025089605734767026,2.5089605734767026e-05,0.0011238319364491303,0.0010879896425423203,0.0010879896425423203,0.035842293906810034,3.5842293906810036e-05,-0.0036177336600072395,-0.0023177601469859055,-0.001299973513021334,-0.003975390102506246,-0.001705227093451962,0.9946236559139785,0.9838709677419355
2015-06-04,7.511806182720587e-05,2.135462096699078e-05,0.053763440860215055,5.3763440860215054e-05,0.0019796734695682523,-0.0019045554077410463,0.0052253890482332616,0.9978494623655914,5.376344086021509e-05,2.1354620966990812e-05,0.003745111481292766,0.003937109483860746,0.0031431427735395213,0.005269174169423145,0.0033044333239931837,0.0019796734695682523,0.001954583863833485,0.0019545838638334854,0.025089605734767026,2.5089605734767026e-05,-0.0019045554077410463,-0.0019332292428664943,-0.0019332292428664943,0.02867383512544803,2.8673835125448028e-05,0.004949404855155009,0.0040465520640433975,0.0009028527911116111,0.004990070975922686,0.004582915533630834,1.0,0.9731182795698925
2015-06-05,-0.0014383894498357027,-0.001524410955212047,0.08602150537634409,8.602150537634408e-05,-0.0017747902910779294,0.0003364008412422267,-0.12851093589841167,0.9978494623655914,8.602150537634422e-05,-0.0015244109552120467,0.0003643543965887721,-0.002747113840630904,-0.0031244667985530637,-0.004107039076889396,-0.0032708513347890905,-0.0017747902910779294,-0.0018142168143754204,-0.0018142168143754204,0.03942652329749104,3.942652329749104e-05,0.0003364008412422267,0.00028980585916337366,0.00028980585916337366,0.04659498207885305,4.659498207885304e-05,0.0005992291443250979,-0.002739050389746905,0.003338279534072003,0.0016385747940682346,-0.003497107568840707,1.0,0.9731182795698925
2015-06-08,-0.0006081464521606173,-0.0006654941224115134,0.05734767025089606,5.7347670250896056e-05,0.0021632321534916397,-0.0027713786056522568,-0.07838672179392107,0.9978494623655914,5.7347670250896144e-05,-0.0006654941224115133,0.00588531097136431,0.004857649691184924,0.0027432602411425863,0.002374785638806731,0.005302303641071553,0.0021632321534916397,0.0021417267771475534,0.002141726777147554,0.021505376344086023,2.150537634408602e-05,-0.0027713786056522568,-0.002807220899559067,-0.002807220899559067,0.035842293906810034,3.5842293906810036e-05,0.003945423153182731,0.004385532083592916,-0.0004401089304101845,0.005601704287663785,0.0019644951183279925,1.0,0.9731182795698925
2015-06-09,0.0009744817789217754,0.0009171341086708793,0.05734767025089606,5.7347670250896056e-05,0.001312844763594599,-0.00033836298467282384,0.029853365686296693,0.9978494623655914,5.7347670250896144e-05,0.0009171341086708794,0.00037692230503352266,0.0012763332979698976,0.0023879107371784906,-0.00026693364695722793,0.004072001114262412,0.001312844763594599,0.0012913393872505132,0.001291339387250513,0.021505376344086023,2.150537634408602e-05,-0.00033836298467282384,-0.00037420527857963393,-0.0003742052785796339,0.035842293906810034,3.5842293906810036e-05,0.0030452050680970276,0.0016167948224246006,0.001428410245672427,-0.0017720422810669912,0.006433251807222944,1.0,0.9731182795698925
2015-06-10,0.0009579921282311149,0.0009113971461522618,0.04659498207885305,4.659498207885304e-05,0.00020627393342003786,0.0007517181948110771,0.04359223361907502,0.9978494623655914,4.659498207885309e-05,0.0009113971461522618,-0.0006072172927495088,-0.003295874583367445,0.0015944654094845847,-0.0013798576999013202,0.0013087506502107737,0.00020627393342003786,0.00017760009829458984,0.00017760009829458984,0.02867383512544803,2.8673835125448028e-05,0.0007517181948110771,0.000733797047857672,0.000733797047857672,0.017921146953405017,1.7921146953405018e-05,0.0018477170086914209,-0.000506030294070408,0.002353747302761829,0.0010115091755534134,0.002120544229062613,1.0,0.978494623655914
2015-06-11,0.0014815980823034897,0.0014314188708339556,0.05017921146953405,5.017921146953405e-05,-0.0010213769181531098,0.0025029750004565993,0.09278001753748523,0.9978494623655914,5.017921146953418e-05,0.0014314188708339558,-0.005208346335399384,-0.00460115733194083,-0.0037434057482419515,-0.00259966445257863,-0.001764298528170014,-0.0010213769181531098,-0.0010464665238878767,-0.001046466523887877,0.025089605734767026,2.5089605734767026e-05,0.0025029750004565993,0.0024778853947218325,0.0024778853947218325,0.025089605734767026,2.5089605734767026e-05,-0.0031117788637863345,-0.003746823166566206,0.0006350443027798715,-0.006368572468797566,-0.002235900048815798,1.0,0.978494623655914
2015-06-12,0.001381964966327516,0.00132461729607662,0.05734767025089606,5.7347670250896056e-05,0.00102467017725245,0.00035729478907506595,0.08413404154766524,0.9978494623655914,5.734767025089593e-05,0.0013246172960766198,-0.0011627329464802987,0.0001816971585102021,0.001820311416796087,0.0009356237461462176,0.002606198658684241,0.00102467017725245,0.001003164800908364,0.001003164800908364,0.021505376344086023,2.150537634408602e-05,0.00035729478907506595,0.0003214524951682559,0.0003214524951682559,0.035842293906810034,3.5842293906810036e-05,0.00039818142136312766,0.0007961247522755856,-0.00039794333091245797,-0.0003005422691382103,0.003180219530223461,0.9946236559139785,0.989247311827957
2015-06-15,0.0023797890367820273,0.002326025595921812,0.053763440860215055,5.3763440860215054e-05,0.0033019334624846486,-0.0009221444257026213,0.15623107016648785,0.9978494623655914,5.376344086021516e-05,0.002326025595921812,0.0017795658790047304,0.001973734796206267,0.002235178588408541,0.004558109545224641,0.0076267456148416245,0.0033019334624846486,0.0032696753979685193,0.0032696753979685198,0.03225806451612903,3.2258064516129034e-05,-0.0009221444257026213,-0.0009436498020467073,-0.0009436498020467073,0.021505376344086023,2.150537634408602e-05,-0.001027188048610388,0.003949153189543897,-0.004976341238154285,0.001573328170744719,0.009266407113154122,0.9946236559139785,1.0
2015-06-16,0.0010580440226060166,0.0010042805817458015,0.053763440860215055,5.3763440860215054e-05,0.0013080693642110782,-0.0002500253416050616,0.05630962817786589,0.9978494623655914,5.376344086021516e-05,0.0010042805817458015,0.000883630380799418,-0.00026710871196846655,0.003197260085941243,0.0033648559561603366,0.0022417801145530663,0.0013080693642110782,0.0012865639878669923,0.001286563987866992,0.021505376344086023,2.150537634408602e-05,-0.0002500253416050616,-0.00028228340612119064,-0.00028228340612119064,0.03225806451612903,3.2258064516129034e-05,0.0011153214924901735,0.00179512160270662,-0.0006798001102164466,0.000792146000263778,0.0024774644611926565,0.989247311827957,1.0
2015-06-17,-0.0007960657127044687,-0.0008534133829553647,0.05734767025089606,5.7347670250896056e-05,0.0021159895996655164,-0.0029120553123699847,-0.057553510907052706,0.9978494623655914,5.7347670250896036e-05,-0.0008534133829553647,0.005763676337337572,0.005944979199544765,0.00645348786088118,0.006732434154477047,0.0029817517217580244,0.0021159895996655164,0.002087315764540068,0.0020873157645400686,0.02867383512544803,2.8673835125448028e-05,-0.0029120553123699847,-0.002940729147495433,-0.0029407291474954325,0.02867383512544803,2.8673835125448028e-05,-0.0001359854184618214,0.005961601023100697,-0.006097586441562519,0.005717171469047476,0.0026592840593137163,0.989247311827957,0.9946236559139785
2015-06-18,-0.002023351967473907,-0.00206994694955276,0.04659498207885305,4.659498207885304e-05,-0.001926828055335548,-9.652391213835889e-05,-0.13038551745716742,0.9978494623655914,4.6594982078852765e-05,-0.0020699469495527602,-0.0001519155459092629,0.0008829745646486792,-0.0034820096259832655,-0.0007926393731648365,-0.0053841644794242255,-0.001926828055335548,-0.001959086119851677,-0.001959086119851677,0.03225806451612903,3.2258064516129034e-05,-9.652391213835889e-05,-0.00011086082970108292,-0.0001108608297010829,0.014336917562724014,1.4336917562724014e-05,-0.001848234961042354,-0.001672840905556843,-0.0001753940554855111,0.0012854899293308442,-0.00957080244153428,0.9946236559139785,0.9946236559139785
2015-06-19,0.0005010351624132302,0.00044727172155301504,0.053763440860215055,5.3763440860215054e-05,0.0004159636899694882,8.507147244374188e-05,0.07353100738074128,0.9978494623655914,5.376344086021511e-05,0.0004472717215530151,-0.0005339124377985546,0.0005573960409346578,0.004495241490450311,0.0017450753602888365,0.0003753533897640465,0.0004159636899694882,0.0003944583136254022,0.0003944583136254022,0.021505376344086023,2.150537634408602e-05,8.507147244374188e-05,5.281340792761281e-05,5.281340792761285e-05,0.03225806451612903,3.2258064516129034e-05,-0.0018906767785309556,0.0011840265797847713,-0.0030747033583157267,-0.0017029164215319407,0.0014478107101046813,0.989247311827957,0.989247311827957
2015-06-22,0.0002666279514364267,0.0002200329693575736,0.04659498207885305,4.659498207885304e-05,-0.0016533359685156957,0.0019199639199521225,0.0002209078067575627,0.9978494623655914,4.659498207885309e-05,0.00022003296935757364,-0.003530259898957354,-0.004459263721798027,-0.004945154603722523,-0.005803761603207589,-0.002058127103943292,-0.0016533359685156957,-0.0016784255742504628,-0.0016784255742504628,0.025089605734767026,2.5089605734767026e-05,0.0019199639199521225,0.0018984585436080364,0.0018984585436080364,0.021505376344086023,2.150537634408602e-05,-0.004060908417756496,-0.004350843901842523,0.0002899354840860263,-0.0018620064286551607,-0.0033438600171641054,0.989247311827957,0.989247311827957
2015-06-23,0.000700521955126296,0.0006503427436567621,0.05017921146953405,5.017921146953405e-05,-0.0005116470443597711,0.0012121689994860673,0.027705610857084163,0.9978494623655914,5.0179211469533963e-05,0.000650342743656762,-0.0023614159489946988,-0.0025501820989270053,-0.003001475102952425,-0.004169605943329122,0.0005498618385852479,-0.0005116470443597711,-0.0005403208794852191,-0.0005403208794852192,0.02867383512544803,2.8673835125448028e-05,0.0012121689994860673,0.0011906636231419812,0.0011906636231419812,0.021505376344086023,2.150537634408602e-05,-0.005898253611628564,-0.0020311292127021623,-0.0038671243989264015,-0.0017320982763479429,0.0002269692271386309,0.989247311827957,0.9946236559139785
2015-06-24,0.0010859486107007929,0.001032185169840578,0.053763440860215055,5.3763440860215054e-05,0.0017464244205962984,-0.0006604758098955055,0.04696597272004811,0.9978494623655914,5.3763440860214945e-05,0.001032185169840578,0.0015035437097666129,0.0009557674398398069,-0.002718354026770417,0.0024113371547817295,0.00403360468439803,0.0017464244205962984,0.0017177505854708503,0.0017177505854708503,0.02867383512544803,2.8673835125448028e-05,-0.0006604758098955055,-0.0006855654156302726,-0.0006855654156302725,0.025089605734767026,2.5089605734767026e-05,-0.0031014802965095645,0.0015468039354592064,-0.004648284231968771,0.00468877836333604,0.003993242443770892,0.9838709677419355,1.0
2015-06-25,-0.0017779022358356334,-0.0018209129885238054,0.043010752688172046,4.301075268817204e-05,-0.006595982558883801,0.004818080323048167,-0.09979915588352181,0.9978494623655914,4.3010752688172e-05,-0.0018209129885238054,-0.009312694722175304,-0.010283092493938396,-0.008073004512856835,-0.010295416536665726,-0.01464023940831854,-0.006595982558883801,-0.0066174879352278865,-0.0066174879352278865,0.021505376344086023,2.150537634408602e-05,0.004818080323048167,0.004796574946704081,0.004796574946704081,0.021505376344086023,2.150537634408602e-05,-0.007335307681598933,-0.01036930585597456,0.003033998174375628,-0.009015068121887803,-0.01733914899725286,0.9838709677419355,1.0
2015-06-26,0.0009101544043890257,0.0008671436517008535,0.043010752688172046,4.301075268817204e-05,0.006248543336963804,-0.005338388932574778,0.060052507947771006,0.9978494623655914,4.3010752688172216e-05,0.0008671436517008537,0.010795504318544358,0.01043932495835995,0.009809498164942058,0.010044461669520463,0.01372339917613118,0.006248543336963804,0.006227037960619718,0.006227037960619718,0.021505376344086023,2.150537634408602e-05,-0.005338388932574778,-0.005359894308918864,-0.005359894308918864,0.021505376344086023,2.150537634408602e-05,0.00853554802976915,0.011196383148890054,-0.0026608351191209044,0.009491207360982376,0.016960208729265482,0.978494623655914,1.0
2015-06-29,0.004864648183205297,0.004810884742345083,0.053763440860215055,5.3763440860215054e-05,0.004692225894302027,0.0001724222889032707,0.30555285527094117,0.9978494623655914,5.376344086021473e-05,0.004810884742345083,-0.0017466607907379098,0.002458787848056195,0.004924858494325697,0.004527900893685944,0.01181272723606311,0.004692225894302027,0.004670720517957941,0.004670720517957941,0.021505376344086023,2.150537634408602e-05,0.0001724222889032707,0.00014016422438714167,0.00014016422438714167,0.03225806451612903,3.2258064516129034e-05,0.004824903125308397,0.004373521723326391,0.00045138140198200567,-0.003395153561578433,0.016749653529330565,0.989247311827957,0.9946236559139785
2015-06-30,0.0034075056552030293,0.0033680791319055385,0.03942652329749104,3.942652329749104e-05,0.00482126672930085,-0.0014137610740978205,0.21438039549524665,0.9978494623655914,3.94265232974908e-05,0.003368079131905538,0.0032238105936472105,0.0020349452572925013,0.0015859498727600078,0.008296453809899648,0.010315573282952725,0.00482126672930085,0.004799761352956764,0.004799761352956764,0.021505376344086023,2.150537634408602e-05,-0.0014137610740978205,-0.0014316822210512254,-0.0014316822210512256,0.017921146953405017,1.7921146953405018e-05,0.01981608032391875,0.004627118745866797,0.015188961578051953,0.0011021297654839996,0.015322465129762772,0.989247311827957,0.989247311827957
2015-07-01,-0.0013094648188674638,-0.0013775651772904031,0.06810035842293907,6.810035842293906e-05,-0.0018239542745230263,0.0005144894556555624,-0.0986958781504251,0.9978494623655914,6.81003584229393e-05,-0.001377565177290403,6.228832937399696e-05,-0.003211513392681368,-0.002146141473425902,-0.0011797457885549794,-0.00488198992929159,-0.0018239542745230263,-0.0018669650272111985,-0.0018669650272111983,0.043010752688172046,4.301075268817204e-05,0.0005144894556555624,0.0004893998499207954,0.0004893998499207954,0.025089605734767026,2.5089605734767026e-05,-0.003657450543436541,-0.002172523912996831,-0.0014849266304397101,-0.0020004144765876784,-0.00742827841955108,0.989247311827957,0.9946236559139785
2015-07-02,-0.0017054732762644314,-0.0017592367171246463,0.053763440860215055,5.3763440860215054e-05,-0.00428599390310674,0.0025805206268423087,-0.13168333580638367,0.9978494623655914,5.3763440860214945e-05,-0.0017592367171246465,-0.004970996605238865,-0.005541130550576123,-0.005174869507068427,-0.0069304740886361035,-0.009392744665002168,-0.00428599390310674,-0.004314667738232188,-0.0043146677382321875,0.02867383512544803,2.8673835125448028e-05,0.0025805206268423087,0.002555431021107542,0.002555431021107542,0.025089605734767026,2.5089605734767026e-05,-0.006954159590318184,-0.006552159460008234,-0.0004020001303099499,-0.0031309366544437067,-0.01176762910042604,0.989247311827957,0.9946236559139785
2015-07-03,-0.0007290477065031243,-0.0007756426885819774,0.04659498207885305,4.659498207885304e-05,0.005571376769501321,-0.006300424476004445,-0.06242513467162745,0.9978494623655914,4.659498207885309e-05,-0.0007756426885819774,0.01305538096195018,0.011691784932126309,0.01101187477130325,0.010757135111467938,0.01133556275276999,0.005571376769501321,0.005546287163766554,0.005546287163766554,0.025089605734767026,2.5089605734767026e-05,-0.006300424476004445,-0.006321929852348531,-0.006321929852348531,0.021505376344086023,2.150537634408602e-05,0.00648580243275294,0.011838223933516034,-0.005352421500763094,0.01430881724786823,0.013009191707509235,0.989247311827957,0.989247311827957
2015-07-06,-0.0003280727218240858,-0.00038183616268430074,0.053763440860215055,5.3763440860215054e-05,0.0005380339293492871,-0.000866106651173373,-0.08066258167409981,0.9978494623655914,5.3763440860214945e-05,-0.00038183616268430085,0.0024312524061247324,0.00033413509479077294,-0.0007350643710818468,0.0004068608389502106,0.0014106713685727564,0.0005380339293492871,0.0005093600942238392,0.0005093600942238391,0.02867383512544803,2.8673835125448028e-05,-0.000866106651173373,-0.0008911962569081401,-0.00089119625690814,0.025089605734767026,2.5089605734767026e-05,-0.0032006469792602295,0.0006462513545111642,-0.003846898333771394,0.0026783342641052425,0.001135338715318133,0.989247311827957,1.0
2015-07-07,-0.003990454991743335,-0.004051386891384912,0.06093189964157706,6.093189964157706e-05,-0.0033040001042424186,-0.0006864548875009163,-0.21154714741841787,0.9978494623655914,6.093189964157669e-05,-0.004051386891384912,0.0007424586782582511,0.0026338119684889954,-0.0012883232101661246,-0.0022584990686813854,-0.008782750778386564,-0.0033040001042424186,-0.003332673939367867,-0.0033326739393678665,0.02867383512544803,2.8673835125448028e-05,-0.0006864548875009163,-0.0007187129520170453,-0.0007187129520170453,0.03225806451612903,3.2258064516129034e-05,-0.0031449837201809007,-0.0017132482996227339,-0.0014317354205581668,0.000813242506329864,-0.011749570071518868,0.989247311827957,1.0
2015-07-08,0.004986711253254005,0.00493653204178447,0.05017921146953405,5.017921146953405e-05,0.007719497756032574,-0.0027327865027785693,0.2694796474124117,0.9978494623655914,5.0179211469534614e-05,0.004936532041784471,0.005484686524297284,0.005427345968076847,0.00914006027458706,0.010307210240295845,0.018004888147949802,0.007719497756032574,0.007701576609079169,0.007701576609079169,0.017921146953405017,1.7921146953405018e-05,-0.0027327865027785693,-0.0027650445672946986,-0.002765044567294698,0.03225806451612903,3.2258064516129034e-05,0.005041507865458215,0.009872648049625206,-0.004831140184166991,0.006613886214419762,0.02128352096429108,0.989247311827957,1.0
2015-07-09,-0.0004038347943506951,-0.00045759823521091013,0.053763440860215055,5.3763440860215054e-05,-0.0012037930083310553,0.0007999582139803599,-0.004784894182881388,0.9978494623655914,5.3763440860215054e-05,-0.00045759823521091013,-0.002714189940371632,0.0006286305968611042,0.002583803957826807,-0.0025021873719756177,-0.0023602853390053565,-0.0012037930083310553,-0.0012396353022378652,-0.0012396353022378654,0.035842293906810034,3.5842293906810036e-05,0.0007999582139803599,0.0007820370670269549,0.0007820370670269549,0.017921146953405017,1.7921146953405018e-05,-0.0051128672017615485,-0.00068274918318871,-0.004430118018572839,-0.00283480064501442,-0.0021756124675236053,0.9946236559139785,1.0
2015-07-10,0.001982130843387778,0.001935535861308925,0.04659498207885305,4.659498207885304e-05,0.002851003629446338,-0.0008688727860585597,0.1477457554229922,0.9978494623655914,4.659498207885298e-05,0.001935535861308925,0.0018567555418216428,0.0014997256327080734,0.004140623459025461,0.002492976883610443,0.007306522446533791,0.002851003629446338,0.0028294982531022516,0.002829498253102252,0.021505376344086023,2.150537634408602e-05,-0.0008688727860585597,-0.0008939623917933268,-0.0008939623917933267,0.025089605734767026,2.5089605734767026e-05,0.005006066814617799,0.003480910397957078,0.0015251564166607213,0.002224508538208821,0.007529420289410612,0.9838709677419355,1.0
2015-07-13,-9.298233278155729e-06,-6.306167413837073e-05,0.053763440860215055,5.3763440860215054e-05,-0.0012916859294550692,0.0012823876961769137,-0.02918685748744105,0.9978494623655914,5.3763440860215006e-05,-6.306167413837078e-05,-0.002103998215765245,-0.003486329745530992,-0.0016324913553342705,-0.0004941164257352491,-0.0036279995754975834,-0.0012916859294550692,-0.0013275282233618795,-0.0013275282233618793,0.035842293906810034,3.5842293906810036e-05,0.0012823876961769137,0.0012644665492235086,0.0012644665492235088,0.017921146953405017,1.7921146953405018e-05,-0.0029216653540276726,-0.002340553166146512,-0.0005811121878811607,-0.004084095826264645,-0.0067726690335682,0.9838709677419355,1.0
2015-07-14,-0.0009371588323802369,-0.001001674961412495,0.06451612903225806,6.451612903225807e-05,-0.001620553781822422,0.000683394949442185,-0.0661260291612711,0.9978494623655914,6.4516129032258e-05,-0.001001674961412495,-0.0026383909130234555,0.0011764121293938007,0.003036383187355659,-0.0011661096179160276,-0.004278606536509252,-0.001620553781822422,-0.001659980305119913,-0.001659980305119913,0.03942652329749104,3.942652329749104e-05,0.000683394949442185,0.000658305343707418,0.000658305343707418,0.025089605734767026,2.5089605734767026e-05,-0.0027115223741631315,-0.0006390718888008883,-0.0020724504853622434,-0.005047267935952583,-0.00332456779692007,0.9946236559139785,1.0
2015-07-15,0.006211358912912696,0.006146842783880438,0.06451612903225806,6.451612903225807e-05,0.0019264868492688291,0.0042848720636438666,0.34591530786547087,0.9978494623655914,6.451612903225854e-05,0.0061468427838804384,-0.010056384126832199,-0.005596464128198801,-0.002365325681091382,0.0002955447186248116,0.005631688188494082,0.0019264868492688291,0.0018942287847527,0.0018942287847527,0.03225806451612903,3.2258064516129034e-05,0.0042848720636438666,0.004252613999127738,0.004252613999127738,0.03225806451612903,3.2258064516129034e-05,-0.01199591875146418,-0.0020255292865717853,-0.009970389464892395,-0.01009524683363612,0.0066762023662441435,1.0,1.0
2015-07-16,0.00046299715454637335,0.0004092337136861583,0.053763440860215055,5.3763440860215054e-05,0.0019441417832681694,-0.001481144628721796,0.04890927524463227,0.9978494623655914,5.3763440860215054e-05,0.0004092337136861583,0.0037798533752911056,0.001327161021748566,-0.0006137674483435632,0.0022058653231588144,0.004729492688225101,0.0019441417832681694,0.0019226364069240835,0.0019226364069240833,0.021505376344086023,2.150537634408602e-05,-0.001481144628721796,-0.0015134026932379252,-0.001513402693237925,0.03225806451612903,3.2258064516129034e-05,-0.00047771491432498754,0.0023992844386731913,-0.0028769993529981787,0.004747897164049934,0.006645572654707816,1.0,1.0
2015-07-17,0.0036220900637033413,0.0035253158701549544,0.0967741935483871,9.67741935483871e-05,0.0005207477943777414,0.0031013422693256,0.13716860826884683,0.9978494623655914,9.677419354838694e-05,0.0035253158701549544,-0.00680118181311253,-0.0050056899897285385,-0.003971242108700973,-0.002339636804836631,0.0027320617855515397,0.0005207477943777414,0.0004777370416895694,0.0004777370416895694,0.043010752688172046,4.301075268817204e-05,0.0031013422693256,0.003047578828465385,0.003047578828465385,0.053763440860215055,5.3763440860215054e-05,-0.005372932971690543,-0.0029674938007794235,-0.002405439170911119,-0.005369930724307227,0.008876220258956988,1.0,1.0
2015-07-21,0.0009614612989136041,0.0008933609404906651,0.06810035842293907,6.810035842293906e-05,0.002971156687852801,-0.002009695388939197,0.07941821606440562,0.9978494623655914,6.810035842293898e-05,0.000893360940490665,0.003696217160487672,0.004665738012659838,0.004135586478626176,0.006246129615503434,0.005790405255806687,0.002971156687852801,0.002938898623336672,0.0029388986233366723,0.03225806451612903,3.2258064516129034e-05,-0.002009695388939197,-0.002045537682846007,-0.0020455376828460072,0.035842293906810034,3.5842293906810036e-05,0.002833906156777273,0.004789142322385338,-0.0019552361656080645,0.003408609109160427,0.006684518898329239,1.0,0.9946236559139785
2015-07-22,0.004532968792950838,0.004486373810871985,0.04659498207885305,4.659498207885304e-05,0.0016917148021560343,0.002841253990794804,0.2000643863952508,0.9978494623655914,4.6594982078852765e-05,0.004486373810871985,-0.008418066117257986,-0.0002113917102528516,0.0005197485244732848,0.002982616101203433,0.0035838363558663862,0.0016917148021560343,0.0016666251964212672,0.0016666251964212672,0.025089605734767026,2.5089605734767026e-05,0.002841253990794804,0.002819748614450718,0.002819748614450718,0.021505376344086023,2.150537634408602e-05,-0.0003024382629831898,-0.00017924002730120445,-0.00012319823568198533,-0.010674771471432311,0.0038032164645831735,0.9946236559139785,0.989247311827957
2015-07-23,-0.00021443469932004266,-0.0002431085344454907,0.02867383512544803,2.8673835125448028e-05,-0.00018058049240443993,-3.385420691560275e-05,-0.027774801375178085,0.9978494623655914,2.8673835125448045e-05,-0.00024310853444549067,-0.00031114963897283714,0.0008254245194392912,0.0008335361981275595,-0.00220608331337714,0.0005613001794752503,-0.00018058049240443993,-0.0001949174099671639,-0.00019491740996716394,0.014336917562724014,1.4336917562724014e-05,-3.385420691560275e-05,-4.8191124478326775e-05,-4.819112447832677e-05,0.014336917562724014,1.4336917562724014e-05,-0.004154082009449374,-0.00010711847606612886,-0.004046963533383245,-0.0029211669956488496,0.0026621743241358855,0.9946236559139785,0.989247311827957
2015-07-24,-0.004289643405680087,-0.00433623838775894,0.04659498207885305,4.659498207885304e-05,-0.005189682441017694,0.0009000390353376075,-0.23984845172341718,0.9978494623655914,4.6594982078852765e-05,-0.00433623838775894,-0.0016963812960396586,-0.0020074716199463276,-0.0026542730435694345,-0.0037901924382889468,-0.01367395110390861,-0.005189682441017694,-0.005214772046752461,-0.005214772046752461,0.025089605734767026,2.5089605734767026e-05,0.0009000390353376075,0.0008785336589935213,0.0008785336589935215,0.021505376344086023,2.150537634408602e-05,-0.0036669284709422508,-0.004910724575610571,0.0012437961046683206,-0.002042137803220811,-0.01397835682254933,0.9946236559139785,0.989247311827957
2015-07-27,0.005605852519484559,0.00553416793167094,0.07168458781362007,7.168458781362007e-05,0.008251419475323755,-0.0026455669558391954,0.2870977351845223,0.9978494623655914,7.168458781361964e-05,0.00553416793167094,0.005945789243571435,0.003981823247892302,0.006884025017656158,0.008713848658447826,0.02039733409674735,0.008251419475323755,0.008215577181416944,0.008215577181416946,0.035842293906810034,3.5842293906810036e-05,-0.0026455669558391954,-0.0026814092497460056,-0.002681409249746005,0.035842293906810034,3.5842293906810036e-05,0.011326739600248402,0.009261600320520029,0.002065139279728373,0.005489706188124632,0.02378241122153456,0.9946236559139785,0.989247311827957
2015-07-28,0.003400228591001839,0.003357217838313667,0.043010752688172046,4.301075268817204e-05,0.0013834103658772272,0.002016818225124612,0.21125476591461115,0.9978494623655914,4.301075268817178e-05,0.0033572178383136668,-0.004755901746097493,-0.002589105858552687,0.0009227184511232354,0.003404690902668812,0.0024478856462972756,0.0013834103658772272,0.0013619049895331411,0.0013619049895331411,0.021505376344086023,2.150537634408602e-05,0.002016818225124612,0.001995312848780526,0.0019953128487805263,0.021505376344086023,2.150537634408602e-05,-0.008670236059907922,0.00011584288766795414,-0.008786078947575876,-0.010134704008161638,0.003517469928340942,0.9946236559139785,0.989247311827957
2015-07-29,-0.004649072738688719,-0.004676208277938339,0.027135539249619273,2.7135539249619276e-05,-0.0036323865443224895,-0.0010166861943662303,-0.20754834385218038,0.9957081545064378,2.7135539249619964e-05,-0.004676208277938338,0.004183906513680681,-0.0023445538137889447,-0.0029495271582001643,-0.002569314417934652,-0.009635937175898997,-0.0036323865443224895,-0.0036406048900391045,-0.0036406048900391045,0.008218345716615135,8.218345716615136e-06,-0.0010166861943662303,-0.0010356033878992346,-0.0010356033878992344,0.01891719353300414,1.891719353300414e-05,-0.004709074425161369,-0.002939702451388076,-0.0017693719737732934,0.005131856006301959,-0.010527153108392345,0.9946236559139785,0.9946524064171123
2015-07-30,-0.0034796276307775932,-0.0035475818510923287,0.06795422031473533,6.795422031473535e-05,-0.002363631881724161,-0.0011159957490534326,-0.13889779140249425,0.9957081545064378,6.795422031473548e-05,-0.0035475818510923287,0.001566088438072259,0.0035445182420762874,-0.0003294297880674676,0.00019653214061726257,-0.007204410953427721,-0.002363631881724161,-0.0023993972608371793,-0.0023993972608371793,0.035765379113018594,3.57653791130186e-05,-0.0011159957490534326,-0.0011481845902551492,-0.0011481845902551495,0.032188841201716736,3.218884120171674e-05,0.006939644430791317,-0.0005199194285565956,0.007459563859347912,-0.0022474385967794427,-0.008666577608028836,0.9946236559139785,0.9893048128342246
2015-07-31,0.006398292325485296,0.006323185029347957,0.07510729613733906,7.510729613733905e-05,0.004220832612911038,0.0021774597125742575,0.23555894838757727,0.9957081545064378,7.510729613733908e-05,0.006323185029347957,-0.005937629121770343,-0.0010899053374053811,0.0009628936366204829,0.0008150496845294408,0.012282204174616208,0.004220832612911038,0.004192220309620623,0.0041922203096206225,0.02861230329041488,2.861230329041488e-05,0.0021774597125742575,0.0021309647197273332,0.0021309647197273332,0.046494992846924176,4.649499284692418e-05,-0.002892519773627297,0.0016511639729939746,-0.0045436837466212715,-0.009602007727438402,0.01571456735479357,1.0,0.9893048128342246
2015-08-03,0.0033132168484674624,0.0032488391660640287,0.06437768240343347,6.437768240343348e-05,0.00284370031637877,0.00046951653208869207,0.1857422574158472,0.9957081545064378,6.437768240343368e-05,0.0032488391660640287,-0.0024222857100340118,0.002073506115509651,0.002625986982988103,0.00619946170507573,0.005449716550252503,0.00284370031637877,0.0028258176268222608,0.0028258176268222608,0.017882689556509297,1.78826895565093e-05,0.00046951653208869207,0.0004230215392417679,0.00042302153924176787,0.046494992846924176,4.649499284692418e-05,0.00422760516632234,0.002691680515951356,0.0015359246503709842,-0.0015256982852641424,0.007117196495182785,1.0,0.9893048128342246
2015-08-04,-0.006845415223147242,-0.006902639829728071,0.05722460658082976,5.722460658082976e-05,-0.002815660956678601,-0.0040297542664686405,-0.2816549225561399,0.9957081545064378,5.722460658082965e-05,-0.006902639829728071,0.010147016053460705,0.0037182749221360395,0.00485290008830643,0.0017500322232757073,-0.009340164536232872,-0.002815660956678601,-0.0028478497978803178,-0.0028478497978803178,0.032188841201716736,3.218884120171674e-05,-0.0040297542664686405,-0.0040547900318477536,-0.0040547900318477536,0.02503576537911302,2.503576537911302e-05,0.0073622431831690495,0.002158096750333513,0.005204146432835536,0.01238725383343211,-0.010695073848275966,1.0,0.9946524064171123
2015-08-05,-0.007390280128715517,-0.007458234349030253,0.06795422031473533,6.795422031473535e-05,-0.006142768964081263,-0.001247511164634255,-0.3121518509887396,0.9957081545064378,6.795422031473548e-05,-0.007458234349030253,0.004345292797264603,-0.0012828688454007526,-0.003705215310686496,-0.009872093632360015,-0.013531890843573981,-0.006142768964081263,-0.006182110881105583,-0.006182110881105583,0.03934191702432046,3.934191702432046e-05,-0.001247511164634255,-0.00127612346792467,-0.0012761234679246698,0.02861230329041488,2.861230329041488e-05,-0.0057120769843297,-0.00498883243958487,-0.0007232445447448305,0.008047793870562056,-0.01193864363185662,1.0,0.9946524064171123
2015-08-06,-0.001988485525513461,-0.0020886285870299133,0.10014306151645208,0.00010014306151645208,-0.002494583364867018,0.0005060978393535569,-0.12418285736251222,0.9957081545064378,0.00010014306151645211,-0.0020886285870299133,-0.0023101363722324727,0.001626835765733289,-0.0015727739937375787,-0.001989171489898994,-0.006505258435876505,-0.002494583364867018,-0.0025303487439800364,-0.0025303487439800364,0.035765379113018594,3.57653791130186e-05,0.0005060978393535569,0.0004417201569501233,0.0004417201569501234,0.06437768240343347,6.437768240343348e-05,0.00791391215495828,-0.0026042240098839765,0.010518136164842255,-0.005765541500063643,-0.006226309142252052,0.9946236559139785,0.9946524064171123
2015-08-07,0.00538832209593135,0.005302485186060105,0.08583690987124463,8.583690987124464e-05,0.004882973119407274,0.000505348976524076,0.25561519038432434,0.9957081545064378,8.583690987124491e-05,0.005302485186060105,-0.0007420342532139924,-0.0015385882587960512,0.007285100101955062,0.006655445492809374,0.011352699664200407,0.004882973119407274,0.004840054664471651,0.004840054664471651,0.04291845493562232,4.291845493562232e-05,0.000505348976524076,0.0004624305215884537,0.00046243052158845364,0.04291845493562232,4.291845493562232e-05,0.01640828095153433,0.0043618279201849105,0.012046453031349422,-0.003009305150336155,0.009223900273173767,0.989247311827957,0.9946524064171123
2015-08-10,-0.004818249310100065,-0.004889780068326102,0.07153075822603719,7.15307582260372e-05,-0.0039056321168068255,-0.0009126171932932396,-0.27654100908857215,0.9957081545064378,7.153075822603772e-05,-0.0048897800683261015,0.002983330461741841,-0.0005433397023428662,-0.004177161427302148,-0.003247772326545741,-0.010118207813707649,-0.0039056321168068255,-0.00393424442009724,-0.003934244420097241,0.02861230329041488,2.861230329041488e-05,-0.0009126171932932396,-0.0009555356482288618,-0.000955535648228862,0.04291845493562232,4.291845493562232e-05,-0.002953349978305229,-0.003064525482609703,0.00011117550430447386,0.007366954736972883,-0.011811673967398666,1.0,0.9946524064171123
2015-08-11,0.0005498600887435829,0.000471176254694942,0.07868383404864092,7.868383404864092e-05,0.0019739542596861667,-0.0014240941709425835,0.09027272923839062,0.9957081545064378,7.868383404864088e-05,0.00047117625469494197,0.0024548719146704856,0.0036004036605703374,0.004079363153026575,0.0036065448524149734,0.004131325541623181,0.0019739542596861667,0.0019274592668392422,0.0019274592668392424,0.046494992846924176,4.649499284692418e-05,-0.0014240941709425835,-0.0014562830121443002,-0.0014562830121443004,0.032188841201716736,3.218884120171674e-05,0.0020930923333377077,0.003838395927852891,-0.0017453035945151833,0.003973664323908943,0.007357203727306191,1.0,0.9946524064171123
2015-08-12,0.0026153865691463615,0.00255458542465423,0.060801144492131615,6.080114449213162e-05,0.002715919857036131,-0.00010053328788976957,0.15559356808741173,0.9957081545064378,6.080114449213145e-05,0.00255458542465423,0.00044442411553306517,-0.00029390880787373206,0.0051264822289321995,0.0028989794484637252,0.006715791910470312,0.002715919857036131,0.0026837310158344145,0.0026837310158344145,0.032188841201716736,3.218884120171674e-05,-0.00010053328788976957,-0.0001291455911801845,-0.00012914559118018445,0.02861230329041488,2.861230329041488e-05,0.011362055824605212,0.00304826088241211,0.0083137949421931,0.003875019685520429,0.008842531744418238,1.0,0.9946524064171123
2015-08-13,0.0025578660167331255,0.0024863352585070882,0.07153075822603719,7.15307582260372e-05,0.002077065957776514,0.0004808000589566115,0.17799078409656038,0.9957081545064378,7.153075822603728e-05,0.0024863352585070882,-0.0022047542611097187,0.0015659183668826873,0.00281039826868322,0.0024141131357637703,0.005037541730981698,0.002077065957776514,0.0020413005786634954,0.0020413005786634954,0.035765379113018594,3.57653791130186e-05,0.0004808000589566115,0.00044503467984359296,0.0004450346798435929,0.035765379113018594,3.57653791130186e-05,-0.0009915192024289338,0.0018339621613370737,-0.0028254813637660072,-0.0034637003977101813,0.005960155833950526,0.9946236559139785,0.9946524064171123
2015-08-14,0.006509847607881447,0.006452623001300617,0.05722460658082976,5.722460658082976e-05,0.004270422628557916,0.0022394249793235305,0.4080469780437587,0.9957081545064378,5.722460658082965e-05,0.006452623001300617,-0.00582937603410342,-0.0016813306884545733,-0.0008021121542457564,0.0026889613567196405,0.011494338321046559,0.004270422628557916,0.004234657249444897,0.004234657249444897,0.035765379113018594,3.57653791130186e-05,0.0022394249793235305,0.0022179657518557193,0.0022179657518557193,0.02145922746781116,2.145922746781116e-05,-0.004355076206138926,0.0013224953493265568,-0.005677571555465482,-0.009113627343536674,0.01254666162831367,0.9946236559139785,1.0
2015-08-17,-0.00450392649629002,-0.004571880716604754,0.06795422031473533,6.795422031473535e-05,-0.003682759884276969,-0.0008211666120130498,-0.3649719991254982,0.9957081545064378,6.795422031473462e-05,-0.004571880716604755,0.002978515267159384,-0.0010834892557878147,-0.0008182431055722875,-0.005595997188931626,-0.008274040799553978,-0.003682759884276969,-0.0037256783392125917,-0.0037256783392125917,0.04291845493562232,4.291845493562232e-05,-0.0008211666120130498,-0.0008462023773921629,-0.0008462023773921629,0.02503576537911302,2.503576537911302e-05,0.00046963142745751603,-0.002693967667138329,0.003163599094595845,0.004472383888042353,-0.008950427502044991,1.0,1.0
2015-08-18,-0.0002560433096097226,-0.00030611484036794864,0.05007153075822604,5.007153075822604e-05,-0.0013046993604572236,0.0010486560508475011,0.01460779024858331,0.9978540772532188,5.0071530758226054e-05,-0.00030611484036794864,-0.002488731479192235,-0.0012744832854385208,0.0009860679906923623,0.0013555233401416548,-0.004600277166671255,-0.0013046993604572236,-0.0013297351258363367,-0.0013297351258363367,0.02503576537911302,2.503576537911302e-05,0.0010486560508475011,0.0010236202854683881,0.0010236202854683881,0.02503576537911302,2.503576537911302e-05,0.0009858700758131542,-0.001311168547534778,0.0022970386233479322,-0.006804537430828522,-0.0053678982022077664,1.0,1.0
2015-08-19,0.0011657296717072756,0.0011192346788603514,0.046494992846924176,4.649499284692418e-05,-0.0021722736658380173,0.003338003337545293,0.08148550845717942,0.9978540772532188,4.6494992846924255e-05,0.0011192346788603514,-0.007828140514910563,-0.00424646289841013,-0.002188842885022356,-0.002506017507566157,-0.0052778269125428314,-0.0021722736658380173,-0.0021937328933058285,-0.0021937328933058285,0.02145922746781116,2.145922746781116e-05,0.003338003337545293,0.00331296757216618,0.00331296757216618,0.02503576537911302,2.503576537911302e-05,0.0027986321820646933,-0.004464538098260658,0.007263170280325351,-0.008932873792921247,-0.008836476877783665,1.0,0.9946524064171123
2015-08-20,-0.0007965232825130866,-0.0008465948132713128,0.05007153075822604,5.007153075822604e-05,-0.0001135382027381509,-0.0006829850797749359,-0.03529840022533382,0.9978540772532188,5.007153075822616e-05,-0.0008465948132713127,0.0020019488949318707,5.977273508550954e-05,-0.005299661026753058,0.0003406556225102783,-0.0005116749240033867,-0.0001135382027381509,-0.00013499743020596206,-0.00013499743020596206,0.02145922746781116,2.145922746781116e-05,-0.0006829850797749359,-0.0007115973830653507,-0.0007115973830653507,0.02861230329041488,2.861230329041488e-05,0.011557790973174872,-0.0005647534776400083,0.012122544450814881,0.0054224764756095585,0.002628638028973129,1.0,0.9946524064171123
2015-08-21,0.0018766187671499766,0.0018372768501256562,0.03934191702432046,3.934191702432046e-05,0.004529140647439199,-0.0026525218802892223,0.07400580998438895,0.9978540772532188,3.934191702432044e-05,0.0018372768501256562,0.007133424064423828,0.0015291022725382112,0.004655581287052298,0.007043952188543676,0.010094666110287302,0.004529140647439199,0.004511257957882689,0.004511257957882689,0.017882689556509297,1.78826895565093e-05,-0.0026525218802892223,-0.0026739811077570335,-0.0026739811077570335,0.02145922746781116,2.145922746781116e-05,-0.0008289854806217181,0.006165520362685021,-0.0069945058433067385,0.007875135476012268,0.013587167099773218,1.0,0.9946524064171123
2015-08-24,0.003107952881944037,0.003065034427008415,0.04291845493562232,4.291845493562232e-05,0.013120120587759306,-0.010012167705815268,0.096179708498236,0.9978540772532188,4.291845493562202e-05,0.0030650344270084146,0.021707477399005647,0.016320413226654153,0.012608669235222962,0.01673003553755132,0.031079989933778127,0.013120120587759306,0.013091508284468891,0.013091508284468891,0.02861230329041488,2.861230329041488e-05,-0.010012167705815268,-0.010026473857460475,-0.010026473857460475,0.01430615164520744,1.430615164520744e-05,0.0008600662411671253,0.01952327410694991,-0.018663207865782787,0.022189665360314925,0.03870887070715993,1.0,0.9946524064171123
2015-08-25,-0.0015090917055393593,-0.001541280546741076,0.032188841201716736,3.218884120171674e-05,-0.0006269382178886882,-0.0008821534876506712,-0.09864572939890293,0.9978540772532188,3.2188841201716625e-05,-0.0015412805467410761,0.0026662626042310584,-8.556063764713572e-05,-0.0034604907792370495,-0.0019129132956865684,-0.0009284027685188363,-0.0006269382178886882,-0.0006412443695338956,-0.0006412443695338956,0.01430615164520744,1.430615164520744e-05,-0.0008821534876506712,-0.0009000361772071806,-0.0009000361772071806,0.017882689556509297,1.78826895565093e-05,-0.007210613469751378,-0.0005549099471615755,-0.006655703522589802,0.0033689486944535004,-0.0002478590534975859,1.0,1.0
2015-08-26,0.0040229563199627345,0.0039979205545836215,0.02503576537911302,2.503576537911302e-05,0.0023704155980080726,0.001652540721954662,0.20809304090859182,0.9978540772532188,2.5035765379113027e-05,0.0039979205545836215,-0.0035242753303902767,-0.002812225909716936,0.004682164264128387,0.005859186634197228,0.00419694648078372,0.0023704155980080726,0.002352532908451563,0.002352532908451563,0.017882689556509297,1.78826895565093e-05,0.001652540721954662,0.0016453876461320581,0.0016453876461320581,0.00715307582260372,7.15307582260372e-06,0.008975349148051353,0.0015055353867125339,0.007469813761338819,-0.00461673440902819,0.001243618743184319,1.0,1.0
2015-08-27,-0.006768325485132136,-0.006818397015890362,0.05007153075822604,5.007153075822604e-05,-0.009023934074024185,0.0022556085888920485,-0.3660209006669308,0.9978540772532188,5.0071530758226054e-05,-0.006818397015890362,-0.002444254348396555,-0.00862168285386969,-0.012905724006639136,-0.015105392393138004,-0.019577324955013384,-0.009023934074024185,-0.009041816763580695,-0.009041816763580695,0.017882689556509297,1.78826895565093e-05,0.0022556085888920485,0.002223419747690332,0.002223419747690332,0.032188841201716736,3.218884120171674e-05,-0.013203807491912628,-0.011582007727681013,-0.0016217997642316156,-0.0027332753667911464,-0.01896653645587842,1.0,1.0
2015-08-28,0.008510265226861734,0.00846734677192611,0.04291845493562232,4.291845493562232e-05,0.005085447832625505,0.0034248173942362284,0.4619801687139263,0.9978540772532188,4.2918454935623324e-05,0.008467346771926112,-0.009911135241452814,-0.0005576823813308601,0.0023502000589348394,0.007584119790463091,0.011497092943500618,0.005085447832625505,0.005063988605157694,0.005063988605157694,0.02145922746781116,2.145922746781116e-05,0.0034248173942362284,0.003403358166768417,0.003403358166768417,0.02145922746781116,2.145922746781116e-05,-0.0007589501975428051,0.0022564464614119252,-0.0030153966589547302,-0.014424023694525064,0.012684251257334609,1.0,1.0
2015-08-31,-0.00304719500615091,-0.003075807309441325,0.02861230329041488,2.861230329041488e-05,-0.004071585836120206,0.001024390829969296,-0.20527183279466454,0.9978540772532188,2.8612303290414826e-05,-0.003075807309441325,-0.002495250431439264,-0.0011154007635295555,-0.003027553976773863,-0.004619768683407873,-0.009931141462373587,-0.004071585836120206,-0.004085891987765413,-0.004085891987765413,0.01430615164520744,1.430615164520744e-05,0.001024390829969296,0.0010100846783240886,0.0010100846783240886,0.01430615164520744,1.430615164520744e-05,-0.004539759945328722,-0.004232312355615212,-0.0003074475897135104,-0.0017741470144962636,-0.01128966323173472,1.0,1.0
2015-09-01,0.005447682798583252,0.0054154939573815356,0.032188841201716736,3.218884120171674e-05,0.008695533522176594,-0.0032478507235933424,0.2898558006750467,0.9978540772532188,3.2188841201716625e-05,0.0054154939573815356,0.006382914638712825,0.006625915833928883,0.00781918120128952,0.011797727928273043,0.02024383681866537,0.008695533522176594,0.008677650832620086,0.008677650832620084,0.017882689556509297,1.78826895565093e-05,-0.0032478507235933424,-0.0032621568752385496,-0.00326215687523855,0.01430615164520744,1.430615164520744e-05,0.009857861284685522,0.010551321715055878,-0.0006934604303703556,0.007713684399425708,0.02125172128256434,1.0,1.0
2015-09-02,-0.002050642123708329,-0.0020828309649100455,0.032188841201716736,3.218884120171674e-05,-0.0024936237478672594,0.00044298162415893076,-0.1253433715095934,0.9978540772532188,3.2188841201716625e-05,-0.0020828309649100455,-4.449953106658064e-06,-0.0026546100327486267,-0.005248926374979521,-0.0009146346038564417,-0.007039641836821087,-0.0024936237478672594,-0.002507929899512467,-0.002507929899512467,0.01430615164520744,1.430615164520744e-05,0.00044298162415893076,0.00042509893460242144,0.00042509893460242144,0.017882689556509297,1.78826895565093e-05,-0.022967673911665498,-0.0029911659075215423,-0.019976508004143956,-0.000991737707911048,-0.009026033067197632,1.0,0.9946524064171123
2015-09-03,0.0010790389154938921,0.0010504266122034773,0.02861230329041488,2.861230329041488e-05,-0.0011050083137580907,0.0021840472292519826,0.07467679873201984,0.9978540772532188,2.8612303290414826e-05,0.0010504266122034773,-0.005186106916335426,-0.0026487216164155763,-0.003885456773368511,-0.0005977210638044381,-0.0030232934952672667,-0.0011050083137580907,-0.001126467541225902,-0.001126467541225902,0.02145922746781116,2.145922746781116e-05,0.0021840472292519826,0.002176894153429379,0.002176894153429379,0.00715307582260372,7.15307582260372e-06,-0.004061013270077303,-0.002887653884367929,-0.0011733593857093738,-0.005666545533592262,-0.003243783451535141,1.0,0.9946524064171123
2015-09-04,-0.005773973176635875,-0.005809738555748894,0.035765379113018594,3.57653791130186e-05,-0.002691588296204123,-0.0030823848804317523,-0.3448959740675142,0.9978540772532188,3.576537911301886e-05,-0.005809738555748894,0.007143575758497996,0.004093305188600136,0.002737647850055702,0.0012434042005134887,-0.008713832074651075,-0.002691588296204123,-0.0027058944478493305,-0.0027058944478493305,0.01430615164520744,1.430615164520744e-05,-0.0030823848804317523,-0.0031038441078995636,-0.0031038441078995636,0.02145922746781116,2.145922746781116e-05,0.0038162624383282044,0.0012861101393954663,0.002530152298932738,0.010738601492712333,-0.016168549687822754,1.0,0.9946524064171123
2015-09-07,-0.017177933146649154,-0.017202968912028268,0.02503576537911302,2.503576537911302e-05,-0.0017474786054469463,-0.01543045454120221,-0.6536947347314852,0.9978540772532188,2.5035765379113895e-05,-0.017202968912028268,0.03423509645965706,0.023575398333599437,0.012939571728415632,0.004195513690532506,-0.007351466717126104,-0.0017474786054469463,-0.0017617847570921537,-0.0017617847570921537,0.01430615164520744,1.430615164520744e-05,-0.01543045454120221,-0.015441184154936114,-0.015441184154936114,0.01072961373390558,1.072961373390558e-05,0.0102946602031155,0.013509237493506207,-0.003214577290390706,0.03552465699968839,-0.00801664005492698,1.0,0.9946524064171123
2015-09-08,-0.0030652429014017676,-0.0031010082805147865,0.035765379113018594,3.57653791130186e-05,-0.015873605454154,0.012808362552752233,-0.17562468073729992,0.9978540772532188,3.576537911301886e-05,-0.003101008280514786,-0.026988472042778777,-0.02245810317695311,-0.025296306809626256,-0.028069084349947964,-0.03368868454525676,-0.015873605454154,-0.01589506468162181,-0.01589506468162181,0.02145922746781116,2.145922746781116e-05,0.012808362552752233,0.012794056401107026,0.012794056401107026,0.01430615164520744,1.430615164520744e-05,-0.006315370197361318,-0.027572756518822756,0.021257386321461437,-0.02915490071242064,-0.039145159813690135,1.0,1.0
2015-09-09,-0.0003239768745544865,-0.0003561657157562032,0.032188841201716736,3.218884120171674e-05,0.007494243607307395,-0.007818220481861881,-0.037687440026352596,0.9978540772532188,3.218884120171668e-05,-0.00035616571575620325,0.01492442537033964,0.016840397030465713,0.01318819949012166,0.013237366684644128,0.015912397438356943,0.007494243607307395,0.007483513993573489,0.007483513993573489,0.01072961373390558,1.072961373390558e-05,-0.007818220481861881,-0.007839679709329693,-0.007839679709329693,0.02145922746781116,2.145922746781116e-05,0.01835119114542037,0.014691875089986517,0.003659316055433853,0.014260288713310577,0.013642649233486017,1.0,1.0
2015-09-10,0.008803453742805221,0.0087605352878696,0.04291845493562232,4.291845493562232e-05,0.006549405218206802,0.002254048524598419,0.3805219915308855,0.9978540772532188,4.291845493562159e-05,0.0087605352878696,-0.008284440697594654,0.0031936657655092337,0.004675267506357416,0.00770505443498289,0.0158379426643432,0.006549405218206802,0.006535099066561595,0.006535099066561595,0.01430615164520744,1.430615164520744e-05,0.002254048524598419,0.0022254362213080044,0.0022254362213080044,0.02861230329041488,2.861230329041488e-05,0.005854881815985529,0.004651106284932504,0.0012037755310530251,-0.01130869724817378,0.022373545266038127,1.0,1.0
2015-09-11,0.003105933990564261,0.003055862459806035,0.05007153075822604,5.007153075822604e-05,0.004251299128477109,-0.001145365137912848,0.22592186358710442,0.9978540772532188,5.0071530758226054e-05,0.003055862459806035,0.0017890408362922126,0.0032704140634185882,0.006573057864433284,0.00984393514768158,0.007859357547903293,0.004251299128477109,0.004226263363097996,0.004226263363097996,0.02503576537911302,2.503576537911302e-05,-0.001145365137912848,-0.001170400903291961,-0.001170400903291961,0.02503576537911302,2.503576537911302e-05,0.01076435539660543,0.00572899562726696,0.00503535976933847,-0.0003574637581685758,0.011347263267389891,1.0,1.0
2015-09-14,-0.0021005335947559857,-0.0021827939667159284,0.08226037195994278,8.226037195994279e-05,-0.0014275398963171264,-0.0006729936984388594,-0.11714625692829897,0.9978540772532188,8.226037195994268e-05,-0.0021827939667159284,0.0014288378510993818,0.0011582425823691014,0.002461093538610883,0.0011026163312195499,-0.004843137789376103,-0.0014275398963171264,-0.0014740348891640507,-0.0014740348891640507,0.046494992846924176,4.649499284692418e-05,-0.0006729936984388594,-0.000708759077551878,-0.000708759077551878,0.035765379113018594,3.57653791130186e-05,-0.0029626358398161766,0.000271494028321083,-0.0032341298681372596,0.0017667192187641896,-0.004081165157245488,1.0,1.0
2015-09-15,-0.011833508967381612,-0.01189073357396244,0.05722460658082976,5.722460658082976e-05,-0.008122418205425946,-0.0037110907619556655,-0.5226850768856192,0.9978540772532188,5.7224606580828785e-05,-0.011890733573962442,0.012238177354185127,-0.002425111704313934,-0.005498784785919287,-0.011458601830343553,-0.018690356399205584,-0.008122418205425946,-0.008147453970805059,-0.008147453970805059,0.02503576537911302,2.503576537911302e-05,-0.0037110907619556655,-0.003743279603157382,-0.003743279603157382,0.032188841201716736,3.218884120171674e-05,-0.009254092436426964,-0.004817456105323426,-0.0044366363311035386,0.016218103224052406,-0.019687395898687673,1.0,1.0
2015-09-16,0.000863450961518124,0.0008169559686711999,0.046494992846924176,4.649499284692418e-05,-0.001802827366310433,0.002666278327828557,0.033695880496689215,0.9978540772532188,4.649499284692415e-05,0.0008169559686711999,-0.0062535107171396,-0.003390568022575102,-0.008094499218995514,-0.005604923230021096,-0.002617651628219528,-0.001802827366310433,-0.0018278631316895463,-0.001827863131689546,0.02503576537911302,2.503576537911302e-05,0.002666278327828557,0.002644819100360746,0.002644819100360746,0.02145922746781116,2.145922746781116e-05,0.0005423904255611248,-0.0054175696484221264,0.005959960073983251,-0.006562283418090722,-0.0022333154706829297,1.0,1.0
2015-09-17,0.0035599716740109654,0.003517053219075343,0.04291845493562232,4.291845493562232e-05,0.0014556688531859132,0.002104302820825052,0.1654169869239546,0.9978540772532188,4.2918454935622456e-05,0.003517053219075343,-0.006404012340515993,0.0002927761571143813,-0.001988684935728624,0.002152865524493151,0.0032999652092672023,0.0014556688531859132,0.0014306330878068002,0.0014306330878068002,0.02503576537911302,2.503576537911302e-05,0.002104302820825052,0.0020864201312685428,0.0020864201312685428,0.017882689556509297,1.78826895565093e-05,0.0004566985902512988,-0.0004771275156228928,0.0009338261058741916,-0.00801269644004642,0.0029435868253458123,1.0,1.0
2015-09-18,0.011243690542110682,0.011190042473441153,0.0536480686695279,5.36480686695279e-05,0.009895675461257166,0.0013480150808535159,0.43823191719936794,0.9978540772532188,5.364806866952829e-05,0.011190042473441153,-0.006095533864017116,0.004216670249698191,0.011134168714246715,0.01299396220972138,0.023253888346402785,0.009895675461257166,0.009867063157966751,0.009867063157966751,0.02861230329041488,2.861230329041488e-05,0.0013480150808535159,0.0013229793154744028,0.0013229793154744028,0.02503576537911302,2.503576537911302e-05,0.01709016098872047,0.009317968921966785,0.007772192066753685,-0.007242344837753179,0.02382846647767181,1.0,0.9946524064171123
2015-09-24,0.004386153458002533,0.004314622699776496,0.07153075822603719,7.15307582260372e-05,-0.0017599581090162626,0.006146111567018796,0.18511483909159915,0.9978540772532188,7.153075822603685e-05,0.004314622699776496,-0.013792225916414047,-0.009074915225710429,-0.002959911186636446,-0.005947401628379114,-0.002317528081304497,-0.0017599581090162626,-0.0017849938743953757,-0.0017849938743953757,0.02503576537911302,2.503576537911302e-05,0.006146111567018796,0.006099616574171872,0.006099616574171872,0.046494992846924176,4.649499284692418e-05,0.0026444238032708816,-0.007160309131333191,0.009804732934604073,-0.01381959574118602,0.001372834790649957,1.0,1.0
2015-09-25,0.006826424337662226,0.006769199731081396,0.05722460658082976,5.722460658082976e-05,0.001740874482717797,0.005085549854944429,0.2981474408856765,0.9978540772532188,5.722460658082965e-05,0.006769199731081396,-0.012658414651465024,-0.004989865853865596,-0.004076432944072328,-0.00036367240573646564,0.005415691099297223,0.001740874482717797,0.0017086856415160804,0.0017086856415160802,0.032188841201716736,3.218884120171674e-05,0.005085549854944429,0.0050605140895653156,0.0050605140895653156,0.02503576537911302,2.503576537911302e-05,-0.008672973104161963,-0.0029539937048224164,-0.005718979399339547,-0.011415822585871592,0.006238660457638871,1.0,1.0
2015-09-28,0.001261920472204032,0.0012082724035345042,0.0536480686695279,5.36480686695279e-05,0.00851445685945808,-0.007252536387254048,0.06092427446805464,0.9978540772532188,5.3648068669527853e-05,0.0012082724035345042,0.01573653005229291,0.011797319332488133,0.017171004709173397,0.017983875568098467,0.016606364774063447,0.00851445685945808,0.00849299763199027,0.008492997631990268,0.02145922746781116,2.145922746781116e-05,-0.007252536387254048,-0.007284725228455765,-0.007284725228455764,0.032188841201716736,3.218884120171674e-05,0.01420551965725797,0.01595739852301477,-0.0017518788657568014,0.015302761749317212,0.018128622130545575,1.0,1.0
2015-09-29,0.0010137890352735878,0.0009708705803379654,0.04291845493562232,4.291845493562232e-05,-0.0007762179422954299,0.0017900069775690175,0.058122043090319715,0.9978540772532188,4.2918454935622456e-05,0.0009708705803379655,-0.0032253797631903334,-0.004243016197600129,-0.004702408640986552,-0.0030371773050362253,-0.0008150730320604059,-0.0007762179422954299,-0.0007941006318519392,-0.0007941006318519392,0.017882689556509297,1.78826895565093e-05,0.0017900069775690175,0.0017649712121899045,0.0017649712121899045,0.02503576537911302,2.503576537911302e-05,-0.011585588333015097,-0.0030247715944785388,-0.008560816738536559,-0.004307498278149882,0.005994784848887704,1.0,1.0
2015-09-30,-0.0034749584278121947,-0.003525029958570421,0.05007153075822604,5.007153075822604e-05,-0.0052786140491184064,0.0018036556213062121,-0.15958492268471883,0.9978540772532188,5.0071530758226054e-05,-0.003525029958570421,-0.002893041349234732,-0.004996908062132303,-0.007278870545168055,-0.007508469807796002,-0.012115662817967662,-0.0052786140491184064,-0.005310802890320123,-0.005310802890320123,0.032188841201716736,3.218884120171674e-05,0.0018036556213062121,0.001785772931749703,0.001785772931749703,0.017882689556509297,1.78826895565093e-05,-0.0016020634716870305,-0.007170626261474026,0.005568562789786995,-0.004560230856432158,-0.01514913031448425,1.0,1.0
2015-10-01,-0.00441268472233351,-0.004473791553826607,0.06110683149309746,6.110683149309746e-05,0.002043375921901846,-0.006456060644235356,-0.2126827853552111,0.9935897435897436,6.110683149309747e-05,-0.004473791553826607,0.015132608635260936,0.008395626176059347,0.0035925890910306103,0.0020097219869270695,0.0051098711327439315,0.002043375921901846,0.0020057229255578623,0.0020057229255578627,0.037652996343983405,3.76529963439834e-05,-0.006456060644235356,-0.00647951447938447,-0.00647951447938447,0.02345383514911405,2.3453835149114053e-05,0.02980448613478349,0.00684021292213173,0.02296427321265176,0.013473983100778577,0.006599784410693117,1.0,1.0
2015-10-02,-0.0034510674273970235,-0.0035151699914995876,0.06410256410256411,6.410256410256412e-05,0.0003448977529164166,-0.00379596518031344,-0.18781836757102552,0.9935897435897436,6.410256410256405e-05,-0.0035151699914995876,0.009845685378882963,0.0030196257423014067,0.001286876872830211,0.0021645467485193535,-4.04695190129804e-05,0.0003448977529164166,0.0003057239637426274,0.0003057239637426274,0.03917378917378918,3.917378917378918e-05,-0.00379596518031344,-0.0038208939552422153,-0.003820893955242215,0.024928774928774933,2.4928774928774933e-05,0.0008495782972243165,0.0032007739194714188,-0.0023511956222471023,0.01279743186414401,-0.0009977646653857946,1.0,1.0
2015-10-05,-0.0010332309339544502,-0.0010652822160057323,0.032051282051282055,3.205128205128206e-05,-0.003394088333752604,0.002360857399798154,-0.07159636124067276,0.9935897435897436,3.2051282051282024e-05,-0.0010652822160057323,-0.004670526256070903,-0.00481503849016466,-0.007208128501418308,-0.0030547151180851514,-0.008627827139646506,-0.003394088333752604,-0.0034154558551201257,-0.0034154558551201253,0.02136752136752137,2.136752136752137e-05,0.002360857399798154,0.002350173639114393,0.002350173639114393,0.010683760683760686,1.0683760683760685e-05,0.00963946304771551,-0.00576798824283228,0.01540745129054779,-0.0032084798568150145,-0.00798469130159595,1.0,1.0
2015-10-06,-0.014016539209687682,-0.014077080520228992,0.06054131054131055,6.054131054131055e-05,-0.008675980025552555,-0.005340559184135127,-0.5623167372426205,0.9935897435897436,6.054131054131044e-05,-0.014077080520228992,0.01462533950586672,0.0026848839861004707,-0.002602582047031006,-0.009653882044945284,-0.02114159229877874,-0.008675980025552555,-0.008708031307603838,-0.008708031307603836,0.032051282051282055,3.205128205128206e-05,-0.005340559184135127,-0.005369049212625155,-0.005369049212625156,0.028490028490028494,2.8490028490028496e-05,-0.0002495351320150022,-0.003447055549690296,0.003197520417675294,0.019554942896424555,-0.025155631528435845,1.0,1.0
2015-10-07,-0.010857330197004684,-0.010917871507545994,0.06054131054131055,6.054131054131055e-05,-0.002671783787157696,-0.008185546409846988,-0.4987357197076389,0.9935897435897436,6.054131054131044e-05,-0.010917871507545994,0.020778898759585884,0.007425482763095929,0.0030043063178560566,0.00013344422847722505,-0.008047255787851827,-0.002671783787157696,-0.002703835069208978,-0.002703835069208978,0.032051282051282055,3.205128205128206e-05,-0.008185546409846988,-0.008214036438337017,-0.008214036438337017,0.028490028490028494,2.8490028490028496e-05,0.011350647381848327,0.004343932394324277,0.00700671498752405,0.019516653526590065,-0.013977203396651854,1.0,1.0
2015-10-08,-0.004104274554861839,-0.0041683771189644035,0.06410256410256411,6.410256410256412e-05,-0.004506550616483997,0.0004022760616221585,-0.26109148457752296,0.9935897435897436,6.410256410256405e-05,-0.0041683771189644035,0.0007570110487976646,-0.003959530251408228,-0.006409103895156734,-0.008347843423991785,-0.009332603126522216,-0.004506550616483997,-0.00453860189853528,-0.00453860189853528,0.032051282051282055,3.205128205128206e-05,0.0004022760616221585,0.0003702247795708765,0.00037022477957087644,0.032051282051282055,3.205128205128206e-05,-0.009142332778233578,-0.005467874504041485,-0.003674458274192093,0.0037149639440926872,-0.01328668068251654,0.9946524064171123,1.0
2015-10-09,0.008082558441133028,0.008011333369907957,0.07122507122507124,7.122507122507123e-05,0.006359257270589216,0.001723301170543812,0.43021335102904035,0.9935897435897436,7.12250712250704e-05,0.008011333369907957,-0.006778651606485275,0.0032965652112024423,0.003778554569934905,0.007429964273864855,0.015321128753688679,0.006359257270589216,0.006330767242099187,0.006330767242099187,0.028490028490028494,2.8490028490028496e-05,0.001723301170543812,0.0016805661278087693,0.001680566127808769,0.04273504273504274,4.273504273504274e-05,0.006662913240816042,0.0045215863468149415,0.0021413268940011004,-0.011293377063465912,0.017066580272010273,0.9946524064171123,1.0
2015-10-13,0.003293757731444096,0.0031904813781677426,0.10327635327635329,0.0001032763532763533,0.0024276990525240127,0.0008660586789200831,0.2275973064969661,0.9935897435897436,0.00010327635327635329,0.0031904813781677426,-0.004064636731935014,0.002986808080884561,0.0007911701817511156,0.0031974935309945253,0.005670366433590397,0.0024276990525240127,0.0023742802491052094,0.0023742802491052094,0.05341880341880342,5.341880341880343e-05,0.0008660586789200831,0.0008162011290625331,0.0008162011290625332,0.049857549857549865,4.9857549857549867e-05,0.0035297247189061526,0.0015923933038552954,0.0019373314150508572,-0.006112221886395576,0.009927735473155813,1.0,1.0
2015-10-14,-0.0005198529508039244,-0.0006088842898352634,0.08903133903133904,8.903133903133905e-05,0.002847236789555425,-0.003367089740359349,-0.029555013438871038,0.9935897435897436,8.903133903133897e-05,-0.0006088842898352635,0.007526638048804956,0.005117738118392243,0.0065911332739451356,0.006794021779402002,0.005144490188989044,0.002847236789555425,0.0027938179861366212,0.0027938179861366217,0.05341880341880342,5.341880341880343e-05,-0.003367089740359349,-0.0034027022759718847,-0.0034027022759718847,0.03561253561253562,3.561253561253562e-05,-0.00686315718465931,0.006398200479027788,-0.013261357663687098,0.008356810927251924,0.005536257048416058,0.9946524064171123,1.0
2015-10-15,-0.0012812630968025637,-0.001345365660905128,0.06410256410256411,6.410256410256412e-05,-0.003268396357680022,0.0019871332608774584,-0.08870908066664439,0.9935897435897436,6.410256410256427e-05,-0.0013453656609051278,-0.003402937122787668,-0.00512066516370644,-0.0049709269765698455,-0.007569072240254758,-0.006019189766645786,-0.003268396357680022,-0.0032968863861700505,-0.0032968863861700505,0.028490028490028494,2.8490028490028496e-05,0.0019871332608774584,0.0019515207252649228,0.0019515207252649228,0.03561253561253562,3.561253561253562e-05,-0.0024727422993881367,-0.005575722164548655,0.0031029798651605184,-0.004681036045183138,-0.007815944032949817,0.9946524064171123,1.0
2015-10-16,0.00614819635859275,0.0060983388087352,0.049857549857549865,4.9857549857549867e-05,0.004651184669783055,0.001497011688809696,0.3458510171053197,0.9935897435897436,4.985754985754962e-05,0.0060983388087352,-0.004906905045155268,0.0008793159575662926,0.0023575300249855345,0.006087128887890997,0.01088299108498032,0.004651184669783055,0.004629817148415533,0.004629817148415533,0.02136752136752137,2.136752136752137e-05,0.001497011688809696,0.0014685216603196674,0.0014685216603196676,0.028490028490028494,2.8490028490028496e-05,-0.0006215481719455358,0.0031641540591315197,-0.0037857022310770557,-0.006968156868602342,0.011704850563885337,0.9946524064171123,1.0
2015-10-19,-0.0022946965767562146,-0.0023623603944200326,0.06766381766381767,6.766381766381768e-05,-0.0034632458934483576,0.0011685493166921426,-0.1665310048838242,0.9935897435897436,6.766381766381809e-05,-0.002362360394420032,-0.002218774757051664,-0.002571264966974133,-0.008005601872354697,-0.00689745438316969,-0.006933487426201149,-0.0034632458934483576,-0.0034988584290608932,-0.0034988584290608932,0.03561253561253562,3.561253561253562e-05,0.0011685493166921426,0.0011364980346408606,0.0011364980346408606,0.032051282051282055,3.205128205128206e-05,-0.005038967904415454,-0.005316895640520858,0.0002779277361054039,-0.0013961397401636207,-0.008756925853342317,0.9893048128342246,1.0
2015-10-20,-0.005047171472708582,-0.0050970290225661324,0.049857549857549865,4.9857549857549867e-05,-0.0034633274777782293,-0.0015838439949303529,-0.2823635703953367,0.9935897435897436,4.985754985755049e-05,-0.005097029022566132,0.0054308905709119434,-0.0014142004277264441,-0.0014420065407560242,-0.005393344741898805,-0.007677785375125876,-0.0034633274777782293,-0.003498940013390765,-0.003498940013390765,0.03561253561253562,3.561253561253562e-05,-0.0015838439949303529,-0.001598089009175367,-0.001598089009175367,0.014245014245014247,1.4245014245014248e-05,0.0015093798872435533,-0.0020894573585052384,0.0035988372457487917,0.005849934308418375,-0.00869035393435589,0.9893048128342246,1.0
2015-10-21,-0.004440939804106075,-0.004487236100402371,0.0462962962962963,4.629629629629631e-05,0.0032799129675629124,-0.007720852771668987,-0.25879386729174525,0.9935897435897436,4.6296296296296016e-05,-0.004487236100402371,0.017596834469061233,0.011051892864363344,0.008378385716709673,0.006267574128595554,0.0066974187692763025,0.0032799129675629124,0.003258545446195391,0.0032585454461953912,0.02136752136752137,2.136752136752137e-05,-0.007720852771668987,-0.007745781546597762,-0.007745781546597762,0.024928774928774933,2.4928774928774933e-05,0.002012869229711202,0.010096874316492368,-0.008084005086781166,0.019784916015675783,0.004788392690576601,0.9893048128342246,1.0
2015-10-22,-0.0018538081269623993,-0.0019143494375037098,0.06054131054131055,6.054131054131055e-05,-0.003692146685236619,0.0018383385582742197,-0.1286940186282326,0.9935897435897436,6.054131054131044e-05,-0.00191434943750371,-0.003164601790801277,-0.00470393330813077,-0.004126532234198909,-0.0056522696247819585,-0.008233236719809377,-0.003692146685236619,-0.003724197967287901,-0.003724197967287901,0.032051282051282055,3.205128205128206e-05,0.0018383385582742197,0.0018098485297841913,0.0018098485297841913,0.028490028490028494,2.8490028490028496e-05,-0.0054182030226525395,-0.005248083922987947,-0.00017011909966459238,-0.0007381849430395641,-0.009391470901569056,0.9893048128342246,1.0
2015-10-23,-0.0005599162632736604,-0.0006418250951824924,0.08190883190883191,8.190883190883193e-05,-0.0022744300787713046,0.0017145138154976442,0.019763494965794135,0.9935897435897436,8.190883190883197e-05,-0.0006418250951824924,-0.0019207347971971246,-0.006470675450649651,-0.004989915728890207,-0.0030291231299833074,-0.0052958057507953024,-0.0022744300787713046,-0.002302920107261333,-0.002302920107261333,0.028490028490028494,2.8490028490028496e-05,0.0017145138154976442,0.0016610950120788408,0.0016610950120788408,0.05341880341880342,5.341880341880343e-05,-0.010483072774629232,-0.004429884076481695,-0.0060531886981475365,-0.004930669666001952,-0.004799080517786553,0.9893048128342246,1.0
2015-10-26,0.004050033101223335,0.003961001762191997,0.08903133903133904,8.903133903133905e-05,0.0022846076208524065,0.0017654254803709292,0.19472589954503575,0.9935897435897436,8.903133903133843e-05,0.003961001762191996,-0.0053735165401978995,0.00020170064280528518,0.0017820141225436468,0.002702987714592271,0.0054875413958171805,0.0022846076208524065,0.0022454338316786173,0.0022454338316786173,0.03917378917378918,3.917378917378918e-05,0.0017654254803709292,0.0017155679305133793,0.0017155679305133793,0.049857549857549865,4.9857549857549867e-05,0.007263538759869696,0.0011707725053032496,0.006092766254566446,-0.008464540276533494,0.00539092184311833,0.9893048128342246,0.9893048128342246
2015-10-27,0.0017097703995549798,0.0016456678354524158,0.06410256410256411,6.410256410256412e-05,0.0017349432335194525,-2.5172833964472752e-05,0.10840382972019459,0.9935897435897436,6.410256410256405e-05,0.0016456678354524158,-0.0009301130484554752,0.0020322399641298627,0.0015035859348745638,0.0018383826851341846,0.004273268777803432,0.0017349432335194525,0.0017028919514681705,0.0017028919514681705,0.032051282051282055,3.205128205128206e-05,-2.5172833964472752e-05,-5.722411601575483e-05,-5.722411601575481e-05,0.032051282051282055,3.205128205128206e-05,-0.0015837619840452827,0.0015998142577237542,-0.0031835762417690367,-0.004764851811916184,0.0035493953328353447,0.9893048128342246,0.9893048128342246
2015-10-28,-0.002144639621406342,-0.00222298719975392,0.07834757834757836,7.834757834757837e-05,-0.0011797091396493784,-0.0009649304817569636,-0.00900869826750753,0.9935897435897436,7.834757834757804e-05,-0.0022229871997539205,0.0035211540825669913,-0.0012910968706224054,0.0006733630766182527,0.0012499214872479735,-0.004142379527346555,-0.0011797091396493784,-0.001208199168139407,-0.0012081991681394068,0.028490028490028494,2.8490028490028496e-05,-0.0009649304817569636,-0.0010147880316145135,-0.0010147880316145135,0.049857549857549865,4.9857549857549867e-05,-0.0007223240311459841,0.000335759984776793,-0.0010580840159227771,0.0011176044041579937,-0.0041307334909912756,0.9946524064171123,0.9893048128342246
2015-10-29,-0.0018551708085689936,-0.0019370796404778255,0.08190883190883191,8.190883190883193e-05,-0.0016228894666816675,-0.00023228134188732616,-0.019719812667389137,0.9935897435897436,8.190883190883186e-05,-0.0019370796404778255,0.001121731562393529,-0.0008649067970544212,-0.003711077772048102,-0.0014616864407677123,-0.004124882369665037,-0.0016228894666816675,-0.0016620632558554567,-0.0016620632558554567,0.03917378917378918,3.917378917378918e-05,-0.00023228134188732616,-0.0002750163846223689,-0.0002750163846223689,0.04273504273504274,4.273504273504274e-05,-0.008592856271017666,-0.0016503681036563978,-0.006942488167361268,0.0032287997642097372,-0.0019472198878414165,1.0,0.9893048128342246
2015-10-30,-0.0020872340405108593,-0.002179826633103452,0.0925925925925926,9.259259259259262e-05,0.0024694208417959554,-0.004556654882306815,-0.08433536070120831,0.9935897435897436,9.25925925925929e-05,-0.0021798266331034518,0.008800371763459495,0.009726317100786254,0.00806878608016358,0.009422848244112847,0.0027154354151601775,0.0024694208417959554,0.0024338083061834197,0.0024338083061834197,0.03561253561253562,3.561253561253562e-05,-0.004556654882306815,-0.0046136349392868715,-0.0046136349392868715,0.05698005698005699,5.698005698005699e-05,-0.003367886799219938,0.008097167385453127,-0.011465054184673064,0.0087224258587214,0.0027133717739097492,0.9946524064171123,0.9732620320855615
2015-11-02,-0.0035379275295654013,-0.0036590101506480226,0.1210826210826211,0.0001210826210826211,-0.004979747668305923,0.0014418201387405214,-0.13635465252283177,0.9935897435897436,0.00012108262108262132,-0.0036590101506480226,-0.0033262804511970095,-0.0019826394095875154,-0.007411484793899846,-0.007255183528647539,-0.011286671395512683,-0.004979747668305923,-0.00503672772528598,-0.00503672772528598,0.05698005698005699,5.698005698005699e-05,0.0014418201387405214,0.0013777175746379573,0.0013777175746379573,0.06410256410256411,6.410256410256412e-05,-0.015050845138858297,-0.006127514249530292,-0.008923330889328004,-0.0034446749758936554,-0.01328759763066924,0.9946524064171123,0.9732620320855615
2015-11-04,-0.00012805521505364025,-0.00024376193107882732,0.11570671602518744,0.00011570671602518744,0.00042220566339957463,-0.0005502608784532148,-0.019404130483560655,0.9872611464968153,0.00011570671602518707,-0.0002437619310788277,0.0004861274562330114,0.002325991827845583,0.0006410682930237546,0.0011490841092931527,0.0006947698653185275,0.00042220566339957463,0.00036786819266083014,0.00036786819266083,0.05433747073874466,5.433747073874467e-05,-0.0005502608784532148,-0.0006116301237396575,-0.0006116301237396576,0.06136924528644278,6.136924528644278e-05,-0.0018343446556525812,0.0011685173934615153,-0.0030028620491140967,0.0009192963723405449,-0.0019319378973793884,1.0,0.9682539682539683
2015-11-05,-0.003164626507622563,-0.0032743221905666537,0.1096956829440906,0.0001096956829440906,0.00011948901422209176,-0.003284115521844655,-0.11659151560866389,0.9872611464968153,0.00010969568294409053,-0.0032743221905666537,0.008871007808939051,0.0018158575451933945,-0.002268589931328752,0.002597311380581484,-0.0009394259517890063,0.00011948901422209176,6.99490283763734e-05,6.994902837637343e-05,0.04953998584571833,4.9539985845718334e-05,-0.003284115521844655,-0.003344271218943027,-0.003344271218943027,0.06015569709837226,6.015569709837226e-05,-0.00015652981236889498,0.002223067388162464,-0.002379597200531359,0.013325524793595694,-0.0012987627214160766,1.0,0.9735449735449735
2015-11-06,-1.570084618822103e-05,-0.00013955081080251674,0.12384996461429583,0.00012384996461429584,-0.004070056988606553,0.004054356142418332,-0.02550807525767782,0.9872611464968153,0.0001238499646142957,-0.00013955081080251687,-0.008355572120839976,-0.007488972220587721,-0.008183792187604165,-0.009034485437587622,-0.007718907334187165,-0.004070056988606553,-0.0041160584040347194,-0.00411605840403472,0.046001415428167027,4.600141542816703e-05,0.004054356142418332,0.003976507593232203,0.003976507593232203,0.07784854918612881,7.784854918612881e-05,-0.007026989629176808,-0.008349252241044302,0.0013222626118674944,-0.0065211903782448335,-0.00581095843137337,0.9946808510638298,0.9788359788359788
2015-11-09,-0.0019474290830089733,-0.002067740477205718,0.12031139419674453,0.00012031139419674452,0.000308730240156545,-0.0022561593231655184,-0.08839375653444217,0.9872611464968153,0.00012031139419674459,-0.002067740477205718,0.005535636373015469,0.002376705729576719,-0.0009958259730366219,0.001018395150130989,0.00041896376395833074,0.000308730240156545,0.0002485745430581727,0.00024857454305817275,0.06015569709837226,6.015569709837226e-05,-0.0022561593231655184,-0.0023163150202638906,-0.0023163150202638906,0.06015569709837226,6.015569709837226e-05,0.0036799000429268147,0.001815951254073723,0.0018639487888530916,0.005481557587242124,-0.001612657806898337,0.9840425531914894,0.9788359788359788
2015-11-10,0.003518574646108054,0.0033982632519113094,0.12031139419674453,0.00012031139419674452,0.0032150529145337707,0.0003035217315742833,0.18296915504590222,0.9872611464968153,0.00012031139419674437,0.0033982632519113094,-0.0015326347932217484,0.0012728737024079498,5.371657829990983e-05,0.002994210681522519,0.008168575017188139,0.0032150529145337707,0.0031584357878529498,0.0031584357878529498,0.05661712668082095,5.6617126680820954e-05,0.0003035217315742833,0.00023982746405835982,0.00023982746405835974,0.06369426751592357,6.369426751592357e-05,0.006634428237708349,0.002232731801547542,0.004401696436160807,-0.0022531437322593365,0.009829581312489745,0.9840425531914894,0.9841269841269841
2015-11-11,-0.001638241878901774,-0.001740860421010762,0.10261854210898798,0.00010261854210898797,-0.0009650719487022211,-0.0006731699301995528,-0.07939114514458125,0.9872611464968153,0.00010261854210898797,-0.001740860421010762,0.0019071969626284946,0.00019264065584439631,0.002029682929803035,-0.0008071922453761526,-0.0024977797571337076,-0.0009650719487022211,-0.0010039962232952855,-0.0010039962232952855,0.038924274593064405,3.892427459306441e-05,-0.0006731699301995528,-0.0007368641977154764,-0.0007368641977154764,0.06369426751592357,6.369426751592357e-05,0.000872319786801144,0.0002674964434912346,0.0006048233433099094,0.00044661721430131694,-0.0024703879906455267,0.9840425531914894,0.9788359788359788
2015-11-12,0.0033452244286477327,0.00325676016820895,0.08846426043878274,8.846426043878273e-05,0.0016652689610108817,0.0016799554676368508,0.15369974745425294,0.9872611464968153,8.846426043878286e-05,0.00325676016820895,-0.0052730178768898624,0.0005570485776672965,-0.0021230640093910964,0.001710895743673866,0.00415098838754259,0.0016652689610108817,0.0016228061160002659,0.0016228061160002659,0.042462845010615716,4.2462845010615714e-05,0.0016799554676368508,0.0016339540522086837,0.0016339540522086837,0.046001415428167027,4.600141542816703e-05,-0.005964688918276022,-6.754806601004404e-05,-0.005897140852265978,-0.005248120310195782,0.005717691083787761,0.9840425531914894,0.9735449735449735
2015-11-13,0.0012400774557114595,0.001144536054437574,0.09554140127388536,9.554140127388536e-05,0.005510311057953307,-0.004270233602241847,0.07462201683320045,0.9872611464968153,9.554140127388542e-05,0.001144536054437574,0.009128370125623562,0.007224954341687392,0.009499257563164875,0.009139413531133586,0.011996398606535381,0.005510311057953307,0.005471386783360242,0.005471386783360242,0.038924274593064405,3.892427459306441e-05,-0.004270233602241847,-0.004326850728922668,-0.004326850728922668,0.05661712668082095,5.6617126680820954e-05,0.006349644236015589,0.009525509266870432,-0.003175865030854843,0.009312310974582776,0.010295887653759942,0.9893617021276596,0.9788359788359788
2015-11-16,0.0002634859554475659,0.00017148312459123183,0.09200283085633405,9.200283085633405e-05,3.384651052813603e-06,0.00026010130439475224,-0.0013597607260332177,0.9872611464968153,9.200283085633405e-05,0.00017148312459123183,0.00010468899419979371,-0.00177553368236037,-0.0011990693351018574,-2.1505105983862303e-05,2.092811030602821e-05,3.384651052813603e-06,-3.9078193957802064e-05,-3.907819395780211e-05,0.042462845010615716,4.2462845010615714e-05,0.00026010130439475224,0.00021056131854903394,0.0002105613185490339,0.04953998584571833,4.9539985845718334e-05,0.004325596773799442,-0.00062138941129878,0.004946986185098222,0.0019953563770762762,0.0006557550029280002,0.9893617021276596,0.9841269841269841
2015-11-17,-9.919269597680983e-06,-7.715210753115584e-05,0.06723283793347488,6.723283793347488e-05,0.001675222146398583,-0.001685141415996264,-0.012006545183728224,0.9872611464968153,6.723283793347485e-05,-7.715210753115586e-05,0.003226407441304145,0.003610899090141498,0.0026930147451711215,0.004239256708806557,0.0029167309921099074,0.001675222146398583,0.00163983644222307,0.00163983644222307,0.035385704175513094,3.5385704175513094e-05,-0.001685141415996264,-0.0017169885497542257,-0.0017169885497542257,0.03184713375796178,3.184713375796179e-05,0.0028489278628742276,0.0035134066751232635,-0.0006644788122490359,0.0019149127490728634,0.0031577338265834226,0.9893617021276596,0.9735449735449735
2015-11-18,-0.0011998955879118844,-0.0012706669962629104,0.07077140835102619,7.077140835102619e-05,-0.0024943714919562865,0.0012944759040444023,-0.0647243957282054,0.9872611464968153,7.077140835102603e-05,-0.0012706669962629106,-0.0021656040558076543,-0.0034060958549195935,-0.002294719141609015,-0.00279447193080414,-0.006101800030628213,-0.0024943714919562865,-0.002533295766549351,-0.002533295766549351,0.038924274593064405,3.892427459306441e-05,0.0012944759040444023,0.0012626287702864403,0.0012626287702864405,0.03184713375796178,3.184713375796179e-05,0.005556274224774596,-0.0036591730223631586,0.009215447247137755,-0.0008441878373029965,-0.0058695738873077545,0.9946808510638298,0.9735449735449735
2015-11-19,0.0009595836869494617,0.0008781965673457816,0.08138711960368011,8.138711960368012e-05,0.0025434539878359773,-0.0015838703008865156,0.07992738713019235,0.9872611464968153,8.138711960368008e-05,0.0008781965673457816,0.004292892194857546,0.0008463189046609017,0.005744215737470252,0.007493533896315603,0.003899829828038445,0.0025434539878359773,0.0025009911428253615,0.0025009911428253615,0.042462845010615716,4.2462845010615714e-05,-0.0015838703008865156,-0.0016227945754795799,-0.00162279457547958,0.038924274593064405,3.892427459306441e-05,0.0029466885119800107,0.004455509634358897,-0.0015088211223788861,0.004950359658112206,0.002418014944109303,0.9946808510638298,0.9788359788359788
2015-11-20,0.0022396167099159444,0.0021829995832351235,0.05661712668082095,5.6617126680820954e-05,0.0029951169454195434,-0.000755500235503599,0.19118190454821046,0.9872611464968153,5.661712668082091e-05,0.0021829995832351235,0.001559107103253587,0.0013912593988133258,-0.0003200933873706802,0.004214622715527959,0.006897157246231371,0.0029951169454195434,0.002966808382079133,0.0029668083820791327,0.028308563340410476,2.8308563340410477e-05,-0.000755500235503599,-0.0007838087988440096,-0.0007838087988440095,0.028308563340410476,2.8308563340410477e-05,0.018003373398361826,0.002463381367055233,0.015539992031306592,0.0019616675915209232,0.00895556333694652,0.9946808510638298,0.9735449735449735
2015-11-24,-0.0015024229547502344,-0.0015696557926837093,0.06723283793347488,6.723283793347488e-05,8.068378871531292e-05,-0.0015831067434655473,-0.12324184716446981,0.9872611464968153,6.723283793347496e-05,-0.0015696557926837093,0.003510177999439632,0.0024238096969489064,0.0024545731646648697,0.0008396479398970236,-0.00017725760089587922,8.068378871531292e-05,4.88366549573512e-05,4.8836654957351135e-05,0.03184713375796178,3.184713375796179e-05,-0.0015831067434655473,-0.0016184924476410603,-0.0016184924476410603,0.035385704175513094,3.5385704175513094e-05,-0.0034107414290839174,0.0019591553576928616,-0.005369896786776779,0.002018145577414694,-0.0003531364427424482,0.9946808510638298,0.9788359788359788
2015-11-25,-0.0008911994864926909,-0.0009584323244261658,0.06723283793347488,6.723283793347488e-05,-0.0010825661393341862,0.00019136665284149527,-0.06423768421756172,0.9872611464968153,6.723283793347485e-05,-0.0009584323244261658,0.00044599482003639156,-0.0020521217871588035,0.000645312892072602,-0.0019545622892962254,-0.0022773272699884934,-0.0010825661393341862,-0.001125028984344802,-0.001125028984344802,0.042462845010615716,4.2462845010615714e-05,0.00019136665284149527,0.00016659665991863612,0.0001665966599186361,0.024769992922859165,2.4769992922859167e-05,-0.0054887418620129325,-0.0008502376046952041,-0.004638504257317729,-3.957482972927199e-05,-0.0017574876158249016,1.0,0.9735449735449735
2015-11-26,0.0009292548920056322,0.0008478677724019521,0.08138711960368011,8.138711960368012e-05,0.00026668878556210165,0.0006625661064435306,0.01624098306654509,0.9872611464968153,8.138711960368019e-05,0.0008478677724019522,-0.0026215848883996483,0.0013150932492984012,0.0006020785030680925,-0.0023977831284288436,0.0020006601897447403,0.00026668878556210165,0.00022422594055148594,0.00022422594055148594,0.042462845010615716,4.2462845010615714e-05,0.0006625661064435306,0.0006236418318504662,0.0006236418318504662,0.038924274593064405,3.892427459306441e-05,-0.0082107241825118,4.981512235445502e-05,-0.008260539304866255,-0.002989271758936348,0.003947296481169897,1.0,0.9735449735449735
2015-11-27,0.0036886599880845633,0.0036108114388984343,0.07784854918612881,7.784854918612881e-05,0.004286634205543887,-0.000597974217459323,0.23101825108489643,0.9872611464968153,7.784854918612902e-05,0.0036108114388984343,0.0013689069352330085,0.0008285394682312536,0.004033548804219373,0.004827966792728763,0.01047328071519628,0.004286634205543887,0.0042441713605332705,0.004244171360533271,0.042462845010615716,4.2462845010615714e-05,-0.000597974217459323,-0.0006333599216348363,-0.0006333599216348362,0.035385704175513094,3.5385704175513094e-05,-0.0006314045861961984,0.004606133351070766,-0.005237537937266965,0.0005178002241779344,0.011449651566971432,0.9946808510638298,0.9788359788359788
2015-11-30,-0.0017956122517727587,-0.0018628450897062337,0.06723283793347488,6.723283793347488e-05,-0.0007332145121183363,-0.0010623977396544224,-0.11664092673308922,0.9872611464968153,6.723283793347496e-05,-0.0018628450897062337,0.00368413739241892,-0.0010587117245416512,1.8175221180548318e-06,-0.0026877137218607496,-0.0008604667680551763,-0.0007332145121183363,-0.000765061645876298,-0.000765061645876298,0.03184713375796178,3.184713375796179e-05,-0.0010623977396544224,-0.0010977834438299357,-0.0010977834438299354,0.035385704175513094,3.5385704175513094e-05,0.007193926212590144,-0.0004115316195447294,0.0076054578321348735,0.004350925483661015,-0.0018086157833530469,1.0,0.9735449735449735
2015-12-01,-0.0005994253715910312,-0.0006666582095245061,0.06723283793347488,6.723283793347488e-05,-0.0015874820337809874,0.0009880566621899563,-0.06310146705686337,0.9872611464968153,6.723283793347496e-05,-0.000666658209524506,-0.0025732609127866145,-0.0007396814046841117,-0.0015441542266941834,-0.004038407642945898,-0.002753375143915423,-0.0015874820337809874,-0.0016228677379565007,-0.0016228677379565004,0.035385704175513094,3.5385704175513094e-05,0.0009880566621899563,0.0009562095284319945,0.0009562095284319945,0.03184713375796178,3.184713375796179e-05,-0.0028091328591834355,-0.002175050189767874,-0.0006340826694155614,-0.0024941217842685544,-0.00493957418118752,1.0,0.9788359788359788
2015-12-02,-0.0015046790668340664,-0.0015648347639324388,0.06015569709837226,6.015569709837226e-05,-0.00400284319622752,0.0024981641293934536,-0.11175972826268576,0.9872611464968153,6.01556970983724e-05,-0.0015648347639324385,-0.005698313262143072,-0.0035030090013403853,-0.008056930035230968,-0.004799692998419967,-0.009634233152427221,-0.00400284319622752,-0.00402761318915038,-0.00402761318915038,0.024769992922859165,2.4769992922859167e-05,0.0024981641293934536,0.0024627784252179404,0.0024627784252179404,0.035385704175513094,3.5385704175513094e-05,-0.008237411270936428,-0.0064184811517078,-0.0018189301192286277,-0.006313300611159259,-0.008542676287528852,0.9946808510638298,0.9841269841269841
2015-12-03,0.0004947188390477027,0.0004204088602791254,0.0743099787685775,7.430997876857751e-05,0.005751879148237913,-0.00525716030919021,0.05779681286312403,0.9872611464968153,7.430997876857736e-05,0.0004204088602791252,0.010799787827418772,0.009780716165369576,0.009306943107443982,0.010927719092621895,0.011828492020625586,0.005751879148237913,0.005712954873644849,0.005712954873644848,0.038924274593064405,3.892427459306441e-05,-0.00525716030919021,-0.005292546013365724,-0.005292546013365723,0.035385704175513094,3.5385704175513094e-05,0.011632972175308195,0.010550874267407126,0.0010820979079010692,0.011055070295781993,0.012443963966173026,0.9946808510638298,0.9894179894179894
2015-12-04,0.002175530939497969,0.002101220960729392,0.0743099787685775,7.430997876857751e-05,-0.000610175805175987,0.0027857067446739564,0.15476507039294973,0.9872611464968153,7.43099787685773e-05,0.002101220960729392,-0.006488031589109664,-0.0036356962782859974,-0.0028571822105415354,-0.00042108610074159344,-0.0016238791043391384,-0.000610175805175987,-0.0006491000797690513,-0.0006491000797690514,0.038924274593064405,3.892427459306441e-05,0.0027857067446739564,0.002750321040498443,0.002750321040498443,0.035385704175513094,3.5385704175513094e-05,-0.006409713980096183,-0.0027993280418868397,-0.0036103859382093434,-0.008223753167976033,-0.0023052648110504764,0.9946808510638298,0.9894179894179894
2015-12-07,-0.0005713200792232171,-0.0006173214946513841,0.046001415428167027,4.600141542816703e-05,-0.0013335212243310022,0.000762201145107785,-0.02875417130144605,0.9872611464968153,4.600141542816696e-05,-0.0006173214946513842,-0.0013632528128729854,-0.0018274260932877957,0.0011360873036660552,-0.0010419996871537007,-0.0034880756670182685,-0.0013335212243310022,-0.0013512140764187586,-0.0013512140764187588,0.017692852087756547,1.7692852087756547e-05,0.000762201145107785,0.0007338925817673745,0.0007338925817673745,0.028308563340410476,2.8308563340410477e-05,-0.001138156080561421,-0.001325250547460526,0.00018709446689910494,-0.0023561163909572003,-0.0054308941217227754,0.9946808510638298,0.9894179894179894
2015-12-08,-0.0012900260445337485,-0.0013395660303794667,0.04953998584571833,4.9539985845718334e-05,-0.001477280400039602,0.00018725435550585352,-0.10206333217165472,0.9872611464968153,4.953998584571813e-05,-0.0013395660303794669,0.0004661744461917026,-0.002068184111790765,-0.005103456376429879,-0.0047964954541238605,-0.0020430229224188304,-0.001477280400039602,-0.0015020503929624612,-0.0015020503929624612,0.024769992922859165,2.4769992922859167e-05,0.00018725435550585352,0.00016248436258299432,0.00016248436258299435,0.024769992922859165,2.4769992922859167e-05,-0.009438806626983943,-0.0024802962606997356,-0.006958510366284207,0.0030670426594476504,-0.0011994176251321125,0.9893617021276596,0.9894179894179894
2015-12-09,-0.0025306554276567973,-0.0026068771340873997,0.0762217064306021,7.62217064306021e-05,-0.0025747996156708585,4.414418801406117e-05,-0.12461354294471205,0.9851694915254238,7.62217064306024e-05,-0.0026068771340873992,3.112172896654236e-05,-0.0003288978361149711,0.0020228357752032074,-0.002230950169676664,-0.006571879928244041,-0.0025747996156708585,-0.002618192085113204,-0.002618192085113204,0.04339246944234532,4.339246944234533e-05,4.414418801406117e-05,1.1314951025804203e-05,1.1314951025804393e-05,0.03282923698825678,3.282923698825678e-05,-0.00461747475642643,-0.0012178545687479899,-0.0033996201876784404,0.0011501408783030332,-0.005241308927336006,0.9947089947089947,0.9947089947089947
2015-12-10,0.0021018259299066836,0.0020488598282117684,0.05296610169491525,5.296610169491525e-05,-0.0007032549723410958,0.0028050809022477797,0.1292365861925745,0.9851694915254238,5.2966101694915287e-05,0.0020488598282117684,-0.005164947632843238,-0.006462316731839649,-0.006223043446708678,-0.002800153877101814,-0.0007111007994022431,-0.0007032549723410958,-0.0007279724864653896,-0.0007279724864653896,0.024717514124293787,2.4717514124293784e-05,0.0028050809022477797,0.0027768323146771584,0.0027768323146771584,0.02824858757062147,2.824858757062147e-05,-0.0024318012165859856,-0.004178698580675236,0.0017468973640892504,-0.0039980143085012595,-0.001599083670203596,0.9947089947089947,0.9894179894179894
2015-12-11,0.0021564696521119593,0.0020893792566317334,0.067090395480226,6.709039548022598e-05,0.005810034137060531,-0.0036535644849485715,0.1507195644182616,0.9851694915254238,6.709039548022594e-05,0.0020893792566317334,0.006468383369261557,0.008940277490586969,0.0103857874224651,0.011360218948415332,0.01169969870568444,0.005810034137060531,0.005778254476043581,0.005778254476043581,0.03177966101694915,3.177966101694915e-05,-0.0036535644849485715,-0.0036888752194118484,-0.0036888752194118484,0.03531073446327684,3.531073446327684e-05,0.006588111183997664,0.00987799757382546,-0.0032898863898277965,0.004883011088093552,0.011291633425915713,0.9894179894179894,0.9841269841269841
2015-12-14,-0.0007468715650856523,-0.0008351484012438443,0.0882768361581921,8.827683615819209e-05,0.003721751387725015,-0.004468622952810667,-0.006304931086996997,0.9851694915254238,8.827683615819204e-05,-0.0008351484012438443,0.010087114383155018,0.00653698199651605,0.006527005822035499,0.007350806359584187,0.007458022043192289,0.003721751387725015,0.0036723163594764275,0.0036723163594764275,0.04943502824858757,4.943502824858757e-05,-0.004468622952810667,-0.004507464760720272,-0.004507464760720272,0.03884180790960452,3.884180790960452e-05,0.002848773263018875,0.007743180939828689,-0.004894407676809815,0.008668870660699554,0.009276676733795534,0.9947089947089947,0.9894179894179894
2015-12-15,-0.0010640463636788324,-0.0011311367591590581,0.067090395480226,6.709039548022598e-05,-0.0039385507501773056,0.0028745043864984734,-0.05343920522087011,0.9851694915254238,6.709039548022573e-05,-0.0011311367591590584,-0.006506694262145562,-0.004168589092607219,-0.0057574651852763245,-0.004279363648960511,-0.009623868220516515,-0.0039385507501773056,-0.0039879857784258935,-0.0039879857784258935,0.04943502824858757,4.943502824858757e-05,0.0028745043864984734,0.002856849019266835,0.002856849019266835,0.01765536723163842,1.765536723163842e-05,-0.009141874919407352,-0.005782153448409203,-0.003359721470998149,-0.006318351540976574,-0.01156828943970769,0.9894179894179894,0.9841269841269841
2015-12-16,0.0010700749239641277,0.0010171088222692126,0.05296610169491525,5.296610169491525e-05,-0.0019954601664897748,0.0030655350904539025,0.06058940317051674,0.9872881355932204,5.296610169491507e-05,0.0010171088222692124,-0.006208706794053773,-0.005921965791094401,-0.003326384775538552,-0.0029389065763485863,-0.0044945864217002165,-0.0019954601664897748,-0.002027239827506724,-0.002027239827506724,0.03177966101694915,3.177966101694915e-05,0.0030655350904539025,0.0030443486497759363,0.0030443486497759363,0.0211864406779661,2.11864406779661e-05,-0.0018449952509266203,-0.0046278226717145834,0.0027828274207879634,-0.006605444305753393,-0.0029620793666056424,0.9894179894179894,0.9894179894179894
2015-12-17,0.0017366604183246515,0.0016695700228444256,0.067090395480226,6.709039548022598e-05,0.0002395866128432036,0.0014970738054814478,0.13078759530064116,0.9872881355932204,6.709039548022594e-05,0.0016695700228444256,-0.0038120712849556045,-0.0013154155242885873,0.001772611707131074,4.346001424390868e-05,0.0006927190325024375,0.0002395866128432036,0.00020074480493359912,0.0002007448049335991,0.03884180790960452,3.884180790960452e-05,0.0014970738054814478,0.0014688252179108265,0.0014688252179108263,0.02824858757062147,2.824858757062147e-05,0.005140526750174563,-0.0005705388141853803,0.005711065564359944,-0.0037185348299871904,0.001086154517936136,0.9841269841269841,0.9894179894179894
2015-12-18,-0.0009382044506585985,-0.0009911705523535138,0.05296610169491525,5.296610169491525e-05,0.000861369111364451,-0.0017995735620230497,-0.0539104057612771,0.9872881355932204,5.2966101694915287e-05,-0.0009911705523535138,0.004349061772139837,0.0020527311576945344,0.00018439228919512406,0.002026154477684284,0.0015653733882868548,0.000861369111364451,0.0008331205237938295,0.0008331205237938296,0.02824858757062147,2.824858757062147e-05,-0.0017995735620230497,-0.0018242910761473434,-0.0018242910761473434,0.024717514124293787,2.4717514124293784e-05,-8.672788476291451e-05,0.002290252615112982,-0.002376980499875896,0.0052864934010540595,0.002803621003818299,0.9894179894179894,0.9841269841269841
2015-12-21,0.0024624491289408352,0.002398889806906937,0.0635593220338983,6.35593220338983e-05,0.0024949468300714634,-3.2497701130628074e-05,0.10779359653213429,0.9872881355932204,6.355932203389817e-05,0.002398889806906937,-0.0018964924368137734,0.004029151711861753,0.0016108926645679205,0.0028434162968983484,0.006030825013915959,0.0024949468300714634,0.002466698242500842,0.002466698242500842,0.02824858757062147,2.824858757062147e-05,-3.2497701130628074e-05,-6.780843559390493e-05,-6.780843559390491e-05,0.03531073446327684,3.531073446327684e-05,0.005987568692274609,0.0027329316176176077,0.003254637074657001,-0.004197531852534719,0.006824448364547271,0.9894179894179894,0.9841269841269841
2015-12-22,-0.004609715339963272,-0.004673274661997171,0.0635593220338983,6.35593220338983e-05,-0.004071221502928631,-0.0005384938370346418,-0.2960185180518692,0.9872881355932204,6.355932203389904e-05,-0.0046732746619971705,0.00218404836582419,-0.001169854044789095,-0.0050470931013474685,-0.005473064134068,-0.009428799108717812,-0.004071221502928631,-0.004106532237391908,-0.004106532237391908,0.03531073446327684,3.531073446327684e-05,-0.0005384938370346418,-0.0005667424246052633,-0.0005667424246052632,0.02824858757062147,2.824858757062147e-05,-0.013337535548521224,-0.0035736706132224313,-0.009763864935298794,0.0031805089594664385,-0.012143785570087414,0.9894179894179894,0.9947089947089947
2015-12-24,0.004643836267644874,0.0045838080190573035,0.06002824858757062,6.002824858757062e-05,0.003051352328017566,0.0015924839396273083,0.2396186225242289,0.9872881355932204,6.002824858757083e-05,0.0045838080190573035,-0.0030162137543893585,-0.003498960532669461,0.000677478649170412,0.002524231858760201,0.007847411388766792,0.003051352328017566,0.0030125105201079614,0.0030125105201079614,0.03884180790960452,3.884180790960452e-05,0.0015924839396273083,0.001571297498949342,0.001571297498949342,0.0211864406779661,2.11864406779661e-05,0.004135728736310453,0.0010613843616666542,0.0030743443746437983,-0.0036340283339814775,0.011019708891522415,0.9894179894179894,0.9947089947089947
2015-12-25,-0.003669505466681518,-0.0037260026418227607,0.05649717514124294,5.649717514124294e-05,-0.0015581384071297996,-0.0021113670595517184,-0.23380255969139743,0.9872881355932204,5.6497175141242625e-05,-0.003726002641822761,0.004958593724323248,0.002699420158602938,0.0012465304383743256,-0.00045167205981428365,-0.004421433790398821,-0.0015581384071297996,-0.001575793774361438,-0.001575793774361438,0.01765536723163842,1.765536723163842e-05,-0.0021113670595517184,-0.0021502088674613226,-0.002150208867461323,0.03884180790960452,3.884180790960452e-05,0.0013887531243085523,0.0006304919276061572,0.0007582611967023951,0.008268839641713838,-0.0025804149616270714,0.9894179894179894,0.9841269841269841
2015-12-28,0.0017387732935950741,0.0016540275308832098,0.0847457627118644,8.47457627118644e-05,0.0018753569449579985,-0.00013658365136292423,0.10694477343224015,0.9872881355932204,8.474576271186437e-05,0.0016540275308832098,0.00030046051811805227,0.00021567533712266363,0.0023555982804217457,0.0019391500927671823,0.004631168762653132,0.0018753569449579985,0.0018329840636020663,0.0018329840636020663,0.0423728813559322,4.23728813559322e-05,-0.00013658365136292423,-0.00017895653271885644,-0.0001789565327188564,0.0423728813559322,4.23728813559322e-05,0.001529892025954476,0.00182176170964223,-0.00029186968368775414,4.359828413149951e-05,0.003981268396409548,1.0,0.9841269841269841
2016-01-04,-0.0017013008401981682,-0.0017648601622320664,0.0635593220338983,6.35593220338983e-05,0.001168787592745326,-0.002870088432943494,-0.11283506974656558,0.9872881355932204,6.355932203389817e-05,-0.0017648601622320666,0.005511508828213644,0.006153525649559602,0.0013514014137630517,0.002742852581332853,0.0021272271046613913,0.001168787592745326,0.0011370079317283767,0.001137007931728377,0.03177966101694915,3.177966101694915e-05,-0.002870088432943494,-0.0029018680939604433,-0.002901868093960443,0.03177966101694915,3.177966101694915e-05,0.005412261812190186,0.003698679071879395,0.0017135827403107905,0.002221896621305328,-0.0015592866463712198,0.9947089947089947,1.0
2016-01-05,0.001581475000639924,0.001514384605159698,0.067090395480226,6.709039548022598e-05,0.00031712999281339815,0.0012643450078265257,0.06937290792172637,0.9872881355932204,6.709039548022594e-05,0.001514384605159698,-0.002439830989952473,-0.0026867779185316422,-0.0016625275174765102,-0.0009172294514975586,0.0013991684019488383,0.00031712999281339815,0.00028181925835012124,0.0002818192583501213,0.03531073446327684,3.531073446327684e-05,0.0012643450078265257,0.0012325653468095766,0.0012325653468095766,0.03177966101694915,3.177966101694915e-05,-0.001486066520698843,-0.0011077763996895451,-0.00037829012100929794,-0.0013818429736094458,0.0008350009819546207,1.0,1.0
2016-01-06,-0.0010557666641881486,-0.0011122638393293914,0.05649717514124294,5.649717514124294e-05,-0.0010934857521087058,3.771908792055736e-05,-0.04853179870038045,0.9872881355932204,5.649717514124284e-05,-0.0011122638393293914,0.0011325016670216306,-0.0025163766822586544,-0.0027090610060505494,-0.0014168241906356964,-0.0025587834530242924,-0.0010934857521087058,-0.001125265413125655,-0.0011252654131256549,0.03177966101694915,3.177966101694915e-05,3.771908792055736e-05,1.3001573796263602e-05,1.3001573796263575e-05,0.024717514124293787,2.4717514124293784e-05,0.0015757072483084107,-0.001748405785954386,0.0033241130342627967,-0.0001282954457647145,-0.003601855243238165,1.0,1.0
2016-01-07,0.001073231084443631,0.0009955474686244219,0.07768361581920905,7.768361581920904e-05,0.0005651351765525599,0.000508095907891071,0.0391859693976623,0.9872881355932204,7.768361581920904e-05,0.0009955474686244219,-0.0013276326594096695,-0.000378035286613462,-8.503005644430086e-05,-5.160337657111535e-05,0.001710227796826604,0.0005651351765525599,0.0005227622951966276,0.0005227622951966277,0.0423728813559322,4.23728813559322e-05,0.000508095907891071,0.00047278517342779413,0.00047278517342779413,0.03531073446327684,3.531073446327684e-05,-0.0009693587690576527,0.00016567238666908364,-0.0011350311557267363,-0.0003183500162615742,0.006296875535086301,1.0,0.9947089947089947
2016-01-08,0.0011503272860466684,0.0010832368905664426,0.067090395480226,6.709039548022598e-05,0.004817344044592479,-0.0036670167585458107,0.03578593364463567,0.9872881355932204,6.709039548022573e-05,0.0010832368905664424,0.0073296525087624236,0.007280471440164751,0.008804816176259682,0.009239352254795335,0.009789708183717992,0.004817344044592479,0.0047820333101292025,0.0047820333101292025,0.03531073446327684,3.531073446327684e-05,-0.0036670167585458107,-0.00369879641956276,-0.00369879641956276,0.03177966101694915,3.177966101694915e-05,-0.003645938500057962,0.008523966452462343,-0.012169904952520304,0.0064885524211195054,0.007679059564161323,1.0,0.9894179894179894
2016-01-12,0.0007635012361994041,0.0006893486938265227,0.07415254237288135,7.415254237288135e-05,-0.0058306181455425035,0.006594119381741907,0.05211978983386701,0.9872881355932204,7.415254237288138e-05,0.0006893486938265227,-0.01317932463602402,-0.013094016350787791,-0.013110057106138063,-0.011518445119018944,-0.011682780402355228,-0.0058306181455425035,-0.005862397806559452,-0.005862397806559453,0.03177966101694915,3.177966101694915e-05,0.006594119381741907,0.006551746500385975,0.006551746500385975,0.0423728813559322,4.23728813559322e-05,-0.016915735477950705,-0.012374055003792428,-0.004541680474158276,-0.016316435940329454,-0.012942668200236327,1.0,1.0
2016-01-13,-0.001494686970024314,-0.001593557026521489,0.09887005649717515,9.887005649717514e-05,0.006708792323492778,-0.008203479293517092,-0.1150395432624963,0.9872881355932204,9.887005649717503e-05,-0.0015935570265214892,0.01686077534396324,0.015350035707394311,0.016970926276772828,0.013472124718578659,0.013334106570946925,0.006708792323492778,0.006662888368690518,0.006662888368690518,0.04590395480225989,4.5903954802259884e-05,-0.008203479293517092,-0.008256445395212007,-0.008256445395212007,0.05296610169491525,5.296610169491525e-05,0.02110843603163984,0.014928851721105335,0.006179584310534506,0.01833460032516217,0.01424437891545876,0.9947089947089947,0.9947089947089947
2016-01-14,0.0014839889954994573,0.0014027743062339207,0.08121468926553672,8.121468926553672e-05,-0.006449013789230983,0.00793300278473044,0.08522009604697817,0.9872881355932204,8.12146892655366e-05,0.0014027743062339205,-0.015402443875428983,-0.016667962137657602,-0.014052254245475291,-0.011375209072579693,-0.013597114512620724,-0.006449013789230983,-0.006487855597140588,-0.006487855597140587,0.03884180790960452,3.884180790960452e-05,0.00793300278473044,0.007890629903374509,0.007890629903374509,0.0423728813559322,4.23728813559322e-05,-0.008476543106240256,-0.014235714047060248,0.005759170940819992,-0.01892907167573011,-0.015775991379923998,1.0,0.9894179894179894
2016-01-15,0.000894939607108425,0.0008278492116281991,0.067090395480226,6.709039548022598e-05,0.005443454332998003,-0.004548514725889578,0.06933673985166941,0.9872881355932204,6.709039548022594e-05,0.0008278492116281991,0.009691983328768956,0.007817041577422927,0.010881074326951635,0.008729228707856716,0.011908552819323882,0.005443454332998003,0.0054152057454273815,0.0054152057454273815,0.02824858757062147,2.824858757062147e-05,-0.004548514725889578,-0.004587356533799182,-0.004587356533799182,0.03884180790960452,3.884180790960452e-05,0.0036872763955060855,0.009762027452005802,-0.006074751056499716,0.012626212650657241,0.01124884690429123,1.0,0.9841269841269841
2016-01-18,-0.0010365047223243639,-0.0010965329709119345,0.06002824858757062,6.002824858757062e-05,0.0012127381728346094,-0.0022492428951589732,-0.07066725049442048,0.9872881355932204,6.0028248587570615e-05,-0.0010965329709119345,0.0055175279561253,0.0024004347250450586,0.0039897205946829006,0.0029285822182830252,0.0021663588030258864,0.0012127381728346094,0.001184489585263988,0.0011844895852639878,0.02824858757062147,2.824858757062147e-05,-0.0022492428951589732,-0.0022810225561759223,-0.0022810225561759223,0.03177966101694915,3.177966101694915e-05,0.004625158340661463,0.00325705435207912,0.0013681039885823434,0.007583216634397549,0.0024643454810215058,1.0,0.9894179894179894
2016-01-19,0.0013738200345557723,0.0013137917859682017,0.06002824858757062,6.002824858757062e-05,-0.0006013466427576542,0.0019751666773134267,0.11178631429875004,0.9872881355932204,6.0028248587570615e-05,0.0013137917859682017,-0.0059358157553191454,9.649561149268905e-05,-0.0018054974521295058,-0.0007544608930166388,-0.0014193863921809014,-0.0006013466427576542,-0.0006331263037746033,-0.0006331263037746034,0.03177966101694915,3.177966101694915e-05,0.0019751666773134267,0.001946918089742805,0.0019469180897428052,0.02824858757062147,2.824858757062147e-05,0.0009969167304991024,-0.001923115885675542,0.0029200326161746447,-0.004315285196257957,-0.0035840511685287964,1.0,0.9841269841269841
2016-01-20,-0.0017862702226552507,-0.001839236324350166,0.05296610169491525,5.296610169491525e-05,0.006541122403755225,-0.008327392626410477,-0.081817925784899,0.9872881355932204,5.2966101694915287e-05,-0.001839236324350166,0.01822897537175696,0.01333116875494757,0.016724433172940777,0.012439745931735555,0.013345029536335883,0.006541122403755225,0.00651993596307726,0.00651993596307726,0.0211864406779661,2.11864406779661e-05,-0.008327392626410477,-0.008359172287427425,-0.008359172287427425,0.03177966101694915,3.177966101694915e-05,0.027564896192976918,0.014270941211627605,0.013293954981349313,0.018441132677813832,0.01456732778720834,1.0,0.9788359788359788
2016-01-21,-0.00035233769186743496,-0.00041236594045500563,0.06002824858757062,6.002824858757062e-05,-0.003290255233184571,0.0029379175413171356,-0.026401208843626758,0.9872881355932204,6.002824858757067e-05,-0.0004123659404550056,-0.004661930541901771,-0.008279464813198823,-0.007363511534451314,-0.006145601237512403,-0.006767968672366184,-0.003290255233184571,-0.003318503820755192,-0.003318503820755192,0.02824858757062147,2.824858757062147e-05,0.0029379175413171356,0.0029061378803001865,0.0029061378803001865,0.03177966101694915,3.177966101694915e-05,-0.01563480679443863,-0.006632712181386796,-0.009002094613051834,-0.00610679628188317,-0.0069131861870179575,0.9947089947089947,0.9788359788359788
2016-01-22,0.004937015788646637,0.004880518613505394,0.05649717514124294,5.649717514124294e-05,-0.0021840669210094364,0.007121082709656073,0.29113903035775857,0.9872881355932204,5.6497175141242625e-05,0.004880518613505394,-0.01579782765227526,-0.010976531838477674,-0.0121286324141751,-0.008360605665130666,-0.0023745187975655903,-0.0021840669210094364,-0.0022158465820263855,-0.0022158465820263855,0.03177966101694915,3.177966101694915e-05,0.007121082709656073,0.00709636519553178,0.0070963651955317794,0.024717514124293787,2.4717514124293784e-05,-0.011773546320323855,-0.009828015769255802,-0.0019455305510680532,-0.018072588682217856,-0.0007403685824760656,0.9947089947089947,0.9788359788359788
2016-01-25,0.0027559063662666652,0.0026958781176790944,0.06002824858757062,6.002824858757062e-05,0.008320931181783498,-0.005565024815516833,0.19673265955973973,0.9872881355932204,6.002824858757083e-05,0.0026958781176790944,0.010332629771478223,0.012647131903488002,0.0139450517457606,0.013801091493562697,0.017977225373512,0.008320931181783498,0.00828915152076655,0.00828915152076655,0.03177966101694915,3.177966101694915e-05,-0.005565024815516833,-0.005593273403087455,-0.005593273403087454,0.02824858757062147,2.824858757062147e-05,0.00918400444301481,0.013920462764802749,-0.004736458321787939,0.00827869770908454,0.017627161564026297,1.0,0.9841269841269841
2016-01-26,-0.0014036832486810148,-0.0014637114972685852,0.06002824858757062,6.002824858757062e-05,-0.005884715930181564,0.00448103268150055,-0.10492861104827815,0.9872881355932204,6.00282485875704e-05,-0.0014637114972685854,-0.008985324036603124,-0.008838780253694868,-0.011464808240475665,-0.012178700875283171,-0.011517395897780105,-0.005884715930181564,-0.005909433444305858,-0.005909433444305858,0.024717514124293787,2.4717514124293784e-05,0.00448103268150055,0.004445721947037273,0.004445721947037273,0.03531073446327684,3.531073446327684e-05,-0.007604362705187316,-0.010615581350740077,0.003011218645552761,-0.0072888739799395605,-0.015233840718609783,1.0,0.9788359788359788
2016-01-27,0.007362010574894517,0.007309044473199602,0.05296610169491525,5.296610169491525e-05,0.006880513303354577,0.0004814972715399399,0.29326013943680385,0.9872881355932204,5.2966101694915287e-05,0.007309044473199602,-0.0022874620934515534,0.0017223164165486506,0.004016704094536089,0.011914885470555926,0.014616439477830397,0.006880513303354577,0.006862857936122939,0.006862857936122939,0.01765536723163842,1.765536723163842e-05,0.0004814972715399399,0.0004461865370766631,0.00044618653707666304,0.03531073446327684,3.531073446327684e-05,0.01106782627728888,0.005786324875241887,0.005281501402046994,-0.007160363554066388,0.012580567797376931,1.0,0.9894179894179894
2016-01-28,-0.0082566340409777,-0.008323724436457925,0.067090395480226,6.709039548022598e-05,-0.0005065287275497339,-0.007750105313427965,-0.20454745295260413,0.9872881355932204,6.709039548022551e-05,-0.008323724436457925,0.0253671558859778,-0.004575531583087053,0.01089763938809578,0.005193938947051408,-0.004079621748984219,-0.0005065287275497339,-0.000538308388566683,-0.0005383083885666831,0.03177966101694915,3.177966101694915e-05,-0.007750105313427965,-0.007785416047891242,-0.007785416047891242,0.03531073446327684,3.531073446327684e-05,0.007026130848175656,0.0057605069461040305,0.0012656239020716253,0.03742129048178715,0.0008859995143394025,0.9947089947089947,0.9894179894179894
2016-01-29,0.007621974371139844,0.007561946122552273,0.06002824858757062,6.002824858757062e-05,0.002835583183459455,0.004786391187680389,0.2430321768345883,0.9872881355932204,6.002824858757083e-05,0.007561946122552273,-0.008443452125890743,-0.011774000689180117,-0.007996016555243254,-0.005106057257630808,0.010979177354361744,0.002835583183459455,0.0028002724489961783,0.0028002724489961783,0.03531073446327684,3.531073446327684e-05,0.004786391187680389,0.004761673673556095,0.004761673673556095,0.024717514124293787,2.4717514124293784e-05,-0.000514683129486468,-0.0043124465567448015,0.0037977634272583333,-0.010502244931583077,0.014297249414752966,0.9947089947089947,0.9947089947089947
2016-02-01,0.009021269450638959,0.008950647981712407,0.07062146892655367,7.062146892655367e-05,0.0005606260979531189,0.008460643352685841,0.32512349765396703,0.9872881355932204,7.062146892655198e-05,0.008950647981712405,-0.020802240011901663,-0.008932795667020686,-0.004658837975136888,0.0015132075437458727,0.0009226163829922868,0.0005606260979531189,0.0005323775103824974,0.0005323775103824974,0.02824858757062147,2.824858757062147e-05,0.008460643352685841,0.008418270471329908,0.00841827047132991,0.0423728813559322,4.23728813559322e-05,0.002201332599128272,-0.006603374752739463,0.008804707351867735,-0.026536995323963655,0.001949340526547121,1.0,0.9947089947089947
2016-02-02,0.006468073525756349,0.006365672395812846,0.10240112994350282,0.00010240112994350283,0.0063079160146087285,0.00016015751114761994,0.2789602332069724,0.9872881355932204,0.00010240112994350237,0.006365672395812845,-0.0043171784889190715,0.007761177644474593,0.00802000190268158,0.008703595094263179,0.014498240483229712,0.0063079160146087285,0.006265543133252797,0.006265543133252796,0.0423728813559322,4.23728813559322e-05,0.00016015751114761994,0.00010012926256004932,0.00010012926256004932,0.06002824858757062,6.002824858757062e-05,0.0009114644218130158,0.007138240673378333,-0.006226776251565317,-0.009134043869001823,0.01794082567114388,1.0,0.9947089947089947
2016-02-03,-0.008091452731441882,-0.00820091600827804,0.1094632768361582,0.0001094632768361582,-0.006402013119592599,-0.001689439611849283,-0.33261692885058763,0.9872881355932204,0.00010946327683615878,-0.00820091600827804,0.0063235741504483875,-0.00260192013227404,-0.0031324604973910573,-0.0066301387919690015,-0.015804564128906115,-0.006402013119592599,-0.006451448147841187,-0.006451448147841187,0.04943502824858757,4.943502824858757e-05,-0.001689439611849283,-0.0017494678604368535,-0.0017494678604368537,0.06002824858757062,6.002824858757062e-05,-0.019478842456372988,-0.004164812265710714,-0.015314030190662273,0.01046082128229931,-0.025601136695154864,1.0,0.9894179894179894
2016-02-04,-0.0012396694439477257,-0.0013314773535522454,0.09180790960451977,9.180790960451977e-05,-0.0006677161974277312,-0.0005719532465199945,-0.060579086376762785,0.9872881355932204,9.18079096045197e-05,-0.0013314773535522454,0.0007817710679924539,0.0018661469777697724,-0.0029625245618136297,0.00045073959663204604,-0.002213494612139365,-0.0006677161974277312,-0.0007065580053373359,-0.0007065580053373358,0.03884180790960452,3.884180790960452e-05,-0.0005719532465199945,-0.0006249193482149096,-0.0006249193482149097,0.05296610169491525,5.296610169491525e-05,-0.0130343797764101,0.00016578570642695345,-0.013200165482837053,-0.00025319722535024154,-0.0030432471655821997,1.0,0.9894179894179894
2016-02-05,0.0017621158024363748,0.0016667768193855271,0.09533898305084745,9.533898305084746e-05,-0.0019197760865359594,0.003681891888972334,0.08908592910880393,0.9872881355932204,9.533898305084769e-05,0.0016667768193855273,-0.009412825212336707,-0.003159433782659103,-0.005175720612175597,-0.0037536170758936545,-0.0038659008962103362,-0.0019197760865359594,-0.001958617894445564,-0.001958617894445564,0.03884180790960452,3.884180790960452e-05,0.003681891888972334,0.003625394713831091,0.003625394713831091,0.05649717514124294,5.649717514124294e-05,-0.016265712737500538,-0.005006486760874833,-0.011259225976625705,-0.017596216850712672,-0.002736837461721309,0.9947089947089947,0.9894179894179894
2016-02-08,0.005232779055231796,0.005133908998734621,0.09887005649717515,9.887005649717514e-05,0.00966678879667964,-0.004434009741447844,0.2110146596302971,0.9872881355932204,9.887005649717503e-05,0.005133908998734621,0.007092044141655965,0.012382284368525799,0.014065301137658805,0.017640282539239337,0.020089908503951842,0.00966678879667964,0.009617353768431052,0.009617353768431052,0.04943502824858757,4.943502824858757e-05,-0.004434009741447844,-0.004483444769696431,-0.004483444769696432,0.04943502824858757,4.943502824858757e-05,0.009660056022495103,0.01467697120661759,-0.005016915184122487,0.0047828817576157446,0.020566789890644817,0.9894179894179894,0.9841269841269841
2016-02-09,-0.0011518995450715095,-0.001243707454676029,0.09180790960451977,9.180790960451977e-05,-0.010178363602896595,0.009026464057825086,-0.03560841364176594,0.9872881355932204,9.180790960451948e-05,-0.0012437074546760292,-0.01858532949630133,-0.016823155723988036,-0.022261580167017687,-0.019814800310030856,-0.020539125871251215,-0.010178363602896595,-0.010213674337359872,-0.010213674337359872,0.03531073446327684,3.531073446327684e-05,0.009026464057825086,0.008969966882683842,0.008969966882683844,0.05649717514124294,5.649717514124294e-05,-0.03718777998315647,-0.019655259418590768,-0.017532520564565703,-0.02549994138425023,-0.01990544796472562,0.9947089947089947,0.9894179894179894
2016-02-10,-0.007662640527066457,-0.007743855216331994,0.08121468926553672,8.121468926553672e-05,0.018276949282135708,-0.025939589809202166,-0.15365779254410059,0.9872881355932204,8.12146892655366e-05,-0.007743855216331994,0.05626791437303502,0.04256680784101546,0.03471690049299931,0.03487365331893249,0.03723126663906322,0.018276949282135708,0.018238107474226106,0.018238107474226103,0.03884180790960452,3.884180790960452e-05,-0.025939589809202166,-0.025981962690558098,-0.025981962690558098,0.0423728813559322,4.23728813559322e-05,0.018098506395405802,0.04137366212014278,-0.02327515572473698,0.05931354000952295,0.03446477402469518,1.0,0.9894179894179894
2016-02-12,0.0026524801820874914,0.0025747965662682826,0.07768361581920905,7.768361581920904e-05,-0.01336126641895226,0.01601374660103975,0.09228674401692666,0.9872881355932204,7.768361581920883e-05,0.002574796566268282,-0.034154166416514455,-0.027456323996714556,-0.023736723122119618,-0.024902116392230757,-0.0275106439938151,-0.01336126641895226,-0.013396577153415537,-0.013396577153415537,0.03531073446327684,3.531073446327684e-05,0.01601374660103975,0.01597137371968382,0.01597137371968382,0.0423728813559322,4.23728813559322e-05,-0.032930866446380005,-0.027640750172823053,-0.005290116273556952,-0.03732311829830307,-0.028626261211925574,0.9947089947089947,0.9947089947089947
2016-02-15,-0.010369572570207963,-0.010436662965688188,0.067090395480226,6.709039548022598e-05,-0.003181375604141955,-0.007188196966066008,-0.40864719263143756,0.9872881355932204,6.709039548022551e-05,-0.010436662965688188,0.016805587372316848,0.00934396979616581,-0.002576232858503788,-0.00689224582532409,-0.006074000182134415,-0.003181375604141955,-0.003216686338605232,-0.003216686338605232,0.03531073446327684,3.531073446327684e-05,-0.007188196966066008,-0.007219976627082957,-0.007219976627082957,0.03177966101694915,3.177966101694915e-05,0.009845198315642595,0.0021719417252493178,0.0076732565903932775,0.024314734669041563,-0.0022268974484835435,0.9947089947089947,1.0
2016-02-16,-0.002773691248812914,-0.0028443127177394676,0.07062146892655367,7.062146892655367e-05,0.006136098808862461,-0.008909790057675376,-0.11768680882299316,0.9872881355932204,7.062146892655372e-05,-0.0028443127177394676,0.021023924938112077,0.011191056919425934,0.009669000335330375,0.011941385027152501,0.012384190383091383,0.006136098808862461,0.006100788074399184,0.006100788074399184,0.03531073446327684,3.531073446327684e-05,-0.008909790057675376,-0.008945100792138653,-0.008945100792138653,0.03531073446327684,3.531073446327684e-05,0.016229080397108988,0.013454783135871501,0.0027742972612374867,0.021958000950694348,0.015026829934306554,0.9947089947089947,1.0
2016-02-17,-0.002159207086968742,-0.0022333596293416234,0.07415254237288135,7.415254237288135e-05,-0.007336749516956857,0.005177542429988115,-0.12441074950617244,0.9872881355932204,7.415254237288149e-05,-0.0022333596293416234,-0.009018707900624475,-0.01296814394921934,-0.008099639529026955,-0.015026223948875381,-0.014437209869526726,-0.007336749516956857,-0.007372060251420134,-0.007372060251420134,0.03531073446327684,3.531073446327684e-05,0.005177542429988115,0.005138700622078511,0.005138700622078511,0.03884180790960452,3.884180790960452e-05,0.0019866415676117618,-0.012251811626401616,0.014238453194013378,-0.009077502374494097,-0.015790786398235286,0.9947089947089947,0.9947089947089947
2016-02-18,0.007691653614489073,0.007606907851777208,0.0847457627118644,8.47457627118644e-05,0.00411641938708316,0.0035752342274059127,0.369758097867833,0.9872881355932204,8.47457627118648e-05,0.007606907851777208,-0.00992679255230881,-0.001477894483659947,3.6606307325156235e-06,0.00462565933231549,0.009982778755822347,0.00411641938708316,0.004063453285388245,0.004063453285388245,0.05296610169491525,5.296610169491525e-05,0.0035752342274059127,0.0035434545663889636,0.0035434545663889636,0.03177966101694915,3.177966101694915e-05,-0.007539280245219432,0.0006849221955131031,-0.008224202440732535,-0.010133324469655227,0.009809245249347698,1.0,0.9947089947089947
2016-02-19,0.006112800487242899,0.006035116871423689,0.07768361581920905,7.768361581920904e-05,0.00905750847509838,-0.0029447079878554805,0.31798249761868835,0.9872881355932204,7.768361581920926e-05,0.006035116871423689,0.005172348779855783,0.0072886844271143145,0.011543521297164804,0.014744079667854232,0.01970647006061802,0.00905750847509838,0.009022197740635103,0.009022197740635103,0.03531073446327684,3.531073446327684e-05,-0.0029447079878554805,-0.002987080869211413,-0.002987080869211413,0.0423728813559322,4.23728813559322e-05,0.014678284175112608,0.01174017832124917,0.002938105853863438,0.0038718051077805305,0.02257781983207455,1.0,0.9947089947089947
2016-02-22,-0.0026446866919513177,-0.002722370307770527,0.07768361581920905,7.768361581920904e-05,-0.005367098509698968,0.00272241181774765,-0.1516571964819062,0.9915254237288136,7.768361581920926e-05,-0.002722370307770527,-0.00408487915746252,-0.008147308655897769,-0.009818464055883522,-0.012002860323182317,-0.010061345923759778,-0.005367098509698968,-0.005398878170715917,-0.005398878170715917,0.03177966101694915,3.177966101694915e-05,0.00272241181774765,0.0026765078629453903,0.0026765078629453903,0.04590395480225989,4.5903954802259884e-05,-0.010712843346540327,-0.008794528872036505,-0.0019183144745038225,-0.002328467789383616,-0.007649462782940943,1.0,0.9947089947089947
2016-02-23,-0.00038356338416454725,-0.0004471227061984455,0.0635593220338983,6.35593220338983e-05,0.003426656965097695,-0.0038102203492622424,-0.034318376154427774,0.9915254237288136,6.355932203389828e-05,-0.0004471227061984455,0.005737074944878582,0.011362389003140462,0.011858754040498498,0.00496111975810098,0.007760596040893907,0.003426656965097695,0.003391346230634418,0.003391346230634418,0.03531073446327684,3.531073446327684e-05,-0.0038102203492622424,-0.0038384689368328637,-0.0038384689368328637,0.02824858757062147,2.824858757062147e-05,0.013874084915689717,0.00819880670530655,0.005675278210383166,0.006960626014042305,0.007497979792880993,1.0,0.9947089947089947
2016-02-24,-0.0013856945868587801,-0.00143159854166104,0.04590395480225989,4.5903954802259884e-05,0.00031503072613289844,-0.0017007253129916787,-0.006991422044941826,0.9915254237288136,4.590395480225996e-05,-0.00143159854166104,0.004157436236158465,0.0018444460894508346,0.0030817566523387006,0.0016668038207952034,0.00011449391645749803,0.00031503072613289844,0.0002832510651159493,0.0002832510651159493,0.03177966101694915,3.177966101694915e-05,-0.0017007253129916787,-0.0017148496067769894,-0.0017148496067769894,0.014124293785310734,1.4124293785310734e-05,-0.009794585535549604,0.0022841580798888864,-0.012078743615438491,0.005523736685893723,-0.004191340322934148,1.0,1.0
2016-02-25,-0.0012387734688453383,-0.0012882084970939258,0.04943502824858757,4.943502824858757e-05,-0.0005215732642829257,-0.0007172002045624126,-0.03927746252120165,0.9915254237288136,4.9435028248587514e-05,-0.0012882084970939258,0.003277028586308911,-0.0023022684631334323,0.002555641569907546,-0.002242723752436843,-0.0004452792850567677,-0.0005215732642829257,-0.0005498218518535472,-0.0005498218518535472,0.02824858757062147,2.824858757062147e-05,-0.0007172002045624126,-0.0007383866452403785,-0.0007383866452403787,0.0211864406779661,2.11864406779661e-05,-0.006659647370167568,0.00045016297722075174,-0.00710981034738832,0.003462922068071481,0.0005225136536607249,1.0,1.0
2016-02-26,-0.0031748378972623038,-0.003227803998957219,0.05296610169491525,5.296610169491525e-05,-0.00435605578128893,0.0011812178840266265,-0.16546174291984,0.9915254237288136,5.2966101694915287e-05,-0.003227803998957219,-0.0015593234225134466,-0.003965642119522621,-0.006132510363513047,-0.009083494367673249,-0.008491692231372446,-0.00435605578128893,-0.004391366515752207,-0.004391366515752207,0.03531073446327684,3.531073446327684e-05,0.0011812178840266265,0.001163562516794988,0.001163562516794988,0.01765536723163842,1.765536723163842e-05,-0.0013759009958645104,-0.006006847544335528,0.004630946548471017,0.0004643888834844354,-0.005316285098175114,1.0,1.0
2016-02-29,0.00029621535331405375,0.0002503113985117939,0.04590395480225989,4.5903954802259884e-05,0.005886205126111296,-0.005589989772797243,-0.005738889820246036,0.9915254237288136,4.590395480225985e-05,0.00025031139851179385,0.010520184357538013,0.012418459355107827,0.012191171661010839,0.015292345406878296,0.009981400606225675,0.005886205126111296,0.0058544254650943475,0.005854425465094347,0.03177966101694915,3.177966101694915e-05,-0.005589989772797243,-0.005604114066582553,-0.005604114066582554,0.014124293785310734,1.4124293785310734e-05,0.01719601155684735,0.01218440067106157,0.0050116108857857795,0.011260830926237734,0.013766822981962204,1.0,1.0
2016-03-01,-0.004470571745791221,-0.004516475700593481,0.04590395480225989,4.5903954802259884e-05,-0.008355225275548177,0.003884653529756955,-0.23690606862926142,0.9915254237288136,4.590395480225974e-05,-0.004516475700593481,-0.0069176290167152,-0.00942466219232395,-0.01089096627905075,-0.01452160529901546,-0.017722993147173863,-0.008355225275548177,-0.008372880642779815,-0.008372880642779815,0.01765536723163842,1.765536723163842e-05,0.003884653529756955,0.0038564049421863336,0.0038564049421863336,0.02824858757062147,2.824858757062147e-05,-0.013407828522674827,-0.011921005238621772,-0.0014868232840530553,-0.005300565953413406,-0.016938121475715218,1.0,1.0
2016-03-02,-0.009177050255655381,-0.009230016357350296,0.05296610169491525,5.296610169491525e-05,-0.004098462413677771,-0.005078587841977611,-0.43941743144613626,0.9915254237288136,5.296610169491442e-05,-0.009230016357350296,0.014456109202363203,0.0013813979281607448,-0.0009376683905527257,-0.0062441171057585725,-0.00912853738508307,-0.004098462413677771,-0.004123179927802064,-0.004123179927802065,0.024717514124293787,2.4717514124293784e-05,-0.005078587841977611,-0.005106836429548232,-0.005106836429548232,0.02824858757062147,2.824858757062147e-05,-0.003391944797139458,-0.0005090898385248597,-0.0028828549586145985,0.022580523889464976,-0.008654096712178984,1.0,1.0
2016-03-03,-0.0071866075624706415,-0.007239573664165557,0.05296610169491525,5.296610169491525e-05,-0.0009986670586881175,-0.006187940503782524,-0.2999384445795193,0.9915254237288136,5.2966101694915287e-05,-0.007239573664165557,0.014429310730129376,0.008120004921466384,0.005395665587790824,-0.00021574627300888362,-0.0028703414335690246,-0.0009986670586881175,-0.0010198534993660837,-0.0010198534993660837,0.0211864406779661,2.11864406779661e-05,-0.006187940503782524,-0.006219720164799473,-0.006219720164799473,0.03177966101694915,3.177966101694915e-05,0.004329233007131087,0.004515512792130928,-0.00018627978499984044,0.0162742865506647,-0.005110482496592349,1.0,1.0
2016-03-04,-0.0026095156487235993,-0.0026518885300795313,0.0423728813559322,4.23728813559322e-05,-0.0021238992225356356,-0.00048561642618796363,-0.16133291718840984,0.9915254237288136,4.237288135593197e-05,-0.0026518885300795317,0.0012407617518430474,0.0004181745844966336,-0.001799999765729426,-0.00470364692633513,-0.004004387939835168,-0.0021238992225356356,-0.0021486167366599296,-0.0021486167366599296,0.024717514124293787,2.4717514124293784e-05,-0.00048561642618796363,-0.000503271793419602,-0.0005032717934196021,0.01765536723163842,1.765536723163842e-05,-0.0007009980429667211,-0.0018039789303880437,0.0011029808874213226,0.0043418552150715,-0.0052579402267939395,1.0,1.0
2016-03-07,0.004972816294062282,0.004923381265813694,0.04943502824858757,4.943502824858757e-05,-0.00039427215550082596,0.005367088449563108,0.2601294841332668,0.9915254237288136,4.943502824858795e-05,0.004923381265813694,-0.013778312460260608,-0.0044897822381173265,-0.003944747273944056,-0.0005187482217034529,-0.0009187021896607538,-0.00039427215550082596,-0.0004189896696251197,-0.0004189896696251197,0.024717514124293787,2.4717514124293784e-05,0.005367088449563108,0.005342370935438814,0.005342370935438814,0.024717514124293787,2.4717514124293784e-05,-0.0033536393755245753,-0.0047122160877456415,0.0013585767122210662,-0.019294191719592586,-0.0009638211206665194,1.0,1.0
2016-03-08,0.001103114365745923,0.0010430861171583524,0.06002824858757062,6.002824858757062e-05,0.0035899531276518157,-0.0024868387619058924,0.06289376503764546,0.9915254237288136,6.0028248587570615e-05,0.0010430861171583524,0.0041461123419040055,0.006604086487039751,0.005280257850044654,0.003711846990694764,0.008865451759877265,0.0035899531276518157,0.003554642393188539,0.003554642393188539,0.03531073446327684,3.531073446327684e-05,-0.0024868387619058924,-0.0025115562760301864,-0.0025115562760301864,0.024717514124293787,2.4717514124293784e-05,0.014875849384606805,0.005730754646801585,0.00914509473780522,0.003260312167781889,0.01023980949554452,0.9947089947089947,1.0
2016-03-09,0.0005630222339402113,0.0005100561322452961,0.05296610169491525,5.296610169491525e-05,-0.0033240455839888224,0.0038870678179290337,0.004727053572181197,0.9915254237288136,5.296610169491518e-05,0.000510056132245296,-0.009142351884819924,-0.004942429297438503,-0.007009927611273868,-0.00860194557269447,-0.0056534554470420465,-0.0033240455839888224,-0.0033522941715594438,-0.0033522941715594438,0.02824858757062147,2.824858757062147e-05,0.0038870678179290337,0.0038623503038047397,0.0038623503038047397,0.024717514124293787,2.4717514124293784e-05,0.0048583445096651605,-0.0071654464413842146,0.012023790951049374,-0.012596562655129004,-0.0011868163133249366,0.9947089947089947,1.0
2016-03-10,-0.00396577296229483,-0.004018739063989745,0.05296610169491525,5.296610169491525e-05,0.0031839826372320585,-0.007149755599526888,-0.2740548468396262,0.9915254237288136,5.2966101694915287e-05,-0.004018739063989745,0.017023066700697854,0.008672754238717419,0.008102235998420268,0.005770222521445947,0.006636878151117467,0.0031839826372320585,0.003152202976215109,0.0031522029762151094,0.03177966101694915,3.177966101694915e-05,-0.007149755599526888,-0.007170942040204855,-0.007170942040204854,0.0211864406779661,2.11864406779661e-05,-0.011383920222150078,0.009548710300927228,-0.020932630523077304,0.022026039904660528,0.0060681630532906615,1.0,0.9947089947089947
2016-03-11,-0.004130316388078199,-0.004183282489773114,0.05296610169491525,5.296610169491525e-05,-0.004639090924470991,0.0005087745363927922,-0.28661728028531563,0.9915254237288136,5.2966101694915287e-05,-0.004183282489773114,0.00012514421959439732,-0.003318588288678862,-0.005387577240590701,-0.006601439545884709,-0.010563398854248458,-0.004639090924470991,-0.0046673395120416135,-0.004667339512041613,0.02824858757062147,2.824858757062147e-05,0.0005087745363927922,0.00048405702226849844,0.00048405702226849844,0.024717514124293787,2.4717514124293784e-05,0.00961456160235637,-0.005340580744378082,0.014955142346734451,0.0026357004689299165,-0.010568434087369185,1.0,0.9947089947089947
2016-03-14,0.0022360576566168187,0.002176029408029248,0.06002824858757062,6.002824858757062e-05,0.0007073149901567457,0.001528742666460073,0.19552122854223597,0.9915254237288136,6.002824858757083e-05,0.002176029408029248,-0.0042939297924173645,-0.0005322679332307034,0.003310092521212836,0.001461103722641689,0.0013856813710340105,0.0007073149901567457,0.0006684731822471411,0.0006684731822471411,0.03884180790960452,3.884180790960452e-05,0.001528742666460073,0.0015075562257821067,0.0015075562257821067,0.0211864406779661,2.11864406779661e-05,0.009944257841263892,4.5786092936687024e-05,0.009898471748327205,-0.0032569587341458083,0.0019362462620105502,1.0,1.0
2016-03-15,0.002841656485719471,0.0027816282371319005,0.06002824858757062,6.002824858757062e-05,0.0033121740746120953,-0.00047051758889262417,0.1741529046946966,0.9915254237288136,6.00282485875704e-05,0.0027816282371319,-0.000868909821315714,0.004591425834029448,0.00676091015586322,0.0070593520046802844,0.006381243723264968,0.0033121740746120953,0.0032839254870414736,0.003283925487041474,0.02824858757062147,2.824858757062147e-05,-0.00047051758889262417,-0.0005022972499095734,-0.0005022972499095734,0.03177966101694915,3.177966101694915e-05,0.015557736685366388,0.004599803485518001,0.010957933199848387,-0.00045096084731018147,0.0080670992073005,1.0,0.9947089947089947
2016-03-16,-0.00016298579415172635,-0.00020888974895398626,0.04590395480225989,4.5903954802259884e-05,-0.0014155947007300552,0.0012526089065783288,-0.020174209566588164,0.9915254237288136,4.5903954802259904e-05,-0.00020888974895398623,-0.0023243371552848376,-0.0028495066508707053,-0.0022682090335816437,-0.0036122004537059178,-0.0024328736623428792,-0.0014155947007300552,-0.0014332500679616936,-0.0014332500679616936,0.01765536723163842,1.765536723163842e-05,0.0012526089065783288,0.0012243603190077075,0.0012243603190077073,0.02824858757062147,2.824858757062147e-05,-0.016676956363509403,-0.0027059700530920727,-0.01397098631041733,-0.0024841289517302054,-0.005822688911453606,1.0,0.9947089947089947
2016-03-17,-0.0012951032012497193,-0.0013445382294983068,0.04943502824858757,4.943502824858757e-05,0.00198756825014667,-0.0032826714513963895,-0.03574335252969622,0.9915254237288136,4.9435028248587514e-05,-0.0013445382294983068,0.00690037977730269,0.005832265450887275,0.006903304506208916,0.007067389496713995,0.0024285476010103076,0.00198756825014667,0.001955788589129721,0.001955788589129721,0.03177966101694915,3.177966101694915e-05,-0.0032826714513963895,-0.003300326818628028,-0.003300326818628028,0.01765536723163842,1.765536723163842e-05,0.01663931115250584,0.0055701434211322945,0.011069167731373546,0.0053465202684283624,0.0007903682847012801,1.0,0.9947089947089947
2016-03-18,0.0021276771745288507,0.002088835366619246,0.03884180790960452,3.884180790960452e-05,-0.0006976255552200354,0.0028253027297488863,0.12425044823914554,0.9915254237288136,3.884180790960463e-05,0.002088835366619246,-0.006594357448387246,-0.0036949313929382156,-0.004367030668766582,-0.003232373153510497,-0.0004804844107717967,-0.0006976255552200354,-0.0007152809224516739,-0.0007152809224516739,0.01765536723163842,1.765536723163842e-05,0.0028253027297488863,0.00280411628907092,0.00280411628907092,0.0211864406779661,2.11864406779661e-05,-0.001979923194707126,-0.0035989803579483345,0.0016190571632412084,-0.008753205523938563,0.000900806219102467,1.0,1.0
2016-03-22,0.0032091323188869056,0.003145572996853007,0.0635593220338983,6.35593220338983e-05,0.0005717964307805975,0.002637335888106308,0.20489524179743812,0.9915254237288136,6.35593220338986e-05,0.0031455729968530074,-0.007675423211154554,-0.0003771982649366757,0.0014142494338738802,0.0011511605785037434,0.0011350337053409394,0.0005717964307805975,0.0005258924759783376,0.0005258924759783376,0.04590395480225989,4.5903954802259884e-05,0.002637335888106308,0.0026196805208746695,0.0026196805208746695,0.01765536723163842,1.765536723163842e-05,0.002384235272777335,-0.0006606381507004709,0.0030448734234778062,-0.009327960327709826,0.001558621923999146,0.9841269841269841,1.0
2016-03-23,0.005609527047003425,0.005542436651523199,0.067090395480226,6.709039548022598e-05,0.0044783401857090505,0.0011311868612943739,0.3255454943306358,0.9915254237288136,6.709039548022638e-05,0.005542436651523199,-0.00539876133158441,0.004096387391105368,0.006083140451462959,0.007573399935775422,0.009603327827487983,0.0044783401857090505,0.004443029451245774,0.004443029451245774,0.03531073446327684,3.531073446327684e-05,0.0011311868612943739,0.0010994072002774248,0.0010994072002774248,0.03177966101694915,3.177966101694915e-05,0.009041279174319813,0.004464341202205476,0.0045769379721143375,-0.009320272804730627,0.012016666764859804,0.9894179894179894,1.0
2016-03-24,-0.0034634854299463416,-0.003512920458194929,0.04943502824858757,4.943502824858757e-05,-0.0016612638126513896,-0.0018022216172949523,-0.22207433720200073,0.9978813559322034,4.9435028248587514e-05,-0.003512920458194929,0.007210805771063704,-0.0037156890687898166,-0.0034652493488250744,-0.004125863968390482,-0.0029110979497739037,-0.0016612638126513896,-0.0016753881064367003,-0.0016753881064367003,0.014124293785310734,1.4124293785310734e-05,-0.0018022216172949523,-0.0018375323517582291,-0.0018375323517582291,0.03531073446327684,3.531073446327684e-05,-0.010683265619558322,-0.0011653539741465042,-0.009517911645411818,0.011774640588370118,-0.00426136954328644,0.9894179894179894,1.0
2016-03-25,0.001965953584283633,0.0018918010419107516,0.07415254237288135,7.415254237288135e-05,-0.0034570393873917674,0.0054229929716754005,0.10605572505102404,0.9978813559322034,7.415254237288149e-05,0.0018918010419107518,-0.011669019146758627,-0.009090101928434124,-0.01019149539139649,-0.007248421421994703,-0.0067195552386905,-0.0034570393873917674,-0.003502943342194027,-0.003502943342194027,0.04590395480225989,4.5903954802259884e-05,0.0054229929716754005,0.005394744384104779,0.005394744384104779,0.02824858757062147,2.824858757062147e-05,0.002361417520828327,-0.00890905581535171,0.011270473336180038,-0.012506710556508049,-0.004128525778178261,0.9894179894179894,1.0
2016-03-28,0.00182182614915269,0.0017441425333334809,0.07768361581920905,7.768361581920904e-05,0.0009859198983413276,0.0008359062508113623,0.10620043262973895,0.9978813559322034,7.768361581920904e-05,0.0017441425333334809,-0.002695238611666753,0.0004110429335864622,-0.0014133462546046262,0.0019040168566049785,0.0019970918205245262,0.0009859198983413276,0.0009364848700927401,0.0009364848700927401,0.04943502824858757,4.943502824858757e-05,0.0008359062508113623,0.0008076576632407408,0.0008076576632407409,0.02824858757062147,2.824858757062147e-05,0.012689828622576269,0.00010829598003671798,0.01258153264253955,-0.004347312349367271,0.002518442258492945,1.0,1.0
2016-03-29,0.00418329394464379,0.0041197346226098915,0.0635593220338983,6.35593220338983e-05,0.004794473951354085,-0.000611180006710296,0.27600777056732795,0.9978813559322034,6.355932203389817e-05,0.0041197346226098915,-0.00039746775670620316,0.004486076910371172,0.0025439080051378486,0.007800056064331634,0.010433604084209371,0.004794473951354085,0.004762694290337137,0.004762694290337136,0.03177966101694915,3.177966101694915e-05,-0.000611180006710296,-0.000642959667727245,-0.0006429596677272452,0.03177966101694915,3.177966101694915e-05,0.01678123232683947,0.005058358279861583,0.011722874046977885,-0.002009369999326986,0.011837366183199792,0.9947089947089947,1.0
