Date,gross,net,turnover,cost_all,long,short,rankic,label_coverage,cost,net_all_cost,q1,q2,q3,q4,q5,long_turnover,long_cost,long_net,short_turnover,short_cost,short_net
2008-11-04,0.008459557260794899,0.00746619270185657,1.0031225604996097,0.0010031225604996098,-0.012482416664299863,0.020941973925094764,0.20856901591384594,0.990632318501171,0.0009933645589383288,0.007456434700295289,-0.04385378061653561,-0.03956743877224205,-0.03739517949308713,-0.02897044671497814,-0.023037632411215616,0.5015612802498048,0.0004996096799375488,-0.012982026344237412,0.5015612802498048,0.0004937548790007807,0.020448219046093983
2008-11-05,-0.0011458610219535236,-0.0011458610219535236,0.0,0.0,0.007406193815189841,-0.008552054837143365,0.023197729836891483,0.990632318501171,0.0,-0.0011458610219535236,0.016252716523943635,0.01943078261799681,0.0055622495321142286,0.01004355297391576,0.017158577099385758,0.0,0.0,0.007406193815189841,0.0,0.0,-0.008552054837143365
2008-11-06,-0.0028124502876217894,-0.0028124502876217894,0.0,0.0,0.011588963577224349,-0.01440141386484614,-0.08372732674912466,0.990632318501171,0.0,-0.0028124502876217894,0.030933124709015505,0.02567670015567714,0.03617737155522438,0.0319252280289114,0.01893294059616976,0.0,0.0,0.011588963577224349,0.0,0.0,-0.01440141386484614
2008-11-07,-0.00039501436012315245,-0.00039501436012315245,0.0,0.0,-0.006636979421163193,0.006241965061040041,0.013760279502258685,0.990632318501171,0.0,-0.00039501436012315245,-0.012949739276563912,-0.012033255280166822,-0.019142571874356053,-0.021063825797896632,-0.009485040048725017,0.0,0.0,-0.006636979421163193,0.0,0.0,0.006241965061040041
2008-11-10,-0.001990323341185974,-0.001990323341185974,0.0,0.0,0.0031119676147751815,-0.0051022909559611555,-0.05017568223220266,0.9882903981264637,0.0,-0.001990323341185974,0.013254205457909826,0.004615563915543396,0.016732640619672903,0.0035339560351340662,0.00754488313290431,0.0,0.0,0.0031119676147751815,0.0,0.0,-0.0051022909559611555
2008-11-11,-0.0031889060184010615,-0.0031889060184010615,0.0,0.0,-0.0013255682681682101,-0.0018633377502328512,-0.11846568801336126,0.9882903981264637,0.0,-0.0031889060184010615,0.00672763019915687,-0.002088900121893348,-0.0026787791118333183,-0.007516956476794113,-0.00027788858464351953,0.0,0.0,-0.0013255682681682101,0.0,0.0,-0.0018633377502328512
2008-11-12,-0.005143502522954149,-0.005143502522954149,0.0,0.0,0.013300382569548847,-0.018443885092502995,-0.12168257024195518,0.9882903981264637,0.0,-0.005143502522954149,0.04255172917904323,0.027404240706181807,0.016176192854015586,0.02827694467781023,0.02581309695174866,0.0,0.0,0.013300382569548847,0.0,0.0,-0.018443885092502995
2008-11-13,-0.0035648008278231125,-0.0035648008278231125,0.0,0.0,-0.011639750428652045,0.008074949600828933,-0.09391502933467276,0.990632318501171,0.0,-0.0035648008278231125,-0.018623366852252774,-0.011869159344544458,-0.01636723068337947,-0.019008705603442727,-0.02539230726134953,0.0,0.0,-0.011639750428652045,0.0,0.0,0.008074949600828933
2008-11-14,-0.0021955673824201544,-0.0021955673824201544,0.0,0.0,0.002333637872141017,-0.004529205254561171,-0.053661744682119455,0.990632318501171,0.0,-0.0021955673824201544,0.008261764755401068,0.010973979923879586,0.007562608679650488,0.006024684544072357,0.004009782232459181,0.0,0.0,0.002333637872141017,0.0,0.0,-0.004529205254561171
2008-11-17,-0.0001575128446624761,-0.0001575128446624761,0.0,0.0,0.0038507923684988226,-0.004008305213161299,0.014367679412076208,0.990632318501171,0.0,-0.0001575128446624761,0.010383335335501068,0.0036406500571725866,0.0072438435910244,0.011610607581649902,0.005801482399768632,0.0,0.0,0.0038507923684988226,0.0,0.0,-0.004008305213161299
2008-11-18,-0.0066145622244399415,-0.0066145622244399415,0.0,0.0,-0.0012622580837010314,-0.00535230414073891,-0.10427889567336046,0.9882903981264637,0.0,-0.0066145622244399415,0.010630983850591148,0.011387087557325055,-0.007805724580877219,-0.002434311081352645,-0.0025715052979929445,0.0,0.0,-0.0012622580837010314,0.0,0.0,-0.00535230414073891
2008-11-19,-0.001580364808312014,-0.001580364808312014,0.0,0.0,-0.0016314581302768554,5.1093321964841324e-05,0.007784883735319861,0.9882903981264637,0.0,-0.001580364808312014,-0.0007511324390845922,0.0011905956141836527,0.0019598952771035317,0.003354772162971367,-0.006498604695601485,0.0,0.0,-0.0016314581302768554,0.0,0.0,5.1093321964841324e-05
2008-11-20,0.009659675762853915,0.009659675762853915,0.0,0.0,0.01584456078256593,-0.006184885019712016,0.09326957774687136,0.990632318501171,0.0,0.009659675762853915,0.01036194890467435,0.016803854919001722,0.03755487166506737,0.027680975262065498,0.033683436180077214,0.0,0.0,0.01584456078256593,0.0,0.0,-0.006184885019712016
2008-11-21,-0.001130172381497722,-0.001130172381497722,0.0,0.0,-0.00956258039319134,0.008432408011693617,-0.007039243329699398,0.990632318501171,0.0,-0.001130172381497722,-0.016354561392176677,-0.018508230015366216,-0.03482441233493413,-0.032049804456948244,-0.01283536406446273,0.0,0.0,-0.00956258039319134,0.0,0.0,0.008432408011693617
2008-11-25,0.002399295820473059,0.002399295820473059,0.0,0.0,0.006394519900611736,-0.003995224080138677,0.03503528976035687,0.990632318501171,0.0,0.002399295820473059,0.006064955657164984,0.012096944332462835,0.016884110859540828,0.00827500381659916,0.015008439979529793,0.0,0.0,0.006394519900611736,0.0,0.0,-0.003995224080138677
2008-11-26,0.0009401888332763378,0.0009401888332763378,0.0,0.0,-0.0019109173684821739,0.0028511062017585118,0.008126728576746746,0.990632318501171,0.0,0.0009401888332763378,-0.007593939620171271,-0.0021779407246151515,-0.004433087228704815,-0.005361140497594149,-0.003074524754723008,0.0,0.0,-0.0019109173684821739,0.0,0.0,0.0028511062017585118
2008-11-27,-0.0005721409629972269,-0.0005721409629972269,0.0,0.0,-0.0014150261858672062,0.0008428852228699791,-0.035661239863191536,0.990632318501171,0.0,-0.0005721409629972269,-0.002248986181599335,-0.0006360554081163408,0.0009932632277168093,-0.00022253576949285385,-0.004106781470935795,0.0,0.0,-0.0014150261858672062,0.0,0.0,0.0008428852228699791
2008-11-28,0.003569158535508895,0.003569158535508895,0.0,0.0,0.0002023372848221009,0.003366821250686794,0.11465319383588185,0.990632318501171,0.0,0.003569158535508895,-0.00703853223000078,-0.006384538755432731,2.906396290033979e-05,0.00014789587268568643,0.0005305486711467832,0.0,0.0,0.0002023372848221009,0.0,0.0,0.003366821250686794
2008-12-01,-0.0010474274780786757,-0.0010474274780786757,0.0,0.0,0.007026874434047177,-0.008074301912125853,-0.0407994847802801,0.990632318501171,0.0,-0.0010474274780786757,0.01897313348891074,0.011173951454544502,0.007966089830418542,0.008067503444457017,0.01699360564343828,0.0,0.0,0.007026874434047177,0.0,0.0,-0.008074301912125853
2008-12-02,-0.003912936032519661,-0.003912936032519661,0.0,0.0,-0.0033625496636399466,-0.0005503863688797149,-0.0940369532528794,0.990632318501171,0.0,-0.003912936032519661,0.003178269035122805,-0.0029638967351372386,-0.020014611820032637,-0.012211283377372087,-0.004053620022964263,0.0,0.0,-0.0033625496636399466,0.0,0.0,-0.0005503863688797149
2008-12-03,-0.0028437820869907054,-0.0028437820869907054,0.0,0.0,0.00249842709185162,-0.005342209178842325,-0.04270238577679013,0.990632318501171,0.0,-0.0028437820869907054,0.011385017723160426,0.009701941244092422,-0.011260978718688175,-0.004163129096891512,0.009476144686067774,0.0,0.0,0.00249842709185162,0.0,0.0,-0.005342209178842325
2008-12-04,0.0008948196062845545,1.659946576933194e-05,0.8821233411397346,0.0008821233411397346,0.0043682044518230274,-0.0034733848455384725,0.02587958039146298,0.990632318501171,0.0008782201405152226,1.269626514481992e-05,0.003952025897890443,0.013253180005021169,0.012178744444125176,0.005063824700179716,0.010540155152901296,0.4566744730679157,0.0004566744730679157,0.003911529978755112,0.42544886807181886,0.0004215456674473068,-0.0038949305129857793
2008-12-05,-0.0022055499263562827,-0.003116947272179858,0.9133489461358314,0.0009133489461358314,-0.0027362585885479635,0.0005307086621916808,-0.06540671218915743,0.990632318501171,0.0009113973458235755,-0.0031188988724921143,-0.0013054978258636519,-0.0005709577404634843,0.0021295386854676304,-0.0015987282491204378,-0.007361436044167089,0.4566744730679157,0.00045472287275565964,-0.003190981461303623,0.4566744730679157,0.0004566744730679157,7.40341891237651e-05
2008-12-08,0.002920382059025488,0.0019309207007116708,0.9914129586260734,0.0009914129586260734,0.0020957363386020006,0.0008246457204234875,0.08388333862885852,0.990632318501171,0.0009894613583138173,0.0019289691003994147,-0.001632370252651064,-0.0017082022131206262,0.0039962812256088,0.001078051690015436,0.005716854406618421,0.5191256830601093,0.0005171740827478533,0.0015785622558541473,0.4722872755659641,0.0004722872755659641,0.0003523584448575234
2008-12-09,0.0028430643896556695,0.0018867802366502049,0.9562841530054644,0.0009562841530054645,-0.002242501820268342,0.005085566209924012,0.06984528187731759,0.990632318501171,0.0009562841530054646,0.0018867802366502049,-0.006925200523393566,-0.01704469440893217,0.0055621412202545096,-0.007936412613989344,-0.0028046469368046144,0.48009367681498827,0.0004800936768149883,-0.00272259549708333,0.47619047619047616,0.0004761904761904762,0.0046093757337335355
2008-12-10,0.005164103287846869,0.004172931999352921,0.9911849679353892,0.0009911849679353892,0.0011256287151954866,0.004038474572651382,0.10095522395632174,0.9883177570093458,0.0009911712884939482,0.00417291831991148,-0.009439580746094715,-0.005428345207053723,-0.005298626022802199,-0.00181909285851539,0.004249573885114504,0.5111505686999789,0.0005111460088861651,0.0006144827063093215,0.4800343992354104,0.000480025279607783,0.0035584492930435994
2008-12-11,5.529036876547694e-05,-0.0009571706904245544,1.0124610591900312,0.001012461059190031,0.008412736401173373,-0.008357446032407895,-0.00776492053858345,0.9883177570093458,0.0010124610591900312,-0.000957170690424554,0.015622090161839512,0.019341985233834926,0.013412951090365322,0.02149512600152332,0.01462320250880631,0.5062305295950156,0.0005062305295950155,0.007906505871578358,0.5062305295950156,0.0005062305295950155,-0.00886367656200291
2008-12-12,-5.907789799980027e-05,-0.001139685374635314,1.0825545171339563,0.0010825545171339564,-0.007843987173077712,0.007784909275077912,0.016192733017377565,0.9883177570093458,0.0010806074766355137,-0.0011416324151337566,-0.01559631741362052,-0.015663842958777218,-0.021838497115528484,-0.020804250565327847,-0.013262295143053337,0.5257009345794392,0.0005257009345794393,-0.00836968810765715,0.5568535825545171,0.0005549065420560747,0.007230002733021838
2008-12-15,7.230128019061611e-05,-0.0011114993428623433,1.1876947040498442,0.0011876947040498442,0.009705642060371772,-0.009633340780181156,0.0038194371776309405,0.9883177570093458,0.0011838006230529593,-0.0011153934238592282,0.02119029758156857,0.015328854596132329,0.01501015522656828,0.017985460855402084,0.020093334822661426,0.6113707165109035,0.0006094236760124611,0.009096218384359311,0.5763239875389408,0.0005743769470404985,-0.010207717727221654
2008-12-16,0.0036891320917138296,0.0023203626213088454,1.3746105919003115,0.0013746105919003114,-0.005412671414116881,0.009101803505830711,0.1478141213582166,0.9883177570093458,0.0013687694704049842,0.002314521499813518,-0.020743909584929585,-0.013334142554057408,-0.025992214349087057,-0.015609225961285458,-0.008539378241525885,0.677570093457944,0.0006756230529595016,-0.006088294467076383,0.6970404984423676,0.0006931464174454829,0.008408657088385228
2008-12-17,0.000750863009338041,-6.535744556039819e-06,0.7593457943925234,0.0007593457943925234,0.0009279260845195522,-0.00017706307518151133,-0.003105666182122384,0.985981308411215,0.0007573987538940809,-8.482785054482337e-06,0.000627750702712893,-0.0002077259201633342,-0.0030353122004390183,0.006065130280166203,-0.00019120992165534318,0.3660436137071651,0.0003660436137071651,0.0005618824708123871,0.39330218068535827,0.00039135514018691586,-0.0005684182153684272
2008-12-18,-0.0014394236902375204,-0.0024363084254400125,1.0046728971962617,0.0010046728971962616,-0.0006311404803995623,-0.000808283209837958,-0.019306003886094648,0.985981308411215,0.0009968847352024922,-0.002444096587433782,0.005191464616923057,-0.005756598283590247,-0.00035441161085375235,-0.003963851656570561,7.51390592663669e-05,0.5101246105919003,0.0005042834890965731,-0.0011354239694961355,0.4945482866043614,0.000492601246105919,-0.001300884455943877
2008-12-19,-0.0016746060854853616,-0.0026851201041769505,1.0124610591900312,0.001012461059190031,-0.004534192495040476,0.0028595864095551145,-0.019890880471434922,0.9883177570093458,0.001010514018691589,-0.0026870671446753928,-0.003972539821789137,-0.009462731693973199,-0.009070694498596113,-0.004367878779134817,-0.011406159581427116,0.4984423676012461,0.0004964953271028037,-0.0050306878221432795,0.514018691588785,0.000514018691588785,0.0023455677179663294
2008-12-22,0.0009166598573047593,4.633275450102118e-05,0.8917445482866043,0.0008917445482866044,0.0074150493181881615,-0.006498389460883402,0.03541574324052061,0.969626168224299,0.0008703271028037381,2.491530901815495e-05,0.011688936811596778,0.017609330044280943,0.0170622014497561,0.015868600291678258,0.014654561797718494,0.4517133956386293,0.00044003115264797506,0.006975018165540186,0.4400311526479751,0.00043029595015576323,-0.006928685411039165
2008-12-24,2.974028785777345e-05,-0.0007023469395565566,0.7515576323987538,0.0007515576323987538,-0.004285847393910878,0.004315587681768651,0.026244778444883213,0.969626168224299,0.0007320872274143301,-0.0007218173445409804,-0.008635742982146331,-0.009969456954252118,-0.01216023835921968,-0.008965596646181835,-0.008570980587526674,0.3660436137071651,0.0003582554517133956,-0.0046441028456242735,0.3855140186915888,0.00037383177570093456,0.003941755906067716
2008-12-25,-0.0008752048567819293,-0.0014028528318598109,0.5490654205607477,0.0005490654205607476,-0.0009535356725747364,7.833081579280719e-05,0.0015655316340069743,0.9719626168224299,0.0005276479750778815,-0.001424270277342677,0.0014166676773620566,-0.0032785421599200856,-0.0031361265854688656,-0.002346370193194095,-0.0017838091415813269,0.22585669781931464,0.00021806853582554515,-0.0011716042084002815,0.32320872274143303,0.0003095794392523364,-0.00023124862345952923
2008-12-26,-0.001283092830881685,-0.0015946193106324638,0.32710280373831774,0.0003271028037383177,-0.002591688730191193,0.001308595899309508,0.01151814616324831,0.969626168224299,0.0003115264797507787,-0.0016101956346200028,-0.004154579625700251,0.0003155429662473056,-0.004806143744500048,-0.0070981957771222865,-0.004500818296900544,0.1557632398753894,0.00014797507788161994,-0.002739663808072813,0.17133956386292834,0.00016355140186915886,0.0011450444974403491
2008-12-29,0.0008808904130109914,0.0006745041201761003,0.20638629283489096,0.00020638629283489096,0.003038661562918328,-0.0021577711499073367,0.041063921236786614,0.969626168224299,0.00020638629283489102,0.0006745041201761004,0.006121502278584305,0.0009734009730517682,0.01493375608760793,0.004367955137421402,0.007183644122522141,0.09345794392523364,9.345794392523364e-05,0.0029452036189930946,0.11292834890965732,0.00011292834890965731,-0.002270699498816994
2008-12-30,0.001301361763605448,0.0011144458757549806,0.18691588785046728,0.00018691588785046728,-0.0054644746746949115,0.0067658364383003594,0.04788860766851007,0.985981308411215,0.00018691588785046736,0.0011144458757549806,-0.018507708690247364,-0.004352839699398895,0.006096878128296265,-0.0015873940114454626,-0.01554193660442958,0.0895638629283489,8.95638629283489e-05,-0.00555403853762326,0.09735202492211838,9.735202492211838e-05,0.006668484413378241
2009-01-05,-0.004399728886783044,-0.004539915802670894,0.14018691588785046,0.00014018691588785047,-0.0037229069443890234,-0.0006768219423940203,-0.1295616827213038,0.9883177570093458,0.0001401869158878504,-0.004539915802670894,-0.0011478870651833303,0.006358362077227862,0.031970919518780075,0.011362107375700268,-0.016665709454633863,0.07398753894080996,7.398753894080997e-05,-0.0037968944833298335,0.0661993769470405,6.61993769470405e-05,-0.0007430213193410608
2009-01-06,0.0020384233196944165,0.0018359311078564103,0.20249221183800623,0.00020249221183800623,-0.007354416168295212,0.009392839487989628,0.028302838084402426,0.9883177570093458,0.0002024922118380062,0.0018359311078564103,-0.01808537534674735,-0.021009638856210797,0.00611598641220454,0.005698783984328916,-0.02474375580651192,0.09735202492211838,9.735202492211838e-05,-0.00745176819321733,0.10514018691588785,0.00010514018691588785,0.00928769930107374
2009-01-07,0.0022670628446413554,0.0013149600409030377,0.9579439252336448,0.0009579439252336449,0.004870955103867071,-0.0026038922592257156,0.03676378723277417,0.9883177570093458,0.0009521028037383177,0.0013091189194077105,0.004179791113229178,0.0074510240103964915,0.006624816682511605,0.008902716156502967,0.01014530039560102,0.4984423676012461,0.0004964953271028037,0.004374459776764267,0.45950155763239875,0.000455607476635514,-0.0030594997358612294
2009-01-08,0.0015358167323115581,0.0003675924332461373,1.1682242990654206,0.0011682242990654205,-0.0006287622729523354,0.0021645790052638933,0.07817320870140404,0.9883177570093458,0.001168224299065421,0.00036759243324613767,-0.008309529487570612,0.0038254372862483095,-0.004736297859354347,-0.00031466174764190123,-0.001722011946736964,0.6503115264797508,0.0006503115264797507,-0.001279073799432086,0.5179127725856698,0.0005179127725856697,0.0016466662326782237
2009-01-09,0.00037888592535545397,-0.0008282791836788138,1.2071651090342679,0.0012071651090342678,0.007507904279252231,-0.0071290183538967765,-0.016285325433804985,0.9883177570093458,0.0012071651090342678,-0.0008282791836788138,0.014333717285185833,0.014410415102523146,0.015287506601995288,0.011265003763012975,0.016851943709115365,0.6191588785046729,0.0006191588785046728,0.006888745400747558,0.588006230529595,0.000588006230529595,-0.007717024584426371
2009-01-13,0.0015670543460106659,0.00041440637093278414,1.1526479750778815,0.0011526479750778816,-0.0030306159018226204,0.004597670247833286,0.05966931189248118,0.9883177570093458,0.0011526479750778819,0.00041440637093278425,-0.010091386976479056,-0.007537890112443106,-0.0061462078521999025,-0.005234889754098304,-0.006462550570219431,0.5529595015576324,0.0005529595015576323,-0.0035835754033802527,0.5996884735202492,0.0005996884735202492,0.003997981774313037
2009-01-14,-0.002486479565005832,-0.0036741742690556763,1.1876947040498442,0.0011876947040498442,0.006557398033127698,-0.00904387759813353,-0.08635305107866995,0.9883177570093458,0.0011876947040498445,-0.003674174269055676,0.01927233481516932,0.0160252282673766,0.01657285782800611,0.019318455321283592,0.010033784462240004,0.5802180685358256,0.0005802180685358255,0.0059771799645918725,0.6074766355140186,0.0006074766355140187,-0.009651354233647548
2009-01-15,-0.0008340993544065119,-0.002006217734468817,1.1721183800623052,0.0011721183800623052,-0.0032201947549751345,0.002386095400568623,0.024461679740589028,0.9883177570093458,0.0011721183800623052,-0.002006217734468817,-0.005182993885654366,-0.004024381318066189,-0.004450075664104723,-0.007859884445688275,-0.005731406094603056,0.572429906542056,0.000572429906542056,-0.0037926246615171905,0.5996884735202492,0.0005996884735202492,0.0017864069270483738
2009-01-16,-0.002970037603124178,-0.004247296170102371,1.2811526479750779,0.001281152647975078,-0.0038714784997729824,0.0009014408966488049,-0.12049222382250668,0.9883177570093458,0.001277258566978193,-0.004251190251099256,-0.0017329561674848705,-0.001940136278957982,-0.003540178196465556,-0.009651327290348528,-0.006790863591882436,0.6269470404984424,0.0006269470404984424,-0.004498425540271425,0.6542056074766355,0.0006503115264797507,0.00025112937016905416
2009-01-19,9.23971576310886e-05,-0.001091403465421871,1.1876947040498442,0.0011876947040498442,-0.004162021221374476,0.004254418379005565,-0.00970127530198763,0.9883177570093458,0.0011838006230529597,-0.0010952975464187556,-0.007498903107115674,-0.010786240301606773,-0.005705546404992319,-0.0076158863680205816,-0.008664324174512685,0.5802180685358256,0.0005802180685358255,-0.004742239289910302,0.6074766355140186,0.0006035825545171339,0.0036508358244884314
2009-01-20,0.0015445190108956417,0.0005203757087149564,1.02803738317757,0.00102803738317757,0.009157784397654998,-0.007613265386759356,0.031480945939346895,0.9883177570093458,0.0010241433021806854,0.0005164816277180716,0.015276347328125162,0.01563326258164676,0.016566449452151202,0.016873874163157516,0.0191048409123859,0.5179127725856698,0.0005159657320872274,0.00864181866556777,0.5101246105919003,0.000508177570093458,-0.008121442956852814
2009-01-21,-0.0016986291384504498,-0.002707196116643596,1.0124610591900312,0.001012461059190031,-0.0026918175156221817,0.000993188377171732,-0.016996574714786817,0.9883177570093458,0.0010085669781931463,-0.0027110901976404806,-0.0031867953729640196,0.00045815968234228665,-0.009713951377681088,0.003123065501607009,-0.009581267695698536,0.5373831775700935,0.000535436137071651,-0.003227253652693833,0.4750778816199377,0.0004731308411214953,0.0005200575360502367
2009-01-22,0.0007636120061260104,-0.00042018861692694903,1.1876947040498442,0.0011876947040498442,0.003167596256354802,-0.0024039842502287913,-0.021764449966165715,0.9883177570093458,0.0011838006230529595,-0.00042408269792383385,0.0018852035615818654,0.01071095645088737,0.009736766738759239,0.0073609743748997754,0.005820898926728752,0.5451713395638629,0.0005451713395638629,0.002622424916790939,0.6425233644859814,0.0006386292834890965,-0.003042613533717888
2009-01-23,0.0009313309590777899,-0.00031282791942688316,1.2461059190031152,0.0012461059190031153,0.0019706751375285947,-0.001039344178450805,0.01819475602364591,0.9906542056074766,0.001244158878504673,-0.0003147749599253254,0.0004522071130805085,0.00542889936431531,-0.008383936456624002,0.0034292616294916657,0.0041898343728365975,0.6074766355140186,0.0006074766355140187,0.001363198502014576,0.6386292834890965,0.0006366822429906541,-0.0016760264214414592
2009-01-26,0.0007051587894536307,-0.00040660133515696124,1.1137071651090342,0.0011137071651090343,-0.007474560311865279,0.00817971910131891,0.014971859478436095,0.9906542056074766,0.001111760124610592,-0.0004085483756554036,-0.01858018246845605,-0.011968004117416088,-0.01342283094234704,-0.014850208098285345,-0.0150669575344072,0.5373831775700935,0.000535436137071651,-0.00800999644893693,0.5763239875389408,0.0005763239875389408,0.00760339511377997
2009-01-27,-0.001851979477447144,-0.0029948922500328138,1.144859813084112,0.001144859813084112,0.0034450342232313874,-0.005297013700678531,-0.06268842342235971,0.9906542056074766,0.0011429127725856698,-0.002996839290531256,0.010447223704895857,0.010995520945552456,0.018653868151481654,0.003786551739200898,0.00841577139081142,0.5529595015576324,0.00055101246105919,0.0028940217621721974,0.5919003115264797,0.0005919003115264798,-0.005888914012205012
2009-01-28,-4.85743241961017e-05,-0.0012829980002085628,1.234423676012461,0.001234423676012461,-0.0063939934228571865,0.006345419098661085,-0.00462653788934281,0.9906542056074766,0.0012344236760124612,-0.0012829980002085626,-0.012230637725549985,-0.013754018574734947,-0.022715579147270657,-0.010019645983525317,-0.014141192519649995,0.6035825545171339,0.0006035825545171339,-0.00699757597737432,0.6308411214953271,0.0006308411214953271,0.005714577977165758
2009-01-29,0.0013959487403358106,0.00022383036027350526,1.1721183800623052,0.0011721183800623052,0.006262411862946741,-0.00486646312261093,0.02506623845845042,0.9906542056074766,0.0011721183800623054,0.00022383036027350542,0.008832694802194696,0.01166895183089864,-0.0015967793705581803,0.010786585496440246,0.013369273055883868,0.5841121495327103,0.0005841121495327102,0.0056782997134140305,0.588006230529595,0.000588006230529595,-0.005454469353140525
2009-01-30,-0.005215670813243573,-0.0063761069503152235,1.1604361370716512,0.001160436137071651,0.0035642043515641997,-0.008779875164807773,-0.16790815563479505,0.9906542056074766,0.0011604361370716508,-0.0063761069503152235,0.01843143569147834,0.015942106496559492,0.010283128366248671,0.007787156535710489,0.006794575868767334,0.6230529595015576,0.0006230529595015577,0.0029411513920626423,0.5373831775700935,0.0005373831775700934,-0.009317258342377866
2009-02-02,0.0015225032658523613,0.0002841855088430152,1.2383177570093458,0.0012383177570093457,-0.0008877690137653698,0.002410272279617731,0.045266173912359,0.9906542056074766,0.0012383177570093461,0.00028418550884301563,-0.0037505026692508897,-0.007057492663101352,0.0032202133757170282,-0.0026686815972566157,-0.0013320943587388464,0.6386292834890965,0.0006386292834890965,-0.0015263982972544663,0.5996884735202492,0.0005996884735202492,0.0018105838060974819
2009-02-03,2.5531352609214505e-05,-0.0010414468405372027,1.0669781931464175,0.0010669781931464174,-0.0007156892010325166,0.0007412205536417312,0.009153580340205131,0.9906542056074766,0.0010669781931464172,-0.001041446840537203,-0.00025798103647170777,-0.004003787358062612,0.0018495988155031692,0.003285266570119304,-0.003760614140176985,0.5373831775700935,0.0005373831775700934,-0.00125307237860261,0.5295950155763239,0.000529595015576324,0.00021162553806540723
2009-02-04,-0.0026357630837666214,-0.0036696415884395184,1.0358255451713396,0.0010358255451713395,-0.0008916887875598791,-0.0017440742962067423,-0.0582282885052857,0.9906542056074766,0.001033878504672897,-0.0036715886289379607,0.00676723472123694,-0.003192950160963939,0.016152191169962398,-0.003924530170183087,-0.0007459931802056666,0.5101246105919003,0.000508177570093458,-0.0013998663576533371,0.5257009345794392,0.0005257009345794393,-0.0022697752307861817
2009-02-05,0.003981983965521453,0.002932529136861017,1.0514018691588785,0.0010514018691588785,-0.00018124132965364282,0.004163225295175096,0.10342110027471446,0.9906542056074766,0.0010494548286604363,0.0029305820963625748,-0.009927052286173655,-0.005128327599762627,0.0046642671389444165,0.0013840162548789442,-0.0012251565614815186,0.5529595015576324,0.00055101246105919,-0.0007322537907128329,0.4984423676012461,0.0004984423676012461,0.0036647829275738494
2009-02-06,-0.0012183206187869708,-0.0022424639209676564,1.0241433021806854,0.0010241433021806854,-0.0027334677572632554,0.0015151471384762844,-0.035826386757031196,0.9906542056074766,0.0010241433021806856,-0.0022424639209676564,-0.0011585466085033583,-0.0068917804007005,0.003574197177416417,-0.010307052122979953,-0.0030686605213785575,0.4984423676012461,0.0004984423676012461,-0.0032319101248645017,0.5257009345794392,0.0005257009345794393,0.000989446203896845
2009-02-09,0.005520034856446801,0.0044413744203097285,1.0786604361370717,0.0010786604361370715,-0.0019556431244565704,0.007475677980903371,0.1886942010846892,0.9906542056074766,0.0010786604361370722,0.004441374420309729,-0.017188627187027763,-0.010512670652657093,-0.01276305756545559,-0.0029938037890969277,-0.004360145271207301,0.514018691588785,0.000514018691588785,-0.0024696618160453556,0.5646417445482866,0.0005646417445482866,0.006911036236355084
2009-02-10,-0.0005975123450573495,-0.0015943970802598417,0.9968847352024922,0.0009968847352024922,0.007194894203364727,-0.007792406548422077,0.004879841940790768,0.9906542056074766,0.0009968847352024922,-0.0015943970802598417,0.01673370850505303,0.013380739766672114,0.014630440107034733,0.010447522677429018,0.01632126880968987,0.4633956386292835,0.0004633956386292835,0.006731498564735444,0.5334890965732088,0.0005334890965732087,-0.008325895644995286
2009-02-12,-0.0022076747427826984,-0.0032785470169260007,1.070872274143302,0.001070872274143302,0.0016009970270839345,-0.0038086717698666327,-0.07307845498697271,0.9906542056074766,0.0010708722741433023,-0.0032785470169260002,0.006576234618365116,0.00982168412672265,0.0011229550307825726,-0.0005554323417879082,0.005055138500943495,0.514018691588785,0.000514018691588785,0.0010869783354951496,0.5568535825545171,0.0005568535825545172,-0.00436552535242115
2009-02-13,0.000781358807936141,-0.0003011957091978156,1.0825545171339563,0.0010825545171339564,-0.002771568351304303,0.0035529271592404437,-0.008587778748592973,0.9906542056074766,0.0010825545171339566,-0.00030119570919781547,-0.0049619698704170085,-0.011563387753263887,-0.016330918351953057,-0.008263338845316949,-0.004192405252197381,0.5373831775700935,0.0005373831775700934,-0.003308951528874396,0.5451713395638629,0.0005451713395638629,0.003007755819676581
2009-02-16,0.0007956523252759789,-0.0003122137183377283,1.1098130841121494,0.0011098130841121494,9.122818220263818e-05,0.0007044241430733409,0.022121992112782488,0.9906542056074766,0.0011078660436137071,-0.0003141607588361705,-0.0035223220573345863,0.0029053232616557266,-0.003616980260279183,-0.002201648025856771,0.0013476350497165334,0.5568535825545171,0.0005549065420560747,-0.0004636783598534365,0.5529595015576324,0.0005529595015576323,0.00015146464151570853
2009-02-17,0.003284796885536708,0.0022217127733871753,1.0630841121495327,0.0010630841121495327,0.005485996682149356,-0.0022011997966126474,0.09940696310639872,0.9906542056074766,0.0010630841121495329,0.0022217127733871753,0.0035523775493545213,0.0061848485363247396,0.015341337346688329,0.011411579788003615,0.010808344149765147,0.514018691588785,0.000514018691588785,0.004971977990560571,0.5490654205607477,0.0005490654205607476,-0.002750265217173395
2009-02-18,0.001032790664142209,0.0002130866142979724,0.8216510903426791,0.000821651090342679,-0.0029356140315965227,0.003968404695738731,0.026112514857408238,0.9906542056074766,0.0008197040498442365,0.00021113957379952986,-0.007879305862140458,-0.008219890060794526,-0.0002316056138007053,-0.0015931498911590475,-0.007987830091689617,0.3894080996884735,0.0003894080996884735,-0.0033250221312849963,0.4322429906542056,0.00043029595015576323,0.003538108745582968
2009-02-19,-0.0024716511287719493,-0.0032504673281488965,0.7827102803738317,0.0007827102803738317,-0.0032453779508486115,0.0007737268220766622,-0.05848190741571618,0.9906542056074766,0.0007788161993769471,-0.003254361409145781,-0.000895897509204741,-0.0028963300504209317,-0.00328817548454103,-0.003502905548037141,-0.0079597624649575,0.37383177570093457,0.0003718847352024922,-0.0036172626860511035,0.4088785046728972,0.0004069314641744548,0.00036679535790220744
2009-02-20,-0.0041904712958194725,-0.005181514909526638,0.9929906542056075,0.0009929906542056075,-0.0016340282676933072,-0.0025564430281261653,-0.15204807896663283,0.9906542056074766,0.0009910436137071654,-0.00518346195002508,0.004641143765712504,0.006127528708845809,0.0032953586637314756,-0.0034834582320909325,-0.003178060620881653,0.4984423676012461,0.0004964953271028037,-0.002130523594796111,0.4945482866043614,0.0004945482866043614,-0.0030509913147305267
2009-02-23,0.0015600074723497379,0.0007072037340319807,0.852803738317757,0.0008528037383177569,0.009043102512155177,-0.007483095039805439,0.04357617256092,0.9953271028037384,0.0008528037383177572,0.0007072037340319809,0.018459550554427252,0.007862057848030424,0.01883608438133901,0.0130700124260183,0.02062009538638001,0.4127725856697819,0.00041277258566978193,0.008630329926485394,0.4400311526479751,0.00044003115264797506,-0.007923126192453413
2009-02-24,-0.002005725962390522,-0.002800118485755008,0.794392523364486,0.000794392523364486,-0.010123437591984304,0.008117711629593783,-0.0315523226145688,0.9953271028037384,0.000794392523364486,-0.002800118485755008,-0.012666899231219908,-0.023418235590465204,-0.008931228754994367,-0.016220416291565537,-0.02230745685320717,0.40498442367601245,0.00040498442367601246,-0.010528422015660318,0.3894080996884735,0.0003894080996884735,0.0077283035299053095
2009-02-25,0.0026151293058247053,0.0016299268136128675,0.985202492211838,0.000985202492211838,0.0036268844464060917,-0.0010117551405813864,0.07270973963355834,0.9953271028037384,0.0009852024922118378,0.0016299268136128673,-0.0006597255218620322,0.007448355646621994,0.006861397974492197,0.006474660516555137,0.007668002141183356,0.5062305295950156,0.0005062305295950155,0.003120653916811076,0.47897196261682246,0.0004789719626168224,-0.001490727103198209
2009-02-26,-0.0003857316707265617,-0.0014819154713496148,1.0981308411214954,0.0010981308411214953,-0.006419280550139298,0.006033548879412737,0.0163546369829391,0.9953271028037384,0.0010961838006230532,-0.0014838625118480568,-0.015742946731007894,-0.004600516079212042,-0.010553275623014393,-0.007390393236168775,-0.0155160410783558,0.5529595015576324,0.00055101246105919,-0.006970293011198488,0.5451713395638629,0.0005451713395638629,0.005488377539848874
2009-02-27,0.002908852496438565,0.0017289459543824903,1.1799065420560748,0.0011799065420560746,0.0037797675093222956,-0.0008709150128837304,0.10427936956357237,0.9953271028037384,0.0011799065420560748,0.0017289459543824905,0.0011254870047648048,0.0029849198329122066,0.005392774964507419,0.004260009303311621,0.00918132443027002,0.5919003115264797,0.0005919003115264798,0.003187867197795816,0.588006230529595,0.000588006230529595,-0.0014589212434133253
2009-03-02,0.0009874089618697067,-0.00011072187925178846,1.0981308411214954,0.0010981308411214953,0.005347512991049431,-0.004360104029179724,0.06410280390151904,0.9953271028037384,0.001098130841121495,-0.0001107218792517886,0.010960049356576533,0.004167305177124032,0.01042384272254973,0.011680689712592375,0.010195488643213,0.5529595015576324,0.0005529595015576323,0.004794553489491799,0.5451713395638629,0.0005451713395638629,-0.004905275368743587
2009-03-03,0.00112410490209614,4.7391506457510926e-05,1.0786604361370717,0.0010786604361370715,0.007610567912686384,-0.006486463010590244,0.00012270343371705643,0.9953271028037384,0.0010767133956386293,4.544446595906859e-05,0.01102073628814581,0.016892714831506703,0.028221237854500605,0.014506617846550733,0.015640882446775962,0.5568535825545171,0.0005549065420560747,0.00705566137063031,0.5218068535825545,0.0005218068535825544,-0.0070082698641727986
2009-03-04,0.00012200278386903458,-0.0008437293033583795,0.9657320872274143,0.0009657320872274143,-0.005099243612384809,0.005221246396253844,0.010501970356371595,0.9953271028037384,0.0009657320872274141,-0.0008437293033583797,-0.012853119386287167,-0.005539948407936254,-0.01150982475636689,-0.010973568568244062,-0.009867393951094981,0.44781931464174457,0.00044781931464174453,-0.005547062927026554,0.5179127725856698,0.0005179127725856697,0.004703333623668174
2009-03-05,-0.0007359812183758411,-0.0018399531809926634,1.1059190031152648,0.0011059190031152647,0.006503686364697674,-0.007239667583073515,-0.05275215419809115,0.9953271028037384,0.0011039719626168222,-0.0018419002214911059,0.017723645404749754,0.007880308953524697,0.014173460630802607,0.01091923954209822,0.014024174161804516,0.5295950155763239,0.0005276479750778816,0.0059760383896197925,0.5763239875389408,0.0005763239875389408,-0.007815991570612456
2009-03-06,0.0011408095951423985,5.8255078008442124e-05,1.0825545171339563,0.0010825545171339564,0.0026014567749395386,-0.0014606471797971399,0.04615193572233788,0.9953271028037384,0.0010825545171339564,5.825507800844205e-05,0.003078322980606798,0.0025966686926993153,0.007444394742793686,-0.001720345446529496,0.008618241642813686,0.5257009345794392,0.0005257009345794393,0.0020757558403600995,0.5568535825545171,0.0005568535825545172,-0.002017500762351657
2009-03-09,0.004423575730852209,0.0031988872573319596,1.2266355140186915,0.0012266355140186916,0.008319035600632097,-0.0038954598697798874,0.12462470095403666,0.9953271028037384,0.0012246884735202497,0.003196940216833518,0.00654912060813467,0.010285405229644554,0.01182163429833492,0.010013137802972402,0.019950890168807925,0.6269470404984424,0.000625,0.007694035600632097,0.5996884735202492,0.0005996884735202492,-0.004495148343300137
2009-03-10,-0.003481690572282541,-0.004536986522438304,1.0552959501557633,0.0010552959501557632,-0.011419035798649781,0.007937345226367241,-0.13699547332209264,0.9953271028037384,0.001055295950155763,-0.004536986522438304,-0.01522264131456188,-0.0171567788489126,-0.012049263676904681,-0.025745468624073627,-0.021524403614908972,0.5023364485981309,0.0005023364485981308,-0.011921372247247913,0.5529595015576324,0.0005529595015576323,0.007384385724809608
2009-03-11,-0.006084368429114557,-0.0069605366534136225,0.8761682242990654,0.0008761682242990654,0.0035084411067686622,-0.009592809535883219,-0.19222071095813065,0.9953271028037384,0.0008761682242990655,-0.0069605366534136225,0.02148596361263937,0.014485661603007644,0.027054129578735965,0.0057849841435301955,0.0076511435138363285,0.4166666666666667,0.00041666666666666664,0.0030917744401019955,0.45950155763239875,0.0004595015576323987,-0.010052311093515617
2009-03-12,0.004261907154073892,0.003226081608902553,1.0358255451713396,0.0010358255451713395,0.0038072048833716304,0.0004547022707022622,0.10469738391777861,0.9953271028037384,0.0010358255451713393,0.003226081608902553,-0.0029588446199331456,0.003239837510539048,0.0005736924578409813,0.002562603921500627,0.010116986620311724,0.49454828660436134,0.0004945482866043614,0.003312656596767269,0.5412772585669782,0.0005412772585669782,-8.657498786471599e-05
2009-03-13,-0.0001324132851979397,-0.0011468213848864132,1.016355140186916,0.001016355140186916,-0.0027322292936579136,0.0025998160084599736,-0.02043497241889136,0.9953271028037384,0.0010144080996884735,-0.0011487684253848557,-0.006962007614335549,-0.0016211787326979783,-0.008880485394443643,-0.0017455802077146257,-0.007295922369575356,0.5334890965732088,0.0005315420560747663,-0.00326377134973268,0.48286604361370716,0.00048286604361370714,0.0021169499648462666
2009-03-16,0.0004907947775077538,-0.0006540650355763582,1.144859813084112,0.001144859813084112,-0.0019598251377725474,0.002450619915280301,-0.01984062523647187,0.9953271028037384,0.001144859813084112,-0.0006540650355763582,-0.0026257140472611827,-0.009494300851282816,-0.009226521731771306,-0.0060431569375342005,-0.0028656851806370537,0.588006230529595,0.000588006230529595,-0.0025478313683021422,0.5568535825545171,0.0005568535825545172,0.0018937663327257838
2009-03-17,-0.000490431193892141,-0.001814418732832951,1.32398753894081,0.00132398753894081,-0.0013373547728646343,0.0008469235789724932,-0.025041667555962585,0.9953271028037384,0.00132398753894081,-0.001814418732832951,-0.002205764129135377,-0.0006539825876351489,-0.0046596237485358565,0.0038031321314421183,-0.005872858386720094,0.6542056074766355,0.0006542056074766354,-0.0019915603803412696,0.6697819314641744,0.0006697819314641744,0.0001771416475083188
2009-03-18,0.001656024417811997,0.0005773639816749254,1.0786604361370717,0.0010786604361370715,-0.002059033058224967,0.0037150574760369645,0.05906909150175887,0.9953271028037384,0.0010786604361370717,0.0005773639816749256,-0.010216295550953821,-0.0017747139403356202,-0.009968061235788424,-0.008684396687571665,-0.001856660815469487,0.5373831775700935,0.0005373831775700934,-0.0025964162357950604,0.5412772585669782,0.0005412772585669782,0.003173780217469986
2009-03-19,-0.0031833386869029355,-0.004205534948585179,1.0241433021806854,0.0010241433021806854,0.0011741810412735437,-0.004357519728176479,-0.11061648580004618,0.9953271028037384,0.001022196261682243,-0.004207481989083621,0.013224585082677863,-0.0004306647274017935,-0.009563641641406627,0.0020853914918566377,0.0024877121946635717,0.5218068535825545,0.0005198598130841121,0.0006543212281894316,0.5023364485981309,0.0005023364485981308,-0.00485985617677461
2009-03-23,-0.0017991346998089087,-0.002994617565852522,1.1954828660436136,0.0011954828660436137,-0.0049633346472211315,0.003164199947412223,-0.05725779944857186,0.9953271028037384,0.0011954828660436134,-0.0029946175658525226,-0.006934700116042251,-0.005086643212137062,-0.008216071122424402,-0.010043514675584323,-0.009915775825951685,0.5529595015576324,0.0005529595015576323,-0.005516294148778764,0.6425233644859814,0.0006425233644859813,0.0025216765829262416
2009-03-24,0.0012445804525047762,0.00019317858334589761,1.0514018691588785,0.0010514018691588785,-0.0025881279506972787,0.003832708403202055,0.02891043464257095,0.9953271028037384,0.0010514018691588785,0.00019317858334589764,-0.008464130863501106,-0.0060311591454398255,-0.015488709403998043,-0.005347764433359607,-0.005116571529511135,0.5295950155763239,0.000529595015576324,-0.0031177229662736027,0.5218068535825545,0.0005218068535825544,0.0033109015496195003
2009-03-25,-0.0020256116326309876,-0.0032580882681450063,1.234423676012461,0.001234423676012461,-0.0032030508911451085,0.001177439258514121,-0.06980257630644038,0.9953271028037384,0.0012324766355140187,-0.0032600353086434486,-0.0020563194951935004,-0.0029534805882302406,-0.0033350277714496593,-0.004926275258046269,-0.007129962446268575,0.6542056074766355,0.0006522585669781931,-0.003855309458123302,0.5802180685358256,0.0005802180685358255,0.0005972211899782956
2009-03-26,0.0016205690762379887,0.0003705690762379887,1.25,0.00125,0.0008679979906956041,0.0007525710855423846,0.05772408801895267,0.9953271028037384,0.00125,0.00037056907623798864,-0.0033487787001996697,0.002229052081173817,0.004432557518597211,-0.004134577060702629,0.00463513266384294,0.6035825545171339,0.0006035825545171339,0.00026441543617847024,0.6464174454828661,0.000646417445482866,0.00010615364005951862
2009-03-27,0.000607457205884791,-0.0005237733237102246,1.1331775700934579,0.0011331775700934579,0.004655014305224333,-0.004047557099339541,0.03270345311987644,0.9953271028037384,0.0011312305295950156,-0.0005257203642086668,0.00782883778190576,0.008614885032152913,0.013454961733186438,0.00975025561463157,0.009138336485663751,0.5685358255451713,0.0005665887850467289,0.004088425520177604,0.5646417445482866,0.0005646417445482866,-0.004612198843887827
2009-03-30,-0.002982654695295488,-0.003938651580030691,0.9579439252336448,0.0009579439252336449,0.00124024537591874,-0.004222900071214228,-0.1031493493264311,0.9953271028037384,0.0009559968847352028,-0.0039405986205291324,0.009934616537457235,0.0054132639074468605,0.012069036402998067,-0.003940666918394798,0.005650852983345481,0.4867601246105919,0.0004848130841121495,0.0007554322918065905,0.471183800623053,0.00047118380062305295,-0.004694083871837281
2009-03-31,-0.00010749717942188066,-0.0010965937526306035,0.9890965732087227,0.0009890965732087227,-0.0002547350991296597,0.00014723791970777908,0.021876679556606757,0.9953271028037384,0.000989096573208723,-0.0010965937526306033,0.00045510738335296765,-0.0018105866529250082,-0.00177368117806907,-0.002266873946340862,0.0003596066193370932,0.5023364485981309,0.0005023364485981308,-0.0007570715477277904,0.4867601246105919,0.0004867601246105919,-0.0003395222049028128
2009-04-01,0.004256296759552581,0.0031630018236690777,1.0971709048757516,0.0010971709048757518,-0.001090257593051401,0.005346554352603982,0.15275754818205278,0.9906976744186047,0.0010932949358835034,0.0031591258546768294,-0.00976355720977079,-0.01285107387932237,-0.005136137408939277,-0.011472340412486341,0.0024653974270889677,0.5660816489169022,0.0005660816489169022,-0.0016563392419683032,0.5310892559588495,0.0005272132869666014,0.0048193410656373805
2009-04-02,0.0014747964643421973,0.00031657419415748146,1.1620892462094643,0.0011620892462094643,-0.0021832270935701332,0.0036580235579123307,0.012385440899980404,0.988399071925754,0.0011582222701847157,0.00031270721813273297,-0.008272926238226761,-0.0055174878962029935,-0.0032592600020500593,-0.01108399595877387,-0.0010873569552249654,0.5617637007859854,0.000559830212773611,-0.0027430573063437443,0.6003255454234788,0.0005983920574111045,0.003059631500501226
2009-04-03,-0.0002558220539118501,-0.0012283665241361347,0.974477958236659,0.0009744779582366589,-0.00016223069635624117,-9.359135755560893e-05,0.023139880750268245,0.988399071925754,0.0009725444702242846,-0.001230300012148509,-0.0016567082636223883,0.004008008190453054,0.004232091719830946,-0.0012440208689145267,0.00012695382385050462,0.46403712296983757,0.0004640371229698376,-0.0006262678193260788,0.5104408352668214,0.000508507347254447,-0.0006020987048100559
2009-04-06,0.003742958282603263,0.0026872738278468826,1.0556844547563804,0.0010556844547563804,0.0004888863038447969,0.003254071978758466,0.10621142476847585,0.988399071925754,0.0010556844547563804,0.0026872738278468826,-0.009078781955031466,-0.0012297377052190893,-0.008799275533055036,0.000983796898234569,0.000983891046503434,0.5568445475638051,0.0005568445475638051,-6.795824371900821e-05,0.4988399071925754,0.0004988399071925755,0.0027552320715658906
2009-04-07,-2.5591566325926902e-05,-0.001031005332760575,1.005413766434648,0.001005413766434648,0.005903884003496602,-0.0059294755698225295,0.011404279097924092,0.988399071925754,0.001005413766434648,-0.001031005332760575,0.014196822011443736,0.00710092541334526,0.004915578656630005,0.007627451816630973,0.0139834616406675,0.49497293116782676,0.0004949729311678268,0.0054089110723287755,0.5104408352668214,0.0005104408352668213,-0.0064399164050893505
2009-04-08,-0.0015649830839297488,-0.002554928946265402,0.9938128383604021,0.000993812838360402,-0.0007235327945491637,-0.0008414502893805851,-0.0518996718983137,0.988399071925754,0.0009899458623356533,-0.002558795922290151,0.00153751357412511,0.001996080092498446,0.007948514024836251,0.003847768779405675,-0.004125126515237117,0.4988399071925754,0.0004949729311678268,-0.0012185057257169903,0.49497293116782676,0.0004949729311678268,-0.0013364232205484118
2009-04-09,0.0005504295353950832,-0.0002945047260124959,0.8468677494199536,0.0008468677494199536,-0.002259214271836914,0.002809643807231997,0.06228747606177082,0.988399071925754,0.000844934261407579,-0.0002964382140248704,-0.0034028324879053617,-0.01025065385958162,-0.008602628111987799,-0.001478375888665013,-0.006071407248524365,0.43696829079659705,0.0004350348027842227,-0.0026942490746211366,0.4098994586233565,0.00040989945862335655,0.0023997443486086407
2009-04-10,-0.0034808518583986743,-0.004294850311608265,0.8159319412219644,0.0008159319412219644,-8.387071032301224e-05,-0.0033969811480756623,-0.0788877527459841,0.988399071925754,0.0008139984532095903,-0.004296783799620639,0.014391353482215924,-0.008894962572867125,0.0005562962466238586,-0.0011888941930142108,0.00033533764550666283,0.4215003866976025,0.00041956689868522814,-0.0005034376090082403,0.39443155452436196,0.00039443155452436197,-0.0037914127026000242
2009-04-13,0.004910540387439655,0.004034670317834087,0.8778035576179427,0.0008778035576179427,0.0017346118934583705,0.0031759284939812844,0.14810552805744787,0.988399071925754,0.0008758700696055678,0.004032736829821712,-0.01342496511657877,0.008254210871399829,0.0025134078952697,0.008541780647324287,0.0010443703309385413,0.4563031709203403,0.00045436968290796595,0.0012802422105504046,0.4215003866976025,0.0004215003866976025,0.002754428107283682
2009-04-14,-0.003183037374502565,-0.004087909764293749,0.908739365815932,0.0009087393658159319,0.0045616873163050724,-0.007744724690807637,-0.0682234972030835,0.988399071925754,0.0009048723897911838,-0.004091776740318497,0.017319868827108963,0.012077107903799627,0.0038861425952859247,0.006371108181608312,0.010692708732683982,0.45243619489559167,0.0004505027068832173,0.004111184609421855,0.4563031709203403,0.00045436968290796595,-0.008199094373715604
2009-04-15,0.0015651639778968608,0.0006873604202789181,0.8816705336426914,0.0008816705336426914,-0.0006935335975295445,0.0022586975754264054,0.03873027945881655,0.988399071925754,0.0008778035576179426,0.0006834934442541693,-0.005926138865843645,-0.0016315502780207473,0.002636524546826548,-0.0033258767303179755,-0.0004611740191602936,0.46017014694508895,0.0004582366589327146,-0.001151770256462259,0.4215003866976025,0.00041956689868522814,0.0018391306767411772
2009-04-16,-0.0003269415789849933,-0.0013342888334320156,1.0092807424593968,0.0010092807424593967,-0.003385800510696884,0.0030588589317118906,-0.018867224562417902,0.988399071925754,0.0010073472544470223,-0.00133622232144439,-0.0054910179446127135,-0.007459579965699735,0.0011753503919090518,-0.015447745012883716,-0.00254696336068205,0.51430781129157,0.0005123743232791956,-0.00389817483397608,0.49497293116782676,0.0004949729311678268,0.002563886000544064
2009-04-17,7.738994337401798e-05,-0.0008970880148626409,0.974477958236659,0.0009744779582366589,-0.0028086999012028207,0.0028860898445768387,0.0288831154720027,0.988399071925754,0.0009744779582366589,-0.0008970880148626409,-0.00617590007964574,-0.004977131592342645,0.0016090909826018936,-0.00676366605822909,-0.005103185895073408,0.5104408352668214,0.0005104408352668213,-0.003319140736469642,0.46403712296983757,0.0004640371229698376,0.002422052721607001
2009-04-20,-0.0004684661732802305,-0.0015318845800861081,1.0672853828306264,0.0010672853828306264,0.007767913696012267,-0.008236379869292498,-0.011821206894210004,0.988399071925754,0.0010634184068058776,-0.001535751556110857,0.01921103559356883,0.010918279465679801,0.02284920131655245,0.012479633217137041,0.01739291847129939,0.5491105955143079,0.0005452436194895592,0.007222670076522708,0.5181747873163186,0.0005181747873163186,-0.008754554656608817
2009-04-21,-0.0010443119402461195,-0.0019259824738888107,0.8816705336426914,0.0008816705336426914,-0.003591111057596618,0.002546799117350499,0.003961512566236377,0.988399071925754,0.0008816705336426912,-0.001925982473888811,-0.005896582255890878,-0.0034666570353412522,-0.0050916917269404035,-0.008388052302617521,-0.006731401136861656,0.43310131477184843,0.0004331013147718484,-0.004024212372368467,0.448569218870843,0.000448569218870843,0.0020982298984796558
2009-04-22,-0.0017059328430760337,-0.002639807553052832,0.9358081979891725,0.0009358081979891725,-8.64478200797766e-05,-0.0016194850229962574,-0.0006322990983509543,0.988399071925754,0.0009338747099767982,-0.0026417410410652063,0.0009918656727873308,0.007916821747960342,0.0016437838956345873,0.0013680170046127015,-0.0009280479123995775,0.4408352668213457,0.00043890177880897137,-0.000525349598888748,0.49497293116782676,0.0004949729311678268,-0.0021144579541640843
2009-04-23,-0.0018692255132782293,-0.002950045312195476,1.082753286929621,0.001082753286929621,0.0016718328906187641,-0.0035410584038969932,-0.06276463021135492,0.988399071925754,0.0010808197989172468,-0.0029519788002078506,0.007905064593186984,0.0054280258009641634,0.002084302945762572,0.0028504984571421335,0.0036184860591333915,0.5336426914153132,0.0005317092034029389,0.0011401236872158253,0.5491105955143079,0.0005491105955143078,-0.004090168999411301
2009-04-24,-0.0018418136788290063,-0.0027660209487439325,0.9242072699149265,0.0009242072699149265,-0.003568713664380176,0.0017268999855511698,-0.0561148957389467,0.988399071925754,0.0009242072699149262,-0.002766020948743933,-0.0031286109494978944,-0.0041520758013622785,-0.003224281193705325,-0.0070964273446869255,-0.007224083621622317,0.4563031709203403,0.0004563031709203403,-0.0040250168353005164,0.46790409899458624,0.00046790409899458624,0.0012589958865565835
2009-04-27,0.002067077112608646,0.0010268605619512604,1.040216550657386,0.0010402165506573858,0.003469903255352192,-0.001402826142743546,0.0942841232544738,0.988399071925754,0.0010402165506573856,0.0010268605619512601,0.0018038260897630107,0.004900904064383311,0.004088397491509468,0.010070640907887243,0.0054571481773124314,0.5375096674400619,0.0005375096674400619,0.00293239358791213,0.502706883217324,0.000502706883217324,-0.00190553302596087
2009-04-28,-2.6807109896375612e-05,-0.000962615307885548,0.9396751740139211,0.0009396751740139211,-0.004313722574087448,0.004286915464191072,-0.011675763355446081,0.988399071925754,0.0009358081979891724,-0.0009664822839102967,-0.006473413015459159,-0.012985478110831143,-0.012043950628105144,-0.010201832157075576,-0.00798897333792837,0.448569218870843,0.00044663573085846866,-0.004760358304945916,0.4911059551430781,0.0004891724671307038,0.0037977429970603685
2009-04-30,0.002518379246068638,0.001404690150941028,1.1175560711523589,0.0011175560711523588,0.0037663097984439293,-0.0012479305523752913,0.08825248501617225,0.988399071925754,0.00111368909512761,0.0014008231749162792,0.0016047820524260612,0.004359495292456737,0.011181834698397067,0.006845565440866742,0.007942223053962368,0.5645784996133024,0.0005626450116009281,0.003203664786843001,0.5529775715390565,0.0005510440835266821,-0.0017989746359019735
2009-05-01,-1.940165903594684e-05,-0.001156292610312049,1.136890951276102,0.0011368909512761022,-0.009627183885649109,0.009607782226613163,-0.021430559764285113,0.9907192575406032,0.0011368909512761022,-0.001156292610312049,-0.01850607072978589,-0.020822484055018842,-0.020042659450767015,-0.018822709476320306,-0.019646797675409843,0.5761794276875484,0.0005761794276875484,-0.010203363313336657,0.5607115235885537,0.0005607115235885538,0.009047070703024608
2009-05-07,0.003785139067652106,0.0027429890289823455,1.0440835266821347,0.0010440835266821344,0.004483246052182847,-0.0006981069845307416,0.13227149013276843,0.9907192575406032,0.0010421500386697605,0.0027410555409699716,6.0950758748433404e-05,0.00417208929020324,-0.0015005686296130274,0.010687214168798174,0.008261679465173966,0.5104408352668214,0.000508507347254447,0.003974738704928401,0.5336426914153132,0.0005336426914153132,-0.0012317496759460549
2009-05-08,0.0034491258814626008,0.0023876409626690976,1.0634184068058778,0.0010634184068058778,-0.0016867027564230067,0.0051358286378856075,0.12907412299752244,0.9907192575406032,0.0010614849187935032,0.0023857074746567227,-0.014301425809970106,-0.0019976485783290204,-0.0034791342161657945,-0.004517735373393585,-0.0028392741795553737,0.5723124516627996,0.0005703789636504254,-0.002257081720073432,0.4911059551430781,0.0004911059551430782,0.00464472268274253
2009-05-11,0.001636887422931745,0.0004651936874329052,1.17169373549884,0.00117169373549884,0.004979385869980257,-0.003342498447048512,0.015853201020124115,0.9907192575406032,0.00117169373549884,0.0004651936874329051,0.00542916514930325,0.009334112628984823,0.01787326974409616,0.010657934242033507,0.009705895124307798,0.5955143078112916,0.0005955143078112915,0.004383871562168966,0.5761794276875484,0.0005761794276875484,-0.00391867787473606
2009-05-12,-0.001470040009143217,-0.0026417337446420566,1.17169373549884,0.00117169373549884,-0.001516536579394719,4.64965702515019e-05,-0.06737282897630921,0.9907192575406032,0.0011716937354988397,-0.0026417337446420566,-0.0031068318499985945,0.006149294235305698,-0.013153929871943693,0.0009370747649660665,-0.005023279499331769,0.5955143078112916,0.0005955143078112915,-0.0021120508872060108,0.5761794276875484,0.0005761794276875484,-0.0005296828574360465
2009-05-13,0.000426135616426917,-0.0007030213827996875,1.136890951276102,0.0011368909512761022,0.008229768696048245,-0.0078036330796213286,0.01773456554175584,0.988399071925754,0.0011291569992266045,-0.0007107553348491851,0.014354725819120173,0.018313294479205253,0.014790653312582832,0.014969988244866657,0.017552866875191097,0.5955143078112916,0.000591647331786543,0.007638121364261702,0.5413766434648105,0.0005375096674400619,-0.008341142747061391
2009-05-14,-0.0002357907628850282,-0.0012180026731711845,0.9899458623356535,0.0009899458623356535,-0.002956805156531526,0.0027210143936464977,0.038149281416561084,0.988399071925754,0.0009822119102861563,-0.0012257366252206817,-0.004332835849317742,-0.007881677122753773,-0.018975452943265966,-0.005758143442742957,-0.006045450199563685,0.4911059551430781,0.00048723897911832946,-0.0034440441356498553,0.4988399071925754,0.0004949729311678268,0.002226041462478671
2009-05-15,0.002161892790038661,0.0011719469277030076,0.9976798143851509,0.0009976798143851507,0.006657050049117132,-0.00449515725907847,0.06935600100118551,0.988399071925754,0.0009899458623356535,0.0011642129756535104,0.00595165128541084,0.015348904889689274,0.026034965172899206,0.011079145558013795,0.014713523017483576,0.5181747873163186,0.00051430781129157,0.006142742237825562,0.4795050270688322,0.0004756380510440835,-0.004970795310122554
2009-05-18,-0.0002209771715729676,-0.0011780537376982576,0.962877030162413,0.0009628770301624129,-0.0028922603360343473,0.00267128316446138,-0.0044439442828620715,0.988399071925754,0.0009570765661252899,-0.0011838542017353806,-0.006320195634946941,-0.003396067616610335,-0.010417647229358536,-0.007854938120092686,-0.004815158753424919,0.4795050270688322,0.0004756380510440835,-0.0033678983870784308,0.4833720030935808,0.00048143851508120647,0.0021898446493801736
2009-05-19,-0.00041886077990946813,-0.0014126736182698701,0.9976798143851507,0.0009976798143851507,-0.0010438522130449667,0.0006249914331354985,-0.03172787932998182,0.988399071925754,0.000993812838360402,-0.0014165405942946187,-0.0005895943543700338,-0.002658507850087879,-0.0012433417963961025,-0.001192320117209928,-0.002579606791905958,0.5181747873163186,0.00051430781129157,-0.0015581600243365367,0.4795050270688322,0.00047950502706883217,0.0001454864060666663
2009-05-20,-0.0003986714305767618,-0.0014156861250856556,1.0208816705336428,0.0010208816705336427,0.0007093155159906084,-0.00110798694656737,-0.02494760195923511,0.9907192575406032,0.0010170146945088936,-0.0014195531011104044,0.0023972097704134843,0.00185638510372259,0.0036450798417934213,0.0005523541942628863,0.0018599295253371934,0.5181747873163186,0.00051430781129157,0.00019500770469903835,0.502706883217324,0.000502706883217324,-0.0016106938297846941
2009-05-21,0.00011433917550920983,-0.0009355448152100476,1.051817478731632,0.0010518174787316318,0.003068304246622196,-0.002953965071112986,0.032327564282585354,0.9907192575406032,0.0010498839907192574,-0.000937478303222422,0.006689261114149385,0.004331658344257659,0.0051903275693462895,0.005497578949434799,0.006541455375584167,0.5181747873163186,0.0005162412993039443,0.002552062947318252,0.5336426914153132,0.0005336426914153132,-0.0034876077625282994
2009-05-22,0.0014480277113333143,0.000548955785579254,0.9010054137664346,0.0009010054137664346,0.002213600950579693,-0.0007655732392463788,0.06974141462841704,0.9907192575406032,0.0008990719257540602,0.0005470222975668796,0.0004703356854918128,0.0037394770245553774,-0.008293908373483318,0.002860899880299039,0.00530410542243764,0.448569218870843,0.00044663573085846866,0.0017669652197212244,0.45243619489559167,0.00045243619489559165,-0.0012180094341419704
2009-05-25,0.00021117845956541634,-0.0006550241699782804,0.8662026295436969,0.0008662026295436968,0.0013166278962567332,-0.0011054494366913169,0.02355160532676679,0.9907192575406032,0.0008662026295436967,-0.0006550241699782805,0.0033419210810692246,-0.00011614070772971406,0.0031076247853559697,0.004481884218793509,0.0017647046432149069,0.43696829079659705,0.00043696829079659707,0.0008796596054601361,0.42923433874709976,0.0004292343387470998,-0.0015346837754384166
2009-05-26,0.002756886086764033,0.0017553392963541338,1.005413766434648,0.001005413766434648,-0.0035818878087284615,0.006338773895492494,0.14108074215169983,0.9907192575406032,0.0010015467904098993,0.001751472320329385,-0.01338818444914243,-0.011296068626165898,-0.013935571017060628,-0.010283322994133839,-0.005688778605656884,0.4872389791183295,0.0004833720030935808,-0.004065259811822043,0.5181747873163186,0.0005181747873163186,0.005820599108176176
2009-05-27,0.0003466184728838065,-0.0006471943654765954,0.9976798143851507,0.0009976798143851507,0.001182813179954388,-0.0008361947070705814,-0.0058716016028760275,0.9907192575406032,0.0009938128383604019,-0.0006510613415013442,0.0028777412302738877,-0.0008124651377470445,0.01987337247818533,7.440119339166991e-05,0.0035613345602006916,0.5065738592420727,0.000502706883217324,0.0006801062967370639,0.4911059551430781,0.0004911059551430781,-0.0013273006622136593
2009-05-28,-0.0009825102765115622,-0.001885449178290371,0.9048723897911832,0.0009048723897911833,0.001809548079755839,-0.002792058356267401,-0.046324368765064725,0.9907192575406032,0.0009029389017788088,-0.0018873826663027456,0.005590894086600753,0.005609964414202009,0.009135779708713473,-0.00041768273895354186,0.0056452535867547535,0.46017014694508895,0.0004582366589327146,0.0013513114208231246,0.44470224284609433,0.00044470224284609436,-0.0032367605991134953
2009-05-29,0.000556092982157945,-0.0003913161439054732,0.9474091260634184,0.0009474091260634184,0.0012981295333813062,-0.0007420365512233611,0.047321311043833095,0.9907192575406032,0.0009474091260634182,-0.0003913161439054733,0.0013092380743990465,0.001856831896991527,0.00028604176832437944,0.009041966889708798,-0.0005123989771553921,0.502706883217324,0.000502706883217324,0.0007954226501639822,0.44470224284609433,0.00044470224284609436,-0.0011867387940694555
2009-06-01,9.930783327713791e-05,-0.001020181725887595,1.1214230471771074,0.0011214230471771076,-0.002476786955095169,0.002576094788372307,0.006799183333492605,0.9907192575406032,0.001119489559164733,-0.0010221152138999697,-0.005037283226162974,-0.005427011228497617,-0.0002594192485063409,-0.009766971775917966,-0.00262093960594299,0.580046403712297,0.0005781129156999227,-0.0030548998707950917,0.5413766434648105,0.0005413766434648105,0.002034718144907496
2009-06-02,-0.0004476278388372711,-0.0016328559904227311,1.1871616395978344,0.0011871616395978345,0.0018827984592404473,-0.0023304262980777183,-0.020802923870787155,0.9907192575406032,0.00118522815158546,-0.0016347894784351055,0.006155560612257375,0.0015979635099168184,0.0031055411148896267,0.003715909272359699,0.003846784792098516,0.6380510440835266,0.0006361175560711524,0.001246680903169295,0.5491105955143079,0.0005491105955143078,-0.002879536893592026
2009-06-03,-0.0008256631471335016,-0.001941285730273486,1.1175560711523589,0.0011175560711523588,0.0034557866889650605,-0.0042814498360985625,-0.045143852235521295,0.9907192575406032,0.0011156225831399844,-0.0019432192182858602,0.010767559925662123,0.004057267001963893,0.0028897847402657027,0.0033139392894208203,0.008753767650767207,0.5761794276875484,0.000574245939675174,0.0028815407492898864,0.5413766434648105,0.0005413766434648105,-0.004822826479563373
2009-06-04,-0.0005862504984049028,-0.0017598777219161167,1.1755607115235884,0.0011755607115235885,-0.0014317277976078975,0.0008454772992029948,-0.02177181366119191,0.9907192575406032,0.0011736272235112139,-0.0017618112099284913,0.0003085059286996163,-0.005844772508827645,0.0018328554752206775,-0.0015034179439369318,-0.0035709448234424552,0.6187161639597835,0.0006167826759474091,-0.002048510473555307,0.5568445475638051,0.0005568445475638051,0.00028863275163918973
2009-06-05,0.0009401653696984876,-4.398002860004272e-05,0.9860788863109049,0.000986078886310905,-0.0024525981204413555,0.0033927634901398432,0.02995466286303696,0.9907192575406032,0.0009841453982985303,-4.591351661241731e-05,-0.007286686647854233,-0.005795878575877269,-0.004872544402121849,-0.0035398987075140886,-0.005625536963683555,0.5297757153905646,0.0005278422273781902,-0.0029804403478195457,0.4563031709203403,0.0004563031709203403,0.002936460319219503
2009-06-08,0.00042408375006281314,-0.0005677956002852146,0.9938128383604021,0.000993812838360402,0.0025446961943592417,-0.0021206124442964287,0.021768422701060046,0.9907192575406032,0.0009918793503480277,-0.000569729088297589,0.003205073252746927,0.00641783345490652,0.0027881295990779802,0.0007175701230255801,0.007301401054584019,0.5529775715390565,0.0005510440835266821,0.0019936521108325595,0.4408352668213457,0.0004408352668213457,-0.0025614477111177746
2009-06-09,0.00043522545051698057,-0.0005798557559795391,1.017014694508894,0.001017014694508894,0.0003202808795929255,0.00011494457092405482,0.04027119666058246,0.9907192575406032,0.0010150812064965197,-0.0005817892439919136,-0.001046442195754319,0.0014599001188015516,-0.005228925915968429,0.0057136702583515265,-0.0018605389595024342,0.5375096674400619,0.0005355761794276875,-0.000215295299834762,0.4795050270688322,0.00047950502706883217,-0.0003645604561447773
2009-06-10,-0.0006140943788537916,-0.0016214416333008139,1.0092807424593968,0.0010092807424593967,0.0009972963397981865,-0.001611390718651978,-0.028333475650902502,0.9907192575406032,0.0010073472544470223,-0.0016233751213131883,0.0027065815044750962,0.004315072594144481,0.006706479437564584,0.0008924364330945747,0.002563005852114406,0.5104408352668214,0.000508507347254447,0.0004887889925437395,0.4988399071925754,0.0004988399071925755,-0.0021102306258445535
2009-06-11,0.0018453759476470932,0.0008128933490392047,1.0324825986078887,0.0010324825986078887,-0.00029016229359837684,0.00213553824124547,0.0723908334332639,0.9907192575406032,0.0010324825986078884,0.0008128933490392045,-0.00660252557066309,0.0005278460824192914,-0.008762098703609788,0.0022602391852765513,-0.001976349010536691,0.5336426914153132,0.0005336426914153132,-0.00082380498501369,0.4988399071925754,0.0004988399071925755,0.0016366983340528945
2009-06-12,-0.00015681481393901733,-0.001111957892051933,0.9551430781129157,0.0009551430781129156,0.0012369763231706908,-0.0013937911371097083,0.00015136012952234629,0.9907192575406032,0.0009551430781129156,-0.001111957892051933,0.0007892876184764202,0.006946818220217191,-0.009868352922133743,0.005164420828165036,0.0011974000277791763,0.4911059551430781,0.0004911059551430781,0.0007458703680276128,0.46403712296983757,0.0004640371229698376,-0.0018578282600795457
2009-06-15,-0.00012189045406121524,-0.001305185117634301,1.191028615622583,0.001191028615622583,0.004167089451855647,-0.0042889799059168615,-0.005535742415269925,0.9907192575406032,0.0011832946635730857,-0.0013129190696837983,0.009481785375311831,0.006609648279487703,0.0042341244239480005,0.007047317975336685,0.009006682085004568,0.6225831399845321,0.0006187161639597834,0.003548373287895864,0.568445475638051,0.0005645784996133024,-0.004853558405530164
2009-06-16,-0.000772988564186935,-0.002068425532477731,1.303170920340294,0.0013031709203402938,0.002066145866270716,-0.002839134430457651,-0.05391611196210509,0.9907192575406032,0.0012954369682907961,-0.002076159484527229,0.006332513089501126,0.004363607736422634,0.008476566201549547,-0.002431202508819897,0.00740018402776794,0.6535189481825212,0.0006496519721577726,0.0014164938941129434,0.6496519721577726,0.000645784996133024,-0.003484919426590675
2009-06-17,-0.0005193794203787467,-0.0015769973631475013,1.0595514307811291,0.001059551430781129,0.0030846123944932133,-0.00360399181487196,-0.03500827240137624,0.9907192575406032,0.0010576179427687546,-0.0015789308511598757,0.00782134282546985,0.005918481353176751,0.006503999384157365,0.008515800696682549,0.005116478325061371,0.525908739365816,0.0005259087393658159,0.0025587036551273975,0.5336426914153132,0.0005317092034029389,-0.004135701018274898
2009-06-18,0.002114814060723737,0.0010649300700044794,1.051817478731632,0.0010518174787316318,-0.002812135849009869,0.004926949909733606,0.08411076232174725,0.9907192575406032,0.0010498839907192574,0.001062996581992105,-0.011830659439820772,-0.0058295684617310295,-0.009974662805880313,-0.0025508440840952057,-0.007210266035138994,0.5336426914153132,0.0005336426914153132,-0.003345778540425182,0.5181747873163186,0.0005162412993039443,0.004410708610429662
2009-06-19,-0.004035718958875627,-0.0049425248366791845,0.908739365815932,0.0009087393658159319,-0.0038242944913214737,-0.00021142446755415301,-0.14297659713451538,0.9907192575406032,0.0009068058778035574,-0.004944458324691559,0.0005098903526730504,0.00024556920540353766,-0.003166760853916348,-0.0010344031591861262,-0.011117652014003797,0.46790409899458624,0.0004659706109822119,-0.004290265102303686,0.4408352668213457,0.0004408352668213457,-0.0006522597343754988
2009-06-22,0.00043305891199069667,-0.000558820438357331,0.9938128383604021,0.000993812838360402,0.0048348280799507684,-0.004401769167960072,0.024978428869524793,0.9907192575406032,0.0009918793503480277,-0.0005607539263697054,0.007551023582702681,0.011460915598555747,0.010262358305325557,0.012217197157551818,0.008571677451838285,0.5065738592420727,0.0005046403712296983,0.00433018770872107,0.4872389791183295,0.00048723897911832946,-0.004889008147078402
2009-06-23,0.000380865400021648,-0.0006651516146728609,1.0556844547563804,0.0010556844547563804,0.0001730183992737289,0.00020784700074791905,0.028027528721024313,0.988399071925754,0.0010460170146945088,-0.0006748190547347325,0.0009508486044322371,-0.0032267193898710537,0.007161795749598049,-0.004145479065061726,0.0025689002129919724,0.4988399071925754,0.0004930394431554525,-0.00032002104388172354,0.5568445475638051,0.0005529775715390565,-0.00034513057079113747
2009-06-24,-0.0008048095865442711,-0.002009372618253474,1.2064965197215778,0.0012064965197215777,-0.000307078140026959,-0.0004977314465173121,-0.02131927534347842,0.988399071925754,0.001204563031709203,-0.0020113061062658486,-0.00026254984911438584,0.0036519322636705655,0.0067390621118071595,-0.0038313966724185856,0.0009700459484513756,0.6535189481825213,0.0006535189481825213,-0.0009605970882094803,0.5529775715390565,0.0005510440835266821,-0.0010487755300439942
2009-06-25,-0.00236295438462457,-0.003507579287950169,1.1446249033255993,0.0011446249033255993,-0.0006822389524848658,-0.0016807154321397042,-0.10395034524598179,0.9907192575406032,0.0011446249033255991,-0.003507579287950169,0.0024869517885727924,0.005196862027273681,-0.0020544687194424334,-0.0001592683022796563,-0.001972768491461638,0.6148491879350348,0.0006148491879350348,-0.0012970881404199006,0.5297757153905646,0.0005297757153905646,-0.0022104911475302686
2009-06-26,0.0006553586906834886,-0.0003461880997264107,1.0015467904098994,0.0010015467904098995,0.004878675942949912,-0.004223317252266423,0.026849005785902793,0.9907192575406032,0.0010015467904098993,-0.0003461880997264109,0.008287999578856084,0.008835568525609946,0.007723351656417899,0.004570771102502997,0.012411253802214766,0.49497293116782676,0.0004949729311678268,0.004383703011782085,0.5065738592420727,0.0005065738592420726,-0.004729891111508495
2009-06-29,-0.00018850006606630876,-0.0011687784883400907,0.9822119102861562,0.0009822119102861561,-0.0022007286541776616,0.0020122285881113526,0.02492340283465771,0.9907192575406032,0.000980278422273782,-0.0011707119763524649,-0.004947797732652493,-0.0022318048912348576,-0.010522437972754409,-0.008196133345834774,-0.0025671251485158766,0.4911059551430781,0.0004911059551430781,-0.0026918346093207394,0.4911059551430781,0.0004891724671307038,0.0015230561209806487
2009-06-30,-0.0015971602044409173,-0.002436294001811374,0.843000773395205,0.000843000773395205,0.0014275519379242866,-0.003024712142365204,-0.04268509787081613,0.9907192575406032,0.0008391337973704565,-0.002440160977836122,0.006174244571597916,0.0058340781496815,0.004543164190596598,0.0021965424184075292,0.0032198854601640037,0.4060324825986079,0.00040409899458623355,0.001023452943338053,0.43696829079659705,0.0004350348027842227,-0.0034597469451494267
2009-07-01,0.001435881201984401,0.0004517358036858705,0.9860788863109049,0.000986078886310905,-0.0006021338890099561,0.0020380150909943572,0.037301794526928694,0.9907192575406032,0.0009841453982985305,0.00044980231567349604,-0.003695724418395209,-0.00489292090787518,0.0009376048177482901,-3.28305754923981e-05,-0.0018154885204652673,0.4833720030935808,0.00048143851508120647,-0.0010835724040911625,0.502706883217324,0.000502706883217324,0.0015353082077770332
2009-07-02,-0.0008367568175491452,-0.0018943747603178999,1.0595514307811291,0.001059551430781129,0.002797485326268869,-0.003634242143818014,0.023012134396697328,0.9907192575406032,0.0010576179427687548,-0.001896308248330274,0.007484566501154322,0.006872803161688391,0.011940771989712719,0.00454331412928143,0.006193145487712899,0.568445475638051,0.0005665119876256767,0.0022309733386431923,0.4911059551430781,0.0004911059551430781,-0.004125348098961092
2009-07-03,0.0006875550667259276,-0.0003468610198943352,1.0363495746326372,0.0010363495746326373,0.0049222157579663466,-0.004234660691240419,0.05289928632619988,0.9907192575406032,0.0010344160866202629,-0.00034879450790670967,0.007042079451765453,0.01148624624883757,0.004046591677588919,0.010870292848752922,0.009429041266722072,0.5452436194895591,0.0005433101314771848,0.0043789056264891615,0.4911059551430781,0.0004911059551430781,-0.004725766646383497
2009-07-06,0.0017883255508554438,0.0008447834008167743,0.9474091260634184,0.0009474091260634184,0.0019604389721196557,-0.00017211342126421193,0.055010004873734517,0.9907192575406032,0.0009435421500386695,0.0008409164247920255,-0.0027247619775257292,0.006703876732944372,-0.008702625857146262,0.004013982126019848,0.003957356209815287,0.5065738592420727,0.000502706883217324,0.0014577320889023317,0.4408352668213457,0.0004408352668213457,-0.0006129486880855576
2009-07-07,0.0018783795072697268,0.0011397870865427354,0.7385924207269915,0.0007385924207269915,0.002113445053418755,-0.00023506554614902828,0.0749436098743526,0.9907192575406032,0.0007385924207269914,0.0011397870865427354,0.0008496673815636289,-0.00031269314194992887,0.004348831126345115,0.003891616135548217,0.004484037706509304,0.36349574632637277,0.0003634957463263728,0.0017499493070923821,0.3750966744006187,0.0003750966744006187,-0.0006101622205496469
2009-07-08,-0.0007448509496829758,-0.0016613242675484047,0.9203402938901779,0.0009203402938901779,0.0033074362618357974,-0.004052287211518773,-0.036524339849422875,0.9907192575406032,0.0009164733178654289,-0.0016651912435731537,0.009246078697394584,0.005797919672033946,0.014036857262746625,0.005681753544886701,0.007137540600616887,0.46790409899458624,0.0004640371229698376,0.00284339913886596,0.45243619489559167,0.00045243619489559165,-0.004504723406414364
2009-07-09,-0.0030568679989226074,-0.004102885013617116,1.0479505027068832,0.0010479505027068832,-0.003115716025262972,5.884802634036465e-05,-0.12343557283643643,0.9907192575406032,0.0010460170146945084,-0.004104818501629491,-0.0008729839028855938,0.0014459880937959131,-0.006710182297032762,-0.003335701969674882,-0.007739821876821622,0.5220417633410673,0.0005201082753286929,-0.003635824300591665,0.525908739365816,0.0005259087393658159,-0.0004670607130254513
2009-07-10,0.0009929578894853552,-7.626098135764557e-05,1.071152358855375,0.001071152358855375,-0.0005606281451081643,0.0015535860345935195,0.005620362284015107,0.9907192575406032,0.0010692188708430008,-7.819446937001981e-05,-0.004401195827750286,-0.0004488883698002197,-0.0013604939114515067,0.003853081026552451,-0.0035899346738773306,0.5452436194895591,0.0005433101314771848,-0.001103938276585349,0.525908739365816,0.0005259087393658159,0.0010276772952277037
2009-07-13,-0.0017222511171769378,-0.002828206260255051,1.105955143078113,0.001105955143078113,-0.0027082242917678065,0.000985973174590869,-0.056955337047564995,0.9907192575406032,0.001105955143078113,-0.002828206260255051,-0.0017126296840707796,-0.002523187629405734,0.004913403367663326,-0.008689791087955949,-0.0038491939606165922,0.5723124516627996,0.0005723124516627997,-0.0032805367434306063,0.5336426914153132,0.0005336426914153132,0.0004523304831755557
2009-07-14,-0.00015776254611352524,-0.0013526581377608568,1.1948955916473318,0.0011948955916473317,0.005132046553152697,-0.005289809099266222,-0.01937240109879439,0.9907192575406032,0.0011948955916473317,-0.0013526581377608568,0.009317302431218257,0.013269983846529922,0.011092320228128052,0.0033835424575602824,0.013759845165104364,0.5955143078112916,0.0005955143078112915,0.004536532245341405,0.5993812838360402,0.0005993812838360402,-0.0058891903831022625
2009-07-15,0.00021824807024339716,-0.0010191842576761697,1.237432327919567,0.0012374323279195668,-0.003075727574905559,0.003293975645148956,0.0006427410795399022,0.9907192575406032,0.0012374323279195668,-0.0010191842576761697,-0.0063021179843427725,-0.007227091361849971,-0.0036476100468744465,-0.00489236072323757,-0.0068309048852672185,0.5955143078112916,0.0005955143078112915,-0.0036712418827168506,0.6419180201082754,0.0006419180201082753,0.002652057625040681
2009-07-16,0.0009525410795159298,-0.0001572810395869317,1.1098221191028614,0.0011098221191028616,0.002693241948597308,-0.0017407008690813785,0.042180153080271114,0.9907192575406032,0.0011098221191028614,-0.00015728103958693182,0.0008673662730501073,0.008921056642597265,-0.001041878663968097,0.008971428050093695,0.003664961346259092,0.5297757153905646,0.0005297757153905646,0.0021634662332067436,0.580046403712297,0.000580046403712297,-0.0023207472727936754
2009-07-17,0.0007691402181963979,-0.0003542163169930839,1.1252900232018561,0.0011252900232018562,-6.750719983585675e-05,0.0008366474180322546,0.0012199749747142268,0.9907192575406032,0.0011233565351894818,-0.0003561498050054583,-0.0035805469403964903,0.002265489559794134,0.001837041409498773,-0.005545147115720812,0.002505102523054902,0.5607115235885537,0.0005587780355761794,-0.0006262852354120361,0.5645784996133024,0.0005645784996133024,0.0002720689184189522
2009-07-21,0.00044250714005458655,-0.00047396617781084253,0.9203402938901779,0.0009203402938901779,-0.00017552400265087806,0.0006180311427054646,0.027401115749191025,0.9907192575406032,0.0009164733178654291,-0.00047783315383559134,-0.0030725672937323145,0.002456892558996374,-0.003880918960232837,-0.004290039844408263,0.001611013956492166,0.4253673627223511,0.0004234338747099768,-0.0005989578773608549,0.49497293116782676,0.0004930394431554525,0.00012499169955001218
2009-07-22,-0.00227587965208294,-0.0031362818175895133,0.8662026295436969,0.0008662026295436968,0.0021772257484349794,-0.004453105400517919,-0.05680736787817452,0.9907192575406032,0.0008604021655065734,-0.003142082281626637,0.008240254356430386,0.010349307799154533,0.018483255171101068,0.004565042291323747,0.0042908869902793766,0.46790409899458624,0.0004640371229698376,0.001713188625465142,0.3982985305491106,0.00039636504253673626,-0.004849470443054655
2009-07-23,0.0017710125566904396,0.0008158694785775241,0.9590100541376644,0.0009590100541376643,-0.0009409718348823854,0.002711984391572825,0.0741397981885491,0.9907192575406032,0.0009551430781129155,0.0008120025025527753,-0.007462238464289864,-0.0012405813635122474,-0.004580475498152691,-0.0037096545141654612,-0.0010079411723359151,0.5065738592420727,0.000502706883217324,-0.0014436787180997094,0.45243619489559167,0.00045243619489559165,0.0022595481966772336
2009-07-24,-0.0008081774928586389,-0.0017575201069344314,0.951276102088167,0.000951276102088167,-0.0026477477197297153,0.0018395702268710764,-0.009547710654920792,0.9907192575406032,0.0009493426140757925,-0.001759453594946806,-0.0032744130055617792,-0.004543784028213942,-0.0040722696637152,-0.006243881627400155,-0.00489671353345762,0.4872389791183295,0.0004853054911059551,-0.0031330532108356703,0.46403712296983757,0.0004640371229698376,0.0013755331039012387
2009-07-27,0.003509017416610388,0.0026022115388068304,0.908739365815932,0.0009087393658159319,-0.0005890161683779859,0.004098033584988374,0.17323916498023822,0.988399071925754,0.0009068058778035574,0.002600278050794456,-0.00996883023163055,-0.0046376687934008565,-0.010524156244709464,-0.0003187766344898701,-0.001613622955543345,0.4756380510440835,0.0004737045630317092,-0.001062720731409695,0.43310131477184843,0.0004331013147718484,0.0036649322702165255
2009-07-28,-0.0018103929696499771,-0.0028854123045301007,1.0788863109048723,0.0010788863109048724,0.0004895002873107067,-0.002299893256960684,-0.1083364216155176,0.988399071925754,0.0010750193348801236,-0.0028892792805548496,0.00519581784121872,0.0034389456400964885,0.008114298024327301,0.000490844791836819,0.0012438102428880462,0.580046403712297,0.0005761794276875484,-8.667914037684165e-05,0.4988399071925754,0.0004988399071925755,-0.0027987331641532594
2009-07-29,-0.0006479343124074125,-0.0014309969574190133,0.7849961330239752,0.0007849961330239752,-0.0003818693050085532,-0.0002660650073988593,-0.004380349817612586,0.9907192575406032,0.0007830626450116008,-0.0014329304454313877,0.001279898080575692,-0.0009709840944979879,0.0005505069831986973,0.000808393259686141,-0.001565977833080857,0.36349574632637277,0.00036349574632637275,-0.0007453650513349259,0.4215003866976025,0.00041956689868522814,-0.0006856319060840874
2009-07-30,-0.0028159621445779217,-0.0036164261817008916,0.8043310131477185,0.0008043310131477185,-0.0018672380936384108,-0.000948724050939511,-0.12859014050597442,0.9907192575406032,0.0008004640371229699,-0.00362029315772564,0.0009934664432421916,0.0037835347383544495,-0.008565822640451902,-0.0033047496917294806,-0.004008982756123828,0.42923433874709976,0.00042730085073472543,-0.002294538944373136,0.3750966744006187,0.0003731631863882444,-0.0013218872373277554
2009-07-31,0.0007531590143033004,-0.00011111012722802209,0.8662026295436969,0.0008662026295436968,0.001065048777995752,-0.00031188976369245187,0.028872175908214726,0.9907192575406032,0.0008642691415313224,-0.00011304361524039645,0.0040159640540054385,-0.006398432852562025,0.005741107696589625,0.004032445410257765,0.00120979865178775,0.44470224284609433,0.00044276875483372,0.0006222800231620321,0.4215003866976025,0.0004215003866976025,-0.0007333901503900544
2009-08-03,4.111448954669925e-05,-0.0010416387973829217,1.082753286929621,0.001082753286929621,-0.002869357463352125,0.002910471952898824,0.0175836696292355,0.9907192575406032,0.001082753286929621,-0.0010416387973829217,-0.007306685223968102,-0.0027849150603431205,-0.005865736841332846,0.0012982746598697065,-0.009269680384503744,0.5568445475638051,0.0005568445475638051,-0.0034262020109159298,0.525908739365816,0.0005259087393658159,0.0023845632135330082
2009-08-04,-0.00014442194937078505,-0.0012155743082261602,1.071152358855375,0.001071152358855375,-0.000816796651932874,0.0006723747025620889,0.010236075561689425,0.9907192575406032,0.0010711523588553752,-0.00121557430822616,-0.0022921327945272314,0.0006080822628884025,-0.008444491969186835,0.0018517653257562779,-0.003371205122493989,0.5645784996133024,0.0005645784996133024,-0.0013813751515461764,0.5065738592420727,0.0005065738592420727,0.00016580084332001616
2009-08-05,-0.001783148830339612,-0.0028601016532321098,1.0788863109048723,0.0010788863109048724,-0.003001806787319939,0.0012186579569803267,-0.06278593885975575,0.9907192575406032,0.0010769528228924978,-0.0028620351412444846,-0.0027949551668180676,-0.0016937376038103679,0.00324648102881498,-0.008073721078434643,-0.005036442899621673,0.5568445475638051,0.0005568445475638051,-0.003558651334883744,0.5220417633410673,0.0005201082753286929,0.0006985496816516338
2009-08-06,0.0002591906550621655,-0.0009879091129192728,1.2490332559938129,0.0012490332559938128,0.0023061679894710073,-0.002046977334408842,-0.0034372004972997167,0.9907192575406032,0.0012470997679814382,-0.0009898426009316472,0.004242072253503128,0.0038163822053179607,0.010495552160474682,0.0012783644027017063,0.006302843662353256,0.6148491879350348,0.0006148491879350348,0.0016913188015359724,0.634184068058778,0.0006322505800464037,-0.0026792279144552456
2009-08-07,0.0019746345063164977,0.0009054156354734972,1.071152358855375,0.001071152358855375,-0.0021919247146097694,0.004166559220926267,0.07989734022335329,0.9907192575406032,0.0010692188708430004,0.0009034821474611227,-0.009800259441708932,-0.00535356293102037,-0.0047129178993886855,-0.008334188992862625,-0.002520881319742513,0.5491105955143079,0.0005471771075019335,-0.002739101822111703,0.5220417633410673,0.0005220417633410673,0.0036445174575851997
2009-08-10,-0.0013437510849111504,-0.002258290914764205,0.9164733178654292,0.0009164733178654292,0.0008124414434467733,-0.0021561925283579237,-0.021624152760904326,0.9907192575406032,0.0009145398298530546,-0.0022602244027765794,0.004093175842495359,0.004797264036577687,0.00047423477321780334,0.0009767147689135499,0.001960313716238485,0.46017014694508895,0.0004582366589327146,0.00035420478451405875,0.4563031709203403,0.0004563031709203403,-0.002612495699278264
2009-08-11,-0.0012601797496304594,-0.002269460492089856,1.0092807424593968,0.0010092807424593967,0.0024549333030341,-0.0037151130526645593,-0.10147078271683109,0.9907192575406032,0.0010092807424593965,-0.002269460492089856,0.008930431695636667,0.004375730426158689,0.009480487258291533,0.0031293860243512186,0.005835428443368505,0.4911059551430781,0.0004911059551430781,0.001963827347891022,0.5181747873163186,0.0005181747873163186,-0.004233287839980878
2009-08-12,-0.0014853100733827657,-0.0025139256959659058,1.02861562258314,0.0010286156225831399,-0.0006386703302145971,-0.0008466397431681687,-0.077476348823753,0.9907192575406032,0.00102861562258314,-0.0025139256959659058,0.0028427283488552542,-0.0006756268754075882,0.001901988792637006,-0.0010030003686997897,-0.0014247980432994624,0.5104408352668214,0.0005104408352668213,-0.0011491111654814185,0.5181747873163186,0.0005181747873163186,-0.0013648145304844873
2009-08-13,-0.0005960645882979492,-0.0015512076664108646,0.9551430781129157,0.0009551430781129156,-0.0006586263886659288,6.256180036797972e-05,-0.029898095482655394,0.9907192575406032,0.0009551430781129154,-0.0015512076664108648,-0.00031744109675919724,0.0002723546153069195,0.0005763801437907004,-0.0009954554345353896,-0.0014885340481541297,0.4833720030935808,0.0004833720030935808,-0.0011419983917595096,0.47177107501933485,0.0004717710750193349,-0.00040920927465135516
2009-08-14,0.0009575805804909985,3.724028660082062e-05,0.9203402938901779,0.0009203402938901779,-0.00012812432071691022,0.0010857049012079087,0.0365756666550552,0.9907192575406032,0.0009203402938901778,3.7240286600820566e-05,-0.0006007632578587768,-0.005440402000444085,0.0013296403735596918,-0.0010028038326032698,0.00011030480870053478,0.45243619489559167,0.00045243619489559165,-0.0005805605156125018,0.46790409899458624,0.00046790409899458624,0.0006178008022133224
2009-08-17,-0.0007730173522894191,-0.0017822980947488156,1.0131477184841453,0.0010131477184841453,0.0017890967693278304,-0.0025621141216172496,-0.02090881430763222,0.9907192575406032,0.0010092807424593965,-0.0017861650707735642,0.006535002080630091,0.0022121771961271268,0.004185268875813335,0.004710100975109465,0.003079490506902087,0.525908739365816,0.0005239752513534416,0.0012651215179743888,0.4872389791183295,0.0004853054911059551,-0.0030474196127232046
2009-08-18,-0.0009497242533856737,-0.0020092756841668027,1.0595514307811291,0.001059551430781129,-0.0003555423391279564,-0.0005941819142577173,-0.00638398767066448,0.9953596287703016,0.001059551430781129,-0.0020092756841668027,0.0028858453773845725,-0.0022654210419863277,-0.0001265254291382093,-0.0023805766369748723,9.349964947040837e-05,0.5375096674400619,0.0005375096674400619,-0.0008930520065680183,0.5220417633410673,0.0005220417633410673,-0.0011162236775987848
2009-08-19,0.00022816018040338736,-0.000719248945660031,0.9474091260634184,0.0009474091260634184,0.0006842087155740237,-0.00045604853517063645,0.027658019007725593,0.9953596287703016,0.0009474091260634184,-0.000719248945660031,-0.0011202868528630563,0.005009281567307267,-0.0036230583058434154,0.0041329117671027845,3.90009259200647e-05,0.45243619489559167,0.00045243619489559165,0.00023177252067843205,0.49497293116782676,0.0004949729311678268,-0.0009510214663384632
2009-08-20,0.00033649159495156486,-0.0005896491629757359,0.9280742459396751,0.0009280742459396752,0.0041139424770454,-0.003777450882093835,0.015844837622711997,0.9953596287703016,0.0009261407579273008,-0.0005915826509881103,0.006305772367370004,0.009959223305773847,0.007152620417708313,0.009420703737017621,0.007805713126361077,0.46790409899458624,0.0004659706109822119,0.0036479718660631885,0.46017014694508895,0.00046017014694508894,-0.004237621029038924
2009-08-21,-0.0005318762883877061,-0.001417413798055146,0.88553750966744,0.00088553750966744,-0.0034046478746635423,0.002872771586275836,-0.02941605957847257,0.9976798143851509,0.0008855375096674399,-0.001417413798055146,-0.006511367628530943,-0.0041025522913660266,-0.005444077364959915,-0.008800270498542836,-0.005888726095347925,0.448569218870843,0.000448569218870843,-0.0038532170935343855,0.43696829079659705,0.00043696829079659707,0.002435803295479239
2009-08-24,-0.0006913813089822309,-0.0016291229949837777,0.9396751740139211,0.0009396751740139211,0.0017733587910969215,-0.0024647401000791524,-0.06435143661712485,0.9976798143851509,0.0009377416860015468,-0.0016310564829961518,0.00586140147606865,0.0029637177084301442,0.0025920594596728777,0.0005149363895798478,0.005074980449136401,0.51430781129157,0.0005123743232791956,0.001260984467817726,0.4253673627223511,0.00042536736272235113,-0.0028901074628015035
2009-08-25,-0.0003242077262617615,-0.0013489563728201527,1.02861562258314,0.0010286156225831399,-0.0006095341640005114,0.0002853264377387499,0.004817894559255133,0.9953596287703016,0.0010247486465583913,-0.0013528233488449013,-0.0007372429567559216,-0.00022694775438765992,-0.0048366559525964475,-6.782449496570316e-05,-0.001799337136912673,0.5375096674400619,0.0005355761794276875,-0.001145110343428199,0.4911059551430781,0.0004891724671307038,-0.00020384602939195386
2009-08-26,0.0023346173154448705,0.0012383296124286293,1.0982211910286157,0.0010982211910286156,0.0037745852163539604,-0.0014399679009090898,0.1156439083628825,0.9953596287703016,0.0010962877030162412,0.001236396124416255,0.0020617532869713455,0.004488445656013571,0.002653722087291058,0.00289308968859408,0.00992036540911495,0.5645784996133024,0.0005645784996133024,0.0032100067167406578,0.5336426914153132,0.0005317092034029389,-0.001971677104312029
2009-08-27,-0.00022230445685437317,-0.0011890484630415346,0.9667440061871616,0.0009667440061871616,0.0005445284181966772,-0.0007668328750510503,0.024404700139875234,0.9976798143851509,0.0009667440061871615,-0.0011890484630415349,0.0007057007679225022,0.003183884062301021,-0.0005222781947631845,0.0019758992781663642,0.0006609224374836077,0.4756380510440835,0.0004756380510440835,6.88903671525937e-05,0.4911059551430781,0.0004911059551430781,-0.0012579388301941284
2009-08-28,0.0007179963323965377,-0.0003028853381371048,1.0208816705336428,0.0010208816705336427,-0.0015707230735245244,0.002288719405921062,0.03701754458782463,0.9976798143851509,0.0010208816705336425,-0.00030288533813710493,-0.005742216692041362,-0.0021462787479904224,-0.005854848966212087,-0.0012448917604493692,-0.004107919616213301,0.5104408352668214,0.0005104408352668213,-0.0020811639087913456,0.5104408352668214,0.0005104408352668213,0.0017782785706542408
2009-08-31,0.0007835863449922423,-0.00021796044541765706,1.0015467904098994,0.0010015467904098995,-0.0008654303010010971,0.0016490166459933394,0.030518760902400896,0.9976798143851509,0.0010015467904098993,-0.0002179604454176572,-0.0012441363552051909,-0.007399903296535487,-0.003002926517827749,-0.005448067064004677,9.002993466645352e-05,0.4988399071925754,0.0004988399071925753,-0.0013642702081936725,0.502706883217324,0.000502706883217324,0.0011463097627760154
2009-09-01,-0.0018631965945307433,-0.002932415465373744,1.071152358855375,0.001071152358855375,0.0020284715539033364,-0.0038916681484340797,-0.08693628715211837,0.9976798143851509,0.0010692188708430008,-0.002934348953386118,0.009441866623787794,0.004300999695709649,0.009091624038640635,0.00299018712819257,0.00460447322473398,0.5607115235885537,0.0005587780355761794,0.001469693518327157,0.5104408352668214,0.0005104408352668213,-0.004402108983700901
2009-09-02,-0.00037531928569099277,-0.0014948088448557258,1.1214230471771074,0.0011214230471771076,0.0011735668393956053,-0.0015488861250865982,-0.03173013249093754,0.9976798143851509,0.001119489559164733,-0.0014967423328681004,0.002612522751721296,0.004029127268549804,-0.000550109919145737,0.0023523519948712526,0.002366388661461341,0.5761794276875484,0.000574245939675174,0.0005993208997204314,0.5452436194895591,0.0005452436194895592,-0.0020941297445761574
2009-09-03,0.0009923135471633965,-0.00015424484417457708,1.148491879350348,0.001148491879350348,0.0011096655338921663,-0.00011735198672876985,0.07379156213128048,0.9976798143851509,0.0011465583913379735,-0.00015617833218695143,0.0008705834064779124,-0.0010556635487329877,0.004682849279593943,-0.00010962092383191671,0.003391548916154496,0.6109822119102861,0.0006090487238979118,0.0005006168099942545,0.5375096674400619,0.0005375096674400619,-0.0006548616541688318
2009-09-04,-0.0003578281060647952,-0.0014599162731181595,1.1020881670533642,0.0011020881670533642,-0.002341534022853138,0.001983705916788343,0.0268651760477153,0.9976798143851509,0.0011020881670533644,-0.0014599162731181595,-0.0024215982389484392,-0.007030402402161657,-0.0023252357759774127,-0.007404301097301945,-0.003338787803788812,0.5877803557617943,0.0005877803557617943,-0.002929314378614932,0.51430781129157,0.00051430781129157,0.0014693981054967728
2009-09-07,0.0011702910241757594,0.00013007447351837356,1.040216550657386,0.0010402165506573858,0.0014424755022002063,-0.0002721844780244469,0.07438366414247276,0.9976798143851509,0.0010402165506573858,0.0001300744735183736,0.0003286747149230214,0.0009719117632283517,0.003911975577924233,0.0011209443558801665,0.0037770181112340255,0.5452436194895591,0.0005452436194895592,0.000897231882710647,0.49497293116782676,0.0004949729311678268,-0.0007671574091922737
2009-09-08,0.0006718176947439125,-0.0003103942155422436,0.9822119102861562,0.0009822119102861561,0.0029459280063668858,-0.0022741103116229733,0.04213440474164588,0.9976798143851509,0.0009822119102861561,-0.00031039421554224364,0.004595330391436774,0.0043788647100163145,0.003922746773304413,0.005780510947402942,0.005968081531490118,0.4833720030935808,0.0004833720030935808,0.002462556003273305,0.4988399071925754,0.0004988399071925755,-0.0027729502188155487
2009-09-09,0.00030930860280564383,-0.000527891706552438,0.8391337973704563,0.0008391337973704563,0.0005680210936543878,-0.00025871249084874384,0.001683257119505973,0.9976798143851509,0.0008372003093580819,-0.0005298251945648124,-5.2049465347817974e-05,0.0016611942702033796,-0.002031478093112407,-0.0003891344674429259,0.0019003310428528956,0.4098994586233565,0.0004079659706109822,0.00016005512304340558,0.42923433874709976,0.0004292343387470998,-0.0006879468295958437
2009-09-10,-9.880725482665285e-05,-0.001092620093187055,0.9938128383604021,0.000993812838360402,-0.0021132948964870443,0.0020144876416603916,0.013761830432119499,0.9953596287703016,0.000993812838360402,-0.001092620093187055,-0.0046297723156490354,-0.002780148533456734,-0.007569394001600546,-0.005103411956644563,-0.0038325936287692537,0.49497293116782676,0.0004949729311678268,-0.002608267827654871,0.4988399071925754,0.0004988399071925755,0.0015156477344678162
2009-09-11,-0.0006099363741985784,-0.0016984901251653223,1.0904872389791183,0.0010904872389791184,0.0014368099344172645,-0.002046746308615843,-0.005752322009657372,0.9953596287703016,0.001088553750966744,-0.001700423613177697,0.0043522046977829895,0.0035034136442078354,-0.0010545029804910147,0.0057258459610838135,0.0014908208801656109,0.5529775715390565,0.0005529775715390565,0.000883832362878208,0.5375096674400619,0.0005355761794276875,-0.0025823224880435302
2009-09-14,-0.0002802436940545519,-0.001562146246258728,1.2838360402165507,0.0012838360402165506,-0.0001632513127036664,-0.00011699238135088542,-0.003712479652492693,0.9953596287703016,0.0012819025522041762,-0.0015640797342711026,-0.0007105238706093853,0.0021411582921012904,-0.0008153716103263432,-0.00027643386498015855,-0.0003526759682676899,0.6535189481825213,0.000651585460170147,-0.0008148367728738133,0.6303170920340294,0.0006303170920340294,-0.0007473094733849149
2009-09-15,-0.0007961929655559412,-0.0021206322540323528,1.3263727764887858,0.0013263727764887857,-0.0002935465716346276,-0.0005026463939213138,-0.06191918479189833,0.9976798143851509,0.0013244392884764116,-0.0021225657420447267,0.0030997971034905022,-0.0032487904775726035,0.008229622389796886,-0.0053955089380139125,0.001783697516754379,0.6805877803557618,0.0006786542923433875,-0.0009722008639780151,0.645784996133024,0.000645784996133024,-0.001148431390054338
2009-09-16,-0.0013822418751652302,-0.0023489858813523917,0.9667440061871616,0.0009667440061871616,-0.0030706349590468485,0.0016883930838816183,-0.06074343290120552,0.9976798143851509,0.0009667440061871615,-0.0023489858813523917,-0.004310923220562504,-0.0014318170070429907,2.192486182284028e-05,-0.007658080822452257,-0.0054488112262243505,0.46790409899458624,0.00046790409899458624,-0.0035385390580414348,0.4988399071925754,0.0004988399071925755,0.0011895531766890428
2009-09-17,0.0013007208409129042,0.00033010985870099397,0.9706109822119103,0.0009706109822119102,0.002510778829472434,-0.0012100579885595299,0.05768315750509675,0.9976798143851509,0.0009706109822119102,0.00033010985870099397,0.0030184438392703967,0.0011701484145341834,0.00023349078963479526,0.00534325575117401,0.00490929111484507,0.45243619489559167,0.00045243619489559165,0.0020583426345768424,0.5181747873163186,0.0005181747873163186,-0.0017282327758758485
2009-09-18,-4.577154443227942e-06,-0.0009829220887046354,0.9783449342614076,0.0009783449342614075,-0.0024028776976115925,0.0023983005431683644,-0.023310601878561734,0.9976798143851509,0.0009783449342614075,-0.0009829220887046354,-0.004849887746073316,-0.004610704338487454,-0.0054675440959924835,-0.00523878464606947,-0.00463646308307448,0.525908739365816,0.0005259087393658159,-0.0029287864369774083,0.45243619489559167,0.00045243619489559165,0.0019458643482727727
2009-09-24,0.0003417115952197149,-0.0007913123800316384,1.1330239752513533,0.0011330239752513533,-0.0010916697842684787,0.0014333813794881935,-0.0021888757117808,0.9976798143851509,0.0011330239752513533,-0.0007913123800316385,-0.0036121650429868112,-0.0013119550231580053,-0.0022926893913652853,-0.0031902864353810837,-0.0017060306128852615,0.5491105955143079,0.0005491105955143078,-0.0016407803797827865,0.5839133797370456,0.0005839133797370457,0.0008494679997511479
2009-09-25,0.0010235931187179948,-0.0002544424574614327,1.279969064191802,0.001279969064191802,0.00480983847292222,-0.0037862453542042247,0.03689619612567867,0.9976798143851509,0.0012780355761794274,-0.0002563759454738072,0.007599932380080756,0.007393696082097365,0.004122098078902966,0.009647798533893812,0.009639173164421536,0.6535189481825213,0.000651585460170147,0.004158253012752073,0.6264501160092807,0.0006264501160092807,-0.004412695470213506
2009-09-28,0.0004618194614232556,-0.0007968812346324287,1.2606341840680588,0.0012606341840680588,-0.0016711108394465105,0.002132930300869766,-0.006596813319955822,0.9976798143851509,0.0012587006960556842,-0.0007988147226448033,-0.0022914492589961822,-0.00819115558772683,-0.0036965226677146477,-0.004777375655071327,-0.0026640790434922816,0.6148491879350348,0.0006129156999226605,-0.002284026539369171,0.645784996133024,0.000645784996133024,0.001487145304736742
2009-09-29,-0.0006678287480415425,-0.0017699169150949066,1.1020881670533642,0.0011020881670533642,0.0008847991952350882,-0.0015526279432766309,-0.026591689215117693,0.9976798143851509,0.001102088167053364,-0.0017699169150949068,0.003075047192895647,0.0031158251244050093,0.0023379135116926523,0.002440500701602638,0.0014545092101125776,0.5375096674400619,0.0005375096674400619,0.0003472895277950263,0.5645784996133024,0.0005645784996133024,-0.002117206442889933
2009-09-30,0.0017164469725691029,0.0006027578774414928,1.1136890951276102,0.0011136890951276102,-0.004853228429412915,0.0065696754019820185,0.03576028999867558,0.9976798143851509,0.00111368909512761,0.0006027578774414927,-0.011183809664899355,-0.016882014374565255,-0.01861101845126596,-0.010434194220634452,-0.009437111831037391,0.5529775715390565,0.0005529775715390565,-0.005406206000951971,0.5607115235885537,0.0005607115235885538,0.006008963878393465
2009-10-01,0.0022207699595903985,0.001277227809551729,0.9435421500386697,0.0009435421500386698,0.004938681230818136,-0.0027179112712277364,0.10897069261068613,0.9976798143851509,0.0009435421500386695,0.0012772278095517287,0.007109931364726694,0.0019601820001923327,0.011683058229403851,0.009874032816104203,0.009970890367501642,0.4756380510440835,0.0004756380510440835,0.004463043179774052,0.46790409899458624,0.00046790409899458624,-0.0031858153702223227
2009-10-02,0.0017017998617735177,0.0006596498231037576,1.0440835266821347,0.0010440835266821344,0.001795619204610591,-9.381934283707349e-05,0.0715789147991166,0.9976798143851509,0.00104215003866976,0.0006577163350913833,0.0009485504174346883,-0.0013549349827709463,-0.0003829510917508873,0.0015733521281313767,0.004612709125612206,0.5297757153905646,0.0005278422273781902,0.0012677769772324009,0.51430781129157,0.00051430781129157,-0.0006081271541286435
2009-10-05,0.00013776947565026786,-0.0010899954122074271,1.2296983758700697,0.0012296983758700696,-0.0018495613573719966,0.0019873308330222647,0.013396855127821513,0.9976798143851509,0.001227764887857695,-0.0010919289002198017,-0.005554698817356963,-0.000713138518825624,0.00621056481377297,-0.003645392823082424,-0.0037600857213418055,0.5607115235885537,0.0005587780355761794,-0.002408339392948176,0.6689868522815159,0.0006689868522815159,0.0013183439807407488
2009-10-06,-0.0003356064922152877,-0.0016329769485184584,1.2993039443155452,0.0012993039443155452,0.0008102582305757513,-0.001145864722791039,-0.0003644227137455433,0.9976798143851509,0.0012973704563031708,-0.0016349104365308328,0.0034256582613251983,-3.98058470123165e-05,0.004581172295673693,-0.002348214428217529,0.003610534870235384,0.6225831399845321,0.0006206496519721577,0.0001896085786035936,0.6767208043310131,0.0006767208043310132,-0.001822585527122052
2009-10-07,0.0003709224725846292,-0.0007659684786914729,1.136890951276102,0.0011368909512761022,0.0006262353137924244,-0.00025531284120779526,0.011303896017649862,0.9976798143851509,0.001136890951276102,-0.000765968478691473,-0.00010652287701174688,0.0017509625822408799,0.00015800949938823942,-0.0038633491307322717,0.003814749590328007,0.5723124516627996,0.0005723124516627997,5.392286212962472e-05,0.5645784996133024,0.0005645784996133024,-0.0008198913408210976
2009-10-08,-0.00112375454857355,-0.0022761134039486464,1.1523588553750967,0.0011523588553750967,0.0002186804923804171,-0.0013424350409539671,-0.04191842259073684,0.9976798143851509,0.0011523588553750965,-0.002276113403948647,0.003952183954161008,7.706273438809809e-05,0.0046289264531991624,0.0028475310226377237,-0.0007661983563237937,0.580046403712297,0.000580046403712297,-0.00036136591133187985,0.5723124516627996,0.0005723124516627997,-0.0019147474926167669
2009-10-09,-0.0014665543979338331,-0.002665316965605914,1.1987625676720803,0.0011987625676720805,-0.002884173194504791,0.0014176187965709577,-0.027815286208422777,0.9976798143851509,0.0011987625676720807,-0.002665316965605914,-0.0038562907524026815,-0.0007232308217259628,0.001610033228862752,-0.007444964801815895,-0.004950159321172738,0.5877803557617943,0.0005877803557617943,-0.003471953550266585,0.6109822119102861,0.0006109822119102861,0.0008066365846606716
2009-10-13,-0.0008630069122282626,-0.0020347006477271024,1.17169373549884,0.00117169373549884,0.0019659495137686308,-0.0028289564259968932,-0.06198363229604799,0.9976798143851509,0.00117169373549884,-0.0020347006477271024,0.004562443146610401,0.007782222744364924,0.0010658594313684494,0.004371047905551941,0.003726040515370168,0.5761794276875484,0.0005761794276875484,0.0013897700860810824,0.5955143078112916,0.0005955143078112915,-0.003424470733808185
2009-10-14,0.0006922829156563641,-0.0004446080356197379,1.136890951276102,0.0011368909512761022,-0.002407205729792025,0.003099488645448389,0.03944375917612846,0.9976798143851509,0.001136890951276102,-0.00044460803561973804,-0.007630463502724009,-0.0032018009064177814,-0.006153310883283265,-0.0061000412143942485,-0.004188391040758895,0.5723124516627996,0.0005723124516627997,-0.0029795181814548247,0.5645784996133024,0.0005645784996133024,0.0025349101458350867
2009-10-15,0.0013970647904465064,0.0003007770874302653,1.0982211910286157,0.0010982211910286156,0.0010587942854302717,0.00033827050501623467,0.05525845222602359,0.9976798143851509,0.0010962877030162412,0.0002988435994178908,-0.001542571023721748,0.0010866727085254374,-0.0023278974315401844,-0.0006001095364357142,0.0034803355524510022,0.5413766434648105,0.0005394431554524362,0.0005193511299778355,0.5568445475638051,0.0005568445475638051,-0.00021857404254757042
2009-10-16,0.0019812219518402278,0.0009584067932942106,1.0247486465583913,0.0010247486465583913,0.002892899343312013,-0.0009116773914717856,0.07190160511263409,0.9976798143851509,0.0010228151585460173,0.0009564733052818365,0.002404105618457929,0.0006186647588084633,0.0033238408405159075,0.007134967513168323,0.005131397292026148,0.5104408352668214,0.000508507347254447,0.002384391996057566,0.51430781129157,0.00051430781129157,-0.0014259852027633556
2009-10-19,-6.906033582371506e-05,-0.0010377378300232508,0.9706109822119102,0.0009706109822119102,-0.002601297390652544,0.002532237054828829,0.008521182589061508,0.9976798143851509,0.0009686774941995357,-0.0010396713180356252,-0.004861146374000654,-0.005393413205597171,-0.011566593946536578,-0.00016396924829808847,-0.0077410094438381295,0.4872389791183295,0.0004853054911059551,-0.003086602881758499,0.4833720030935808,0.0004833720030935808,0.0020488650517352484
2009-10-20,0.0006189937250323876,-0.0002433419284865605,0.8623356535189481,0.0008623356535189481,0.0009956783408066549,-0.0003766846157742672,0.01888334511223412,0.9976798143851509,0.0008623356535189481,-0.00024334192848656053,-6.350059777460138e-05,0.00239384171268874,-0.00016844260386090538,0.002147320470119505,0.0019328058017735112,0.4060324825986079,0.0004060324825986079,0.0005896458582080469,0.4563031709203403,0.0004563031709203403,-0.0008329877866946076
2009-10-21,-0.0009286636996141742,-0.0018722058496528438,0.9435421500386697,0.0009435421500386698,0.001342520603471545,-0.002271184303085719,-0.05122859658013168,0.9976798143851509,0.0009435421500386695,-0.001872205849652844,0.005697123434918376,0.0021320586497690286,0.010366036600627923,0.0040590364053302574,0.0020310090794326227,0.46017014694508895,0.00046017014694508894,0.000882350456526456,0.4833720030935808,0.0004833720030935808,-0.0027545563061793
2009-10-22,-0.0020276496601931916,-0.0029286550739596262,0.9010054137664346,0.0009010054137664346,-0.000722130376244964,-0.0013055192839482278,-0.06343302195026147,0.9976798143851509,0.0009010054137664346,-0.0029286550739596262,0.002409098702584939,0.002977109295444698,0.0015838816123376668,-0.0017906982192746406,-0.0012864911741601798,0.44470224284609433,0.00044470224284609436,-0.0011668326190910584,0.4563031709203403,0.0004563031709203403,-0.001761822454868568
2009-10-23,0.00020705666717119186,-0.0007364854828674778,0.9435421500386697,0.0009435421500386698,-0.00024038762443496728,0.00044744429160615916,0.04072863412419879,0.9976798143851509,0.0009435421500386697,-0.0007364854828674779,-0.00023237992810078053,-0.002220745117781043,0.005348510544114251,-0.0004963508053360097,-0.00047755035409421064,0.4756380510440835,0.0004756380510440835,-0.0007160256754790509,0.46790409899458624,0.00046790409899458624,-2.0459807388427073e-05
2009-10-26,0.0003426684515824014,-0.0007478187873967169,1.0904872389791183,0.0010904872389791182,-0.0002198297335232681,0.0005624981851056693,-0.008694753150588687,0.9976798143851509,0.0010904872389791182,-0.0007478187873967168,-0.0016145875179861505,-0.00011611433961700044,0.0017275467261937789,-0.0010076430968366066,-0.00016305973806466677,0.5529775715390565,0.0005529775715390565,-0.0007728073050623246,0.5375096674400619,0.0005375096674400619,2.4988517665607414e-05
2009-10-27,0.002870784977453998,0.0019040409712668363,0.9667440061871616,0.0009667440061871616,-0.0022697005065947266,0.005140485484048724,0.10840258861626152,0.9976798143851509,0.0009667440061871615,0.0019040409712668361,-0.011459991055219396,-0.007728147078393319,-0.011790140741501852,-0.002158260541770256,-0.005758354395118144,0.46790409899458624,0.00046790409899458624,-0.002737604605589313,0.4988399071925754,0.0004988399071925755,0.004641645576856149
2009-10-28,0.00048369442821037477,-0.0005120518981624016,0.9976798143851507,0.0009976798143851507,0.0034248828128854215,-0.0029411883846750466,0.033905499885103836,0.9976798143851509,0.0009957463263727763,-0.000513985386174776,0.006108515522557109,0.005329080600337176,0.007185132500708085,0.006518143198641074,0.007039471370588416,0.502706883217324,0.0005007733952049498,0.0029241094176804716,0.49497293116782676,0.0004949729311678268,-0.003436161315842873
2009-10-29,-0.0002737988321047232,-0.0013565521190343442,1.082753286929621,0.001082753286929621,-0.004518997471892312,0.004245198639787589,-0.003247957998942729,0.9976798143851509,0.001082753286929621,-0.0013565521190343442,-0.007122677540193005,-0.011119428424471606,-0.011269919135110988,-0.00830093845518068,-0.00943805107742538,0.5297757153905646,0.0005297757153905646,-0.005048773187282876,0.5529775715390565,0.0005529775715390565,0.003692221068248532
2009-10-30,0.000511837499930207,-0.0007835994683605894,1.2954369682907967,0.0012954369682907966,0.005071372396803063,-0.004559534896872856,0.002269321893775571,0.9976798143851509,0.0012954369682907966,-0.0007835994683605895,0.008569692658432363,0.010082150303435,0.011202879497491146,0.01278619565695363,0.008856401029817046,0.6303170920340294,0.0006303170920340294,0.004441055304769033,0.6651198762567672,0.0006651198762567672,-0.005224654773129623
2009-11-02,3.160087843609812e-05,-0.0013373086343249226,1.368909512761021,0.001368909512761021,-0.0009749342094764437,0.0010065350879125419,0.02186498549742493,0.9976798143851509,0.0013689095127610207,-0.0013373086343249228,-0.0025482000241617395,-0.0008975946891188836,0.00021387051182992597,-0.00287215685708228,-0.0014955260664659337,0.6651198762567672,0.0006651198762567672,-0.0016400540857332108,0.7037896365042536,0.0007037896365042536,0.00030274545140828823
2009-11-04,0.0001266169130678816,-0.0009948061341092259,1.1214230471771074,0.0011214230471771076,0.0020830662206450857,-0.001956449307577204,0.05045643397772033,0.9976798143851509,0.0011214230471771076,-0.0009948061341092259,0.005032718965237363,0.0015835172317166114,0.0047343094399437775,0.0012517021131271612,0.005637880625515712,0.5452436194895591,0.0005452436194895592,0.0015378226011555265,0.5761794276875484,0.0005761794276875484,-0.002532628735264752
2009-11-05,0.00010079908348817594,-0.0010128900116394342,1.1136890951276102,0.0011136890951276102,-0.004205880183116117,0.004306679266604292,0.03988809981363804,0.9976798143851509,0.0011136890951276102,-0.0010128900116394342,-0.009551052638154922,-0.0065759460191719046,-0.0050082004424212645,-0.010417742397314706,-0.007438112700805762,0.5568445475638051,0.0005568445475638051,-0.004762724730679922,0.5568445475638051,0.0005568445475638051,0.0037498347190404874
2009-11-06,0.0006543961069214803,-0.00034328370746367055,0.9976798143851507,0.0009976798143851507,0.002756144297497736,-0.002101748190576256,0.022182544159558136,0.9976798143851509,0.000997679814385151,-0.00034328370746367044,0.005632980250503042,0.0012428558206803526,0.014886103292628173,-0.00043610774825564107,0.0085057156803245,0.5065738592420727,0.0005065738592420727,0.0022495704382556633,0.4911059551430781,0.0004911059551430782,-0.002592854145719334
2009-11-09,-0.0015375888975454742,-0.0026822138008710736,1.1446249033255993,0.0011446249033255993,-0.002914359743867125,0.0013767708463216508,-0.0574750237621872,0.9976798143851509,0.0011446249033255993,-0.0026822138008710736,-0.003514144208857065,-0.0011698231322840524,-0.006595862555687233,-0.0034849657732935082,-0.007020929087353694,0.5607115235885537,0.0005607115235885538,-0.003475071267455679,0.5839133797370456,0.0005839133797370457,0.0007928574665846052
2009-11-10,0.0012618299257266545,0.00011140455836393242,1.1523588553750967,0.0011523588553750967,-0.0014694178116339469,0.0027312477373606014,0.0657004572074987,0.9976798143851509,0.0011504253673627221,0.00010947107035155779,-0.005026481799835811,-0.006255738332458976,0.001193899459962807,0.001367903327011916,-0.005094503924262152,0.6032482598607889,0.0006013147718484145,-0.0020707325834823614,0.5491105955143079,0.0005491105955143078,0.0021821371418462936
2009-11-11,0.00013308158542341058,-0.0008587977649246171,0.9938128383604021,0.000993812838360402,-0.004086722915284288,0.004219804500707698,0.00893141283795792,0.9976798143851509,0.0009918793503480277,-0.0008607312529369916,-0.007337525783093907,-0.01053201629660095,-0.00015369744162484962,-0.009827986236480823,-0.007374687647951644,0.51430781129157,0.0005123743232791956,-0.004599097238563483,0.4795050270688322,0.00047950502706883217,0.003740299473638866
2009-11-12,0.0014767960997465314,0.0004810497733737551,0.9976798143851509,0.0009976798143851507,0.0004963666334125321,0.0009804294663339993,0.035585662920686933,0.9976798143851509,0.0009957463263727763,0.0004791162853613807,-0.002887109573900371,-5.489597824744024e-05,-0.001981958174974087,0.003379423435378721,-0.0001775009837571493,0.51430781129157,0.0005123743232791956,-1.6007689866663535e-05,0.4833720030935808,0.0004833720030935808,0.0004970574632404184
2009-11-13,-5.742364076781685e-05,-0.0010531699671405932,0.9976798143851509,0.0009976798143851507,-0.000208622414958817,0.0001511987741910002,0.01753221148893733,0.9976798143851509,0.0009957463263727763,-0.0010551034551529676,2.674412392322876e-05,-0.0009634125997003148,0.0002223111125586866,0.0028075055914181628,-0.002031075545806175,0.4872389791183295,0.0004853054911059551,-0.0006939279060647721,0.5104408352668214,0.0005104408352668213,-0.0003592420610758211
2009-11-16,0.0009126917466586065,-0.0001313917800235278,1.0440835266821344,0.0010440835266821344,-0.0036495036660722535,0.0045621954127308606,0.060494146149438474,0.9953596287703016,0.0010440835266821342,-0.000131391780023528,-0.008307509459419948,-0.01082181209818802,-0.006053237006571566,-0.0051026544254240995,-0.008422645438988935,0.5375096674400619,0.0005375096674400619,-0.004187013333512316,0.5065738592420727,0.0005065738592420727,0.0040556215534887875
2009-11-17,-2.4728828667015687e-05,-0.0010842802594481446,1.0634184068058778,0.0010634184068058778,0.0024122182167345806,-0.0024369470454015966,0.04041869888424985,0.9953596287703016,0.0010595514307811288,-0.0010881472354728936,0.004101373271457838,0.006432353678212256,0.004914395344988479,0.00541113126430016,0.004579378512962858,0.5375096674400619,0.0005355761794276875,0.0018766420373068932,0.525908739365816,0.0005239752513534416,-0.0029609222967550385
2009-11-18,0.00021047712540037084,-0.0007311315366259245,0.9435421500386697,0.0009435421500386698,-0.0005880538790230814,0.0007985310044234524,0.0049611749066775235,0.9976798143851509,0.0009416086620262954,-0.000733065024638299,-0.0022552716874304204,-0.00023933676598739945,-0.0032995770970837483,0.0013813295678689788,-0.00245892912248529,0.4795050270688322,0.0004775715390564578,-0.0010656254180795393,0.46403712296983757,0.0004640371229698376,0.0003344938814536148
2009-11-19,0.0019173618547687257,0.0007804709034926236,1.136890951276102,0.0011368909512761022,0.007183335915623019,-0.0052659740608542935,0.047171573368087694,0.9976798143851509,0.001136890951276102,0.0007804709034926235,0.01074253204356497,0.009934432659227159,0.0038711609203654572,0.011054002453136098,0.01607312281738675,0.5491105955143079,0.0005491105955143078,0.006634225320108711,0.5877803557617943,0.0005877803557617943,-0.005853754416616088
2009-11-20,0.0003955759937585131,-0.0007645168136660806,1.160092807424594,0.001160092807424594,-0.00386824525820405,0.004263821251962563,-0.013702641177955482,0.9976798143851509,0.0011600928074245937,-0.0007645168136660808,-0.011335214340931888,-0.002708384374335919,-0.0023629258780998893,-0.006612615423809909,-0.008325415820322573,0.568445475638051,0.0005684454756380511,-0.004436690733842101,0.5916473317865429,0.000591647331786543,0.00367217392017602
2009-11-24,0.00021357656098734527,-0.0008575757978680296,1.071152358855375,0.001071152358855375,-0.0036296485542329166,0.0038432251152202617,0.02109553965162879,0.9976798143851509,0.0010711523588553748,-0.0008575757978680297,-0.007644733916668323,-0.007645724745251524,-0.0012622709172317847,-0.004376435254271746,-0.008726051165011012,0.5375096674400619,0.0005375096674400619,-0.004167158221672978,0.5336426914153132,0.0005336426914153132,0.0033095824238049487
2009-11-25,-0.0007720821038066727,-0.0018799707348971597,1.1098221191028614,0.0011098221191028616,0.0002296639319532674,-0.00100174603575994,-0.027145303840927865,0.9976798143851509,0.0011078886310904872,-0.0018819042229095344,0.002898621239416622,0.00015980179112265954,-0.0010598393365191113,-0.00025882294634346797,0.0008185007909617713,0.5491105955143079,0.0005471771075019335,-0.0003175131755486661,0.5607115235885537,0.0005607115235885538,-0.0015624575593484937
2009-11-26,0.0011313406861565818,1.1851126991848791e-05,1.1214230471771074,0.0011214230471771076,0.006465967482427895,-0.005334626796271313,0.08389367067400845,0.9976798143851509,0.0011194895591647332,9.917638979474279e-06,0.010825951998007293,0.010178527109049467,0.008249489220344281,0.01202349701206198,0.013431265342292888,0.5375096674400619,0.0005355761794276875,0.0059303913030002075,0.5839133797370456,0.0005839133797370457,-0.005918540176008359
2009-11-27,0.000264761381576551,-0.0007793221451055834,1.0440835266821347,0.0010440835266821344,-0.002909651563836645,0.003174412945413196,0.0028919119514274104,0.9976798143851509,0.0010440835266821344,-0.0007793221451055834,-0.008242295979361172,-0.0024144985460332656,-0.014131574815674276,0.0003007448739845519,-0.008899627023133629,0.49497293116782676,0.0004949729311678268,-0.0034046244950044716,0.5491105955143079,0.0005491105955143078,0.002625302349898888
2009-11-30,0.00023901946628072642,-0.0008630687007726378,1.1020881670533642,0.0011020881670533642,0.00242753894785839,-0.002188519481577663,0.01920965776790522,0.9976798143851509,0.0011020881670533642,-0.0008630687007726378,0.0034052652186176637,0.006271931718982487,0.005783721518749464,0.0036116157742101,0.005493745274710991,0.5413766434648105,0.0005413766434648105,0.0018861623043935792,0.5607115235885537,0.0005607115235885538,-0.002749231005166217
2009-12-01,0.0003567090014967415,-0.0008961912305218199,1.2529002320185614,0.0012529002320185614,0.00037716485767536523,-2.0455856178623763e-05,0.010162103584647156,0.9976798143851509,0.0012529002320185614,-0.0008961912305218199,-0.0005898130020952934,0.0013163631532577356,0.002965693247347357,0.002784779672269896,-0.0002582638803808844,0.6380510440835266,0.0006380510440835267,-0.00026088618640816147,0.6148491879350348,0.0006148491879350348,-0.0006353050441136585
2009-12-02,-3.390117914383868e-05,-0.001460815332276089,1.4269141531322505,0.0014269141531322506,-0.002887994165079906,0.0028540929859360675,0.02465101940632076,0.9976798143851509,0.0014269141531322504,-0.0014608153322760893,-0.007199013282614771,-0.002598936990129814,-0.004553098862510007,-0.0031289182211110557,-0.007119672181184747,0.6805877803557618,0.0006805877803557617,-0.0035685819454356676,0.7463263727764888,0.0007463263727764888,0.0021077666131595787
2009-12-03,0.0002041936667534904,-0.0011009107415991778,1.3070378963650424,0.0013070378963650426,0.0028131445738561124,-0.0026089509071026223,0.0026538938857505736,0.9976798143851509,0.0013051044083526682,-0.0011028442296115522,0.007051557795035835,0.001423004102526059,0.015638980751066546,0.001156247555520643,0.007887658903367015,0.645784996133024,0.0006438515081206497,0.0021692930657354627,0.6612529002320185,0.0006612529002320186,-0.0032702038073346407
2009-12-04,0.001442588807011524,0.00021869089517857749,1.225831399845321,0.0012258313998453208,-0.004823473116704533,0.0062660619237160575,0.05287904879298055,0.9953596287703016,0.0012238979118329467,0.00021675740716620324,-0.012275304285681694,-0.012847724200434072,-0.007814714151136626,-0.008222818988553262,-0.01039266199386049,0.645784996133024,0.0006438515081206497,-0.005467324624825183,0.580046403712297,0.000580046403712297,0.0056860155200037605
2009-12-07,0.002370032653219788,0.0011345338133125953,1.237432327919567,0.0012374323279195668,0.0005811162464509343,0.0017889164067688534,0.12599510899880384,0.9953596287703016,0.0012354988399071926,0.001132600325300221,-0.0034491523164745823,-0.003779942587375275,0.002258216579551967,-0.00018915344370814188,0.001840880031276833,0.6535189481825213,0.000651585460170147,-7.046921371921266e-05,0.5839133797370456,0.0005839133797370457,0.0012050030270318078
2009-12-08,-0.001625470219699398,-0.002714023970666142,1.0904872389791183,0.0010904872389791184,0.0007987983180836492,-0.002424268537783047,-0.06560401234765882,0.9976798143851509,0.001088553750966744,-0.0027159574586785164,0.0031065737972685585,0.008294044732751893,0.005613428522710615,0.001073587445370098,0.0018651742430874124,0.525908739365816,0.0005239752513534416,0.0002748230667302076,0.5645784996133024,0.0005645784996133024,-0.0029888470373963492
2009-12-09,0.00070358584250214,-0.0003811009324398551,1.0866202629543698,0.0010866202629543696,0.0017139285166591625,-0.0010103426741570225,0.06308331500151497,0.9976798143851509,0.0010846867749419952,-0.00038303442045222954,0.0043518093945833025,-0.0027286698091102623,0.00570829039952972,0.00611006939859987,0.0021342321507856394,0.525908739365816,0.0005239752513534416,0.0011899532653057209,0.5607115235885537,0.0005607115235885538,-0.0015710541977455763
2009-12-10,-0.0006028826162894061,-0.0016237642868230486,1.0208816705336428,0.0010208816705336427,-0.0017594543282769895,0.0011565717119875834,-0.05441218254038629,0.9976798143851509,0.0010208816705336425,-0.0016237642868230488,-0.002658543293830057,-0.0015766553059714916,0.003741440552323933,-0.007226410634949366,-0.0017194469454311799,0.4756380510440835,0.0004756380510440835,-0.002235092379321073,0.5452436194895591,0.0005452436194895592,0.0006113280924980242
2009-12-11,-0.0006610294739420202,-0.0015794362798198236,0.9203402938901779,0.0009203402938901779,-0.00045835672510045503,-0.00020267274884156513,-0.0504680556587965,0.9976798143851509,0.0009184068058778034,-0.001581369767832198,0.00038180297188792093,0.00044637940223673584,0.00700341532674252,-0.0042896321975676105,0.0007665480858654601,0.448569218870843,0.00044663573085846866,-0.0009049924559589237,0.47177107501933485,0.0004717710750193349,-0.0006744438238609
2009-12-14,0.0017205017619138113,0.0003477252731280419,1.3727764887857694,0.0013727764887857695,0.00036252546719012886,0.0013579762947236824,0.0449067039365426,0.9976798143851509,0.0013727764887857693,0.0003477252731280418,-0.002803495114894837,-0.002494618484178917,-0.00835708811107034,0.00379271901322562,-0.0008062538575969111,0.6419180201082754,0.0006419180201082753,-0.00027939255291814643,0.7308584686774942,0.0007308584686774942,0.0006271178260461882
2009-12-15,0.0018479995360191517,0.0006743723125079377,1.1755607115235884,0.0011755607115235885,0.0005782197302217126,0.0012697798057974392,0.1208260147557617,0.9976798143851509,0.0011736272235112139,0.0006724388244955632,-0.0037014537515617633,-0.00014740886961265974,-0.005794519235712889,-0.0005532770495801238,0.0020121150795638387,0.5336426914153132,0.0005317092034029389,4.651052681877365e-05,0.6419180201082754,0.0006419180201082753,0.0006278617856891639
2009-12-16,0.00012224024062274416,-0.0004926089473122905,0.6148491879350348,0.0006148491879350348,-0.0017461596522449438,0.001868399892867688,-0.009831866724976313,0.9976798143851509,0.0006148491879350347,-0.0004926089473122906,-0.0036524136930689765,-0.00384670281392054,-0.002557715293045197,-0.0026822446330293814,-0.003925133594962719,0.3248259860788863,0.0003248259860788863,-0.00207098563832383,0.2900232018561485,0.0002900232018561485,0.0015783766910115395
2009-12-17,-0.0013966510677683231,-0.002336326241782244,0.9396751740139211,0.0009396751740139211,0.0026580941528543825,-0.004054745220622706,-0.09836115430460653,0.9976798143851509,0.000939675174013921,-0.002336326241782244,0.009109590322982973,0.005954017580314258,0.007846795466751011,0.0032191722294067303,0.006401957304399503,0.46403712296983757,0.0004640371229698376,0.002194057029884545,0.4756380510440835,0.0004756380510440835,-0.0045303832716667896
2009-12-18,-0.0005900330886727648,-0.001583845927033167,0.9938128383604021,0.000993812838360402,0.0006763209278476454,-0.0012663540165204102,-0.044385841321038,0.9976798143851509,0.000993812838360402,-0.0015838459270331668,0.002434956934989652,0.002689253379722752,0.004062057354387441,-0.002501091801751385,0.0032696859711143595,0.49497293116782676,0.0004949729311678268,0.00018134799667981864,0.4988399071925754,0.0004988399071925755,-0.0017651939237129856
2009-12-21,-0.001353753876337967,-0.0021000802491144555,0.7463263727764888,0.0007463263727764888,-0.0025086783024230296,0.0011549244260850627,-0.06660045830174789,0.9976798143851509,0.0007463263727764886,-0.0021000802491144555,-0.0032548534172340787,-0.0003602606810751722,0.003078714769026,-0.0042393681076569,-0.005448500749199735,0.36349574632637277,0.00036349574632637275,-0.0028721740487494024,0.382830626450116,0.00038283062645011603,0.0007720937996349468
2009-12-22,-0.0004545164707362703,-0.0011583061072405238,0.7037896365042536,0.0007037896365042536,-0.0012489947029209307,0.0007944782321846603,-0.06393486726945961,0.9976798143851509,0.0007037896365042534,-0.001158306107240524,-0.0029206872047400426,0.0011313422318472227,-0.0009360741357413996,-0.003471108070320284,-0.0020403248510086113,0.30935808197989173,0.0003093580819798917,-0.0015583527849008223,0.39443155452436196,0.00039443155452436197,0.00040004667766029836
2009-12-24,0.00029341068139178693,-0.0003485073387164883,0.6419180201082754,0.0006419180201082753,-0.00012518304018023415,0.0004185937215720211,0.023820144674836306,0.9976798143851509,0.0006419180201082753,-0.00034850733871648836,-0.00020805297025171365,-0.002096458790386641,-0.0019018511930420875,-0.0004829373081423139,-0.00013776161156465365,0.2822892498066512,0.0002822892498066512,-0.00040747228998688534,0.3596287703016241,0.0003596287703016241,5.896495127039698e-05
2009-12-25,-0.0002219530382052444,-0.0012060984365037748,0.9860788863109049,0.000986078886310905,0.0016303029856563431,-0.0018522560238615874,-0.05074380645524011,0.9976798143851509,0.0009841453982985305,-0.0012080319245161494,0.004077721762994778,0.002889107311396763,0.0023035904663039346,-0.0007496400209924467,0.005277103174341925,0.5297757153905646,0.0005278422273781902,0.001102460758278153,0.4563031709203403,0.0004563031709203403,-0.0023085591947819275
2009-12-28,-0.0001397715860369345,-0.0011123160562612191,0.974477958236659,0.0009744779582366589,0.0016342480349238824,-0.001774019620960817,-0.008479525654294984,0.9976798143851509,0.0009725444702242846,-0.0011142495442735935,0.005358148605144605,-0.0001720338294677524,0.0002628807588898923,0.0007263946333964982,0.004555171743162382,0.4988399071925754,0.000496906419180201,0.0011373416157436813,0.4756380510440835,0.0004756380510440835,-0.0022496576720049005
2009-12-29,-0.000563420066574298,-0.0009926544053213977,0.42923433874709976,0.0004292343387470998,-0.002245811114772415,0.001682391048198117,-0.01503777612340716,0.9976798143851509,0.0004292343387470997,-0.0009926544053213977,-0.004046314538897166,-0.0019310920972088281,-0.001464994176838175,-0.0017983657348428063,-0.005864374541271247,0.20108275328692962,0.00020108275328692963,-0.002446893868059345,0.22815158546017014,0.00022815158546017015,0.0014542394627379469
2009-12-30,-0.001836722933022281,-0.0024090353846850806,0.5723124516627996,0.0005723124516627997,0.0010411281513720556,-0.002877851084394337,-0.03901345511446413,0.9976798143851509,0.0005723124516627996,-0.0024090353846850806,0.00624627524103498,0.0046694498710309834,0.005225057424101654,0.0026984564468453772,0.0017971086157428492,0.27842227378190254,0.00027842227378190254,0.0007627058775901531,0.29389017788089716,0.0002938901778808971,-0.003171741262275234
2010-01-04,0.0011688594698922162,0.0006081479463036627,0.5607115235885537,0.0005607115235885537,-0.0008509942973036022,0.0020198537671958184,0.060932096555039415,0.9976798143851509,0.0005607115235885536,0.0006081479463036626,-0.002999240438721301,-0.0060790759541415225,-0.008530988376468299,-0.0033430161098007183,-0.000906848146699779,0.2900232018561485,0.0002900232018561485,-0.0011410174991597507,0.27068832173240526,0.00027068832173240525,0.0017491654454634131
2010-01-05,0.0009649565496409787,0.0006091947553641033,0.3557617942768755,0.00035576179427687546,0.00014304771933612776,0.0008219088303048509,0.0314104607958814,0.9976798143851509,0.0003557617942768754,0.0006091947553641033,0.0010913661220178434,-0.007151034328660159,-0.00910616220224131,-0.002511855087144377,0.0016714649002785892,0.1585460170146945,0.0001585460170146945,-1.549829767856674e-05,0.19721577726218098,0.00019721577726218098,0.0006246930530426699
2010-01-06,0.00010232692367449076,-0.0009804263632551301,1.082753286929621,0.001082753286929621,0.0011873842481604038,-0.001085057324485913,0.02248123645630795,0.9976798143851509,0.0010827532869296208,-0.0009804263632551304,0.0034983057483017684,-0.0005524831625627156,0.0028681724210990636,0.003929835883835306,0.0016283667617590682,0.5375096674400619,0.0005375096674400619,0.0006498745807203419,0.5452436194895591,0.0005452436194895592,-0.0016303009439754721
2010-01-07,0.0010485851715327991,-0.0001308425160155381,1.1794276875483372,0.001179427687548337,-0.0011662851977407868,0.002214870369273586,0.02187962579696244,0.9976798143851509,0.0011794276875483373,-0.00013084251601553796,-0.004058323960537337,-0.0051090998355209525,-0.004493145369792206,-0.004806000810321393,-0.001131933926710562,0.580046403712297,0.000580046403712297,-0.0017463316014530838,0.5993812838360402,0.0005993812838360402,0.0016154890854375458
2010-01-08,0.0014101670790859684,0.0003776844804780798,1.0324825986078887,0.0010324825986078887,-0.0012191796341898655,0.0026293467132758336,0.063073700913301,0.9953596287703016,0.0010324825986078887,0.0003776844804780797,-0.004067624606719692,-0.007582923703919011,-0.0017817801417432226,-0.0036504683238316794,-0.0018620342981238705,0.5065738592420727,0.0005065738592420727,-0.0017257534934319381,0.525908739365816,0.0005259087393658159,0.002103437973910018
2010-01-12,-0.0002829828078765669,-0.0014372751512640378,1.1562258313998452,0.0011562258313998453,0.002281652118194075,-0.0025646349260706417,-0.07178995748871862,0.9953596287703016,0.001154292343387471,-0.0014392086392764122,0.0044707399049619834,0.006378144654655243,0.0031846149207352173,0.0053224150505293945,0.004199667332467719,0.5607115235885537,0.0005587780355761794,0.0017228740826178957,0.5955143078112916,0.0005955143078112915,-0.003160149233881933
2010-01-13,-0.0004918989621853204,-0.0017602670983028763,1.268368136117556,0.001268368136117556,0.0001087674936680661,-0.0006006664558533865,-0.04496541606561571,0.9976798143851509,0.0012683681361175558,-0.0017602670983028765,0.0013195401941273246,0.0009426127580141512,-0.0016094234459478676,-0.00030630472913595563,0.00048021368855125557,0.6419180201082754,0.0006419180201082753,-0.0005331505264402092,0.6264501160092807,0.0006264501160092807,-0.0012271165718626673
2010-01-14,0.0006965737882162875,-0.0005408585397032792,1.237432327919567,0.0012374323279195668,-0.002707701323889976,0.0034042751121062635,0.02516916526521016,0.9976798143851509,0.0012374323279195666,-0.0005408585397032793,-0.007097409262282958,-0.006113277631908431,-0.00758815840416989,-0.0020650308626479264,-0.007109479479814966,0.6496519721577726,0.0006496519721577726,-0.0033573532960477484,0.5877803557617943,0.0005877803557617943,0.0028164947563444694
2010-01-15,0.00021118195949160356,-0.0009179750397350012,1.1291569992266048,0.0011291569992266048,0.003107439755085283,-0.0028962577955936797,-0.00842126631799108,0.9976798143851509,0.0011291569992266048,-0.0009179750397350012,0.006066317578667412,0.0051442473627083905,0.00598010138989628,0.004284770665784518,0.007201613744608371,0.568445475638051,0.0005684454756380511,0.002538994279447232,0.5607115235885537,0.0005607115235885538,-0.0034569693191822334
2010-01-18,0.002039169759493979,0.0008326732397724014,1.2064965197215778,0.0012064965197215777,0.0022232758641019808,-0.00018410610460800202,0.09388076985335929,0.9976798143851509,0.0012064965197215775,0.0008326732397724013,-0.002018818825660488,0.005191792476374227,0.005361817442570081,0.004094143176206312,0.004638267231161638,0.645784996133024,0.000645784996133024,0.0015774908679689567,0.5607115235885537,0.0005607115235885538,-0.0007448176281965558
2010-01-19,-0.0017286290564228319,-0.00290418976794642,1.1755607115235884,0.0011755607115235885,-0.0040082409738912295,0.002279611917468398,-0.11329984427702013,0.9976798143851509,0.0011755607115235883,-0.0029041897679464206,-0.0040238637640170865,-0.0055681742880893306,-0.00720374107941104,-0.005215839767288403,-0.009444767509940357,0.6071152358855375,0.0006071152358855375,-0.004615356209776767,0.568445475638051,0.0005684454756380511,0.0017111664418303471
2010-01-20,0.0007578692431046495,-0.0003538863640105863,1.1136890951276102,0.0011136890951276102,-0.0010252605110796732,0.0017831297541843227,0.028462930799303756,0.9976798143851509,0.0011117556071152358,-0.0003558198520229607,-0.004231110556589827,-0.002163040372296532,-0.005084396689829521,-0.0026046455627823694,-0.0017957550203134044,0.5723124516627996,0.0005703789636504254,-0.0015956394747300986,0.5413766434648105,0.0005413766434648105,0.001241753110719512
2010-01-21,0.0012546700909398722,0.0002279879563691066,1.02861562258314,0.0010286156225831399,0.002649108068159362,-0.0013944379772194901,0.05731201836527472,0.9976798143851509,0.0010266821345707657,0.00022605446835673236,0.0029354834777652115,0.0024468511242648067,0.00543694574477328,0.004587560080484062,0.005672026313548796,0.5413766434648105,0.0005394431554524362,0.002109664912706926,0.4872389791183295,0.00048723897911832946,-0.0018816769563378196
2010-01-22,0.0013726427297300337,0.000135210401810467,1.237432327919567,0.0012374323279195668,0.001295623939105435,7.701879062459872e-05,0.12501449880179713,0.9976798143851509,0.0012374323279195666,0.00013521040181046682,-0.0010833747423989817,0.001728756821702096,0.0032610452322273495,0.0015916926897884714,0.003100064709206526,0.6496519721577726,0.0006496519721577726,0.0006459719669476624,0.5877803557617943,0.0005877803557617943,-0.0005107615651371955
2010-01-25,0.0012091552562236954,-0.00013655240038883346,1.345707656612529,0.001345707656612529,0.002125749704871223,-0.0009165944486475279,0.08084230020236063,0.9976798143851509,0.001345707656612529,-0.0001365524003888335,0.0017021452654984311,0.002068481077253191,-0.0006391282968665914,0.0030244840112981604,0.00487983792085904,0.6883217324052591,0.000688321732405259,0.0014374279724659641,0.6573859242072699,0.0006573859242072699,-0.0015739803728547978
2010-01-26,0.0012213933370520361,-1.2172014842781922e-05,1.2335653518948182,0.0012335653518948182,0.0004167931413165838,0.0008046001957354523,0.04724235997100617,0.9976798143851509,0.001233565351894818,-1.2172014842782132e-05,-0.0021625218611437524,-0.00046349322552747727,0.001075692069652303,0.0002972607368772857,0.0011046569146365732,0.5916473317865429,0.000591647331786543,-0.00017485419046995914,0.6419180201082754,0.0006419180201082753,0.000162682175627177
2010-01-27,6.129298170827817e-05,-0.0011722723701865399,1.2335653518948182,0.0012335653518948182,-0.0002674351166562221,0.00032872809836450033,-0.010358011922788268,0.9976798143851509,0.001233565351894818,-0.00117227237018654,0.0005442601818749907,-0.0030781330711670695,0.003211167828052901,0.0012919407275464713,-0.0014501415401371779,0.5877803557617943,0.0005877803557617943,-0.0008552154724180164,0.645784996133024,0.000645784996133024,-0.00031705689776852366
2010-01-28,-0.002309491268840119,-0.003523721740611194,1.214230471771075,0.001214230471771075,0.00034953796888073006,-0.002659029237720849,-0.07146948987989295,0.9976798143851509,0.001214230471771075,-0.003523721740611194,0.004122585213054531,0.007650233659043426,0.006347542265904686,0.0001769964873680372,0.0009625542999503625,0.6109822119102861,0.0006109822119102861,-0.00026144424302955606,0.6032482598607889,0.0006032482598607888,-0.003262277497581638
2010-01-29,0.0019059875973549082,0.0008387022145242818,1.0672853828306264,0.0010672853828306264,0.002248324429097142,-0.0003423368317422334,0.07230232671337727,0.9976798143851509,0.0010672853828306264,0.0008387022145242818,0.0016584436529552666,-0.0012966579795015494,0.0035885565164926856,0.001330353420430369,0.006095482561465291,0.5645784996133024,0.0005645784996133024,0.0016837459294838395,0.502706883217324,0.000502706883217324,-0.0008450437149595575
2010-02-01,0.0005378385442009726,-0.0007459974960155781,1.2838360402165507,0.0012838360402165506,-0.00039181890437124336,0.0009296574485722159,0.02966811421999465,0.9976798143851509,0.0012838360402165506,-0.000745997496015578,-0.002233463452467068,-0.0010720487403753512,-0.0015789842123042342,-0.0014004317166366382,-0.00047797447505846635,0.6496519721577726,0.0006496519721577726,-0.0010414708765290159,0.634184068058778,0.000634184068058778,0.0002954733805134379
2010-02-02,0.0015728783292129048,0.00029290926502110277,1.279969064191802,0.001279969064191802,0.002889345643524224,-0.0013164673143113194,0.0076211814948123156,0.9976798143851509,0.001279969064191802,0.00029290926502110277,0.0010333101091239713,0.005826522511328412,0.0029027833870126146,0.0022307769577646925,0.0075728066771102625,0.5993812838360402,0.0005993812838360402,0.002289964359688184,0.6805877803557618,0.0006805877803557617,-0.001997055094667081
2010-02-03,0.00021770038165688468,-0.0010158649702379334,1.2335653518948182,0.0012335653518948182,-0.0034170650009228724,0.003634765382579757,-0.0009695047843215976,0.9976798143851509,0.001233565351894818,-0.0010158649702379336,-0.009852948628246405,-0.0019242743552950674,-0.011318636105803805,-0.002017716864878693,-0.009266176558707801,0.6187161639597835,0.0006187161639597834,-0.004035781164882656,0.6148491879350348,0.0006148491879350348,0.003019916194644722
2010-02-04,7.955158297470917e-05,-0.0009451970635836822,1.0247486465583913,0.0010247486465583913,0.005279335922331262,-0.005199784339356553,-0.014308779764993007,0.9976798143851509,0.0010247486465583913,-0.0009451970635836821,0.01203927967742954,0.006912718563284528,0.015357833221864382,0.002623893973729725,0.014562893356331236,0.525908739365816,0.0005259087393658159,0.004753427182965446,0.4988399071925754,0.0004988399071925755,-0.0056986242465491286
2010-02-05,0.0008833553364901126,-0.0001143244778950381,0.9976798143851509,0.0009976798143851507,-0.001992890307489096,0.0028762456439792084,0.04860934134122501,0.9976798143851509,0.0009976798143851507,-0.00011432447789503806,-0.006517416875193919,-0.004111205939329125,-0.006059887863339367,-0.0013238574983727516,-0.005330646059147116,0.4872389791183295,0.00048723897911832946,-0.0024801292866074255,0.5104408352668214,0.0005104408352668213,0.002365804808712387
2010-02-08,0.0019672782131825886,0.0008535891180549784,1.1136890951276102,0.0011136890951276102,0.004362661236852233,-0.002395383023669644,0.12121903887942845,0.9976798143851509,0.0011136890951276102,0.0008535891180549784,0.004948677209417489,0.004393282155852288,0.006628978783813483,0.0022018172146406733,0.012017512274656259,0.5568445475638051,0.0005568445475638051,0.0038058166892884276,0.5568445475638051,0.0005568445475638051,-0.002952227571233449
2010-02-09,-0.0003406095124080253,-0.0015393720800801055,1.1987625676720803,0.0011987625676720805,-0.0006584732513805656,0.00031786373897254027,0.004978833824676376,0.9976798143851509,0.0011987625676720803,-0.0015393720800801057,-0.003195916287142351,0.004554538467048503,0.0015826288990502257,-0.002826682362378581,-0.0005666725723806427,0.634184068058778,0.000634184068058778,-0.0012926573194393435,0.5645784996133024,0.0005645784996133024,-0.0002467147606407621
2010-02-10,0.0009030891302944396,-2.3051627632861177e-05,0.9280742459396751,0.0009280742459396752,-0.000533248059635821,0.0014363371899302605,0.04219598455825726,0.9976798143851509,0.0009261407579273008,-2.498511564523562e-05,-0.004469048490668712,0.0004039632877258733,-0.003876040770877103,-0.0012834655649702723,-0.000969193740820776,0.47177107501933485,0.00046983758700696053,-0.0010030856466427816,0.4563031709203403,0.0004563031709203403,0.0009800340190099202
2010-02-12,0.0010900052735214202,0.00015226358751987357,0.9396751740139211,0.0009396751740139211,1.2342635955186983e-05,0.0010776626375662334,0.1014999137807102,0.9976798143851509,0.0009377416860015465,0.0001503300995074991,-0.0007818724819316933,-0.004899084933641176,-0.0007615759727567073,0.0008009361160263784,-0.0003633540387339876,0.46017014694508895,0.0004582366589327146,-0.0004458940229775276,0.4795050270688322,0.00047950502706883217,0.0005981576104974012
2010-02-15,-0.0005022356458975692,-0.0014689796520847306,0.9667440061871616,0.0009667440061871616,0.002385345841024975,-0.002887581486922544,-0.03385539081864555,0.9976798143851509,0.0009667440061871614,-0.0014689796520847309,0.006423185824297751,0.004370032693122455,0.004838999363398511,0.00590843329939446,0.004218462821105776,0.4795050270688322,0.00047950502706883217,0.0019058408139561427,0.4872389791183295,0.00048723897911832946,-0.0033748204660408736
2010-02-16,0.0003174713699428033,-0.000755614476924946,1.0750193348801238,0.0010750193348801238,-0.0029846767581713594,0.0033021481281141625,0.024377381642800084,0.9976798143851509,0.0010730858468677492,-0.0007575479649373205,-0.006209330268499276,-0.007295901687695012,-0.004724697801785412,-0.006388027372752547,-0.0058179796083852355,0.5607115235885537,0.0005587780355761794,-0.0035434547937475388,0.51430781129157,0.00051430781129157,0.0027878403168225922
2010-02-17,-0.0007707705555445848,-0.001381752767454871,0.6109822119102861,0.0006109822119102861,0.001137738015932924,-0.0019085085714775087,-0.05466287880360076,0.9976798143851509,0.0006109822119102861,-0.001381752767454871,0.0029678736364670646,0.005472914190963934,0.002999818109101475,0.0032046890180486075,0.0018374391587580037,0.2861562258313998,0.00028615622583139983,0.000851581790101524,0.3248259860788863,0.0003248259860788863,-0.002233334557556395
2010-02-18,-0.00034008411024854244,-0.0012430230120273513,0.9048723897911833,0.0009048723897911833,0.0032670047200238127,-0.0036070888302723553,-0.03202369313630307,0.9976798143851509,0.0009029389017788089,-0.0012449565000397257,0.007211747717488831,0.0071016539555093655,0.005886763028065357,0.0038335325593498383,0.007907040936582732,0.502706883217324,0.0005007733952049498,0.002766231324818863,0.40216550657385924,0.00040216550657385926,-0.004009254336846214
2010-02-19,0.0022154927733925465,0.001242948303168262,0.974477958236659,0.0009744779582366589,-0.001891559067248934,0.0041070518406414805,0.143855658721034,0.9976798143851509,0.0009725444702242845,0.0012410148151558876,-0.008646899197131986,-0.007204729670683816,-0.013176926364401063,-0.006273968237417086,-0.002587366566283118,0.5104408352668214,0.000508507347254447,-0.002400066414503381,0.46403712296983757,0.0004640371229698376,0.003643014717671643
2010-02-22,7.770482311216315e-05,-0.000892906159099747,0.9706109822119102,0.0009706109822119102,-0.0022121122194633655,0.0022898170425755286,-0.021632551875901577,0.9976798143851509,0.0009706109822119101,-0.0008929061590997471,-0.004175872101397616,-0.005321995683452075,-0.008658989198946069,-0.004224846175103832,-0.0045639099710617845,0.45243619489559167,0.00045243619489559165,-0.002664548414358957,0.5181747873163186,0.0005181747873163186,0.00177164225525921
2010-02-23,-0.0007993200623710039,-0.0018453370770655127,1.0479505027068832,0.0010479505027068832,0.003875782338219251,-0.004675102400590255,-0.037357441026571764,0.9976798143851509,0.0010460170146945088,-0.001847270565077887,0.009096770436764816,0.009710754716141886,0.011232575523322607,0.00715694188762633,0.00807591641273914,0.5491105955143079,0.0005471771075019335,0.0033286052307173178,0.4988399071925754,0.0004988399071925755,-0.00517394230778283
2010-02-24,0.000244240086712203,-0.0008172448320813003,1.0634184068058778,0.0010634184068058778,-0.000887357409073871,0.001131597495786074,-0.009052912231026946,0.9976798143851509,0.0010614849187935032,-0.0008191783200936748,-0.0013911506233976747,-0.00399072112034142,-0.007164611718631718,0.0006842060703705304,-0.0030063881857819836,0.5607115235885537,0.0005587780355761794,-0.0014461354446500504,0.502706883217324,0.000502706883217324,0.0006288906125687499
2010-02-25,0.0009827721195697406,-0.00017538719984247877,1.160092807424594,0.001160092807424594,0.0022736376383487816,-0.0012908655187790412,0.07323115561393229,0.9976798143851509,0.0011581593194122195,-0.00017732068785485328,0.0015552278208539095,0.004616581459115579,0.0014254650381263067,0.006741855962585924,0.00346584752192791,0.5877803557617943,0.00058584686774942,0.0016877907705993617,0.5723124516627996,0.0005723124516627997,-0.0018631779704418408
2010-02-26,0.00025338695707883966,-0.0008912379462467597,1.1446249033255993,0.0011446249033255993,-0.001129237487288901,0.0013826244443677406,-0.0016625795830457785,0.9976798143851509,0.0011446249033255993,-0.0008912379462467597,-0.0024926524907180917,-0.003271765456302877,-0.0005858800568435111,-0.001653786158852625,-0.002568697783514499,0.568445475638051,0.0005684454756380511,-0.001697682962926952,0.5761794276875484,0.0005761794276875484,0.0008064450166801922
2010-03-01,0.0001848113309454654,-0.0008302698755510541,1.017014694508894,0.001017014694508894,-0.0004062375383796511,0.0005910488693251166,0.006509575246423031,0.9976798143851509,0.0010150812064965195,-0.0008322033635634287,-0.002407019227795259,0.001315475237458428,-0.0014599121071655228,0.00010311851383041327,-0.001272506561195004,0.5336426914153132,0.0005317092034029389,-0.00093794674178259,0.4833720030935808,0.0004833720030935808,0.00010767686623153579
2010-03-02,6.358777722318025e-05,-0.0009108901810134786,0.974477958236659,0.0009744779582366589,0.00016697088153028874,-0.00010338310430710855,-0.03926686813429381,0.9976798143851509,0.0009744779582366589,-0.0009108901810134786,-0.0006994210431185839,0.0020368488726775595,0.0003915265513837082,0.0008835402902164054,6.54442747620399e-05,0.4872389791183295,0.00048723897911832946,-0.0003202680975880407,0.4872389791183295,0.00048723897911832946,-0.0005906220834254381
2010-03-03,0.0006980842973890641,-6.370997948641921e-05,0.7617942768754834,0.0007617942768754834,0.002135565340658049,-0.0014374810432689848,0.0218554768492717,0.9976798143851509,0.0007617942768754833,-6.370997948641928e-05,0.0020857080465646535,0.004425023203214758,0.006304251378094074,0.002936463357277245,0.0049704360977894015,0.36349574632637277,0.00036349574632637275,0.0017720695943316761,0.3982985305491106,0.0003982985305491106,-0.0018357795738180953
2010-03-04,-0.0013228791043843357,-0.002154278949705295,0.831399845320959,0.000831399845320959,0.0018344872027023416,-0.0031573663070866773,-0.09553527463202098,0.9976798143851509,0.0008313998453209591,-0.002154278949705295,0.0066177569669611976,0.00559883885783699,0.005114670620737931,0.004300837642689572,0.003390846404703706,0.40216550657385924,0.00040216550657385926,0.0014323216961284824,0.42923433874709976,0.0004292343387470998,-0.003586600645833777
2010-03-05,0.0006141922240763232,-0.0003641527101850843,0.9783449342614076,0.0009783449342614075,-0.003746143541041117,0.00436033576511744,0.03770443121870306,0.9976798143851509,0.0009783449342614075,-0.0003641527101850843,-0.00899577003078772,-0.008022112469321819,-0.006045454913965826,-0.005231430255504206,-0.008679266672724464,0.4756380510440835,0.0004756380510440835,-0.0042217815920852,0.502706883217324,0.000502706883217324,0.0038576288819001155
2010-03-08,-0.00029475256936713646,-0.0013794393443091317,1.0866202629543698,0.0010866202629543696,-0.0010006124577535051,0.0007058598883863686,-0.029128838031875857,0.9976798143851509,0.0010846867749419952,-0.001381372832321506,-0.0007847711159862201,-0.0026572158150212502,0.0010811148105768782,-0.0015154688188286664,-0.0022510839809932997,0.525908739365816,0.0005239752513534416,-0.0015245877091069468,0.5607115235885537,0.0005607115235885538,0.00014514836479781479
2010-03-09,-0.0007862299219619048,-0.0018573822808172797,1.0750193348801238,0.0010750193348801236,0.0014961825423868936,-0.0022824124643487983,-0.08448771398130234,0.9953596287703016,0.0010711523588553748,-0.0018612492568420283,0.00605125811615925,0.001483079236621965,0.002811210087355535,0.004348231427845599,0.0023501508113699153,0.568445475638051,0.0005665119876256767,0.000929670554761217,0.5065738592420727,0.0005046403712296983,-0.0027870528355784965
2010-03-10,0.00047010674230989197,-0.0005372405121371304,1.0092807424593968,0.0010092807424593967,0.0013579272231146226,-0.0008878204808047305,0.03508373825696147,0.9953596287703016,0.0010073472544470223,-0.0005391740001495047,0.0013419186010308478,0.0026551401893275192,0.0031658802293163084,0.001607437696960365,0.003288882299728208,0.4988399071925754,0.0004988399071925753,0.0008590873159220472,0.5104408352668214,0.000508507347254447,-0.0013963278280591776
2010-03-11,0.0011843764439397884,0.000254368709987739,0.9319412219644239,0.0009319412219644238,0.0002765232889934808,0.0009078531549463074,0.09064179224433905,0.9976798143851509,0.0009300077339520494,0.0002524352219753646,-0.002323939527606301,-0.0007578624876131844,-0.005561195299541238,0.0009022812419750462,0.0003803584782417112,0.47177107501933485,0.00046983758700696053,-0.0001933142980134797,0.46017014694508895,0.00046017014694508894,0.0004476830080012185
2010-03-12,0.002574146641263467,0.0016866756435836528,0.8894044856921887,0.0008894044856921887,-0.00028166278468389627,0.0028558094259473633,0.2173738094851784,0.9976798143851509,0.0008874709976798142,0.0016847421555712784,-0.005517977757999133,-0.006010424479164269,-0.0020437850226099888,0.0014765434144012762,-0.0015766405957129046,0.44470224284609433,0.00044276875483372,-0.0007244315395176163,0.44470224284609433,0.00044470224284609436,0.002411107183101269
2010-03-15,0.000442025021224428,-0.0007702719625342724,1.214230471771075,0.001214230471771075,0.0011828123866732963,-0.0007407873654488683,0.03175307399124374,0.9976798143851509,0.0012122969837587004,-0.0007722054505466471,0.001394707778756879,0.0016332101384471836,0.0003854273308038072,0.003321412890886489,0.0018959828940185515,0.6148491879350348,0.0006129156999226604,0.0005698966867506359,0.5993812838360402,0.0005993812838360402,-0.0013401686492849085
2010-03-16,-0.00024229443251820956,-0.0016363392894400966,1.3959783449342613,0.0013959783449342615,-0.00021723613364255787,-2.505829887565173e-05,-0.0421072371754938,0.9976798143851509,0.001394044856921887,-0.001638272777452471,-0.0009131141722192481,0.0019981630016818173,0.0018801885769567498,-0.0015549677374244789,0.00011521935675087073,0.6728538283062645,0.0006709203402938902,-0.000888156473936448,0.7231245166279969,0.0007231245166279969,-0.0007481828155036487
2010-03-17,-0.0013655861394404854,-0.0021931190087366957,0.8275328692962104,0.0008275328692962103,0.00024251546256392456,-0.0016081016020044099,-0.09252314620037061,0.9976798143851509,0.0008275328692962103,-0.0021931190087366957,0.0036063090434116794,0.00237456250003545,0.00045074201664426546,0.0005323881617946901,0.00046613955514833227,0.3866976024748647,0.0003866976024748647,-0.00014418213991094012,0.4408352668213457,0.0004408352668213457,-0.0020489368688257556
2010-03-18,-0.0005333932504593337,-0.0015809991268306782,1.0514683767293977,0.0010514683767293977,-0.0011977434675630588,0.0006643502171037252,-0.007095941882538764,0.9953703703703703,0.0010476058763713445,-0.0015848616271887314,-0.0008446303494291834,-0.0022957380435568984,-0.0007989256939770097,-0.002571942689374934,-0.002312040718320807,0.5411797141302168,0.0005373172137721635,-0.0017350606813352223,0.5102886625991808,0.0005102886625991808,0.00015406155450454432
2010-03-19,-0.0009057562747458536,-0.002020725410548323,1.1149691358024691,0.001114969135802469,-0.0008139062697385788,-9.185000500727493e-05,-0.021040298933786228,0.9953703703703703,0.0011149691358024693,-0.002020725410548323,0.001020499121976877,-0.0015110674956768059,0.00034966753855501657,-0.0016546946473335528,-0.0016165515241903868,0.5594135802469136,0.0005594135802469136,-0.0013733198499854924,0.5555555555555556,0.0005555555555555556,-0.0006474055605628305
2010-03-23,0.0013202350571040224,0.00038852209414105956,0.9336419753086419,0.0009336419753086419,-0.00016312176278177837,0.0014833568198858009,0.07777508198379077,0.9953703703703703,0.0009317129629629627,0.00038659308179538044,-0.0029405798801018786,-0.0029919915847799114,0.0007941113007229649,0.002228265883608454,-0.0015617049198228966,0.46682098765432095,0.000464891975308642,-0.0006280137380904203,0.46682098765432095,0.000466820987654321,0.0010165358322314797
2010-03-24,9.107636275721316e-05,-0.0009390162298353793,1.0300925925925926,0.0010300925925925926,-0.00040867203478330905,0.0004997483975405223,0.010405102370785207,0.9953703703703703,0.0010300925925925924,-0.0009390162298353794,-0.001038816676474735,-0.0009106449718418939,0.0025330776617725776,-0.0012958599448730456,-0.0005919732612777678,0.5169753086419753,0.0005169753086419753,-0.0009256473434252843,0.5131172839506173,0.0005131172839506173,-1.3368886410094994e-05
2010-03-25,0.0006836692746393432,-0.0003367782562248543,1.0223765432098766,0.0010223765432098766,-0.005196279028733075,0.005879948303372418,0.014681362975212138,0.9930555555555556,0.0010204475308641975,-0.0003387072685705334,-0.013613765201167465,-0.007992588887824975,-0.007314309481561479,-0.012917435690418417,-0.009245324428161374,0.5208333333333333,0.0005208333333333333,-0.005717112362066408,0.5015432098765432,0.0004996141975308642,0.005380334105841554
2010-03-26,0.001341791362510948,0.0002576864242393431,1.091820987654321,0.001091820987654321,0.0015002391657225936,-0.00015844780321164567,0.06365794605307755,0.9930555555555556,0.001084104938271605,0.00024997037485662704,0.0008922867325747013,-0.000850215700966057,0.0027445233454642267,0.0010813781348069092,0.003987249081697706,0.5671296296296297,0.0005613425925925926,0.0009388965731300011,0.5246913580246914,0.0005227623456790124,-0.0006812101488906581
2010-03-29,0.0011575912999053735,-5.979451688589591e-05,1.2173902924579645,0.0012173902924579646,0.0007456831885046128,0.00041190811140076074,0.07215199492965196,0.9953596287703016,0.0012173858167912695,-5.979899255259113e-05,-0.001871007831209593,0.001308331248999951,-0.0025752362119146046,0.00016873197389748637,0.0021588670192633683,0.6221982326487353,0.00062219375698204,0.00012348943152257273,0.5951920598092292,0.0005951920598092292,-0.00018328394840846847
2010-03-30,0.000946165511380241,-0.00024292961622996773,1.191028615622583,0.001191028615622583,0.0026442662274246517,-0.001698100716044411,0.0761810673568987,0.9953596287703016,0.0011890951276102087,-0.0002448631042423421,0.0023234290554594306,0.005511407380095679,0.0036038052531981923,0.008885886932485033,0.003611627851716786,0.5877803557617943,0.00058584686774942,0.002058419359675232,0.6032482598607889,0.0006032482598607888,-0.0023013489759052
2010-03-31,0.00020034381586654665,-0.0010796252483252552,1.2838360402165507,0.0012838360402165506,0.0008907755149445295,-0.0006904316990779827,0.0002980501350420933,0.9953596287703016,0.0012799690641918018,-0.001083492224350004,0.0009927747832931923,0.002143586772908339,0.0015563027931675146,-0.0013477256919936405,0.0033524041037253705,0.6689868522815159,0.0006651198762567672,0.00022565563868776235,0.6148491879350348,0.0006148491879350348,-0.0013052808870130175
2010-04-01,0.0018238080848926455,0.0005390721262924554,1.2847359586001903,0.0012847359586001903,-0.000741889768610015,0.0025656978535026605,0.07956981075868275,0.988479262672811,0.00128473595860019,0.0005390721262924553,-0.00582682729884979,-0.0037051435874060025,0.00010229130474012689,-0.003934573421905235,-0.00025326611371460017,0.6615157476807054,0.0006615157476807054,-0.0014034055162907204,0.6232202109194849,0.000623220210919485,0.0019424776425831757
2010-04-02,-0.0018327422330622811,-0.0031960294834463055,1.370967741935484,0.0013709677419354838,6.293988204814012e-05,-0.0018956821151104213,-0.04311376517418682,0.988479262672811,0.0013632872503840244,-0.0032037099749977647,0.005462111602899092,0.0004237221453455784,0.0027809949877326324,0.0016885193835667958,-0.000617057576237774,0.6797235023041475,0.0006720430107526882,-0.000609103128704548,0.6912442396313364,0.0006912442396313364,-0.0025869263547417575
2010-04-05,0.0013528912532612435,0.00017201567722437722,1.1827956989247312,0.0011827956989247312,0.0009738930047369551,0.00037899824852428846,0.08442874230746432,0.988479262672811,0.0011808755760368663,0.00017009555433651234,-0.0018146463111100154,0.0013605306931229102,-0.002477445645103036,0.004844393306350173,0.0005762898800781127,0.576036866359447,0.0005741167434715822,0.00039977626126537285,0.6067588325652842,0.0006067588325652842,-0.00022776058404099572
2010-04-06,0.0014287629952811957,0.00045526069113373014,0.9754224270353302,0.0009754224270353303,-0.0007664989241820121,0.002195261919463208,0.09425922914295007,0.988479262672811,0.0009735023041474655,0.0004533405682458654,-0.006191068368955066,-0.0007591553041178973,-0.010797418871280459,-0.0011111497668175225,-0.0017641793624605605,0.5145929339477726,0.0005126728110599079,-0.0012791717352419198,0.4608294930875576,0.0004608294930875576,0.0017344324263756502
2010-04-07,0.00129741632383804,0.00018758529465217211,1.1136712749615976,0.0011136712749615974,0.0015092718011930548,-0.00021185547735501467,0.031716729260741434,0.988479262672811,0.0011098310291858678,0.00018374504887644252,-5.7173186305666996e-05,0.0013825570922261809,-0.00031439440883336333,0.00016677036393377017,0.004435938351304439,0.5952380952380952,0.0005913978494623656,0.0009178739517306892,0.5184331797235023,0.0005184331797235024,-0.000730288657078517
2010-04-08,0.0002004883351405246,-0.0010245500673172327,1.228878648233487,0.001228878648233487,0.0035554178357001774,-0.003354929500559653,0.0016177693204426523,0.988479262672811,0.0012250384024577573,-0.0010283903130929623,0.005266412892213804,0.009550476329267416,0.007258595143890045,0.00810784225822313,0.006774199433334097,0.6105990783410138,0.0006067588325652842,0.002948659003134893,0.6182795698924731,0.0006182795698924731,-0.003973209070452126
2010-04-09,-0.000937390133768712,-0.0019358540354584201,1.0023041474654377,0.0010023041474654377,-0.0017065666927121817,0.0007691765589434698,-0.028779401998338724,0.9861751152073732,0.0009984639016897081,-0.0019396942812341497,-0.0014382413434999338,-0.001748059978241518,-0.004038271213288586,-0.0030168498256359973,-0.0036515203920177044,0.5337941628264209,0.000531874039938556,-0.0022384407326507378,0.4685099846390169,0.0004665898617511521,0.00030258669719231775
2010-04-12,0.0014299876767796724,0.0003451182451360473,1.08678955453149,0.00108678955453149,0.001371365881396557,5.862179538311547e-05,0.09226027534591959,0.9861751152073732,0.0010848694316436252,0.00034319812224818235,-8.149250437549067e-05,-0.00019012250318826932,-0.0005936147713074295,0.0030905957126261072,0.002594866180793723,0.5645161290322581,0.0005625960061443932,0.0008087698752521637,0.522273425499232,0.000522273425499232,-0.0004636516301161165
2010-04-13,0.0011623543823376216,-1.6601070811379915e-05,1.1827956989247312,0.0011827956989247312,0.0014834522051751502,-0.0003210978228375285,0.0644797497655572,0.988479262672811,0.0011789554531490016,-2.0441316587109558e-05,0.0010901940509951665,-0.00025823010045257657,0.0025673376764913155,0.0009178495175732397,0.004002301140785283,0.6182795698924731,0.0006144393241167435,0.0008690128810584067,0.5645161290322581,0.0005645161290322581,-0.0008856139518697866
2010-04-14,-0.0017342159514515758,-0.0028152451373194714,1.0829493087557605,0.0010829493087557603,-0.0020755794386165686,0.00034136348716499266,-0.11646008848790852,0.988479262672811,0.0010810291858678956,-0.002817165260207336,0.0019638229290428696,-0.005971118319183765,-0.005150924722764223,-0.002946024512749933,-0.004790205244600659,0.5606758832565284,0.0005587557603686636,-0.002634335198985232,0.522273425499232,0.000522273425499232,-0.0001809099383342393
2010-04-15,0.0005627970269148621,-0.000533593142055952,1.098310291858679,0.001098310291858679,-0.001788169095593222,0.002350966122508084,0.030181033919351678,0.988479262672811,0.0010963901689708142,-0.0005355132649438169,-0.004587782913636554,-0.0048978037888442495,-0.00683669081272713,-0.0046123724968588665,-0.003152020389342897,0.5645161290322581,0.0005625960061443932,-0.002350765101737615,0.5337941628264209,0.0005337941628264209,0.001817171959681663
2010-04-16,-0.0001064974319686471,-0.0011740857576214888,1.0675883256528418,0.0010675883256528419,0.0037857534547958292,-0.0038922508867644764,-0.010493310210762939,0.988479262672811,0.0010675883256528417,-0.001174085757621489,0.008434066782483998,0.006431685536491078,0.009431671796463436,0.006386767783508485,0.008284590076014158,0.5453149001536098,0.0005453149001536098,0.0032404385546422193,0.522273425499232,0.000522273425499232,-0.004414524312263708
2010-04-19,0.0006984024544576123,-0.00026549923525052917,0.9639016897081414,0.0009639016897081414,0.0014690678276820155,-0.0007706653732244033,0.0715248889341478,0.988479262672811,0.0009639016897081414,-0.0002654992352505291,0.0010658355200639747,0.0024816913320015823,0.003710572304491233,0.004604521311740472,0.0022006623895536466,0.49923195084485406,0.0004992319508448541,0.0009698358768371614,0.4646697388632873,0.00046466973886328725,-0.0012353351120876906
2010-04-20,-0.0014187353714621364,-0.002378796815394548,0.9600614439324117,0.0009600614439324117,-0.0014647796769169813,4.604430545484479e-05,-0.059798645171390226,0.988479262672811,0.0009600614439324118,-0.002378796815394548,0.0009646119406405745,-0.0022048546201418754,-0.004067271193379418,-0.0028958990630798187,-0.0030028599626594193,0.47619047619047616,0.0004761904761904762,-0.0019409701531074575,0.4838709677419355,0.0004838709677419355,-0.0004378266622870907
2010-04-21,-0.0004308490658486775,-0.0015214788661558972,1.0906298003072197,0.0010906298003072197,0.002599168789869371,-0.0030300178557180484,-0.03073624918875951,0.988479262672811,0.0010906298003072197,-0.0015214788661558972,0.007035664726969581,0.004066984330635085,0.010035387239477252,0.0011131249612186458,0.007248607666567936,0.5529953917050692,0.0005529953917050691,0.002046173398164302,0.5376344086021505,0.0005376344086021505,-0.0035676522643201987
2010-04-22,-0.0012702136266641347,-0.0023051598632232747,1.0368663594470047,0.0010368663594470047,0.003196747677160204,-0.004466961303824339,-0.051825766061801705,0.988479262672811,0.00103494623655914,-0.0023070799861111394,0.009701216051295598,0.007337722460991741,0.006922737930533317,0.012277674280216174,0.003641043394982044,0.5069124423963134,0.0005049923195084486,0.0026917553576517555,0.5299539170506913,0.0005299539170506912,-0.00499691522087503
2010-04-23,0.00011780982362160429,-0.0010169828031065065,1.1367127496159755,0.0011367127496159754,-0.0028305330597337046,0.0029483428833553087,-0.009917880424292074,0.988479262672811,0.0011347926267281107,-0.0010189029259943712,-0.006329520523774512,-0.0049903494541917205,-0.0019871758084359196,-0.005383392447737297,-0.005904138185902976,0.576036866359447,0.0005741167434715822,-0.003404649803205287,0.5606758832565284,0.0005606758832565284,0.0023876670000987804
2010-04-26,-0.0013383898924126491,-0.002292690967681466,0.956221198156682,0.000956221198156682,-0.003217688288955544,0.001879298396542895,-0.03901128213234277,0.988479262672811,0.0009543010752688171,-0.002294611090569331,-0.002572032951531659,-0.006105803119000358,0.00015139271754925743,-0.006228917730378732,-0.006623810181242723,0.4877112135176651,0.0004857910906298003,-0.0037034793795853445,0.4685099846390169,0.0004685099846390169,0.0014107884119038783
2010-04-27,-0.0030144961706875645,-0.004066723513237488,1.0522273425499231,0.001052227342549923,0.0029896105163130416,-0.006004106687000606,-0.11201198280094173,0.988479262672811,0.001052227342549923,-0.004066723513237488,0.013230287343235583,0.009481250170884187,0.006807712372976314,0.0072312576148922825,0.005457261593361381,0.5453149001536098,0.0005453149001536098,0.0024442956161594316,0.5069124423963134,0.0005069124423963134,-0.006511019129396919
2010-04-28,0.001342155017880441,0.00040513504860240746,0.9370199692780338,0.0009370199692780338,-0.0001629681628431426,0.0015051231807235838,0.058904646755114046,0.988479262672811,0.0009370199692780336,0.0004051350486024073,-0.0027959634805385367,-0.0034180518035303105,-0.0016067112543970243,0.0013724524781540605,-0.0011503438354807456,0.48003072196620583,0.00048003072196620584,-0.0006429988848093485,0.45698924731182794,0.00045698924731182796,0.0010481339334117558
2010-04-30,0.001304917718592326,0.00014708361720983752,1.163594470046083,0.001163594470046083,-0.002997871712327108,0.004302789430919433,0.040400764199938294,0.988479262672811,0.0011578341013824885,0.0001413232485462431,-0.00971388587154236,-0.006329616022695063,-0.011793783951744267,-0.007595009844900499,-0.0051754352372046794,0.6298003072196621,0.0006240399385560676,-0.0036219116508831757,0.5337941628264209,0.0005337941628264209,0.0037689952680930124
2010-05-06,-0.003583653098647985,-0.004710765233824636,1.1328725038402458,0.0011328725038402458,0.0019706041578871486,-0.005554257256535133,-0.12244723327096724,0.988479262672811,0.0011271121351766511,-0.004716525602488231,0.01200944109313377,0.009230050908025532,0.015001490065784159,0.005556069803541403,0.0032159815053456843,0.5606758832565284,0.0005549155145929339,0.0014156886432942148,0.5721966205837173,0.0005721966205837173,-0.00612645387711885
2010-05-07,-0.00010212480789104989,-0.001436610214957102,1.3402457757296466,0.0013402457757296466,0.0016733116005932752,-0.0017754364084843252,-0.0010917359102536237,0.988479262672811,0.0013344854070660521,-0.0014423705836206966,0.0014375473597788902,0.0077530349533001105,0.009174569148071838,0.008728368578572412,0.0006442104324895275,0.6797235023041475,0.000673963133640553,0.0009993484669527223,0.6605222734254992,0.0006605222734254992,-0.0024359586819098244
2010-05-10,-0.0019500477958516041,-0.0032211691476181172,1.271121351766513,0.0012711213517665131,-0.0010387819153743188,-0.0009112658804772853,-0.12340643490393545,0.988479262672811,0.0012711213517665131,-0.0032211691476181172,0.002697030937402528,6.0964223500347855e-05,0.0022222225632087295,0.002418627542591581,-0.004318495504209269,0.6221198156682027,0.0006221198156682028,-0.0016609017310425214,0.6490015360983102,0.0006490015360983102,-0.0015602674165755956
2010-05-11,-0.0017230143191180702,-0.00313622476458658,1.41321044546851,0.00141321044546851,0.0009163271530283007,-0.002639341472146371,-0.13509483344301862,0.988479262672811,0.00141321044546851,-0.00313622476458658,0.005365485198660694,0.005068673725596196,0.009529065232398383,-0.0006259953974257162,0.0030556596601906687,0.7104454685099847,0.0007104454685099846,0.00020588168451831615,0.7027649769585254,0.0007027649769585254,-0.0033421064491048966
2010-05-12,0.00023606276674371804,-0.0010811415343315507,1.3172043010752688,0.0013172043010752689,-0.0029272368903525982,0.0031632996570963162,0.009248065561910379,0.988479262672811,0.0013172043010752687,-0.0010811415343315509,-0.005859983028430637,-0.007216200166308398,-0.004998286341160982,-0.007210386766266441,-0.005156329447301452,0.6490015360983102,0.0006490015360983102,-0.0035762384264509083,0.6682027649769585,0.0006682027649769585,0.0024950968921193576
2010-05-13,-0.001285925310036971,-0.0023765551103441906,1.0944700460829493,0.0010944700460829493,-0.00018417459245619747,-0.0011017507175807733,-0.007347444991435428,0.988479262672811,0.0010906298003072197,-0.0023803953561199204,0.0010311795832248006,0.004532948577413236,-0.0009354256709559898,-0.0017422284750161997,0.0002998350150872951,0.5491551459293394,0.0005453149001536098,-0.0007294894926098073,0.5453149001536098,0.0005453149001536098,-0.0016470656177343833
2010-05-14,0.0009885199446747583,-0.00014627268205335233,1.1367127496159755,0.0011367127496159754,0.0010132211331578933,-2.470118848313494e-05,0.04581232720767604,0.988479262672811,0.0011347926267281107,-0.0001481928049412171,-0.00042741013192759426,0.001002686688705955,-0.0013139184140814112,0.004263505400803744,0.0009744316809259557,0.576036866359447,0.0005741167434715822,0.00043910438968631105,0.5606758832565284,0.0005606758832565284,-0.0005853770717396634
2010-05-17,0.003207449980255562,0.0021264207943876663,1.08678955453149,0.00108678955453149,-0.0029047696960427627,0.006112219676298325,0.14095962720174848,0.988479262672811,0.0010810291858678956,0.002120660425724072,-0.013847581597160385,-0.00889384838517541,-0.008829343172870346,-0.0072803347317200486,-0.005054108827812797,0.5913978494623656,0.0005856374807987711,-0.0034904071768415337,0.49539170506912444,0.0004953917050691244,0.005616827971229201
2010-05-18,-0.0004336626304511339,-0.0016010973462729464,1.1674347158218126,0.0011674347158218126,0.002677730958275493,-0.003111393588726627,-0.01653866672340917,0.988479262672811,0.0011674347158218126,-0.0016010973462729466,0.007946401105256812,0.0027326435482085253,0.003026654805190394,0.0068029289688272985,0.004613261280355757,0.576036866359447,0.000576036866359447,0.002101694091916046,0.5913978494623656,0.0005913978494623656,-0.0037027914381889925
2010-05-19,0.0015539304318246913,0.00035385362690917675,1.2058371735791091,0.001205837173579109,-0.001008005409098719,0.0025619358409234103,0.05039980667018268,0.988479262672811,0.0012000768049155145,0.0003480932582455823,-0.005334884722509913,-0.004666508554438935,-0.009548485143111,-0.0004024479533671979,-0.002822779246987174,0.6336405529953917,0.0006278801843317973,-0.0016358855934305162,0.5721966205837173,0.0005721966205837173,0.001989739220339693
2010-05-20,0.0033104694589496967,0.002369609243895933,0.9408602150537635,0.0009408602150537634,0.005709402030472487,-0.0023989325715227904,0.12117371869599647,0.988479262672811,0.0009408602150537638,0.0023696092438959333,0.005556690386274095,0.0032471259314640994,0.003948155871257082,0.0034532562817732363,0.015421741665523674,0.445468509984639,0.000445468509984639,0.005263933520487848,0.49539170506912444,0.0004953917050691244,-0.0028943242765919145
2010-05-21,-0.00021049792857564105,-0.00130880822043432,1.098310291858679,0.001098310291858679,-0.0003548412411051684,0.00014434331252952725,-0.025566652430377708,0.988479262672811,0.0010983102918586788,-0.0013088082204343202,0.00041683674818041185,-0.0016977424292962007,0.003660967021295859,1.0039872411629344e-05,-0.0010669233772997045,0.5491551459293394,0.0005491551459293395,-0.000903996387034508,0.5491551459293394,0.0005491551459293395,-0.0004048118333998123
2010-05-24,0.00039325184290636315,-0.0008682688944208258,1.2672811059907834,0.0012672811059907833,-0.0006317790828791847,0.001025030925785548,0.0030037556444859207,0.988479262672811,0.0012615207373271888,-0.0008740292630844202,-0.0031613855548068824,0.00018672391249751927,-0.009925867280685946,-0.0013875318317102406,-0.0011972142356591292,0.6259600614439325,0.000620199692780338,-0.0012519787756595227,0.641321044546851,0.000641321044546851,0.0003837098812386969
2010-05-25,-0.00023260352892802349,-0.001597810902199913,1.370967741935484,0.0013709677419354838,-0.002588953696900184,0.0023563501679721606,-0.011229240222937245,0.988479262672811,0.0013652073732718895,-0.0016035712708635072,-0.00487487063322963,-0.004355858359746501,-0.003190873702680615,-0.004058192835575922,-0.005789878661823209,0.6912442396313364,0.0006854838709677419,-0.003274437567867926,0.6797235023041475,0.0006797235023041474,0.0016766266656680132
2010-05-26,-0.0009282953312734893,-0.0020054842713656553,1.0791090629800308,0.0010791090629800307,0.004892406805000259,-0.005820702136273748,-0.03934748146875945,0.988479262672811,0.001077188940092166,-0.00200740439425352,0.010987438704110281,0.012869049862714707,0.012805868408550709,0.010494338742106445,0.00951693489060395,0.5529953917050692,0.0005510752688172043,0.004341331536183055,0.5261136712749616,0.0005261136712749615,-0.00634681580754871
2010-05-27,0.0003161665493240703,-0.0010163987348541172,1.3325652841781874,0.0013325652841781875,-0.0032635291608969275,0.003579695710220998,0.0030113550869908185,0.988479262672811,0.0013325652841781875,-0.0010163987348541172,-0.008093181238253758,-0.005242436671574042,-0.00445901310273313,-0.008319962905862913,-0.005703730689636623,0.65284178187404,0.0006528417818740399,-0.003916370942770968,0.6797235023041475,0.0006797235023041474,0.00289997220791685
2010-05-28,0.00032331510287702284,-0.0009958093210861107,1.3210445468509984,0.0013210445468509985,0.003304952759634306,-0.002981637656757283,0.017450295846296714,0.988479262672811,0.0013191244239631336,-0.0009977294439739756,0.005500694216278613,0.006847311471341545,0.007186497677570501,0.004277355258633459,0.007827135376392735,0.6374807987711214,0.0006355606758832566,0.002669392083751049,0.6835637480798771,0.0006835637480798771,-0.00366520140483716
2010-05-31,0.0013299823781399809,0.00024319282360849102,1.08678955453149,0.00108678955453149,-0.0017495199049745898,0.003079502283114571,0.07084519479650973,0.988479262672811,0.0010867895545314899,0.0002431928236084908,-0.007314632142681621,-0.0038052735197639806,-0.009667042094841665,-0.003687413820785127,-0.0034563632503725045,0.5568356374807988,0.0005568356374807987,-0.0023063555424553883,0.5299539170506913,0.0005299539170506912,0.0025495483660638797
2010-06-01,-0.0007174495509368676,-0.001712073206850846,0.9984639016897081,0.0009984639016897081,0.004116866942035761,-0.004834316492972629,-0.054128701118485945,0.988479262672811,0.0009946236559139785,-0.0017159134526265759,0.009799432593910393,0.009448962304648098,0.01102638694353958,0.00873679481750272,0.008154657089422406,0.49923195084485406,0.0004973118279569893,0.003619555114078772,0.49923195084485406,0.0004973118279569893,-0.005331628320929618
2010-06-02,0.0014286515395080324,0.0008756561478029634,0.5529953917050692,0.0005529953917050691,-0.0009751352924827498,0.0024037868319907825,0.08029662143985117,0.988479262672811,0.000552995391705069,0.0008756561478029633,-0.004769294238838949,-0.004907383541195607,0.0025870494904555357,-0.003756096634496142,-0.0011269795382864158,0.29185867895545314,0.00029185867895545315,-0.001266993971438203,0.261136712749616,0.000261136712749616,0.0021426501192411667
2010-06-03,0.0010927740534477943,0.0002536803514508665,0.8410138248847926,0.0008410138248847927,-0.003387926870580952,0.0044807009240287465,0.01444547627986011,0.988479262672811,0.0008390937019969278,0.0002517602285630016,-0.008301981562041453,-0.010337258714406493,-0.009163615350918027,-0.009566309496029036,-0.005522197221448971,0.47619047619047616,0.0004742703533026114,-0.003862197223883563,0.36482334869431643,0.00036482334869431644,0.00411587757533443
2010-06-04,-0.0006529458413450192,-0.0014517169626967858,0.8026113671274961,0.0008026113671274961,0.0026268424495307073,-0.0032797882908757263,-0.04748785229115592,0.988479262672811,0.0007987711213517666,-0.0014555572084725154,0.005590981208061665,0.008451528869946537,0.0060807373823951955,0.0015059289474011247,0.007144065776329304,0.445468509984639,0.0004435483870967742,0.002183294062433933,0.35714285714285715,0.0003552227342549923,-0.0036350110251307187
2010-06-07,-0.0006258771905812128,-0.0013152013073246844,0.6912442396313364,0.0006912442396313364,0.0018192105106395967,-0.0024450877012208096,-0.04220456787290085,0.988479262672811,0.0006893241167434716,-0.0013171214302125493,0.00471865149375215,0.005259957149801435,0.004990405540852531,0.00010989953198227011,0.0053926619125665145,0.33410138248847926,0.00033410138248847926,0.0014851091281511174,0.35714285714285715,0.0003552227342549923,-0.002800310435475802
2010-06-08,-0.0011395564265685022,-0.0018672830010692703,0.7296466973886329,0.0007296466973886329,0.001019977920052857,-0.002159534346621359,-0.07944882763400476,0.988479262672811,0.0007277265745007681,-0.0018692031239571352,0.0029137157978790904,0.007099987803326923,0.0005156378582302731,0.00477723540308493,0.0007741032316521768,0.3878648233486943,0.0003878648233486943,0.0006321130967041628,0.34178187403993854,0.0003398617511520737,-0.0024993960977734327
2010-06-09,-0.001313759311232507,-0.0020030834279759786,0.6912442396313364,0.0006912442396313364,0.00321608415222035,-0.004529843463452857,-0.08093649449876357,0.988479262672811,0.0006893241167434715,-0.0020050035508638432,0.007931993767257924,0.011383436747248482,0.010238046140824927,0.006262435830020572,0.006638818693015235,0.35714285714285715,0.00035714285714285714,0.002858941295077493,0.33410138248847926,0.0003321812596006144,-0.004862024723053472
2010-06-10,0.0001683506967519246,-0.0006630625136935439,0.8333333333333334,0.0008333333333333333,-0.0007778898567447343,0.0009462405534966589,-0.0014610688159916588,0.988479262672811,0.0008314132104454686,-0.0006649826365814086,-0.003470818932663382,0.001292097837469401,-0.002248381684797615,-0.0058453627465108295,0.0004935944443347819,0.47235023041474655,0.0004704301075268817,-0.001248319964271616,0.36098310291858676,0.0003609831029185868,0.0005852574505780721
2010-06-11,-0.001302944330633663,-0.0021074758206490237,0.8064516129032258,0.0008064516129032258,-0.0018136407432061971,0.0005106964125725342,-0.07167398999609388,0.988479262672811,0.0008045314900153608,-0.002109395943536889,-0.000931218206440248,-0.0012085898110136357,-0.0026029873234400315,-0.00644920052774967,-0.002352071581945775,0.4377880184331797,0.0004358678955453149,-0.002249508638751512,0.3686635944700461,0.0003686635944700461,0.00014203281810248815
2010-06-14,-0.00041917219431842836,-0.0016491411192261743,1.235738121722549,0.0012357381217225488,0.0005210236889854455,-0.000940195883303874,-0.0019969815014370547,0.9862068965517241,0.001229968924907746,-0.0016549103160409771,0.0029962129545610286,-0.00035125060929881355,0.00020336542159600415,-0.0004255847130141229,0.001766079866842384,0.5948717269629394,0.0005910226530360012,-6.999896405055568e-05,0.6408663947596095,0.0006389462718717447,-0.0015791421551756186
2010-06-15,0.0020113428121506112,0.0007852891723038677,1.2298850574712645,0.0012298850574712645,-0.00201011462211139,0.004021457434262001,0.12554674189101486,0.9862068965517241,0.0012260536398467437,0.0007814577546793467,-0.008493450744340826,-0.0072248878042960535,-0.010383169362491134,-0.006831962082473761,-0.0028106835745936613,0.5862068965517242,0.0005842911877394636,-0.0025944058098508536,0.6436781609195402,0.0006417624521072798,0.0033796949821547216
2010-06-16,0.0014380074625695877,0.0010203829414967907,0.41762452107279696,0.00041762452107279696,0.001904424180152326,-0.0004664167175827383,0.12079420253730186,0.9862068965517241,0.000417624521072797,0.0010203829414967907,0.0008412493222488135,0.0011289784244987887,0.0007156335524087707,0.0021306626184501147,0.004709167168543705,0.19540229885057472,0.00019540229885057475,0.0017090218813017512,0.22222222222222224,0.00022222222222222226,-0.0006886389398049605
2010-06-17,-0.0012523147649110837,-0.0019055714698919266,0.6551724137931034,0.0006551724137931035,0.002316930530951694,-0.003569245295862778,-0.09158528930317672,0.9862068965517241,0.0006532567049808429,-0.0019074871787041871,0.008052023561321026,0.00537318540430827,0.005627887196990806,0.0016040230811903676,0.006185654146080366,0.3601532567049809,0.00035823754789272036,0.001958692983058974,0.2950191570881226,0.00029501915708812266,-0.0038642644529509004
2010-06-18,0.0009084105731021425,0.00019385118612896222,0.7164750957854407,0.0007164750957854407,-0.0023682177716845693,0.0032766283447867115,0.061426597744789445,0.9862068965517241,0.0007145593869731803,0.00019193547731670175,-0.005459364396296162,-0.00884268129096664,-0.0066171469222840226,-0.004651133670471637,-0.004912739746210751,0.3984674329501916,0.0003965517241379311,-0.0027647694958225005,0.31800766283524906,0.00031800766283524907,0.0029586206819514627
2010-06-21,0.0012693593553032222,0.0006735739146901953,0.5977011494252874,0.0005977011494252874,0.0006834608021962419,0.0005858985531069803,0.07070065340006657,0.9862068965517241,0.0005957854406130269,0.0006716582058779348,-0.001280876140164516,-0.0009536390383128498,-0.0027720011063714794,0.0027364221460025252,0.000760804153874892,0.2835249042145594,0.0002835249042145594,0.00039993589798168253,0.314176245210728,0.0003122605363984675,0.0002736380167085128
2010-06-22,-0.0008985878130727962,-0.0016610399203524898,0.7624521072796935,0.0007624521072796935,0.0013589621997676998,-0.002257550012840496,-0.03869605725723961,0.9862068965517241,0.0007624521072796935,-0.0016610399203524898,0.004830832285092458,0.003883635506858061,0.0036534222764289842,0.00317952564169144,0.002578489457816329,0.3716475095785441,0.0003716475095785441,0.0009873146901891558,0.39080459770114945,0.0003908045977011495,-0.002648354610541646
2010-06-23,-3.209603109620925e-05,-0.0007792224678778185,0.7471264367816093,0.0007471264367816092,-0.00021232570523836578,0.00018022967414215655,-0.03142065498075061,0.9862068965517241,0.0007471264367816092,-0.0007792224678778185,-0.0009715295175481139,0.0008616809902432889,-0.002861480080619098,-0.0007881066027886406,-0.00026557055578022086,0.37547892720306514,0.0003754789272030652,-0.000587804632441431,0.3716475095785441,0.0003716475095785441,-0.00019141783543638754
2010-06-24,-0.0016050323509369986,-0.002380894419902516,0.7777777777777778,0.0007777777777777778,0.0016747881867398334,-0.003279820537676832,-0.10283671989822826,0.9862068965517241,0.0007758620689655175,-0.0023828101287147766,0.0076035504881850815,0.004523820182826768,0.0015609861095773714,0.0051321195798694685,0.002605779470855727,0.3831417624521073,0.00038314176245210735,0.001291646424287726,0.3946360153256705,0.00039272030651341,-0.003672540844190242
2010-06-25,0.00010155350755385158,-0.0005689445767373363,0.6704980842911877,0.0006704980842911878,0.000116975471958286,-1.5421964404434492e-05,0.008926761132803298,0.9862068965517241,0.0006704980842911879,-0.0005689445767373362,0.00014509582270387207,-0.00019995822943440615,-0.0010091050190818586,0.0021907914646785037,-0.000681515538743747,0.33333333333333337,0.0003333333333333334,-0.00021635786137504738,0.3371647509578544,0.0003371647509578544,-0.00035258671536228894
2010-06-28,-0.0003239362663623023,-0.0012798749636803103,0.9578544061302683,0.0009578544061302683,-0.003375153812553856,0.0030512175461915535,-0.07068256672690491,0.9862068965517241,0.000955938697318008,-0.0012817906724925706,-0.004142673224212827,-0.010021958828723667,-0.00897750324329863,-0.005384642569483886,-0.007587871261238126,0.4674329501915709,0.0004674329501915709,-0.003842586762745427,0.49042145593869735,0.0004885057471264369,0.0025627117990651167
2010-06-29,0.002824184746466841,0.0018184376200300592,1.0076628352490422,0.0010076628352490423,0.002457134258089243,0.00036705048837759824,0.12015341754528888,0.9862068965517241,0.0010057471264367818,0.0018165219112177987,-0.0028813597255884548,0.0036018167130149404,0.00739212746367661,0.0020400078240730315,0.006410019776716069,0.46360153256704983,0.0004636015325670499,0.001993532725522193,0.5440613026819924,0.0005421455938697319,-0.00017509510549213364
2010-06-30,-0.0025203750749313034,-0.0034265053431305373,0.9080459770114943,0.0009080459770114943,0.0005796726418181052,-0.003100047716749409,-0.16176188514810552,0.9862068965517241,0.0009061302681992339,-0.003428421051942798,0.005636429281307494,0.0073274277378814635,0.0016554658710432892,0.004151350640747862,-0.00021736570984065331,0.4406130268199234,0.0004406130268199234,0.0001390596149981818,0.4674329501915709,0.0004655172413793104,-0.0035655649581287194
2010-07-01,0.0009814165031243826,-0.00013927315204803137,1.1302681992337165,0.0011302681992337166,0.002125303200104726,-0.0011438866969803434,0.07994005559752136,0.9862068965517241,0.001120689655172414,-0.000148851696109334,0.002063107505487145,0.002737105170907771,0.007053079241712499,0.00570472215169297,0.0035235485244676924,0.5823754789272031,0.0005727969348659005,0.0015525062652388256,0.5478927203065135,0.0005478927203065135,-0.001691779417286857
2010-07-02,-0.0025589931290482607,-0.003794625312956307,1.2413793103448276,0.0012413793103448277,-0.0015175602114759898,-0.0010414329175722709,-0.17710485558779407,0.9862068965517241,0.0012356321839080463,-0.0038003724393930885,0.0025267939837569876,0.00119500953791965,0.00022406118719351843,-0.001940507010907497,-0.0036158841464036602,0.6168582375478927,0.0006111111111111112,-0.002128671322587101,0.6245210727969349,0.000624521072796935,-0.0016659539903692059
2010-07-05,0.00027708092073742724,-0.0008282830639369024,1.10727969348659,0.00110727969348659,0.0024518543608109894,-0.0021747734400735623,0.03216160062497815,0.9862068965517241,0.0011053639846743298,-0.0008301987727491628,0.004434786453270249,0.004179067733900874,0.0072069993165978525,0.004637436844480858,0.005143452403743823,0.5325670498084292,0.0005306513409961686,0.0019212030198148208,0.574712643678161,0.000574712643678161,-0.002749486083751723
2010-07-06,0.0006974344961526093,-0.0002757455804757434,0.9770114942528736,0.0009770114942528737,0.004861366543691126,-0.004163932047538517,-0.00012539080133081438,0.9862068965517241,0.0009731800766283527,-0.00027957699810026446,0.007037106278471098,0.011036232980943424,0.015325815907242095,0.011761627913371481,0.009041263487990265,0.4942528735632184,0.0004923371647509579,0.004369029378940167,0.4827586206896552,0.0004808429118773947,-0.004644774959415911
2010-07-07,-0.0008982624979829724,-0.0019653123064120913,1.0689655172413794,0.0010689655172413793,-0.004488667694340934,0.0035904051963579608,-0.07681394892870659,0.9862068965517241,0.0010670498084291188,-0.001967228015224352,-0.007604832546636759,-0.006332766084874246,-0.010990488202115668,-0.006777082843562393,-0.010272205421114084,0.5402298850574713,0.0005402298850574714,-0.005028897579398405,0.5287356321839081,0.0005268199233716476,0.003063585272986313
2010-07-08,0.0004893799530454043,-0.0005968269435063199,1.0881226053639848,0.0010881226053639848,-0.0007783397002962473,0.0012677196533416517,0.019528743371386274,0.9862068965517241,0.001086206896551724,-0.0005987426523185805,-0.002006694797180513,-0.003592928325688883,-0.0010262894445342845,-0.007136266520727786,0.0010690620555503746,0.5325670498084292,0.0005306513409961686,-0.001308991041292416,0.5555555555555556,0.0005555555555555557,0.000712164097786096
2010-07-09,-0.002997424843320537,-0.004143018713052338,1.1455938697318009,0.0011455938697318008,-0.0009300072015126573,-0.0020674176418078796,-0.1713300392283222,0.9862068965517241,0.0011455938697318008,-0.004143018713052338,0.005336693391854577,0.001731119067138122,0.002474075154398418,-0.0004344972259656082,-0.0025827614335313886,0.5440613026819924,0.0005440613026819924,-0.0014740685041946498,0.6015325670498085,0.0006015325670498085,-0.002668950208857688
2010-07-12,-0.0022988475560099387,-0.0033773916173126207,1.0804597701149425,0.0010804597701149427,0.00223433522615525,-0.004533182782165189,-0.16639587319874213,0.9862068965517241,0.001078544061302682,-0.0033793073261248812,0.010699181578166269,0.005800733536658596,0.005168677978696028,0.0006844958990206093,0.006380427151341095,0.5517241379310345,0.000549808429118774,0.0016845267970364759,0.5287356321839081,0.0005287356321839081,-0.005061918414349097
2010-07-13,-0.002190665426771217,-0.003290282285008765,1.103448275862069,0.001103448275862069,-0.005278857668909,0.0030881922421377834,-0.1064198570392876,0.9862068965517241,0.0010996168582375482,-0.003294113702633286,-0.007102752336555953,-0.0043739237655254296,-0.007522152121484216,-0.012377382330765845,-0.00993241936618927,0.524904214559387,0.0005229885057471265,-0.005801846174656127,0.578544061302682,0.0005766283524904215,0.002511563889647362
2010-07-14,-0.0008466395380767979,-0.0017623483503373344,0.9195402298850575,0.0009195402298850575,0.0009250716007554386,-0.0017717111388322365,-0.05874065078585835,0.9862068965517241,0.0009157088122605365,-0.0017661797679618554,0.0031565610333064978,0.004317144766380424,0.008149401577829242,0.0045512166625226195,0.0006303885590085294,0.45210727969348663,0.0004501915708812261,0.00047488002987421254,0.4674329501915709,0.0004655172413793104,-0.002237228380211547
2010-07-15,0.0021071837269707573,0.0011723178265876154,0.9386973180076629,0.0009386973180076629,-0.0005558643922605345,0.002663048119231292,0.09833572209142737,0.9862068965517241,0.000934865900383142,0.0011684864089630946,-0.006616839350990735,-0.002776524083329608,-0.0035400480578788,-0.000967813514503517,-0.0012059350060701554,0.4444444444444445,0.000442528735632184,-0.0009983931278927185,0.4942528735632184,0.0004923371647509579,0.002170710954480334
2010-07-16,7.177282412755086e-05,-0.0008286103176349014,0.9003831417624522,0.0009003831417624522,0.006344344583307348,-0.0062725717591797965,0.034668352729643755,0.9862068965517241,0.0009003831417624522,-0.0008286103176349014,0.012104600095027864,0.013582349322755875,0.013329586916252212,0.012186780219881215,0.013219799507105142,0.4597701149425288,0.00045977011494252877,0.005884574468364819,0.4406130268199234,0.0004406130268199234,-0.00671318478599972
2010-07-20,0.0008278132842608699,-0.00017027100692686988,1.0,0.001,-0.0026116563065705814,0.0034394695908314516,0.04846878832968814,0.9862068965517241,0.0009980842911877397,-0.00017218671573913014,-0.00704086234900524,-0.0065550928469782265,-0.008555335149374425,-0.0069106645766692405,-0.004538502483714347,0.49042145593869735,0.0004904214559386974,-0.0031020777625092788,0.5095785440613028,0.0005076628352490422,0.0029318067555824095
2010-07-21,0.0015216535209913755,0.00037031252482279295,1.1532567049808429,0.001153256704980843,0.005363619609303786,-0.003841966088312411,0.10820192630668614,0.9862068965517241,0.0011513409961685826,0.00036839681601053237,0.007214686652827454,0.008622423224219555,0.0076765403618823036,0.01145295333887936,0.010693490013037175,0.5900383141762452,0.0005881226053639848,0.004775497003939802,0.5632183908045978,0.0005632183908045978,-0.004405184479117009
2010-07-22,0.0013572770918681323,0.0003074686627493582,1.049808429118774,0.001049808429118774,-0.0028311559151502387,0.004188433007018371,0.06884153076890935,0.9839080459770115,0.001049808429118774,0.0003074686627493582,-0.008214164745265994,-0.008803457720782632,-0.003115534596349711,-0.007689392377708073,-0.004869731107680244,0.5019157088122606,0.0005019157088122606,-0.0033330716239624992,0.5478927203065135,0.0005478927203065135,0.0036405402867118576
2010-07-23,-0.001156155907508437,-0.0021542401986961762,1.0,0.001,-0.001342691981655821,0.00018653607414738415,-0.04047874907381572,0.9839080459770115,0.0009980842911877393,-0.002156155907508437,-0.00010874514237406323,-0.000912211348044739,-0.0025742873069615744,-0.003888470823100898,-0.0021732306672814024,0.49042145593869735,0.0004885057471264369,-0.001831197728782258,0.5095785440613028,0.0005095785440613027,-0.0003230424699139186
2010-07-26,-0.00022758563611516899,-0.0012544055594868166,1.0268199233716475,0.0010268199233716476,0.00080163848112846,-0.001029224117243629,-0.023920917161517032,0.9862068965517241,0.0010268199233716476,-0.0012544055594868166,0.0011686530227418288,0.0038380386579781158,0.0008464461786057158,0.002313458440109982,0.0013013691759765954,0.49042145593869735,0.0004904214559386974,0.00031121702518976263,0.5363984674329503,0.0005363984674329503,-0.0015656225846765793
2010-07-27,0.0004055994111746844,-0.00068060748537704,1.0881226053639848,0.0010881226053639848,-0.004702998212756354,0.005108597623931038,0.05953479252762017,0.9862068965517241,0.0010862068965517243,-0.0006825231941893005,-0.010914489585472907,-0.008822606572640414,-0.011932054689699061,-0.005597857753191427,-0.011470923743086895,0.5862068965517242,0.0005842911877394636,-0.005287289400495818,0.5019157088122606,0.0005019157088122606,0.004606681915118777
2010-07-28,-0.0007236870287026711,-0.001409510783491943,0.685823754789272,0.0006858237547892721,-3.3533277266762276e-05,-0.0006901537514359087,-0.10753895094255886,0.9862068965517241,0.000685823754789272,-0.0014095107834919433,0.002467222381645569,-0.0007935222546756861,0.003652473143178464,0.0022772323537593227,-0.0011737782973650257,0.33333333333333337,0.0003333333333333334,-0.00036686661060009564,0.35249042145593873,0.00035249042145593873,-0.0010426441728918474
2010-07-29,-0.0013417511248755062,-0.0023781495923084566,1.0383141762452108,0.0010383141762452107,-0.0012321904680376837,-0.00010956065683782252,-0.07218321742605487,0.9839080459770115,0.0010363984674329504,-0.0023800653011207167,-5.9183918092939826e-05,0.0007847519141571499,5.082602980144017e-05,-0.0033848785117420945,-0.0020819454473625116,0.5402298850574713,0.0005383141762452108,-0.0017705046442828944,0.4980842911877395,0.0004980842911877395,-0.000607644948025562
2010-07-30,-0.0004552639269571204,-0.0015989420878766607,1.1455938697318009,0.0011455938697318008,0.0004493338406041472,-0.0009045977675612676,-0.02711827776941918,0.9839080459770115,0.0011436781609195402,-0.0016008577966889212,0.0027538561191483087,-8.105732633516345e-05,0.004388450295128939,0.004567500178757537,-0.0008044985624296164,0.5938697318007663,0.0005919540229885059,-0.00014262018238435863,0.5517241379310345,0.0005517241379310346,-0.0014563219054923022
2010-08-02,-0.001791614374419211,-0.0028739898533464143,1.0881226053639848,0.0010881226053639848,-0.004399660096052977,0.0026080457216337656,-0.08832452051317516,0.9862068965517241,0.0010823754789272032,-0.002879736979783196,-0.005620105472071473,-0.004408063385659645,-0.007334737249918505,-0.004757229532989712,-0.01087504632089384,0.578544061302682,0.0005727969348659005,-0.004972457030918877,0.5095785440613028,0.0005095785440613027,0.002098467177572463
2010-08-03,0.000549719177987715,-0.0006054532358053888,1.160919540229885,0.0011609195402298852,0.0034022524788895996,-0.0028525333009018846,0.02823846442624969,0.9862068965517241,0.0011551724137931038,-0.0006112003622421702,0.006260766840291612,0.0045936661248280825,0.006014870100010895,0.00779337204077356,0.006534018888718039,0.6168582375478927,0.0006111111111111112,0.0027911413677784882,0.5440613026819924,0.0005440613026819924,-0.003396594603583877
2010-08-04,-7.249603610473863e-05,-0.0010533389479821333,0.9808429118773947,0.0009808429118773948,-0.0028274839279377783,0.0027549878918330392,-0.018174978683563773,0.9862068965517241,0.0009808429118773948,-0.0010533389479821333,-0.006371157826753333,-0.003787611697491568,-0.012424745229448714,-0.004112747477740715,-0.006544260443728629,0.4865900383141763,0.00048659003831417634,-0.0033140739662519546,0.4942528735632184,0.0004942528735632184,0.002260735018269821
2010-08-05,-0.0020271570250682126,-0.0031286895921180213,1.103448275862069,0.001103448275862069,-0.0014117733580076295,-0.0006153836670605831,-0.11504037968183006,0.9885057471264368,0.0011015325670498087,-0.0031306053009302814,0.00042323078537708934,0.0028458404316093204,-0.0035896645981897345,0.0015494932025823956,-0.004983351275269562,0.5632183908045978,0.0005613026819923372,-0.0019730760399999667,0.5402298850574713,0.0005402298850574714,-0.0011556135521180546
2010-08-06,-3.053972130924119e-05,-0.0010937581121138393,1.0651340996168583,0.0010651340996168583,0.0029492147149853443,-0.0029797544362945854,-0.010307450063560784,0.9885057471264368,0.001063218390804598,-0.0010956738209260996,0.0060750644906900145,0.005728397636387482,0.005717229884708119,0.0046510324638782685,0.006629048199542836,0.5363984674329503,0.0005344827586206898,0.0024147319563646544,0.5287356321839081,0.0005287356321839081,-0.0035084900684784932
2010-08-09,0.001082270972228134,5.736675766874689e-05,1.0268199233716475,0.0010268199233716476,-0.002807672875401296,0.00388994384762943,0.06417379092067486,0.9885057471264368,0.001024904214559387,5.545104885648633e-05,-0.00793402884630037,-0.007471605393175839,-0.0022988851692577017,-0.004011157754118549,-0.006486597641457002,0.5057471264367817,0.0005038314176245212,-0.003311504293025817,0.521072796934866,0.000521072796934866,0.003368871050694564
2010-08-10,-0.00041085131685928035,-0.001305487332184951,0.896551724137931,0.0008965517241379311,-0.0015693187424782144,0.001158467425618934,-0.008077898468013399,0.9885057471264368,0.0008946360153256705,-0.0013074030409972114,-0.0012037907201939205,-0.004543223113325763,-0.0032380204697071303,-0.002214746642256792,-0.003651496622220196,0.471264367816092,0.0004693486590038315,-0.002038667401482046,0.4252873563218391,0.00042528735632183916,0.0007331800692970949
2010-08-11,-0.0016239401550856576,-0.002549227511407497,0.9272030651340997,0.0009272030651340998,0.0026983751462666085,-0.004322315301352266,-0.0752136332884188,0.9885057471264368,0.0009252873563218393,-0.0025511432202197574,0.010406096745755421,0.005121698316602754,0.010947704016713461,0.00525986647143928,0.0055558795560360355,0.49042145593869735,0.0004885057471264369,0.0022098693991401716,0.4367816091954023,0.00043678160919540237,-0.0047590969105476685
2010-08-12,-0.0005231986681896041,-0.0016496354497987995,1.1264367816091954,0.0011264367816091955,-0.0011831654110791387,0.0006599667428895346,-0.028959946328963756,0.9885057471264368,0.0011264367816091955,-0.0016496354497987998,-0.0031805032079584364,0.0024012059585796657,-0.0016100802416402443,-0.000601782271672375,-0.0032589806538093733,0.5172413793103449,0.000517241379310345,-0.0017004067903894837,0.6091954022988506,0.0006091954022988507,5.077134059068393e-05
2010-08-13,-0.0008091259706289137,-0.0019336470434258488,1.1302681992337165,0.0011302681992337166,-0.0009360594237772717,0.00012693345314835795,-0.03608116914111626,0.9885057471264368,0.001124521072796935,-0.0019393941698626301,-0.0006561922682690504,0.0005507838176479529,-0.001863433833556389,0.0027507634687613915,-0.0041835600057125106,0.5593869731800767,0.0005536398467432951,-0.0014896992705205668,0.5708812260536399,0.00057088122605364,-0.000443947772905282
2010-08-16,-0.0004011846443338594,-0.0015889241079353922,1.1877394636015326,0.0011877394636015328,0.002057148448384723,-0.0024583330927185824,-0.027159944140465374,0.9885057471264368,0.0011877394636015328,-0.0015889241079353922,0.005828401277761308,0.003093196000788877,0.002920091301654036,0.006084597436870333,0.003129146626719003,0.5900383141762452,0.0005900383141762453,0.0014671101342084776,0.5977011494252874,0.0005977011494252874,-0.00305603424214387
2010-08-17,-0.00042804832481515523,-0.001569810776922435,1.149425287356322,0.001149425287356322,-0.0031110179245009174,0.0026829695996857623,-0.04056789269113232,0.9885057471264368,0.0011417624521072797,-0.0015774736121714774,-0.005825741704519858,-0.004498035749412935,-0.0058232842956814955,-0.003470476926948713,-0.007657651119113718,0.578544061302682,0.0005727969348659005,-0.003683814859366818,0.5708812260536399,0.0005689655172413793,0.002114004082444383
2010-08-18,0.0019483026759282314,0.0009578812199895339,0.9923371647509579,0.000992337164750958,-0.0017288449272916447,0.0036771476032198764,0.13001641342921236,0.9954022988505747,0.0009904214559386974,0.0009559655111772735,-0.0063736100947696574,-0.00931566542977994,-0.006655440912275428,-0.0035935961168763833,-0.003431042425929574,0.4674329501915709,0.0004655172413793104,-0.0021943621686709553,0.524904214559387,0.000524904214559387,0.003152243388660489
2010-08-19,-2.4877889908104596e-05,-0.0010574449397165338,1.0344827586206897,0.0010344827586206897,0.002000606267533886,-0.0020254841574419906,-0.0012960459954425535,0.9954022988505747,0.0010325670498084292,-0.0010593606485287943,0.004868493981162602,0.0024159169823267375,0.005204625660617682,0.0025234516786841353,0.004754595559114096,0.5134099616858238,0.0005114942528735633,0.0014891120146603228,0.521072796934866,0.000521072796934866,-0.0025465569543768564
2010-08-20,-0.0007274126663066966,-0.0018327766509810264,1.10727969348659,0.00110727969348659,-0.001558399525997714,0.0008309868596910173,-0.003764416442282791,0.9954022988505747,0.0011053639846743298,-0.0018346923597932867,-0.0030705377251845313,0.0011551542922229594,-0.004739924103622763,-0.0028305319469794942,-0.003292467454468676,0.5517241379310345,0.000549808429118774,-0.002108207955116488,0.5555555555555556,0.0005555555555555557,0.00027543130413546163
2010-08-23,0.00034737680123529793,-0.0007043473366957367,1.053639846743295,0.0010536398467432951,0.00018338373093403147,0.0001639930703012665,0.034371731006122265,0.993103448275862,0.0010517241379310346,-0.0007062630455079973,-0.0018782522039556655,0.0028047848929188914,-0.0023727562534702575,0.0010147250776215246,5.4452160630660005e-05,0.5095785440613028,0.0005095785440613027,-0.00032619481312727127,0.5440613026819924,0.0005421455938697319,-0.00037815252356846536
2010-08-24,-0.00031584576760256634,-0.0012602902120470109,0.946360153256705,0.0009463601532567051,0.004032810419076239,-0.0043486561866788054,-0.026504265581174642,0.993103448275862,0.0009444444444444446,-0.0012622059208592714,0.00808056828169638,0.01004627498175775,0.01228180653951044,0.007012324306511652,0.00863256981837813,0.4674329501915709,0.0004655172413793104,0.003567293177696929,0.47892720306513414,0.0004789272030651342,-0.004827583389743939
2010-08-25,-0.00037564726982844236,-0.0014177928636981744,1.042145593869732,0.001042145593869732,-0.002579944061303546,0.0022042967914751035,-0.03183501665584657,0.9954022988505747,0.001042145593869732,-0.0014177928636981744,-0.004105401973228993,-0.005014976802392636,-0.005590897731783943,-0.004965149209366237,-0.005285792919511233,0.5402298850574713,0.0005402298850574714,-0.0031201739463610173,0.5019157088122606,0.0005019157088122606,0.001702381082662843
2010-08-26,0.002536646986011691,0.0013738117369695452,1.1647509578544062,0.0011647509578544062,0.004963596449694339,-0.0024269494636826477,0.1578397183701512,0.9954022988505747,0.001162835249042146,0.001371896028157285,0.003958319820526038,0.0066450571410438105,0.006244784726302443,0.006977552879767464,0.011402012909199283,0.5632183908045978,0.0005613026819923372,0.004402293767702002,0.6015325670498085,0.0006015325670498085,-0.0030284820307324564
2010-08-27,-0.00037611753961956553,-0.0017113665817651597,1.3371647509578544,0.0013371647509578546,-0.0037278189736603628,0.003351701434040797,-0.03734882912414016,0.9954022988505747,0.001335249042145594,-0.0017132822905774202,-0.007281796775044374,-0.005546615054156033,-0.008974509424255426,-0.0067719868578468515,-0.007836382956757931,0.6666666666666667,0.0006647509578544062,-0.004392569931514769,0.6704980842911877,0.0006704980842911878,0.0026812033497496095
2010-08-30,0.002448492012658875,0.0013373809015477635,1.1111111111111112,0.0011111111111111113,0.004974310807075754,-0.00252581879441688,0.13825003044998574,0.9954022988505747,0.0011111111111111113,0.0013373809015477635,0.004191275187130617,0.006772362392240046,0.007603564834991511,0.007098911506018946,0.011414275010206403,0.5402298850574713,0.0005402298850574714,0.004434080922018283,0.5708812260536399,0.00057088122605364,-0.00309670002047052
2010-08-31,-0.0010739825871874992,-0.0021525266484901814,1.0804597701149425,0.0010804597701149427,-0.0005285052355176183,-0.0005454773516698808,-0.058653619882480794,0.9954022988505747,0.0010785440613026822,-0.002154442357302442,-3.092295065021033e-05,0.003334710011319705,0.0009088383362841842,0.0010423403893104327,-0.002094704977193009,0.5517241379310345,0.000549808429118774,-0.0010783136646363924,0.5287356321839081,0.0005287356321839081,-0.001074212983853789
2010-09-01,-0.00032251140261787875,-0.001561975004150446,1.2413793103448276,0.0012413793103448277,-0.0027169920918196783,0.0023944806892017994,-0.01858409931307197,0.9954022988505747,0.0012394636015325674,-0.0015638907129627063,-0.005313906155238035,-0.0037390718247347255,-0.005819112988008027,-0.005064784640938759,-0.0056476919126962,0.6436781609195402,0.0006417624521072798,-0.003358754543926958,0.5977011494252874,0.0005977011494252874,0.001796779539776512
2010-09-02,-0.0005787784197302385,-0.0018718818680061007,1.2950191570881227,0.0012950191570881228,0.0012464208591879424,-0.0018251992789181807,-0.015004304386335229,0.9954022988505747,0.0012931034482758623,-0.0018737975768183613,0.0038189381588963423,0.0033133193557163994,0.004959170162734762,0.0036999825843862886,0.0018892712853706825,0.6704980842911877,0.0006685823754789273,0.0005778384837090151,0.6245210727969349,0.000624521072796935,-0.0024497203517151156
2010-09-03,0.0010444706351955845,-8.579756403813212e-05,1.1340996168582376,0.0011340996168582376,-0.0014535822051102345,0.002498052840305819,0.10915827333417877,0.993103448275862,0.0011302681992337166,-8.962898166265309e-05,-0.005044114739545897,-0.004957065325100596,-0.00394053529243707,-0.0009462184405203704,-0.0038985134690994877,0.5900383141762452,0.0005862068965517242,-0.0020397891016619586,0.5440613026819924,0.0005440613026819924,0.0019539915376238265
2010-09-06,0.0004215728310437424,-0.0005516072455846102,0.9770114942528736,0.0009770114942528737,-0.00028098391419279227,0.0007025567452365347,0.0628578451650809,0.9908045977011494,0.0009731800766283527,-0.0005554386632091314,-0.0005513578008120637,-0.003125299761767772,-0.004663800509519671,-0.0006667488132384729,-0.0005172411154216518,0.4674329501915709,0.0004655172413793104,-0.0007465011555721026,0.5095785440613028,0.0005076628352490422,0.0001948939099874925
2010-09-07,-0.0017677062545968382,-0.002620196676052777,0.8544061302681992,0.0008544061302681993,0.00255865102933588,-0.004326357283932718,-0.11021046541604465,0.9908045977011494,0.000852490421455939,-0.0026221123848650376,0.008772004555199848,0.00861578987032764,0.007174779823870056,0.003229688817613981,0.006116792969159511,0.4252873563218391,0.0004233716475095786,0.0021352793818263014,0.42911877394636017,0.0004291187739463602,-0.004755476057879078
2010-09-08,-0.002744910574220635,-0.0035533396929945814,0.8084291187739464,0.0008084291187739465,-0.0012323566407364513,-0.0015125539334841839,-0.1518183075957046,0.9954022988505747,0.0008084291187739462,-0.003553339692994582,0.0033171877430070236,0.0024409481148910555,0.004023823780344522,-0.0010514331369543054,-0.0031834387920879974,0.42911877394636017,0.0004291187739463602,-0.0016614754146828115,0.37931034482758624,0.00037931034482758624,-0.0018918642783117702
2010-09-09,-0.0007819134928465716,-0.0015252085120036599,0.7432950191570882,0.0007432950191570882,-0.002566107350772101,0.0017841938579255291,-0.058931069509926694,0.9954022988505747,0.0007432950191570883,-0.0015252085120036596,-0.004489863338157771,-0.0017254364712376324,-0.005124218882702245,-0.006186483579439837,-0.004676189269256611,0.367816091954023,0.00036781609195402304,-0.0029339234427261237,0.37547892720306514,0.0003754789272030652,0.0014087149307224639
2010-09-10,0.0007732310291989504,3.116086670214681e-06,0.7701149425287357,0.0007701149425287357,-0.0006970571194496157,0.001470288148648566,0.04370725915835057,0.9954022988505747,0.0007701149425287357,3.116086670214681e-06,-0.002613044244947548,-0.0035956404019963006,-0.001177284191308668,-0.002967789400608342,-0.000641389179890749,0.36398467432950193,0.000363984674329502,-0.0010610417937791177,0.40613026819923376,0.00040613026819923375,0.0010641578804493324
2010-09-13,4.7292840343841124e-05,-0.001159603711380297,1.210727969348659,0.001210727969348659,0.00027756307742452126,-0.00023027023708068015,-0.009207129672003397,0.9954022988505747,0.0012068965517241382,-0.0011634351290048179,0.0001459589336342995,0.0010897035552154817,-0.0009286625432716708,-9.017295522651597e-05,0.0008777757098868217,0.6168582375478927,0.0006130268199233717,-0.00033546374249885047,0.5938697318007663,0.0005938697318007664,-0.0008241399688814465
2010-09-14,7.450321074066406e-05,-0.001285650045964317,1.3639846743295019,0.0013639846743295021,-0.0005749649084209643,0.0006494681191616283,-0.00540162053050379,0.9954022988505747,0.001360153256704981,-0.001289481463588838,0.0002888472844877847,-0.004474503283945339,0.0055198611304804685,-0.001348707582588559,-0.0010660433199753783,0.685823754789272,0.0006819923371647511,-0.0012569572455857153,0.67816091954023,0.00067816091954023,-2.8692800378601695e-05
2010-09-15,-0.0016955143328727927,-0.002626548815631414,0.9310344827586208,0.0009310344827586208,-0.00271903735196223,0.0010235230190894372,-0.09085551452198252,0.9954022988505747,0.0009310344827586211,-0.0026265488156314134,-0.0004323546583176101,-0.005276428797901403,0.005005340101586132,-0.005385795549400774,-0.0055261199771564256,0.47509578544061304,0.0004750957854406131,-0.003194133137402843,0.4559386973180077,0.0004559386973180077,0.0005675843217714295
2010-09-16,0.0010589585041912127,-0.00020540931190074136,1.2681992337164751,0.0012681992337164752,0.001840327277896766,-0.0007813687737055532,0.020001501805122456,0.9954022988505747,0.001264367816091954,-0.00020924072952526254,0.0006328091409208402,0.003422594360391639,0.003978615979668327,0.004327337890361953,0.003357312888509321,0.6436781609195402,0.0006398467432950193,0.0012004805346017468,0.6245210727969349,0.000624521072796935,-0.0014058898465024883
2010-09-17,0.0013096372223301539,-1.7948984566397982e-05,1.3295019157088124,0.0013295019157088125,-0.0006949582597909191,0.002004595482121073,0.042780012747605685,0.9954022988505747,0.001327586206896552,-1.9864693378658605e-05,-0.00541227074508663,-0.0012030314025531785,-0.005540455813574423,-0.0015044860636082005,-0.0013412782191985894,0.7049808429118775,0.0007030651340996169,-0.001398023393890536,0.6245210727969349,0.000624521072796935,0.0013800744093241382
2010-09-21,0.0007299495326582964,-0.0003198588964604777,1.049808429118774,0.001049808429118774,0.001419285157601745,-0.0006893356249434485,0.03845256719986661,0.9954022988505747,0.001049808429118774,-0.0003198588964604777,0.0005278560585680214,0.0030803016325246482,-0.0017745532140937329,0.0016848060664769553,0.0034251352330522565,0.5440613026819924,0.0005440613026819924,0.0008752238549197526,0.5057471264367817,0.0005057471264367817,-0.0011950827513802303
2010-09-22,0.00014401991830853452,-0.0007736046027642624,0.9195402298850575,0.0009195402298850575,0.001963262529955137,-0.0018192426116466025,0.016329026581950668,0.9954022988505747,0.000917624521072797,-0.0007755203115765231,0.003771770255269939,0.0033719151593397346,0.0028765720192256905,0.004723486695414346,0.003582337192680242,0.47892720306513414,0.0004770114942528736,0.0014862510357022633,0.4406130268199234,0.0004406130268199234,-0.002259855638466526
2010-09-24,4.211687123179492e-05,-0.0008889176115268258,0.9310344827586208,0.0009310344827586208,-0.005599145923953918,0.005641262795185713,-0.01434977750816237,0.9954022988505747,0.0009310344827586208,-0.0008889176115268258,-0.010518612883908538,-0.0128103510032972,-0.012863475422993844,-0.012494204948593136,-0.01069394684869844,0.4827586206896552,0.00048275862068965523,-0.006081904544643573,0.4482758620689655,0.00044827586206896557,0.005192986933116747
2010-09-27,-0.0004200803033193278,-0.0016135668933576423,1.1954022988505748,0.0011954022988505749,-0.0006044716475636458,0.0001843913442443179,-0.04834097834917324,0.9954022988505747,0.0011934865900383145,-0.0016154826021699026,-0.0008233769287904697,0.0005404057921150318,0.005213143817482297,0.000571841725539719,-0.0020960493587622924,0.5823754789272031,0.0005804597701149426,-0.0011849314176785885,0.6130268199233717,0.0006130268199233717,-0.00042863547567905384
2010-09-28,0.000573438862795112,-0.0007809672674730875,1.35632183908046,0.0013563218390804598,0.0003651963334188314,0.00020824252937628055,0.048515696228577106,0.9954022988505747,0.0013544061302681995,-0.0007828829762853479,-0.0018140642781335921,0.0023786733800095004,0.0008526196926714333,0.0012498694584010099,0.00048502058666979365,0.6743295019157088,0.0006724137931034483,-0.0003072174596846169,0.681992337164751,0.0006819923371647511,-0.00047374980778847053
2010-09-29,-0.0013797195115122407,-0.0023643938410141565,0.9846743295019158,0.0009846743295019158,0.0018033958255058466,-0.0031831153370180873,-0.047743951686810955,0.9954022988505747,0.0009846743295019158,-0.0023643938410141565,0.0066693048197436445,0.005760082382621232,0.013270568733092174,0.008903355402270604,0.0010608471937991403,0.4980842911877395,0.0004980842911877395,0.001305311534318107,0.4865900383141763,0.00048659003831417634,-0.0036697053753322636
2010-09-30,-0.0015491145374776558,-0.0025835972960983455,1.0344827586206897,0.0010344827586206897,-0.0022998994616456807,0.0007507849241680251,-0.12643514034782752,0.9954022988505747,0.0010344827586206897,-0.0025835972960983455,-0.0006709510357681402,-0.0031628074734718703,-0.005644170235944626,-0.0051297764836170535,-0.004393773091216068,0.5287356321839081,0.0005287356321839081,-0.0028286350938295885,0.5057471264367817,0.0005057471264367817,0.0002450377977312434
2010-10-01,-0.0007740500637411395,-0.0018234366854150122,1.0532180392983936,0.0010532180392983936,-0.0015319116592211203,0.0007578615954799809,-0.03805050913558699,0.9931192660550459,0.0010493866216738728,-0.001827268103039533,-0.0006669584456522874,-0.0032456802362828305,-0.0003831484739860905,-0.00430721524575051,-0.0024774463733904955,0.5628976413933706,0.0005609775387535591,-0.0020928891979746793,0.4903203979050231,0.0004884090829203136,0.00026945251255966734
2010-10-04,0.00221327929196626,0.000972835866889807,1.242354740061162,0.0012423547400611623,0.0012358652207304687,0.0009774140712357914,0.09817193658361803,0.9931192660550459,0.0012404434250764531,0.0009709245519050978,-0.0028595831030133324,-9.414437139790103e-05,-0.0014169399249948117,0.002931569883039642,0.0022840301346425946,0.6345565749235474,0.000632645259938838,0.0006032199607916307,0.6077981651376148,0.0006077981651376147,0.00036961590609817664
2010-10-05,0.0006933965430751374,-0.0004457471878117129,1.1391437308868502,0.0011391437308868502,-0.0005296379343793811,0.0012230344774545184,0.03320393567543981,0.9931192660550459,0.0011391437308868502,-0.0004457471878117128,-0.0025950831825627104,-0.0021297325403856616,-0.009078666479696294,-0.0003341235725618914,-0.0014293451931007548,0.573394495412844,0.0005733944954128441,-0.0011030324297922251,0.5657492354740061,0.0005657492354740061,0.0006572852419805123
2010-10-06,-0.00019693679533077963,-0.0013571049910494342,1.165902140672783,0.001165902140672783,0.001844720650648312,-0.0020416574459790914,-0.013707223682639014,0.9931192660550459,0.0011601681957186544,-0.0013628389360035627,0.004655829601015629,0.0028594157006610345,0.003623924273565625,0.004385403289684439,0.0033541825184864975,0.5963302752293579,0.0005925076452599388,0.0012522130053883732,0.5695718654434251,0.0005676605504587156,-0.002609317996437807
2010-10-07,0.0004944254827542937,-0.0007173482175515168,1.2155963302752295,0.0012155963302752295,0.0016144876816629563,-0.0011200621989086626,0.03427456308704912,0.9931192660550459,0.0012117737003058105,-0.0007211708475209357,0.0018784246156928301,0.0029699280245008616,-2.1634421122213032e-05,0.001630195339116589,0.0040488687119657005,0.6307339449541285,0.000628822629969419,0.0009856650516935372,0.584862385321101,0.0005829510703363915,-0.001703013269245054
2010-10-08,-0.00177573562737363,-0.0029320811931228654,1.158256880733945,0.001158256880733945,-0.0021431775429671105,0.0003674419155934809,-0.06993332368821992,0.9908256880733946,0.0011563455657492355,-0.002933992508107575,0.0013223403558482645,-0.004941598986834927,0.005671739340231129,-0.004811280801673042,-0.004093974841024044,0.584862385321101,0.0005829510703363915,-0.002726128613303502,0.573394495412844,0.0005733944954128441,-0.00020595257981936317
2010-10-12,0.00024203832106109161,-0.0009104846147187251,1.154434250764526,0.001154434250764526,0.00045059893358322453,-0.00020856061252213292,0.04705178056533463,0.9908256880733946,0.0011525229357798167,-0.0009123959297034344,0.0004962896994505578,0.00025316192288699736,0.004387205920997308,0.00011745344559984728,0.0012968526766043457,0.5963302752293579,0.0005944189602446483,-0.0001438200266614238,0.5581039755351682,0.0005581039755351683,-0.0007666645880573012
2010-10-13,-0.0007985966622412526,-0.002014192992516482,1.2155963302752295,0.0012155963302752295,-0.004646122832174993,0.0038475261699337402,-0.04402698400873176,0.9931192660550459,0.0012155963302752293,-0.002014192992516482,-0.008797987582561364,-0.00540209159975038,-0.011696371562760838,-0.007415322836607541,-0.010305366102561537,0.6230886850152906,0.0006230886850152905,-0.005269211517190283,0.5925076452599389,0.0005925076452599388,0.0032550185246738015
2010-10-14,-0.002831254728983085,-0.00395319662500755,1.1238532110091743,0.0011238532110091745,-0.00015295114000883595,-0.002678303588974249,-0.11131458132765581,0.9908256880733946,0.0011219418960244651,-0.00395510793999226,0.005863354332812897,0.004345153825603024,0.009187976600162469,0.00012073338510842643,-0.0005195810779996992,0.5428134556574924,0.0005428134556574924,-0.0006957645956663283,0.5810397553516821,0.0005791284403669725,-0.0032574320293412215
2010-10-15,0.0018137341596998085,0.000626807554195221,1.1888379204892967,0.0011888379204892966,0.0016292061664958716,0.00018452799320393682,0.10665679530985522,0.9908256880733946,0.0011869266055045875,0.0006248962392105119,-0.0009623625785090427,0.0008468693927126947,-0.00014614257983116755,0.005233879251034923,0.0023119945443772216,0.5657492354740061,0.0005657492354740061,0.0010634569310218655,0.6230886850152906,0.000621177370030581,-0.0004366493768266442
2010-10-18,0.0008010976559101252,-0.0003151102951602112,1.1162079510703364,0.0011162079510703366,-0.0017639850144843762,0.0025650826703945014,0.051533496758111225,0.9931192660550459,0.0011162079510703363,-0.00031511029516021133,-0.00475520183710593,-0.005873671276973947,-0.0045014928970153875,-0.0048000113514026915,-0.002931701053779276,0.5428134556574924,0.0005428134556574924,-0.0023067984701418687,0.573394495412844,0.0005733944954128441,0.0019916881749816573
2010-10-19,-0.0013696555814998118,-0.002321490443885133,0.9556574923547402,0.0009556574923547402,0.001030291657995386,-0.002399947239495198,-0.07971022847540765,0.9931192660550459,0.0009518348623853211,-0.002325313073854552,0.005084935916423421,0.0042629143246691046,0.010436306823232494,0.002047683651978452,0.002097675201408147,0.4472477064220184,0.0004453363914373089,0.0005849552665580771,0.5084097859327218,0.0005064984709480122,-0.00290644571044321
2010-10-20,0.0014058563685109932,0.0005648777752388219,0.8409785932721713,0.0008409785932721713,0.0013241783957246374,8.167797278635579e-05,0.08207571935874104,0.9931192660550459,0.0008409785932721713,0.0005648777752388219,-3.948948435609738e-06,-0.00048329653257500317,0.003462114240710056,0.002325268563409245,0.0028457603951341634,0.3975535168195719,0.0003975535168195719,0.0009266248789050655,0.44342507645259943,0.0004434250764525994,-0.0003617471036662436
2010-10-21,0.0005462451649600167,-0.00047057440690542686,1.0206422018348624,0.0010206422018348624,0.00035215401620283815,0.00019409114875717858,0.01952893576412909,0.9931192660550459,0.0010168195718654434,-0.0004743970368748457,-0.0003004869631754796,-0.0005658463198938537,-0.0017281708035138755,-0.00010365128893923315,0.0011101206444028673,0.5389908256880734,0.0005370795107033639,-0.00018492549450052577,0.48165137614678905,0.00047974006116207956,-0.000285648912404901
2010-10-22,-0.0007675127894350644,-0.001860784960688887,1.0932721712538227,0.0010932721712538227,-0.0017247573983790302,0.0009572446089439658,-0.07045919761035607,0.9931192660550459,0.0010932721712538225,-0.0018607849606888873,-0.002346541866815203,-0.0010213838469768266,-0.0003673082214547103,-0.0019685554358667453,-0.004213202892800968,0.5581039755351682,0.0005581039755351683,-0.0022828613739141984,0.5351681957186545,0.0005351681957186544,0.00042207641322531135
2010-10-25,-0.0006322015305658829,-0.0015821250779664946,0.9556574923547402,0.0009556574923547402,0.0022850232555116676,-0.0029172247860775502,-0.019598036921732287,0.9908256880733946,0.0009499235474006117,-0.001587859022920623,0.005371567386573268,0.006923935834312322,0.0023574812232382155,0.0017404771439076786,0.006020595460066389,0.45107033639143734,0.00044915902140672787,0.0018358642341049396,0.5045871559633028,0.0005007645259938839,-0.003417989312071434
2010-10-26,0.0008146133644628345,9.978156018148884e-05,0.7224770642201835,0.0007224770642201835,-0.00117758341696638,0.0019921967814292146,0.02525531270112592,0.9908256880733946,0.0007148318042813457,9.213630024265099e-05,-0.004135477022277709,-0.0037097052203154458,0.0035779664247972665,-0.00614029695119159,-0.0005475953657297962,0.3593272171253823,0.0003555045871559633,-0.0015330880041223435,0.36314984709480125,0.0003593272171253823,0.0016328695643038323
2010-10-27,0.0007501778385935789,-0.0001538741491740053,0.9059633027522936,0.0009059633027522937,-0.0005334422088830906,0.0012836200474766694,0.00411533035573861,0.9931192660550459,0.0009040519877675842,-0.0001557854641587148,-0.0018365770206321794,-0.004046271347698783,-0.0022261929892712015,0.0010279641238135457,-0.002112079760549413,0.47400611620795113,0.0004720948012232416,-0.0010055370101063321,0.43195718654434256,0.00043195718654434254,0.0008516628609323268
2010-10-28,0.0013984646472099324,0.00039502428023745553,1.0053516819571866,0.0010053516819571867,0.002005642737293848,-0.0006071780900839156,0.050592355693674325,0.9931192660550459,0.001003440366972477,0.0003931129652527457,0.00031467197196782733,0.003085803643124318,0.004753289810023076,0.0034002543958167723,0.004330633032851046,0.48165137614678905,0.00048165137614678905,0.001523991361147059,0.5237003058103976,0.0005217889908256881,-0.0011289670809096037
2010-10-29,0.0006498213636646792,-0.0006326709910753821,1.2844036697247707,0.0012844036697247708,0.0023395940375129723,-0.0016897726738482931,0.03191764550067463,0.9931192660550459,0.0012824923547400612,-0.0006345823060600916,0.0034074265339574237,0.0033067673602432597,0.0011841873573946832,-0.0008320542318699204,0.007450944359767069,0.6613149847094801,0.0006613149847094802,0.001678279052803492,0.6230886850152906,0.000621177370030581,-0.002310950043878874
2010-11-01,4.37543483454803e-05,-0.0012138909115933577,1.257645259938838,0.001257645259938838,0.0016828167828221868,-0.0016390624344767065,-0.011957088579304179,0.9931192660550459,0.001257645259938838,-0.0012138909115933577,0.0034469015655251827,0.002917474304485821,0.0014116409803732167,0.004688477352333928,0.0027158173052845764,0.6269113149847095,0.0006269113149847095,0.0010559054678374773,0.6307339449541285,0.0006307339449541285,-0.002269796379430835
2010-11-02,0.0007413605389685289,-0.0004321868616430921,1.1735474006116209,0.001173547400611621,0.0010398653269368767,-0.0002985047879683479,0.04170629854132437,0.9954128440366973,0.001173547400611621,-0.00043218686164309204,-0.0007077932526905631,0.0032645269481230087,-0.002124537555913312,0.0013067229082305953,0.00247340601170869,0.5963302752293579,0.0005963302752293578,0.0004435350517075189,0.577217125382263,0.000577217125382263,-0.000875721913350611
2010-11-04,0.00037916837110159394,-0.0005669325463295989,0.9480122324159023,0.0009480122324159022,-0.0037354877311623815,0.0041146561022639755,-0.006730818986160436,0.9954128440366973,0.0009461009174311928,-0.0005688438613143083,-0.007840993651169697,-0.009062703188517065,-0.007734002716102795,-0.007771711432846181,-0.007346369461416896,0.46636085626911317,0.0004663608562691132,-0.004201848587431495,0.48165137614678905,0.00047974006116207956,0.003634916041101896
2010-11-05,0.0003768329382497819,-0.0007374636978358451,1.1200305810397555,0.0011200305810397555,-0.0013620526807984624,0.0017388856190482442,0.002117013086989992,0.9931192660550459,0.0011142966360856272,-0.0007431976427899736,-0.002120252471456639,-0.006239773498949684,0.0023393874299901017,-0.009599893443967568,0.0006492234114221572,0.5389908256880734,0.0005370795107033639,-0.0018991321915018263,0.5810397553516821,0.000577217125382263,0.0011616684936659812
2010-11-08,5.4271068327058376e-05,-0.001228221286413003,1.2844036697247707,0.0012844036697247708,0.0009379924167615276,-0.0008837213484344693,-0.027644004782125916,0.9931192660550459,0.0012824923547400614,-0.0012301326013977123,0.002685662488367387,-0.00011992544711332348,0.0026516717982852187,0.0011269659792017643,0.0022569631739027454,0.6574923547400612,0.0006555810397553517,0.00028241137700617594,0.6269113149847095,0.0006269113149847095,-0.0015106326634191788
2010-11-09,0.0004850474836544189,-0.0007267262166513916,1.2117737003058104,0.0012117737003058105,-0.002302140863726144,0.0027871883473805626,-0.002384921990745243,0.9954128440366973,0.0012117737003058105,-0.0007267262166513916,-0.005358452566982319,-0.005990340599542116,-0.0026580513444307684,-0.00033701221125873244,-0.006753793319092004,0.6192660550458716,0.0006192660550458716,-0.0029214069187720156,0.5925076452599389,0.0005925076452599388,0.002194680702120624
2010-11-10,0.0024814578758650665,0.0015678493131739348,0.9136085626911316,0.0009136085626911315,-0.0012193131307166184,0.0037007710065816847,0.09332125691180017,0.9954128440366973,0.0009136085626911318,0.001567849313173935,-0.00961032336119878,-0.0028468195240994422,-0.007883807284498667,0.0008930961723150498,-0.004112896534381287,0.47400611620795113,0.0004740061162079511,-0.0016933192469245695,0.4396024464831805,0.0004396024464831805,0.003261168560098504
2010-11-11,-0.0001626109176066758,-0.0011392928747932201,0.9785932721712539,0.0009785932721712539,0.003513401919058054,-0.0036760128366647295,-0.0383790193216628,0.9954128440366973,0.0009766819571865443,-0.0011412041897779297,0.007469230964125131,0.0070779682146158525,0.003175016989824886,0.003154317378578715,0.009005405686743701,0.48929663608562696,0.00048738532110091746,0.0030260165979571364,0.48929663608562696,0.0004892966360856269,-0.004165309472750356
2010-11-12,0.0007811768752427598,-0.0002834255712404206,1.06651376146789,0.00106651376146789,0.0002066848639977305,0.0005744920112450293,0.04166651681236786,0.9954128440366973,0.0010646024464831805,-0.00028533688622513025,-0.0011494543912984531,-0.0011426772955217626,0.005415992787178862,-0.001792315535622657,0.0015176377726596772,0.5084097859327218,0.0005064984709480122,-0.0002998136069502817,0.5581039755351682,0.0005581039755351683,1.638803570986106e-05
2010-11-15,0.0005212913114008686,-0.00044583407086212844,0.967125382262997,0.0009671253822629971,-0.001891693616263096,0.0024129849276639647,0.025675729732328418,0.9954128440366973,0.0009671253822629971,-0.00044583407086212844,-0.0054140196901124,-0.003600072659232603,-0.0030607249900606367,-0.007544934211968008,-0.0019156599056760636,0.4778287461773701,0.0004778287461773701,-0.002369522362440466,0.48929663608562696,0.0004892966360856269,0.0019236882915783377
2010-11-16,-0.0004950891547388068,-0.00155013502629844,1.058868501529052,0.0010588685015290521,0.002487724271273234,-0.0029828134260120407,-0.0117688593469998,0.9954128440366973,0.0010550458715596332,-0.001553957656267859,0.006918219011477758,0.0041015847872686185,0.002156782554390139,0.003693554223598782,0.005654779744256671,0.5351681957186545,0.0005332568807339449,0.001954467390539289,0.5237003058103976,0.0005217889908256881,-0.0035046024168377287
2010-11-17,0.0010237673922313176,-3.127847932831544e-05,1.058868501529052,0.0010588685015290521,0.0012480983625901443,-0.00022433097035882673,0.021712383237506096,0.9954128440366973,0.001055045871559633,-3.510110929773455e-05,0.0005324911791460709,0.0002750176297910422,-0.0004155907452558269,0.0024985920853557485,0.002503606620006973,0.5619266055045872,0.0005600152905198778,0.0006880830720702666,0.49694189602446487,0.0004950305810397554,-0.0007193615513985821
2010-11-18,-0.0011471780608125841,-0.0021984013024027985,1.0550458715596331,0.0010550458715596332,-0.001590959233345289,0.0004437811725327047,-0.06132603071927494,0.9954128440366973,0.0010512232415902144,-0.0022022239323722173,-0.0006935594385721128,-0.0012816892776731433,-0.0019384318124125546,-0.0021414716484538187,-0.003725421316777165,0.5007645259938839,0.0004988532110091744,-0.0020898124443544633,0.5542813455657493,0.0005523700305810398,-0.00010858885804833514
2010-11-19,0.000363353466004087,-0.0007413865951579925,1.1085626911314985,0.0011085626911314986,-0.0037359598556653876,0.004099313321669474,0.028613705833197854,0.9954128440366973,0.0011047400611620794,-0.0007452092251274117,-0.007976635118248464,-0.008614801733555107,-0.009206917284167913,-0.007571288191053146,-0.007448000711853488,0.6077981651376148,0.0006058868501529052,-0.004341846705818293,0.5007645259938839,0.0004988532110091744,0.0036004601106603
2010-11-22,-0.0003789417465186264,-0.0015066175874972197,1.1276758409785934,0.0011276758409785935,0.006960750499612283,-0.007339692246130909,-0.007344866854149686,0.9954128440366973,0.0011276758409785933,-0.00150661758749722,0.0166243717482558,0.010630669249798495,0.015267869335175184,0.009455551704601524,0.01620248082239548,0.58868501529052,0.00058868501529052,0.006372065484321763,0.5389908256880734,0.0005389908256880734,-0.007878683071818982
2010-11-24,0.00029704900485110375,-0.0007006574171672449,1.0015290519877678,0.0010015290519877677,-0.0016434058313489043,0.0019404548362000082,0.039619445925657346,0.9954128440366973,0.0009977064220183488,-0.000704480047136664,-0.004681523310225814,-0.0023064472910408335,0.0016586737727283382,-0.005808169659169631,-0.002070846783179071,0.5160550458715597,0.0005141437308868502,-0.0021575495622357544,0.485474006116208,0.0004835626911314985,0.0014568921450685097
2010-11-25,0.0015485368731455239,0.0004437968119834444,1.1085626911314985,0.0011085626911314986,0.0010353532028633127,0.0005131836702822113,0.1036013841399348,0.9954128440366973,0.0011047400611620794,0.00043997418201402526,-0.002660525178456014,0.0023227294781000643,0.00042978988296160403,0.0014061747083736775,0.0024101126213193977,0.5695718654434251,0.0005676605504587156,0.00046769265240459706,0.5389908256880734,0.0005370795107033639,-2.3895840421152607e-05
2010-11-26,-0.0001732267384486545,-0.00114608606566578,0.974770642201835,0.0009747706422018349,-2.0386105664729727e-05,-0.0001528406327839248,0.0006238098051686154,0.9954128440366973,0.0009728593272171255,-0.0011479973806504894,-0.0001771532441437845,0.0012923859307192502,-0.0007082669864228358,0.00011673570992400488,-0.00011899587090374145,0.5007645259938839,0.0004988532110091744,-0.0005192393166739041,0.47400611620795113,0.0004740061162079511,-0.0006268467489918759
2010-11-29,0.0015099863014167074,0.0006976774329151784,0.8142201834862386,0.0008142201834862386,0.0006147274960981846,0.0008952588053185229,0.11847402572380544,0.9954128440366973,0.000812308868501529,0.0006957661179304688,-0.002440013322335647,-0.0005038745845545809,-0.0013773289596886317,-0.0012132787424680622,0.002448088493165652,0.37844036697247707,0.0003784403669724771,0.00023628712912570748,0.4357798165137615,0.000433868501529052,0.0004613903037894709
2010-11-30,0.0010428054696217,0.00023049660112017085,0.8142201834862386,0.0008142201834862386,0.003494442342114331,-0.002451636872492631,0.09375738796984369,0.9954128440366973,0.0008123088685015291,0.00022858528613546136,0.004424831773370764,0.005859604878777792,0.007709166669910297,0.006379003121451524,0.0073545860054562455,0.4051987767584098,0.0004051987767584098,0.003089243565355921,0.4090214067278288,0.0004071100917431193,-0.0028587469642357504
2010-12-01,0.0009559914275973732,-0.0002615162176625657,1.2194189602446484,0.0012194189602446484,-0.001517151013252097,0.00247314244084947,0.06955453638321696,0.9954128440366973,0.0012175076452599388,-0.00026342753264727524,-0.004489668491852607,-0.005857749656818416,-0.0029224292870971124,-0.004039531022959577,-0.002542150638712723,0.6422018348623854,0.0006402905198776759,-0.002157441533129773,0.577217125382263,0.000577217125382263,0.001895925315467207
2010-12-02,-0.0002371261936980931,-0.0015272638083769924,1.2920489296636086,0.0012920489296636088,-0.000592212827855043,0.00035508663415694994,-0.005053820935978941,0.9954128440366973,0.0012901376146788992,-0.0015291751233617017,-0.0015382252340532746,0.0009877478395634899,-0.0026264384493153376,-0.0020869290579587927,-0.0007492520261454159,0.6383792048929664,0.0006364678899082569,-0.0012286807177633,0.6536697247706422,0.0006536697247706422,-0.0002985830906136923
2010-12-03,0.00016061551613025273,-0.0009536811199553743,1.1162079510703364,0.0011162079510703366,0.0018575277359258935,-0.0016969122197956407,0.012305545697793178,0.9954128440366973,0.001114296636085627,-0.0009555924349400838,0.004212332051185385,0.0017029538649819937,0.0059945524226259215,0.0010429444536857293,0.005063921517044649,0.6039755351681958,0.0006020642201834863,0.0012554635157424072,0.5122324159021407,0.0005122324159021407,-0.0022091446356977814
2010-12-06,-0.0010423246433148548,-0.0021241289246604206,1.0856269113149848,0.0010856269113149848,0.0016244266262600237,-0.0026667512695748782,-0.1258232230613655,0.9954128440366973,0.0010818042813455658,-0.0021279515546298398,0.005355572629140347,0.005326145135300641,0.003059352094846211,0.0017632499341800533,0.004012991474251492,0.5925076452599389,0.0005905963302752293,0.0010338302959847943,0.4931192660550459,0.0004912079510703364,-0.003157959220645215
2010-12-07,-0.0005046035027780555,-0.0013761631358055785,0.871559633027523,0.000871559633027523,-0.001447094002064912,0.0009424904992868567,-0.00039510156268062797,0.9954128440366973,0.000871559633027523,-0.0013761631358055785,-0.002110460613463896,-0.0014470216377490274,-0.0020285831844338866,-0.002804478198969231,-0.0029651405561437246,0.41284403669724773,0.0004128440366972477,-0.0018599380387621597,0.45871559633027525,0.00045871559633027525,0.00048377490295658143
2010-12-08,0.001066064265136696,0.0001601009623844024,0.9097859327217126,0.0009097859327217127,0.0024727098126740674,-0.0014066455475373715,0.05822261547252364,0.9954128440366973,0.0009059633027522936,0.00015627833241498338,0.0023235432941880493,0.0038024805894704182,-0.002498742607076156,0.0068718157662614595,0.003999274726013362,0.48165137614678905,0.00047974006116207956,0.001992969751511988,0.4281345565749236,0.0004262232415902141,-0.0018328687891275856
2010-12-09,0.00148837137736749,0.0002727750470922604,1.2155963302752295,0.0012155963302752295,-0.0021126792435321837,0.003601050620899674,0.10022713018497403,0.9954128440366973,0.0012155963302752297,0.0002727750470922605,-0.006888976258620954,-0.007809417015551408,-0.00817463053046119,-0.007472814087824422,-0.0026162008883638724,0.6192660550458716,0.0006192660550458716,-0.002731945298578055,0.5963302752293579,0.0005963302752293578,0.003004720345670316
2010-12-10,-0.0011025067466827016,-0.002204828141514016,1.104232709816024,0.001104232709816024,0.0014934928225537884,-0.0025959995692364903,-0.08810911643825814,0.9931350114416476,0.0011023213948313144,-0.0022067394564987256,0.006154464674309362,0.0032343766445252047,0.005098854047322421,0.0023029089699715924,0.0033246446859639188,0.5654299540234712,0.0005635230127572622,0.0009299698097965263,0.5388027557925529,0.0005387983820740524,-0.0031347979513105424
2010-12-13,0.0009095846464799148,-0.0003108577638938459,1.2242562929061787,0.0012242562929061787,0.0007973793643894247,0.00011220528209048991,0.03225865170032027,0.9931350114416476,0.0012204424103737608,-0.00031467164642626385,-0.0004943677326066198,0.0003237732300058866,0.0005780820258512768,0.0011242407987020885,0.0018200953931746173,0.5911517925247903,0.0005892448512585814,0.00020813451313084338,0.6331045003813883,0.0006311975591151793,-0.0005189922770246893
2010-12-14,-0.00023517241195597106,-0.0016539367140154678,1.4225781845919148,0.0014225781845919148,-0.0006859424638573042,0.0004507700519013332,-0.026134026993591252,0.9931350114416476,0.0014187643020594966,-0.001657750596547886,-0.0016018060102702665,0.0005294656115175326,-0.0016206022237021734,-0.0018211966614871226,-0.0011538938361299873,0.6712433257055683,0.0006693363844393593,-0.0013552788482966635,0.7513348588863463,0.0007494279176201374,-0.00029865786571880423
2010-12-15,3.861250960324714e-05,-0.0010117768895448115,1.052300694161451,0.001052300694161451,-0.0012011141923145463,0.0012397267019177934,-0.023498303955162614,0.9908675799086758,0.0010503893991480587,-0.0010136881845582038,-0.0031257164591214095,-0.0011799332293328396,-0.003626995867996245,-0.002650994431784509,-0.0022765289995185984,0.5565873936379564,0.0005546804523717474,-0.0017557946446862937,0.4957133005234946,0.0004957089467763115,0.0007440177551414819
2010-12-16,0.001232561793485203,0.000241313696072722,0.9931506849315068,0.0009931506849315068,0.0012909069463377246,-5.834515285252152e-05,0.05800242140080863,0.9908675799086758,0.000991248097412481,0.00023941110855369612,-0.00020750311312344856,0.0007904324735177906,0.0014805610118988615,0.004064190103590245,0.0018461144999020263,0.5289193302891932,0.0005289193302891933,0.0007619876160485313,0.4642313546423135,0.00046232876712328766,-0.0005206739199758092
2010-12-17,0.0001551639824818016,-0.0010453687420235256,1.202435312024353,0.0012024353120243531,-0.0006498026377600923,0.000804966620241894,-0.01053078147977022,0.9908675799086758,0.0012005327245053273,-0.0010472713295425515,-0.00157202251624166,-0.0017225234440071454,-0.002789253468884346,-8.11763775730642e-05,-0.0019008812382694377,0.6126331811263318,0.0006107305936073059,-0.0012605332313673982,0.5898021308980212,0.0005898021308980213,0.00021516448934387272
2010-12-20,0.00012056795623578522,-0.0009467836419377308,1.0692541856925417,0.0010692541856925418,-0.0003450318257541267,0.00046559978198991187,-0.012404633030064931,0.9908675799086758,0.001067351598173516,-0.0009486862294567566,-0.001737187525165406,0.0007179501060613384,-0.0006112446948796194,-0.0023310414082619983,0.00012188565285468671,0.547945205479452,0.0005460426179604262,-0.0008910744437145529,0.5213089802130898,0.0005213089802130898,-5.570919822317792e-05
2010-12-21,0.0008555210380444728,-7.10390837211284e-05,0.928462709284627,0.000928462709284627,-0.0013057030909913695,0.002161224129035842,0.05404230441903812,0.9908675799086758,0.0009265601217656012,-7.294167124015426e-05,-0.0042614483767776925,-0.004540288093039588,-0.00543124232943609,-0.0029277482902000667,-0.0024686999526582847,0.48325722983257224,0.0004813546423135464,-0.0017870577333049158,0.4452054794520548,0.0004452054794520548,0.0017160186495837873
2010-12-22,0.000666049940074776,-0.0002053351436390748,0.8713850837138508,0.0008713850837138509,0.00042710574296889745,0.0002389441971058786,0.024731537552814466,0.9908675799086758,0.0008713850837138508,-0.00020533514363907488,-0.000851923875202019,0.0002864650827847712,0.003213808646660632,0.0015505031703074998,0.000517860828738679,0.4490106544901065,0.00044901065449010655,-2.1904911521209098e-05,0.42237442922374424,0.00042237442922374427,-0.00018343023211786567
2010-12-24,-6.511360674666592e-05,-0.0011476859050723888,1.0844748858447488,0.0010844748858447489,-0.0008647813352269254,0.0007996677284802595,0.04561283496564422,0.9908675799086758,0.001082572298325723,-0.0011495884925914147,-0.002384869405664464,-6.6086359567295335e-06,-0.0012622933560997465,-0.0008409508254580148,-0.0021716323795788793,0.5365296803652968,0.0005365296803652968,-0.001401311015592222,0.547945205479452,0.0005460426179604262,0.00025362511051983336
2010-12-27,-0.0005123098002986061,-0.0015492199981677081,1.0426179604261796,0.0010426179604261796,0.0008925783963813443,-0.0014048881966799503,-0.06440860092723724,0.9908675799086758,0.001036910197869102,-0.0015549277607247857,0.0034451025983833587,0.0016348398124267948,0.0012836611241599993,0.0008597406005722547,0.0022454631448228447,0.4908675799086758,0.0004908675799086757,0.00040171081647266856,0.5517503805175038,0.0005460426179604262,-0.0019509308146403764
2010-12-28,0.0003830374140874191,-4.694736521242866e-05,0.4299847792998478,0.0004299847792998478,0.0005218774212758388,-0.00013884000718841966,0.0020957276600575415,0.9885844748858448,0.00042998477929984775,-4.6947365212428695e-05,0.0003359655864597689,0.00017281304445516187,-0.004169611537774218,-9.237568461516422e-05,0.0016036538721561648,0.20167427701674276,0.00020167427701674276,0.000320203144259096,0.228310502283105,0.00022831050228310502,-0.00036715050947152465
2010-12-29,0.00030925995113095724,-4.842650244590734e-05,0.3576864535768645,0.0003576864535768645,0.004309921196706007,-0.004000661245575049,0.012734154477803438,0.9885844748858448,0.00035768645357686456,-4.842650244590727e-05,0.007939833375639426,0.008585911229916499,0.011250464319273573,0.009783480568274215,0.00809042756884713,0.1750380517503805,0.0001750380517503805,0.004134883144955626,0.182648401826484,0.00018264840182648402,-0.004183309647401533
2010-12-30,-0.0009169080089479757,-0.0012745944625248405,0.3576864535768645,0.0003576864535768645,-0.002940842733470608,0.002023934724522632,-0.08624686177574041,0.9908675799086758,0.0003576864535768647,-0.0012745944625248402,-0.004349469143203484,-0.0036114407093139917,-0.004153134976534242,-0.004622954511399703,-0.006523482117794188,0.15220700152207,0.00015220700152207,-0.003093049734992678,0.2054794520547945,0.0002054794520547945,0.0018184552724678372
2011-01-04,-0.001000257014821158,-0.0013712615810312035,0.3729071537290715,0.00037290715372907153,0.0003140058490290122,-0.0013142628638501703,-0.03560281246547999,0.9908675799086758,0.0003710045662100455,-0.0013731641685502296,0.0030460829718310604,0.0018692805132679647,0.0075205807365234965,0.0055396526658783776,-0.001769140085317566,0.182648401826484,0.00018264840182648402,0.00013135744720252818,0.1902587519025875,0.00018835616438356162,-0.001502619028233732
2011-01-05,0.0012251686042282306,0.0004926724094032687,0.7343987823439878,0.0007343987823439878,-0.0013083424911281521,0.002533511095356383,0.09236194473936178,0.9908675799086758,0.000732496194824962,0.0004907698218842428,-0.0056380202383282925,-0.004029861037358529,-0.0015074268668842901,-0.00011660069326321856,-0.0038502111006609094,0.30441400304414,0.00030441400304414,-0.0016127564941722922,0.4299847792998478,0.0004280821917808219,0.002105428903575561
2011-01-06,2.6044400718995963e-05,-0.0008072889326143372,0.837138508371385,0.0008371385083713851,-0.0006397613601448098,0.0006658057608638059,-0.002719616979752054,0.9908675799086758,0.0008333333333333332,-0.0008110941076523891,-0.001804597565787768,-0.0004179945518947066,0.0029011231089656987,-0.0018941664999413998,-0.0009742391215750584,0.43759512937595124,0.0004356925418569254,-0.001075453902001735,0.3995433789954338,0.0003976407914764079,0.000268164969387398
2011-01-07,0.000876577685237875,-0.0002459489509873913,1.126331811263318,0.001126331811263318,0.0024907784981368763,-0.0016142008128990012,-0.01295497141330464,0.9908675799086758,0.0011225266362252663,-0.00024975412602544294,0.0033582888279197446,0.0029926175993702326,0.0034013095945450616,0.0038416797950186583,0.00553935816167113,0.5593607305936072,0.0005593607305936073,0.001931417767543269,0.5669710806697108,0.000563165905631659,-0.0021773667185306603
2011-01-11,0.0017479404358560543,0.0006748810751254608,1.0730593607305936,0.0010730593607305935,-0.0013036483663529178,0.003051588802208972,0.04688731825273068,0.9908675799086758,0.0010730593607305935,0.0006748810751254608,-0.006406321085427443,-0.005539564690765184,-0.005678387922071216,0.00023779185148569968,-0.004010712911558804,0.5517503805175038,0.0005517503805175037,-0.0018553987468704215,0.5213089802130898,0.0005213089802130898,0.0025302798219958822
2011-01-12,-0.0004774047262783155,-0.001462945061133719,0.9855403348554033,0.0009855403348554034,-0.004491007602756958,0.004013602876478642,-0.04489191957484929,0.9908675799086758,0.0009855403348554034,-0.001462945061133719,-0.009049202217501372,-0.006010349786010847,-0.009760913879764651,-0.007254452797631854,-0.009825773878494806,0.5136986301369862,0.0005136986301369863,-0.005004706232893944,0.471841704718417,0.000471841704718417,0.003541761171760225
2011-01-13,-0.0008035549905689236,-0.0018918350514517243,1.0882800608828005,0.0010882800608828006,0.002330060530778375,-0.003133615521347299,-0.043986334755909365,0.9908675799086758,0.0010882800608828006,-0.001891835051451724,0.006047354565646606,0.006775510633329505,0.004701619218588806,0.005165612460081339,0.00440495188039794,0.5441400304414002,0.0005441400304414003,0.0017859205003369746,0.5441400304414002,0.0005441400304414003,-0.0036777555517886994
2011-01-14,0.001215725655883957,0.00012934818252018223,1.0882800608828005,0.0010882800608828006,0.00044781247909323423,0.0007679131767907226,0.08894849623963574,0.9908675799086758,0.0010863774733637747,0.00012744559500115632,-0.0014587920845338187,-0.0017278559863911972,0.000180523662646552,0.0007386844523635334,0.0009721857480441847,0.5555555555555556,0.0005555555555555556,-0.00010774307646232133,0.532724505327245,0.0005308219178082192,0.00023709125898250345
2011-01-17,0.0008973807195610707,-0.0003373985802867223,1.2366818873668188,0.0012366818873668188,0.001517550067097332,-0.0006201693475362612,0.10289368039344277,0.9908675799086758,0.001234779299847793,-0.0003393011678057481,0.0006139009762130391,0.0025338888052507448,0.0014084275749712879,0.0006383633747815262,0.004216401713979346,0.6659056316590563,0.0006659056316590563,0.0008516444354382756,0.5707762557077625,0.0005688736681887367,-0.001189043015724998
2011-01-18,0.0017185048076917855,0.000536997958376717,1.1834094368340944,0.0011834094368340944,-0.0010658852506247958,0.0027843900583165815,0.08409453812275013,0.9908675799086758,0.0011815068493150685,0.0005350953708576911,-0.006440089614338215,-0.0038374377038101074,0.0010479454923237959,-0.0033355252463964013,-0.001553262025785808,0.6468797564687976,0.0006449771689497716,-0.0017108624195745674,0.5365296803652968,0.0005365296803652968,0.002247860377951285
2011-01-19,0.0011104182856311203,0.00021620215168895903,0.898021308980213,0.0008980213089802131,0.0025824974523563997,-0.0014720791667252795,0.03579012422248556,0.9908675799086758,0.0008942161339421613,0.00021239697665090718,0.002576646667120684,0.003783584766881487,0.0008935687660151707,0.007390866677193588,0.004100830265453837,0.4147640791476408,0.0004147640791476408,0.002167733373208759,0.48325722983257224,0.00047945205479452054,-0.0019515312215198
2011-01-20,0.002212251587864516,0.0013104251038462509,0.9056316590563165,0.0009056316590563165,0.0022574273332746295,-4.517574541011355e-05,0.14943125706226612,0.9908675799086758,0.000901826484018265,0.0013066199288081994,-0.0009393530810320016,0.002224358988813976,0.006108073362166814,0.004378243221341113,0.00457725367109357,0.4642313546423135,0.00046232876712328766,0.0017950985661513417,0.441400304414003,0.00043949771689497715,-0.0004846734623050907
2011-01-21,-0.001435656739086725,-0.0024668591743987494,1.0312024353120244,0.0010312024353120242,0.00018195082271813307,-0.001617607561804858,-0.06022726230141706,0.9908675799086758,0.0010312024353120244,-0.002466859174398749,0.003508385253546857,0.002738102704239843,0.00014777749431510654,-7.388262908513261e-05,0.0005798928474491891,0.5441400304414002,0.0005441400304414003,-0.00036218920772326726,0.487062404870624,0.000487062404870624,-0.002104669966675482
2011-01-24,0.001731429230072741,0.0005061628678200775,1.2290715372907153,0.0012290715372907154,-0.0018293639261248624,0.0035607931561976035,0.144505809270097,0.9908675799086758,0.0012252663622526637,0.0005023576927820257,-0.007731686584924748,-0.005870989010927643,-0.003262405541266092,-0.002408816261337113,-0.0042724242320164715,0.5898021308980212,0.0005898021308980213,-0.0024191660570228837,0.639269406392694,0.0006354642313546422,0.0029253289248429614
2011-01-25,-0.00024018544100024358,-0.0014159845277582344,1.1796042617960425,0.0011796042617960426,0.0014551389189593107,-0.0016953243599595541,-0.018277502514799794,0.9908675799086758,0.0011757990867579907,-0.0014197897027962863,0.0030027184590503517,0.004216093427928836,0.003883070001247355,0.001422436111721329,0.003650519944301019,0.5974124809741248,0.0005955098934550989,0.0008596290255042118,0.5821917808219178,0.0005802891933028919,-0.002275613553262446
2011-01-26,-0.000767880838019424,-0.0018124013859646296,1.0464231354642313,0.0010464231354642313,-0.0014915212070389628,0.0007236403690195389,-0.04051020434376845,0.9908675799086758,0.0010445205479452054,-0.0018143039734836554,-0.0005328901113900506,-0.003332054864558381,-0.0016653708685065653,-0.002321022297399695,-0.003306901173556281,0.532724505327245,0.0005308219178082192,-0.002022343124847182,0.5136986301369862,0.0005136986301369863,0.00020994173888255264
2011-01-27,0.0002742814869559568,-0.000810193398888792,1.0882800608828005,0.0010882800608828006,-0.0007317205041665466,0.0010060019911225034,0.03843157230677879,0.9908675799086758,0.0010844748858447489,-0.0008139985739268438,-0.0015200149963410516,-0.0030729306647749393,0.0026455064617435277,-0.003360195148234484,-0.0005241779493950954,0.5555555555555556,0.0005555555555555556,-0.0012872760597221022,0.532724505327245,0.0005289193302891933,0.00047708266083331004
2011-01-28,-0.0020613901834854644,-0.003088787443759437,1.0312024353120244,0.0010312024353120242,0.002631238342483833,-0.0046926285259692975,-0.06582019172297825,0.9908675799086758,0.0010273972602739727,-0.003092592618797489,0.010316125327901394,0.00756752901789323,0.007015491291553484,0.003517369932124033,0.006119134594969954,0.5289193302891932,0.0005289193302891933,0.00210231901219464,0.502283105022831,0.0004984779299847793,-0.005191106455954077
2011-01-31,0.0007672475482470073,-0.0004199670636251387,1.187214611872146,0.001187214611872146,0.0017217785842665455,-0.000954531036019538,0.007976089859732706,0.9908675799086758,0.001187214611872146,-0.0004199670636251387,0.001043427085143493,0.0036983528551931912,0.004174542736239688,0.00037093733304930293,0.004958495885881858,0.5974124809741248,0.0005974124809741248,0.0011243661032924207,0.5898021308980212,0.0005898021308980213,-0.0015443331669175594
2011-02-01,0.000864467801650067,-0.00033796751037428596,1.202435312024353,0.0012024353120243531,-0.004010604535829068,0.004875072337479134,0.04309161284450739,0.9908675799086758,0.001202435312024353,-0.0003379675103742861,-0.009658732587413498,-0.010027919595282065,-0.008705113305298367,-0.0035089249279405283,-0.010242598155118932,0.5859969558599696,0.0005859969558599695,-0.004596601491689037,0.6164383561643836,0.0006164383561643835,0.004258633981314751
2011-02-02,-0.00048310200968647277,-0.0015808950081644027,1.0996955859969557,0.0010996955859969557,0.0011541096361309458,-0.0016372116458174186,-0.04981839493935305,0.9908675799086758,0.0010977929984779299,-0.0015827975956834285,0.0011194804315965384,0.007805763353889934,0.0041944603649571865,0.0037439016605882924,0.0015959123879502482,0.547945205479452,0.000547945205479452,0.0006061644306514938,0.5517503805175038,0.0005498477929984779,-0.0021870594388158967
2011-02-03,0.000913166132956228,-0.000138964765065081,1.0540334855403348,0.0010540334855403347,0.0009858482321485258,-7.268209919229764e-05,0.04274003631000243,0.9908675799086758,0.001052130898021309,-0.0001408673525841067,7.274339390553242e-05,0.0002953357442802087,0.0017043743714760967,0.001290565784300581,0.002306151179449515,0.49847792998477924,0.0004984779299847793,0.0004873703021637465,0.5555555555555556,0.0005536529680365297,-0.0006263350672288273
2011-02-04,0.0012427627738312436,0.00020014481340506395,1.0426179604261796,0.0010426179604261796,0.001305479733805912,-6.271695997466854e-05,0.08147452226143716,0.9908675799086758,0.0010426179604261796,0.00020014481340506398,0.0015768744955896097,-0.002843789268152157,-0.0009415956847040275,0.0011898878835157754,0.003310453989900653,0.5098934550989345,0.0005098934550989345,0.0007955862787069776,0.532724505327245,0.000532724505327245,-0.0005954414653019136
2011-02-07,0.0012074881694737003,0.00022765559717537466,0.9817351598173516,0.0009817351598173515,-0.0016354144628458699,0.0028429026323195704,0.057004208275700595,0.9908675799086758,0.0009798325722983256,0.00022575300965634883,-0.0058012665967517784,-0.0055671376766923885,-0.003414981061476026,-0.001165783602524913,-0.00430767425143251,0.5060882800608828,0.0005060882800608828,-0.0021415027429067526,0.4756468797564688,0.0004737442922374429,0.0023691583400821275
2011-02-08,-0.000544368902076629,-0.0015565454621983947,1.0159817351598173,0.0010159817351598174,-0.0027997273442346322,0.002255358442158003,-0.02362998001004819,0.9908675799086758,0.0010121765601217656,-0.0015603506372364464,-0.004107897837583369,-0.005377050904460159,-0.0034896822991807063,-0.003063680388162807,-0.006863978288339326,0.5213089802130898,0.0005194063926940639,-0.003319133736928696,0.4946727549467275,0.0004927701674277016,0.0017625882747303017
2011-02-09,0.0001109461054895521,-0.000984944305469352,1.0996955859969557,0.0010996955859969557,0.0026693632845698825,-0.0025584171790803303,0.008582357537188025,0.9908675799086758,0.001095890410958904,-0.0009887494805074035,0.006524914198313023,0.00230963729907682,0.002599483627761554,0.0049613619660612155,0.005519198018878436,0.563165905631659,0.0005612633181126331,0.0021080999664572493,0.5365296803652968,0.0005346270928462709,-0.003093044271926601
2011-02-10,0.00044480851733598285,-0.0006111275557233778,1.0578386605783865,0.0010578386605783867,-0.001664498057705779,0.002109306575041762,0.010404977266797046,0.9908675799086758,0.0010559360730593606,-0.0006130301432424038,-0.0037422620873694035,-0.0052327140519178505,-0.005933892663392762,-0.0031608921053082814,-0.0034083100339110054,0.547945205479452,0.000547945205479452,-0.002212443263185231,0.5098934550989345,0.0005079908675799087,0.0016013157074618533
2011-02-14,-0.0009679433144562824,-0.0020638337254151864,1.095890410958904,0.001095890410958904,-0.0011402341484680984,0.00017229083401181614,-0.043912789935956556,0.9908675799086758,0.001095890410958904,-0.0020638337254151864,-0.00021412441346599703,-0.0006147693672859892,0.0013779280790369238,-0.004925963760501337,-0.0009701603481319112,0.5365296803652968,0.0005365296803652968,-0.001676763828833395,0.5593607305936072,0.0005593607305936073,-0.0003870698965817911
2011-02-15,0.0006241325718793986,-0.0003309663626715908,0.9550989345509893,0.0009550989345509894,0.00042680547083625837,0.0001973271010431402,0.029507106580169543,0.9908675799086758,0.0009550989345509894,-0.0003309663626715908,0.0005207603431562814,-0.002271731915160233,0.00041130314158448075,0.0016947957666351755,0.0004368279759902112,0.5098934550989345,0.0005098934550989345,-8.308798426267616e-05,0.4452054794520548,0.0004452054794520548,-0.00024787837840891454
2011-02-16,0.0019093151205624205,0.0008895282103645513,1.019786910197869,0.001019786910197869,-0.0012544507803906686,0.003163765900953089,0.10209070601192204,0.9908675799086758,0.0010197869101978693,0.0008895282103645514,-0.0073115492578553565,-0.004372589397190708,-0.007094173655364869,0.0028270737993776203,-0.005143720174540844,0.547945205479452,0.000547945205479452,-0.0018023959858701206,0.471841704718417,0.000471841704718417,0.002691924196234672
2011-02-17,-0.0010325732877402905,-0.002044749847862056,1.0121765601217656,0.0010121765601217656,-4.1604083640699134e-05,-0.0009909692040995914,-0.025025276444482287,0.9908675799086758,0.0010121765601217654,-0.002044749847862056,0.0025615928101399145,0.0008141055708153527,0.00045872225905617924,-0.0010046838526185191,0.00037238857281965735,0.5517503805175038,0.0005517503805175037,-0.0005933544641582029,0.4604261796042618,0.0004604261796042618,-0.0014513953837038533
2011-02-18,-0.00122341540675947,-0.002275546304780779,1.0540334855403348,0.0010540334855403347,-0.001289974068229372,6.655866146990205e-05,-0.0734801562937521,0.9908675799086758,0.001052130898021309,-0.002277448892299805,-0.001002170203480328,0.0016441712016739215,-0.0029447324113613537,-0.0029968867203015565,-0.002387943819974,0.5136986301369862,0.0005117960426179604,-0.0018017701108473325,0.5403348554033485,0.0005403348554033485,-0.0004737761939334464
2011-02-21,4.447819512474808e-05,-0.0009962371777824056,1.0426179604261796,0.0010426179604261796,0.0005497566358321187,-0.0005052784407073706,0.031678954107518566,0.9908675799086758,0.0010407153729071537,-0.0009981397653014315,0.0008715314139047046,0.0013198214069243056,-0.0013494214127946131,-0.0003184482710491041,0.0017973786312703668,0.5136986301369862,0.0005136986301369863,3.605800569513246e-05,0.5289193302891932,0.0005270167427701674,-0.001032295183477538
2011-02-22,0.0016834697594374948,0.000688416486986962,0.9969558599695585,0.0009969558599695586,0.0030337846114373047,-0.0013503148519998097,0.03900620610930741,0.9931506849315068,0.0009950532724505327,0.0006865138994679363,0.002560039530487399,0.0029788336648887107,0.0036443425455487716,0.003456559823351134,0.007370983221382102,0.5136986301369862,0.0005136986301369863,0.0025200859813003184,0.48325722983257224,0.0004813546423135464,-0.001831669494313356
2011-02-23,0.0015302143063598234,0.000592238659480067,0.9398782343987823,0.0009398782343987823,0.0007033695906902076,0.0008268447156696159,0.08710785392827622,0.9931506849315068,0.0009379756468797563,0.0005903360719610411,-0.0011241284136150004,-0.0027211836983874723,0.002174186732291359,-7.362567594193577e-05,0.002136911878827963,0.4908675799086758,0.0004889649923896499,0.0002144045983005577,0.4490106544901065,0.00044901065449010655,0.00037783406117950934
2011-02-24,0.0027418138241000257,0.0016002613126845004,1.141552511415525,0.001141552511415525,0.004224904648026202,-0.0014830908239261765,0.15621667879120094,0.9931506849315068,0.0011415525114155253,0.0016002613126845006,0.00293181792484343,0.0030288802561282166,0.0027849394337651776,0.004685812304807646,0.01030081938911538,0.563165905631659,0.000563165905631659,0.003661738742394543,0.578386605783866,0.0005783866057838661,-0.0020614774297100426
2011-02-25,-0.0008321800062165532,-0.0021373550442683035,1.3051750380517504,0.0013051750380517503,0.00030861730687928724,-0.0011407973130958405,-0.048685229109961994,0.9931506849315068,0.0013051750380517503,-0.0021373550442683035,0.0025676136290579714,0.0016977364258502392,0.0009454899744454222,-0.0007053573354397184,0.0012703144584034598,0.6354642313546423,0.0006354642313546422,-0.000326846924475355,0.669710806697108,0.000669710806697108,-0.0018105081197929485
2011-02-28,-0.0007211901562260585,-0.0019312358183265152,1.2100456621004565,0.0012100456621004566,-0.0043603157388285374,0.0036391255826024784,-0.033409482211923254,0.9931506849315068,0.0012100456621004568,-0.001931235818326515,-0.007418749515122208,-0.006977293006371887,-0.009024832578647573,-0.008681123335543594,-0.008730251262136286,0.6126331811263318,0.0006126331811263318,-0.004972948919954869,0.5974124809741248,0.0005974124809741248,0.003041713101628354
2011-03-01,-0.001035199982715952,-0.0023936474713004267,1.3622526636225265,0.0013622526636225265,0.0017059681606140513,-0.0027411681433300032,-0.07097240708694821,0.9931506849315068,0.0013584474885844748,-0.0023974526463384784,0.005356518490478796,0.005858949668352726,0.007365815255942223,0.003008598331705875,0.0036074364225018997,0.6887366818873668,0.0006887366818873668,0.0010172314787266845,0.6735159817351598,0.000669710806697108,-0.0034108789500271112
2011-03-02,-0.0019305823581289932,-0.0030664271069874406,1.1377473363774733,0.0011377473363774733,0.001734276447383309,-0.0036648588055123023,-0.1289552830653544,0.9931506849315068,0.0011358447488584475,-0.0030683296945064665,0.008523737356001822,0.004954325738615645,0.005278270991939869,0.0031786555891907577,0.0036079128663924504,0.5898021308980212,0.0005898021308980213,0.0011444743164852878,0.547945205479452,0.0005460426179604262,-0.004210901423472729
2011-03-03,0.0003188574730103333,-0.0008303053884812952,1.1529680365296804,0.0011529680365296804,-0.002638537791657409,0.0029573952646677424,0.021475150050223272,0.9931506849315068,0.0011491628614916285,-0.0008341105635193472,-0.006279296970314594,-0.005163800969356289,-0.006236109982859791,-0.0032637947317761366,-0.006284824524786287,0.578386605783866,0.0005764840182648402,-0.0032150218099222493,0.5745814307458142,0.0005726788432267884,0.002384716421440954
2011-03-04,0.0006716448248117189,-0.00032911621019589136,1.004566210045662,0.001004566210045662,0.000655987396878644,1.5657427933074944e-05,0.10539889231809918,0.9931506849315068,0.0010007610350076103,-0.00033292138523394307,-0.00030047230152620573,0.0005253362464351533,0.0017785813140933728,0.002162052412336171,0.0009025594791960491,0.471841704718417,0.000471841704718417,0.000184145692160227,0.532724505327245,0.0005289193302891933,-0.0005132619023561184
2011-03-07,-0.0010460694237542007,-0.001909844157391948,0.867579908675799,0.000867579908675799,0.000858429969469273,-0.0019044993932234738,-0.12150838925440674,0.9931506849315068,0.0008637747336377472,-0.0019136493324299997,0.00448289255433662,0.002436963120862217,0.003556619863041041,0.0012621993813388148,0.0019468275293063177,0.426179604261796,0.00042617960426179604,0.000432250365207477,0.441400304414003,0.0004375951293759513,-0.002342094522599425
2011-03-08,-1.4381972450662222e-05,-0.0009371369191782117,0.9246575342465753,0.0009246575342465753,-0.0011045169123061846,0.0010901349398555224,-0.00977305495985783,0.9931506849315068,0.0009227549467275495,-0.0009390395066972376,-0.0024468230576726612,-0.0016550472818334216,-0.005715963879732906,-0.0015286843380902288,-0.0025515183865475626,0.43759512937595124,0.0004375951293759513,-0.001542112041682136,0.487062404870624,0.00048515981735159817,0.0006049751225039242
2011-03-09,-0.0007462158228232927,-0.0016518474818796093,0.9056316590563165,0.0009056316590563165,-0.00040221839465907227,-0.0003439974281642205,-0.07655294874019043,0.9931506849315068,0.0009056316590563165,-0.0016518474818796093,0.0019225395456131061,-0.0018321152533115395,-0.0005399613128886711,-0.00299440643245138,0.0002620054827159674,0.441400304414003,0.000441400304414003,-0.0008436186990730752,0.4642313546423135,0.0004642313546423135,-0.000808228782806534
2011-03-10,-0.006992400881976936,-0.007821929040272218,0.8295281582952816,0.0008295281582952816,-0.010788715593487149,0.003796314711510213,-0.04606516341879793,0.9931506849315068,0.0008295281582952818,-0.007821929040272218,0.0029758683462296587,-0.02929181210821149,-0.01548628561577057,-0.03165981002027034,-0.016748893489736346,0.4299847792998478,0.00042998477929984775,-0.011218700372786997,0.3995433789954338,0.00039954337899543376,0.0033967713325147794
2011-03-11,0.0038264515083534633,0.0029436248960513934,0.8866317873401219,0.000886631787340122,0.015330926870696981,-0.011504475362343518,0.1013157184989292,0.9908883826879271,0.0008828266123020699,0.0029398197210133412,0.029657496543773518,0.009664807231935937,0.03061524504915833,0.03157272452965176,0.03028127978070151,0.44332022758240497,0.000443315893670061,0.01488761097702692,0.44331155975771697,0.0004395107186320092,-0.011943986080975527
2011-03-14,0.001371439832042912,8.442388671261611e-05,1.2908124525436597,0.0012908124525436598,0.004714331517190979,-0.003342891685148067,0.004641825707025572,0.9908883826879271,0.0012870159453302959,8.062737949925212e-05,0.006689561988391929,0.006632641247488885,0.02672648172283757,0.002867197071243596,0.012677252846515746,0.6226271829916477,0.0006207289293849659,0.004093602587806013,0.6681852695520122,0.0006662870159453303,-0.004009178701093397
2011-03-15,0.005093998805802246,0.0037766108027650403,1.3173880030372058,0.0013173880030372058,-0.00995391985959601,0.015047918665398254,0.07693257544060168,0.9908883826879271,0.0013173880030372055,0.00377661080276504,-0.031981025029926176,-0.026120263041645376,-0.024018554855031002,-0.02112280532821132,-0.019232489279276035,0.6681852695520122,0.0006681852695520122,-0.010622105129148022,0.6492027334851936,0.0006492027334851937,0.01439871593191306
2011-03-16,-0.0004816424810170084,-0.002228035799164312,1.7463933181473044,0.0017463933181473045,0.016776422113488773,-0.01725806459450578,-0.03677407691960049,0.9908883826879271,0.0017463933181473038,-0.002228035799164313,0.03474088605523085,0.033831278212102446,0.030568862711969597,0.030138942738417142,0.03514541027502942,0.8807896735003796,0.0008807896735003797,0.015895632439988393,0.8656036446469249,0.0008656036446469249,-0.018123668239152707
2011-03-17,0.003837488160484435,0.0025884372872877763,1.249050873196659,0.001249050873196659,0.008152582014059303,-0.004315093853574867,0.11302306188469204,0.9908883826879271,0.0012490508731966589,0.002588437287287776,0.008368876915226019,0.009093967102084778,0.010454587835770314,0.017612336581125293,0.015595991965155764,0.6150341685649202,0.0006150341685649202,0.007537547845494382,0.6340167046317388,0.0006340167046317389,-0.0049491105582066056
2011-03-18,0.001318940612231601,-0.00017308672262033524,1.4920273348519362,0.0014920273348519363,-0.004063341238867451,0.0053822818510990515,0.020867659857975295,0.9908883826879271,0.001492027334851936,-0.00017308672262033534,-0.008051477302282012,-0.016117341749515297,-0.01400459774134904,-0.01123605134004557,-0.006544293447223653,0.7251328777524677,0.0007251328777524678,-0.004788474116619919,0.7668944570994685,0.0007668944570994685,0.004615387393999583
2011-03-22,-0.001691886445520557,-0.003056730788724809,1.366742596810934,0.001366742596810934,-0.0007076939956544791,-0.0009841924498660776,-0.01899635097683898,0.9908883826879271,0.0013648443432042522,-0.003058629042331491,0.005956784473580576,-0.006091051548973928,-0.003288309543367764,-0.004092473524462435,-7.202003839821194e-05,0.6681852695520122,0.0006681852695520122,-0.0013758792652064913,0.6985573272589218,0.00069665907365224,-0.0016808515235183176
2011-03-23,0.0006726401714614686,-0.0006618321140358738,1.3363705391040244,0.0013363705391040244,0.004942821546803175,-0.004270181375341706,-0.017322727889004384,0.9908883826879271,0.0013344722854973425,-0.0006637303676425558,0.00890965864234063,0.007743541221341593,0.009884027601780353,0.009484644541068893,0.010052441313874148,0.6567957479119211,0.000656795747911921,0.004286025798891254,0.6795747911921033,0.0006776765375854215,-0.004947857912927128
2011-03-24,0.0005812174087737878,-0.0006583421963894619,1.2414578587699316,0.0012414578587699317,-0.0006258172809475004,0.0012070346897212882,0.005334163341531365,0.9908883826879271,0.0012395596051632497,-0.000660240449996144,-0.00266366648391015,-0.0019202364755975649,-0.00735294813311537,0.0024103782778872322,-0.003078374045779657,0.6264236902050114,0.0006264236902050114,-0.0012522409711525117,0.6150341685649202,0.0006131359149582384,0.0005938987747630498
2011-03-25,-0.0006101960999021208,-0.0017358604886644593,1.1275626423690204,0.0011275626423690205,-0.008085041154529116,0.0074748450546269956,-0.006862729376021413,0.9908883826879271,0.0011256643887623385,-0.0017377587422711413,-0.017316696382121795,-0.01034895129679146,-0.011105217965909785,-0.016293476436059582,-0.016053259964958495,0.5504935459377372,0.0005504935459377373,-0.008635534700466853,0.5770690964312832,0.0005751708428246014,0.006899674211802394
2011-03-28,-0.0004641896741452775,-0.0014702640856866596,1.006074411541382,0.001006074411541382,0.0015499435696530773,-0.0020141332437983548,-0.02111972382303331,0.9908883826879271,0.0010060744115413822,-0.0014702640856866594,0.003958538694103333,0.004236541658962636,0.008631593260527039,-0.0005532687239822015,0.0049158972738845156,0.501138952164009,0.0005011389521640091,0.001048804617489068,0.5049354593773728,0.0005049354593773728,-0.0025190687031757275
2011-03-29,0.0018709538304138486,0.0009028444910061038,0.9719058466211086,0.0009719058466211086,0.0024063073192225914,-0.0005353534888087424,0.11469070774721293,0.9908883826879271,0.0009681093394077448,0.00089904798379274,-0.0018826302465002962,0.007050197026304571,0.01110364332412582,0.005174239075946034,0.00464479486454066,0.5049354593773728,0.000503037205770691,0.0019032701134519005,0.46697038724373574,0.0004650721336370539,-0.0010004256224457964
2011-03-30,-0.00019608377990908957,-0.001205954698663835,1.0136674259681093,0.0010136674259681093,0.00129709274259476,-0.0014931765225038494,-0.04221203988121358,0.9908883826879271,0.0010098709187547454,-0.0012097512058771988,0.003481501351119715,0.002021641328580907,0.0025253249584411166,0.008089660291976854,-0.00016239573235820237,0.5429005315110099,0.0005410022779043281,0.0007560904646904318,0.47076689445709946,0.00046886864085041765,-0.001962045163354267
2011-03-31,0.0011831784729839675,5.941233782831085e-05,1.1275626423690204,0.0011275626423690205,-0.0022081491966680863,0.003391327669652054,0.06223953511765658,0.9908883826879271,0.0011237661351556566,5.561583061494701e-05,-0.007456002894263355,-0.005451665597498294,-0.010363861342716671,-0.0068007507503730835,-0.0032476572813766457,0.592255125284738,0.0005903568716780562,-0.0027985060683461426,0.5353075170842825,0.0005334092634776006,0.002857918406174453
2011-04-01,0.0009422485861834437,-3.155551404434666e-05,0.9757023538344722,0.0009757023538344723,-0.00044461801014605265,0.0013868665963294965,0.041919301626825785,0.9908883826879271,0.0009738041002277904,-3.345376765102859e-05,-0.003971193876110942,-0.0003682697761727077,-0.001844524054555848,-0.004918601807128457,0.0011005317583820179,0.5049354593773728,0.0005049354593773728,-0.0009495534695234255,0.47076689445709946,0.00046886864085041765,0.0009179979554790788
2011-04-04,0.0004874892623653974,-0.00029079471637416223,0.7782839787395596,0.0007782839787395596,0.001042475510801967,-0.0005549862484365698,0.018851877067427476,0.9908883826879271,0.0007782839787395596,-0.00029079471637416223,-0.00039395596915510006,0.004205848909856774,0.0008835808961329709,0.0024490348678304057,0.0019097162817569941,0.4024297646165528,0.0004024297646165528,0.0006400457461854143,0.37585421412300685,0.0003758542141230069,-0.0009308404625595766
2011-04-05,0.0006734858734226643,-5.164700432980342e-05,0.7289293849658314,0.0007289293849658315,-0.0001890280397607188,0.000862513913183383,0.023470960161064355,0.9908883826879271,0.0007251328777524677,-5.5443511543167164e-05,-0.0021274330726725583,-0.0009790578467439653,-0.005308456035638311,0.0016824283786306107,-0.0013974502289023285,0.3416856492027335,0.0003416856492027335,-0.0005307136889634523,0.38724373576309795,0.00038344722854973424,0.0004790666846336488
2011-04-06,0.0014251916711815222,0.0008519190819636026,0.5732725892179195,0.0005732725892179196,-0.0010646922277958795,0.0024898838989774017,0.0771269081562884,0.9908883826879271,0.0005732725892179196,0.0008519190819636026,-0.004574354592472609,-0.005996896963849549,-0.008844072897101903,-0.0023254110100060428,-0.0020373244757519522,0.2619589977220957,0.00026195899772209566,-0.0013266512255179753,0.3113135914958238,0.00031131359149582386,0.002178570307481578
2011-04-07,0.0001243011834240503,-0.0005154102820277341,0.6416097190584662,0.0006416097190584662,0.0019485186848404285,-0.0018242175014163784,-0.040928248512618504,0.9908883826879271,0.0006397114654517844,-0.0005173085356344159,0.007329628007982848,-0.0036133045246306626,-0.002574528809235185,0.00032604201793597944,0.005671102202349474,0.3416856492027335,0.0003416856492027335,0.001606833035637695,0.2999240698557327,0.0002980258162490509,-0.0021222433176654293
2011-04-08,-0.0006873885184686488,-0.0013119139550669782,0.6264236902050114,0.0006264236902050114,-0.0006366731342329393,-5.071538423570964e-05,-0.04142333771177236,0.9908883826879271,0.0006245254365983294,-0.00131381220867366,0.0003497334656164596,-0.000396939053510374,-0.005807172648838528,-0.0036350201469911507,-0.00010882189957774009,0.3113135914958238,0.00031131359149582386,-0.0009479867257287632,0.31511009870918755,0.0003132118451025057,-0.00036392722933821536
2011-04-11,0.0006872211784479589,-0.00019356849505242082,0.8845861807137433,0.0008845861807137434,0.0005670904014497698,0.00012013077699818906,0.014106689098269959,0.9908883826879271,0.0008807896735003797,-0.00019736500226578448,0.0008306910400860154,-0.0024358897253230778,-0.002665885438640667,0.0022483264279830393,0.0005860160468705358,0.425208807896735,0.000425208807896735,0.0001418815935530348,0.45937737281700836,0.00045558086560364467,-0.0003354500886054556
2011-04-12,-0.0009919181076182436,-0.0018803007955453506,0.8921791951404707,0.0008921791951404707,-0.0007991557990762837,-0.00019276230854195993,-0.08754185880044377,0.9908883826879271,0.000888382687927107,-0.0018840973027587143,0.00034828214108536637,0.0004761173440819852,0.0036782526705869565,0.0036127962509053717,-0.004177889481716782,0.4138192862566439,0.0004138192862566439,-0.0012129750853329276,0.4783599088838269,0.00047456340167046317,-0.0006673257102124231
2011-04-13,-0.00016224016169521664,-0.0006026349984454065,0.4403948367501898,0.00044039483675018985,0.0014940052158605504,-0.0016562453775557672,-0.022234257665062537,0.9908883826879271,0.0004403948367501899,-0.0006026349984454065,0.0033814894686134953,0.003303847643693372,0.010236990318626179,0.001857378536173264,0.0035536932674333182,0.2164009111617312,0.00021640091116173122,0.0012776043046988192,0.22399392558845863,0.00022399392558845863,-0.0018802393031442258
2011-04-14,0.0013801808038346167,0.0008638558228171527,0.5163249810174639,0.000516324981017464,0.001453985818408004,-7.38050145733874e-05,0.09581725435426286,0.9908883826879271,0.000516324981017464,0.0008638558228171527,-0.0019623739644168735,0.004422483156811588,0.003829892575236025,0.0024584342104060517,0.0031367951865455116,0.24297646165527714,0.00024297646165527716,0.0012110093567527268,0.2733485193621868,0.0002733485193621868,-0.0003471535339355742
2011-04-15,-0.000811307161875601,-0.0014756959242142496,0.6643887623386484,0.0006643887623386484,-0.0022613419699665733,0.0014500348080909722,-0.07260754267520195,0.9908883826879271,0.0006643887623386486,-0.0014756959242142494,-0.004616063153270685,0.0004571703693811053,-0.005897955007439558,-0.0030658940286271666,-0.005253080507317201,0.33029612756264237,0.0003302961275626424,-0.002591638097529216,0.3340926347760061,0.0003340926347760061,0.001115942173314966
2011-04-18,-0.0020792930173090863,-0.0027778503445680084,0.6985573272589217,0.0006985573272589218,0.00420231805385757,-0.006281611071166656,-0.1348050914296794,0.9908883826879271,0.000698557327258922,-0.002777850344568008,0.014662723135402012,0.00881208007826331,0.009065790732718303,0.009090422575046019,0.00808474083376798,0.3492786636294609,0.0003492786636294609,0.0038530393902281093,0.3492786636294609,0.0003492786636294609,-0.006630889734796117
2011-04-19,-0.0009260733254006414,-0.0013930437126443772,0.46697038724373574,0.00046697038724373576,-0.0014602965857763485,0.0005342232603757071,-0.04560943643512451,0.9908883826879271,0.0004669703872437358,-0.0013930437126443772,-0.0016097549484681293,-1.5482006191488357e-05,0.0024079888320379934,-0.0011606606595460215,-0.0037971975227640707,0.2201974183750949,0.00022019741837509492,-0.0016804940041514433,0.24677296886864084,0.00024677296886864084,0.0002874502915070663
2011-04-20,0.0006291051634760363,0.00016593128344566426,0.4631738800303721,0.0004631738800303721,-0.0025424891515212406,0.0031715943149972768,0.052020520835003796,0.9908883826879271,0.0004631738800303721,0.00016593128344566426,-0.007398657681873972,-0.004458481959238308,-0.002790941179377899,-0.0046214428141183135,-0.005325669092006228,0.22779043280182232,0.00022779043280182233,-0.002770279584323063,0.23538344722854973,0.00023538344722854975,0.002936210867768727
2011-04-21,-0.0014328597652776547,-0.002047893933842575,0.618830675778284,0.000618830675778284,-0.0002960796705453608,-0.0011367800947322938,-0.10127212848993421,0.9908883826879271,0.0006150341685649205,-0.002051690441055939,0.0016482142462340532,0.0035903493786951053,0.010744253307881108,0.003208887381087745,-0.002472431662488238,0.30372057706909644,0.00030372057706909645,-0.0005998002476144573,0.31511009870918755,0.00031131359149582386,-0.0014480936862281176
2011-04-22,0.0015777446686855892,0.0009000681311001678,0.6795747911921033,0.0006795747911921033,0.00016796213451085714,0.001409782534174732,0.11297407779431638,0.9908883826879271,0.0006776765375854214,0.0008981698774934858,-0.003587798495892378,-0.0013608793185974147,-0.005616153642733627,0.0001499180806982038,0.00042863397408849903,0.31890660592255127,0.00031890660592255127,-0.00015094447141169413,0.360668185269552,0.00035876993166287016,0.0010510126025118618
2011-04-25,7.774773862508813e-06,-0.0006072593947024115,0.6150341685649202,0.0006150341685649202,0.0020235055527819245,-0.002015730778919416,0.0039063354214745665,0.9908883826879271,0.0006150341685649202,-0.0006072593947024115,0.0046368810824477654,0.0029318352412509995,0.0024201173521844897,0.003512023301671851,0.004320663056591289,0.3075170842824601,0.0003075170842824601,0.0017159884684994644,0.3075170842824601,0.0003075170842824601,-0.002323247863201876
2011-04-26,-0.0010494279993036788,-0.0016208023349149163,0.5732725892179195,0.0005732725892179196,-0.00047951439878097905,-0.0005699136005226997,-0.11590408448589302,0.9908883826879271,0.0005713743356112375,-0.0016227005885215983,-0.0004087685723417092,0.004318095538869949,0.0039118939040396145,-0.0008204043677406609,-0.0010297329845703536,0.23917995444191345,0.00023917995444191345,-0.0007186943532228925,0.3340926347760061,0.00033219438116932425,-0.000902107981692024
2011-04-27,0.0017726550144387422,0.0010873854624265935,0.6871678056188306,0.0006871678056188307,0.0015912014489668797,0.00018145356547186257,0.09713122342139292,0.9908883826879271,0.0006852695520121487,0.0010854872088199114,-3.1263514566747646e-05,-0.001059851290903878,0.0027683198482037178,0.0017353065397272887,0.0039049616724970353,0.3416856492027335,0.0003416856492027335,0.0012495157997641463,0.3454821564160972,0.00034358390280941534,-0.00016213033733755277
2011-04-28,0.0005176685820733974,-0.0004865075758613027,1.006074411541382,0.001006074411541382,-0.002980742585373309,0.0034984111674467066,0.046428607875067245,0.9908883826879271,0.0010041761579347001,-0.0004884058294679846,-0.00667350014198245,-0.007863846800258987,-0.01485108214299077,-0.003594382701306917,-0.007124713160566196,0.5391040242976461,0.0005372057706909643,-0.0035179483560642735,0.46697038724373574,0.0004669703872437358,0.0030314407802029706
2011-05-02,0.0024148970352888058,0.0011886252053723287,1.2300683371298404,0.0012300683371298405,0.005814307418676151,-0.0033994103833873456,0.12041912409319241,0.9931662870159453,0.001226271829916477,0.0011848286981589653,0.005782059370056344,0.008785987964074286,0.010070703995183675,0.00962068750123205,0.01259293550028509,0.6112376613515565,0.0006112376613515566,0.005203069757324595,0.618830675778284,0.0006150341685649202,-0.004014444551952266
2011-05-06,0.0018079685917982932,0.0006766094422159089,1.135155656795748,0.0011351556567957479,-0.0008720137271598689,0.002679982318958162,0.07520069033566268,0.9931662870159453,0.0011313591495823844,0.0006728129350025453,-0.006483462030956889,-0.0031117858411350272,-0.0006496157553862492,-0.0023789975059142635,-0.0014341139116663528,0.5732725892179195,0.0005713743356112377,-0.0014433880627711068,0.5618830675778284,0.0005599848139711466,0.0021199975049870155
2011-05-09,0.0004239443611405929,-0.0006238916297477897,1.0478359908883828,0.0010478359908883826,0.0007524093361037449,-0.00032846497496315187,0.03321125530909099,0.9931662870159453,0.0010478359908883826,-0.0006238916297477897,-0.0006128238797806773,0.0032286477201377895,0.0027715080908590375,-0.002692509073676354,0.003583054134484634,0.5239179954441914,0.0005239179954441913,0.00022849134065955356,0.5239179954441914,0.0005239179954441913,-0.0008523829704073432
2011-05-10,0.0009671221706622452,-8.580183172227117e-06,0.979498861047836,0.000979498861047836,-0.0011283287338867446,0.00209545090454899,0.03882922192562874,0.9908883826879271,0.0009757023538344723,-1.2376690385590742e-05,-0.005941632721772014,-0.0008144121270706686,-0.0022295256832963774,-0.002761275214989632,-0.0020123445074286313,0.48215641609719057,0.00048215641609719063,-0.0016104851499839353,0.4973424449506454,0.0004935459377372817,0.0016019049668117083
2011-05-11,0.0003784088788524281,-0.0006504445759691361,1.0326499620349279,0.001032649962034928,0.00028269782185194955,9.571105700047853e-05,-0.011139798552928331,0.9908883826879271,0.0010288534548215642,-0.0006542410831824998,0.0004953647098218041,-0.0016000555087963908,0.002199157652622475,-0.0009349812878357824,0.0013083442306438644,0.501138952164009,0.0005011389521640091,-0.00021844113031205958,0.5315110098709187,0.0005277145026575551,-0.0004320034456570766
2011-05-12,-0.0007815145756112551,-0.0019603300653606858,1.1807137433561123,0.0011807137433561125,-0.0014848288691453853,0.0007033142935341302,-0.031249919116164718,0.9954441913439636,0.0011788154897494306,-0.0019622283189673676,-0.0023781794974438507,0.0005523404794981372,-0.002044389697725418,-0.004821732274228009,-0.0020334966371234335,0.6150341685649202,0.0006131359149582384,-0.002097964784103624,0.5656795747911921,0.0005656795747911921,0.00013763471874293808
2011-05-13,-0.00016634042066457854,-0.0012597344981133255,1.0933940774487472,0.0010933940774487472,0.0008267955572242845,-0.000993135977888863,0.005329274139115595,0.9954441913439636,0.001093394077448747,-0.0012597344981133257,0.0021658983642761473,0.0016320220809109315,0.0012952009075053515,0.0003903404979117449,0.0022795791802813613,0.5694760820045558,0.0005694760820045559,0.0002573194752197286,0.5239179954441914,0.0005239179954441913,-0.0015170539733330543
2011-05-16,0.0012729467373966,0.00011501203732066972,1.1579347000759301,0.0011579347000759302,0.001684063994997226,-0.0004111172576006261,0.06901353930695567,0.9954441913439636,0.0011579347000759302,0.00011501203732066983,0.0007244966153817291,0.0010237375516876492,-7.778310846323481e-05,-0.0005858260757837821,0.005333622768372224,0.5846621108580107,0.0005846621108580106,0.0010994018841392155,0.5732725892179195,0.0005732725892179196,-0.0009843898468185456
2011-05-17,-0.001010393200683252,-0.002198699958466092,1.1883067577828397,0.0011883067577828398,0.0004949919049031085,-0.0015053851055863603,-0.037570649333991714,0.9954441913439636,0.0011883067577828398,-0.002198699958466092,0.0022352115065204683,0.004593559177876922,0.0035212716970708575,-0.000462448405670568,0.0017128249727384518,0.5732725892179195,0.0005732725892179196,-7.82806843148111e-05,0.6150341685649202,0.0006150341685649202,-0.002120419274151281
2011-05-18,-0.001479639466721217,-0.0024819173710492353,1.002277904328018,0.0010022779043280183,-0.0004125447257622543,-0.0010670947409589628,-0.07557512361206933,0.9954441913439636,0.0010022779043280183,-0.0024819173710492353,0.002494413030672044,0.001415273748723009,0.0007721102263351058,0.0031320503600169125,-0.00280084655234684,0.4859529233105543,0.0004859529233105543,-0.0008984976490728086,0.5163249810174639,0.000516324981017464,-0.0015834197219764267
2011-05-19,0.00037631741846341137,-0.0007550417311189729,1.1313591495823843,0.0011313591495823842,-0.00033155451340602295,0.0007078719318694343,0.01275965868028065,0.9954441913439636,0.0011313591495823842,-0.0007550417311189728,-0.001762149740645004,-0.0007214779236241062,-0.0032056328100159215,-0.0016387927139734138,-0.00017300658427632067,0.5656795747911921,0.0005656795747911921,-0.0008972340881972151,0.5656795747911921,0.0005656795747911921,0.00014219235707824216
2011-05-20,0.0014435968527546094,0.00046979275252681903,0.9757023538344722,0.0009757023538344723,0.0020390025259459177,-0.0005954056731913083,0.05205467948575999,0.9954441913439636,0.0009738041002277905,0.00046789449892013714,0.000368518790051655,0.0028597747308975853,-0.0016072902705155804,0.003101437583945607,0.004570008300369555,0.489749430523918,0.00048785117691723615,0.0015511513490286816,0.4859529233105543,0.0004859529233105543,-0.0010813585965018626
2011-05-23,0.0019050336467489738,0.0009483138289813201,0.9567198177676537,0.0009567198177676538,0.003430290974056335,-0.0015252573273073613,0.12421528300427152,0.9954441913439636,0.0009567198177676537,0.00094831382898132,0.0037124185629344264,0.0017255160109087232,0.004291524318017032,0.006559414638855812,0.00702504665654785,0.4745634016704632,0.00047456340167046317,0.0029557275723858718,0.48215641609719057,0.00048215641609719063,-0.002007413743404552
2011-05-24,0.0003463851594083737,-0.0005457940357320971,0.8921791951404707,0.0008921791951404707,-0.0016470256109764874,0.001993410770384861,-0.026015836264084213,0.9954441913439636,0.0008921791951404708,-0.000545794035732097,-0.004283723633410528,-0.003404522234005654,-0.005105655820815918,-0.0004465270534301797,-0.004709120671670386,0.4631738800303721,0.0004631738800303721,-0.0021101994910068594,0.4290053151100987,0.0004290053151100987,0.0015644054552747624
2011-05-25,-0.00014602209798309515,-0.0010666750972237937,0.9225512528473804,0.0009225512528473804,-0.001202103239163191,0.0010560811411800958,-0.007205203943737635,0.9954441913439636,0.0009206529992406985,-0.0010685733508304755,-0.001832429648265841,-0.0026877692767688093,-0.0011412226233579906,-0.003435498780093535,-0.0018803641689939651,0.45937737281700836,0.0004574791192103265,-0.0016595823583735174,0.4631738800303721,0.0004631738800303721,0.0005929072611497237
2011-05-26,-0.000500944499414034,-0.001520306686202189,1.0288534548215642,0.0010288534548215642,0.0005483012168730593,-0.0010492457162870933,-0.04794097398427778,0.9931662870159453,0.001019362186788155,-0.0015297979542355984,0.002885579194876574,0.0005158701728938351,0.0018977297614002574,-0.00125627035571727,0.0022881643792881045,0.5504935459377372,0.0005447987851176918,3.502431755367523e-06,0.4783599088838269,0.00047456340167046317,-0.0015238091179575566
2011-05-27,-3.561130270471101e-05,-0.0010701595183463207,1.0364464692482915,0.0010364464692482916,0.0017512808235304051,-0.001786892126235116,-0.02048188846185309,0.9931662870159453,0.0010345482156416098,-0.0010720577719530026,0.0028549432660968255,0.005044422497328941,0.005265659677637676,0.0023774150037075776,0.0040997828592502904,0.5201214882308276,0.0005182232346241458,0.0012330575889062593,0.5163249810174639,0.000516324981017464,-0.00230321710725258
2011-05-30,5.5298986329640695e-05,-0.0008824382953711946,0.9453302961275626,0.0009453302961275627,-0.0009282635717321645,0.0009835625580618052,-0.019987157555939557,0.9931662870159453,0.0009377372817008353,-0.000890031309797922,-0.0024279004743960205,-0.0010561659545727834,0.002678554601473634,-0.002646291970431911,-0.0014703514100052725,0.5087319665907365,0.000503037205770691,-0.0014313007775028554,0.4365983295368261,0.0004347000759301443,0.000548862482131661
2011-05-31,-0.0007390250934967399,-0.001553375890763255,0.8162490508731967,0.0008162490508731966,-0.0034555374826918317,0.002716512389195092,-0.02765049150943601,0.9931662870159453,0.000814350797266515,-0.0015552741443699365,-0.00558052976579634,-0.005287891349188632,-0.008783216376182054,-0.0074723165937780785,-0.006649350012632751,0.38724373576309795,0.00038724373576309797,-0.0038427812184549295,0.4290053151100987,0.00042710706150341686,0.002289405327691675
2011-06-01,5.456653001121271e-05,-0.0010654030979310805,1.1237661351556567,0.0011237661351556568,0.005245503975750652,-0.005190937445739439,0.019164220499831904,0.9954441913439636,0.0011199696279422932,-0.0010691996051444442,0.011282441857293149,0.008607771029102788,0.009269178601352113,0.009610632722367339,0.010895430766233623,0.5618830675778284,0.0005599848139711466,0.004685519161779505,0.5618830675778284,0.0005599848139711466,-0.005750922259710586
2011-06-02,0.000972446200801557,-0.00022725007862137395,1.199696279422931,0.0011996962794229309,-0.0001795462751605831,0.00115199247596214,0.05679152446689285,0.9954441913439636,0.0011996962794229309,-0.00022725007862137386,-0.0014380968799309263,-0.004066259603092096,-0.0012594449533971943,-0.0013842907624435454,0.0001547307348888454,0.6150341685649202,0.0006150341685649202,-0.0007945804437255034,0.5846621108580107,0.0005846621108580106,0.0005673303651041294
2011-06-03,-0.0015989000396435106,-0.00281757885513326,1.2186788154897494,0.0012186788154897495,-9.232366161955987e-05,-0.0015065763780239508,-0.03871582064811175,0.9954441913439636,0.0012186788154897495,-0.00281757885513326,0.0023719026605760417,0.004324247904386597,0.006662471707705364,-0.0012116980484999556,0.0003295075189023406,0.6302201974183751,0.0006302201974183752,-0.000722543859037935,0.5884586180713743,0.0005884586180713744,-0.002095034996095325
2011-06-06,0.0007809796362327379,-0.0002782458762957358,1.0630220197418374,0.0010630220197418376,0.00032734549848013265,0.0004536341377526053,0.06724305584915233,0.9908883826879271,0.0010592255125284737,-0.0002820423835090996,-0.0008821293900563828,-0.0009939994174216497,0.0017749161903637253,-0.002476605921457591,0.0022040359304894563,0.5315110098709187,0.0005296127562642369,-0.0002022672577841043,0.5315110098709187,0.0005296127562642369,-7.597861851163165e-05
2011-06-07,-0.0001610878678640666,-0.0010798426134980834,0.926347760060744,0.0009263477600607442,-0.00017040939380303532,9.32152593896863e-06,-0.01080492814937815,0.9908883826879271,0.0009187547456340168,-0.0010874356279248108,-0.0011999490458218522,0.002398609909302295,-0.0027707931996116294,-0.0031450978198812934,0.0010566197797369744,0.47076689445709946,0.0004669703872437358,-0.0006373797810467711,0.45558086560364464,0.000451784358390281,-0.0004424628324513124
2011-06-08,-0.0018654847200271362,-0.0028943381748487004,1.0288534548215642,0.0010288534548215642,0.002161038610477667,-0.004026523330504803,-0.11980986812243323,0.9931662870159453,0.0010288534548215642,-0.0028943381748487004,0.00875860543424172,0.006740208535853345,0.012902379314774856,0.005150576616119421,0.003922357809075258,0.5163249810174639,0.000516324981017464,0.0016447136294602028,0.5125284738041003,0.0005125284738041003,-0.004539051804308903
2011-06-09,-0.001477247131908227,-0.002369426327048698,0.8921791951404707,0.0008921791951404707,-0.003448698863171074,0.0019714517312628466,-0.038605531045157196,0.9954441913439636,0.0008921791951404709,-0.002369426327048698,-0.0037486429514634032,-0.004354018535306999,-0.009840397137024262,-0.006006528378764327,-0.007353446546397871,0.47076689445709946,0.0004707668944570995,-0.003919465757628173,0.4214123006833713,0.00042141230068337135,0.0015500394305794753
2011-06-10,0.0005934765983463673,-0.00027022879269387567,0.8656036446469249,0.0008656036446469249,0.002931816711648027,-0.0023383401133016592,0.009806733523629301,0.9931662870159453,0.0008637053910402429,-0.0002721270463005576,0.00650996403340219,0.0010009756024247536,0.004598822954749395,0.001719447603529744,0.007915736673781608,0.44419134396355353,0.0004422930903568717,0.0024895236212911552,0.4214123006833713,0.00042141230068337135,-0.0027597524139850306
2011-06-13,-0.0002869287934392863,-0.0015625552171294912,1.2794229309035687,0.0012794229309035688,0.001081072638085595,-0.0013680014315248811,-0.0076860652242686,0.9931662870159453,0.0012756264236902049,-0.0015663517243428551,0.00423579516808622,-0.0002822363119984936,0.001565897663838616,0.0030337015196647806,0.0017189962046192655,0.6378132118451025,0.0006378132118451025,0.00044325942624049244,0.6416097190584662,0.0006378132118451025,-0.002005814643369984
2011-06-14,-0.0006015084461617586,-0.0019150999419856008,1.3173880030372058,0.0013173880030372058,-0.002717955695690543,0.0021164472495287844,-0.07216045972502659,0.9954441913439636,0.0013135914958238423,-0.0019188964491989643,-0.004881877866043358,-0.002939470191127963,-0.002012500470072921,-0.0068749799229244155,-0.004736907995428148,0.6492027334851936,0.0006473044798785118,-0.003365260175569055,0.6681852695520122,0.0006662870159453303,0.001450160233583454
2011-06-15,-0.0005406601803315062,-0.0014556184187521594,0.9149582384206529,0.000914958238420653,0.0026401053163487413,-0.0031807654966802476,-0.02285281097569919,0.9954441913439636,0.0009149582384206531,-0.0014556184187521594,0.007881621158193129,0.0033156544805651,0.004635452832629828,0.00601179601023066,0.00493057515774119,0.4631738800303721,0.0004631738800303721,0.002176931436318369,0.4517843583902809,0.000451784358390281,-0.003632549855070529
2011-06-16,0.0010788775645994766,4.8125856171230535e-05,1.0326499620349279,0.001032649962034928,0.0006967153450541733,0.0003821622195453032,0.06842735078621964,0.9931662870159453,0.001030751708428246,4.6227602564548635e-05,0.0005287185179928944,-0.00342299437701413,0.0016026698729362725,0.0014178486543513853,0.001384527334352091,0.5049354593773728,0.0005049354593773728,0.00019177988567680045,0.527714502657555,0.0005258162490508733,-0.00014365402950557008
2011-06-17,0.0006475499706025019,-0.0002901873110983334,0.9377372817008353,0.0009377372817008352,0.0014708172937467215,-0.0008232673231442196,0.05619749275531235,0.9931662870159453,0.0009377372817008353,-0.0002901873110983333,0.0017201327347078194,0.0015227193549278918,-0.0005821739288169901,0.004425291279265816,0.0022149216423275396,0.48215641609719057,0.00048215641609719063,0.0009886608776495309,0.45558086560364464,0.00045558086560364467,-0.0012788481887478643
2011-06-20,-8.989772608410766e-05,-0.001105463405658899,1.017463933181473,0.001017463933181473,-0.0001713660361381645,8.146831005405692e-05,0.03201130561896049,0.9954441913439636,0.0010155656795747914,-0.0011073616592655806,5.6397043016803575e-05,-0.0006073952334187881,0.0024062366968707837,0.0031446375985026104,-0.0020852485028739483,0.5504935459377372,0.0005485952923310554,-0.00071996132846922,0.46697038724373574,0.0004669703872437358,-0.0003855020771896789
2011-06-21,0.0006795671149336131,-0.0004669780635022259,1.1503416856492028,0.0011503416856492028,-0.002113228142048499,0.002792795256982112,0.04978662484768675,0.9954441913439636,0.0011465451784358391,-0.00047077457071558967,-0.006176049580517128,-0.0045069535723658675,-0.003980358059043242,-0.001420776595187616,-0.0056229603491467425,0.5884586180713743,0.0005865603644646926,-0.0026997885065131915,0.5618830675778284,0.0005599848139711466,0.0022328104430109656
2011-06-22,-0.0003270043760613605,-0.0011907097671016035,0.8656036446469249,0.0008656036446469249,0.0019245802540702823,-0.0022515846301316427,-0.021539004310891525,0.9908883826879271,0.0008637053910402429,-0.0011926080207082853,0.005333211710432454,0.0030018133202104934,0.003886836508138755,0.0026914293229292037,0.004430196174712409,0.4290053151100987,0.0004290053151100987,0.0014955749389601836,0.4365983295368261,0.0004347000759301443,-0.002686284706061787
2011-06-23,-0.00022298892160697086,-0.001354348071189355,1.135155656795748,0.0011351556567957479,-0.001749920210277692,0.001526931288670721,-0.03226929003684012,0.9908883826879271,0.0011313591495823842,-0.0013581445784027187,-0.003325811259354241,-0.0025942096982080227,-0.00499906389931991,-0.003559991199218244,-0.0034578337570629696,0.5580865603644647,0.0005561883067577829,-0.002306108517035475,0.5770690964312832,0.0005751708428246014,0.0009517604458461196
2011-06-24,8.179369439213591e-05,-0.000977431818136338,1.0630220197418374,0.0010630220197418376,0.0018765844534544714,-0.0017947907590623354,-0.010621584427486884,0.9931662870159453,0.0010592255125284739,-0.0009812283253497016,0.004236625596072497,0.0023238333368055682,0.004231398484506296,0.0027408819706797984,0.004262090674037915,0.527714502657555,0.0005258162490508733,0.0013507682044035982,0.5353075170842825,0.0005334092634776006,-0.002328200022539936
2011-06-27,0.0002229353317137649,-0.0006958194139202519,0.9187547456340167,0.0009187547456340167,0.0014593984932123978,-0.001236463161498633,0.046749392083292006,0.9931662870159453,0.0009187547456340168,-0.0006958194139202518,0.0025525659283789585,0.002350199884683525,0.00024039847824777047,0.005706557650597144,0.0015473898330814753,0.4745634016704632,0.00047456340167046317,0.0009848350915419345,0.44419134396355353,0.0004441913439635535,-0.0016806545054621866
2011-06-28,0.00181209562344083,0.0009388989643671778,0.8731966590736522,0.0008731966590736522,-0.0006358051794530943,0.0024479008028939243,0.11384978584836287,0.9954441913439636,0.0008731966590736523,0.0009388989643671779,-0.0054689830430341485,-0.0037587715792012557,-0.0042409442871456995,-0.0029786470539886313,-0.0004306811070390864,0.45558086560364464,0.00045558086560364467,-0.001091386045056739,0.4176157934700076,0.0004176157934700076,0.0020302850094239167
2011-06-29,-0.001261387685998725,-0.002164956402779287,0.9035687167805618,0.0009035687167805619,-0.0006041999267208149,-0.0006571877592779099,-0.010539631066179802,0.9954441913439636,0.000903568716780562,-0.002164956402779287,0.00021311736557607782,0.0035482512097265895,-0.0005446845402257253,0.00013782769174606205,-0.0018766109691956405,0.44419134396355353,0.0004441913439635535,-0.0010483912706843684,0.45937737281700836,0.00045937737281700835,-0.0011165651320949183
2011-06-30,-0.0002674132398107646,-0.0012431155936452368,0.9757023538344722,0.0009757023538344723,-0.0001637120581204379,-0.00010370118169032671,-0.041197264817846725,0.9954441913439636,0.0009757023538344723,-0.0012431155936452368,0.00039441172663741745,-0.00016996185487036048,0.001563263095791868,-6.918431160656024e-05,-0.0004558208926595227,0.48215641609719057,0.00048215641609719063,-0.0006458684742176286,0.49354593773728167,0.0004935459377372817,-0.0005972471194276084
2011-07-01,-0.0006396588585703186,-0.0017994918122529306,1.1617312072892938,0.0011617312072892939,-0.0043714177207930085,0.0037317588622226895,-0.056873342959827836,0.9954441913439636,0.001159832953682612,-0.0018013900658596124,-0.007442099112886183,-0.007541162353459135,-0.011013336741984807,-0.00572092783773703,-0.010223984122686922,0.5694760820045558,0.0005675778283978739,-0.004938995549190883,0.592255125284738,0.0005922551252847381,0.0031395037369379513
2011-07-04,0.0007918488063470848,-0.00031862955356179917,1.1123766135155657,0.0011123766135155656,0.004707639913016964,-0.003915791106669879,0.049092102315391455,0.9954441913439636,0.001110478359908884,-0.00032052780716848085,0.007940854062246795,0.007646533793543178,0.008386943193100467,0.009430158625196573,0.009429323328325197,0.5656795747911921,0.0005637813211845103,0.004143858591832453,0.5466970387243736,0.0005466970387243736,-0.004462488145394253
2011-07-05,-0.0009045749746544584,-0.001811940198648384,0.9073652239939256,0.0009073652239939256,0.0013064110367961628,-0.002210986011450621,-0.02053241550910515,0.9954441913439636,0.0009073652239939256,-0.001811940198648384,0.003941681693159148,0.005413924745243416,0.005665686262448133,-0.0013025119197473205,0.0045541810863763375,0.4517843583902809,0.000451784358390281,0.0008546266784058819,0.45558086560364464,0.00045558086560364467,-0.0026665668770542656
2011-07-06,-0.0013850682265687015,-0.002410125174176902,1.0250569476082003,0.0010250569476082006,0.0031605347831026053,-0.004545603009671307,-0.07105023022774874,0.9954441913439636,0.0010250569476082006,-0.002410125174176902,0.008258850247314637,0.010816850827212277,0.007043056569223233,0.0040012812966295315,0.007482149153020928,0.49354593773728167,0.0004935459377372817,0.0026669888453653237,0.5315110098709187,0.0005315110098709188,-0.005077114019542225
2011-07-07,0.0018421432982667879,0.0007886125465583595,1.05542900531511,0.0010554290053151102,-0.0022069525680919956,0.004049095866358783,0.10073639519511195,0.9954441913439636,0.0010535307517084284,0.0007867142929516777,-0.008197405921323862,-0.007934715634997787,-0.004333420853166598,-0.0040896901756204895,-0.004560965212592388,0.5429005315110099,0.0005410022779043281,-0.0027479548459963237,0.5125284738041003,0.0005125284738041003,0.003536567392554683
2011-07-08,0.0012277739789835862,0.0001628537056350667,1.0668185269552013,0.0010668185269552012,0.0007819481626932691,0.00044582581629031703,0.0675649637395969,0.9954441913439636,0.0010649202733485194,0.00016095545202838494,-0.0012886023977600328,-9.272434501118679e-05,-0.0015090912214822197,0.0038011906835251465,0.0004615153559098089,0.5618830675778284,0.0005599848139711466,0.0002219633487221225,0.5049354593773728,0.0005049354593773728,-5.910964308705578e-05
2011-07-11,0.0006935445403829485,-0.00035618970411211613,1.0516324981017464,0.0010516324981017463,0.004572974643619198,-0.0038794301032362504,0.061229422792820336,0.9954441913439636,0.0010497342444950647,-0.0003580879577187978,0.007335603567366516,0.008650776442854596,0.005887038469735521,0.007271543116357083,0.010051973000108924,0.5353075170842825,0.0005334092634776006,0.004039565380141598,0.5163249810174639,0.000516324981017464,-0.004395755084253715
2011-07-12,-0.00180252225123733,-0.002928186639999669,1.1275626423690204,0.0011275626423690205,-0.00030246381019030183,-0.0015000584410470282,-0.08648344117365393,0.9954441913439636,0.001125664388762339,-0.0029300848936063507,0.0035068439307293473,0.001988807527990912,0.0003441286165968194,-0.0013115249015588693,-0.0002570185725717579,0.5732725892179195,0.0005713743356112377,-0.0008738381458015395,0.554290053151101,0.000554290053151101,-0.002054348494198129
2011-07-13,-0.0003396482767677173,-0.0012621995296150977,0.9225512528473804,0.0009225512528473804,0.0006551997559042815,-0.0009948480326719988,-0.008454194153989594,0.9954441913439636,0.0009225512528473804,-0.0012621995296150977,0.0010536537018678354,0.003892447035435287,0.0023563387073758145,0.002196801601771846,0.0008752130230467326,0.4783599088838269,0.0004783599088838269,0.00017683984702045462,0.44419134396355353,0.0004441913439635535,-0.0014390393766355522
2011-07-14,-0.0018011329699497466,-0.002699006925910263,0.8997722095671982,0.0008997722095671982,-0.0014581153697379352,-0.00034301760021181144,-0.1462509156050154,0.9954441913439636,0.0008978739559605162,-0.0027009051795169447,0.00038511512966870665,0.0012979472295389647,-0.0014878727135519707,-0.005052837596885824,-0.001837985615068135,0.4403948367501898,0.000438496583143508,-0.0018966119528814433,0.45937737281700836,0.00045937737281700835,-0.0008023949730288197
2011-07-15,-0.0003210920897342663,-0.0012056782704480096,0.8845861807137433,0.0008845861807137434,0.004410876941766831,-0.004731969031501098,-0.010059360826455931,0.9954441913439636,0.0008845861807137434,-0.0012056782704480096,0.010423844066243764,0.007565571610757193,0.008632092230362565,0.009665572428573964,0.00836977045004692,0.4403948367501898,0.00044039483675018985,0.003970482105016641,0.44419134396355353,0.0004441913439635535,-0.0051761603754646515
2011-07-19,0.0008046415037185044,-4.387785846828372e-05,0.85041761579347,0.00085041761579347,-0.002522562003285127,0.0033272035070036313,0.06511012136457717,0.9954441913439636,0.0008485193621867882,-4.5776112074965604e-05,-0.0076357173826380915,-0.004699822392473664,-0.003994541930771991,-0.002300416182945528,-0.006413349178490591,0.425208807896735,0.0004233105542900532,-0.00294587255757518,0.425208807896735,0.000425208807896735,0.0029019946991068963
2011-07-20,0.0027019401101546496,0.0018325399582943612,0.8694001518602885,0.0008694001518602885,0.0015723449931060386,0.001129595117048611,0.1748558973590601,0.9954441913439636,0.0008694001518602884,0.0018325399582943612,-0.0024777092367624185,-0.001827515884954284,0.0002360585495185049,0.006145335027537371,0.001668563607798351,0.4214123006833713,0.00042141230068337135,0.0011509326924226673,0.44798785117691725,0.00044798785117691726,0.0006816072658716937
2011-07-21,0.0010308186207231384,0.00013863942558266782,0.8921791951404707,0.0008921791951404707,-0.0014960912536594584,0.002526909874382597,0.007185072855845018,0.9954441913439636,0.0008921791951404706,0.0001386394255826677,-0.006133293674809769,-0.002893292356991182,-0.002081953040579825,-0.003475079254635029,-0.0027602782799690637,0.45558086560364464,0.00045558086560364467,-0.001951672119263103,0.4365983295368261,0.00043659832953682617,0.002090311544845771
2011-07-22,0.0012945785778488384,0.0003359605064745028,0.9605163249810175,0.0009605163249810175,0.0026777076126806554,-0.0013831290348318172,0.08475892590868137,0.9954441913439636,0.0009586180713743356,0.00033406225286782096,0.0017365302108147435,0.004862104120069039,0.001680921165104697,0.001360654905268054,0.007334538288048753,0.501138952164009,0.0004992406985573273,0.0021784669141233282,0.45937737281700836,0.00045937737281700835,-0.0018425064076488256
2011-07-25,0.00015086060486959202,-0.0007603011263376973,0.9111617312072893,0.0009111617312072893,-0.001349341030981968,0.00150020163585156,0.009865661085439898,0.9931662870159453,0.0009111617312072893,-0.0007603011263376974,-0.0036894520125562995,-0.0016391007855429429,-0.007043422894993085,-0.0036557511846995864,-0.002210947448112143,0.47076689445709946,0.0004707668944570995,-0.0018201079254390675,0.4403948367501898,0.00044039483675018985,0.00105980679910137
2011-07-26,-0.001413001351202273,-0.0023336543504429716,0.9225512528473804,0.0009225512528473804,-0.0015725916531105107,0.00015959030190823746,-0.04994552458198713,0.9931662870159453,0.0009206529992406985,-0.0023355526040496535,-0.0023657638207879787,0.003863979783877032,0.0005907976551585738,-0.0028348848181695206,-0.003305717634533345,0.4783599088838269,0.00047646165527714506,-0.0020490533083876556,0.44419134396355353,0.0004441913439635535,-0.00028460104205531604
2011-07-27,-0.00011015562987019645,-0.0011029422661648052,0.9946848899012908,0.000994684889901291,0.0015247742046746691,-0.0016349298345448655,0.018112083570472757,0.9954441913439636,0.0009927866362946089,-0.0011048405197714873,0.004072261494482788,0.001661643836888098,0.004014690458460512,0.0069209336141297295,0.0011034596191999973,0.5429005315110099,0.0005410022779043281,0.000983771926770341,0.4517843583902809,0.000451784358390281,-0.0020867141929351465
2011-07-28,0.0013087099642988672,0.00040134474030494184,0.9073652239939256,0.0009073652239939256,0.0016475430833830399,-0.0003388331190841726,0.039292001142295446,0.9954441913439636,0.0009073652239939254,0.0004013447403049417,0.001448619541727198,-0.0008788477265568357,0.0003435299605291341,0.003827890483917112,0.0030174507598947705,0.4973424449506454,0.0004973424449506455,0.0011502006384323943,0.41002277904328016,0.0004100227790432802,-0.0007488558981274528
2011-07-29,-0.001278141140048815,-0.002352552681430744,1.0744115413819286,0.0010744115413819286,-0.0017373190139474777,0.0004591778738986625,-0.05945008257679885,0.9977220956719818,0.0010744115413819288,-0.0023525526814307434,-0.001156713725427822,-0.00043537827607407657,-0.004440000450363469,-0.0026819761721438547,-0.003859123598857227,0.5466970387243736,0.0005466970387243736,-0.002284016052671851,0.527714502657555,0.0005277145026575551,-6.853662875889262e-05
2011-08-01,-0.00016846077045702578,-0.00119731422527859,1.0288534548215642,0.0010288534548215642,-0.002279493154223202,0.0021110323837661765,-0.017642065904489964,0.9977220956719818,0.0010288534548215642,-0.00119731422527859,-0.003976408606964853,-0.004684590283434177,-0.007125785480683304,-0.0011193790508585095,-0.006263247938461557,0.5391040242976461,0.0005391040242976462,-0.0028185971785208482,0.489749430523918,0.000489749430523918,0.0016212829532422585
2011-08-02,0.00024301163677443755,-0.0009073300488747653,1.1503416856492028,0.0011503416856492028,0.004839427410516018,-0.00459641577374158,0.007625884722089031,0.9977220956719818,0.0011503416856492028,-0.0009073300488747653,0.009868926120146256,0.007777964005242313,0.011921704527223109,0.007847724387243495,0.010561423941945515,0.5770690964312832,0.0005770690964312832,0.004262358314084735,0.5732725892179195,0.0005732725892179196,-0.0051696883629595
2011-08-03,0.0005822940857226951,-0.0006971288451808737,1.2794229309035687,0.0012794229309035688,-0.009042736937109818,0.009625031022832513,0.016608972276773982,0.9977220956719818,0.0012794229309035688,-0.0006971288451808736,-0.02026754076087704,-0.017083854192202378,-0.018751720659638014,-0.012666776038129551,-0.020733167767693475,0.6378132118451025,0.0006378132118451025,-0.009680550148954921,0.6416097190584662,0.0006416097190584662,0.008983421303774046
2011-08-04,-0.00021714728233996784,-0.0013143378670020787,1.0971905846621108,0.0010971905846621109,0.008137077175922443,-0.008354224458262411,0.002908557004268402,0.9977220956719818,0.0010971905846621109,-0.0013143378670020787,0.018216696163145665,0.01357803318067047,0.015379668761180744,0.016043655046119605,0.01633392393305351,0.5239179954441914,0.0005239179954441913,0.007613159180478252,0.5732725892179195,0.0005732725892179196,-0.00892749704748033
2011-08-05,-0.0005741852856436064,-0.00186879424540063,1.2946089597570234,0.0012946089597570235,-0.005077276836852381,0.004503091551208775,0.03175420483316159,0.9977220956719818,0.0012946089597570235,-0.00186879424540063,-0.009675609120738985,-0.007605925271894559,-0.0035100539813027465,-0.007245605376499962,-0.011574410025692261,0.6264236902050114,0.0006264236902050114,-0.0057037005270573924,0.6681852695520122,0.0006681852695520122,0.0038349062816567625
2011-08-08,0.004860224160912791,0.003645341852636405,1.2148823082763858,0.0012148823082763858,0.015561803270308492,-0.0107015791093957,0.20031184175359146,0.9977220956719818,0.0012148823082763858,0.003645341852636405,0.02026750643777274,0.023528531156609692,0.02547646739775615,0.02490219493353381,0.03412820914004283,0.5732725892179195,0.0005732725892179196,0.014988530681090573,0.6416097190584662,0.0006416097190584662,-0.011343188828454167
2011-08-09,-0.00157597190840534,-0.003014848142270184,1.4388762338648442,0.0014388762338648443,-0.006989550691281874,0.005413578782876534,-0.03031681371303975,0.9977220956719818,0.0014388762338648441,-0.003014848142270184,-0.012049864591145888,-0.008307921986110025,-0.006821026577109173,-0.011050052863241703,-0.015395969614784212,0.7289293849658314,0.0007289293849658315,-0.007718480076247706,0.7099468488990129,0.000709946848899013,0.004703631933977521
2011-08-10,0.0036657027506680566,0.0025039715433787632,1.1617312072892938,0.0011617312072892939,0.009739505874195952,-0.006073803123527895,0.10430925287865599,0.9977220956719818,0.0011617312072892934,0.002503971543378763,0.011294129941019037,0.013771734271081191,0.017861887106117327,0.012448343786888694,0.02292794000727399,0.5770690964312832,0.0005770690964312832,0.00916243677776467,0.5846621108580107,0.0005846621108580106,-0.006658465234385906
2011-08-11,0.000425547509938697,-0.0010588868104865119,1.4844343204252088,0.001484434320425209,0.002071063773446774,-0.001645516263508077,0.02547438369802819,0.9977220956719818,0.001484434320425209,-0.0010588868104865119,0.002098792056978057,0.005653074608953601,0.004868999873376938,0.006456865274907009,0.0029706377935224074,0.7289293849658314,0.0007289293849658315,0.0013421343884809423,0.7555049354593774,0.0007555049354593774,-0.002401021198967454
2011-08-12,0.001343981130354279,8.73372427308924e-05,1.2566438876233865,0.0012566438876233865,-0.0023528370561918975,0.0036968181865461762,0.10580476801128548,0.9977220956719818,0.0012566438876233867,8.733724273089251e-05,-0.006159667491249922,-0.00981116297968795,-0.008896352732663863,-0.006429084953441649,-0.0038279266210171957,0.6112376613515565,0.0006112376613515566,-0.002964074717543454,0.6454062262718299,0.0006454062262718299,0.0030514119602743466
2011-08-15,-0.00048147696546072243,-0.0015369059707758324,1.05542900531511,0.0010554290053151102,-0.0013220171383982436,0.0008405401729375212,0.003977496153211469,0.9977220956719818,0.00105542900531511,-0.0015369059707758326,-0.0027793457582974577,0.0005269123904189363,-0.002073098923175255,-0.0015565178017140822,-0.003178778761121338,0.5163249810174639,0.000516324981017464,-0.0018383421194157075,0.5391040242976461,0.0005391040242976462,0.0003014361486398749
2011-08-16,-0.0011462253549562684,-0.0023288373519190627,1.184510250569476,0.0011845102505694761,0.0012390936616991453,-0.002385319016655414,-0.049360353811003704,0.9977220956719818,0.0011826119969627943,-0.0023307356055257446,0.005094752768607905,0.004089881485216826,-0.0017305701165101345,0.0038881847848582537,0.0017868321857979637,0.6416097190584662,0.0006397114654517844,0.0005993821962473609,0.5429005315110099,0.0005429005315110099,-0.002928219548166424
2011-08-17,0.00027786519376510723,-0.0007054301744960924,0.9832953682611997,0.0009832953682611997,-0.0024012913140252306,0.0026791565077903382,0.0009414804728666899,0.9977220956719818,0.0009832953682611997,-0.0007054301744960924,-0.006142729377485571,-0.003752946339391926,-0.01880847936901083,0.0024259459145194897,-0.008386690674952768,0.5087319665907365,0.0005087319665907366,-0.0029100232806159674,0.4745634016704632,0.00047456340167046317,0.002204593106119875
2011-08-18,-0.00012627597793655305,-0.001003269144223569,0.876993166287016,0.0008769931662870159,0.0062474733462697975,-0.006373749324206351,0.002772172650595639,0.9977220956719818,0.000876993166287016,-0.001003269144223569,0.012749976721779816,0.012655627738166569,-0.0009439069381569014,0.010775194933417219,0.013373448861406996,0.45937737281700836,0.00045937737281700835,0.005788095973452789,0.4176157934700076,0.0004176157934700076,-0.006791365117676358
2011-08-19,0.0003627383565850525,-0.0006338447869229201,0.9984813971146544,0.0009984813971146546,0.0017518916203999079,-0.0013891532638148553,-0.004585870338181071,0.9977220956719818,0.0009965831435079725,-0.0006357430405296021,0.002052309114016416,0.00421135835580428,-0.0020254378253031836,0.00691087571502692,0.0017882922880926284,0.49354593773728167,0.0004916476841305998,0.001260243936269308,0.5049354593773728,0.0005049354593773728,-0.0018940887231922283
2011-08-22,0.0011557204488392451,9.649493631077139e-05,1.0592255125284737,0.0010592255125284739,0.0024022528361760465,-0.0012465323873368014,0.04460689495027291,0.9977220956719818,0.0010592255125284737,9.649493631077124e-05,0.0021448137509036337,0.0031725686532953113,0.00370247181608874,0.00021105408163402968,0.007084852471100834,0.527714502657555,0.0005277145026575551,0.0018745383335184913,0.5315110098709187,0.0005315110098709188,-0.0017780433972077203
2011-08-23,-0.0019271372936987762,-0.0028307060104793384,0.9035687167805618,0.0009035687167805619,0.0011537037974734138,-0.00308084109117219,-0.11058521812106775,0.9977220956719818,0.0009035687167805622,-0.002830706010479338,0.0060158098913375875,0.00641141529493289,0.0010260281435680292,0.006619066511151974,0.00014371197458875422,0.44419134396355353,0.0004441913439635535,0.0007095124535098602,0.45937737281700836,0.00045937737281700835,-0.003540218463989198
2011-08-24,0.002698665848286445,0.0015748997131307878,1.1237661351556567,0.0011237661351556568,-0.0024143678556682144,0.005113033703954659,0.18339832535722883,0.9977220956719818,0.001123766135155657,0.001574899713130788,-0.011456846298020145,-0.007694786440815559,-0.006388470475518556,-0.006154975110219319,-0.004149154412879064,0.5353075170842825,0.0005353075170842825,-0.002949675372752497,0.5884586180713743,0.0005884586180713744,0.004524575085883284
2011-08-25,0.0017074014739279697,0.0004735366295847652,1.2338648443432043,0.0012338648443432042,0.003054880474883668,-0.0013474790009556984,0.06702162777368109,0.9977220956719818,0.0012338648443432044,0.0004735366295847655,0.0030352902943341672,0.0019959187034164594,0.004922984269603754,0.004042302320976853,0.007122661533652008,0.6074411541381929,0.0006074411541381929,0.002447439320745475,0.6264236902050114,0.0006264236902050114,-0.00197390269116071
2011-08-26,0.0015768056274853772,0.0004625307603631296,1.1161731207289294,0.0011161731207289295,0.0024059503831714507,-0.0008291447556860734,0.08375391721212673,0.9977220956719818,0.0011142748671222474,0.00046063250675644767,0.0017089020845031048,0.0015457578457145113,0.003819436174975258,0.002940380438736146,0.005747963430026565,0.5694760820045558,0.0005675778283978739,0.001838372554773577,0.5466970387243736,0.0005466970387243736,-0.001375841794410447
2011-08-29,-0.0014192649445704181,-0.002554420601366166,1.135155656795748,0.0011351556567957479,-0.003098566543346192,0.0016793015987757738,-0.019247545385106927,0.9977220956719818,0.0011351556567957479,-0.002554420601366166,-0.0033213839492932367,-0.0034101421268121356,-0.0025096941539635292,-0.0003821765017279759,-0.009085656246502498,0.5391040242976461,0.0005391040242976462,-0.003637670567643838,0.5960516324981018,0.0005960516324981017,0.0010832499662776721
2011-08-30,0.0016180235958585033,0.0005625945905433932,1.05542900531511,0.0010554290053151102,0.0016706635290060336,-5.263993314753015e-05,0.07963468129868466,0.9977220956719818,0.00105542900531511,0.0005625945905433931,-0.0010235166589849117,0.0023621550995848108,0.003230207426460581,0.0033030394240351926,0.003367847256757482,0.5391040242976461,0.0005391040242976462,0.0011315595047083874,0.5163249810174639,0.000516324981017464,-0.0005689649141649941
2011-08-31,6.296389446590674e-06,-0.0009732024716012454,0.979498861047836,0.000979498861047836,-0.004844806031402651,0.004851102420849242,-0.003949790849952291,0.9977220956719818,0.000979498861047836,-0.0009732024716012453,-0.0096075142927205,-0.009825434543006507,-0.006409348378433276,-0.009266171484795712,-0.009920948285032328,0.46697038724373574,0.0004669703872437358,-0.005311776418646387,0.5125284738041003,0.0005125284738041003,0.004338573947045142
2011-09-01,-0.001431129427796287,-0.0023650702022837587,0.9339407744874715,0.0009339407744874715,0.000507396451620327,-0.001938525879416614,-0.056176715277811,0.9977220956719818,0.0009339407744874716,-0.0023650702022837587,0.004451643390758011,0.0027014340511734352,-0.008498230003331794,0.0005137186001507684,0.0012647893892072236,0.4365983295368261,0.00043659832953682617,7.079812208350082e-05,0.4973424449506454,0.0004973424449506455,-0.0024358683243672595
2011-09-02,0.0006270556652081471,-0.0002765130515724147,0.9035687167805618,0.0009035687167805619,0.005038008171929179,-0.004410952506721032,-0.011699849598762229,0.9977220956719818,0.0009035687167805618,-0.0002765130515724148,0.007393433968972735,0.011618697750016345,-0.0023509830363393843,0.012580281666395738,0.008861012499976492,0.45937737281700836,0.00045937737281700835,0.004578630799112171,0.44419134396355353,0.0004441913439635535,-0.004855143850684586
2011-09-05,0.0004272986780708859,-0.0005161333644499949,0.9643128321943811,0.0009643128321943812,0.0028583457006669567,-0.002431047022596071,0.022833611450678915,0.9886104783599089,0.0009434320425208808,-0.0005370141541234953,0.004766568119311504,0.005236657442977629,0.0027667971078868137,0.008235136110582165,0.004541189170814663,0.4631738800303721,0.000451784358390281,0.0024065613422766755,0.501138952164009,0.0004916476841305998,-0.0029226947067266707
2011-09-06,0.0017774128520765288,0.001038992199077288,0.7517084282460137,0.0007517084282460136,-0.0012960007059723555,0.003073413558048884,0.11747184910540653,0.9886104783599089,0.0007384206529992409,0.001025704423830515,-0.007169559244656943,-0.004106113049661266,-0.0006032093050803628,-0.0021530727797180655,-0.002859591453163697,0.39863325740318906,0.0003910402429764617,-0.0016870409489488172,0.3530751708428246,0.0003473804100227791,0.002726033148026105
2011-09-07,-0.00476283046306925,-0.005797378678710859,1.0364464692482915,0.0010364464692482916,-0.004274613835541695,-0.00048821662752755463,-0.22896064055971327,0.9954441913439636,0.0010345482156416093,-0.005799276932317542,0.0010286728595727823,0.0008652965465534782,-0.005714508260091229,-0.004777064692053117,-0.010525775147486727,0.5087319665907365,0.0005068337129840547,-0.004781447548525749,0.527714502657555,0.0005277145026575551,-0.0010159311301851097
2011-09-08,0.00027348981304992136,-0.0008901396478460544,1.1655277145026575,0.0011655277145026575,-0.0028354956691834013,0.0031089854822333226,-0.024497129109355188,0.9977220956719818,0.0011636294608959757,-0.0008920379014527362,-0.006738798286004239,-0.0051339210648155475,-0.020082041002049307,-0.004310409729398196,-0.006356440182205527,0.6074411541381929,0.000605542900531511,-0.0034410385697149124,0.5580865603644647,0.0005580865603644647,0.002550898921868858
2011-09-09,0.0003641573127650601,-0.0004900568102417736,0.8542141230068337,0.0008542141230068337,0.00746128251549082,-0.00709712520272576,0.03512753972122895,0.9977220956719818,0.0008542141230068337,-0.0004900568102417736,0.013801580704327245,0.014882810827662896,0.02230881812839388,0.01984781892453413,0.01252183740185281,0.4328018223234624,0.00043280182232346244,0.007028480693167357,0.4214123006833713,0.00042141230068337135,-0.007518537503409131
2011-09-12,-0.0016639462860518828,-0.0029452674705621336,1.2832194381169324,0.0012832194381169324,-0.0027370778111364125,0.0010731315250845296,-0.07339856028106316,0.9977220956719818,0.0012813211845102508,-0.002947165724168815,-0.0019715706225632273,-0.002481014293675025,-0.004426497712763808,-0.00478654501679455,-0.005799299030845123,0.6416097190584662,0.0006397114654517844,-0.0033767892765881966,0.6416097190584662,0.0006416097190584662,0.0004315218060260634
2011-09-13,0.0007105792387318902,-0.0005384716344647688,1.249050873196659,0.001249050873196659,0.002785312701090626,-0.0020747334623587355,0.05132328882800069,0.9977220956719818,0.0012490508731966589,-0.0005384716344647689,0.005238578904428921,0.0019429511453533165,0.005248448589336544,0.007340154923006895,0.004666869873351903,0.6302201974183751,0.0006302201974183752,0.0021550925036722506,0.618830675778284,0.000618830675778284,-0.0026935641381370195
2011-09-14,-0.000631374217961078,-0.0015292481739215943,0.8997722095671982,0.0008997722095671982,-0.001256691812467983,0.0006253175945069049,-0.027551710199100448,0.9977220956719818,0.0008978739559605164,-0.0015311464275282762,-0.000536218043171828,-0.002670942422590861,0.0002935027366380931,-0.0012807330713478218,-0.00312841744091405,0.4403948367501898,0.000438496583143508,-0.0016951883956114909,0.45937737281700836,0.00045937737281700835,0.00016594022168989653
2011-09-15,-0.002112108889821866,-0.0029815090416821545,0.8694001518602885,0.0008694001518602885,-0.006705792287363474,0.004593683397541608,-0.12380978766955485,0.9977220956719818,0.0008694001518602884,-0.0029815090416821545,-0.00892880502476112,-0.009641849198488204,-0.007665958916184322,-0.011485086625316512,-0.01439436841238944,0.44419134396355353,0.0004441913439635535,-0.0071499836313270275,0.425208807896735,0.000425208807896735,0.004168474589644873
2011-09-16,-0.0015736563234757576,-0.002397498388775682,0.8238420652999241,0.0008238420652999241,0.0013725766343880884,-0.002946232957863846,-0.08197192353136365,0.9977220956719818,0.0008238420652999243,-0.0023974983887756814,0.005773627395799719,0.006089967051612768,0.0015852271317222098,0.0004042442724084868,0.0039085461323642426,0.4214123006833713,0.00042141230068337135,0.0009511643337047171,0.4024297646165528,0.0004024297646165528,-0.003348662722480399
2011-09-20,-0.0007088421479979435,-0.0016674602193722792,0.9605163249810175,0.0009605163249810175,-0.0015540619397684953,0.0008452197917705517,-0.055577766608383185,0.9977220956719818,0.0009586180713743356,-0.001669358472978961,-0.0016440391418883473,-0.0017717147424133812,-0.004060300035460333,-0.000847088658191538,-0.004228045613347659,0.5049354593773728,0.000503037205770691,-0.0020570991455391863,0.45558086560364464,0.00045558086560364467,0.00038963892616690704
2011-09-21,0.0006376893885794096,-0.00041584136312901874,1.05542900531511,0.0010554290053151102,0.002822465176471122,-0.0021847757878917127,0.0013239279065165943,0.9977220956719818,0.0010535307517084284,-0.0004177396167357006,0.003913710174654993,0.005251441980932677,0.0005082206610598227,0.0075978611244524544,0.004692390551918316,0.5391040242976461,0.0005372057706909643,0.0022852594057801577,0.5163249810174639,0.000516324981017464,-0.0027011007689091765
2011-09-22,0.00030191768097967994,-0.00041182567513269676,0.7137433561123766,0.0007137433561123766,-0.000737896124248497,0.001039813805228177,0.020229798353233904,0.9977220956719818,0.0007137433561123768,-0.0004118256751326967,-0.0023256387940664876,-0.0015734259640738843,-0.006054529611888642,-0.0014127696440754869,-0.0015102995410201186,0.3340926347760061,0.0003340926347760061,-0.0010719887590245033,0.3796507213363705,0.00037965072133637056,0.0006601630838918064
2011-09-26,0.0011961941509199224,0.00016923894970504008,1.0288534548215642,0.0010288534548215642,-0.0003716859758888947,0.0015678801268088171,0.03021770298900949,0.9977220956719818,0.0010269552012148824,0.0001673406960983582,-0.004041700520320115,-0.0013024995366652796,0.0026774179889993625,-0.002130905799760718,-4.7070805223446814e-05,0.5201214882308276,0.0005182232346241458,-0.0008899092105130405,0.5087319665907365,0.0005087319665907366,0.0010591481602180805
2011-09-27,-0.002702428204908692,-0.00401222319351917,1.3097949886104783,0.0013097949886104784,-0.0028743892207275983,0.00017196101581890634,-0.12368682753498705,0.9977220956719818,0.0013097949886104782,-0.00401222319351917,-6.815841980425842e-05,-0.0008931043323619363,-0.0023855800954612114,-0.004856290734147104,-0.006175424186786099,0.6492027334851936,0.0006492027334851937,-0.003523591954212792,0.6605922551252847,0.0006605922551252848,-0.0004886312393063785
2011-09-28,-0.00018408590938680705,-0.0013629013991362379,1.1807137433561123,0.0011807137433561125,0.0032494505892542167,-0.003433536498641024,0.017392289742632728,0.9977220956719818,0.0011788154897494308,-0.0013647996527429195,0.005574735133447051,0.009404927772697844,0.007762894707492825,0.006157364921625216,0.006682498989987088,0.592255125284738,0.0005903568716780562,0.0026590937175761603,0.5884586180713743,0.0005884586180713744,-0.004021995116712398
2011-09-29,-0.0003601153311687413,-0.0014630006766508975,1.1047835990888382,0.0011047835990888382,-0.004500744857751334,0.0041406295265825925,-0.023118290434265634,0.9977220956719818,0.0011028853454821562,-0.0014648989302575796,-0.008352415118905538,-0.008082483791776535,-0.010360361601867587,-0.01086795156591998,-0.008037571893536617,0.5656795747911921,0.0005637813211845103,-0.005064526178935844,0.5391040242976461,0.0005391040242976462,0.0036015255022849462
2011-09-30,-0.0020767193634529317,-0.0031928924841818614,1.1161731207289294,0.0011161731207289295,0.003843090494657962,-0.005919809858110894,-0.1033171459624626,0.9977220956719818,0.0011161731207289297,-0.0031928924841818614,0.01250071556767002,0.010436703333441991,0.004909240181463669,0.012173913905156224,0.00541611164165947,0.5694760820045558,0.0005694760820045559,0.0032736144126534064,0.5466970387243736,0.0005466970387243736,-0.006466506896835268
2011-10-03,-0.0014244374855629657,-0.002620337257772533,1.1958997722095672,0.0011958997722095672,0.0021536324518160394,-0.0035780699373790053,-0.05694003922585385,0.9977220956719818,0.0011958997722095672,-0.002620337257772533,0.008446409099612638,0.004526809562266315,0.012891759956638731,0.007198928116939416,0.002846749439352392,0.5998481397114654,0.0005998481397114655,0.0015537843121045739,0.5960516324981018,0.0005960516324981017,-0.004174121569877107
2011-10-04,0.0003786647026471917,-0.0007678804757886474,1.146545178435839,0.0011465451784358391,0.0016843561953488666,-0.001305691492701675,0.044401532960135284,0.9977220956719818,0.0011465451784358391,-0.0007678804757886475,0.0020837135336677147,0.003648917004883234,0.006058424799685139,0.0006778161704673069,0.004702676254026477,0.5808656036446469,0.0005808656036446469,0.0011034905917042196,0.5656795747911921,0.0005656795747911921,-0.001871371067492867
2011-10-05,0.004006861077774415,0.0027616067117911198,1.2452543659832953,0.0012452543659832954,0.00038743100352451286,0.003619430074249902,0.1900303180276052,0.9977220956719818,0.0012452543659832952,0.0027616067117911198,-0.007802426667808803,-0.006062371245232945,-0.0008668262692535983,0.0005412946700124192,0.0008890041005432982,0.6416097190584662,0.0006416097190584662,-0.00025417871553395336,0.6036446469248291,0.0006036446469248292,0.003015785427325073
2011-10-06,-0.0006968339218715545,-0.0019458847950682135,1.249050873196659,0.001249050873196659,0.0008959079252488066,-0.001592741847120361,-0.044241156385083434,0.9977220956719818,0.0012490508731966589,-0.0019458847950682137,0.006044721529621455,-0.0025547111835269283,0.004584365142306049,0.0007826084349118144,0.0022903110951638162,0.6112376613515565,0.0006112376613515566,0.0002846702638972501,0.6378132118451025,0.0006378132118451025,-0.0022305550589654635
2011-10-07,0.00043348327773809985,-0.0006219457275770103,1.05542900531511,0.0010554290053151102,-0.004510803558898732,0.004944286836636831,0.02576386127383415,0.9977220956719818,0.0010554290053151102,-0.0006219457275770104,-0.009232154317629603,-0.011133990291334916,-0.013888843626710771,-0.011673536409937417,-0.007664886992916813,0.5201214882308276,0.0005201214882308276,-0.005030925047129559,0.5353075170842825,0.0005353075170842825,0.004408979319552549
2011-10-11,0.0009553605732098646,0.00012012898626984932,0.8352315869400152,0.0008352315869400152,0.0035503730089645586,-0.002595012435754694,0.016079001243811026,0.9977220956719818,0.0008352315869400153,0.00012012898626984937,0.006195525672928467,0.003143636735456396,0.012792185395055031,-0.00015963529283505843,0.010706729584613718,0.45937737281700836,0.00045937737281700835,0.0030909956361475505,0.37585421412300685,0.0003758542141230069,-0.0029708666498777007
2011-10-12,-0.001959034095660841,-0.0029461259711354043,0.9870918754745633,0.0009870918754745633,-0.005841987587183863,0.0038829534915230217,-0.10583333017959391,0.9977220956719818,0.0009870918754745633,-0.0029461259711354043,-0.004991026333588686,-0.013262718916167262,-0.003776022736000001,-0.012739858650455654,-0.011116201702774782,0.4973424449506454,0.0004973424449506455,-0.006339330032134508,0.489749430523918,0.000489749430523918,0.0033932040609991037
2011-10-13,-0.001327546521335723,-0.00229755411435015,0.9719058466211086,0.0009719058466211086,0.0032709025235219255,-0.004598449044857649,-0.05008597569687942,0.9977220956719818,0.0009700075930144268,-0.0022994523679568317,0.011011344455983603,0.005505299233839718,0.014334304843330356,0.008104929165577207,0.005783992113557576,0.5049354593773728,0.000503037205770691,0.0027678653177512346,0.46697038724373574,0.0004669703872437358,-0.005065419432101385
2011-10-14,0.0038848876462854983,0.003095214145905847,0.7896735003796507,0.0007896735003796508,-0.005272660617942479,0.009157548264227976,0.17925966716933703,0.9977220956719818,0.0007896735003796512,0.0030952141459058475,-0.021125501555086145,-0.012569410817047006,-0.019057923824407953,-0.011281009808943964,-0.010205623637238483,0.4062262718299165,0.0004062262718299165,-0.005678886889772395,0.38344722854973423,0.00038344722854973424,0.008774101035678241
2011-10-17,-0.0010911244631172637,-0.0019833036582577344,0.8921791951404707,0.0008921791951404707,0.002706737081482495,-0.0037978615445997586,-0.11329591070437948,0.9977220956719818,0.0008921791951404707,-0.0019833036582577344,0.009602752135450886,0.003529875975634059,0.017092233828899097,0.0051304982600577954,0.005565657647158808,0.4403948367501898,0.00044039483675018985,0.0022663422447323054,0.4517843583902809,0.000451784358390281,-0.004249645902990039
2011-10-18,0.001298037201792264,0.00047039862927897633,0.8276385725132878,0.0008276385725132878,0.0013167630328510998,-1.872583105883573e-05,0.098957273781022,0.9977220956719818,0.0008276385725132878,0.0004703986292789763,0.001004685072343896,-0.0018972705105764884,-0.005769570705772173,0.00036804775898599356,0.0037593784697396476,0.38344722854973423,0.00038344722854973424,0.0009333158043013655,0.44419134396355353,0.0004441913439635535,-0.00046291717502238924
2011-10-19,0.0021083340164410346,0.0016603461652641173,0.44798785117691725,0.00044798785117691726,0.0024600885543861802,-0.00035175453794514564,0.07606226809750753,0.9977220956719818,0.0004479878511769173,0.0016603461652641173,0.0019708358746844713,-0.0018359411744882299,-0.00871348860917582,0.0011352619624041813,0.006802311702962932,0.22399392558845863,0.00022399392558845863,0.0022360946287977215,0.22399392558845863,0.00022399392558845863,-0.0005757484635336042
2011-10-20,-0.0014674364482614695,-0.0019040347777982956,0.4365983295368261,0.0004365983295368261,-5.532536559120826e-05,-0.0014121110826702612,-0.06868137537408407,0.9977220956719818,0.00043659832953682606,-0.0019040347777982956,0.0025215154125678018,0.0034103796106677324,0.014433442642306792,-0.003274394805801567,0.0014529940085868628,0.22399392558845863,0.00022399392558845863,-0.0002793192911796669,0.2126044039483675,0.0002126044039483675,-0.0016247154866186287
2011-10-21,0.0006341298109249824,1.1502627933334776e-05,0.6226271829916477,0.0006226271829916477,-0.0009652249144058935,0.001599354725330876,0.01616468774873632,0.9977220956719818,0.0006226271829916476,1.150262793333471e-05,-0.0036431073763052283,-0.0022881042167566513,0.0011541310631606458,-0.001095733432069907,-0.0023474527063576302,0.3075170842824601,0.0003075170842824601,-0.0012727419986883538,0.31511009870918755,0.0003151100987091876,0.0012842446266216885
2011-10-24,-0.0013598333400239627,-0.0019786640158022464,0.618830675778284,0.000618830675778284,-0.003090075128930713,0.0017302417889067507,-0.05027394096817304,0.9954441913439636,0.0006188306757782837,-0.001978664015802247,-0.0006296978425785017,-0.009203040851750116,-0.0026235614783284835,-0.006387599720554901,-0.006091650012684224,0.30372057706909644,0.00030372057706909645,-0.0033937957059998096,0.31511009870918755,0.0003151100987091876,0.0014151316901975632
2011-10-25,0.0018639408703692542,0.0014121565119789732,0.4517843583902809,0.00045178435839028094,0.001876534609009139,-1.2593738639884831e-05,0.1051312992690402,0.9954441913439636,0.000451784358390281,0.0014121565119789732,0.0002932916591670629,-0.0005170683965277218,0.011114680948895414,0.003260718219274782,0.004004976971301752,0.23538344722854973,0.00023538344722854975,0.0016411511617805891,0.2164009111617312,0.00021640091116173122,-0.00022899464980161605
2011-10-26,0.0023568112130930795,0.0015861202487802474,0.7706909643128321,0.0007706909643128321,0.0006274307701427587,0.001729380442950321,0.1262562801960136,0.9977220956719818,0.0007706909643128321,0.0015861202487802474,-0.0035601167679356494,-0.00323246666124494,-0.003853601020169486,0.007512365160962728,-0.001835484314162228,0.3720577069096431,0.00037205770690964315,0.00025537306323311556,0.39863325740318906,0.00039863325740318906,0.0013307471855471319
2011-10-27,3.658062885615643e-05,-0.0008024474652972225,0.8390280941533789,0.0008390280941533789,-0.004770545733794816,0.004807126362650973,-0.014695878243475204,0.9977220956719818,0.0008390280941533789,-0.0008024474652972225,-0.013917909426052767,-0.0009413876006732419,-0.01531109074413623,-0.01367811213710555,-0.007517771230880262,0.4138192862566439,0.0004138192862566439,-0.005184365020051459,0.425208807896735,0.000425208807896735,0.004381917554754238
2011-10-28,0.0007656010381529694,-0.00013417117141422866,0.8997722095671982,0.0008997722095671982,0.0015119111448961195,-0.0007463101067431499,0.0924905132543099,0.9977220956719818,0.0008997722095671981,-0.00013417117141422883,0.0013172952702568447,0.0018330931439441674,0.0012955824101769803,0.004396431946190678,0.0023521887034811746,0.44419134396355353,0.0004441913439635535,0.0010677198009325659,0.45558086560364464,0.00045558086560364467,-0.0012018909723467946
2011-10-31,-0.00020498045809522007,-0.0012774937458704667,1.0744115413819286,0.0010744115413819286,-0.00011755745720335085,-8.742300089186917e-05,0.014530217667286299,0.9977220956719818,0.0010725132877752465,-0.0012793919994771486,-0.0002447984467475689,0.0010129427670160093,-0.002727184051087514,0.00035326970257750504,-0.0005285056947815094,0.501138952164009,0.0004992406985573273,-0.0006167981557606781,0.5732725892179195,0.0005732725892179196,-0.0006606955901097887
2011-11-01,0.001855686620949676,0.0005364003643057886,1.3211845102505695,0.0013211845102505694,0.006175280694214574,-0.004319594073264897,0.1021668046338405,0.9977220956719818,0.0013192862566438874,0.0005345021106991066,0.007609799822896251,0.010639061238252364,0.014305128272390673,0.009981617983178507,0.01354964264304379,0.6492027334851936,0.0006473044798785118,0.005527976214336062,0.6719817767653758,0.0006719817767653759,-0.004991575850030273
2011-11-02,-0.0016014897199606818,-0.0028562353539773864,1.2566438876233865,0.0012566438876233865,-0.004377243075446476,0.002775753355485794,-0.1262352870023069,0.9977220956719818,0.0012547456340167046,-0.0028581336075840682,-0.006628015493840723,-0.003360637963113057,-0.007755667218474023,-0.0064530006570912455,-0.009875384058643034,0.6150341685649202,0.0006131359149582384,-0.004990378990404714,0.6416097190584662,0.0006416097190584662,0.002134143636427328
2011-11-04,-8.651615587418576e-05,-0.001206485783816479,1.119969627942293,0.0011199696279422932,-0.0004416291156037981,0.0003551129597296123,0.003130056619500292,0.9977220956719818,0.0011199696279422932,-0.001206485783816479,-0.00047752180294859163,-0.001170791703029632,-0.010413099059418063,-0.003706659864015903,0.0005314536928029467,0.5429005315110099,0.0005429005315110099,-0.000984529647114808,0.5770690964312832,0.0005770690964312832,-0.00022195613670167097
2011-11-07,0.0018112747742223924,0.0007026946679201906,1.108580106302202,0.001108580106302202,0.004657611634556324,-0.0028463368603339314,0.06051530864386182,0.9977220956719818,0.001108580106302202,0.0007026946679201905,0.006305919399794024,0.004427368677956442,0.002520222544085853,0.007474330044796973,0.0102039134383076,0.5315110098709187,0.0005315110098709188,0.004126100624685406,0.5770690964312832,0.0005770690964312832,-0.003423405956765215
2011-11-08,-0.0003078735793049458,-0.001243712607399099,0.9377372817008353,0.0009377372817008352,-0.006004825847449054,0.0056969522681441075,-0.019374789844920994,0.9977220956719818,0.0009358390280941532,-0.001245610861005781,-0.012471189651936242,-0.009161648592244746,-0.022284276888121977,-0.005885284727326999,-0.01506433230203814,0.4403948367501898,0.000438496583143508,-0.006443322430592562,0.4973424449506454,0.0004973424449506455,0.005199609823193462
2011-11-09,-0.0014696953875959664,-0.0024245169517569383,0.9567198177676537,0.0009567198177676538,0.005966259501070875,-0.007435954888666841,-0.025135493571048644,0.9977220956719818,0.0009548215641609719,-0.00242641520536362,0.016949069912294334,0.010616190122566925,0.015151414271653733,0.015931367121385143,0.009892415900467298,0.4783599088838269,0.00047646165527714506,0.00548979784579373,0.4783599088838269,0.0004783599088838269,-0.007914314797550668
2011-11-10,0.00041442831145283704,-0.0006998465556694105,1.1161731207289294,0.0011161731207289295,0.002150643283555243,-0.0017362149721024058,0.016633678552360774,0.9977220956719818,0.0011142748671222474,-0.0007017448092760925,0.004950899918948106,0.0004918143360077348,0.003959949430017591,0.0026209504462225836,0.005141682914520097,0.5239179954441914,0.0005220197418375095,0.0016286235417177334,0.592255125284738,0.0005922551252847381,-0.002328470097387144
2011-11-11,-0.0010867303480000547,-0.002163040142988665,1.0782080485952923,0.0010782080485952923,-0.0035316679224960353,0.0024449375744959806,-0.044799866789715544,0.9954441913439636,0.0010763097949886102,-0.0021649383965953468,-0.004952251526448916,-0.004731782336244017,-0.0035201845920385987,-0.0038610993682632777,-0.008640374529339448,0.5315110098709187,0.0005296127562642369,-0.004061280678760272,0.5466970387243736,0.0005466970387243736,0.001898240535771607
2011-11-14,-0.0006185355829130872,-0.0017707755221689715,1.1541381928625665,0.0011541381928625665,0.00018487843318952586,-0.0008034140161026127,-0.03765160506601703,0.9954441913439636,0.0011522399392558842,-0.0017726737757756536,0.0030628346736493173,-0.0013312689526370507,-0.000906981157655647,0.0021564105513604296,-0.000524830510883384,0.5353075170842825,0.0005353075170842825,-0.00035042908389475657,0.618830675778284,0.0006169324221716022,-0.001420346438274215
2011-11-15,0.0008030847328367848,-1.5062571643093688e-05,0.8200455580865603,0.0008200455580865604,-0.0015181711078856254,0.00232125584072241,0.023545009228793608,0.9977220956719818,0.0008181473044798785,-1.6960825249775634e-05,-0.003508370947130385,-0.006879139661336565,-0.003984134154838384,-0.002494664476515663,-0.0033110041487345726,0.4328018223234624,0.0004309035687167806,-0.001949074676602406,0.38724373576309795,0.00038724373576309797,0.001934012104959312
2011-11-16,0.002844465313224777,0.002092756884978763,0.7517084282460137,0.0007517084282460136,0.0015090370532604303,0.0013354282599643463,0.16150399524040027,0.9977220956719818,0.000751708428246014,0.0020927568849787633,-0.0018040358126623795,-0.004386287549098169,0.00288086797556464,0.0012977842410422762,0.0038753039243574813,0.37585421412300685,0.0003758542141230069,0.0011331828391374235,0.37585421412300685,0.0003758542141230069,0.0009595740458413394
2011-11-17,-0.0014496744763764424,-0.0021406387892086366,0.6909643128321944,0.0006909643128321944,0.0011231023095413404,-0.002572776785917783,-0.10922494485537868,0.9977220956719818,0.0006909643128321943,-0.0021406387892086366,0.004297523027585645,0.006806531340527438,0.0072698498680428,-1.587438228834533e-05,0.0033694964086674103,0.360668185269552,0.00036066818526955206,0.0007624341242717884,0.33029612756264237,0.0003302961275626424,-0.0029030729134804254
2011-11-18,-0.0012955199449263353,-0.0023262716533545814,1.0364464692482915,0.0010364464692482916,-0.00018515039185940961,-0.0011103695530669257,-0.04959586841055571,0.9931662870159453,0.001030751708428246,-0.002331966414174627,0.002212091403702997,0.0022484436034934372,-0.0032002799328937634,0.0019253760264933493,-0.0015168767997894986,0.5087319665907365,0.0005068337129840547,-0.0006919841048434643,0.527714502657555,0.0005239179954441913,-0.001634287548511117
2011-11-21,6.082995216246806e-05,-0.0009034828800319131,0.9681093394077448,0.0009681093394077448,-0.00015102256213810327,0.00021185251430057132,-0.008815389504668236,0.9931662870159453,0.0009643128321943812,-0.0009072793872452767,-0.00038138083641084327,-0.0005200418275638418,0.0026425358829873496,0.0002317733431679614,-0.0005679246587109854,0.46697038724373574,0.0004669703872437358,-0.0006179929493818391,0.501138952164009,0.0004973424449506455,-0.00028548993065007414
2011-11-22,0.0012774443440316352,0.00028086120052366254,0.9984813971146544,0.0009984813971146546,0.0018095418637010968,-0.0005320975196694616,0.026926769956511956,0.9977220956719818,0.0009965831435079725,0.0002789629469169806,0.001716542523206098,-0.00024775580366364594,0.009753649649056667,0.008235768115985686,0.0013451978846987683,0.5201214882308276,0.0005182232346241458,0.001291318629076951,0.4783599088838269,0.0004783599088838269,-0.0010104574285532885
2011-11-24,0.0026775039374024923,0.0017302753876682478,0.9491268033409264,0.0009491268033409263,0.002556472960811468,0.00012103097659102453,0.12432062204975115,0.9977220956719818,0.0009472285497342445,0.001728377134061566,6.63584381999898e-05,-0.0008572523135380673,0.0031852907905129788,0.0009442135413382718,0.00717988161430519,0.46697038724373574,0.0004650721336370539,0.002091400827174414,0.48215641609719057,0.00048215641609719063,-0.0003611254395061661
2011-11-25,-0.0012110611197482387,-0.002255100603423258,1.0440394836750189,0.001044039483675019,-0.0013240469197046399,0.00011298579995640125,-0.1004317957199448,0.9977220956719818,0.0010440394836750192,-0.002255100603423258,0.0010668699728143933,-0.0028101140299132427,0.001866708532823462,-0.004169974569309417,-0.0018781258818248616,0.5315110098709187,0.0005315110098709188,-0.0018555579295755588,0.5125284738041003,0.0005125284738041003,-0.000399542673847699
2011-11-28,-0.00015994173010116665,-0.0011641178880358667,1.006074411541382,0.001006074411541382,-0.002576061746765479,0.0024161200166643126,-0.0022673363257441036,0.9977220956719818,0.0010041761579347001,-0.0011660161416425486,-0.00514962388723136,-0.004164525234386823,-0.007573364251043258,-0.006644218181292656,-0.004426263331952235,0.5163249810174639,0.0005144267274107821,-0.0030904884741762614,0.489749430523918,0.000489749430523918,0.0019263705861403946
2011-11-29,-0.00011736146354962482,-0.001197467765751599,1.082004555808656,0.001082004555808656,0.003979755075144793,-0.004097116538694418,-0.021291596960099864,0.9977220956719818,0.0010801063022019743,-0.0011993660193582807,0.007643852051730613,0.009239125357723085,0.005111119458843813,0.007142518132748882,0.00834087146536577,0.5391040242976461,0.0005372057706909643,0.0034425493044538285,0.5429005315110099,0.0005429005315110099,-0.004640017070205428
2011-11-30,-0.0003629568261560463,-0.0014183858314711563,1.05542900531511,0.00105542900531511,-0.003127747006933295,0.0027647901807772482,-0.018038029925724914,0.9954441913439636,0.00105542900531511,-0.0014183858314711563,-0.005554376483167852,-0.005504841450527731,-0.000772011757324034,-0.005983828656898774,-0.006370001144575951,0.5125284738041003,0.0005125284738041003,-0.0036402754807373953,0.5429005315110099,0.0005429005315110099,0.0022218896492662383
2011-12-01,0.001704221771294512,0.000584252143352219,1.1237661351556567,0.0011237661351556568,0.0008825598603200612,0.0008216619109744509,0.12055832709509265,0.9954441913439636,0.001119969627942293,0.0005804556361388553,-0.0023578556469224248,-0.00020305569139766004,6.254269059475735e-05,-0.0008886329782251601,0.003080929565467029,0.5466970387243736,0.0005447987851176918,0.0003377610752023694,0.5770690964312832,0.0005751708428246014,0.00024649106814984953
2011-12-02,0.0009670351376708787,-0.00032187906126609936,1.2908124525436597,0.0012908124525436598,-0.0011860040023782131,0.0021530391400490915,0.06520550230178944,0.9977220956719818,0.001288914198936978,-0.0003237773148727811,-0.004862999401333465,-0.0031628764129905855,-0.00022105943326520305,-0.004290698538220933,-0.0014045763470988662,0.6719817767653758,0.000670083523158694,-0.0018560875255369071,0.618830675778284,0.000618830675778284,0.0015342084642708076
2011-12-05,0.0006054363943705912,-0.0006701900293196139,1.275626423690205,0.001275626423690205,0.0006613596347929687,-5.5923240422377536e-05,0.05760453807154952,0.9977220956719818,0.001275626423690205,-0.0006701900293196139,0.0004491157519455047,-0.0005634546509988675,0.00198789130659876,0.001661972783273963,0.0011485832425046998,0.6226271829916477,0.0006226271829916477,3.8732451801320946e-05,0.6529992406985573,0.0006529992406985574,-0.0007089224811209349
2011-12-06,-1.9242818264827183e-05,-0.001065180555546528,1.0478359908883828,0.0010478359908883826,-0.00021969947067325413,0.00020045665240842704,-0.005966708365052216,0.9977220956719818,0.0010459377372817008,-0.0010670788091532099,-0.0011968726303452628,0.0011937388460455335,-0.005179380557791584,-0.0015068825040983993,8.727895855619572e-05,0.5391040242976461,0.0005372057706909643,-0.0007569052413642184,0.5087319665907365,0.0005087319665907366,-0.00030827531418230956
2011-12-07,-0.0015555430780078501,-0.002546431460695777,0.9908883826879271,0.000990888382687927,-0.002492690070702045,0.0009371469926941949,-0.08351413780917744,0.9977220956719818,0.000990888382687927,-0.002546431460695777,-0.0009647455613700343,-0.003680611556251998,-0.002214611779089483,-0.002892013105574723,-0.0060314999378456614,0.47076689445709946,0.0004707668944570995,-0.0029634569651591446,0.5201214882308276,0.0005201214882308276,0.00041702550446336725
2011-12-08,-0.00022152799743208347,-0.0014383085593151512,1.2186788154897494,0.0012186788154897495,0.00655774692467239,-0.006779274922104473,0.002167974372549939,0.9954441913439636,0.0012167805618830676,-0.001440206812921833,0.014106075226771136,0.012371054421055872,0.014487038230632182,0.010513180254914462,0.0143719387357099,0.6036446469248291,0.0006017463933181474,0.005956000531354242,0.6150341685649202,0.0006150341685649202,-0.007394309090669393
2011-12-09,0.00013105791361776712,-0.0011009086771187552,1.2338648443432043,0.0012338648443432042,-0.003228092012413648,0.0033591499260314153,0.01594080194776903,0.9954441913439636,0.0012319665907365223,-0.001102806930725437,-0.008409209039075043,-0.0033284987374269186,-0.00829667411153832,-0.006478790584316713,-0.00642287102681613,0.6036446469248291,0.0006036446469248292,-0.003831736659338477,0.6302201974183751,0.0006283219438116932,0.002730827982219722
2011-12-12,-0.0009309002648724555,-0.00213439305150875,1.2034927866362946,0.0012034927866362945,0.001189257888221644,-0.0021201581530940995,-0.08246519217805028,0.9977220956719818,0.0012034927866362945,-0.00213439305150875,0.00443728391967542,0.003817469831671563,0.0013183065490314258,0.002429433579772805,0.002344948298267927,0.6036446469248291,0.0006036446469248292,0.0005856132412968148,0.5998481397114654,0.0005998481397114655,-0.002720006292805565
2011-12-13,0.00042273065294518854,-0.0009990612984595191,1.4236902050113895,0.0014236902050113896,-0.0007154154861578338,0.0011381461391030223,-0.033567759709905484,0.9977220956719818,0.0014217919514047076,-0.001000959552066201,-0.0022367253143686745,-0.002339906031256653,-0.0031981888509440013,0.0004907074699615861,-0.0023839342499693454,0.7175398633257403,0.0007156416097190585,-0.0014310570958768923,0.7061503416856492,0.0007061503416856492,0.00043199579741737314
2011-12-14,0.0007559750169561065,-0.0003009208206914396,1.058794091254228,0.001058794091254228,0.0033546008063985206,-0.002598625789442414,0.021957238292527874,0.9954545454545455,0.0010568958376475461,-0.00030281907429812144,0.003994009286260428,0.007691135430388037,0.004993644357458591,0.008131912368912388,0.006044050282290006,0.5540398288120384,0.0005540355145992959,0.0028005652917992246,0.5047542624421896,0.0005028603230482502,-0.003101486112490664
2011-12-15,0.0007361097858128771,-0.00022979930509621388,0.9659090909090909,0.000965909090909091,-0.0003208665449087887,0.0010569763307216658,0.05166232176582178,0.9954545454545455,0.000965909090909091,-0.00022979930509621385,-0.0019402513596181717,-0.002489646704922313,-0.001322056204494101,-0.0018880778783844567,-2.9288410752231258e-05,0.4810606060606061,0.0004810606060606061,-0.0008019271509693948,0.48484848484848486,0.0004848484848484849,0.0005721278458731809
2011-12-16,-0.0005954827962861244,-0.0016219979478012763,1.0265151515151516,0.0010265151515151515,0.0004765612148603336,-0.001072044011146458,-0.023139569249655417,0.9954545454545455,0.001026515151515152,-0.0016219979478012759,0.0032433983598031,-5.515946482776702e-05,0.001575067661863423,0.004029320773015674,-0.0005620828738983383,0.48863636363636365,0.0004886363636363637,-1.2075148776030133e-05,0.5378787878787878,0.0005378787878787879,-0.0016099227990252459
2011-12-19,-8.512131014767593e-05,-0.0010926970677234335,1.0075757575757576,0.0010075757575757577,0.0018709505594315446,-0.0019560718695792205,-0.05375288054298721,0.9931818181818182,0.0010075757575757577,-0.0010926970677234335,0.003526134557719188,0.004738003045738521,0.006502284635906888,0.005189377149111968,0.003077133298614922,0.5,0.0005,0.0013709505594315446,0.5075757575757576,0.0005075757575757576,-0.002463647627154978
2011-12-20,-0.0010303131875794916,-0.0020776616724279768,1.053030303030303,0.001053030303030303,-0.0019236572742997574,0.000893344086720266,-0.00524498735663554,0.990909090909091,0.0010473484848484852,-0.0020833434906097946,-0.0023991093934759376,-0.0005749119132155273,-0.005812043491746195,-0.002712365903476607,-0.004465533570829486,0.5113636363636364,0.0005075757575757576,-0.002431233031875515,0.5416666666666666,0.0005397727272727273,0.0003535713594475387
2011-12-21,-0.000476046333795494,-0.0012923342125833728,0.8181818181818182,0.0008181818181818183,0.0013830936391487332,-0.0018591399729442272,0.0014612293940341233,0.9931818181818182,0.0008162878787878788,-0.0012942281519773124,0.0038490339829834698,0.0035371619152262945,-0.0012445113048726126,0.006722311285167523,0.0008263202253463441,0.4356060606060606,0.00043371212121212123,0.000949381517936612,0.38257575757575757,0.0003825757575757576,-0.002241715730519985
2011-12-22,-0.0009631365086328461,-0.0015995001449964825,0.6363636363636364,0.0006363636363636364,-0.004972136891154862,0.004009000382522016,-0.052677140903610684,0.9886363636363636,0.0006363636363636364,-0.0015995001449964825,-0.008251432099713586,-0.007918639728156514,-0.004889266091836052,-0.009405977925298266,-0.010384874707062173,0.29545454545454547,0.00029545454545454547,-0.005267591436609408,0.34090909090909094,0.00034090909090909094,0.0036680912916129253
2011-12-26,-0.0010619424721716047,-0.0017329295538729725,0.6747921390778534,0.0006747921390778534,0.0009110726187928072,-0.001973015090964412,-0.04293411785630459,0.9863945578231292,0.0006709870817013677,-0.0017367346112494581,0.004860195437420634,0.002169255047727991,-0.0016662229692401222,0.0017991667259427083,0.0018705139668183145,0.3336511372225658,0.0003298589637875352,0.0005812136550052719,0.34114100185528756,0.00034112811791383224,-0.0023141432088782444
2011-12-27,-0.0013165890847207787,-0.0019647372328689267,0.653817082388511,0.000653817082388511,1.071562919880515e-05,-0.001327304713919584,-0.0905854327729806,0.9863945578231292,0.0006481481481481479,-0.0019704061671092896,0.0030132646472883413,0.0020471448962996824,-0.0011763444105855443,-0.0014793266117852295,0.0007637517217559621,0.2796674225245654,0.0002777777777777778,-0.0002670621485789726,0.3741496598639456,0.0003703703703703704,-0.0016976750842899544
2011-12-28,0.00037398681980061854,5.274721284672584e-05,0.3212396069538927,0.0003212396069538927,0.0005617485788363993,-0.00018776175903578076,0.038112894565727855,0.9909297052154195,0.0003212396069538927,5.274721284672583e-05,0.0004201447057476791,0.000292161547932686,0.0018650066199540094,0.002565514899615035,0.0004354719690530087,0.17006802721088435,0.00017006802721088437,0.00039168055162551495,0.15117157974300832,0.0001511715797430083,-0.00033893333877878907
2011-12-29,0.0011219817767534185,0.0007629492748637737,0.35903250188964475,0.00035903250188964477,0.003040080342082738,-0.0019180985653293196,0.08421705277124795,0.9931972789115646,0.00035903250188964477,0.0007629492748637737,0.004177075581698183,0.0031211299681609106,0.0030456758827958046,0.004416858096274764,0.006982731367900882,0.20030234315948603,0.00020030234315948604,0.002839777998923252,0.15873015873015872,0.00015873015873015873,-0.0020768287240594784
2011-12-30,0.0013521233725654854,0.0009741944232079647,0.3779289493575208,0.0003779289493575208,-0.0027876598647250516,0.004139783237290537,0.05934911531182854,0.9931972789115646,0.0003779289493575207,0.0009741944232079646,-0.008535776462075343,-0.007717299757755645,-0.015216071675330262,-0.006502141090656007,-0.005204803787591367,0.20786092214663643,0.00020786092214663645,-0.0029955207868716882,0.17006802721088435,0.00017006802721088437,0.003969715210079653
2012-01-04,0.0007591978013820466,0.0003888274310116763,0.37037037037037035,0.0003703703703703704,-0.0010868349640658884,0.001846032765447935,0.05267770684918654,0.9931972789115646,0.00037037037037037035,0.00038882743101167623,-0.004080251165434609,-0.002880871632502147,-0.002028526291005443,-0.0006082245971183877,-0.002970714475178902,0.20030234315948603,0.00020030234315948604,-0.0012871373072253743,0.17006802721088435,0.00017006802721088437,0.0016759647382370505
2012-01-05,-0.0016263599484235651,-0.0027733743097236407,1.1489040060468632,0.0011489040060468632,0.0017569253957257296,-0.0033832853441492948,-0.11090511440612219,0.9931972789115646,0.0011470143613000756,-0.002775263954470428,0.007231917037287046,0.005717651948712644,0.0001592886061341668,0.0017769339709563026,0.004414480669976216,0.5177626606198035,0.0005177626606198035,0.001239162735105926,0.6311413454270597,0.0006292517006802721,-0.004012537044829567
2012-01-06,0.0022604980209347766,0.0011191525938750637,1.145124716553288,0.001145124716553288,-3.0753089730184283e-06,0.002263573329907795,0.04725255226246107,0.9909297052154195,0.0011413454270597129,0.0011153733043814886,-0.003419664011788989,-0.006850962931264711,-0.006283756152227164,-0.008340184707936408,0.0040660706328068735,0.5668934240362812,0.0005668934240362812,-0.0005699687330092996,0.5782312925170068,0.0005744520030234316,0.0016891213268843636
2012-01-10,-0.001253291203906128,-0.0022453546959696202,0.9939531368102796,0.0009939531368102798,0.001132030844100622,-0.00238532204800675,-0.06878922147043792,0.9909297052154195,0.0009920634920634922,-0.002247244340716408,0.005082671528696399,0.004158103438339688,0.003154777526878085,-0.00013541931235741932,0.003470751152688322,0.5291005291005291,0.0005272108843537416,0.0006048199597468805,0.46485260770975056,0.0004648526077097506,-0.0028501746557165007
2012-01-11,0.0012418408239183508,8.915752837791239e-05,1.1526832955404385,0.0011526832955404385,0.0018742048486817384,-0.0006323640247633875,0.10907756406690716,0.9931972789115646,0.0011526832955404383,8.915752837791225e-05,-0.00012885608311801838,0.00411015430689416,0.007661965418422802,0.0035462461786175204,0.0038824192521741572,0.5593348450491308,0.0005593348450491308,0.0013148700036326076,0.5933484504913077,0.0005933484504913077,-0.0012257124752546953
2012-01-12,0.000124624685999101,-0.0009581417539101962,1.0846560846560847,0.0010846560846560847,-0.0029095278393527764,0.0030341525253518775,0.020807611018113483,0.9931972789115646,0.0010827664399092971,-0.0009600313986569837,-0.005969823968426328,-0.006241894828003761,-0.0044647730407327895,-0.007530190712870546,-0.005068896200446717,0.5668934240362812,0.0005650037792894936,-0.00347453161864227,0.5177626606198035,0.0005177626606198035,0.002516389864732074
2012-01-13,-0.0012224836925993539,-0.002233443632130722,1.0128495842781557,0.0010128495842781557,0.0017866736265019297,-0.0030091573191012837,-0.10942088132997452,0.9931972789115646,0.001010959939531368,-0.0022353332768775096,0.006430360778833487,0.0051476072946671095,0.006677617403176809,0.0001505999887025608,0.005297758432543741,0.5139833711262283,0.0005120937263794407,0.001274579900122489,0.4988662131519275,0.0004988662131519275,-0.003508023532253211
2012-01-16,-0.0012774284304393514,-0.002452787462941241,1.179138321995465,0.001179138321995465,-0.00010768657556242983,-0.0011697418548769216,-0.029206459420049458,0.9931972789115646,0.0011753590325018896,-0.002456566752434816,0.00015339818304925434,0.006724119466114769,0.0019055167826241895,0.00267713019955783,-0.0016623590531177667,0.5253212396069539,0.0005234315948601663,-0.0006311181704225961,0.653817082388511,0.0006519274376417234,-0.0018216692925186449
2012-01-17,0.00043020226070729497,-0.0008339700748936121,1.2698412698412698,0.0012698412698412698,-0.0006616949724659182,0.0010918972331732133,0.02714327119228987,0.9931972789115646,0.0012641723356009071,-0.0008396390091339749,-0.000693280570282497,-0.0052233111986779305,0.004564407105381789,-0.003700949362725883,-0.00018117803542351123,0.6046863189720333,0.0006009070294784581,-0.0012626020019443763,0.6651549508692366,0.000663265306122449,0.00042863192705076424
2012-01-18,0.003244098111136712,0.002304944671983273,0.9410430839002267,0.0009410430839002268,0.0021269801596765833,0.001117117951460129,0.126714988619047,0.9931972789115646,0.0009391534391534392,0.0023030550272364852,-0.003151965812435134,-0.0003463092563131762,0.004440538680420519,0.0018986647499671266,0.005456898109396068,0.4799697656840514,0.0004780801209372638,0.0016489000387393195,0.46107331821617537,0.0004610733182161754,0.0006560446332439535
2012-01-19,0.0021829843095223086,0.0010605353299304719,1.126228269085412,0.0011262282690854119,-0.00498395334079407,0.007166937650316379,0.07893276601250494,0.9931972789115646,0.0011224489795918367,0.0010567560404368967,-0.014866716199556648,-0.013028044557117546,-0.0049970739153625855,-0.011048322341665147,-0.009461680351600504,0.5971277399848829,0.0005952380952380953,-0.005579191436032166,0.5291005291005291,0.0005272108843537416,0.006639726765962637
2012-01-20,0.0012781401995352658,8.010543007192483e-05,1.1980347694633409,0.0011980347694633409,0.001394921003734773,-0.00011678080419950716,0.042125883143636175,0.9909297052154195,0.0011980347694633409,8.010543007192492e-05,-0.0004056609566396848,0.001522818771184581,-0.0001756568656599697,0.003117312774613599,0.0026356174489229837,0.6046863189720333,0.0006046863189720333,0.0007902346847627398,0.5933484504913077,0.0005933484504913077,-0.0007101292546908149
2012-01-23,-0.00021896447128660342,-0.0013678684773334665,1.1489040060468632,0.0011489040060468632,-0.00028872789500911686,6.976342372251349e-05,-0.023426978361093625,0.9909297052154195,0.0011489040060468632,-0.0013678684773334665,-0.0016017322691375493,0.0028203356826423825,0.0025736416477388875,0.0010936761193514445,-0.0014149903439872262,0.6084656084656085,0.0006084656084656085,-0.0008971935034747254,0.5404383975812548,0.0005404383975812548,-0.0004706749738587413
2012-01-24,-0.00014913754473747453,-0.0013755169854026295,1.2282690854119425,0.0012282690854119426,-0.0026822532328858242,0.0025331156881483498,-0.0030743603912988496,0.9931972789115646,0.001226379440665155,-0.001377406630149417,-0.0049196912189566466,-0.005282043013566178,-0.005150344494468199,-0.0016952441098947188,-0.007227057802740555,0.6122448979591837,0.0006103552532123961,-0.0032926084860982205,0.6160241874527589,0.0006160241874527589,0.001917091500695591
2012-01-25,0.00023091834217202025,-0.0008102759133079495,1.0430839002267573,0.0010430839002267575,4.593730023676807e-05,0.00018498104193525217,0.012103575847801916,0.9931972789115646,0.0010411942554799697,-0.0008121655580547373,-0.002061724758564981,0.003093046432556679,0.00044929300698080935,0.0020233466879746816,-0.0008620519464119298,0.5291005291005291,0.0005291005291005291,-0.00048316322886376105,0.5139833711262283,0.0005120937263794407,-0.0003271126844441885
2012-01-26,0.002019358991833572,0.0007646348799666028,1.2585034013605443,0.0012585034013605442,-0.00032558105769029224,0.002344940049523864,0.07829454436165303,0.9931972789115646,0.0012547241118669693,0.0007608555904730278,-0.005853989503519265,-0.0022605925293363595,0.0019369706757667653,0.002174139512967427,-0.002066032800402479,0.6235827664399093,0.0006216931216931217,-0.000947274179383414,0.6349206349206349,0.0006330309901738473,0.0017119090593500166
2012-01-27,0.0009729359096671348,-0.00030824322865486054,1.2849584278155708,0.0012849584278155708,0.002803086238932425,-0.0018301503292652902,0.05530599397390263,0.9909297052154195,0.0012811791383219953,-0.00031202251814843607,0.002704442226902329,0.005599136067339965,0.0043407778608167726,0.007054809747936746,0.004941049940753082,0.6613756613756614,0.0006594860166288738,0.0021436002223035513,0.6235827664399093,0.0006216931216931217,-0.0024518434509584117
2012-01-30,-0.0003508569158271256,-0.0015621191985179797,1.2131519274376417,0.0012131519274376419,0.002501888594814474,-0.002852745510641599,-0.017872092244095767,0.9909297052154195,0.001211262282690854,-0.0015640088432647675,0.00701969693858853,0.002956441695031544,0.00580281976972084,0.006616089992008296,0.004252270540176691,0.582010582010582,0.0005820105820105821,0.001919878012803892,0.6311413454270597,0.0006292517006802721,-0.003481997211321871
2012-01-31,0.0002731069347489001,-0.000737853004782468,1.0128495842781557,0.0010128495842781557,0.0007860808377008874,-0.0005129739029519874,0.0009920355107726146,0.9931972789115646,0.0010109599395313681,-0.0007397426495292556,0.00111604573810227,0.0008368925064366393,-0.0021217378327931104,0.0054808324233576455,-0.0003456729631863957,0.5102040816326531,0.0005102040816326531,0.00027587675606823426,0.5026455026455027,0.000500755857898715,-0.0010137297608507024
2012-02-01,0.0007929726037509739,-0.00027089738869044727,1.0657596371882085,0.0010657596371882088,-0.002693584072931872,0.0034865566766828456,-0.00022399880495887797,0.9931972789115646,0.0010638699924414212,-0.0002727870334372349,-0.006975272277383201,-0.006857810544617638,-0.003915177648695713,-0.004547692869180052,-0.005851110294186831,0.5253212396069539,0.0005253212396069539,-0.0032189053125388258,0.5404383975812548,0.0005385487528344671,0.0029480079238483788
2012-02-02,2.842019767175297e-05,-0.0011242630978686853,1.1526832955404385,0.0011526832955404385,0.00175826334519691,-0.001729843147525157,-0.016174398885961186,0.9931972789115646,0.0011526832955404383,-0.0011242630978686855,0.003789247291808308,0.0027380338150958454,0.002151588583891983,0.004186357379163123,0.0032173856266534836,0.5668934240362812,0.0005668934240362812,0.001191369921160629,0.5857898715041572,0.0005857898715041572,-0.0023156330190293142
2012-02-03,-0.0006816318407394385,-0.0018324254915330893,1.1526832955404385,0.0011526832955404385,-0.003430860924373645,0.0027492290836342065,-0.02423135813324523,0.9931972789115646,0.001150793650793651,-0.0018343151362798771,-0.006087409184721543,-0.004219695411122584,-0.0027291193746094887,-0.007849974909175689,-0.006480191812439907,0.5895691609977325,0.0005876795162509449,-0.00401854044062459,0.563114134542706,0.000563114134542706,0.0021861149490915006
2012-02-06,0.0007979762850325133,-0.00032825198405289884,1.1300075585789873,0.0011300075585789872,0.0013345381676480397,-0.0005365618826155264,0.04848363805477638,0.9931972789115646,0.001126228269085412,-0.000332031273546474,0.001792816168087172,-0.0004042842487285065,-0.00068598666549079,0.0032442055587764253,0.002409043833555645,0.5177626606198035,0.0005158730158730159,0.0008186651517750238,0.6122448979591837,0.0006103552532123961,-0.0011469171358279226
2012-02-07,-1.819058156272175e-05,-0.0011481981401417088,1.1300075585789873,0.0011300075585789872,-0.003579868795954821,0.0035616782143920995,-0.03219877498288234,0.9931972789115646,0.001130007558578987,-0.001148198140141709,-0.007840040820874722,-0.005624285574029868,-0.0016420054758260255,-0.004294621764037574,-0.008641104962204672,0.5895691609977325,0.0005895691609977325,-0.0041694379569525535,0.5404383975812548,0.0005404383975812548,0.003021239816810845
2012-02-08,-0.002107555790167404,-0.0032111083222913644,1.1035525321239608,0.0011035525321239608,0.00011674519775145525,-0.002224300987918859,-0.06904911329105513,0.9931972789115646,0.0011035525321239606,-0.0032111083222913644,0.005937733197381382,0.0013814203870433828,0.0005873132090709864,0.001287311960507127,-0.0002853101245116474,0.5404383975812548,0.0005404383975812548,-0.0004236931998297995,0.563114134542706,0.000563114134542706,-0.002787415122461565
2012-02-09,0.0005673748567348091,-0.0006268806232349567,1.1980347694633409,0.0011980347694633409,0.0004486883720567775,0.00011868648467803156,0.05244277810163266,0.9909297052154195,0.0011942554799697657,-0.0006306599127285317,-0.0003223691906579318,-6.238128453451146e-05,-0.003614854906545762,0.0029345293475309883,-0.00011814031869477434,0.6235827664399093,0.0006216931216931217,-0.0001730047496363442,0.5744520030234316,0.000572562358276644,-0.00045387587359861246
2012-02-10,-8.736876724503424e-05,-0.0012513899312661984,1.1678004535147393,0.0011678004535147393,-6.43555237437058e-05,-2.3013243501328467e-05,-0.01136083565871364,0.9909297052154195,0.0011640211640211642,-0.0012551692207597735,0.0005829731997861902,-0.0010408025125118049,-0.0014974147545868165,-0.00019750212331762305,-9.587646838940857e-05,0.6084656084656085,0.0006065759637188209,-0.0006709314874625268,0.5593348450491308,0.0005574452003023432,-0.0005804584438036717
2012-02-13,0.0011808877434656049,8.111450083521936e-05,1.1035525321239608,0.0011035525321239608,0.0023409104362086793,-0.0011600226927430744,0.0522331366994658,0.9931972789115646,0.0010997732426303855,7.733521134164405e-05,0.0012537136045788857,0.004491068820512567,-0.00011809003542985011,0.0030314708542987716,0.005522956634450802,0.5404383975812548,0.0005385487528344671,0.0018023616833742122,0.563114134542706,0.0005612244897959184,-0.0017212471825389928
2012-02-14,0.001874818040684795,0.0007901619560287104,1.08843537414966,0.0010884353741496598,-0.003356976607791645,0.00523179464847644,0.11924669566059976,0.9931972789115646,0.0010846560846560847,0.0007863826665351352,-0.01153089077380381,-0.008231806554444296,-0.00838451971317781,-0.006069984042484055,-0.007127803370396078,0.5593348450491308,0.0005555555555555556,-0.0039125321633472,0.5291005291005291,0.0005291005291005291,0.0047026941193759105
2012-02-15,0.002098823595392939,0.0011502219325055616,0.9486016628873772,0.0009486016628873772,0.003992599343091417,-0.0018937757476984775,0.15694747253015612,0.9931972789115646,0.0009486016628873775,0.0011502219325055618,0.004362885857489486,0.002593016586769031,0.009507983056019563,0.005068479426823935,0.00952837694123363,0.472411186696901,0.000472411186696901,0.003520188156394516,0.4761904761904762,0.00047619047619047624,-0.0023699662238889536
2012-02-16,-0.0002865825508119056,-0.00159232707084214,1.311413454270597,0.0013114134542705973,-0.0024862176241886185,0.002199635073376713,-0.015444778296522292,0.9931972789115646,0.0013057445200302343,-0.001597996005082503,-0.004853703440510488,-0.0034100871411373813,-0.006614070795076082,-0.0031942777744961696,-0.005878465469119057,0.653817082388511,0.0006500377928949358,-0.0031362554170835544,0.6575963718820862,0.0006557067271352986,0.0015439283462414142
2012-02-17,0.0002151821148715878,-0.0009904112335789035,1.2093726379440666,0.0012093726379440665,-0.0033889315595304276,0.0036041136744020155,0.05171330523625233,0.9931972789115646,0.0012055933484504911,-0.0009941905230724788,-0.005431234360373733,-0.010687923185761615,-0.010758364327931908,-0.009512839848681875,-0.005541581558618529,0.6235827664399093,0.0006198034769463341,-0.004008735036476762,0.5857898715041572,0.0005857898715041572,0.0030183238028978583
2012-02-20,0.0033940021892748815,0.00227533249917662,1.1224489795918366,0.0011224489795918367,0.0036633682533125816,-0.0002693660640377,0.1564230711200133,0.9931972789115646,0.0011186696900982616,0.0022715532096830447,-0.0018344348495471655,0.005330430958047117,0.010260855396353658,0.009850336936501695,0.006089913802504936,0.5895691609977325,0.0005857898715041572,0.0030775783818084244,0.5328798185941043,0.0005328798185941044,-0.0008022458826318044
2012-02-21,0.0005582734991040365,-0.0005679547699813756,1.1300075585789873,0.0011300075585789872,0.0009630997911464213,-0.0004048262920423848,0.036843269171516466,0.9931972789115646,0.001126228269085412,-0.0005717340594749507,-0.00018678318901434957,0.002844614728659589,0.0009334171553618357,0.0016154911118063102,0.0020972993337928245,0.5593348450491308,0.0005574452003023432,0.00040565459084407807,0.5706727135298564,0.0005687830687830688,-0.0009736093608254536
2012-02-22,-0.0007381434661604336,-0.0017339862477175009,0.9977324263038548,0.000997732426303855,0.0007607812810100097,-0.0014989247471704434,-0.05011139602667392,0.9931972789115646,0.0009958427815570671,-0.0017358758924642887,0.0038178113959146036,0.0013064430773540136,0.0022597625342355766,0.0031429741063142553,0.0007517595498151776,0.5026455026455027,0.000500755857898715,0.0002600254231112947,0.4950869236583522,0.0004950869236583522,-0.0019940116708287957
2012-02-23,0.0015184624297883327,0.0001541389226076826,1.3681027966742252,0.0013681027966742252,-8.411771239776004e-05,0.0016025801421860927,0.09776951601191584,0.9931972789115646,0.00136432350718065,0.00015035963311410745,-0.003573650691161288,-0.0024088135024792163,0.0045626655186942104,0.0005850861840250465,-0.0005421454057447367,0.6764928193499622,0.0006746031746031747,-0.0007587208870009347,0.6916099773242631,0.0006897203325774754,0.0009128598096086173
2012-02-24,7.921494708945349e-06,-0.0011183067743764667,1.126228269085412,0.0011262282690854119,-0.0035774496368628462,0.0035853711315717916,-0.010820706058228692,0.9931972789115646,0.001126228269085412,-0.0011183067743764665,-0.0073829630459145736,-0.006627397507443158,-0.008266442072431086,-0.006076483476329002,-0.0077530243487908814,0.563114134542706,0.000563114134542706,-0.004140563771405552,0.563114134542706,0.000563114134542706,0.0030222569970290857
2012-02-27,-0.00036870706707721967,-0.0014722595992011803,1.1035525321239608,0.0011035525321239608,0.003046272793773286,-0.0034149798608505057,-0.026756253811710616,0.9931972789115646,0.0011035525321239606,-0.0014722595992011805,0.007290601375366735,0.0057895488357591895,0.00416301976879614,0.005323524965734979,0.006528073241169771,0.5479969765684052,0.0005479969765684052,0.0024982758172048805,0.5555555555555556,0.0005555555555555556,-0.003970535416406061
2012-02-28,-0.0010510384031330374,-0.0022547421068367414,1.2055933484504913,0.0012055933484504914,-0.0006089352407088204,-0.00044210316242421704,-0.0733834223318597,0.9931972789115646,0.001203703703703704,-0.0022566317515835287,-7.183761723527112e-05,0.0028361849358939525,-0.0008898412363284252,0.00097197522123625,-0.00231142257744694,0.6160241874527589,0.0006160241874527589,-0.0012249594281615794,0.5895691609977325,0.0005876795162509449,-0.001029782678675162
2012-02-29,-0.0003180636649163134,-0.001665380369375875,1.3492063492063493,0.0013492063492063493,0.0008367282610698499,-0.0011547919259861632,-0.03781309759642927,0.9931972789115646,0.0013473167044595617,-0.0016672700141226627,0.003066465036676142,0.0007418762579945935,0.002711435283767504,0.0035249642220542936,0.0007734358434059149,0.6878306878306879,0.0006878306878306879,0.00014889757323916202,0.6613756613756614,0.0006594860166288738,-0.001814277942615037
2012-03-01,0.00032244854467475384,-0.0009681788173811797,1.2925170068027212,0.0012925170068027211,-0.0014431105473775077,0.0017655590920522615,0.01604115637080235,0.9931972789115646,0.0012906273620559335,-0.0009700684621279673,-0.0032072826943827645,-0.004129972180840053,-0.00584288056300056,-0.000551041825563282,-0.004063650119446639,0.6462585034013606,0.000644368858654573,-0.002087479406032081,0.6462585034013606,0.0006462585034013606,0.001119300588650901
2012-03-02,-7.823562193774393e-05,-0.0012290292727313947,1.1526832955404385,0.0011526832955404385,0.0008812983109167555,-0.0009595339328544994,-0.005558840601607808,0.9931972789115646,0.0011507936507936507,-0.0012309189174781825,0.0012449627325658132,0.0032520680780668896,0.0026729993084221863,0.0032053087415914376,0.0010654613955607495,0.5744520030234316,0.000572562358276644,0.0003087359526401115,0.5782312925170068,0.0005782312925170068,-0.0015377652253715061
2012-03-05,-0.001122715622104087,-0.002301853944099552,1.18291761148904,0.00118291761148904,-0.0004351726324599811,-0.000687542989644106,-0.07052563458175953,0.9931972789115646,0.001179138321995465,-0.002305633233593127,0.0006974172613785658,0.002755258363152599,-0.0015201996474021077,-0.0013679969395612222,-0.0006400319334974823,0.5971277399848829,0.0005952380952380953,-0.0010304107276980763,0.5857898715041572,0.0005839002267573697,-0.0012714432164014757
2012-03-06,0.0005328378752013014,-0.0004271016561668014,0.9599395313681028,0.0009599395313681029,0.005043479847234555,-0.0045106419720332535,0.02969787152579603,0.9931972789115646,0.0009599395313681028,-0.0004271016561668015,0.009176966895862894,0.008661283036050602,0.01713313255229064,0.008895215851239638,0.010818300976988167,0.4875283446712018,0.00048752834467120183,0.004555951502563353,0.472411186696901,0.000472411186696901,-0.004983053158730154
2012-03-07,-0.000893326411227158,-0.0019496378246814286,1.0582010582010581,0.0010582010582010583,-0.0017107753535642348,0.0008174489423370769,-0.03307763290173279,0.9931972789115646,0.0010563114134542707,-0.0019515274694282161,-0.0010691395284920316,-0.0027849097035999937,-0.006461096224540775,-0.0012086951368711948,-0.004546510455672722,0.5366591080876796,0.000534769463340892,-0.002245544816905127,0.5215419501133787,0.0005215419501133787,0.00029590699222369814
2012-03-08,0.0005920832251941693,-0.0005322553991444552,1.126228269085412,0.0011262282690854119,-0.0011955018503203767,0.001787585075514546,0.0571075563429828,0.9931972789115646,0.0011243386243386245,-0.0005341450438912426,-0.003502795376154444,-0.0037068097127219164,-0.00151968751897324,-0.003233682514877653,-0.00201456183471628,0.563114134542706,0.0005612244897959184,-0.001756726340116295,0.563114134542706,0.000563114134542706,0.00122447094097184
2012-03-09,0.00020696907359130998,-0.0008663491425840492,1.073318216175359,0.001073318216175359,-0.001097536246493457,0.001304505320084767,0.03694923481594074,0.9931972789115646,0.001073318216175359,-0.000866349142584049,-0.003263579487616803,-0.0012577823746329623,0.00020815297232845367,-0.0051125610623592235,-0.000801908694780933,0.5253212396069539,0.0005253212396069539,-0.001622857486100411,0.5479969765684052,0.0005479969765684052,0.0007565083435163618
2012-03-12,-0.0021548839654890353,-0.003411497722102792,1.2622826908541194,0.0012622826908541196,0.000480747023046346,-0.002635630988535381,-0.17011520336370944,0.9931972789115646,0.0012566137566137566,-0.003417166656343155,0.005460256710136451,0.004805116190098129,0.0007528910851524694,-0.0001255038479298735,0.0015082708137156542,0.653817082388511,0.0006500377928949358,-0.00016929076984858982,0.6084656084656085,0.0006065759637188209,-0.003242206952254202
2012-03-13,-8.534586470925165e-05,-0.0014137661217009374,1.3340891912320485,0.0013340891912320485,-0.0032915278922817674,0.0032061820275725156,-0.048425514042268726,0.9931972789115646,0.0013284202569916858,-0.0014194350559413001,-0.005534405344683361,-0.008179165260203876,-0.003984386278457781,-0.005442939942559437,-0.007237407531451134,0.6689342403628118,0.0006651549508692366,-0.003956682843151004,0.6651549508692366,0.000663265306122449,0.0025429167214500665
2012-03-14,0.00010010866889670991,-0.0009747315235905415,1.0767383876627574,0.0010767383876627576,-0.0020280650478792473,0.0021281737167759573,0.01082641849189038,0.9909502262443439,0.0010748401924872515,-0.0009766297187660477,-0.0044862449409312265,-0.0037957671251978072,-0.006705658929442593,-0.0035355367637200717,-0.00431513484804217,0.5515539549152995,0.0005496600349541526,-0.0025777250828334,0.525184432747458,0.0005251801575330987,0.0016029935592428587
2012-03-15,2.0438617883100567e-05,-0.0009693803866417865,0.9917043740573154,0.0009917043740573154,0.0002323495203409592,-0.00021191090245785866,-0.00884306152455286,0.9909502262443439,0.000989819004524887,-0.0009712657561742148,0.000781296856518366,-0.00030658962984621773,0.005525835786445615,0.001880145638402955,-0.00021603561412252437,0.5128205128205129,0.0005109351432880845,-0.00027858562294712534,0.4788838612368025,0.00047888386123680246,-0.0006907947636946611
2012-03-16,-0.0019496219401354362,-0.0029300140969981815,0.9803921568627452,0.0009803921568627453,-0.003299412018058764,0.0013497900779233275,-0.14370747941078246,0.9909502262443439,0.0009803921568627453,-0.0029300140969981815,-0.0034681048389178857,-0.00113340225290976,-0.003377421429274327,-0.004220216944344956,-0.007792525152610684,0.4826546003016592,0.0004826546003016592,-0.0037820666183604234,0.49773755656108604,0.000497737556561086,0.0008520525213622415
2012-03-19,0.00043103665065323706,-0.00045508702958809046,0.8861236802413274,0.0008861236802413274,0.0023766536426871234,-0.001945616992033886,0.008309948653075978,0.9909502262443439,0.0008861236802413275,-0.00045508702958809035,0.0036368841158924653,0.004420573332711657,0.004926808473872456,0.0018575743027841728,0.006184414056414669,0.44117647058823534,0.00044117647058823536,0.001935477172098888,0.4449472096530921,0.00044494720965309204,-0.0023905642016869783
2012-03-21,0.0006534271329037581,-0.00020064526528628727,0.8559577677224737,0.0008559577677224737,0.000512194919933781,0.00014123221296997714,0.029709582014802487,0.9909502262443439,0.0008540723981900454,-0.00020253063481871553,-0.0007660513807091996,0.0007062940230685247,-0.004294594597217653,-0.0014788914809999248,0.0022324379854936575,0.3996983408748115,0.00039781297134238315,0.0001143819485913978,0.4562594268476622,0.0004562594268476622,-0.00031502721387768504
2012-03-22,0.0010448541544592436,5.126441086949987e-05,0.9954751131221721,0.000995475113122172,0.0036867181393771317,-0.002641863984917888,0.08289833746044764,0.9909502262443439,0.0009935897435897436,4.937904133707157e-05,0.005657789256838238,0.004530553676818866,0.005135502873625196,0.006306267362541902,0.007938743303073184,0.5279034690799398,0.0005260180995475114,0.0031607000398296203,0.46757164404223234,0.0004675716440422323,-0.0031094356289601203
2012-03-23,0.0003898781765574392,-0.000564118806851309,0.9539969834087483,0.0009539969834087482,0.00020430855448344153,0.00018556962207399774,-0.006920541975712303,0.9909502262443439,0.0009539969834087482,-0.000564118806851309,-0.0015288485887181298,0.0019966542671698705,0.007945372740159348,-0.0016360849129808768,0.0013992615719908583,0.4864253393665159,0.0004864253393665159,-0.0002821167848830744,0.46757164404223234,0.0004675716440422323,-0.0002820020219682346
2012-03-26,-0.0006213576209753959,-0.0015037105621518666,0.8823529411764707,0.0008823529411764707,-0.006819866140250037,0.006198508519274642,-0.0661680473737836,0.9909502262443439,0.0008823529411764707,-0.0015037105621518666,-0.013668683749158781,-0.00982371507210352,-0.02087289009340545,-0.01430685741164124,-0.01340936664824423,0.46380090497737564,0.00046380090497737564,-0.007283667045227413,0.4185520361990951,0.0004185520361990951,0.005779956483075547
2012-03-27,0.0011530623352434086,0.0002857923503263647,0.8672699849170439,0.0008672699849170438,0.001045304205568923,0.00010775812967448572,0.046050855369105685,0.9909502262443439,0.0008672699849170439,0.0002857923503263648,-0.00021619795872239515,-0.00021461695777886093,0.0035255908101480757,0.0009062092767872354,0.002676940184438508,0.4487179487179488,0.00044871794871794877,0.0005965862568509742,0.4185520361990951,0.0004185520361990951,-0.00031079390652460936
2012-03-28,-0.0002331453964197116,-0.0012983791822417329,1.0671191553544497,0.0010671191553544496,0.003950946907995063,-0.004184092304414775,-0.0017443630240167134,0.9909502262443439,0.0010652337858220212,-0.0013002645517741613,0.007978574867651675,0.009184554388731014,0.0026841259830059933,0.008056249820521819,0.007835328683231366,0.5392156862745099,0.0005373303167420815,0.003413616591252982,0.5279034690799398,0.0005279034690799397,-0.0047119957734947145
2012-03-29,-5.3138375100583087e-05,-0.0010580403358848968,1.0067873303167423,0.0010067873303167421,0.00031568933068735626,-0.00036882770578793944,0.01884581848784883,0.9909502262443439,0.0010049019607843138,-0.0010599257054173252,0.0006322014590359207,0.0009551075338106791,0.0034177867592346074,0.0029780743168621024,-0.0004981616306380171,0.5052790346907995,0.0005033936651583711,-0.0001877043344710148,0.5015082956259428,0.0005015082956259428,-0.0008703360014138822
2012-03-30,0.0006934839248149279,-0.0002642837976586769,0.957767722473605,0.0009577677224736049,-0.0032386807966915607,0.003932164721506489,0.041253839201704535,0.9909502262443439,0.0009577677224736048,-0.000264283797658677,-0.007816275683127058,-0.007980725249315231,-0.002675762574258409,-0.00504011950078248,-0.007215427064595003,0.4600301659125189,0.0004600301659125189,-0.00369871096260408,0.49773755656108604,0.000497737556561086,0.003434427164945403
2012-04-02,-0.00014333995585484932,-0.0011086491564581678,0.9653092006033184,0.0009653092006033184,-0.00014309021685653692,-2.4973899831238525e-07,-0.014576916812470586,0.9909502262443439,0.0009653092006033185,-0.0011086491564581678,0.000245056242324291,-0.0004998568915979186,0.004153358100600569,0.0007400507334847655,-0.0007839292926988596,0.4751131221719458,0.0004751131221719458,-0.0006182033390284827,0.4901960784313726,0.0004901960784313727,-0.0004904458174296851
2012-04-03,-0.0005305381549102267,-0.0016900404173536658,1.1613876319758674,0.0011613876319758675,-0.0016745747857981907,0.001144036630887964,-0.0358417367397813,0.9909502262443439,0.0011595022624434391,-0.0016919257868860942,-0.0017637156236609871,-0.0033661568736933377,-0.00031077007796348455,-0.0032329464254912633,-0.0034097085807282047,0.6070889894419307,0.0006052036199095023,-0.002279778405707693,0.5542986425339367,0.0005542986425339367,0.0005897379883540273
2012-04-04,0.000386034693851537,-0.0006339502231922037,1.021870286576169,0.001021870286576169,0.0003804895342319454,5.5451596195915805e-06,0.05126744978895771,0.9909502262443439,0.0010199849170437407,-0.0006358355927246321,0.0004336603562988455,-0.000921065472223286,0.0041636627791379,-0.0002633844392828597,0.0012610264648030885,0.5203619909502263,0.000518476621417798,-0.00013798708718585262,0.5015082956259428,0.0005015082956259428,-0.0004959631360063512
2012-04-05,0.0015286440340618612,0.00047095172636955337,1.0595776772247363,0.0010595776772247363,0.0001973986545821747,0.0013312453794796866,0.13413929583829928,0.9909502262443439,0.0010576923076923079,0.0004690663568371249,-0.0034400171207479534,-0.0010778103653205748,-0.004173009428638829,0.0024988830233865235,-0.0006331605429451804,0.5316742081447965,0.0005297888386123681,-0.00033239018403019344,0.5279034690799398,0.0005279034690799397,0.0008033419103997469
2012-04-06,-0.00041359170361283455,-0.0015806354441859872,1.1689291101055808,0.0011689291101055809,0.003931507117391391,-0.004345098821004225,-0.020972843161777763,0.9909502262443439,0.0011670437405731527,-0.0015825208137184154,0.009083309673979833,0.007905876927496901,0.008381201202473132,0.006969248294576261,0.00826953665809934,0.5844645550527904,0.000582579185520362,0.003348927931871029,0.5844645550527904,0.0005844645550527904,-0.004929563376057015
2012-04-09,-0.0006208501885389597,-0.0016955108220231229,1.0784313725490198,0.0010784313725490198,-0.004370664106051031,0.003749813917512071,-0.04093365729496701,0.9909502262443439,0.0010746606334841632,-0.0016992815610879794,-0.007909304353142731,-0.006678679620563174,-0.013036024279496428,-0.008231574822914726,-0.009046543859993258,0.55052790346908,0.0005467571644042233,-0.004917421270455254,0.5279034690799398,0.0005279034690799397,0.0032219104484321314
2012-04-10,0.0003097856884641511,-0.00045944508076661833,0.7692307692307694,0.0007692307692307693,0.0033944102018903504,-0.0030846245134261993,0.04934792926778954,0.9909502262443439,0.0007692307692307694,-0.0004594450807666182,0.005547554343708336,0.007455404238404279,0.01256805462185134,0.006059789775456339,0.0071868160134460485,0.3695324283559578,0.0003695324283559578,0.0030248777735343924,0.3996983408748115,0.00039969834087481154,-0.0034843228543010108
2012-04-11,4.087903827549025e-05,-0.0008282763161739819,0.8710407239819006,0.0008710407239819006,-0.0006232007725880821,0.0006640798108635724,-0.03525678353282461,0.9909502262443439,0.0008691553544494722,-0.0008301616857064103,-0.0017492684486848154,-0.0004696338829441563,0.0020140302553144115,-0.0012737419007855058,-0.0012344390135526951,0.43363499245852194,0.00043174962292609356,-0.0010549503955141757,0.43740573152337864,0.00043740573152337863,0.00022667407934019376
2012-04-12,-0.0015970258290346105,-0.002765954939140191,1.1689291101055808,0.0011689291101055809,-0.00361737332256394,0.0020203474935293294,-0.11523328258074043,0.9909502262443439,0.0011689291101055807,-0.002765954939140191,-0.003569336071371459,-0.005014373446710765,-0.006767698522515083,-0.003898671953972463,-0.008873428934226458,0.576923076923077,0.000576923076923077,-0.004194296399487017,0.5920060331825039,0.0005920060331825039,0.0014283414603468254
2012-04-13,0.00041106257872918205,-0.0006560565766252676,1.0671191553544497,0.0010671191553544496,0.0035360718007511724,-0.0031250092220219904,0.03625188947669038,0.9909502262443439,0.0010671191553544496,-0.0006560565766252676,0.005432524060899527,0.00793696101747526,0.002316949337396668,0.006060934118686586,0.007574332667374656,0.5279034690799398,0.0005279034690799397,0.0030081683316712324,0.5392156862745099,0.0005392156862745099,-0.0036642249082965003
2012-04-16,0.0004637636471176533,-0.0006240945730935083,1.0897435897435899,0.00108974358974359,0.003770094238523884,-0.003306330591406231,0.03971919389849248,0.9909502262443439,0.0010878582202111615,-0.0006259799426259365,0.006752443310522517,0.006341871682860422,0.005707785094093168,0.00709224311337792,0.007727756124358488,0.5656108597285069,0.0005637254901960786,0.0032063687483278053,0.524132730015083,0.0005241327300150831,-0.003830463321421314
2012-04-17,-0.0021252264447160873,-0.003207428556329964,1.0859728506787332,0.0010859728506787331,-0.004403379228102021,0.0022781527833859337,-0.15229298158261403,0.9909502262443439,0.0010822021116138766,-0.0032111992953948202,-0.004839442307251362,-0.003987488570312145,-0.005218814478858481,-0.008011872667683391,-0.009250175804295168,0.5693815987933636,0.0005656108597285068,-0.004968990087830527,0.5165912518853696,0.0005165912518853696,0.001761561531500564
2012-04-18,0.0012069410625252033,0.0004565639886187175,0.7503770739064858,0.0007503770739064857,0.000208621107248905,0.0009983199552762983,0.08879471148604035,0.9909502262443439,0.0007503770739064858,0.0004565639886187176,-0.0018173341735613195,-0.0023680853032716507,0.0047163249124897505,0.0005150775701753756,0.00037278631600975786,0.34690799396681754,0.0003469079939668175,-0.00013828688671791253,0.40346907993966824,0.0004034690799396682,0.0005948508753366301
2012-04-19,-2.0858488519195097e-05,-0.0010521556227575059,1.0331825037707392,0.0010331825037707392,0.001405948132467092,-0.001426806620986287,-0.011373384014996851,0.9909502262443439,0.0010312971342383108,-0.0010540409922899343,0.0023489618299571166,0.0038926784602156287,0.005875562364937264,0.0015933320527719795,0.0034106460722999055,0.524132730015083,0.0005222473604826547,0.0008837007719844373,0.5090497737556562,0.0005090497737556561,-0.0019358563947419432
2012-04-20,-0.0011411478910802804,-0.002157362069059164,1.0180995475113124,0.0010180995475113123,-0.0025479665617373385,0.0014068186706570579,-0.016001740578536715,0.9909502262443439,0.0010162141779788837,-0.0021592474385915927,-0.0029337041788344283,-0.0025744514837238532,-0.004116834604921845,-0.007349706966603872,-0.004041385759649164,0.5015082956259428,0.0004996229260935144,-0.003047589487830853,0.5165912518853696,0.0005165912518853696,0.0008902274187716883
2012-04-23,-0.0006731585824310258,-0.0014763260032455055,0.8031674208144798,0.0008031674208144798,0.0038092122679218715,-0.004482370850352897,-0.04266866620886271,0.9909502262443439,0.0008031674208144796,-0.0014763260032455055,0.009902921609211177,0.007065855776868814,0.011785385463439168,0.007689782214919749,0.0076353085192284375,0.3846153846153847,0.00038461538461538467,0.003424596883306487,0.4185520361990951,0.0004185520361990951,-0.004900922886551992
2012-04-24,0.0003111879749442311,-0.00044295983802711134,0.7541478129713425,0.0007541478129713425,0.0003768699117276308,-6.568193678339968e-05,0.019358509408985185,0.9909502262443439,0.0007541478129713424,-0.00044295983802711145,-0.00032093142742303213,0.001057051647715114,-0.006436513839750264,0.0008968171347932788,0.00068969397521412,0.34313725490196084,0.00034313725490196084,3.373265682566994e-05,0.41101055806938164,0.0004110105580693817,-0.0004766924948527814
2012-04-25,0.0004015346421790023,-0.00036769612705176704,0.7692307692307694,0.0007692307692307693,-0.00032578605836816165,0.0007273207005471641,0.014760714365535346,0.9909502262443439,0.0007692307692307693,-0.00036769612705176704,-0.002113880121185387,-0.00010919813792203236,0.0030339204414528993,0.0019617675137692187,-0.0019185895030484595,0.3619909502262444,0.0003619909502262444,-0.0006877770085944061,0.40723981900452494,0.00040723981900452495,0.0003200808815426391
2012-04-26,0.0003458326577849175,-0.0005440617615212667,0.8974358974358976,0.0008974358974358975,-0.001439923859029751,0.0017857565168146684,0.0371504847709758,0.9886877828054299,0.0008898944193061842,-0.0005516032396509801,-0.0027851437789655226,-0.005248949579798105,-0.003314933802815354,-0.002649213039652377,-0.002995809440334961,0.4298642533936652,0.00042420814479638016,-0.0018641320038261312,0.46757164404223234,0.000465686274509804,0.0013200702423048646
2012-04-27,-0.0010706890396808115,-0.001962468828519424,0.8936651583710409,0.0008936651583710409,0.0021127179742833025,-0.003183407013964114,-0.03396977288394226,0.9886877828054299,0.0008917797888386124,-0.0019643541980518524,0.007081856851667145,0.004975680937323418,0.004966194245578454,0.0033298462145888138,0.0046866226916023905,0.4449472096530921,0.0004430618401206637,0.0016696561341626387,0.4487179487179488,0.00044871794871794877,-0.0036321249626820626
2012-05-01,9.864750932157095e-05,-0.0011777476641324262,1.2820512820512822,0.0012820512820512823,-0.0043929323455403355,0.004491579854861906,-0.008500315504851677,0.9909502262443439,0.001276395173453997,-0.0011834037727297114,-0.009207289799560533,-0.008448140576102046,-0.008665369175936747,-0.009159905667677291,-0.008561458524264001,0.6485671191553546,0.0006447963800904978,-0.005037728725630833,0.6334841628959277,0.0006315987933634993,0.003859981061498407
2012-05-02,-0.00017374571785113533,-0.00151047271634284,1.3386123680241329,0.001338612368024133,0.004803222489686549,-0.004976968207537685,-0.029503683510298796,0.9932126696832579,0.0013367269984917046,-0.0015123580858752684,0.011620543443553347,0.006492354594607861,0.011886719211495212,0.011432509346935177,0.008724724131159467,0.6636500754147814,0.000661764705882353,0.004141457783804196,0.6749622926093515,0.0006749622926093516,-0.005651930500147036
2012-05-07,-0.0007920662905618815,-0.0018045097294759089,1.0143288084464557,0.0010143288084464557,-0.0030151488489836373,0.002223082558421756,-0.011232366098656235,0.9932126696832579,0.0010124434389140273,-0.0018063950990083373,-0.004750734053407487,-0.003789685539549616,-0.00692077523988642,-0.008259279551477814,-0.004994027573448478,0.49773755656108604,0.0004958521870286577,-0.0035110010360122953,0.5165912518853696,0.0005165912518853696,0.0017064913065363862
2012-05-08,0.002911243860016521,0.0017969904663513625,1.1161387631975868,0.001116138763197587,0.0014825957313504068,0.0014286481286661145,0.12186830706036872,0.9932126696832579,0.0011142533936651586,0.0017951050968189341,-0.004117428549781551,-0.00028241688162944167,0.005775575364632687,0.0007820988148007507,0.00403554033157635,0.5618401206636502,0.0005599547511312218,0.0009226409802191851,0.5542986425339367,0.0005542986425339367,0.0008743494861321778
2012-05-09,0.0005178723689677133,-0.0006340884153460123,1.153846153846154,0.001153846153846154,0.0015820300344117954,-0.001064157665444082,0.03353540396633354,0.9932126696832579,0.0011519607843137256,-0.0006359737848784406,-0.00032565052183893163,0.007072670666350805,0.007658996914516617,0.0031813303569208935,0.0031770467390832544,0.5844645550527904,0.000582579185520362,0.0009994508488914333,0.5693815987933636,0.0005693815987933636,-0.0016335392642374456
2012-05-10,0.0003557474939571372,-0.0008735134411861511,1.2330316742081449,0.001233031674208145,-0.003147322310911359,0.003503069804868496,-0.024050045813393397,0.9932126696832579,0.0012292609351432884,-0.0008772841802510078,-0.007976939133445158,-0.004978784758511499,-0.0029422385600151313,-0.007161470393414992,-0.005837811006105985,0.6485671191553546,0.0006447963800904978,-0.0037921186910018566,0.5844645550527904,0.0005844645550527904,0.0029186052498157053
2012-05-11,-0.0008303198820322683,-0.0019276049499055718,1.0972850678733033,0.0010972850678733033,-0.003762110179676035,0.0029317902976437665,-0.02262699387547267,0.9932126696832579,0.0010972850678733035,-0.0019276049499055716,-0.005990018745497566,-0.005554525422405533,-0.00805402416727641,-0.005469573014104964,-0.008506184348645685,0.5995475113122173,0.0005995475113122173,-0.004361657690988252,0.49773755656108604,0.000497737556561086,0.0024340527410826804
2012-05-14,0.0014177999731090202,0.00019608051609544536,1.2217194570135748,0.0012217194570135748,0.001534419225388944,-0.00011661925227992383,0.06377848444188507,0.9932126696832579,0.0012217194570135748,0.0001960805160954454,-0.0024949511008306117,0.005749501674512733,0.001120251209311166,0.003641372011259959,0.0027719956188506705,0.6184012066365008,0.0006184012066365009,0.0009160180187524432,0.603318250377074,0.0006033182503770739,-0.0007199375026569978
2012-05-15,0.0018431567770272226,0.0006666861887919284,1.1764705882352944,0.0011764705882352942,0.000634819335495834,0.0012083374415313886,0.1407134897860573,0.995475113122172,0.0011764705882352942,0.0006666861887919284,-0.003645332003734225,9.053315541413151e-05,0.0010656645047567572,-0.0005109339235165149,0.0021442155102047392,0.6334841628959277,0.0006334841628959277,1.3351725999063589e-06,0.5429864253393666,0.0005429864253393666,0.000665351016192022
2012-05-16,0.0005612241519736922,-0.0006491830878453125,1.2104072398190047,0.0012104072398190046,-0.0027955613188009524,0.0033567854707746447,0.06574832045056582,0.995475113122172,0.0012104072398190046,-0.0006491830878453124,-0.00651534276299078,-0.007053500021437642,-0.007598686245721998,-0.006147528834711832,-0.00529091677549092,0.5580693815987934,0.0005580693815987935,-0.003353630700399746,0.6523378582202113,0.0006523378582202113,0.0027044476125544334
2012-05-17,-0.0012984551528715524,-0.0026031308693119748,1.3046757164404226,0.0013046757164404225,0.002474628310561601,-0.0037730834634331534,-0.07867334964634021,0.995475113122172,0.0013046757164404223,-0.002603130869311975,0.007312334071284031,0.007950545503595306,0.004492495255534257,0.004343808518190825,0.005226335428770114,0.6636500754147814,0.0006636500754147814,0.0018109782351468197,0.6410256410256411,0.0006410256410256411,-0.004414109104458794
2012-05-18,0.0002798638937687605,-0.0008438163475585398,1.1236802413273004,0.0011236802413273003,0.0045733994936932735,-0.004293535599924513,0.02532122395448136,0.995475113122172,0.0011236802413273003,-0.0008438163475585398,0.009152844726795168,0.00736460137307297,0.006440787291476878,0.006295613699309085,0.010515264527616364,0.5542986425339367,0.0005542986425339367,0.004019100851159337,0.5693815987933636,0.0005693815987933636,-0.004862917198717877
2012-05-21,-0.00040869087342962996,-0.0016605762429620584,1.2518853695324286,0.0012518853695324284,-0.002238061281762357,0.0018293704083327269,-0.01610169849675219,0.995475113122172,0.0012518853695324284,-0.0016605762429620584,-0.00311632286602963,-0.004722643118481864,-0.0016909022602496515,-0.004224842224884628,-0.004580233640769138,0.6259426847662143,0.0006259426847662142,-0.002864003966528571,0.6259426847662143,0.0006259426847662142,0.0012034277235665127
2012-05-22,2.2945268832146832e-05,-0.0011799204928571445,1.2028657616892913,0.0012028657616892913,-0.002407550464951803,0.00243049573378395,0.006440256781942431,0.995475113122172,0.0012028657616892913,-0.0011799204928571445,-0.004053714546041808,-0.006449701681858693,-0.003871640687340194,-0.0004720542530331866,-0.006940584226648965,0.5995475113122173,0.0005995475113122173,-0.00300709797626402,0.603318250377074,0.0006033182503770739,0.0018271774834068759
2012-05-23,-0.0004947833787720754,-0.0013318874511702656,0.8371040723981902,0.0008371040723981902,0.0028724054536730945,-0.0033671888324451698,-0.0034610903794112385,0.995475113122172,0.0008371040723981902,-0.0013318874511702656,0.008253958077115455,0.003599459306845079,0.004579489536208706,0.006221051349338244,0.005483546819586763,0.4260935143288085,0.0004260935143288085,0.002446311939344286,0.41101055806938164,0.0004110105580693817,-0.0037781993905145516
2012-05-24,0.0009342242232396188,-0.00027241227751452913,1.206636500754148,0.0012066365007541479,-0.0027188907885855196,0.0036531150118251383,0.02423326754599127,0.995475113122172,0.0012066365007541479,-0.000272412277514529,-0.008088718109736078,-0.005657049758398084,-0.0072613325257925715,-0.005270120830847918,-0.005496230568264846,0.6221719457013576,0.0006221719457013575,-0.003341062734286877,0.5844645550527904,0.0005844645550527904,0.003068650456772348
2012-05-25,-0.001051410219583592,-0.0020845927233543314,1.0331825037707392,0.0010331825037707392,-0.003908358486454675,0.0028569482668710823,-0.048183381863824426,0.995475113122172,0.0010331825037707394,-0.002084592723354331,-0.0043560672356910786,-0.008408470372675112,-0.004698812570975984,-0.00417455010382444,-0.009582207483589934,0.5052790346907995,0.0005052790346907995,-0.004413637521145475,0.5279034690799398,0.0005279034690799397,0.0023290447977911428
2012-05-28,0.001162039237139232,0.00023632279671690904,0.9276018099547513,0.0009276018099547513,0.001710510022427785,-0.0005484707852885531,-0.019031982227556584,0.995475113122172,0.000925716440422323,0.0002344374271844807,0.0009476759486433816,0.0013888930188468932,0.0071936497245173505,0.0004644436478145031,0.0048699321266058165,0.4751131221719458,0.0004732277526395174,0.0012372822697882676,0.4524886877828055,0.0004524886877828055,-0.0010009594730713586
2012-05-29,0.002271803427596432,0.0014233871380036716,0.8484162895927603,0.0008484162895927603,-0.0007274622705380247,0.0029992656981344566,0.06876538148910423,0.995475113122172,0.0008484162895927604,0.0014233871380036718,-0.005569024832640508,-0.0068127739327330135,-0.01150727242856296,-0.007459799804565762,0.0014784078354149047,0.44117647058823534,0.00044117647058823536,-0.00116863874112626,0.40723981900452494,0.00040723981900452495,0.0025920258791299316
2012-05-30,0.001327232409277262,0.0004543063157629332,0.8748114630467573,0.0008748114630467573,0.005039089392022923,-0.003711856982745661,0.07771091041510826,0.995475113122172,0.0008729260935143289,0.0004524209462305048,0.008870584600464792,0.004429600963245058,0.007366798181927944,0.005419818376592045,0.012335893238139651,0.46380090497737564,0.00046191553544494725,0.004577173856577976,0.41101055806938164,0.0004110105580693817,-0.004122867540815043
2012-05-31,0.002483694358551384,0.001505187571221067,0.9803921568627452,0.0009803921568627453,-0.004259173107641078,0.006742867466192463,0.1135297937771091,0.995475113122172,0.0009785067873303171,0.0015033022016886389,-0.014352432276613657,-0.011610044986718759,-0.014978956461973473,-0.007757964980588932,-0.00889956439877298,0.5090497737556562,0.0005071644042232279,-0.004766337511864306,0.47134238310708904,0.00047134238310708905,0.006271525083085374
2012-06-01,0.0005933005220766654,-0.0007057190857664721,1.3009049773755659,0.0013009049773755658,0.008198133462315065,-0.0076048329402384,0.058198694677705415,0.995475113122172,0.0012990196078431376,-0.0007076044552989004,0.014558314609154615,0.016388902171283245,0.014772591126090143,0.01593008747012095,0.016553046578883516,0.6372549019607844,0.0006353695324283561,0.0075627639298867086,0.6636500754147814,0.0006636500754147814,-0.008268483015653182
2012-06-04,0.0009744398343355583,-0.00021711371015916276,1.1915535444947212,0.0011915535444947212,0.002279674556052738,-0.0013052347217171795,0.008039156851392452,0.995475113122172,0.0011915535444947212,-0.00021711371015916282,0.0032175953076189795,0.001358687859575154,-5.672557302504606e-05,0.0011296460548188656,0.006234441189361302,0.6070889894419307,0.0006070889894419307,0.0016725855666108072,0.5844645550527904,0.0005844645550527904,-0.00188969927676997
2012-06-05,0.0016993693858627253,0.0006115111656515639,1.0897435897435899,0.00108974358974359,0.002828701446290137,-0.0011293320604274116,0.09928394633894146,0.995475113122172,0.0010878582202111615,0.0006096257961191354,0.0019852229961301554,0.0027912276311310383,0.006393808296410618,0.002331007750269475,0.007289581869881146,0.5392156862745099,0.0005373303167420815,0.002291371129548056,0.55052790346908,0.00055052790346908,-0.0016798599638964916
2012-06-06,-0.0004987270564516077,-0.0015224827125602052,1.0256410256410258,0.0010256410256410259,-0.0019282731374815037,0.001429546081029896,-0.03187643249472081,0.995475113122172,0.0010237556561085975,-0.0015243680820926336,-0.002695113666455907,-0.0031647841903307424,-0.008754993870081667,-0.0035468983044566705,-0.003992297872629227,0.524132730015083,0.0005222473604826547,-0.0024505204979641585,0.5015082956259428,0.0005015082956259428,0.0009280377854039532
2012-06-07,0.0005385669595854456,-0.0005624888473527146,1.10105580693816,0.00110105580693816,0.002635176473493056,-0.00209660951390761,0.018210978738150883,0.995475113122172,0.00110105580693816,-0.0005624888473527145,0.005668461830994108,0.0011710850029505128,0.006296927863925985,0.003395733528100275,0.006173444107122992,0.5731523378582203,0.0005731523378582203,0.002062024135634836,0.5279034690799398,0.0005279034690799397,-0.0026245129829875497
2012-06-08,-5.21315093644814e-05,-0.0011795824897566384,1.127450980392157,0.001127450980392157,-0.005344664311713663,0.005292532802349183,0.04908271032579526,0.995475113122172,0.001127450980392157,-0.0011795824897566384,-0.011058979145240483,-0.009530239892195454,-0.011916792596214873,-0.01193786103389325,-0.010024034718822027,0.6108597285067874,0.0006108597285067874,-0.0059555240402204505,0.5165912518853696,0.0005165912518853696,0.004775941550463813
2012-06-11,0.0011305145024847014,-0.00016661973582600778,1.2971342383107092,0.001297134238310709,0.0046808499553534005,-0.0035503354528686995,0.06964343824090001,0.995475113122172,0.0012971342383107092,-0.00016661973582600756,0.007632499282086467,0.005960375590797351,0.015527614642557998,0.009025120718131647,0.00948602355687561,0.6674208144796381,0.0006674208144796381,0.004013429140873762,0.629713423831071,0.000629713423831071,-0.0041800488766997705
2012-06-12,-0.001271794433812142,-0.00260475069323899,1.3348416289592762,0.0013348416289592762,-0.0014028102319175188,0.00013101579810537704,-0.03664073208492343,0.995475113122172,0.001332956259426848,-0.002606636062771418,-0.0009273162590620421,0.0010860399408858126,-0.007956933955058795,-0.005110085416301396,-0.0016824332347799465,0.6711915535444948,0.0006693061840120665,-0.002072116415929585,0.6636500754147814,0.0006636500754147814,-0.0005326342773094043
2012-06-13,-0.0007730573030392135,-0.0015158928988159859,0.7428355957767724,0.0007428355957767724,0.00020453581405814098,-0.0009775931170973545,-0.02588936175008417,0.995475113122172,0.0007428355957767724,-0.0015158928988159859,0.003086539027168048,-0.00035100633553949724,0.0031067730515356674,0.003314836698877965,-0.001010702230482837,0.34690799396681754,0.0003469079939668175,-0.00014237217990867654,0.3959276018099548,0.0003959276018099548,-0.0013735207189073094
2012-06-14,0.0014805500545487138,0.0006886948509288042,0.7918552036199096,0.0007918552036199096,0.0038961931460851987,-0.002415643091536485,0.0990502392715214,0.995475113122172,0.0007918552036199096,0.0006886948509288042,0.003855911035149045,0.006760283312436607,0.003685864886812394,0.006915595822460239,0.008229685438930046,0.3582202111613877,0.00035822021116138766,0.003537972934923811,0.43363499245852194,0.0004336349924585219,-0.002849278083995007
2012-06-15,-0.0006725374155576365,-0.0013550411862967013,0.682503770739065,0.0006825037707390649,-0.0030347143264650707,0.0023621769109074342,-0.07657097214532944,0.995475113122172,0.0006825037707390648,-0.0013550411862967016,-0.005580432507947392,-0.0029497914446666713,-0.0058617718327383965,-0.008192392638239813,-0.005038619770956233,0.34313725490196084,0.00034313725490196084,-0.0033778515813670316,0.3393665158371041,0.0003393665158371041,0.00202281039507033
2012-06-18,0.0002222084498417437,-0.0006111248834915898,0.8333333333333335,0.0008333333333333335,0.0027328479723534387,-0.0025106395225116948,0.012467053501872896,0.995475113122172,0.0008333333333333335,-0.0006111248834915898,0.005704563635750639,0.003593532677006693,0.007475435744930166,0.007690308676585205,0.004384526458839049,0.4298642533936652,0.0004298642533936652,0.0023029837189597734,0.40346907993966824,0.0004034690799396682,-0.002914108602451363
2012-06-19,-8.219580286222247e-05,-0.0009456950487144095,0.8634992458521872,0.0008634992458521871,-0.00043230088887548953,0.00035010508601326706,0.009887964297336247,0.995475113122172,0.0008634992458521871,-0.0009456950487144095,-0.0037283969702317115,0.005431351398634179,-0.012830902060951013,-0.0031392529227554735,0.0002461944540458793,0.43363499245852194,0.0004336349924585219,-0.0008659358813340114,0.4298642533936652,0.0004298642533936652,-7.975916738039816e-05
2012-06-20,7.284575798699497e-05,-0.0006398239252709237,0.7126696832579187,0.0007126696832579186,-0.002263750633589634,0.002336596391576629,0.02728681449800877,0.995475113122172,0.0007126696832579186,-0.0006398239252709237,-0.004761237251783889,-0.00445261926448536,-0.012894184626959737,-0.006522400020623694,-0.0035575535632678674,0.3582202111613877,0.00035822021116138766,-0.0026219708447510217,0.354449472096531,0.000354449472096531,0.001982146919480098
2012-06-21,-0.000773006192266669,-0.0016025687865351458,0.8295625942684768,0.0008295625942684767,0.00464428950590686,-0.0054172956981735285,-0.003073973428675674,0.995475113122172,0.0008295625942684768,-0.0016025687865351456,0.01048599054460034,0.01144121956104976,0.008835486133134712,0.009730633740607758,0.009082955160113051,0.46380090497737564,0.00046380090497737564,0.0041804886009294846,0.3657616892911011,0.0003657616892911011,-0.005783057387464629
2012-06-22,-0.0007024109462959071,-0.0017205104938072195,1.0180995475113124,0.0010180995475113123,-0.0031418572942419117,0.002439446347946005,-0.058891222672543854,0.995475113122172,0.0010180995475113125,-0.0017205104938072193,-0.004425994890884996,-0.005750627867875357,-0.006096893682018776,-0.006031829772624311,-0.006413887183413454,0.5090497737556562,0.0005090497737556561,-0.0036509070679975678,0.5090497737556562,0.0005090497737556561,0.001930396574190349
2012-06-25,0.0001744053092266251,-0.0008097575867009768,0.984162895927602,0.0009841628959276019,0.00243912972810146,-0.002264724418874835,0.06735412326040377,0.995475113122172,0.0009841628959276019,-0.0008097575867009768,0.005398123950609795,0.0027311791882121475,0.003197213277577653,0.005615469402683273,0.004523418931188594,0.46380090497737564,0.00046380090497737564,0.0019753288231240847,0.5203619909502263,0.0005203619909502263,-0.0027850864098250615
2012-06-26,0.001427075686561578,0.0005862008750985311,0.8408748114630469,0.0008408748114630468,0.003925595548393804,-0.0024985198618322256,0.06699701209951779,0.995475113122172,0.000840874811463047,0.0005862008750985312,0.005495766553505607,0.003942823729452435,-0.006592248992065824,0.005768612894222735,0.008877902006015142,0.40723981900452494,0.00040723981900452495,0.003518355729389279,0.43363499245852194,0.0004336349924585219,-0.0029321548542907477
2012-06-27,-0.0011060730388802625,-0.002246721605999418,1.1425339366515839,0.0011425339366515838,-0.0021368782505884606,0.001030805211708198,-0.044350952225992904,0.995475113122172,0.0011406485671191554,-0.0022486069755318465,-0.0021111781607071074,-0.0019426064964109444,-0.007947350939502327,-0.0017011644461974488,-0.005526391869925528,0.5995475113122173,0.000597662141779789,-0.0027345403923682496,0.5429864253393666,0.0005429864253393666,0.0004878187863688314
2012-06-28,0.0008665200151198433,-0.00041741663646386744,1.2858220211161389,0.0012858220211161388,0.002435055700066165,-0.001568535684946322,0.04933712561437911,0.995475113122172,0.0012839366515837107,-0.00041930200599629556,0.0013517698441220295,0.006719730625475089,-0.00039986928713535956,0.0008479559047740371,0.0068414684247177105,0.6598793363499247,0.0006579939668174963,0.0017770617332486687,0.6259426847662143,0.0006259426847662142,-0.0021944783697125363
2012-06-29,0.00013554462934927086,-0.0008071401368649072,0.9426847662141781,0.0009426847662141781,-0.00232738721399174,0.002462931843341011,0.04703428689761264,0.995475113122172,0.0009426847662141781,-0.0008071401368649072,-0.0055339003399437325,-0.0036511907863419043,-0.0069208503962407035,-0.0062267971631781525,-0.003891656320813031,0.46380090497737564,0.00046380090497737564,-0.0027911881189691154,0.4788838612368025,0.00047888386123680246,0.0019840479821042084
2012-07-02,-0.0010360306578236513,-0.002214386615591374,1.180241327300151,0.001180241327300151,2.4037882972592446e-05,-0.0010600685407962437,-0.04409371949235275,0.995475113122172,0.0011783559577677226,-0.0022162719851238025,0.0025650964030435354,0.0012008317533702077,0.0014671544434512775,0.0024052491816042017,-0.001117484465463521,0.5995475113122173,0.000597662141779789,-0.0005736242588071965,0.5806938159879337,0.0005806938159879338,-0.0016407623567841773
2012-07-03,-0.00023161712149814278,-0.001455221948044146,1.2254901960784315,0.0012254901960784316,-0.0003740522787632007,0.00014243515726505788,-0.018797570798872457,0.995475113122172,0.0012236048265460032,-0.0014571073175765744,6.262827037591474e-06,-0.0008711635298417953,0.0015881702940755097,0.002057450423290813,-0.0021201995251814735,0.5882352941176472,0.0005863499245852188,-0.0009604022033484195,0.6372549019607844,0.0006372549019607843,-0.0004948197446957265
2012-07-04,0.000576123809664133,-0.00028360469712319735,0.8597285067873304,0.0008597285067873304,0.002266136439572834,-0.0016900126299087008,0.007096721480060237,0.995475113122172,0.0008597285067873303,-0.0002836046971231974,0.003084680590922891,0.003946699474082957,0.009014711156654222,0.0032177507499438094,0.005179856473619773,0.40346907993966824,0.0004034690799396682,0.0018626673596331658,0.4562594268476622,0.0004562594268476622,-0.002146272056756363
2012-07-05,-0.00032793517715324683,-0.0011612685104865803,0.8333333333333335,0.0008333333333333335,0.0006789016149092168,-0.0010068367920624637,-0.007615835731683437,0.995475113122172,0.0008333333333333335,-0.0011612685104865803,0.0035664543161124974,-0.001145484474523794,0.0047803952674716505,0.0009111533371536324,0.0015776352596375426,0.41101055806938164,0.0004110105580693817,0.00026789105683983517,0.4223227752639518,0.0004223227752639518,-0.0014291595673264156
2012-07-06,9.842861847887647e-05,-0.0007499876711138838,0.8484162895927603,0.0008484162895927603,0.004681127801977512,-0.004582699183498636,0.0016391895337551049,0.995475113122172,0.0008484162895927602,-0.0007499876711138838,0.008474313105808937,0.010479953569246426,-0.0006129083475679058,0.007941887553282316,0.010066999826029835,0.3846153846153847,0.00038461538461538467,0.004296512417362128,0.46380090497737564,0.00046380090497737564,-0.005046500088476012
2012-07-09,0.000570774954661415,-0.00043978311472018383,1.0143288084464557,0.0010143288084464557,-1.4385240055151035e-05,0.000585160194716566,0.013531404159232038,0.9932126696832579,0.001010558069381599,-0.00044355385378504067,-0.002498650725622,0.0014703813685432428,-0.0012223670717111403,0.001415524569628067,-0.0007426746823175394,0.4901960784313726,0.0004883107088989443,-0.0005026959489540953,0.524132730015083,0.0005222473604826547,6.291283423391137e-05
2012-07-10,0.0003822447626945289,-0.0005095350261440836,0.8974358974358976,0.0008974358974358975,0.0009776137147652982,-0.0005953689520707692,0.021767585494959885,0.9909502262443439,0.0008917797888386126,-0.0005151911347413686,0.0016296843015198065,0.00033286500127413786,-0.0012683977243640838,0.0028339931532057197,0.0015119939147719703,0.4487179487179488,0.00044494720965309204,0.0005326665051122062,0.4487179487179488,0.00044683257918552043,-0.0010422015312562896
2012-07-11,-0.0006303059307774345,-0.001586188283718611,0.9615384615384617,0.0009615384615384617,0.0005843639867534128,-0.0012146699175308473,-0.04862145051686457,0.9909502262443439,0.0009558823529411765,-0.0015918443923158962,0.003387145119066211,0.00046987605755199684,-0.0023288825620101173,0.00319000063585978,0.00016419439673230038,0.4562594268476622,0.0004562594268476622,0.0001281045599057506,0.5052790346907995,0.0004996229260935144,-0.0017142928436243618
2012-07-12,-0.002388513953605437,-0.003267096155717051,0.8823529411764707,0.0008823529411764707,0.0011597504191528554,-0.0035482643727582923,-0.07839508449237909,0.9932126696832579,0.000878582202111614,-0.0032708668947819077,0.008575365276575892,0.00423562652992774,0.004996462417793387,0.0004644861909586329,0.0032287714814903,0.4147812971342384,0.00041289592760181,0.0007468544915510454,0.46757164404223234,0.000465686274509804,-0.004013950647268096
2012-07-13,-0.003921354689606601,-0.005073315473920327,1.1576168929110107,0.0011576168929110107,-0.0032128593520307606,-0.0007084953375758405,-0.14728960374918446,0.9909502262443439,0.0011519607843137256,-0.005078971582517612,0.001362014130930079,0.0015327288706284102,-0.0014518241611345317,-0.0037549529054398327,-0.00771721766650792,0.5693815987933636,0.0005674962292609352,-0.0037803555812916958,0.5882352941176472,0.0005844645550527904,-0.001292959892628631
2012-07-17,-0.0006879892771804822,-0.0017343693676782198,1.0520361990950227,0.0010520361990950227,-0.001822587659540257,0.0011345983823597748,-0.048477803907329295,0.9932126696832579,0.0010463800904977377,-0.0017400254762755048,-0.0017678590313787484,-0.00326263720929781,-0.004703421717684856,-0.004285775207947019,-0.0033497288427319,0.5128205128205129,0.0005090497737556561,-0.002331637433295913,0.5392156862745099,0.0005373303167420815,0.0005972680656176933
2012-07-18,0.0005019502207679819,-0.000629271498689032,1.1312217194570138,0.0011312217194570137,-0.0007933463270504332,0.001295296547818415,0.004265482416742921,0.997737556561086,0.001131221719457014,-0.0006292714986890317,-0.0032528353923882386,-0.0012275066945202353,0.0005006920148556974,-0.002701350078316547,-0.001028494859414009,0.5957767722473606,0.0005957767722473606,-0.0013891230992977939,0.5354449472096532,0.0005354449472096532,0.0007598516006087618
2012-07-19,-0.00019625348764116922,-0.0012030408179579115,1.0067873303167423,0.0010067873303167421,-0.0021085617396446733,0.001912308252003504,0.031136650464381556,0.997737556561086,0.0010067873303167424,-0.0012030408179579113,-0.003562226189612016,-0.0043205913080877215,0.0019246297011473428,-0.005111526563547733,-0.003755993309636708,0.4864253393665159,0.0004864253393665159,-0.002594987079011189,0.5203619909502263,0.0005203619909502263,0.0013919462610532778
2012-07-20,0.000526338635826169,-0.0003899509569340122,0.9162895927601811,0.0009162895927601811,0.0011018113353825573,-0.0005754726995563883,0.05155866542421164,0.997737556561086,0.0009162895927601811,-0.0003899509569340122,0.002758306360562585,-0.002110770594720816,0.0034090887065649643,0.0071410159797647916,-0.00024723974119322155,0.44117647058823534,0.00044117647058823536,0.0006606348647943219,0.4751131221719458,0.0004751131221719458,-0.0010505858217283342
2012-07-23,-0.00037364716811922276,-0.0014897859313168097,1.1161387631975868,0.001116138763197587,0.00042694513760047417,-0.000800592305719697,-0.016019274842804253,0.997737556561086,0.001116138763197587,-0.0014897859313168097,0.0018050468651338396,0.0011742706472716335,0.004040102733975342,0.000742846291205173,0.0009049507154900915,0.5542986425339367,0.0005542986425339367,-0.00012735350493346253,0.5618401206636502,0.0005618401206636502,-0.0013624324263833473
2012-07-24,0.0001522086045310527,-0.0008809738992396867,1.0331825037707392,0.0010331825037707392,0.002185221580437877,-0.002033012975906824,0.02000646412411118,0.997737556561086,0.0010331825037707394,-0.0008809738992396866,0.0004514966828405632,0.011340269009947262,0.004328465767203788,0.004350372511955725,0.0043607232877086845,0.524132730015083,0.0005241327300150831,0.0016610888504227936,0.5090497737556562,0.0005090497737556561,-0.00254206274966248
2012-07-25,0.0017716972953234172,0.0006781829665149705,1.0935143288084466,0.0010935143288084467,0.0014972355943345093,0.00027446170098890786,0.10148129181742627,0.997737556561086,0.0010935143288084467,0.0006781829665149705,-0.0013545293359940192,0.0010855879045729396,0.004143855193537323,0.00203699769503676,0.0034543705734370158,0.5429864253393666,0.0005429864253393666,0.0009542491689951428,0.55052790346908,0.00055052790346908,-0.00027606620248017216
2012-07-26,-0.0020544743615107915,-0.003166842385643522,1.11236802413273,0.0011123680241327302,-0.002627477732684313,0.0005730033711735213,-0.06586312846817048,0.997737556561086,0.0011123680241327304,-0.003166842385643522,0.0003368093904834316,-0.0041349211315509825,-0.004328361291593338,-0.000295980141320061,-0.0076829659380876075,0.5467571644042233,0.0005467571644042233,-0.0031742348970885364,0.5656108597285069,0.0005656108597285068,7.392511445014432e-06
2012-07-27,-0.002730550548328944,-0.003956040744407375,1.2254901960784315,0.0012254901960784316,-0.003743615509624478,0.0010130649612955342,-0.057632563514916454,0.997737556561086,0.0012254901960784314,-0.003956040744407375,-0.0046192899807868315,0.0032375450126011897,0.001667957937066849,0.001811130102327432,-0.012050523119717061,0.6146304675716441,0.0006146304675716441,-0.004358245977196122,0.6108597285067874,0.0006108597285067874,0.0004022052327887468
2012-07-30,-0.0010343709399848308,-0.0021014900953392804,1.0671191553544497,0.0010671191553544496,-0.0018642447620596744,0.0008298738220748436,-0.02654488368774083,0.997737556561086,0.0010671191553544496,-0.0021014900953392804,-0.00023226514500314174,-0.004532066811567475,-0.006826806409944691,-0.005857640542923894,-0.0026591182810064527,0.524132730015083,0.0005241327300150831,-0.0023883774920747574,0.5429864253393666,0.0005429864253393666,0.00028688739673547704
2012-07-31,0.00018113217179378116,-0.0009010699398200953,1.0822021116138765,0.0010822021116138766,0.0008136589088861869,-0.0006325267370924057,0.0014275548733124089,1.0,0.0010822021116138766,-0.0009010699398200954,0.0020865482281130217,-0.00040810685511711247,-0.0004250367031229323,0.003849561561055333,0.0005213666735975514,0.5467571644042233,0.0005467571644042233,0.00026690174448196354,0.5354449472096532,0.0005354449472096532,-0.0011679716843020589
2012-08-01,0.0010349737290047995,5.0810833077197324e-05,0.984162895927602,0.0009841628959276019,-0.0020787401582326496,0.003113713887237449,0.032876842350067305,1.0,0.000984162895927602,5.0810833077197595e-05,-0.005794957961376916,-0.007045583280291495,-0.0018756413289058348,-0.005730247062703407,-0.0033612474067904346,0.5052790346907995,0.0005052790346907995,-0.002584019192923449,0.4788838612368025,0.00047888386123680246,0.0026348300260006464
2012-08-02,-0.00030980353509140927,-0.0014636496889375633,1.153846153846154,0.001153846153846154,0.0032154688706903475,-0.0035252724057817566,-0.02366266874869413,1.0,0.001153846153846154,-0.0014636496889375633,0.00959555281337094,0.0018385918550751828,0.0012785522500566389,0.005717155732670523,0.006754915643478393,0.5844645550527904,0.0005844645550527904,0.002631004315637557,0.5693815987933636,0.0005693815987933636,-0.00409465400457512
2012-08-03,-0.0014489544676439148,-0.002459512537025514,1.010558069381599,0.001010558069381599,-0.004758967576918285,0.0033100131092743705,-0.061807740981442066,1.0,0.0010105580693815991,-0.002459512537025514,-0.007417764119411572,-0.004946237953453022,-0.012260399287245526,-0.008170183694097525,-0.01014146200964537,0.49773755656108604,0.000497737556561086,-0.005256705133479371,0.5128205128205129,0.0005128205128205129,0.0027971925964538577
2012-08-06,0.0003214247623365779,-0.0006514259163964539,0.9728506787330318,0.0009728506787330318,0.0031033556053759698,-0.002781930843039392,0.0305831657198389,1.0,0.0009728506787330317,-0.0006514259163964539,0.005801056461447346,0.0050335007842098375,0.0023953475977460384,0.0007389321604418503,0.008881987544789503,0.4788838612368025,0.00047888386123680246,0.002624471744139167,0.49396681749622934,0.0004939668174962293,-0.0032758976605356213
2012-08-07,0.0001228382013315788,-0.000797222130493459,0.9200603318250378,0.0009200603318250378,0.0017215546979594493,-0.0015987164966278704,0.006444876961029246,1.0,0.0009200603318250378,-0.000797222130493459,0.002854336290362889,0.003862356478713956,0.004846949482931757,-0.0008849000578867131,0.005567324813998441,0.4524886877828055,0.0004524886877828055,0.0012690660101766437,0.46757164404223234,0.0004675716440422323,-0.0020662881406701026
2012-08-08,0.0005106448572444845,-0.00027366886824571173,0.7843137254901962,0.0007843137254901962,-0.0015142091977070169,0.0020248540549515012,0.046087335785156225,1.0,0.0007843137254901962,-0.0002736688682457117,-0.004575768534503925,-0.0029488158136883806,-0.00384319691652517,-0.004957793730140184,-0.002060959046131828,0.3996983408748115,0.00039969834087481154,-0.0019139075385818283,0.3846153846153847,0.00038461538461538467,0.0016402386703361165
2012-08-09,0.002644172887036865,0.0014639315597367141,1.180241327300151,0.001180241327300151,0.0014740397146950108,0.0011701331723418542,0.15687976875070223,1.0,0.001180241327300151,0.0014639315597367141,-0.00247886097286801,-0.0020386520618137912,0.0015398400279771477,8.325524911242687e-05,0.004351147206473821,0.5957767722473606,0.0005957767722473606,0.0008782629424476502,0.5844645550527904,0.0005844645550527904,0.0005856686172890637
2012-08-10,0.001244503552183478,3.7867051429329974e-05,1.206636500754148,0.0012066365007541479,0.002497526530387441,-0.001253022978203963,0.09429276138307381,1.0,0.001206636500754148,3.786705142933022e-05,0.0026731658864090316,0.0021452256802110717,0.007303586218279201,0.00464378792660755,0.005146262551550754,0.6070889894419307,0.0006070889894419307,0.0018904375409455102,0.5995475113122173,0.0005995475113122173,-0.0018525704895161802
2012-08-13,0.0006536933815079705,-0.0004134257738464792,1.0671191553544497,0.0010671191553544496,0.0007791238016276437,-0.00012543042011967323,0.04680469166308649,1.0,0.0010671191553544498,-0.0004134257738464791,-0.001584103707545078,0.0039602131224374835,-0.001230955174128765,0.004922979796072622,-0.00011221886332072188,0.5580693815987934,0.0005580693815987935,0.00022105442002885018,0.5090497737556562,0.0005090497737556561,-0.0006344801938753294
2012-08-14,0.00024464544806505493,-0.0006527904493708426,0.8974358974358976,0.0008974358974358975,-0.0010723205192544648,0.0013169659673195196,-0.012933320576016481,1.0,0.0008974358974358975,-0.0006527904493708426,-0.0027476961427960562,-0.002379873132370172,0.0003031368297298587,0.0008032886363754341,-0.0035924056371550916,0.44117647058823534,0.00044117647058823536,-0.0015134969898427002,0.4562594268476622,0.0004562594268476622,0.0008607065404718575
2012-08-15,0.000882283354376562,-0.00012827471500503695,1.010558069381599,0.001010558069381599,-0.0006409292667516359,0.0015232126211281978,0.06472580350077173,1.0,0.001010558069381599,-0.0001282747150050369,-0.0029451085012854312,-0.0032236666024726066,0.003810890662903661,-0.004218702000278574,0.000175825241232848,0.49773755656108604,0.000497737556561086,-0.0011386668233127218,0.5128205128205129,0.0005128205128205129,0.001010392108307685
2012-08-16,0.0014941046336421,0.0005401076502333516,0.9539969834087483,0.0009539969834087482,0.0006359420876288399,0.00085816254601326,0.1336791010899932,1.0,0.0009539969834087483,0.0005401076502333517,-0.0011210864429293586,-0.0029047275859546266,0.0045247206277713725,0.0008303070542191058,0.0014844756320621087,0.47134238310708904,0.00047134238310708905,0.0001645997045217508,0.4826546003016592,0.0004826546003016592,0.0003755079457116008
2012-08-17,0.00023523842322953093,-0.0006961341257900771,0.931372549019608,0.000931372549019608,3.280216067955461e-05,0.00020243626254997626,-0.016169343236513218,1.0,0.000931372549019608,-0.0006961341257900771,-0.0003514887862286291,-0.0005091726103160388,-0.0010225132720208508,-0.00015449733889930618,0.00017412377442457694,0.43363499245852194,0.0004336349924585219,-0.00040083283177896726,0.49773755656108604,0.000497737556561086,-0.0002953012940111097
2012-08-20,0.000715623763801941,-0.0002873928274499445,1.0030165912518856,0.0010030165912518856,-0.0002510270972063756,0.0009666508610083167,0.06742387873711735,1.0,0.0010030165912518856,-0.00028739282744994453,-0.0020957297427188775,-0.0015871786644869425,-0.0019209926666540666,-0.0001178871665595459,-0.0006897230432641661,0.5354449472096532,0.0005354449472096532,-0.0007864720444160289,0.46757164404223234,0.0004675716440422323,0.0004990792169660844
2012-08-21,0.0004264342898524428,-0.0005539578670103024,0.9803921568627452,0.0009803921568627453,0.00043303626047526883,-6.601970622826022e-06,0.048987610324560456,1.0,0.000980392156862745,-0.0005539578670103025,-0.0008348319542558997,0.0017284292394988306,-0.0017880759170523129,-0.00025740383314540484,0.0014176065723195406,0.5128205128205129,0.0005128205128205129,-7.97842523452441e-05,0.46757164404223234,0.0004675716440422323,-0.0004741736146650583
2012-08-22,-0.0007789390381147109,-0.001499150199502343,0.7202111613876321,0.0007202111613876321,-0.0019371649392312166,0.0011582259011165058,-0.03191365103082386,1.0,0.000720211161387632,-0.001499150199502343,-0.0018721217866849301,-0.003194151590025875,-0.006923480863374462,-0.0038258784662055303,-0.0038808706670907327,0.3242835595776773,0.00032428355957767724,-0.0022614484988088936,0.3959276018099548,0.0003959276018099548,0.0007622982993065509
2012-08-23,-0.0005803541299106142,-0.0013043360303631032,0.7239819004524888,0.0007239819004524888,0.003921180853075892,-0.004501534982986506,-0.007869860915368057,1.0,0.000723981900452489,-0.001304336030363103,0.010830393206419611,0.005225047320833545,0.01001019201360981,0.0078475639876498,0.007804543222237473,0.37707390648567124,0.00037707390648567126,0.0035441069465902207,0.34690799396681754,0.0003469079939668175,-0.0048484429769533235
2012-08-24,-0.0008747678672234506,-0.001749579330270208,0.8748114630467573,0.0008748114630467573,-0.0015121358773510212,0.0006373680101275706,-0.07992021257191885,1.0,0.0008748114630467573,-0.001749579330270208,-0.0013556248534148327,-0.0010995314620888994,-0.002193483143142631,-0.0034916237841114625,-0.0027796290805908582,0.4487179487179488,0.00044871794871794877,-0.00196085382606897,0.4260935143288085,0.0004260935143288085,0.00021127449579876208
2012-08-27,-0.00013190081305684945,-0.0011122929699195947,0.9803921568627452,0.0009803921568627453,-0.00020470310411687325,7.280229106002379e-05,0.009270247428716233,1.0,0.0009803921568627453,-0.0011122929699195947,-0.0008021591780614433,0.0011837499831443214,0.006191740965800258,0.003962149055681713,-0.002568784513053822,0.5165912518853696,0.0005165912518853696,-0.0007212943560022428,0.46380090497737564,0.00046380090497737564,-0.00039099861391735184
2012-08-28,0.0007174307878969426,-5.93414594635402e-05,0.7767722473604828,0.0007767722473604828,-0.00011365553778427674,0.0008310863256812193,0.04452477292358166,1.0,0.0007767722473604828,-5.934145946354021e-05,-0.0019566642465763126,-0.0010513858096674435,0.0024254396922365478,0.0006138252297662552,-0.0006421321205629822,0.3582202111613877,0.00035822021116138766,-0.0004718757489456644,0.4185520361990951,0.0004185520361990951,0.0004125342894821242
2012-08-29,-0.00046371680213405187,-0.0016251044341099193,1.1613876319758674,0.0011613876319758675,-0.002010171132648067,0.001546454330514015,0.015516885691592142,1.0,0.0011613876319758673,-0.0016251044341099195,-0.004017938895349012,-0.0011937074265057864,-0.003638341345022768,-0.00246424461215485,-0.004771580016218583,0.5693815987933636,0.0005693815987933636,-0.0025795527314414306,0.5920060331825039,0.0005920060331825039,0.0009544482973315112
2012-08-30,0.0016042809450546973,0.0005484740068948179,1.0558069381598796,0.0010558069381598795,0.00392056952159152,-0.002316288576536822,0.08909561393579832,1.0,0.0010558069381598795,0.0005484740068948178,0.003871153259957532,0.006130615690030564,0.005673811373973555,0.0077288392114123255,0.007861416986785713,0.5052790346907995,0.0005052790346907995,0.00341529048690072,0.55052790346908,0.00055052790346908,-0.0028668164800059017
2012-08-31,-0.0004880938362489692,-0.001344051603971443,0.8559577677224737,0.0008559577677224737,-0.00018751881132266765,-0.0003005750249263016,0.007025487743282762,1.0,0.0008559577677224738,-0.001344051603971443,0.0011903379497781932,-0.0005960813845410008,0.0010904755805898104,0.001329829352269593,-0.001216207643400377,0.43363499245852194,0.0004336349924585219,-0.0006211538037811895,0.4223227752639518,0.0004223227752639518,-0.0007228978001902534
2012-09-03,0.0006355932417211536,-0.0003862770448550156,1.021870286576169,0.001021870286576169,-0.0018918249934038649,0.0025274182351250184,0.01910491579858198,1.0,0.0010218702865761693,-0.0003862770448550155,-0.0062805373333933885,-0.0025296248473441634,0.0026518973363800842,-0.004815357235337588,-0.0032565873022005736,0.5052790346907995,0.0005052790346907995,-0.0023971040280946643,0.5165912518853696,0.0005165912518853696,0.002010826983239649
2012-09-04,-0.001727561068471725,-0.002843699831669312,1.1161387631975868,0.001116138763197587,-0.00021091147551102895,-0.001516649592960696,-0.0712388445567496,1.0,0.0011161387631975868,-0.0028436998316693123,0.003317493056997295,0.0024308770450094845,-0.002982984863312592,0.001581115205068425,-0.0014101437340284895,0.5580693815987934,0.0005580693815987935,-0.0007689808571098224,0.5580693815987934,0.0005580693815987935,-0.0020747189745594897
2012-09-05,0.0012313227181207573,4.7310651755749636e-05,1.1840120663650078,0.0011840120663650078,0.0020139921228476613,-0.0007826694047269041,0.09135232492024419,1.0,0.0011840120663650076,4.7310651755749474e-05,0.001979206911234333,0.0007139661598572561,0.014077276044835453,0.008406988517225274,0.0018449799575425583,0.5882352941176472,0.0005882352941176471,0.0014257568287300141,0.5957767722473606,0.0005957767722473606,-0.0013784461769742646
2012-09-06,-0.0008568144708245634,-0.00195032879963301,1.0935143288084466,0.0010935143288084467,-0.005819180808712688,0.004962366337888125,-0.058579639530755866,1.0,0.0010935143288084467,-0.00195032879963301,-0.010774721103336398,-0.008115213059340707,-0.01250716279248117,-0.011707173045129386,-0.011552035241403502,0.5580693815987934,0.0005580693815987935,-0.006377250190311482,0.5354449472096532,0.0005354449472096532,0.004426921390678472
2012-09-07,-8.870445664029488e-05,-0.0011897602635784548,1.10105580693816,0.00110105580693816,-0.001675278246496592,0.0015865737898562969,-0.05112856047089786,1.0,0.00110105580693816,-0.0011897602635784548,-0.0031326850315205423,-0.0032261454832854908,-0.005947540300999323,-0.001630021608862734,-0.004186099327875684,0.5693815987933636,0.0005693815987933636,-0.0022446598452899556,0.5316742081447965,0.0005316742081447964,0.0010548995817115004
2012-09-10,2.298174222547472e-05,-0.0011987377147881,1.2217194570135748,0.0012217194570135748,0.002378414320499051,-0.002355432578273576,0.016945482829353306,1.0,0.0012217194570135748,-0.0011987377147881,0.004029438740375698,0.006046378906016254,0.0052593747176879835,0.006923638977456494,0.0036642175594186793,0.5920060331825039,0.0005920060331825039,0.001786408287316547,0.629713423831071,0.000629713423831071,-0.002985146002104647
2012-09-11,-0.000558056112178455,-0.0018665025676837341,1.3084464555052793,0.0013084464555052791,-6.113075478693118e-05,-0.0004969253573915239,-0.029146230466487687,1.0,0.0013084464555052791,-0.0018665025676837341,-0.0001870048612413856,0.003373364487061714,-0.000803125102353433,0.0020755070437439545,-0.0012082492819576198,0.6259426847662143,0.0006259426847662142,-0.0006870734395531454,0.682503770739065,0.0006825037707390649,-0.0011794291281305887
2012-09-12,0.0003021638948240941,-0.0006367501323252273,0.9389140271493214,0.0009389140271493214,0.0016576023088184359,-0.0013554384139943419,0.02824418532823791,1.0,0.0009389140271493214,-0.0006367501323252273,0.003589107185871344,0.0009098119965624949,0.001577831144594582,0.002654691899160481,0.003626850435231326,0.4826546003016592,0.0004826546003016592,0.0011749477085167767,0.4562594268476622,0.0004562594268476622,-0.001811697840842004
2012-09-13,0.0003276302333681497,-0.0007583426173105836,1.0859728506787332,0.0010859728506787331,-0.0022640297930332873,0.0025916600264014374,0.022408060289578584,1.0,0.0010859728506787333,-0.0007583426173105835,-0.004839811680838219,-0.005831022713796807,-0.004699034532757187,-0.0036644657936744456,-0.004934654002143283,0.5128205128205129,0.0005128205128205129,-0.0027768503058538,0.5731523378582203,0.0005731523378582203,0.0020185076885432173
2012-09-14,-0.00126222981534348,-0.002321807492568216,1.0595776772247363,0.0010595776772247363,2.874895660510763e-05,-0.0012909787719485874,-0.07403586543143043,1.0,0.0010595776772247363,-0.002321807492568216,0.003451277764650097,0.0008000874833387892,0.0015184865821764467,-0.0052842142436370435,0.0026980859551876905,0.5203619909502263,0.0005203619909502263,-0.0004916130343451187,0.5392156862745099,0.0005392156862745099,-0.0018301944582230973
2012-09-18,0.0017341967255565369,0.0004370624872458278,1.2971342383107092,0.001297134238310709,-0.0003629984692953436,0.0020971951948518803,0.08014492478707058,1.0,0.001297134238310709,0.0004370624872458279,-0.00483809605375653,-0.0028542185656906245,-0.0017767622986972693,0.00037199051324571323,-0.001265559288089174,0.6485671191553546,0.0006485671191553545,-0.0010115655884506982,0.6485671191553546,0.0006485671191553545,0.0014486280756965259
2012-09-19,0.00023911858760377236,-0.0010062722584377177,1.2472719596607527,0.0012472719596607527,0.0012304401283989236,-0.0009913215407951512,0.03879190154964573,0.9977426636568849,0.0012453908460414902,-0.0010081533720569802,0.0014256485549515566,0.0031047850943786964,0.0032988173058779765,0.0019133900903495376,0.002739533901103696,0.6292622970355012,0.0006273811834162386,0.000603058944982685,0.6180096626252516,0.0006180096626252516,-0.0016093312034204028
2012-09-20,0.0010550093192639369,-0.0001620711923989676,1.2189616252821671,0.0012189616252821671,0.0011883362477994445,-0.00013332692853550778,0.027800458610254312,0.9977426636568849,0.0012170805116629045,-0.00016395230601823027,0.0005797237039769575,-0.00036720709202752865,0.002603226921440826,0.005071792131054395,0.0010415833808842582,0.6207674943566591,0.0006188863807373966,0.0005694498670620479,0.5981941309255079,0.0005981941309255079,-0.0007315210594610157
2012-09-21,-0.0008017865882503039,-0.00200569930457837,1.2039127163280663,0.0012039127163280662,0.0015565514518565903,-0.002358338040106894,-0.004582280906806202,0.9977426636568849,0.001203912716328066,-0.00200569930457837,0.004395189862572358,0.005356235302078924,0.00355828755056998,0.0029887238250643823,0.003171095815737628,0.617005267118134,0.0006170052671181339,0.0009395461847384564,0.5869074492099323,0.0005869074492099323,-0.0029452454893168266
2012-09-24,-0.0008449463507855681,-0.002159844770650128,1.3167795334838224,0.0013167795334838226,-0.004320849394163647,0.0034759030433780787,-0.06821030200585183,0.9977426636568849,0.00131489841986456,-0.0021617258842693905,-0.007862817490141241,-0.005093278916075519,-0.012754170837173194,-0.00963313037196227,-0.008195961772902681,0.654627539503386,0.0006527464258841234,-0.00497359582004777,0.6621519939804364,0.0006621519939804364,0.0028137510493976424
2012-09-25,-0.0014588919001708254,-0.0026251823441136397,1.1662904439428141,0.0011662904439428143,0.0012096503114184909,-0.0026685422115893163,-0.13968101566030128,0.9977426636568849,0.0011662904439428143,-0.0026251823441136397,0.005936053259399017,0.004113404085316539,-0.002467751987398356,0.0036485273116556695,0.0018293720754832949,0.6019563581640331,0.0006019563581640331,0.0006076939532544578,0.5643340857787811,0.0005643340857787811,-0.003232876297368097
2012-09-26,0.000998902456556992,-0.00012976571500057012,1.1286681715575622,0.0011286681715575622,0.0013751252923457366,-0.0003762228357887448,0.06559004918167996,0.9977426636568849,0.001128668171557562,-0.00012976571500057025,0.0019536942886161594,-0.0016790627712315862,-0.0005586396500093316,0.003402400037329656,0.002443864057097267,0.6019563581640331,0.0006019563581640331,0.0007731689341817035,0.526711813393529,0.000526711813393529,-0.0009029346491822738
2012-09-27,-0.0006481603025029967,-0.0018219752009228612,1.1738148984198646,0.0011738148984198646,-0.0006066260607647606,-4.1534241738236036e-05,-0.008788860221984262,0.9977426636568849,0.0011738148984198646,-0.0018219752009228612,-0.0008198969975494535,0.0019093325962710114,0.002256069667203185,0.003065968882464898,-0.0033102343071741173,0.5869074492099323,0.0005869074492099323,-0.0011935335099746928,0.5869074492099323,0.0005869074492099323,-0.0006284416909481683
2012-09-28,0.0014572305283009487,0.00044519140113766795,1.0120391271632807,0.0010120391271632807,0.0010980023370618995,0.0003592281912390493,0.11155738558663611,0.9977426636568849,0.0010120391271632807,0.00044519140113766795,-1.286662079090496e-05,-0.002144039181385199,-0.0008246266165605411,0.003870765183567822,0.0013873116371444117,0.5154251316779533,0.0005154251316779534,0.0005825772053839461,0.4966139954853273,0.0004966139954853273,-0.00013738580424627804
2012-10-01,-0.0003988676062724797,-0.0015049624143988905,1.1060948081264108,0.001106094808126411,-0.002283861444458383,0.0018849938381859037,-0.014131646754899215,0.9977426636568849,0.0011060948081264108,-0.0015049624143988907,-0.003970833279463627,-0.00335516364358069,-0.0025664516910102225,-0.0030599403681344584,-0.005325201864305499,0.5718585402558315,0.0005718585402558315,-0.0028557199847142147,0.5342362678705794,0.0005342362678705794,0.0013507575703153242
2012-10-02,0.000538286579747248,-0.0006204794097185158,1.1587659894657638,0.0011587659894657638,-0.00010120445261906669,0.0006394910323663146,0.07022631938693172,0.9977426636568849,0.0011587659894657636,-0.0006204794097185159,-0.0003537604513093206,-0.0031475462781008377,-0.0006624782460679309,0.0012210499514249589,-0.0008990541167767822,0.5793829947328819,0.0005793829947328819,-0.0006805874473519486,0.5793829947328819,0.0005793829947328819,6.0108037633432626e-05
2012-10-03,0.001655558626309773,0.0007526240890637232,0.9029345372460497,0.0009029345372460497,0.0005536388760598664,0.0011019197502499065,0.08666699880160433,0.9977426636568849,0.0009029345372460498,0.0007526240890637233,-0.004092792240209787,0.0016220054491419512,-0.0016012016967766915,-0.0015702457648789712,0.002420931505943233,0.45146726862302483,0.00045146726862302486,0.00010217160743684157,0.45146726862302483,0.00045146726862302486,0.0006504524816268816
2012-10-04,0.0008536574831053691,-6.808819033330649e-05,0.9217456734386757,0.0009217456734386758,0.000757033249518238,9.662423358713113e-05,0.0318725163272463,0.9977426636568849,0.0009217456734386757,-6.808819033330663e-05,-0.0009647753309798158,0.0013677791629487306,-7.671126266209836e-05,-0.0027062276226600956,0.0035835993180636156,0.45146726862302483,0.00045146726862302486,0.0003055659808952132,0.47027840481565086,0.00047027840481565086,-0.0003736541712285197
2012-10-05,-0.002145095420007717,-0.0031420856382168966,0.9969902182091799,0.0009969902182091798,-0.0011678826439534941,-0.0009772127760542227,-0.10640443015198786,0.9977426636568849,0.0009969902182091796,-0.003142085638216897,0.002100857486634444,0.0016537918082897027,-0.0027431348927745665,-0.005872833652457071,-0.0006174712683253502,0.46275395033860045,0.00046275395033860045,-0.0016306365942920947,0.5342362678705794,0.0005342362678705794,-0.0015114490439248022
2012-10-09,9.878291153751713e-05,-0.0008643472615249358,0.963130173062453,0.000963130173062453,0.0002552083610250047,-0.0001564254494874876,0.015512021790831283,0.9977426636568849,0.000963130173062453,-0.0008643472615249359,0.00250620059390878,-0.004124408372366073,0.0017307340278868264,0.0035169048168661324,-0.0009567525525082082,0.4853273137697517,0.00048532731376975174,-0.00023011895274474705,0.4778028592927013,0.0004778028592927013,-0.0006342283087801888
2012-10-10,0.00013194119329664378,-0.0009402935696830402,1.072234762979684,0.001072234762979684,0.0028718433752434325,-0.0027399021819467886,0.02907688513849714,0.9977426636568849,0.001072234762979684,-0.0009402935696830402,0.005440021099624928,0.005547820956700861,0.009121625414981469,0.008018900466724278,0.004657458413901104,0.545522949586155,0.000545522949586155,0.0023263204256572774,0.526711813393529,0.000526711813393529,-0.003266613995340318
2012-10-11,0.0009282302786214452,-0.00015529116607381445,1.0835214446952597,0.0010835214446952596,-0.0006215393644977586,0.0015497696431192038,-0.006922650984338865,0.9977426636568849,0.0010835214446952596,-0.00015529116607381442,-0.003522681766297443,-0.0022365930441048173,-0.0049395574630910375,-0.002438687636049331,-0.00066429495410515,0.5492851768246803,0.0005492851768246803,-0.001170824541322439,0.5342362678705794,0.0005342362678705794,0.0010155333752486244
2012-10-12,-0.001565610326570824,-0.00258893613544968,1.0233258088788564,0.0010233258088788563,8.025006674015108e-05,-0.001645860393310975,-0.07793865940194449,0.9977426636568849,0.001023325808878856,-0.00258893613544968,0.0034522329565877924,0.002959567259221446,0.009022824604990383,-0.0004403443048650428,0.0004548926404624889,0.4966139954853273,0.0004966139954853273,-0.00041636392874517625,0.526711813393529,0.000526711813393529,-0.002172572206704504
2012-10-15,-0.0006501825421870856,-0.0017186550779282445,1.0684725357411589,0.001068472535741159,0.0013872420431623672,-0.002037424585349453,-0.06997395242173966,0.9977426636568849,0.001068472535741159,-0.0017186550779282445,0.0027819595545484194,0.006680751237069893,0.0013184631406937969,0.00313898331351891,0.002608799561061625,0.526711813393529,0.000526711813393529,0.0008605302297688383,0.5417607223476298,0.0005417607223476298,-0.0025791853076970826
2012-10-16,0.0011003236418728472,4.690001508578932e-05,1.053423626787058,0.001053423626787058,-0.0007092844664166174,0.0018096081082894647,0.06675543980398202,0.9977426636568849,0.001053423626787058,4.690001508578928e-05,-0.00458880473643041,-0.0016497775827507555,-0.006845007176387922,0.001478468346281277,-0.0028409121824356453,0.5154251316779533,0.0005154251316779534,-0.0012247095980945709,0.5379984951091046,0.0005379984951091046,0.0012716096131803602
2012-10-17,0.0006128767231787426,-0.00041797354017716404,1.0308502633559067,0.0010308502633559068,-0.0023059665453076528,0.0029188432684863954,0.011212472486824214,0.9977426636568849,0.0010308502633559068,-0.00041797354017716415,-0.0057824068690981705,-0.00593623475940788,-0.0029031186233111554,-0.0028541370850053613,-0.005491808365674616,0.5041384499623778,0.0005041384499623778,-0.0028101049952700304,0.526711813393529,0.000526711813393529,0.0023921314550928666
2012-10-18,0.001136248309119493,4.5202409947183166e-05,1.09104589917231,0.00109104589917231,-0.0009916121882466286,0.002127860497366122,0.02693162696577155,0.9977426636568849,0.0010910458991723099,4.520240994718302e-05,-0.004627391258194888,-0.0034942613231947754,-0.00212876765844286,0.001815991634844077,-0.003849057929794059,0.5417607223476298,0.0005417607223476298,-0.0015333729105942583,0.5492851768246803,0.0005492851768246803,0.0015785753205414415
2012-10-19,-0.0006153431884121547,-0.0017026268603459395,1.0872836719337848,0.001087283671933785,0.0023818251646506475,-0.0029971683530628022,-0.019336993349171584,0.9977426636568849,0.0010872836719337847,-0.0017026268603459395,0.00545323423900932,0.007075215931187806,0.010538318500408771,-0.0014048095629170627,0.007799981401697015,0.5417607223476298,0.0005417607223476298,0.0018400644423030178,0.545522949586155,0.000545522949586155,-0.0035426913026489573
2012-10-22,0.0007155863860087453,-0.0004224873536451298,1.1399548532731376,0.0011399548532731378,-0.001754664765245223,0.0024702511512539682,0.009935722540764557,0.9954853273137697,0.0011380737396538751,-0.0004243684672643925,-0.004561467904450476,-0.005799626827537793,-0.000581820941729995,-0.0045960287837002465,-0.0029939622754069613,0.5869074492099323,0.0005869074492099323,-0.002341572214455155,0.5530474040632054,0.0005511662904439428,0.0019190848608100254
2012-10-23,-0.0009957560381715594,-0.001985221801903689,0.9969902182091799,0.00099699021820918,-0.0008278976504359953,-0.00016785838773556417,-0.010163925710144198,0.9954853273137697,0.0009894657637321295,-0.0019927462563807397,-0.000459125561348701,0.0019427030550033487,0.0012981200324136363,-0.0033091900623892726,-0.0008648344064994792,0.4966139954853273,0.0004928517682468021,-0.0013207494186827974,0.5003762227238525,0.0004966139954853273,-0.0006644723832208915
2012-10-24,-1.4639909635981698e-05,-0.0009250989013590816,0.9104589917231001,0.0009104589917231002,0.0015997131038819688,-0.0016143530135179504,0.001449372942439695,0.9977426636568849,0.0009104589917231,-0.0009250989013590818,0.002521745599095534,0.004651356197126561,-0.001477866455160373,0.0025508180008385825,0.003530822022194932,0.45146726862302483,0.00045146726862302486,0.001148245835258944,0.45899172310007524,0.00045899172310007527,-0.0020733447366180257
2012-10-25,-9.174316942937928e-05,-0.0010360622062992062,0.944319036869827,0.000944319036869827,0.001464250854153823,-0.0015559940235832024,0.004995712471479302,0.9977426636568849,0.0009443190368698268,-0.0010360622062992062,0.003944765499773015,0.001420433681559475,0.002026071954210737,0.00476985632189939,0.0020416755846231764,0.45522949586155004,0.00045522949586155004,0.001009021358292273,0.4890895410082769,0.000489089541008277,-0.0020450835645914795
2012-10-26,-0.00039554009660910656,-0.0013925303148182864,0.9969902182091799,0.00099699021820918,0.001656834489411592,-0.0020523745860206986,-0.033399086323190504,0.9977426636568849,0.0009969902182091798,-0.0013925303148182866,0.0037853369765262273,0.004741503955760624,0.0011750390815706692,0.003372632107470113,0.0032997428158500135,0.5079006772009029,0.0005079006772009029,0.001148933812210689,0.4890895410082769,0.000489089541008277,-0.0025414641270289757
2012-10-29,7.072161635921349e-06,-0.0010425892379126113,1.0496613995485327,0.0010496613995485328,6.488333451381371e-05,-5.781117287789233e-05,0.030160423259423582,0.9977426636568849,0.0010496613995485326,-0.0010425892379126115,-0.00014593916448937813,0.0006444271679658729,0.0067709099631085455,-0.0007395068819401189,0.000555219546945695,0.5154251316779533,0.0005154251316779534,-0.00045054179716413965,0.5342362678705794,0.0005342362678705794,-0.0005920474407484717
2012-10-30,0.001028917306496805,-6.589081991403034e-05,1.0948081264108351,0.0010948081264108352,-0.0007521840962833962,0.0017811014027802011,0.05758851552428577,0.9977426636568849,0.0010948081264108354,-6.58908199140302e-05,-0.004635529372694215,-0.0013830599702089172,-0.00582579956464592,-0.00011101348746440007,-0.0021921510796339924,0.5831452219714071,0.000583145221971407,-0.0013353293182548033,0.5116629044394282,0.0005116629044394282,0.001269438498340773
2012-10-31,0.000428081616498212,-0.0007118732367749259,1.1399548532731376,0.0011399548532731378,0.0014316269258385927,-0.0010035453093403808,0.02746971335851583,0.9977426636568849,0.0011399548532731378,-0.0007118732367749259,0.00031952542572496177,0.005416013189389809,0.004850434264776716,0.0033039531145982936,0.002660724453964856,0.5793829947328819,0.0005793829947328819,0.0008522439311057108,0.5605718585402558,0.0005605718585402559,-0.0015641171678806368
2012-11-01,-2.8176816496467052e-05,-0.0011455583063384536,1.1173814898419865,0.0011173814898419866,-0.0033097255898356694,0.003281548773339202,0.018080439329751695,0.9977426636568849,0.0011173814898419866,-0.0011455583063384536,-0.005304328305537998,-0.009094328290015411,-0.011397978646762522,-0.0073992156258996895,-0.006268080697209937,0.5718585402558315,0.0005718585402558315,-0.003881584130091501,0.545522949586155,0.000545522949586155,0.002736025823753047
2012-11-02,-0.0007671598474786146,-0.0018920657917976514,1.1249059443190368,0.0011249059443190369,-0.00014387510949880625,-0.0006232847379798084,-0.03996729791065584,0.9977426636568849,0.0011249059443190369,-0.0018920657917976514,0.0012801751841482738,0.0011757611810417434,-0.000670830764255151,2.234589833845518e-06,-0.00043077762654556155,0.5530474040632054,0.0005530474040632054,-0.0006969225135620117,0.5718585402558315,0.0005718585402558315,-0.00119514327823564
2012-11-05,0.00021507914286851988,-0.0007367643484783575,0.9518434913468774,0.0009518434913468774,0.0012277684230467757,-0.001012689280178256,-0.010026097606953877,0.9977426636568849,0.0009518434913468774,-0.0007367643484783575,0.002201892229719818,0.0016637364142344693,0.0008651013335801044,0.006248068197962311,0.000612920002634522,0.46275395033860045,0.00046275395033860045,0.0007650144727081753,0.4890895410082769,0.000489089541008277,-0.0015017788211865329
2012-11-06,0.003287087329594071,0.0022675237479537398,1.019563581640331,0.0010195635816403312,-0.002692710913183181,0.005979798242777252,0.18753193237704877,0.9977426636568849,0.0010195635816403312,0.0022675237479537398,-0.011739810955804886,-0.012376981769626334,-0.007151381464771215,-0.009985976852579187,-0.0031610400858078087,0.5041384499623778,0.0005041384499623778,-0.0031968493631455586,0.5154251316779533,0.0005154251316779534,0.005464373111099299
2012-11-07,-0.0003312248256033603,-0.0011551525908403805,0.8239277652370203,0.0008239277652370204,0.0006950498121041112,-0.0010262746377074714,-0.04250708791938376,0.9977426636568849,0.0008239277652370202,-0.0011551525908403805,0.003652965231914638,-0.0011893206122217475,0.007425328214501384,0.0018045446902773285,0.0011937814160697636,0.41008276899924756,0.00041008276899924756,0.0002849670431048636,0.41384499623777277,0.0004138449962377728,-0.0014401196339452443
2012-11-08,0.0008514775014196682,-0.00022828171603706627,1.0797592174567343,0.0010797592174567345,0.0011844377348841431,-0.0003329602334644749,0.033299028936109955,0.9977426636568849,0.0010797592174567345,-0.00022828171603706633,-4.292090292230931e-06,0.0020200642293378627,0.0013743628089470951,0.002540356919605606,0.002295708134037768,0.5379984951091046,0.0005379984951091046,0.0006464392397750385,0.5417607223476298,0.0005417607223476298,-0.0008747209558121046
2012-11-09,0.0014901687724289928,0.0005044652359353885,0.9857035364936042,0.0009857035364936042,0.002058852494003809,-0.0005686837215748163,0.06683076078147876,0.9977426636568849,0.0009857035364936044,0.0005044652359353886,0.0012379398125769061,0.0009313520426191261,0.008578885793112416,0.0037830756782788965,0.00429976630225933,0.5041384499623778,0.0005041384499623778,0.0015547140440414313,0.4815650865312265,0.0004815650865312265,-0.0010502488081060427
2012-11-12,-9.300315909175799e-05,-0.0008604975157509002,0.7674943566591422,0.0007674943566591423,4.9786292909497615e-05,-0.00014278945200125553,-0.0029370317322970165,0.9977426636568849,0.0007674943566591422,-0.0008604975157509003,0.001136232013690989,-0.0014357093835582794,-0.0018655521331516231,0.0021107384376275614,-0.0008829654537242075,0.3837471783295711,0.00038374717832957115,-0.00033396088542007353,0.3837471783295711,0.00038374717832957115,-0.0005265366303308267
2012-11-13,-0.0017614487410197732,-0.0026606210510272976,0.8991723100075245,0.0008991723100075245,0.001483758894921725,-0.003245207635941498,-0.07477934740487617,0.9977426636568849,0.0008991723100075244,-0.0026606210510272976,0.008077191407134369,0.0032660489635975313,-0.0026797374788431654,0.005937576870260339,0.0015291968585828067,0.45899172310007524,0.00045899172310007527,0.0010247671718216498,0.4401805869074492,0.0004401805869074492,-0.0036853882228489476
2012-11-14,0.0001692282920372742,-0.0006546994731997461,0.8239277652370203,0.0008239277652370204,-0.0004639621658166085,0.0006331904578538826,-0.02017163871973516,0.9977426636568849,0.0008239277652370204,-0.0006546994731997462,-0.0007889936356240703,-0.002229127048341358,0.008668418839787733,0.002574817274914829,-0.0026441089340769612,0.40255831452219715,0.00040255831452219715,-0.0008665204803388056,0.4213694507148232,0.0004213694507148232,0.00021182100713905937
2012-11-15,0.0012842771711581355,0.00030233586190305656,0.981941309255079,0.000981941309255079,-0.001111572778138322,0.0023958499492964572,0.0292033465582795,0.9977426636568849,0.000981941309255079,0.00030233586190305645,-0.005989501365785027,-0.002357983976548431,0.0037229831173730826,-0.002086468337811139,-0.002299940131846982,0.5003762227238525,0.0005003762227238526,-0.0016119490008621746,0.4815650865312265,0.0004815650865312265,0.0019142848627652308
2012-11-16,0.00012325436290893218,-0.0010467983082724072,1.1700526711813393,0.0011700526711813394,-0.002256096122756416,0.0023793504856653483,-0.025970520175425615,0.9977426636568849,0.0011700526711813394,-0.0010467983082724072,-0.006954488254035861,-0.00030640692001495317,-0.0017165097845726215,0.0018291318539592658,-0.007631882978380714,0.6132430398796087,0.0006132430398796088,-0.0028693391626360247,0.5568096313017307,0.0005568096313017306,0.0018225408543636177
2012-11-19,0.001785534176366163,0.0004819224382171789,1.3054928517682467,0.001305492851768247,0.0011075161054711347,0.0006780180708950285,0.1352368000508069,0.9977426636568849,0.0013036117381489843,0.0004800413245979161,-0.0017199019281020178,-0.0006169529918822494,0.002110353046164985,0.0023267172905553223,0.0021573283151662182,0.6583897667419112,0.0006565086531226486,0.00045100745234848605,0.6471030850263356,0.0006471030850263356,3.091498586869294e-05
2012-11-20,-3.7797250006376947e-05,-0.0012360666254766554,1.200150489089541,0.001200150489089541,-0.0005797673174536735,0.0005419700674472966,-0.020437207701278114,0.9977426636568849,0.0011982693754702784,-0.001237947739095918,-0.0010081517446869877,-0.0012347758784170344,0.002327052005851116,3.180369537585979e-05,-0.0017470293677307451,0.5944319036869827,0.0005925507900677201,-0.0011723181075213936,0.6057185854025583,0.0006057185854025583,-6.374851795526177e-05
2012-11-21,-0.0015711083485856283,-0.0027674966104366443,1.1963882618510158,0.001196388261851016,-0.0011524865966777186,-0.00041862175190790973,-0.0576242304527298,0.9977426636568849,0.001196388261851016,-0.0027674966104366443,0.001767221815059239,-0.0010457518155261337,0.0024105925262509205,-0.0034638226340388744,-0.0017489286833286136,0.6282919488337095,0.0006282919488337096,-0.0017807785455114284,0.5680963130173062,0.0005680963130173062,-0.000986718064925216
2012-11-22,0.001707289094067718,0.0005447608773634292,1.162528216704289,0.001162528216704289,-0.0013452090039722253,0.0030524980980399436,0.08686989294762879,0.9977426636568849,0.001162528216704289,0.0005447608773634291,-0.0059495349546184115,-0.006405576897681326,-0.008111544486484991,-0.000804345202826526,-0.003624354347560265,0.5756207674943566,0.0005756207674943567,-0.001920829771466582,0.5869074492099323,0.0005869074492099323,0.0024655906488300116
2012-11-26,0.0019115354678994273,0.0007753428418648148,1.1361926260346125,0.0011361926260346127,0.00027317666996548205,0.0016383587979339452,0.09498107282503208,0.9977426636568849,0.0011361926260346124,0.0007753428418648147,-0.003510227126396935,-0.0027969444145798964,-0.003005437566181129,-0.0019443151041175176,0.0017661580438869343,0.5643340857787811,0.0005643340857787811,-0.00029115741581329905,0.5718585402558315,0.0005718585402558315,0.0010665002576781138
2012-11-27,0.0019298279873406299,0.0008105653838793808,1.1211437170805116,0.0011211437170805117,0.0037571279283290402,-0.0018272999409884106,0.0952826346722054,0.9977426636568849,0.001119262603461249,0.0008086842702601182,0.002554639228656767,0.005871214385551529,0.004253037256566523,0.00662114376801381,0.007947351433227542,0.5568096313017307,0.0005549285176824681,0.003202199410646572,0.5643340857787811,0.0005643340857787811,-0.002391634026767192
2012-11-28,0.00018835982831422648,-0.001051294046779829,1.2415349887133182,0.0012415349887133183,0.0006642577104039395,-0.0004758978820897129,-0.0037932172348015434,0.9977426636568849,0.0012396538750940557,-0.001053175160399092,0.0005942120171608545,0.0016729269893665827,0.002903434227799464,0.0005471709457249629,0.0017163793627677662,0.6245297215951844,0.0006226486079759217,4.160910242801774e-05,0.617005267118134,0.0006170052671181339,-0.0010929031492078467
2012-11-29,-0.002172238096995042,-0.003391199722277209,1.2189616252821671,0.0012189616252821671,-0.0008036669986335937,-0.0013685710983614486,-0.06467118884365693,0.9977426636568849,0.001218961625282167,-0.0033911997222772095,0.0009231178802140455,0.006400197877395977,0.004687136035025939,-0.0014853048236366773,-0.0016742014427934128,0.63581640331076,0.00063581640331076,-0.0014394834019443538,0.5831452219714071,0.000583145221971407,-0.0019517163203328558
2012-11-30,-0.001443552609007203,-0.0024932140085557357,1.0496613995485327,0.0010496613995485328,-0.003232557311672971,0.0017890047026657679,-0.11826289814415088,0.9977426636568849,0.0010496613995485326,-0.0024932140085557357,-0.0038195348915228506,-0.003081337377796076,-0.0029119570085578946,-0.008200857181594117,-0.005645802764531815,0.545522949586155,0.000545522949586155,-0.003778080261259126,0.5041384499623778,0.0005041384499623778,0.00128486625270339
2012-12-03,0.0001082702996567924,-0.001108810212006112,1.2189616252821671,0.0012189616252821671,0.0006940784367496273,-0.0005858081370928349,-0.0005588621974228136,0.9977426636568849,0.0012170805116629045,-0.0011106913256253748,0.0011834510441419619,0.0011450149979691125,0.0009328963404917273,-0.0012054384648506927,0.002668824055522263,0.6019563581640331,0.0006000752445447705,9.40031922048568e-05,0.617005267118134,0.0006170052671181339,-0.0012028134042109688
2012-12-04,-0.0012610804319670777,-0.0024555875801988308,1.1963882618510158,0.001196388261851016,0.0015135612302938888,-0.0027746416622609666,-0.09996671007350674,0.9977426636568849,0.001194507148231753,-0.0024574686938180937,0.005430466491719722,0.00577700536513431,0.008358478731370338,0.0037141419425957057,0.002704937084373061,0.5680963130173062,0.0005662151993980437,0.0009473460308958452,0.6282919488337095,0.0006282919488337096,-0.003402933611094676
2012-12-05,-0.00019398036239576163,-0.0012398795347057694,1.0458991723100075,0.0010458991723100075,-0.0006732495149915369,0.0004792691525957752,0.023353463628896603,0.9977426636568849,0.0010458991723100077,-0.0012398795347057692,0.0001388681854677504,-0.003176113846967883,-0.004146908809740745,-0.0001662747673328379,-0.0019294018955704727,0.5116629044394282,0.0005116629044394282,-0.001184912419430965,0.5342362678705794,0.0005342362678705794,-5.4967115274804246e-05
2012-12-06,0.0002928212132911831,-0.0007192179138720976,1.0120391271632807,0.0010120391271632807,0.0018842232530700035,-0.0015914020397788204,0.016645171699518495,0.9977426636568849,0.0010120391271632807,-0.0007192179138720976,0.0021516581393917883,0.005261297449257757,0.0026386241770353443,0.007307568649225108,0.0020555876901653335,0.5191873589164786,0.0005191873589164786,0.0013650358941535248,0.4928517682468021,0.0004928517682468021,-0.0020842538080256224
2012-12-07,-0.0009339498002431421,-0.0020061845632228263,1.072234762979684,0.001072234762979684,-0.003406823744409312,0.00247287394416617,0.006609415775339481,0.9977426636568849,0.0010722347629796842,-0.0020061845632228263,-0.005586626521582198,-0.003638184862239827,-0.0002662730788306842,-0.0091692885744151,-0.005692917958167846,0.5342362678705794,0.0005342362678705794,-0.003941060012279892,0.5379984951091046,0.0005379984951091046,0.0019348754490570656
2012-12-10,0.0001228265482263547,-0.000923072624083653,1.0458991723100075,0.0010458991723100075,0.0026665779695168356,-0.0025437514212904807,0.014120112361666319,0.9977426636568849,0.0010458991723100077,-0.0009230726240836529,0.0061149567577867235,0.0029976812803634415,0.006994879285216113,0.0045864792285890375,0.005722073908471368,0.5154251316779533,0.0005154251316779534,0.0021511528378388824,0.5304740406320542,0.0005304740406320542,-0.003074225461922535
2012-12-11,-0.0015634404184451042,-0.002345983684058347,0.782543265613243,0.0007825432656132431,-0.0008318351914385706,-0.0007316052270065337,-0.08063534495235844,0.9977426636568849,0.0007825432656132429,-0.0023459836840583476,0.0027299630865759194,-0.0011024101219754589,0.005262104459292814,0.0012513218838843467,-0.0030958909644195638,0.3799849510910459,0.0003799849510910459,-0.0012118201425296165,0.40255831452219715,0.00040255831452219715,-0.0011341635415287308
2012-12-12,-0.001509556940286517,-0.002260121274372296,0.7524454477050414,0.0007524454477050415,-0.006605153690672996,0.0050955967503864795,-0.06919739592312008,0.9977426636568849,0.000750564334085779,-0.0022620023879915585,-0.010884794124900551,-0.00876506679855857,-0.0019197159000075162,-0.011803139220799936,-0.01404899687801915,0.3799849510910459,0.0003781038374717833,-0.006983257528144779,0.3724604966139955,0.0003724604966139955,0.004723136253772484
2012-12-13,0.0005260293153215411,-0.0003938352444978719,0.9217456734386757,0.0009217456734386758,0.004982487862255782,-0.004456458546934241,0.07219703300663902,0.9977426636568849,0.0009198645598194131,-0.00039571635811713464,0.0096116128794396,0.007479389443295384,0.009447683524973813,0.012450189422422257,0.008795079032721559,0.46275395033860045,0.0004608728367193379,0.004521615025536444,0.45899172310007524,0.00045899172310007527,-0.004915450270034316
2012-12-14,-0.0007153837428468901,-0.0019437509362253702,1.2302483069977426,0.0012302483069977427,-0.003593487952596805,0.0028781042097499147,0.0560673653034751,0.9977426636568849,0.00122836719337848,-0.0019456320498446329,-0.004932607477916268,-0.007409046214022262,-0.0039977416832396575,-0.002996864591509552,-0.009250416357009107,0.673438675696012,0.0006715575620767494,-0.004265045514673554,0.5568096313017307,0.0005568096313017306,0.002321294578448184
2012-12-17,-0.0014563166696140556,-0.0025774603866945676,1.1211437170805116,0.0011211437170805117,0.000279831691315116,-0.0017361483609291718,-0.051177338447099624,0.9977426636568849,0.001121143717080512,-0.002577460386694567,0.004239098580201245,0.0019133741067514332,-0.006667644732317652,0.0015215958954999844,8.347240617481483e-05,0.5756207674943566,0.0005756207674943567,-0.0002957890761792407,0.545522949586155,0.000545522949586155,-0.002281671310515327
2012-12-18,0.0007594850289456846,-0.00047264439167132074,1.234010534236268,0.0012340105342362679,-0.003826797610249017,0.004586282639194702,0.011187041234274574,0.9977426636568849,0.0012321294206170054,-0.0004745255052905833,-0.012018508553473,-0.0033951514599739707,-0.007712042879520078,-0.0072248510720827955,-0.007897548125489743,0.63581640331076,0.0006339352896914974,-0.004460732899940515,0.5981941309255079,0.0005981941309255079,0.003988088508269194
2012-12-19,-0.0001452012487336262,-0.0013184357134466463,1.1732387014554058,0.0011732387014554058,0.0016740943096069864,-0.0018192955583406127,-0.05439321066158709,0.9954954954954955,0.0011732344647130202,-0.0013184399501890319,0.004407443509759178,0.002076356502772414,0.0012926618013269387,-0.0014304304603993839,0.005718176003785103,0.5734896860743361,0.0005734854493319504,0.001100608860275036,0.5997490153810695,0.0005997490153810696,-0.0024190445737216825
2012-12-20,0.0013453255459037604,0.00018729251287072756,1.15990990990991,0.00115990990990991,0.0023771445689414446,-0.001031819023037684,0.06681714185934835,0.9954954954954955,0.0011580330330330328,0.00018541563599385044,0.0018013557022400334,0.002574290567143281,0.0030733045927953517,0.003346362175460461,0.005442226925370902,0.6193693693693694,0.0006174924924924925,0.0017596520764489522,0.5405405405405406,0.0005405405405405405,-0.0015723595635782246
2012-12-21,0.0012036827589222252,-5.025949786483427e-06,1.2087087087087087,0.0012087087087087087,-0.0010995825592888288,0.002303265318211054,0.043568530033996584,0.9954954954954955,0.0012087087087087087,-5.025949786483484e-06,-0.0037296926226447376,-0.006329151401259395,-0.0043878194549036844,-0.005152897061098521,-0.0007148862311871887,0.6268768768768769,0.0006268768768768768,-0.0017264594361657056,0.5818318318318318,0.0005818318318318318,0.0017214334863792221
2012-12-25,-0.00014788694958902567,-0.0013528419045439805,1.204954954954955,0.001204954954954955,0.001910160324679818,-0.0020580472742688437,-0.015174606046620766,0.9954954954954955,0.0012049549549549548,-0.0013528419045439808,0.00345186967925086,0.005416795335098728,0.0049399425176475005,0.0014160203434982449,0.005009593316955411,0.6043543543543544,0.0006043543543543543,0.0013058059703254636,0.6006006006006006,0.0006006006006006006,-0.0026586478748694443
2012-12-26,0.0007960680916434075,-0.00048208506150974537,1.2837837837837838,0.0012837837837837837,-0.0018546242709209396,0.002650692362564347,0.04310534771296954,0.9954954954954955,0.001278153153153153,-0.00048771569214037616,-0.006698846480173789,-0.002470721542734264,-0.004658035795964652,-0.002736525691065361,-0.004246190629164346,0.6493993993993994,0.0006437687687687688,-0.0024983930396897083,0.6343843843843844,0.0006343843843843843,0.0020163079781799625
2012-12-27,0.00130712203220705,0.0005019418520268698,0.807057057057057,0.000807057057057057,0.002908716269380647,-0.001601594237173597,0.03672946865844792,0.9954954954954955,0.0008051801801801801,0.0005000649751499929,0.0019455840881565554,0.005696802717687929,0.003937360509840545,0.006418669416311279,0.005569324657904088,0.38288288288288286,0.000381006006006006,0.002527710263374641,0.4241741741741742,0.00042417417417417414,-0.0020257684113477712
2012-12-28,0.0005570343378235607,-0.00038328097749175437,0.9421921921921922,0.0009421921921921922,-0.003238105181460598,0.003795139519284159,0.016622380850239038,0.9954954954954955,0.000940315315315315,-0.0003851578543686315,-0.008196106042484129,-0.006327454610251965,-0.01081858322593045,-0.007422164185846083,-0.006023101080492985,0.5518018018018018,0.0005499249249249249,-0.003788030106385523,0.39039039039039036,0.0003903903903903904,0.0034047491288937684
2013-01-04,0.0009399113019675269,-3.0349689360880083e-05,0.9721378682052839,0.000972137868205284,-0.0006450939895944999,0.0015850052915620267,0.042209556161412295,0.9932584269662922,0.000970260991328407,-3.2226566237757094e-05,-0.006189110216288014,0.0028681886832038687,-0.0033131310993145748,-0.002124671349846434,-0.00089681900565631,0.5104050679893376,0.0005085281911124608,-0.0011536221807069607,0.46173280021594626,0.00046173280021594626,0.0011232724913460804
2013-01-07,7.143417128930923e-05,-0.001063397289384848,1.1385767790262173,0.0011385767790262173,0.00037664917933769737,-0.0003052150080483882,0.011932329799431493,0.9932584269662922,0.001134831460674157,-0.0010671426077369082,0.0009058335383519002,1.9622971586528512e-05,-0.00028924841422685917,0.0006698167111894392,0.0007950391824183724,0.5730337078651686,0.0005692883895131087,-0.0001926392101754113,0.5655430711610487,0.0005655430711610488,-0.000870758079209437
2013-01-08,-0.0014748813087685521,-0.0027520348668209865,1.2808988764044946,0.0012808988764044945,-9.059675972471972e-05,-0.0013842845490438325,-0.0715315124139602,0.9932584269662922,0.0012771535580524344,-0.0027557801851730464,0.004170753937815234,-3.580058136747375e-05,-0.00107542621075079,-0.002591433187328155,0.0009948090876660063,0.6441947565543072,0.0006404494382022472,-0.000731046197926967,0.6367041198501874,0.0006367041198501874,-0.0020209886688940196
2013-01-09,0.0004218244961964195,-0.0007354788745900973,1.157303370786517,0.001157303370786517,0.002088535203124526,-0.0016667107069281068,0.04425183860660083,0.9932584269662922,0.0011573033707865169,-0.0007354788745900975,0.003188186675677289,0.003623890890214062,0.006067685917630633,0.005649551815015768,0.0035043078121467703,0.5842696629213484,0.0005842696629213483,0.0015042655402031778,0.5730337078651686,0.0005730337078651686,-0.0022397444147932754
2013-01-10,-0.0009017024433323725,-0.0020065713571900505,1.104868913857678,0.001104868913857678,-0.000883514208118367,-1.818823521400557e-05,-0.06959734753425594,0.9932584269662922,0.001104868913857678,-0.0020065713571900505,0.0005855891379683123,-0.0010620488646525916,0.001923866761290056,-0.00023499322364758455,-0.0025356863858307195,0.5393258426966293,0.0005393258426966293,-0.0014228400508149962,0.5655430711610487,0.0005655430711610488,-0.0005837313063750543
2013-01-11,-0.0007649934436944199,-0.0018848436309603376,1.1198501872659177,0.0011198501872659178,-0.0012430464190771862,0.0004780529753827662,-0.009398237503023436,0.9932584269662922,0.0011198501872659175,-0.0018848436309603376,0.00029090917656623044,-0.0034501362054290582,-0.007929741539806896,-0.0032982076531698655,-0.00211709394360359,0.5880149812734083,0.0005880149812734083,-0.0018310614003505944,0.5318352059925094,0.0005318352059925094,-5.378223060974321e-05
2013-01-15,-1.8262938175012763e-05,-0.001096914623568271,1.0786516853932586,0.0010786516853932586,0.002693348715940625,-0.0027116116541156376,-0.0003622216380909023,0.9932584269662922,0.0010786516853932583,-0.0010969146235682713,0.004846564219070845,0.006576541486552134,0.006342314339406584,0.00474311688483375,0.005761781153549197,0.5580524344569289,0.0005580524344569289,0.002135296281483696,0.5205992509363296,0.0005205992509363296,-0.003232210905051967
2013-01-16,-0.0015363488462740704,-0.0025850379848508494,1.0486891385767791,0.0010486891385767792,-0.0003382042263356825,-0.001198144619938388,-0.08316651890830998,0.9932584269662922,0.001048689138576779,-0.0025850379848508494,0.004346049393264596,-0.0015032310668988648,0.004243880510585976,-0.0006759421829110666,-0.0006842364435392788,0.5468164794007492,0.0005468164794007491,-0.0008850207057364316,0.5018726591760301,0.00050187265917603,-0.001700017279114418
2013-01-17,-0.0021084429706030865,-0.0031458961541236856,1.0374531835205993,0.0010374531835205994,-0.004269111835688867,0.00216066886508578,-0.11989480633371598,0.9932584269662922,0.0010374531835205991,-0.0031458961541236856,-0.004856077473687775,-0.0032518582431391293,-0.004189542916295018,-0.007930457580457202,-0.008931212981786956,0.5280898876404495,0.0005280898876404495,-0.004797201723329317,0.5093632958801498,0.0005093632958801499,0.0016513055692056302
2013-01-18,-0.0014027811191907715,-0.0025039047146963892,1.1011235955056182,0.0011011235955056182,-0.0003500241825490911,-0.0010527569366416804,-0.07982168383936314,0.9932584269662922,0.0011011235955056178,-0.0025039047146963897,0.0033165646105616235,-0.0003165876012731652,0.006025586250678914,0.0007211606276568505,-0.0014025499330750596,0.5243445692883896,0.0005243445692883896,-0.0008743687518374807,0.5767790262172285,0.0005767790262172285,-0.001629535962858909
2013-01-21,-0.0005505505526879135,-0.0016516741481935316,1.1011235955056182,0.0011011235955056182,-0.002652079399557292,0.0021015288468693785,-0.03489827950628072,0.9932584269662922,0.0011011235955056182,-0.0016516741481935318,-0.003790914015227587,-0.005027345050761097,-0.003876292251291412,-0.004645931047571733,-0.005685474147330635,0.5655430711610487,0.0005655430711610488,-0.003217622470718341,0.5355805243445694,0.0005355805243445693,0.0015659483225248091
2013-01-22,0.0022157215299887408,0.001148305799651662,1.0674157303370788,0.0010674157303370787,0.0014342164330984847,0.0007815050968902561,0.08640851721831291,0.9932584269662922,0.0010674157303370787,0.001148305799651662,-0.002071206587148836,-0.0005466174070438648,0.005934141276312781,0.004359731889960179,0.0021717691058879504,0.5468164794007492,0.0005468164794007491,0.0008873999536977356,0.5205992509363296,0.0005205992509363296,0.00026090584595392645
2013-01-23,-0.0006164298459145259,-0.0016426470743789452,1.0262172284644195,0.0010262172284644195,0.004965467373920741,-0.005581897219835267,-0.011658144765112156,0.9932584269662922,0.0010262172284644193,-0.0016426470743789454,0.00997130526708572,0.013548772784840155,0.01280046116677732,0.011861384888515954,0.009098983665015659,0.5430711610486892,0.0005430711610486891,0.004422396212872052,0.4831460674157304,0.0004831460674157304,-0.006065043287250997
2013-01-24,-0.0005242464699525878,-0.0014718120130237488,0.9475655430711611,0.0009475655430711612,-0.001636111288689648,0.0011118648187370599,-0.04147858136135162,0.9932584269662922,0.000947565543071161,-0.001471812013023749,-0.0031021969557396374,-0.0004667950009430839,-0.01458291050061285,-0.002334149130538214,-0.0037674856955249845,0.4831460674157304,0.0004831460674157304,-0.002119257356105378,0.4644194756554308,0.0004644194756554308,0.000647445343081629
2013-01-25,-0.0008772022794027519,-0.0018135318674177333,0.9363295880149813,0.0009363295880149814,-0.0036225484912594755,0.002745346211856724,-0.05019344080747423,0.9932584269662922,0.0009363295880149814,-0.0018135318674177333,-0.005720167848375732,-0.0050317415743888795,-0.004855347970093491,-0.00512112847456346,-0.008364622005873814,0.4719101123595506,0.0004719101123595506,-0.004094458603619026,0.4644194756554308,0.0004644194756554308,0.0022809267362012935
2013-01-28,0.002194363574452701,0.0010820040238909037,1.1123595505617978,0.0011123595505617978,0.00017258459512824477,0.0020217789793244567,0.12051710769391973,0.9932584269662922,0.0011123595505617974,0.0010820040238909033,-0.004886726323191991,-0.002357221229562757,-0.005484343537128941,0.00026791349088591644,0.0003868073038843145,0.6067415730337079,0.0006067415730337079,-0.0004341569779054631,0.5056179775280899,0.0005056179775280899,0.0015161610017963667
2013-01-29,-0.00017191145578836,-0.001123222317211581,0.9513108614232211,0.0009513108614232211,5.906875181641275e-05,-0.00023098020760477274,-0.016193801708910688,0.9932584269662922,0.0009513108614232209,-0.0011232223172115811,-0.0013636253836372782,0.004113132012903193,-1.268749265035929e-05,-0.000447511095720722,0.00039593358875093955,0.4906367041198503,0.0004906367041198502,-0.0004315679523034375,0.46067415730337086,0.00046067415730337085,-0.0006916543649081436
2013-01-30,0.0005189508499273997,-0.00048104915007260023,1.0000000000000002,0.0010000000000000002,0.0010622539937487358,-0.000543303143821336,0.04064685433124456,0.9932584269662922,0.001,-0.0004810491500726005,0.0002204848740228201,0.002818849114882375,-0.0014286425867432236,0.004150903571960874,0.0011579495612428583,0.5056179775280899,0.0005056179775280899,0.0005566360162206459,0.49438202247191015,0.0004943820224719102,-0.001037685166293246
2013-01-31,0.0003178507219543715,-0.0006596773679332687,0.9775280898876406,0.0009775280898876406,-0.0006861056812213174,0.0010039564031756889,0.002241077017714535,0.9932584269662922,0.0009775280898876402,-0.0006596773679332691,-0.002402235036836509,-0.0012192683453811151,0.00047407829263269364,-0.00041710531259848814,-0.0018544509639107577,0.4981273408239701,0.0004981273408239701,-0.0011842330220452875,0.4794007490636705,0.00047940074906367046,0.0005245556541120184
2013-02-01,-0.0006583279594851842,-0.0017931594201593415,1.1348314606741574,0.0011348314606741574,-0.0058493003921754935,0.005190972432690309,-0.03233347515078266,0.9932584269662922,0.0011348314606741572,-0.0017931594201593417,-0.0088902958151347,-0.01336524296587245,-0.01045476990981155,-0.01105575090743385,-0.012144247643117797,0.6142322097378278,0.0006142322097378277,-0.006463532601913321,0.5205992509363296,0.0005205992509363296,0.004670373181753979
2013-02-04,-0.0020104647420239193,-0.003070389835656878,1.059925093632959,0.001059925093632959,0.005559317476596845,-0.007569782218620764,-0.07725799123261043,0.9932584269662922,0.0010599250936329588,-0.0030703898356568785,0.017377431831697047,0.010663829648330483,0.012038590560035171,0.0058292016473201315,0.013828848253853162,0.5430711610486892,0.0005430711610486891,0.0050162463155481556,0.5168539325842697,0.0005168539325842697,-0.008086636151205034
2013-02-05,0.0004218670873334541,-0.000469518680456808,0.8913857677902622,0.0008913857677902623,-0.003950377265203753,0.004372244352537207,0.03392549935410872,0.9932584269662922,0.0008913857677902621,-0.00046951868045680824,-0.011633462712133264,-0.0029665406909567095,-0.01240259090647662,-0.008387806817537324,-0.007751473407264363,0.44943820224719105,0.0004494382022471911,-0.004399815467450944,0.44194756554307124,0.0004419475655430712,0.0039302967869941354
2013-02-06,-0.003453912803226848,-0.00436777048112947,0.9138576779026218,0.0009138576779026219,-0.0018075412651087541,-0.0016463715381180935,-0.1356075682573776,0.9932584269662922,0.0009138576779026217,-0.00436777048112947,0.005457897359144129,-0.0010375654895796995,-0.0033451907830508777,-0.0005546462527700066,-0.0051515326493094616,0.4644194756554308,0.0004644194756554308,-0.0022719607407641848,0.44943820224719105,0.0004494382022471911,-0.0020958097403652844
2013-02-07,-0.0022862346867812073,-0.003338669143710046,1.056179775280899,0.001056179775280899,0.0019177191089910447,-0.004203953795772252,-0.09391573958981057,0.9932584269662922,0.0010524344569288386,-0.003342414462062106,0.008639390393461033,0.007944941987711443,0.004392102971763104,0.0041498792373034325,0.0036782177083214177,0.5580524344569289,0.000554307116104869,0.0013634119928861758,0.4981273408239701,0.0004981273408239701,-0.004702081136596222
2013-02-08,-0.0003576573651100799,-0.0015673951928254356,1.2097378277153559,0.001209737827715356,-0.0050326603665644684,0.004675003001454388,-0.007337930455710299,0.9955056179775281,0.0012097378277153557,-0.0015673951928254358,-0.013177836557200482,-0.0016943448943253629,-0.008271721122459651,-0.006082892317919318,-0.012056534940733743,0.6179775280898877,0.0006179775280898877,-0.005650637894654356,0.5917602996254683,0.0005917602996254682,0.0040832427018289204
2013-02-12,0.0031074626398596597,0.0018752529020319444,1.2322097378277155,0.0012322097378277155,0.0015421216614736727,0.001565340978385987,0.13348333471823048,0.9955056179775281,0.0012322097378277153,0.0018752529020319441,-0.0031668942382611412,-0.003058257393793638,-0.0022260442492382836,0.003476575357931689,0.002888077305455173,0.6404494382022473,0.0006404494382022472,0.0009016722232714255,0.5917602996254683,0.0005917602996254682,0.0009735806787605188
2013-02-13,0.0004924681253243609,-0.0007940487286082232,1.2883895131086145,0.0012883895131086144,0.0008888138907646406,-0.0003963457654402795,-0.02015218593362266,0.9955056179775281,0.001286516853932584,-0.0007959213877842535,0.0018113883862739908,-0.0012447021799063054,0.009082488496047392,0.001047914059133759,0.0021483718003626247,0.704119850187266,0.000702247191011236,0.00018656669975340451,0.5842696629213484,0.0005842696629213483,-0.0009806154283616279
2013-02-14,0.0011798928073128735,0.00017240217060875384,1.0074906367041199,0.00100749063670412,0.0031537976731025566,-0.001973904865789683,0.07051146322159468,0.9955056179775281,0.0010074906367041198,0.00017240217060875357,0.0055357570787349,0.0007719150372682954,0.008938293966047717,0.006262398870304189,0.006365375600280879,0.5131086142322098,0.0005131086142322098,0.002640689058870347,0.49438202247191015,0.0004943820224719102,-0.002468286888261593
2013-02-15,-0.00042577145650756686,-0.0014295167748596266,1.0037453183520602,0.00100374531835206,-0.0001730327636308654,-0.0002527386928767015,-0.016781916795195244,0.9955056179775281,0.0010037453183520597,-0.001429516774859627,-0.0015042953840943341,0.0045250229254488765,-0.009900583246827094,-0.0021928018783468227,0.0005649835366047091,0.5205992509363296,0.0005205992509363296,-0.000693632014567195,0.4831460674157304,0.0004831460674157304,-0.0007358847602924319
2013-02-18,0.0003684031755549575,-0.0006653046896135818,1.0337078651685394,0.0010337078651685395,0.0033129523810498116,-0.002944549205494854,0.009723496312262745,0.9955056179775281,0.0010337078651685393,-0.000665304689613582,0.004833620235024201,0.008000054762920723,0.004581617159109174,0.006784691739870863,0.006584627518943614,0.5205992509363296,0.0005205992509363296,0.002792353130113482,0.5131086142322098,0.0005131086142322098,-0.003457657819727064
2013-02-19,0.0010367069228097686,-8.127060528011893e-05,1.1198501872659177,0.0011198501872659178,-0.00020793510823849005,0.0012446420310482586,0.06293639788527586,0.9955056179775281,0.0011179775280898874,-8.314326445614919e-05,-0.002132079452444655,-0.0032036932814002413,-0.008795313342069845,-0.0029205632907818354,0.0008036610028014944,0.5842696629213484,0.0005823970037453184,-0.0007903321119838084,0.5355805243445694,0.0005355805243445693,0.0007090615067036893
2013-02-20,-0.0005366935333985341,-0.0014262066420127663,0.8913857677902622,0.0008913857677902623,0.0020486068266095843,-0.0025853003600081184,-0.04907739624244736,0.9955056179775281,0.0008895131086142322,-0.0014280793011887964,0.005192600217204693,0.005126601725639323,0.0035233923203731614,0.0010465523925625468,0.005628423791370863,0.4569288389513109,0.00045505617977528094,0.0015935506468343034,0.4344569288389514,0.00043445692883895134,-0.0030197572888470696
2013-02-21,-0.0005043740731111893,-0.00146692088959059,0.9625468164794009,0.0009625468164794009,0.004090292305070334,-0.004594666378181523,-0.030221584464048944,0.9955056179775281,0.0009625468164794007,-0.0014669208895905902,0.010083728771195295,0.007400540726698549,0.010495502110855506,0.01018810968152657,0.007234058645692246,0.4794007490636705,0.00047940074906367046,0.0036108915560066636,0.4831460674157304,0.0004831460674157304,-0.005077812445597254
2013-02-22,-3.965024387704418e-05,-0.001041522903053074,1.0037453183520602,0.00100374531835206,-0.006437335060884669,0.006397684817007625,0.012636335302647878,0.9955056179775281,0.0010018726591760297,-0.0010433955622291043,-0.013647071591244998,-0.01109196571955575,-0.013885539931598986,-0.013047139038267975,-0.012935032731365724,0.5056179775280899,0.00050374531835206,-0.0069410803792367285,0.4981273408239701,0.0004981273408239701,0.005899557476183655
2013-02-25,-0.00013030662348938293,-0.0011583965111298324,1.0299625468164795,0.0010299625468164796,0.0039593746719557175,-0.0040896812954451,-0.0397014585037424,0.9955056179775281,0.0010280898876404495,-0.0011602691703058625,0.0070938943546820675,0.010350299063306461,0.006609535755472234,0.013093827638702305,0.005404771025946908,0.5318352059925094,0.0005299625468164795,0.003429412125139238,0.4981273408239701,0.0004981273408239701,-0.00458780863626907
2013-02-26,-0.0012336211916781643,-0.002304782240367303,1.0711610486891388,0.0010711610486891388,0.003131211220869021,-0.0043648324125471856,-0.05959566708471237,0.9955056179775281,0.0010711610486891386,-0.0023047822403673033,0.009319519159102573,0.0075499561570779635,0.011716054199362532,0.005364314385580591,0.006741613067488567,0.5617977528089888,0.0005617977528089888,0.002569413468060032,0.5093632958801498,0.0005093632958801499,-0.0048741957084273355
2013-02-27,0.0007350982268464701,-0.00029486431997000897,1.0299625468164795,0.0010299625468164796,-0.0012105982940528964,0.0019456965208993666,0.014123052298593395,0.9955056179775281,0.001029962546816479,-0.0002948643199700095,-0.003536336172150677,-0.004601506781094843,-0.009516636650709608,0.0010187516813292344,-0.004135447398770894,0.5318352059925094,0.0005318352059925094,-0.001742433500045406,0.4981273408239701,0.0004981273408239701,0.0014475691800753965
2013-02-28,0.0012174389549899863,0.00016500449806114754,1.052434456928839,0.001052434456928839,0.0025369907864424097,-0.0013195518314524232,0.03479850850717933,0.9955056179775281,0.0010524344569288388,0.0001650044980611473,0.0029217923519319925,0.002073726284850551,-0.010402726782326475,0.005579611744279402,0.004852512620582354,0.5243445692883896,0.0005243445692883896,0.0020126462171540203,0.5280898876404495,0.0005280898876404495,-0.0018476417190928726
2013-03-01,0.0015335671454978377,0.0004249529132881001,1.1086142322097379,0.001108614232209738,0.0014321442943330681,0.00010142285116476968,0.08038762028935977,0.9955056179775281,0.0011086142322097377,0.0004249529132880998,-0.00027429407545256543,-5.994895608348709e-05,-0.00916555836066067,0.004146948344406817,0.002246256173404822,0.5917602996254683,0.0005917602996254682,0.0008403839947075999,0.5168539325842697,0.0005168539325842697,-0.00041543108141950006
2013-03-04,0.0021315008096510503,0.0010060326448570428,1.1273408239700375,0.0011273408239700377,0.0014656773114327761,0.0006658234982182742,0.10520700163509883,0.9955056179775281,0.0011254681647940076,0.0010041599856810126,-0.00343172828866566,0.002868515588021676,0.007537633764115886,0.005387236960925363,0.0017639442062055942,0.5955056179775282,0.0005936329588014982,0.0008720443526312779,0.5318352059925094,0.0005318352059925094,0.00013398829222576478
2013-03-05,-0.0015731483727254977,-0.0024233356386431006,0.8501872659176031,0.0008501872659176031,-0.0011157717827419032,-0.0004573765899835945,-0.036595101991463694,0.9955056179775281,0.0008501872659176029,-0.0024233356386431006,0.0032888403322162835,-0.003833421124531,-0.006139556567220498,-0.0020647547476552643,-0.0023381374659447655,0.44943820224719105,0.0004494382022471911,-0.0015652099849890943,0.400749063670412,0.00040074906367041204,-0.0008581256536540065
2013-03-06,0.002001499389763858,0.001203746580775094,0.7977528089887641,0.0007977528089887642,-0.0005427778378273992,0.0025442772275912568,0.03155039557907703,0.9955056179775281,0.0007977528089887639,0.0012037465807750937,-0.006979763952905963,-0.0013061354597356137,-0.00031724516100742003,-0.00019961367309048674,-0.0015307695271963972,0.4082397003745319,0.0004082397003745319,-0.0009510175382019311,0.3895131086142323,0.00038951310861423227,0.0021547641189770244
2013-03-07,0.0016638056172922108,0.0007443299618614994,0.9213483146067417,0.0009213483146067417,0.0013627072822414408,0.0003010983350507702,0.10768132053485924,0.9955056179775281,0.0009194756554307114,0.0007424573026854691,0.0017510954688943006,-0.005308780948093223,-0.0010100791078259332,0.0015250832430426457,0.0033341481085908784,0.47565543071161054,0.00047378277153558055,0.0008889245107058603,0.4456928838951311,0.00044569288389513116,-0.00014459454884436097
2013-03-08,0.0012708269474722607,0.00031577076769697993,0.955056179775281,0.0009550561797752811,-0.003299921109953854,0.0045707480574261146,0.027499226344001274,0.9955056179775281,0.0009550561797752807,0.0003157707676969796,-0.008173734341752437,-0.011077019661051811,-0.011008469411687814,-0.00036049126005718304,-0.009721542931631045,0.5018726591760301,0.00050187265917603,-0.0038017937691298843,0.453183520599251,0.000453183520599251,0.004117564536826863
2013-03-11,0.0008667199463319728,-0.0003074373570388137,1.1760299625468167,0.0011760299625468167,-0.0010148974817899867,0.0018816174281219595,-0.011320222912308957,0.9955056179775281,0.0011741573033707865,-0.00030931001621484384,-0.004164890352049801,-0.0029599238646321542,-0.0021916111073581753,-0.0003376192789806333,-0.002875882805879643,0.6104868913857678,0.0006086142322097379,-0.0016235117139997246,0.5655430711610487,0.0005655430711610488,0.0013160743569609107
2013-03-12,-0.0002702140499396408,-0.0015848207915126747,1.3146067415730338,0.001314606741573034,0.0016513881749317149,-0.0019216022248713558,0.00915550444165502,0.9955056179775281,0.0013146067415730337,-0.0015848207915126747,0.00425604507341363,0.003017523202400873,0.003541117938934049,0.002388361594637696,0.0037599837274762964,0.6853932584269664,0.0006853932584269663,0.0009659949165047486,0.6292134831460675,0.0006292134831460675,-0.0025508157080174234
2013-03-13,-0.0011102568075845158,-0.002336848567884141,1.2284644194756555,0.0012284644194756557,-3.320208683694559e-05,-0.0010770547207475704,-0.0324909293837723,0.9955056179775281,0.0012265917602996253,-0.002338721227060171,0.002678018358330198,0.001106291607825026,0.0006988052216665656,0.0013499094545660168,-0.0007669772268131371,0.6179775280898877,0.0006161048689138578,-0.0006493069557508034,0.6104868913857678,0.0006104868913857679,-0.0016875416121333382
2013-03-14,-0.0006613357630928689,-0.0018486016806958652,1.1872659176029965,0.0011872659176029965,-0.00016485225451297255,-0.0004964835085798965,-0.04122447728874498,0.9955056179775281,0.0011872659176029963,-0.0018486016806958654,0.0010199439928343238,0.0009390130658107311,-0.00610587385408437,0.0054980952871736405,-0.003212716231355099,0.5655430711610487,0.0005655430711610488,-0.0007303953256740214,0.6217228464419476,0.0006217228464419477,-0.0011182063550218442
2013-03-15,6.530753413534835e-05,-0.0009384377842167115,1.0037453183520602,0.00100374531835206,0.004284606579301882,-0.004219299045166534,0.018174773652133897,0.9955056179775281,0.0010037453183520599,-0.0009384377842167117,0.009920921091126461,0.0054739520887462775,0.009122049385108627,0.006083576996448986,0.009846208638537609,0.5093632958801498,0.0005093632958801499,0.0037752432834217324,0.49438202247191015,0.0004943820224719102,-0.004713681067638444
2013-03-18,-0.0011681554860645492,-0.0023086049242667965,1.1423220973782773,0.0011423220973782774,0.00026976801814484775,-0.001437923504209397,-0.03815870148362513,0.9955056179775281,0.0011404494382022473,-0.0023104775834428266,0.004347083651995058,-6.662627873373501e-05,-0.00298452163418026,0.0007515103446000417,0.0004335488821345223,0.5805243445692885,0.0005786516853932584,-0.0003088836672484107,0.5617977528089888,0.0005617977528089888,-0.0019997212570183856
2013-03-19,-8.613079469272867e-05,-0.0013089772366402944,1.2247191011235956,0.0012247191011235956,-0.00019682190200483055,0.00011069110731210172,0.007236340658196986,0.9955056179775281,0.0012228464419475657,-0.0013108498958163243,-0.001292395538227734,0.0019206444325828578,-0.0058308351912985034,0.002054968169136594,-0.0016064050255876385,0.6367041198501874,0.0006348314606741573,-0.0008316533626789879,0.5880149812734083,0.0005880149812734083,-0.00047732387396130663
2013-03-21,0.0015162593189421707,0.0005499671841107101,0.9662921348314608,0.0009662921348314608,0.0034365491460151107,-0.00192028982707294,0.10661448963135327,0.9955056179775281,0.0009662921348314606,0.0005499671841107099,0.004634638302654082,0.0022524623571294746,0.00355457688833061,0.008380381798030459,0.006166537335648251,0.49438202247191015,0.0004943820224719102,0.0029421671235432007,0.4719101123595506,0.0004719101123595506,-0.002392199939432491
2013-03-22,-0.0003388627321589095,-0.0013987878257918681,1.059925093632959,0.001059925093632959,-0.00279300448505999,0.002454141752901081,-0.005170175333500257,0.9955056179775281,0.0010599250936329586,-0.0013987878257918686,-0.007712722756242352,0.0007005949950782213,-0.009847723905536043,-0.004237227166645598,-0.006284204518860797,0.5430711610486892,0.0005430711610486891,-0.003336075646108679,0.5168539325842697,0.0005168539325842697,0.0019372878203168112
2013-03-25,-0.001774399615765872,-0.002916721713144149,1.1423220973782773,0.0011423220973782774,-0.0029454086776585396,0.0011710090618926674,-0.0882339138214852,0.9955056179775281,0.001142322097378277,-0.0029167217131441494,-0.003044388499882956,-0.0009372773715900905,-0.005690247921118171,-0.005549704735098587,-0.006092551781915641,0.5917602996254683,0.0005917602996254682,-0.003537168977284008,0.5505617977528091,0.0005505617977528091,0.0006204472641398583
2013-03-26,0.0021255980389887114,0.0011255980389887118,1.0000000000000002,0.0010000000000000002,0.0012203975008856542,0.0009052005381030574,0.0980688000340105,0.9955056179775281,0.0009999999999999996,0.0011255980389887111,-0.0017003694541395842,-0.0020304643203391754,-0.004284272756678999,0.0015468252110889939,0.002896469926388246,0.5205992509363296,0.0005205992509363296,0.0006997982499493245,0.4794007490636705,0.00047940074906367046,0.000425799789039387
2013-03-27,0.0010323076891448212,0.00015028521723470885,0.8838951310861425,0.0008838951310861425,0.0018350325175693293,-0.0008027248284245081,0.04933399329893819,0.9955056179775281,0.0008820224719101123,0.0001484125580586787,0.001562000477363247,0.0016923480158205536,0.001481843790957355,0.0043377642577600165,0.0033849543480724735,0.4382022471910113,0.00043632958801498133,0.001398702929554348,0.4456928838951311,0.00044569288389513116,-0.0012484177123196394
2013-03-28,0.0009595946569566769,1.0156454709485989e-05,0.9513108614232211,0.0009513108614232211,0.000531404750904376,0.00042818990605230094,0.03960925472012977,0.9955056179775281,0.0009494382022471909,8.28379553345583e-06,-0.0007467824160592314,-0.0010755746041953426,0.0034990826154408673,0.004234939289910491,-0.0004994635984785752,0.4456928838951311,0.00044382022471910117,8.75845261852748e-05,0.5056179775280899,0.0005056179775280899,-7.742807147578898e-05
2013-03-29,0.0031218674268354498,0.0021780472021163486,0.9438202247191012,0.0009438202247191012,-0.0001690527500049183,0.003290920176840368,0.0928331986624378,0.9955056179775281,0.0009438202247191011,0.0021780472021163486,-0.006360233954219045,-0.007025053152604115,0.0037467374014636327,-0.005374641851616032,0.002149968058649351,0.5056179775280899,0.0005056179775280899,-0.0006746707275330083,0.4382022471910113,0.00043820224719101126,0.002852717929649357
2013-04-01,0.003415477850343602,0.002473530284800531,0.9438202247191012,0.0009438202247191012,0.0022699815475965197,0.0011454963027470824,0.1090206219007175,0.9955056179775281,0.000941947565543071,0.002471657625624501,-0.0032603630982001846,-0.00035225162008212333,-0.0053740899667267476,0.011311563721561278,0.0012812590035994956,0.4831460674157304,0.00048127340823970045,0.0017887081393568192,0.46067415730337086,0.00046067415730337085,0.0006848221454437115
2013-04-02,-0.002712270203961997,-0.0036017833125762296,0.8913857677902622,0.0008913857677902623,-0.003510587719120014,0.0007983175151580167,-0.0656292176674596,0.9955056179775281,0.0008895131086142324,-0.0036036559717522593,-0.0016713585164677839,-0.0014471880580125324,-0.013673790621638366,-0.010563841675172665,-0.005309189744915127,0.453183520599251,0.000451310861423221,-0.003961898580543235,0.4382022471910113,0.00043820224719101126,0.00036011526796700545
2013-04-03,-0.00010158900093509858,-0.001305112623312956,1.2053962815538874,0.0012053962815538875,-0.0008117579535023811,0.0007101689525672824,0.035661883756426316,0.9932735426008968,0.0012035236223778573,-0.001306985282488986,-0.003270760723313524,0.0023444326604766816,-0.005115202564516825,-0.0001111656723195225,-0.002385163549876611,0.5877420600930452,0.0005858694009170152,-0.0013976273544193964,0.6176542214608421,0.0006176542214608422,9.251473110644017e-05
2013-04-04,-0.002013553113509195,-0.003411161484211736,1.4013452914798208,0.0014013452914798208,-0.0004607397422962978,-0.0015528133712128973,-0.04472766894756006,0.9932735426008968,0.001397608370702541,-0.003414898404989016,0.004911211280957466,-0.0006017308443091062,-0.0017525948344783847,0.003455035611289156,-0.0030934328307327206,0.680119581464873,0.0006782511210762333,-0.0011389908633725311,0.7212257100149477,0.000719357249626308,-0.002272170620839205
2013-04-05,-0.0021622582557101295,-0.003399179032989651,1.2406576980568014,0.0012406576980568014,-0.0016734093255453353,-0.0004888489301647943,-0.021213633682097367,0.9932735426008968,0.0012369207772795214,-0.003402915953766931,0.0026292260719631673,-0.002377851073361487,-0.003068521749842219,-0.0038070427564257992,-0.003127988009606558,0.6203288490284007,0.0006184603886397609,-0.0022918697141850962,0.6203288490284007,0.0006184603886397609,-0.0011073093188045551
2013-04-08,0.0014815897405300476,0.00022972128014140801,1.2518684603886399,0.00125186846038864,-0.0002903929723756987,0.0017719827129057464,0.05931753740809643,0.9932735426008968,0.0012518684603886397,0.0002297212801414077,-0.006314451493494363,0.0021150125941778635,0.0017342135441531588,0.004479723487701743,-0.003112998366409714,0.5979073243647235,0.0005979073243647235,-0.0008883002967404222,0.6539611360239164,0.0006539611360239164,0.00111802157688183
2013-04-09,0.0021461242567449943,0.0009316250041291499,1.2144992526158447,0.0012144992526158447,0.0008205996096058993,0.0013255246471390951,0.08318106366174352,0.9932735426008968,0.0012144992526158444,0.0009316250041291497,-0.005113510218895104,0.002370910654519945,-0.0006815769160053471,-0.0009541249885157354,0.0029443934552751557,0.6053811659192826,0.0006053811659192825,0.00021521844368661673,0.6091180866965621,0.0006091180866965621,0.000716406560442533
2013-04-10,0.001272212559252049,0.00012310942023859627,1.1509715994020928,0.0011509715994020928,-0.004610609310598511,0.00588282186985056,0.03741485988199572,0.9932735426008968,0.0011491031390134527,0.00012124095984995613,-0.014061183652884,-0.007016740991192041,-0.005731983125571067,-0.00814226217765193,-0.009791779602366862,0.5568011958146488,0.0005568011958146488,-0.00516741050641316,0.594170403587444,0.0005923019431988043,0.005290519926651756
2013-04-11,-0.0009422935304294697,-0.002139976639547556,1.1995515695067265,0.0011995515695067266,-0.0022254165029831426,0.0012831229725536728,0.04265639652706443,0.9932735426008968,0.0011976831091180863,-0.0021418450999361963,-0.002516759165844915,-0.0026259636523442804,-0.0037029362923841256,-0.00548147903150023,-0.003950512801084592,0.6203288490284007,0.0006203288490284007,-0.0028457453520115434,0.5792227204783259,0.0005773542600896862,0.0007057687124639866
2013-04-12,0.0006967823630276456,-0.00042242540976757115,1.1210762331838566,0.0011210762331838567,0.001226135262640586,-0.0005293528996129405,0.0938834660120014,0.9932735426008968,0.0011192077727952168,-0.00042429387015621115,0.0006179763396037238,0.0019553855766383577,0.0013415259293862686,0.0017413429511843653,0.0028160003927518713,0.5829596412556054,0.0005829596412556054,0.0006431756213849806,0.5381165919282511,0.0005362481315396115,-0.0010656010311525521
2013-04-15,-0.0023138118170555693,-0.0034890734015099786,1.1771300448430495,0.0011771300448430494,0.004638921182332511,-0.00695273299938808,-0.12138365856331598,0.9932735426008968,0.0011752615844544093,-0.0034909418618986185,0.013691807992027471,0.01427928707622222,0.004759283483261934,0.005385295131019731,0.011285644074464175,0.5904334828101645,0.0005885650224215247,0.004050356159910986,0.5866965620328849,0.000586696562032885,-0.007539429561420965
2013-04-16,-0.0002723784070592873,-0.0013486115909157896,1.0762331838565022,0.0010762331838565023,-0.0009759471002477799,0.0007035686931884926,-0.012869329294770804,0.9932735426008968,0.0010762331838565023,-0.0013486115909157896,-0.0028976284263255024,0.0016479903652739665,-0.0027881804236190794,0.0024630714518060486,-0.004152118965233394,0.5455904334828102,0.0005455904334828103,-0.0015215375337305902,0.5306427503736921,0.0005306427503736921,0.0001729259428148005
2013-04-17,0.0012808327694161519,0.00024383725372108492,1.038863976083707,0.0010388639760837072,0.0013252349744964044,-4.440220508025223e-05,0.06052571063857746,0.9932735426008968,0.001036995515695067,0.00024196879333244462,0.0005196640652281452,-0.0007929030861604,0.0049864500405341385,0.003258255604789612,0.0023555112894617985,0.5119581464872945,0.0005100896860986548,0.0008151452883977496,0.5269058295964126,0.0005269058295964127,-0.0005713080346766649
2013-04-18,0.0005297276525548268,-0.0006548762338427813,1.188340807174888,0.001188340807174888,0.004180680638223798,-0.0036509529856689708,0.025196202197928397,0.9932735426008968,0.001184603886397608,-0.0006586131546200613,0.009092067357975287,0.00360702174425547,0.0075194896380837975,0.007005094548757123,0.009146387931660149,0.6053811659192826,0.0006016442451420031,0.0035790363930817944,0.5829596412556054,0.0005829596412556054,-0.004233912626924576
2013-04-19,-0.004449091695361137,-0.005347821142296863,0.9005979073243647,0.0009005979073243649,-0.0024058179152523767,-0.002043273780108761,-0.16008122766853347,0.9932735426008968,0.0008987294469357254,-0.005349689602685502,0.0030819918867042934,0.0061227453125845014,-0.0037988081105315348,-0.005856938243895083,-0.004338107768428677,0.45590433482810166,0.00045403587443946196,-0.0028598537896918387,0.4446935724962631,0.00044469357249626314,-0.002487967352605024
2013-04-22,-0.001060032462149906,-0.0019400773051992334,0.8819133034379671,0.0008819133034379673,0.005248044188365139,-0.006308076650515045,-0.03424114491701798,0.9932735426008968,0.0008800448430493274,-0.0019419457655878733,0.013275567225318016,0.01138237817133758,0.007984173773224613,0.006133388976777496,0.012747275391329228,0.4260089686098655,0.0004260089686098655,0.0048220352197552736,0.45590433482810166,0.00045403587443946196,-0.006762112524954507
2013-04-23,-0.003714976340082776,-0.004566994277302506,0.852017937219731,0.000852017937219731,-0.001344707881099682,-0.0023702684589830933,-0.20369196096191183,0.9932735426008968,0.0008520179372197303,-0.004566994277302507,0.0010665981750874686,0.01212037307957508,-0.00010721834200989763,-0.010236075251705582,0.0010173424954243904,0.45590433482810166,0.0004559043348281017,-0.0018006122159277837,0.39611360239162935,0.00039611360239162933,-0.0027663820613747225
2013-04-24,0.000809179554943899,-0.00011197141665550299,0.9230194319880419,0.000923019431988042,-0.0013859275665418932,0.0021951071214857923,-0.0030521108731173794,0.9932735426008968,0.000921150971599402,-0.00011383987704414295,-0.0073976047033867,0.0017812217635273864,0.0007534635834652598,-0.0016966617026214466,-0.0033283269875423256,0.48579970104633785,0.00048579970104633787,-0.001871727267588231,0.4372197309417041,0.0004353512705530643,0.001759755850932728
2013-04-25,0.0002653515901401477,-0.0006090878717432602,0.8744394618834082,0.0008744394618834082,0.00019084292333850433,7.450866680164355e-05,0.022539684204801718,0.9932735426008968,0.0008744394618834079,-0.0006090878717432606,0.0014180254923025922,-0.0033536548532580247,-0.0019316807709697662,0.003256151993936027,-0.00103596765671687,0.5044843049327354,0.0005044843049327355,-0.0003136413815942311,0.36995515695067266,0.0003699551569506727,-0.00029544649014902916
2013-04-26,-0.0010426217700282017,-0.001976851964348082,0.9342301943198805,0.0009342301943198806,0.0004427797274666563,-0.0014854014974948577,-0.05235836021920207,0.9932735426008968,0.0009342301943198802,-0.0019768519643480822,0.0018977734259247247,0.005152132554463607,-0.0022419217537962047,0.002902706398752938,-0.00010372164578710229,0.48953662182361735,0.0004895366218236174,-4.6756894356961114e-05,0.4446935724962631,0.00044469357249626314,-0.001930095069991121
2013-04-30,-0.0018834703752267407,-0.0027915421241056643,0.9080717488789238,0.0009080717488789239,-0.0009048035184818368,-0.0009786668567449038,-0.06551893200412653,0.9932735426008968,0.0009080717488789236,-0.0027915421241056647,0.002106114912070772,0.0016441115631492449,-0.004045279094027082,0.004178447741270915,-0.004786259799569211,0.4745889387144993,0.0004745889387144993,-0.001379392457196336,0.4334828101644245,0.0004334828101644246,-0.0014121496669093282
2013-05-01,0.0017375912867606568,0.0008482041417681306,0.8893871449925262,0.0008893871449925263,0.005338156919034265,-0.0036005656322736076,0.13611445526197882,0.9932735426008968,0.0008893871449925262,0.0008482041417681305,0.008154532950453477,0.005218259037627374,0.015309478332269826,0.008062556963791797,0.012064475113783484,0.4260089686098655,0.0004260089686098655,0.004912147950424399,0.4633781763826607,0.0004633781763826608,-0.004063943808656268
2013-05-02,-0.00354924409892275,-0.004477868912076711,0.9304932735426009,0.000930493273542601,-0.0016420153638785995,-0.0019072287350441507,-0.08232693639678104,0.9932735426008968,0.0009286248131539611,-0.004479737372465351,0.005880829454567807,-0.00029257105525213743,-0.0027777400228546304,-0.010866295622231001,0.000434985348362369,0.45216741405082217,0.0004521674140508222,-0.002094182777929422,0.4783258594917788,0.00047645739910313906,-0.00238368613414729
2013-05-07,-0.002018368413992111,-0.00257143268902948,0.5530642750373692,0.0005530642750373693,0.00048410714108711894,-0.00250247555507923,-0.045842810216731346,0.9932735426008968,0.000553064275037369,-0.0025714326890294804,0.008803954240756681,-0.0025593139075987133,0.00867608194423239,-0.0021737175710754824,0.0025302319559801596,0.24289985052316893,0.00024289985052316894,0.00024120729056395,0.31016442451420034,0.00031016442451420036,-0.0028126399795934303
2013-05-08,-0.0005585557172773672,-0.0015806035498633164,1.023916292974589,0.0010239162929745892,0.002602147564415956,-0.0031607032816933236,-0.04213726714058675,0.9932735426008968,0.0010220478325859493,-0.0015824720102519565,0.009131234676374946,0.0005452972115315484,0.0041194942860076685,-0.0005274844142960772,0.00808476407265997,0.5306427503736921,0.0005306427503736921,0.002071504814042264,0.4932735426008969,0.0004914050822122572,-0.003652108363905581
2013-05-09,-0.0019067026456227704,-0.0029567773840383157,1.0500747384155458,0.0010500747384155457,-0.004024126170376434,0.0021174235247536635,-0.08038361743049036,0.9932735426008968,0.0010500747384155453,-0.002956777384038316,-0.002389654256585377,-0.007989855730259008,-0.0029269281363667925,-0.006620341105307892,-0.008826529826507713,0.5642750373692078,0.0005642750373692078,-0.004588401207745642,0.48579970104633785,0.00048579970104633787,0.0016316238237073257
2013-05-10,-0.0012189202968332588,-0.002190519698925934,0.9715994020926757,0.0009715994020926757,-0.00479950583562858,0.0035805855387953207,-0.02491903872862577,0.9932735426008968,0.0009715994020926754,-0.0021905196989259346,-0.0035262325169825377,-0.014563721901209076,-0.00463604555099465,-0.011056234641436723,-0.008964870083044855,0.5269058295964126,0.0005269058295964127,-0.005326411665224993,0.4446935724962631,0.00044469357249626314,0.0031358919662990577
2013-05-13,0.0022617654519422855,0.0011238730752606717,1.139760837070254,0.0011397608370702543,0.006333138037428399,-0.004071372585486114,0.05831323392072297,0.9932735426008968,0.0011378923766816138,0.0011220046148720311,0.006194297128046399,0.012091194598907002,0.0019442697617695673,0.013051901901919693,0.012516158473937227,0.6203288490284007,0.0006184603886397609,0.005714677648788639,0.5194319880418535,0.0005194319880418536,-0.004590804573527968
2013-05-14,-0.0025298534322478017,-0.003671482729706695,1.1434977578475338,0.0011434977578475337,-0.00612547967359006,0.0035956262413422584,-0.03087073774897437,0.9932735426008968,0.0011416292974588934,-0.0036733511900953354,-0.007974971656648386,-0.005555503024655308,-0.0018692155461774225,-0.005299701051332384,-0.015797657465101967,0.5979073243647235,0.0005960388639760838,-0.006721518537566144,0.5455904334828102,0.0005455904334828103,0.003050035807859448
2013-05-15,-0.0023988131652552414,-0.0035012047945527,1.102391629297459,0.001102391629297459,-0.0030409054639619756,0.0006420922987067344,-0.09118542033549516,0.9955156950672646,0.0011023916292974586,-0.0035012047945527005,-0.0003691508506358511,-0.0031500073312885333,-0.002959714561599887,-0.005414348978861231,-0.0064664600796216914,0.5530642750373692,0.0005530642750373693,-0.003593969738999345,0.5493273542600897,0.0005493273542600897,9.276494444664465e-05
2013-05-16,-0.0037555062520572987,-0.004945715519620826,1.1920777279521675,0.0011920777279521677,0.006254340000065805,-0.010009846252123105,-0.10650980703990064,0.9955156950672646,0.0011902092675635276,-0.004947583980009466,0.02108660695181371,0.017746368895566106,0.012195525155316739,0.008419681201266177,0.014595343489452411,0.6576980568011959,0.0006558295964125562,0.005598510403653249,0.5343796711509716,0.0005343796711509717,-0.010544225923274076
2013-05-17,0.0009025833220251252,-0.00032125823253391757,1.2257100149476832,0.0012257100149476834,-0.002636850798603184,0.003539434120628309,0.05460738593870711,0.9955156950672646,0.0012238415545590428,-0.00032312669292255817,-0.007299888802469471,-0.006520507381076025,-0.006817494336956398,-0.005728422915238351,-0.005064117460428151,0.6203288490284007,0.0006203288490284007,-0.003257179647631585,0.6053811659192826,0.0006035127055306429,0.0029359214150976665
2013-05-20,0.0030054342997680767,0.0019292011159115746,1.0799701046337817,0.0010799701046337819,0.003465475221850068,-0.00046004092208199116,0.04955884943710545,0.9955156950672646,0.001076233183856502,0.0019254641951342948,-0.00039448703897837094,0.003604790551299869,0.01512137216730668,-0.002545372883492876,0.011678175013941177,0.5343796711509716,0.0005325112107623319,0.002932964011087736,0.5455904334828102,0.0005437219730941705,-0.0010037628951761616
2013-05-21,0.003913261573042441,0.0029229775670633683,0.9902840059790733,0.0009902840059790733,-0.0004557584786741043,0.0043690200517165455,0.10624945588802844,0.9955156950672646,0.0009902840059790728,0.002922977567063368,-0.011415054866574131,-0.0032226097238108116,-0.0022752814636692134,-0.00020414209667734843,-0.0012694237824650225,0.5381165919282511,0.0005381165919282511,-0.0009938750706023555,0.45216741405082217,0.0004521674140508222,0.003916852637665723
2013-05-22,0.0010079720581329386,5.879418070394009e-05,0.9491778774289986,0.0009491778774289986,0.0015164896596482345,-0.0005085176015152959,0.03203731288546263,0.9955156950672646,0.0009491778774289984,5.879418070393991e-05,0.0037845108906968067,-0.004648333409027714,0.004389682977433295,-0.0011524881960956188,0.005129461950000839,0.48579970104633785,0.00048579970104633787,0.0010306899586018966,0.4633781763826607,0.0004633781763826607,-0.0009718957778979566
2013-05-23,0.0035479185662289987,0.0025688453225817644,0.9790732436472348,0.0009790732436472348,-0.002577658683527571,0.00612557724975657,0.13727950183678492,0.9955156950672646,0.0009790732436472343,0.002568845322581764,-0.01535061707813286,-0.005855657613702284,0.00024332920823368147,-0.00728251451013976,-0.004150009272649758,0.5119581464872945,0.0005119581464872946,-0.0030896168300148658,0.46711509715994026,0.0004671150971599403,0.005658462152596629
2013-05-24,0.0008480847098211678,-0.0004355475771743477,1.2855007473841555,0.0012855007473841556,0.002722017338470388,-0.0018739326286492206,0.008470066277291551,0.9977578475336323,0.0012836322869955155,-0.0004374160375629878,0.004681502015318318,0.0018006559561321968,0.00484357337733235,0.0049028398904466,0.005732982748874182,0.680119581464873,0.0006801195814648731,0.002041897757005515,0.6053811659192826,0.0006035127055306429,-0.0024774453341798635
2013-05-27,0.0007452097884228379,-0.0005552386420704354,1.3004484304932737,0.0013004484304932737,0.0033875182594070388,-0.002642308470984201,0.02544751129927731,0.9977578475336323,0.0013004484304932735,-0.0005552386420704358,0.004820234002658885,0.006140689586428597,0.004271700500889611,0.004188578612631845,0.008091102673654005,0.695067264573991,0.0006950672645739911,0.0026924509948330474,0.6053811659192826,0.0006053811659192825,-0.0032476896369034837
2013-05-28,-0.0014161437365399665,-0.0027819882806356315,1.367713004484305,0.001367713004484305,-0.005766196076661446,0.004350052340121479,-0.06094365136537757,0.9977578475336323,0.001365844544095665,-0.002783856741024272,-0.008678789748570497,-0.008704157473753702,-0.016415559724071133,-0.0055550831332539605,-0.014559919895334847,0.6651718983557549,0.0006651718983557549,-0.006431367975017201,0.7025411061285501,0.0007006726457399104,0.003649379694381568
2013-05-29,0.0015443014439949832,0.00037464524070649326,1.1696562032884903,0.0011696562032884905,0.006959516030418088,-0.005415214586423104,0.05656869647397183,0.9977578475336323,0.00116965620328849,0.00037464524070649277,0.01378257662260061,0.004742716529381088,0.018198995452291887,0.013104537451660554,0.01437319745102231,0.5605381165919283,0.0005605381165919284,0.00639897791382616,0.6091180866965621,0.0006091180866965621,-0.006024332673119666
2013-05-30,0.0011075489592874217,6.121114164915593e-05,1.046337817638266,0.0010463378176382662,-0.006217200323132417,0.007324749282419838,0.02806687374632152,0.9977578475336323,0.0010463378176382657,6.121114164915555e-05,-0.01571055681094803,-0.012412563522505131,-0.018810773135071176,-0.0162045075441455,-0.010591260907368087,0.5119581464872945,0.0005119581464872946,-0.006729158469619711,0.5343796711509716,0.0005343796711509717,0.006790369611268866
2013-05-31,0.0008963027477968167,-0.00028830113860079146,1.1846038863976085,0.0011846038863976085,0.005845624389882857,-0.00494932164208604,0.056829066684460444,0.9977578475336323,0.0011846038863976083,-0.0002883011386007918,0.008704862310343984,0.012295474170256037,0.006902950067463442,0.012511830486168829,0.011320366630316173,0.6128550074738416,0.0006128550074738417,0.005232769382409015,0.5717488789237668,0.0005717488789237668,-0.005521070521009807
2013-06-03,0.0018263043451005492,0.0006828065872530157,1.1434977578475336,0.0011434977578475337,-0.0015029744138363736,0.003329278758936923,0.06357200148705162,0.9977578475336323,0.0011434977578475335,0.0006828065872530155,-0.005694303977171279,-0.008600628135138759,-0.004299811083179255,-0.0027722650344802553,-0.0031329231360476646,0.5717488789237668,0.0005717488789237668,-0.0020747232927601405,0.5717488789237668,0.0005717488789237668,0.002757529880013156
2013-06-04,-0.0016708560542175596,-0.0026872985056375894,1.0164424514200299,0.00101644245142003,-0.002144825945031903,0.00047396989081434354,-0.053283701396766345,0.9977578475336323,0.0010164424514200298,-0.0026872985056375894,-0.0023448779208391987,0.0019137425021274904,-0.005839739504611682,-0.0060100997505088335,-0.0034438874605943162,0.515695067264574,0.000515695067264574,-0.002660521012296477,0.5007473841554559,0.000500747384155456,-2.6777493341112446e-05
2013-06-05,-0.00042627083924755933,-0.0015585578347632543,1.1322869955156951,0.0011322869955156952,-0.003623984451252151,0.0031977136120045916,-0.07266848145066515,0.9977578475336323,0.001132286995515695,-0.0015585578347632545,-0.003856612495572795,-0.011559387226610844,-0.008424799356394577,-0.008102535695617584,-0.006845116861798798,0.5866965620328849,0.000586696562032885,-0.004210681013285036,0.5455904334828102,0.0005455904334828103,0.0026521231785217813
2013-06-06,0.000308238235223104,-0.0008539441265108268,1.1621823617339313,0.0011621823617339313,0.010338674118957055,-0.010030435883733951,0.007303302698072688,0.9977578475336323,0.0011621823617339309,-0.0008539441265108273,0.021293487935437932,0.017448425643131617,0.01847789662090631,0.021196892090853618,0.020487275238089006,0.5754857997010464,0.0005754857997010464,0.00976318831925601,0.5866965620328849,0.000586696562032885,-0.010617132445766836
2013-06-07,0.0011903614600077973,-0.0001100869704854761,1.3004484304932737,0.0013004484304932737,-0.004258151566088519,0.005448513026096316,0.04238342237032215,0.9977578475336323,0.0013004484304932735,-0.0001100869704854764,-0.012786839157082472,-0.006981967310135265,-0.009477430111717805,-0.010624048257771024,-0.007491137209151428,0.6278026905829597,0.0006278026905829597,-0.004885954256671479,0.672645739910314,0.000672645739910314,0.0047758672861860025
2013-06-10,0.00041416544468590716,-0.0007424115358821048,1.1584454409566518,0.001158445440956652,-0.0034383766664863734,0.0038525421111722806,-0.008851633918394637,0.9977578475336323,0.0011565769805680119,-0.0007442799962707448,-0.007132495583999173,-0.008741925087410713,-0.009824435113553534,-0.00811047851829766,-0.0062830708077248046,0.5904334828101645,0.0005904334828101645,-0.004028810149296538,0.5680119581464873,0.0005661434977578476,0.0032863986134144332
2013-06-11,0.0005350756854980792,-0.0007550565028494162,1.2957250295108063,0.0012957250295108063,0.0016143329272830466,-0.0010792572417849676,0.00521748129950881,0.9955257270693513,0.0012901321883474954,-0.0007606493440127271,0.004242361651588326,-0.0020025771532871076,0.008125925725694072,-0.0063251153746166225,0.00793813028075281,0.593781663506586,0.0005937816635065861,0.0010205512637764605,0.7019433660042201,0.0006963505248409092,-0.0017756077666258767
2013-06-12,0.0037857479007443093,0.0030773213533915877,0.7084265473527219,0.0007084265473527219,0.006896401123039157,-0.0031106532222948476,0.13310786979855352,0.9955257270693513,0.0007084265473527216,0.0030773213533915873,0.006051469291608189,0.006720373346962482,0.015601988351928064,0.016987661015727733,0.012151820733324641,0.3504847129008203,0.0003504847129008203,0.006545916410138336,0.3579418344519016,0.0003579418344519016,-0.0034685950567467493
2013-06-13,-0.0022620688811143207,-0.0029928667931202863,0.7307979120059657,0.0007307979120059657,-0.002811434800833034,0.0005493659197187134,-0.08865115430339393,0.9955257270693513,0.0007307979120059656,-0.0029928667931202863,0.0007882173792587589,-0.004942983782331558,-0.016385037553934657,-0.01720817902863939,0.0001304128132337018,0.38031319910514544,0.0003803131991051454,-0.003191747999938179,0.3504847129008203,0.0003504847129008203,0.0001988812068178931
2013-06-14,-0.0019120642112152133,-0.0028125116385082785,0.9023117076808352,0.0009023117076808352,0.0052471101090018095,-0.007159174320217023,-0.0860550781042543,0.9955257270693513,0.0009004474272930653,-0.0028143759188960487,0.011298989910497293,0.020762792200860903,0.010524349899025788,0.00962973429611307,0.010875019500636154,0.488441461595824,0.000488441461595824,0.004758668647405985,0.4138702460850112,0.0004120059656972409,-0.007571180285914264
2013-06-17,-0.0011132584381991157,-0.0021255626887584,1.0141685309470545,0.0010141685309470545,0.0009240682764133509,-0.0020373267146124668,-0.032826936877926954,0.9955257270693513,0.0010123042505592842,-0.0021274269691461704,0.0032043814726805176,0.005864015734495839,0.009756246715329512,0.002567580919734699,0.0014841973422874068,0.5145413870246085,0.0005145413870246085,0.00040952688938874235,0.49962714392244595,0.0004977628635346756,-0.0025350895781471425
2013-06-18,0.0016985051709798096,0.0004494373111736948,1.2527964205816555,0.0012527964205816555,-0.004384174132732074,0.0060826793037118835,0.07418317697956939,0.9955257270693513,0.0012490678598061147,0.00044570875039815416,-0.01255264831405457,-0.011686111120560689,-0.014461568733168673,-0.009098226370041727,-0.008566271432576503,0.6711409395973155,0.0006711409395973155,-0.005055315072329389,0.5816554809843401,0.0005779269202087994,0.005504752383503084
2013-06-19,0.000789417573319556,0.00031216179405035393,0.4772557792692021,0.0004772557792692021,-0.0018758942666518906,0.0026653118399714466,0.0638852083302126,0.9955257270693513,0.0004772557792692021,0.00031216179405035393,-0.005186968727086148,-0.005754464062947154,-0.00906227275950729,-0.00613218592437189,-0.002558139652016533,0.23862788963460105,0.00023862788963460106,-0.0021145221562864918,0.23862788963460105,0.00023862788963460106,0.0024266839503368455
2013-06-20,0.0005511838026869417,0.00015474541049561257,0.3964508762117823,0.0003964508762117823,0.007361671197183906,-0.006810487394496964,0.02198739274367833,0.9933035714285714,0.0003964383921913291,0.00015473292647515938,0.013763807479326023,0.013765457863199278,0.013296848653610619,0.01277662582556187,0.015669526317394787,0.19820879274528605,0.00019820879274528607,0.0071634624044386195,0.19824208346649624,0.00019822959944604243,-0.007008716993943007
2013-06-21,0.00015998425973828763,-0.000409212168833141,0.5691964285714285,0.0005691964285714286,0.00013049285237935998,2.949140735892775e-05,0.021913448693314668,0.9933035714285714,0.0005691964285714287,-0.00040921216883314093,-0.0012670474840024517,0.0023827258131395098,-0.007858694491056133,0.0029658642536971366,-0.0010767164507772286,0.32366071428571425,0.00032366071428571426,-0.0001931678619063543,0.24553571428571427,0.0002455357142857143,-0.00021604430692678654
2013-06-24,0.0007114595032867726,-0.00038787085385608454,1.101190476190476,0.001101190476190476,0.0018422386819129297,-0.0011307791786261572,0.04339153987463556,0.9933035714285714,0.001099330357142857,-0.0003897309729037035,0.0016925389990586816,0.003485630650561602,0.006440199397245005,0.0016919910103789933,0.004665557308181447,0.5952380952380952,0.0005952380952380953,0.0012470005866748344,0.5059523809523809,0.0005040922619047619,-0.001634871440530919
2013-06-25,0.0036238880694869813,0.0025059565218679336,1.1197916666666665,0.0011197916666666667,-0.0030412319630960783,0.00666512003258306,0.18024522734050621,0.9933035714285714,0.0011179315476190477,0.0025040964028203144,-0.01686922586040148,-0.00659598098142261,-0.00836773485521949,-0.0052965182304350045,-0.00646431211584298,0.6101190476190476,0.0006101190476190476,-0.003651351010715126,0.5096726190476191,0.0005078125,0.00615730753258306
2013-06-26,-0.0015674366898190749,-0.002317064666009551,0.7514880952380952,0.0007514880952380952,0.0007176703845790321,-0.002285107074398107,-0.08731022048399989,0.9933035714285714,0.0007496279761904762,-0.0023189247850571703,0.004806694484045669,0.004175500644462091,-0.0033196008328152163,-0.00020536603035564482,0.0022449843080630007,0.33482142857142855,0.0003348214285714286,0.00038284895600760357,0.41666666666666663,0.00041480654761904764,-0.0026999136220171543
2013-06-27,-0.00040182463613082874,-0.001155172850416543,0.7552083333333333,0.0007552083333333333,0.0004616891836405519,-0.0008635138197713807,0.016911399231145288,0.9933035714285714,0.0007533482142857143,-0.001157032969464162,0.0018336454560719108,0.0015663197537306155,-0.005255444705090768,0.0047666843900542495,-0.0009779489199425971,0.33110119047619047,0.00033110119047619047,0.00013058799316436145,0.42410714285714285,0.0004222470238095238,-0.0012857608435809045
2013-06-28,0.0014583168865162713,0.0008333168865162714,0.625,0.000625,0.0016846215722796664,-0.00022630468576339516,0.08397116318212705,0.9933035714285714,0.0006249999999999999,0.0008333168865162713,0.0007779041635671975,-0.00019097206873363554,-0.001134886229745966,0.0023806000723551202,0.0038543286156552388,0.3273809523809524,0.00032738095238095237,0.001357240619898714,0.2976190476190476,0.00029761904761904765,-0.0005239237333824428
2013-07-01,0.0016434985091836425,0.0006241532710884044,1.023065476190476,0.0010230654761904762,-0.001567431093758915,0.0032109296029425574,0.07798033333378726,0.9933035714285714,0.001019345238095238,0.0006204330329931662,-0.006270985822588752,-0.006788844391772087,-0.0004411998761569002,-0.004606657397291008,-0.0024036580424771827,0.5096726190476191,0.000509672619047619,-0.0020771037128065337,0.5133928571428571,0.000509672619047619,0.0027012569838949386
2013-07-02,-0.0003739508124856498,-0.001519784145818983,1.1495535714285714,0.0011495535714285713,-0.0005174121599602729,0.00014346134747462324,0.0017895004895559135,0.9933035714285714,0.0011458333333333331,-0.0015235043839142211,1.5991254216707757e-05,-0.0009087643596924023,-0.004536885153611116,0.0026222879127926497,-0.002841913341295492,0.5580357142857143,0.0005580357142857143,-0.001075447874245987,0.5915178571428571,0.0005877976190476191,-0.00044433627157299584
2013-07-03,0.0007594088266705489,7.99350953628813e-05,0.6813421359635168,0.0006813421359635168,0.0035704904948936135,-0.0028110816682230646,0.032426440649345876,0.9910913140311804,0.0006794737313076676,7.806669070703205e-05,0.007047062794903288,0.002957200288020476,0.0032875111521398315,0.006459570981840638,0.007457882723794565,0.32581911522961077,0.00032581911522961077,0.0032446713796640027,0.355523020733906,0.00035365461607805707,-0.0031647362843011217
2013-07-04,-0.000886283722379003,-0.0015395873600924403,0.6533036377134372,0.0006533036377134372,0.0013773415340994338,-0.0022636252564784366,-0.05954525089910791,0.9910913140311804,0.0006533036377134372,-0.0015395873600924403,0.005653886424041884,0.0024232898262628003,0.00858748573508463,0.0031228487221718134,0.002561417964318399,0.33407572383073497,0.00033407572383073496,0.0010432658102686987,0.3192279138827023,0.0003192279138827023,-0.002582853170361139
2013-07-05,-0.0002709635023469038,-0.0008407482091026574,0.5716406829992576,0.0005716406829992576,0.0011283850155605676,-0.0013993485179074714,-0.0028040183076208673,0.9910913140311804,0.0005697847067557536,-0.0008426041853461614,0.0022143241391005537,0.00409267340412189,0.003968531262181524,0.00580771774757254,0.0004737736061250291,0.26726057906458794,0.00026726057906458796,0.0008611244364959796,0.30438010393466963,0.00030252412769116556,-0.001701872645598637
2013-07-08,0.0014584258801375774,0.0011057903938718017,0.3526354862657758,0.00035263548626577576,-0.0009205874765138958,0.0023790133566514732,0.10777815150768241,0.9910913140311804,0.0003526354862657757,0.0011057903938718017,-0.004734840480337464,-0.005039106427240676,-0.006813822307206549,-0.007743034870434616,0.0011158922555190463,0.16703786191536749,0.00016703786191536748,-0.0010876253384292632,0.1855976243504083,0.0001855976243504083,0.002193415732301065
2013-07-09,-1.3582626731559228e-05,-0.0005982151434353454,0.5864884929472902,0.0005864884929472902,-0.0019174726966154773,0.001903890069883918,0.03729408352273269,0.9910913140311804,0.0005846325167037862,-0.0006000711196788495,-0.005049197175481967,-0.001443850822928012,-0.003484649791534876,-0.0011712746680729545,-0.005153997604499185,0.311804008908686,0.00031180400890868596,-0.002229276705524163,0.2746844840386043,0.0002728285077951002,0.0016310615620888178
2013-07-10,-1.617233774051528e-05,-0.0008160980986907751,0.8017817371937639,0.0008017817371937639,0.003235737119394808,-0.0032519094571353234,0.0027958476943210154,0.9910913140311804,0.0007999257609502598,-0.0008179540749342792,0.007305709582329076,0.00502415046764688,0.007244426002950079,0.0019035498945027373,0.00873386483013709,0.37861915367483295,0.00037861915367483297,0.002857117965719975,0.42316258351893093,0.00042130660727542687,-0.00367321606441075
2013-07-11,-0.0012968657127169388,-0.002169174547163858,0.8723088344469191,0.000872308834446919,1.135715166606948e-05,-0.001308222864383008,-0.07056550176417159,0.9910913140311804,0.0008723088344469191,-0.002169174547163858,0.0020016454728342325,0.00396062407148739,0.0069047012466634,0.0013699112804177469,-0.0006509598995551053,0.4602821083890126,0.0004602821083890126,-0.0004489249567229431,0.41202672605790647,0.00041202672605790647,-0.0017202495904409146
2013-07-12,0.0015330629584973275,0.0006199226466933185,0.9131403118040089,0.0009131403118040088,-0.0005025314323938795,0.002035594390891207,0.0812734990242926,0.9910913140311804,0.0009131403118040089,0.0006199226466933187,-0.004826234069551436,-0.002621334773481883,-0.005155555593572398,-0.004751447676510439,0.0008714797506228736,0.4528582034149963,0.00045285820341499627,-0.0009553896358088757,0.4602821083890126,0.0004602821083890126,0.0015753122825021943
2013-07-16,0.0012623954682558919,0.00023544652931710054,1.0306772797370003,0.0010306772797370003,0.0014875090609319174,-0.00022511359267602554,0.07703880632786765,0.9823399558498896,0.0010269489389387913,0.00023171818851889158,-0.0007221151570557436,0.002917203535204975,0.004248552563124447,0.0024447383225014202,0.003233975145590453,0.5448703766525563,0.0005448703766525563,0.0009426386842793611,0.485806903084444,0.0004820785622862349,-0.0007071921549622604
2013-07-17,-0.0009342173552999678,-0.0018540113214515499,0.9234731420161884,0.0009234731420161884,0.00019848682767964354,-0.0011327041829796113,-0.09053679567611145,0.9823399558498896,0.000919793966151582,-0.001857690497316156,0.0017088120332341107,0.003585108280224807,-0.0010923337160241376,-0.0006006495480868128,0.0008898675761234469,0.46357615894039733,0.00046357615894039735,-0.0002650893312607538,0.459896983075791,0.0004562178072111847,-0.001588921990190796
2013-07-18,-8.067311895265216e-05,-0.0009195252160828951,0.8388520971302429,0.0008388520971302428,-0.000347639746151395,0.00026696662719874286,-0.007427632197118769,0.9823399558498896,0.0008388520971302429,-0.000919525216082895,-0.0012661599152971237,0.0010037417181039986,-0.0011049796077370647,0.001079750275306679,-0.0015722774218983485,0.4083885209713024,0.00040838852097130243,-0.0007560282671226974,0.4304635761589404,0.0004304635761589404,-0.00016349694896019754
2013-07-19,-0.0009213858450540281,-0.0017492004145904518,0.8314937454010302,0.0008314937454010302,-0.002390250633323557,0.0014688647882695285,-0.03760129858280712,0.9823399558498896,0.0008278145695364237,-0.0017528795904550583,-0.0028019483152954203,-0.003354887273483131,-0.006737193617427947,-0.004667768881568684,-0.00485664183414875,0.42678440029433407,0.0004249448123620309,-0.0028151954456855878,0.4047093451066961,0.00040286975717439294,0.0010659950310951355
2013-07-22,-0.0014839433891939214,-0.002710948540040132,1.2362030905077264,0.0012362030905077263,-0.0017899637479190647,0.00030602035872514323,-0.09096207609836873,0.9823399558498896,0.0012270051508462105,-0.002720146479701648,-0.0015096777159716976,0.0012045408589317899,-0.0015743347305310147,-0.001364141169622236,-0.00467171202254287,0.6585724797645327,0.0006567328918322295,-0.0024466966397512944,0.5776306107431936,0.0005702722590139809,-0.00026425190028883764
2013-07-23,0.0008508976454685371,-0.0004092200881591303,1.2693156732891833,0.0012693156732891833,0.0023805568594890566,-0.0015296592140205197,0.03938290081283985,0.9823399558498896,0.0012601177336276673,-0.0004184180278206462,0.004269986971305264,0.000632385115860424,0.0063765359132949,0.0047505725694878915,0.004787196429306752,0.6254598969830758,0.0006236203090507727,0.0017569365504382839,0.6438557763061075,0.0006364974245768948,-0.0021661566385974143
2013-07-24,0.0003838771266859534,-0.00034276010657379634,0.728476821192053,0.000728476821192053,-0.0015672787576051003,0.0019511558842910536,0.03847705215166292,0.9823399558498896,0.0007266372332597498,-0.00034459969450609956,-0.005921334306258831,0.00019807563998244717,0.004261743070023007,-0.0055049859398260195,-0.0019589230662076414,0.3384841795437822,0.00033664459161147903,-0.0019039233492165793,0.3899926416482708,0.0003899926416482708,0.0015611632426427828
2013-07-25,-0.0013195433724650597,-0.0021381600023399677,0.8204562178072112,0.0008204562178072112,0.0016550418373819124,-0.0029745852098469723,-0.07223802630665128,0.9823399558498896,0.000818616629874908,-0.002139999590272271,0.006535993682986675,0.004970158950805107,0.005028505599197251,0.0031132752468837747,0.0034208749770777563,0.3826342899190581,0.00038079470198675497,0.0012742471353951574,0.43782192788815305,0.00043782192788815305,-0.0034124071377351255
2013-07-26,0.00045573656226347107,-0.0003647196555437401,0.8241353936718175,0.0008241353936718175,0.0001097972833155507,0.00034593927894792034,0.015585989577020967,0.9823399558498896,0.0008204562178072112,-0.00036839883140834644,0.00040176707675861474,-0.003072637647131264,0.00036635981647391687,0.0015980940456876357,-0.0004623223126459001,0.4157468727005151,0.0004139072847682119,-0.00030411000145266125,0.4083885209713024,0.00040654893303899926,-6.060965409107892e-05
2013-07-29,-0.0005185987780839987,-0.0015782014270906211,1.0632818248712288,0.001063281824871229,0.0006255183762046503,-0.001144117154288649,-0.049215416857881715,0.9823399558498896,0.0010596026490066225,-0.0015818806029552278,0.0037744229208818113,-0.0007471596152779312,0.005129943058540327,0.0005844273646055126,0.001579303991705229,0.5114054451802796,0.0005114054451802796,0.00011411293102437064,0.5518763796909493,0.0005481972038263429,-0.001692314358114992
2013-07-30,0.0015625624885452433,0.000370509508412793,1.1920529801324504,0.0011920529801324503,0.0023735380298547932,-0.0008109755413095502,0.02737169073139245,0.9823399558498896,0.0011920529801324503,0.00037050950841279297,0.0010782285042376688,0.002811594442351905,0.008772423091692644,0.003442873030884558,0.00538679505631569,0.5923473142016188,0.0005923473142016188,0.0017811907156531745,0.5997056659308315,0.0005997056659308315,-0.0014106812072403815
2013-07-31,0.0018924964973323548,0.0007629895068982119,1.1295069904341428,0.0011295069904341429,-0.0005190781385711651,0.00241157463590352,0.08332214413234215,0.9823399558498896,0.0011295069904341429,0.0007629895068982119,-0.006975973718748173,-0.00047476730189639023,-0.0030682436947674645,0.0030200213839154007,-0.0030438065971410528,0.5886681383370125,0.0005886681383370125,-0.0011077462769081775,0.5408388520971302,0.0005408388520971302,0.0018707357838063897
2013-08-01,-0.000970202915196981,-0.002154897543600219,1.188373804267844,0.0011883738042678441,-0.0015659798812434728,0.0005957769660464918,-0.021136287191610415,0.9823399558498896,0.0011846946284032379,-0.002158576719464825,-0.0013497219202193889,-0.0009201761089758141,-0.006382300806886018,-0.007433697575138795,-0.0010012850641838485,0.5960264900662252,0.0005960264900662252,-0.002162006371309698,0.5923473142016188,0.0005886681383370125,7.108827709479326e-06
2013-08-02,0.001145382590747063,-6.322668077611587e-05,1.210448859455482,0.001210448859455482,0.002016872308778785,-0.0008714897180317219,0.04526683180383992,0.9823399558498896,0.0012086092715231788,-6.506626870841914e-05,0.0003522683512964386,0.004763127567280142,0.005936438882413214,0.0008800690027264687,0.005588821850586623,0.6217807211184695,0.0006217807211184695,0.0013950915876603156,0.5886681383370125,0.0005868285504047094,-0.0014583182684364312
2013-08-05,-0.0003256406967916675,-0.0014091579889182312,1.0853568800588669,0.001085356880058867,-0.0017544114468585092,0.0014287707500668417,-0.018891955895029407,0.9823399558498896,0.0010835172921265638,-0.0014109975768505343,-0.004240559619772305,-5.6298033767536404e-05,-0.007960095793057504,-0.0021194577195336435,-0.0041920157568915255,0.5555555555555556,0.0005555555555555556,-0.0023099670024140646,0.5298013245033113,0.0005279617365710081,0.0009008090134958336
2013-08-06,0.0019635986878820764,0.0008524875767709652,1.1184694628403238,0.0011184694628403238,0.0022129262592944293,-0.00024932757141235323,0.11656169698191163,0.9823399558498896,0.0011111111111111113,0.0008451292250417526,0.0006387550729569122,0.00023905296148268604,0.0060301074864272065,0.007909181553639087,0.002741920638893259,0.5665930831493745,0.0005647534952170714,0.0016481727640773579,0.5518763796909493,0.0005463576158940397,-0.0007956851873063929
2013-08-07,-0.0002948369719125399,-0.001113453601787448,0.8241353936718175,0.0008241353936718175,0.00016479463757904371,-0.0004596316094915835,-0.027432289446699686,0.9823399558498896,0.000818616629874908,-0.0011189723655843575,0.0016165812246510792,-0.0005158376740333903,0.006219884406644009,0.0008638440029774446,6.503519076922056e-05,0.42310522442972776,0.0004212656364974246,-0.00025647099891838086,0.4010301692420898,0.00039735099337748344,-0.000856982602869067
2013-08-08,-0.0005650818950146293,-0.0015419030870676093,0.9786607799852833,0.0009786607799852833,-0.0013594110782554388,0.0007943291832408095,-0.025266123684020595,0.9823399558498896,0.00097682119205298,-0.0015437426749999126,-0.0005416688029388252,-0.003830041630745263,-0.006023042220124033,-0.006224751182450353,-0.0009821332731820038,0.5114054451802796,0.0005114054451802796,-0.0018708165234357184,0.4672553348050037,0.0004654157468727005,0.00032891343636810903
2013-08-09,0.0002879187158069341,-0.0007459297021474441,1.0338484179543783,0.0010338484179543783,0.003565318890694793,-0.003277400174887859,0.0017128329014256358,0.9823399558498896,0.0010338484179543781,-0.0007459297021474442,0.00691961518355049,0.006002583582331622,0.011346563464577521,0.006258394767676399,0.007554130878520955,0.5187637969094923,0.0005187637969094923,0.003046555093785301,0.515084621044886,0.0005150846210448859,-0.003792484795932745
2013-08-12,-0.0017345904757504953,-0.0027463638385172356,1.0154525386313467,0.0010154525386313466,-0.0012847777166501626,-0.0004498127591003328,-0.09774858750522579,0.9823399558498896,0.0010117733627667404,-0.002750043014381842,-0.00019779092518951958,0.0033001901674286293,5.394298651614316e-05,-0.0029113405844752864,-0.0023977171108145747,0.5224429727740986,0.0005224429727740986,-0.0018072206894242612,0.493009565857248,0.0004893303899926416,-0.0009391431490929744
2013-08-13,-0.0005804414168645262,-0.0015462250813236874,0.9713024282560706,0.0009713024282560706,-0.003103330400539374,0.0025228889836748478,-0.020669472818412204,0.9823399558498896,0.0009657836644591612,-0.0015517438451205967,-0.004460049368082609,-0.006536017991618132,-0.0036441343563982462,-0.005481254332986244,-0.006588674560974879,0.5298013245033113,0.0005279617365710081,-0.003631292137110382,0.44150110375275936,0.00043782192788815305,0.0020850670557866946
2013-08-14,0.0010045303067361525,0.00027789307347640273,0.728476821192053,0.000728476821192053,0.0001702817208698702,0.0008342485858662824,0.06566041024649379,0.9823399558498896,0.0007266372332597499,0.00027605348554409956,-0.0009452983336613258,-0.0032727120296575556,-0.0012499056807942731,0.0008649568549911634,8.562628225630718e-05,0.37527593818984545,0.0003752759381898455,-0.00020499421731997528,0.35320088300220753,0.00035136129506990434,0.000482887290796378
2013-08-15,-0.00035299101191361894,-0.0012359932194191377,0.8866813833701251,0.0008866813833701251,0.002015002133169521,-0.00236799314508314,-0.028152120478416646,0.9823399558498896,0.0008830022075055188,-0.001239672395283744,0.004568699618681329,0.005361620506672858,0.008095751133070712,0.002910544667538935,0.004579154612705755,0.43782192788815305,0.0004359823399558499,0.0015790197932136713,0.44885945548197204,0.0004470198675496689,-0.0028150130126328088
2013-08-16,-0.0002693433838243067,-0.001122912184412975,0.8572479764532744,0.0008572479764532745,-0.0007796156120565474,0.0005102722282322406,-0.0065743478148375615,0.9823399558498896,0.0008535688005886681,-0.0011265913602775811,-0.0013157533900015439,-0.000440893794032151,-0.0012711881703068749,-0.0021649970579889024,-0.0012698588382028945,0.459896983075791,0.00045805739514348786,-0.0012376730072000352,0.3973509933774834,0.0003955114054451803,0.00011476082278706032
2013-08-19,-0.000997224751174555,-0.0017551349792834586,0.7579102281089036,0.0007579102281089036,0.0015779999219023171,-0.002575224673076872,-0.05352160242068037,0.9823399558498896,0.0007579102281089036,-0.0017551349792834586,0.0046850321301308805,0.006362980053497294,0.002923439301892131,0.0037895341983634426,0.002860067109295347,0.37159676232523914,0.00037159676232523915,0.001206403159577078,0.38631346578366443,0.00038631346578366446,-0.0029615381388605365
2013-08-20,0.00032540574940651294,-0.0003957127200563275,0.728476821192053,0.000728476821192053,-0.0013363964908821645,0.0016618022402886774,0.052252161467660034,0.9823399558498896,0.0007211184694628404,-0.00040307107178554004,-0.0050442564786694725,-0.0001768926997170215,0.0008590432497111398,-0.0022253442934335676,-0.0029033488479558085,0.33112582781456956,0.00033112582781456954,-0.001667522318696734,0.3973509933774834,0.0003899926416482708,0.0012718095986404066
2013-08-21,-0.00010469175501888336,-0.0009656189073367642,0.8682855040470935,0.0008682855040470935,0.0036903900062429415,-0.0037950817612618245,-0.008124449334707812,0.9823399558498896,0.0008609271523178809,-0.0009729772590659768,0.006354446610124148,0.010664672498580389,0.006444734052298567,0.008421331169145254,0.006858111000937308,0.4451802796173657,0.00044334069168506255,0.003247049314557879,0.42310522442972776,0.00041758646063281825,-0.0042126682218946426
2013-08-22,-0.000842398832952177,-0.0018137012612082478,0.974981604120677,0.000974981604120677,-0.003807546368472256,0.002965147535520079,-0.022817574579763376,0.9845474613686535,0.0009713024282560707,-0.001817380437072854,-0.00487370520837312,-0.008331492556147208,-0.005316908229542742,-0.006671098310978519,-0.008110189319914451,0.47093451066961,0.00046909492273730684,-0.004276641291209563,0.5040470934510669,0.0005022075055187637,0.002462940030001315
2013-08-23,-0.0007198454293046388,-0.0016286018678624019,0.9124356144223694,0.0009124356144223694,-0.0009015111294056715,0.00018166570010103266,-0.048193174428674664,0.9845474613686535,0.0009087564385577631,-0.0016322810437270083,0.00011735506988205051,-0.0013966522941099365,-0.0030299291264745025,-0.003116857532403965,-0.001151342154003111,0.4451802796173657,0.00044334069168506255,-0.001344851821090734,0.4672553348050037,0.0004654157468727005,-0.00028375004677166785
2013-08-26,0.0007730027791618819,-0.0001651870663127318,0.94186902133922,0.00094186902133922,-0.0031009071917881006,0.0038739099709499823,0.0700745265035914,0.9845474613686535,0.0009381898454746137,-0.00016886624217733813,-0.008394397305813303,-0.006569058528981698,-0.004759490399981997,-0.005483914821904492,-0.006550004480684656,0.43782192788815305,0.00043782192788815305,-0.0035387291196762537,0.5040470934510669,0.0005003679175864606,0.0033735420533635217
2013-08-27,-0.00036028290741851367,-0.0014014896771021045,1.0448859455481971,0.0010448859455481972,0.002230039618070065,-0.0025903225254885784,-0.034865310227265425,0.9845474613686535,0.001041206769683591,-0.0014051688529667108,0.004224099392802063,0.007348427992708227,0.007607634384712392,0.004842507731882326,0.004292672243106375,0.5371596762325239,0.0005353200883002208,0.001694719529769844,0.5077262693156733,0.0005058866813833702,-0.0030962092068719483
2013-08-28,-0.0003176445525369571,-0.0009523023891815488,0.6364974245768947,0.0006364974245768948,0.00045337138828834667,-0.0007710159408253038,-0.032580583747547937,0.9845474613686535,0.0006346578366445917,-0.0009541419771138519,0.0007411863477856522,0.003304980815530772,0.00307647407668306,0.003781488310593471,-0.0004950536976333722,0.3200883002207506,0.00032008830022075055,0.00013328308806759612,0.3164091243561442,0.00031456953642384106,-0.001085585477249145
2013-08-29,0.0005193735133863774,-0.0004905602614480596,1.0117733627667402,0.0010117733627667404,-8.259835337005815e-05,0.0006019718667564356,0.026649844464515963,0.9845474613686535,0.001009933774834437,-0.0004923998493803629,-0.000896265508237914,-0.001908274235691838,0.00039888682270118207,-0.0005311836738801318,1.5967394270594835e-05,0.5224429727740986,0.0005206033848417955,-0.0006032017382118537,0.48933038999264167,0.0004893303899926416,0.00011264147676379394
2013-08-30,-0.0005828303041451039,-0.001693941415256215,1.1147902869757174,0.0011147902869757175,0.001571056724596257,-0.002153887028741361,0.02536944538470981,0.9845474613686535,0.0011111111111111113,-0.0016976205911208215,0.004514507231045233,0.004013938767512314,0.0005826356822260337,0.003350090563210463,0.0030542218426637038,0.5518763796909493,0.0005500367917586461,0.001021019932837611,0.5629139072847682,0.000561074319352465,-0.002714961348093826
2013-09-02,0.00033598600826961625,-0.0008192752132167709,1.1589403973509933,0.0011589403973509935,-0.004765521589288662,0.005101507597558278,0.04060681664397067,0.9845474613686535,0.0011552612214863873,-0.0008229543890813772,-0.011518836027861693,-0.007690356510930135,-0.009030508560826982,-0.006234337541933171,-0.011150808555842478,0.6107431935246505,0.0006089036055923474,-0.005374425194881009,0.5481972038263428,0.0005463576158940397,0.004555149981664238
2013-09-03,3.547557845656741e-06,-0.0011112427291300607,1.1221486387049302,0.0011221486387049302,0.0017713333332396422,-0.0017677857753939854,-0.010491603045174781,0.9845474613686535,0.0011147902869757175,-0.0011186010808592734,0.003890496131884067,0.002996310847874005,0.004657208211251444,0.006474416192714117,0.002124581092294028,0.5849889624724062,0.000583149374540103,0.0011881839586995392,0.5371596762325239,0.0005316409124356144,-0.0022994266878296
2013-09-04,0.00033577629738180704,-0.0006263281912127479,0.9676232523914643,0.0009676232523914643,-0.0012054525617666522,0.0015412288591484591,-0.0007916264118493049,0.9845474613686535,0.0009621044885945549,-0.0006318469550096572,-0.004190582678644184,-0.0008635167852857564,-0.0008450825511467502,-0.0002716348327188407,-0.0034661366902838265,0.4746136865342163,0.00047277409860191317,-0.0016782266603685653,0.493009565857248,0.0004893303899926416,0.0010518984691558174
2013-09-05,0.004308055790270525,0.0032116613826178395,1.1000735835172921,0.0011000735835172922,0.00651006854521682,-0.0022020127549462953,0.15926028750816226,0.9845474613686535,0.0010963944076526856,0.003207982206753233,0.004568879450901694,0.004153159926417019,0.008233432105450028,0.0064039641361310655,0.01631274974211098,0.5665930831493745,0.0005647534952170714,0.005945315049999749,0.5334805003679176,0.0005316409124356144,-0.0027336536673819097
2013-09-06,0.0017617013407888952,0.0007793613849390056,0.9823399558498896,0.0009823399558498897,-0.0016889732846340098,0.0034506746254229052,0.06511024099461551,0.9845474613686535,0.0009823399558498897,0.0007793613849390055,-0.008998977972819568,-0.002704235628712838,-0.0050876138211503235,-0.0024163502661881105,-0.003863025845254428,0.515084621044886,0.0005150846210448859,-0.0022040579056788957,0.4672553348050037,0.0004672553348050037,0.0029834192906179014
2013-09-09,0.0021348310316804714,0.0012371121207165271,0.8977189109639441,0.0008977189109639441,0.0019484308339246087,0.0001864001977558625,0.09491691980564067,0.9845474613686535,0.0008977189109639443,0.0012371121207165273,-5.0272579247036224e-05,-0.0010474720236037071,-0.0007162601519874966,0.0018654268249124952,0.004907384691781347,0.46357615894039733,0.00046357615894039735,0.0014848546749842114,0.43414275202354674,0.0004341427520235467,-0.0002477425542676842
2013-09-10,0.0029769517504353088,0.0018124925892874057,1.1662987490802061,0.0011662987490802061,-0.0007682435517346019,0.0037451953021699104,0.115452270270252,0.9845474613686535,0.001164459161147903,0.0018106530013551026,-0.011084030509680185,-0.00021130242611101747,-0.0002390301162581356,0.00041203925236155364,-0.0024983556452498317,0.5849889624724062,0.000583149374540103,-0.0013513929262747048,0.5813097866077999,0.0005813097866077999,0.0031638855155621103
2013-09-11,-0.0010297013370851366,-0.0022806211310512883,1.2509197939661516,0.0012509197939661516,-0.0012827360592069725,0.0002530347221218361,-0.07735600160016069,0.9845474613686535,0.0012509197939661518,-0.002280621131051288,-0.000527196791014803,-0.00047272567023563523,0.00036967193576519446,-0.0046073706819855014,-0.0015529228593748085,0.6070640176600441,0.0006070640176600441,-0.0018898000768670167,0.6438557763061075,0.0006438557763061074,-0.00039082105418427135
2013-09-12,0.0015504712928270537,0.00044303935758054883,1.1074319352465047,0.0011074319352465049,0.003829629835033751,-0.0022791585422066974,0.053320451791777565,0.9845474613686535,0.0011074319352465049,0.00044303935758054883,0.0036422889910166963,0.006546068036119568,0.0092902171936054,0.003791953260434414,0.009563247169699175,0.5629139072847682,0.0005629139072847682,0.003266715927748983,0.5445180279617365,0.0005445180279617366,-0.002823676570168434
2013-09-13,0.0007657221686630268,-0.00037850152522954134,1.1479028697571745,0.0011479028697571744,0.002245961943116567,-0.00148023977445354,0.031075918697498955,0.9845474613686535,0.0011442236938925682,-0.00038218070109414756,0.002711121584190063,0.0036190024775622433,0.004567347108323855,0.0007534081014260934,0.006335704303020974,0.5629139072847682,0.0005629139072847682,0.0016830480358317988,0.5849889624724062,0.0005813097866077999,-0.00206154956106134
2013-09-17,0.0008662988733605952,-0.0003809417447409502,1.254598969830758,0.001254598969830758,-6.228595241752929e-05,0.0009285848257781244,0.04451388693978736,0.9845474613686535,0.0012472406181015454,-0.00038830009647016286,-0.0018873562733667355,-0.0017919985504471392,-0.0007007806857171724,-0.00016536692486891113,-0.0001042616510767417,0.6254598969830758,0.0006254598969830758,-0.0006877458494006051,0.6291390728476821,0.0006217807211184695,0.0003068041046596549
2013-09-18,0.001194270548552853,-0.00014310987823154737,1.34289919058131,0.00134289919058131,-0.0009033128358960459,0.002097583384448899,0.06043541819753328,0.9845474613686535,0.0013373804267844003,-0.00014862864202845692,-0.004305669915586264,-0.0040990161281577175,-0.007483871736349438,-0.00499030349683631,-0.00023029419163638862,0.6401766004415012,0.0006401766004415011,-0.0015434894363375471,0.7027225901398086,0.0006972038263428992,0.0014003795581059998
2013-09-19,0.00020574167421264628,-0.0008557005627262795,1.0632818248712288,0.001063281824871229,-0.001021556643744248,0.0012272983179568943,-0.020818523449354,0.9845474613686535,0.0010614422369389256,-0.0008575401506585827,-0.0025474387262759387,-0.0023127899711266695,-0.0021350377486812223,-0.004230369502755056,-0.0009592578917110896,0.5261221486387049,0.0005261221486387049,-0.001547678792382953,0.5371596762325239,0.0005353200883002208,0.0006919782296566734
2013-09-20,-0.0006889374698397956,-0.001920756344174059,1.23549805019887,0.00123549805019887,0.0010100864686752068,-0.0016990239385150025,-0.019434107161395413,0.9823788546255506,0.0012318188743342634,-0.0019244355200386657,0.004702834201831922,0.0007660705161490496,0.0033016477756885286,0.004160397727082666,0.0009434006317018135,0.5938911093606662,0.0005938911093606662,0.00041619535931454064,0.6416069408382038,0.0006379277649735974,-0.0023369517034886
2013-09-24,-0.0015067567778047819,-0.0027273882021807,1.2261380323054334,0.0012261380323054334,-0.0044310216258081035,0.0029242648480033214,-0.040967698193191335,0.9823788546255506,0.001220631424375918,-0.0027328948101102155,-0.005319976403107602,-0.007101179361666201,-0.00748984246908941,-0.008273374743241666,-0.009127161978600347,0.5947136563876653,0.0005947136563876652,-0.005025735282195768,0.631424375917768,0.0006259177679882527,0.002298347080015069
2013-09-25,0.001298188647660965,0.00021155134956992244,1.0866372980910426,0.0010866372980910426,0.0012284399241045804,6.97487235563846e-05,0.053291911309436654,0.9823788546255506,0.0010866372980910426,0.00021155134956992241,-0.0006850450447965573,0.0009849896995392628,0.0025266469521513144,0.003174658276116677,0.002089891030360208,0.5873715124816447,0.0005873715124816447,0.0006410684116229357,0.499265785609398,0.000499265785609398,-0.00042951706205301336
2013-09-26,0.00043088311461628127,-0.0006502475755452461,1.0829662261380324,0.0010829662261380324,-0.000942290037997815,0.0013731731526140962,0.035909945986122696,0.9823788546255506,0.0010811306901615273,-0.0006520831115217512,-0.0041713031094476796,0.0001272693376473358,-0.002120581349255596,-0.004009813158941079,-0.0008157506331734685,0.5433186490455213,0.0005433186490455213,-0.0014856086870433363,0.5396475770925111,0.0005378120411160059,0.0008353611114980902
2013-09-27,0.0009730897761129543,-7.133019451847005e-05,1.0462555066079295,0.0010462555066079295,0.004820110451067866,-0.003847020674954912,0.08146380211301016,0.9823788546255506,0.0010444199706314244,-7.31657304949752e-05,0.0073864558455737535,0.008540021588875143,0.009364445325388066,0.007727626904781036,0.01056473695278406,0.5029368575624082,0.0005029368575624083,0.004317173593505458,0.5433186490455213,0.0005414831130690162,-0.004388503788023928
2013-09-30,-8.350011200606467e-05,-0.001177479554003128,1.0939794419970632,0.0010939794419970632,0.00030272934652764724,-0.00038622945853371195,-0.00960752440735384,0.9823788546255506,0.0010939794419970634,-0.0011774795540031278,0.0008046639946716076,0.0007269200224878825,-0.0030131756804866678,0.0014661424617067457,0.00017312079106015593,0.5433186490455213,0.0005433186490455213,-0.00024058930251787407,0.5506607929515419,0.0005506607929515419,-0.0009368902514852539
2013-10-01,0.0004909178187759123,-0.0005458372763492269,1.038598699391651,0.001038598699391651,-0.0010553798128779001,0.0015462976316538125,0.023702194269382252,0.9802197802197802,0.0010367550951251392,-0.0005476808806157388,-0.0028660026444443177,-0.003708804891886388,-0.0031403836631349324,0.0010280396318969424,-0.0036801592545821714,0.5247898210453277,0.0005247898210453277,-0.001580169633923228,0.5138088783463233,0.0005119652740798115,0.001034332357574001
2013-10-02,0.0002703945463910486,-0.0007937080177115156,1.065934065934066,0.0010659340659340659,-0.001975136321834146,0.0022455308682251944,0.023082148908952143,0.9802197802197802,0.001064102564102564,-0.0007955395195430173,-0.0039402625155341734,-0.005917814839810888,-0.004806410395272777,-0.004750763622489435,-0.0035500271542577197,0.5421245421245421,0.0005421245421245421,-0.002517260863958688,0.5238095238095238,0.000521978021978022,0.0017235528462471723
2013-10-03,-0.0016241577265040958,-0.002867747470093839,1.249084249084249,0.001249084249084249,0.0011368802404671256,-0.0027610379669712215,-0.08860555058276351,0.9802197802197802,0.0012435897435897434,-0.002873241975588345,0.006508017568908787,0.0036299722744369415,0.002117701958247276,0.0026450241481519947,0.0020881286473253794,0.6263736263736264,0.0006263736263736264,0.0005105066140934992,0.6227106227106227,0.0006172161172161172,-0.0033782540841873388
2013-10-04,-0.0006155055626528864,-0.0016851026322499561,1.0732600732600732,0.0010732600732600733,-0.0022588058739029136,0.001643300311250027,-0.05375031744523457,0.9802197802197802,0.0010695970695970697,-0.0016887656359129597,-0.0021597383165891273,-0.005795052831302225,-0.004009872292116279,-0.005076837735038464,-0.004237998754189508,0.5164835164835165,0.0005164835164835165,-0.00277528939038643,0.5567765567765568,0.0005531135531135532,0.0010901867581364737
2013-10-07,-0.00021877476606280323,-0.0011638297111177484,0.945054945054945,0.0009450549450549451,0.0011407098921991732,-0.0013594846582619764,0.007187805504052309,0.9802197802197802,0.0009450549450549452,-0.0011638297111177484,0.0016099983510354731,0.0051638956726733675,0.0015260266355619006,0.00364817218377951,0.0015980435847077646,0.4652014652014652,0.00046520146520146523,0.000675508426997708,0.47985347985347987,0.0004798534798534799,-0.0018393381381154564
2013-10-08,-3.119559862353076e-05,-0.001095298162726095,1.065934065934066,0.0010659340659340659,0.0014282293878600215,-0.0014594249864835521,-0.004381369828178857,0.9802197802197802,0.0010641025641025643,-0.0010971296645575965,0.0011736166335281424,0.006781951340905786,0.0030531818319853403,0.003909652486177668,0.0023298619204912305,0.5421245421245421,0.0005421245421245421,0.0008861048457354793,0.5238095238095238,0.000521978021978022,-0.001981403008461574
2013-10-09,-0.0017463803865756754,-0.0027207393609346496,0.978021978021978,0.000978021978021978,0.0008248487208871097,-0.002571229107462785,-0.12499723556346994,0.9802197802197802,0.0009743589743589742,-0.002724402364597653,0.005422054228757546,0.004793991069434566,0.0021895865722350075,0.0030287520885111433,0.0009768116133975768,0.48717948717948717,0.00048534798534798535,0.0003395007355391243,0.4908424908424908,0.000489010989010989,-0.003060240096473774
2013-10-10,0.0010460555026151621,-7.299211643245689e-05,1.1245421245421245,0.0011245421245421245,-0.0006137378974576779,0.00165979340007284,0.07550262866634451,0.9802197802197802,0.001119047619047619,-7.848662192696241e-05,-0.0030812974978476726,-0.004064130021546991,-0.0012811976483758309,-0.00023580885334343465,-0.0017233092657013163,0.5494505494505495,0.0005476190476190477,-0.0011613569450767255,0.575091575091575,0.0005714285714285715,0.0010883648286442685
2013-10-11,-0.0009449557673295531,-0.0018515491739229597,0.9084249084249084,0.0009084249084249084,9.25266962812869e-06,-0.0009542084369576817,-0.05809279917543706,0.9802197802197802,0.0009065934065934065,-0.0018533806757544615,0.001991447419249379,0.001843655538087294,-0.0025085655459579593,-0.0015619348462599754,0.0008087254320143736,0.45054945054945056,0.00045054945054945057,-0.0004412967809213219,0.45787545787545786,0.0004560439560439561,-0.0014102523930016378
2013-10-15,-0.000266114119649663,-0.0014987148522503959,1.2417582417582418,0.0012417582417582418,0.0023655879424908256,-0.0026317020621404886,-0.0406216955684138,0.9802197802197802,0.0012326007326007328,-0.0015078723614079049,0.005989516661013339,0.0038111790508162527,0.002970819674000361,0.0032629762973715296,0.005465275678786711,0.5824175824175825,0.0005824175824175825,0.001783170360073243,0.6593406593406593,0.0006501831501831502,-0.0032818852123236387
2013-10-16,0.0006966387464594195,-0.0005964015465808735,1.304029304029304,0.001304029304029304,-0.0007917466549321041,0.0014883854013915236,0.060590023748792354,0.9802197802197802,0.001293040293040293,-0.0006073905575698845,-0.0046080655051328285,0.0003059940326400346,-0.0030976675315903105,-0.0011010688226460324,-0.0018247055534732959,0.6007326007326007,0.0006007326007326008,-0.001392479255664705,0.7032967032967032,0.0006923076923076924,0.0007960777090838312
2013-10-17,-0.0011378767903846858,-0.0019126020651099606,0.7802197802197802,0.0007802197802197802,0.0009889730302704975,-0.0021268498206551832,-0.03290305061911543,0.9802197802197802,0.0007747252747252748,-0.001918096570604466,0.005993532471001633,0.0010851864625222914,0.0016985603042222377,0.0025459804250241307,0.0017079177817336253,0.39194139194139194,0.0003901098901098901,0.0005988631401606073,0.3882783882783883,0.0003846153846153846,-0.002511465205270568
2013-10-18,0.00019899949763931867,-0.0006618063631665422,0.8681318681318682,0.0008681318681318681,0.00015854354611301655,4.0455951526302024e-05,-0.0037238566307419545,0.9802197802197802,0.0008608058608058609,-0.0006691323704925494,0.00028168364398956585,-0.0008431652039018609,-0.00019789391450778144,-0.0003100862844154389,0.0006289700097532779,0.39194139194139194,0.000391941391941392,-0.00023339784582837543,0.47619047619047616,0.0004688644688644689,-0.00042840851733816685
2013-10-21,-0.001470346934284181,-0.0022157681797054267,0.7472527472527473,0.0007472527472527473,-0.00020934245882249365,-0.0012610044754616874,-0.0783741258209193,0.9802197802197802,0.0007454212454212456,-0.0022175996815369282,0.003543831620714708,0.0005061754492093544,0.0007304712246606286,0.0011845777124406365,-0.0012138075639381253,0.38095238095238093,0.00038095238095238096,-0.0005902948397748746,0.3663003663003663,0.0003644688644688645,-0.001625473339930552
2013-10-22,1.790405600698541e-05,-0.0006835611454582161,0.7032967032967032,0.0007032967032967033,-0.0013079987594577609,0.0013259028154647464,0.01245115739433512,0.9802197802197802,0.0007014652014652015,-0.0006853926472897179,-0.0012534644049325887,-0.005833087241717887,-0.00041758691795401376,-0.003703503499750672,-0.002092593448826247,0.3553113553113553,0.00035531135531135534,-0.0016633101147691162,0.34798534798534797,0.0003461538461538462,0.0009797489693109001
2013-10-23,-0.0014676524977460198,-0.0020555645856581077,0.5897435897435898,0.0005897435897435898,0.001781168781649017,-0.003248821279395037,-0.09815917270474837,0.9802197802197802,0.0005879120879120879,-0.0020573960874896097,0.008853965096662158,0.002094682571517462,0.001413751561820532,0.001447662156585063,0.004627629454328064,0.2893772893772894,0.0002893772893772894,0.0014917914922717276,0.30036630036630035,0.00029853479853479855,-0.0035473560779298355
2013-10-24,-0.0011087606386293658,-0.002138064667933395,1.0366300366300367,0.0010366300366300367,0.0008836998684468197,-0.0019924605070761854,-0.09731256190393422,0.9802197802197802,0.0010293040293040292,-0.0021453906752594027,0.005086058947878776,0.0018646058430995395,0.00318288488554422,0.001881765333397334,0.0017102169386417922,0.5054945054945055,0.0005036630036630037,0.000380036864783816,0.5311355311355311,0.0005256410256410256,-0.002518101532717211
2013-10-25,-0.0001982093733443252,-0.0012494914246263765,1.054945054945055,0.001054945054945055,-0.00205552624632357,0.0018573168729792448,0.03208876766322772,0.9802197802197802,0.0010512820512820513,-0.0012531544282893803,-0.00405569913046052,-0.0032465620106217996,-0.0076307284386545595,-0.0055579361644062,-0.0033876106567676096,0.4945054945054945,0.0004945054945054945,-0.0025500317408290642,0.5604395604395604,0.0005567765567765568,0.001300540316202688
2013-10-28,-0.0009402009639489637,-0.0019530214767694764,1.0146520146520146,0.0010146520146520146,0.0023900931777982577,-0.0033302941417472213,-0.016398964482413184,0.9824175824175824,0.0010128205128205128,-0.0019548529786009784,0.007304803798370763,0.005619152989546022,0.0030722006023586592,0.0070728560773318455,0.00363385149472885,0.5054945054945055,0.0005054945054945055,0.001884598672303752,0.5091575091575091,0.0005073260073260073,-0.0038376201490732285
2013-10-29,0.0004175171658154385,-0.0006191128708145982,1.0402930402930404,0.0010402930402930402,-0.0013184898024912785,0.001736006968306717,0.009836154117348627,0.9824175824175824,0.0010366300366300367,-0.0006227758744776018,-0.003732693233555289,-0.003122205071958197,-0.004349281088505195,-0.002344920151605145,-0.0027958935083284343,0.5311355311355311,0.0005293040293040293,-0.001847793831795308,0.5091575091575091,0.0005073260073260073,0.0012286809609807097
2013-10-30,-0.0005187634211427753,-0.0013392762416555958,0.8241758241758241,0.0008241758241758242,0.0004996023368122923,-0.0010183657579550677,-0.07453477486037603,0.9824175824175824,0.0008205128205128206,-0.0013429392453185994,0.001957466656101978,0.0022961927865851367,0.0004520999430794718,-0.0020555895463917817,0.0025266017836327675,0.4175824175824176,0.0004157509157509158,8.385142106137649e-05,0.4065934065934066,0.0004047619047619048,-0.0014231276627169724
2013-10-31,-0.0008556898257663379,-0.0019948839649604772,1.1391941391941391,0.0011391941391941391,-0.0003470744485882147,-0.0005086153771781232,-0.027854391222284804,0.9824175824175824,0.0011391941391941393,-0.0019948839649604772,0.0015077461625957094,3.786430283719687e-05,0.0004259278661397091,-0.00029874142710038223,-0.0008918526322144534,0.5897435897435898,0.0005897435897435898,-0.0009368180383318045,0.5494505494505495,0.0005494505494505495,-0.0010580659266286726
2013-11-01,4.422739400577706e-06,-0.0012675994635426779,1.273865754128912,0.001273865754128912,0.00023985830264104086,-0.0002354355632404632,-0.0034408871442759546,0.9802631578947368,0.0012720222029432556,-0.0012694430147283343,0.0004619447596212159,0.0005096802841264849,-0.005103218280339232,-0.00094636446144246,0.0011943386219584694,0.6588225371120108,0.0006588225371120108,-0.00041896423447096995,0.6150432170169012,0.0006131996658312448,-0.0008486352290717079
2013-11-05,0.0008812237584031357,-0.0001714078205442326,1.0526315789473684,0.0010526315789473684,0.00029355436990780975,0.0005876693884953262,0.05811753780273358,0.9802631578947368,0.0010526315789473684,-0.00017140782054423265,-0.0013070144355471038,-0.0009428143400462252,0.0004905309023363277,0.003769228965853316,-0.0010020158498851555,0.5299707602339181,0.0005299707602339181,-0.00023641639032610833,0.5226608187134503,0.0005226608187134502,6.500856978187595e-05
2013-11-06,0.0009900659604254844,-6.439310390200095e-05,1.0599415204678362,0.0010599415204678362,-0.0026997218256188827,0.0036897877860443667,0.0024006687920530762,0.9824561403508771,0.0010544590643274854,-6.987556004235175e-05,-0.008336561540831811,-0.005450837674274433,-0.003776419785222745,-0.003034891163710384,-0.006599520258686855,0.5482456140350876,0.0005482456140350877,-0.0032479674396539704,0.5116959064327485,0.0005062134502923976,0.003183574335751969
2013-11-07,0.0007096893738223105,-0.00038497436886774793,1.1001461988304093,0.0011001461988304094,0.005766314119386554,-0.005056624745564244,-0.028062787872058285,0.9824561403508771,0.0010946637426900584,-0.0003904568250080989,0.01119330939560549,0.008225768976527261,0.012734303413546559,0.011341354485241853,0.011666284769073153,0.577485380116959,0.000577485380116959,0.0051888287392695956,0.5226608187134503,0.0005171783625730993,-0.005573803108137343
2013-11-08,-0.0011974778651032978,-0.0022208696779687947,1.023391812865497,0.001023391812865497,-0.0036052925343413914,0.002407814669238094,-0.05241500233820976,0.9824561403508771,0.001023391812865497,-0.0022208696779687947,-0.005084176472983859,-0.004442647860209942,-0.0079627848345726,-0.009057640795892358,-0.006310828364645082,0.4861111111111111,0.0004861111111111111,-0.004091403645452503,0.5372807017543859,0.0005372807017543859,0.0018705339674837081
2013-11-11,0.0011236538909277388,0.00010391704882247581,1.019736842105263,0.0010197368421052632,-6.606069499563797e-05,0.0011897145859233768,0.06657651924912504,0.9824561403508771,0.001019736842105263,0.0001039170488224756,-0.001361781553851106,-0.004656325761728701,0.0006676808591230825,0.003492433308690049,-0.0019448343043538877,0.5190058479532164,0.0005190058479532163,-0.0005850665429488543,0.5007309941520468,0.0005007309941520467,0.0006889835917713301
2013-11-12,0.0019897023893266836,0.000991895371782824,0.9978070175438596,0.0009978070175438597,0.0017702628324250877,0.00021943955690159587,0.07909234754124965,0.9824561403508771,0.0009978070175438597,0.000991895371782824,0.00035319037121586417,-0.002151911091165957,0.0036066021264643715,0.00014049067623947032,0.005252215221786902,0.5043859649122807,0.0005043859649122807,0.001265876867512807,0.4934210526315789,0.000493421052631579,-0.00027398149572998307
2013-11-13,0.00040208173263054384,-0.0007675089106443098,1.1769005847953216,0.0011769005847953216,0.0013871155363802533,-0.0009850338037497095,0.013891795339382071,0.9824561403508771,0.0011695906432748536,-0.0007748188521647778,0.002448636614706212,0.0009829040033988675,0.000202000029232157,0.0021041866182230046,0.003118399116752644,0.5847953216374269,0.0005847953216374269,0.0008023202147428264,0.5921052631578947,0.0005847953216374269,-0.0015698291253871365
2013-11-14,0.0004528288830108108,-0.0007039693626032242,1.1659356725146197,0.0011659356725146198,-0.0009799453845487477,0.0014327742675595587,0.012838533269842219,0.9824561403508771,0.0011567982456140349,-0.000713106789503809,-0.0024152558906402697,-0.003948918550357917,-0.003516102396810517,-0.0014946491008587118,-0.0022071851392735753,0.5994152046783625,0.0005975877192982455,-0.0015775331038469934,0.5665204678362573,0.0005592105263157894,0.0008735637412437692
2013-11-15,-0.0003357586048465135,-0.0014432147451973907,1.118421052631579,0.0011184210526315789,-0.002753670493558655,0.0024179118887121417,-0.03460163418441321,0.9824561403508771,0.0011074561403508773,-0.0014541796574780923,-0.0048070084445626235,-0.004819690458283091,-0.004104507870480631,-0.005306076488759167,-0.0056261293054846815,0.5445906432748537,0.0005427631578947368,-0.0032964336514533918,0.5738304093567251,0.0005646929824561403,0.0018532189062560015
2013-11-18,-0.0010122967461918542,-0.0022001622432678775,1.1878654970760234,0.0011878654970760233,0.0008929782411262516,-0.0019052749873181057,-0.10210396171742041,0.9824561403508771,0.0011878654970760233,-0.0022001622432678775,0.004871265092068746,0.0016071834738441567,0.004267044915045123,0.002799455899584385,0.0012850945422093727,0.6432748538011696,0.0006432748538011695,0.00024970338732508205,0.5445906432748537,0.0005445906432748538,-0.0024498656305929596
2013-11-19,0.0002300090536250159,-0.0010327833440358027,1.2646198830409356,0.0012646198830409355,0.0010824834807161288,-0.0008524744270911129,0.06488784600699968,0.9846491228070176,0.0012627923976608185,-0.0010346108294159197,0.0014075807523509325,0.0022799906381503897,0.002882045943620188,0.004395939886182414,0.0010807712686343326,0.625,0.000623172514619883,0.00045931096609624575,0.6396198830409356,0.0006396198830409356,-0.0014920943101320485
2013-11-20,0.0003517372392866973,-0.0007209966788419576,1.0818713450292397,0.0010818713450292396,0.00036921050244356795,-1.7473263156870644e-05,0.05587920246049422,0.9846491228070176,0.001072733918128655,-0.0007301341057425423,0.00051324765042045,-0.0009755884836542895,0.0044604898310514765,-0.0034662854918063933,0.002843208608195067,0.5372807017543859,0.000535453216374269,-0.000166242713930701,0.5445906432748537,0.0005372807017543859,-0.0005547539649112566
2013-11-21,0.0009116559629031356,1.801561202594259e-05,0.8954678362573099,0.0008954678362573099,0.00019353777266032835,0.0007181181902428072,0.0675300933290911,0.9846491228070176,0.000893640350877193,1.618812664582576e-05,-0.0006794612068717959,-0.003079694386625905,0.0025918534733057577,-0.0019838150253121472,0.0015628968213067303,0.445906432748538,0.000444078947368421,-0.0002505411747080927,0.4495614035087719,0.0004495614035087719,0.0002685567867340353
2013-11-22,-0.0002789888973040169,-0.0012786234002279935,1.0014619883040936,0.0010014619883040934,-0.002689241698418284,0.002410252801114267,-0.03727118464312228,0.9846491228070176,0.0009996345029239767,-0.0012804508856081103,-0.005845896612025293,-0.002795923633989345,-0.006630126025416836,-0.0036277552629966794,-0.006271578727702127,0.5080409356725146,0.0005062134502923976,-0.0031954551487106816,0.4934210526315789,0.000493421052631579,0.0019168317484826879
2013-11-25,-0.0012616956443676885,-0.0024166664046016066,1.162280701754386,0.0011622807017543858,0.0003246316259396693,-0.0015863272703073579,-0.07237724042846537,0.9846491228070176,0.001154970760233918,-0.002423976346122074,0.0023956608829744565,0.004694908569724026,-0.0005595293486225396,-0.0003841623184518915,0.0011681164653478528,0.6176900584795322,0.0006176900584795321,-0.0002930584325398628,0.5445906432748537,0.0005372807017543859,-0.002123607972061744
2013-11-26,-0.0003873156149396044,-0.0015696986558752768,1.1915204678362572,0.0011915204678362573,0.001985273777627425,-0.0023725893925670293,-0.03280305440661788,0.9846491228070176,0.0011823830409356723,-0.0015788360827758618,0.006536545473209414,0.0010983511326683511,0.006872446095517176,0.004405645449254598,0.003790295168597875,0.6140350877192982,0.0006122076023391813,0.001373066175288244,0.577485380116959,0.0005701754385964912,-0.0029427648311635204
2013-11-27,0.000475206585199341,-0.0004897056955024134,0.9649122807017543,0.0009649122807017543,-0.002101635742393669,0.00257684232759301,0.0567279138827023,0.9846491228070176,0.0009649122807017544,-0.0004897056955024133,-0.006593419798941313,-0.002262745731651649,-0.002172097354526518,-0.0041565874909703015,-0.0042633088134642234,0.5007309941520468,0.0005007309941520467,-0.0026023667365457155,0.4641812865497076,0.00046418128654970755,0.0021126610410433025
2013-11-28,0.00020617220886779732,-0.0008099096624772319,1.0160818713450293,0.0010160818713450292,0.0013506410045285317,-0.0011444687956607346,-0.02240640576943472,0.9846491228070176,0.0010160818713450292,-0.0008099096624772319,0.0025630072017469242,0.0017777011478634466,0.003966366533020322,0.00011983081812171971,0.0040015713409179005,0.49707602339181284,0.0004970760233918128,0.0008535649811367189,0.5190058479532164,0.0005190058479532163,-0.001663474643613951
2013-11-29,-0.000951882196957751,-0.0018510050039752949,0.8991228070175438,0.0008991228070175437,0.0007816975714075475,-0.0017335797683652985,-0.02564117789967782,0.993421052631579,0.0008991228070175439,-0.0018510050039752947,0.0027557158679281843,0.005017762835803471,-0.00041586976749290015,-0.0004223585647539939,0.002561426046521008,0.43859649122807015,0.00043859649122807013,0.0003431010801794774,0.4605263157894737,0.0004605263157894737,-0.002194106084154772
2013-12-02,0.001102705436623393,0.00018896274656491358,0.9137426900584795,0.0009137426900584795,-0.0018872970786412587,0.0029900025152646515,0.06514572453832015,0.993421052631579,0.0009137426900584795,0.0001889627465649136,-0.00730814512843879,-0.0033117121900009105,-0.007679796881714277,-0.006210521683747845,-0.0025690741110518836,0.5007309941520468,0.0005007309941520467,-0.0023880280727933056,0.4130116959064327,0.0004130116959064327,0.0025769908193582188
2013-12-03,-0.00021234711691043721,-0.0011882243098928933,0.9758771929824561,0.0009758771929824561,0.0022162655820631384,-0.0024286126989735753,-0.017113826165330297,0.993421052631579,0.0009758771929824562,-0.0011882243098928933,0.006073575526313417,0.00240226104587127,0.0064294761247442175,0.0021553502836388692,0.005585734344471495,0.5226608187134503,0.0005226608187134502,0.0016936047633496882,0.45321637426900585,0.0004532163742690058,-0.002881829073242581
2013-12-04,1.2771001140137833e-05,-0.001105650051491441,1.118421052631579,0.0011184210526315789,-8.29561745866215e-05,9.572717572675938e-05,0.043875366257360326,0.993421052631579,0.0011184210526315789,-0.001105650051491441,-0.0005547221880693627,0.0005646246823531819,0.001047799198061749,0.00283536490278366,-0.001667097938940178,0.5921052631578947,0.0005921052631578947,-0.0006750614377445162,0.5263157894736842,0.0005263157894736842,-0.0004305886137469248
2013-12-05,0.0030541925471465683,0.001862672079310311,1.1915204678362572,0.0011915204678362573,0.004207364310342228,-0.0011531717631956598,0.16838763628233386,0.993421052631579,0.0011915204678362573,0.001862672079310311,0.0019797308769081957,0.003031194403063148,0.005618394026108681,0.003825452278167349,0.010737107655527685,0.5957602339181286,0.0005957602339181287,0.0036116040764240997,0.5957602339181286,0.0005957602339181287,-0.0017489319971137885
2013-12-06,-0.0009439906541888804,-0.0020587567360602255,1.114766081871345,0.0011147660818713449,-0.0030892885978111733,0.0021452979436222927,-0.09963516907154905,0.993421052631579,0.001114766081871345,-0.002058756736060225,-0.004664185890016092,-0.00358746398849043,-0.004341332750474765,-0.004521776634084203,-0.007027346412201163,0.5519005847953216,0.0005519005847953216,-0.003641189182606495,0.5628654970760234,0.0005628654970760233,0.0015824324465462695
2013-12-09,0.0001538261630328446,-0.000843980854511015,0.9978070175438596,0.0009978070175438597,-0.0005260248486034231,0.0006798510116362677,0.030527320236666346,0.993421052631579,0.0009978070175438597,-0.000843980854511015,-0.001506705734814706,-0.001077052481380225,-0.0031615302107305824,-0.0015161904087753082,-0.0008234476371276929,0.5153508771929824,0.0005153508771929825,-0.0010413757257964056,0.48245614035087714,0.00048245614035087716,0.0001973948712853905
2013-12-10,-0.0007055335890307877,-0.0016887207235337116,0.9831871345029239,0.000983187134502924,-0.00042024343114581734,-0.0002852901578849703,0.0013374896503008675,0.993421052631579,0.000983187134502924,-0.0016887207235337116,0.0016639291622468219,-0.0017051385393040853,-0.0027478840667113876,-0.0024188097585317423,-5.409624998133383e-05,0.5007309941520468,0.0005007309941520467,-0.0009209744252978641,0.48245614035087714,0.00048245614035087716,-0.0007677462982358474
2013-12-11,0.000576631454684095,-0.0002895966154913434,0.8662280701754386,0.0008662280701754385,-0.0012218904496090473,0.0017985219042931423,0.022906946813583556,0.993421052631579,0.0008662280701754385,-0.0002895966154913435,-0.002846906087866821,-0.0052309143847921865,-0.0004462867121547889,-0.0036697011783889035,-0.001838877180179563,0.4276315789473684,0.0004276315789473684,-0.0016495220285564155,0.43859649122807015,0.00043859649122807013,0.0013599254130650723
2013-12-12,0.0014032583281132565,0.0005991647608617946,0.804093567251462,0.0008040935672514619,0.0020890271275780256,-0.000685768799464769,0.06661204486818866,0.993421052631579,0.0008040935672514619,0.0005991647608617946,0.0006542045607658734,0.0028963528168886466,0.004133879283923875,0.005903868335356982,0.0033289210202923636,0.42397660818713445,0.00042397660818713445,0.0016650505193908911,0.38011695906432746,0.00038011695906432747,-0.0010658857585290964
2013-12-13,0.0009334892498809016,6.726117970546301e-05,0.8662280701754386,0.0008662280701754385,0.0002966879908999044,0.0006368012589809971,0.06376189198825498,0.993421052631579,0.0008662280701754385,6.726117970546307e-05,-0.0005813299456809166,-0.002744237942149011,0.0014037800655228936,0.001413763594099109,0.0001851383602055428,0.4130116959064327,0.0004130116959064327,-0.0001163237050065283,0.45321637426900585,0.0004532163742690058,0.0001835848847119913
2013-12-16,0.0012306142962794355,7.166354607222349e-07,1.2353801169590644,0.0012353801169590643,-3.708039342945861e-05,0.0012676946897088944,0.058998513154541826,0.993421052631579,0.0012298976608187133,-4.765820679628746e-06,-0.0034982099206100513,-0.0005495814155654688,0.0007097636514255094,-0.001918031664964645,0.0008475301660834227,0.6432748538011696,0.0006432748538011695,-0.0006803552472306281,0.5921052631578947,0.0005866228070175438,0.0006810718826913506
2013-12-17,0.000852973026182203,-0.0005011936404844636,1.3596491228070176,0.0013596491228070175,0.0011132381430755405,-0.00026026511689333743,0.06798141946623823,0.993421052631579,0.0013541666666666667,-0.0005066760966248144,0.0013236859675003862,-0.0011493312051822362,0.007147845317210005,0.0037324763694383594,0.0014808162762200278,0.6615497076023391,0.0006615497076023391,0.00045168843547320134,0.6980994152046783,0.0006926169590643275,-0.0009528820759576649
2013-12-18,-0.00042693112460190043,-0.0013260539316194443,0.8991228070175438,0.0008991228070175437,-0.004015742139184543,0.0035888110145826427,0.008315129652975588,0.993421052631579,0.000899122807017544,-0.0013260539316194441,-0.006278772135280105,-0.009187537662364577,-0.009222462296791148,-0.0074047759764128375,-0.00837131585004513,0.4641812865497076,0.00046418128654970755,-0.004479923425734251,0.43494152046783624,0.00043494152046783625,0.0031538694941148065
2013-12-19,-0.0001317836774639169,-0.0011585865297807046,1.026814848938539,0.0010268148489385388,0.0007431658046585871,-0.0008749494821225039,-0.023934106850978017,0.9912472647702407,0.0010268028523167877,-0.0011585985264024557,0.0027024920075924557,-0.00019813901592080385,0.0049579197632478944,0.003264791802795693,0.0006003047457628318,0.5261598333909171,0.000526159833390917,0.00021700597126767006,0.5006550155476218,0.0005006430189258705,-0.0013755925010483744
2013-12-20,-0.000855022710130509,-0.0021114049129022086,1.2618526622902992,0.0012618526622902991,-0.0024222664931905767,0.0015672437830600678,-0.04991143213501868,0.9912472647702407,0.0012563822027716995,-0.002116875372420808,-0.0029685466328728304,-0.0034424605514454987,-0.006113889713215164,-0.005796322980350185,-0.004352747574205682,0.638220277169949,0.000638220277169949,-0.0030604867703605257,0.6236323851203501,0.0006181619256017506,0.0009490818574583172
2013-12-24,-0.000632715994806355,-0.0018745103055284559,1.2472647702407003,0.0012472647702407003,0.0023431008756949106,-0.0029758168705012657,-0.0594091448095565,0.9912472647702407,0.0012417943107221009,-0.0018799807650470553,0.006001814306800037,0.005995501583314627,0.0071695030922084525,0.00494444782995504,0.004538107433180329,0.6272793581327498,0.0006272793581327498,0.0017158215175621609,0.6199854121079504,0.0006145149525893509,-0.0035903318230906165
2013-12-25,0.001116993345757685,-3.545012616062302e-05,1.1524434719183079,0.001152443471918308,0.00012101665253901243,0.0009959766932186725,0.036195741048785,0.9912472647702407,0.001152443471918308,-3.5450126160622986e-05,-0.002411063969003384,-0.0011654300939147428,-0.002857111188060332,-0.003292196891731973,0.0019888883119565434,0.5944566010211525,0.0005944566010211525,-0.00047343994848214003,0.5579868708971554,0.0005579868708971554,0.00043798982232151715
2013-12-26,-0.0004966444615105511,-0.0014959150669080713,0.9992706053975201,0.0009992706053975201,0.000565638745442624,-0.001062283206953175,0.02528721625301003,0.9912472647702407,0.0009992706053975203,-0.001495915066908071,0.0023518444717071855,0.0017024628170340802,-0.0004905966655812304,0.0017066652886782222,0.0008417921017990045,0.4777534646243618,0.0004777534646243618,8.78852808182622e-05,0.5215171407731582,0.0005215171407731583,-0.0015838003477263334
2013-12-27,0.00038476896831143826,-0.0005962667720240834,0.9810357403355215,0.0009810357403355215,7.798453480117874e-05,0.00030678443351025953,0.07347363398816668,0.9912472647702407,0.0009810357403355215,-0.0005962667720240833,-0.000597843782193355,-0.0006617878115164655,-0.0014722726966944469,0.0009188486512991223,-0.00022200276295246567,0.4923413566739606,0.0004923413566739606,-0.0004143568218727819,0.4886943836615609,0.0004886943836615609,-0.00018190995015130134
2013-12-30,5.332336932931763e-05,-0.0008310675861776117,0.8862144420131292,0.0008862144420131292,0.0015576100291936207,-0.001504286659864303,0.038254966500150644,0.9912472647702407,0.0008843909555069293,-0.0008328910726838115,0.004406513957148812,0.00016082086538866304,0.00326394537609443,0.004070607629569182,0.0026512970290682347,0.44128373450036473,0.0004394602479941649,0.0011181497811994557,0.4449307075127644,0.0004449307075127644,-0.0019492173673770674
2014-01-06,1.3368404184690288e-05,-0.0009001983354214367,0.9153902261123268,0.0009153902261123269,0.0007412198687776114,-0.0007278514645929211,0.01764515590190383,0.9912472647702407,0.000913566739606127,-0.0009020218219276365,0.0019419369444967575,0.00047542437949266484,0.004918050910629015,0.001202384533352088,0.0016144999103402283,0.4814004376367615,0.00047957695113056163,0.00026164291764704974,0.4339897884755653,0.0004339897884755653,-0.0011618412530684864
2014-01-07,-0.002013244983941129,-0.003276921132737628,1.2691466083150986,0.0012691466083150987,-0.00294729892720298,0.0009340539432618508,-0.12547294930086766,0.9912472647702407,0.001263676148796499,-0.0032823915922562275,-0.0013406830068582363,-0.002918126474976742,-0.0004315976709140552,-0.002769646627561931,-0.007414461350923795,0.6528081692195478,0.0006528081692195478,-0.003600107096422528,0.6163384390955507,0.0006108679795769512,0.0003231859636848996
2014-01-08,-0.0020821666404991237,-0.003159847165663238,1.0831509846827134,0.0010831509846827134,-0.00047659643601759543,-0.0016055702044815285,-0.12739895505151808,0.9912472647702407,0.0010776805251641141,-0.003165317625181837,0.004245637290216864,0.0011283799856564474,0.001628524720467012,-0.0026773648446920483,-9.633306872322237e-05,0.5470459518599563,0.0005470459518599562,-0.0010236423878775516,0.5361050328227571,0.0005306345733041576,-0.002136204777785686
2014-01-09,-0.0013949638097604268,-0.0023249419279223523,0.9299781181619257,0.0009299781181619257,-0.0010318470658177068,-0.00036311674394272,-0.09111504631320932,0.9912472647702407,0.0009299781181619255,-0.0023249419279223523,0.00025481365168127237,0.0017300853462367443,-0.0049479085807735326,-0.0010848999810640773,-0.00253879909031304,0.4814004376367615,0.0004814004376367615,-0.0015132475034544683,0.4485776805251641,0.00044857768052516413,-0.0008116944244678842
2014-01-10,-0.0031208615336210076,-0.0040070759756341365,0.8862144420131292,0.0008862144420131292,0.004762737886688106,-0.007883599420309114,-0.11350757403052332,0.9912472647702407,0.000886214442013129,-0.0040070759756341365,0.01826575132066207,0.010937132716996551,0.014052763748346537,0.007840660411729254,0.01031731173691519,0.4741064916119621,0.0004741064916119621,0.004288631395076144,0.41210795040116704,0.00041210795040116704,-0.008295707370710281
2014-01-14,0.00018848345002140112,-0.0009129023997233107,1.101385849744712,0.001101385849744712,-0.0006891335008503437,0.0008776169508717448,-0.03745461558500101,0.9912472647702407,0.0011013858497447117,-0.0009129023997233108,-0.0004716585089622377,-0.004482954206920604,-0.002799830429991969,-0.001509608368529283,-0.0013073176648378461,0.5762217359591539,0.0005762217359591539,-0.0012653552368094975,0.525164113785558,0.000525164113785558,0.0003524528370861869
2014-01-15,-0.002117313687768173,-0.0032861685382422796,1.1743253099927062,0.0011743253099927061,-0.001874627396937746,-0.00024268629083042738,-0.1571380587256193,0.9912472647702407,0.0011688548504741065,-0.0032916389977608795,0.0006761388073544499,9.538045426579743e-05,-0.0012497268092952099,-0.003007567393323982,-0.004099766476566181,0.5652808169219548,0.0005652808169219548,-0.002439908213859701,0.6090444930707513,0.0006035740335521518,-0.0008462603243825791
2014-01-16,0.0009763113212903707,-0.0003201875846177257,1.301969365426696,0.0013019693654266959,0.002903993595966654,-0.0019276822746762837,0.03637465820497813,0.9912472647702407,0.0012964989059080965,-0.0003256580441363252,0.002639544094016833,0.006493918706061099,0.005464755422062743,0.004705915741130893,0.006327781280354358,0.6345733041575493,0.0006345733041575492,0.002269420291809105,0.6673960612691466,0.0006619256017505471,-0.0025896078764268307
2014-01-17,-0.0006914459981640302,-0.0017089514686235488,1.0175054704595186,0.0010175054704595187,-0.00011004254941808798,-0.0005814034487459423,-0.03299214287761266,0.9912472647702407,0.0010175054704595187,-0.001708951468623549,0.0009814023722051679,0.0015711774409832258,0.00015242150927302978,-0.0006247088234485419,-1.9015386777511684e-05,0.5397520058351568,0.0005397520058351568,-0.0006497945552532448,0.4777534646243618,0.0004777534646243618,-0.0010591569133703042
2014-01-20,0.0002668671138338037,-0.0007542853296381147,1.0211524434719184,0.0010211524434719185,-0.0014602151818992966,0.0017270822957331003,0.0336401689411693,0.9912472647702407,0.0010211524434719185,-0.0007542853296381147,-0.004730556898252495,-0.0008716984284269663,-0.00041827688797143264,-0.0019211148747117362,-0.003401959522580469,0.5288110867979577,0.0005288110867979577,-0.001989026268697254,0.4923413566739606,0.0004923413566739606,0.0012347409390591397
2014-01-21,0.00035608579989102003,-0.000531952128628309,0.8898614150255288,0.0008898614150255288,0.0012005704505771827,-0.0008444846506861628,0.02217062397164589,0.9912472647702407,0.0008880379285193291,-0.0005337756151345089,0.0008100564363719082,0.003568920433452961,0.0032608782914938547,0.0032324390850623145,0.0019971375947876015,0.463165572574763,0.0004613420860685631,0.0007392283645086197,0.42669584245076586,0.0004266958424507659,-0.0012711804931369287
2014-01-22,-0.0002156025060363375,-0.0008428818641690874,0.6272793581327498,0.0006272793581327498,-0.0027888764750752405,0.002573273969038903,0.04748094713010943,0.9912472647702407,0.0006272793581327499,-0.0008428818641690873,-0.004136546459989005,-0.007387032908897242,-0.0024308894806661157,-0.004944457483812206,-0.005893579811892191,0.2954048140043764,0.00029540481400437636,-0.003084281289079617,0.33187454412837347,0.00033187454412837345,0.0022413994249105293
2014-01-23,0.0005430043929553107,-0.0004471487799112101,0.9919766593727207,0.0009919766593727208,-9.558808402263544e-05,0.0006385924769779461,-0.03126015767945739,0.9912472647702407,0.0009901531728665207,-0.0004489722664174101,-0.0009291295526352139,-0.002036866780566207,-0.00427344805016571,-0.0034494043039870934,0.001421061339047893,0.47045951859956237,0.00046863603209336256,-0.000564224116115998,0.5215171407731582,0.0005215171407731583,0.00011707533620478776
2014-01-24,0.0019775950946943335,0.000967383570259614,1.0102115244347192,0.0010102115244347192,0.0058364335644356296,-0.0038588384697412965,0.06203971754325316,0.9912472647702407,0.0010102115244347196,0.0009673835702596143,0.006630353490433138,0.010184113347345787,0.011293687073908463,0.008597825826474543,0.013142924002865848,0.5433989788475565,0.0005433989788475566,0.005293034585588073,0.4668125455871627,0.0004668125455871627,-0.004325651015328459
2014-01-27,-0.0009267372496383163,-0.0021758255063852165,1.2545587162654996,0.0012545587162654996,0.0027395597983923305,-0.003666297048030647,-0.04400161515978231,0.9912472647702407,0.0012490882567469002,-0.002181295965903816,0.007013369219904382,0.007913597414039564,0.004591464637009816,0.00804041970358814,0.0041885673935425725,0.6345733041575493,0.0006345733041575492,0.0021049864942347812,0.6199854121079504,0.0006145149525893509,-0.004280812000619998
2014-01-28,-0.00023358911607916923,-0.0014917948053570686,1.2582056892778994,0.0012582056892778994,-0.005262378071514944,0.005028788955435774,-0.004733817485395532,0.9912472647702407,0.0012582056892778994,-0.0014917948053570686,-0.010963421666807497,-0.008137563477674713,-0.006860577948089765,-0.010137572920465977,-0.010670483688349951,0.6309263311451495,0.0006309263311451496,-0.005893304402660094,0.6272793581327498,0.0006272793581327498,0.004401509597303024
2014-01-29,-0.0005801840884218337,-0.0019058587784291279,1.3311451495258937,0.0013311451495258936,0.005336530606116561,-0.0059167146945383955,-0.025454773589762326,0.9912472647702407,0.0013256746900072941,-0.0019113292379477273,0.013078847931542254,0.009525208171375922,0.014419380946961245,0.009969085848386926,0.010974818327125609,0.6601021152443473,0.0006601021152443472,0.004676428490872214,0.6710430342815463,0.0006655725747629468,-0.0065822872693013425
2014-01-30,0.0013664594749666214,0.00031977822040790504,1.0466812545587163,0.0010466812545587164,-0.001060454700624325,0.0024269141755909464,0.032372903629229954,0.9912472647702407,0.0010466812545587164,0.000319778220407905,-0.004565421578354839,-0.00557820640314528,-0.0031870981689144837,-0.0014000306794051524,-0.0024682095978071253,0.550692924872356,0.000550692924872356,-0.001611147625496681,0.49598832968636036,0.0004959883296863603,0.001930925845904586
2014-01-31,0.0013567283289657507,0.00021340228957844213,1.148796498905908,0.0011487964989059082,-0.0026945289622281854,0.004051257291193936,0.034391078823979855,0.9912472647702407,0.0011433260393873086,0.00020793183005984243,-0.006229784300099177,-0.011817903156840727,-0.0029932361296654106,-0.003145599315022864,-0.006475163832711175,0.5579868708971554,0.0005579868708971554,-0.003252515833125341,0.5908096280087528,0.0005853391684901532,0.003465918122703783
2014-02-03,0.0014511815400000425,0.00019479933722834305,1.261852662290299,0.0012618526622902991,0.00827890662922531,-0.0068277250892252676,0.057777332564652215,0.9912472647702407,0.0012563822027716995,0.00018932887770974332,0.015649856188003276,0.009826714776574243,0.017076384299721276,0.015053591049969365,0.017229758749564936,0.6126914660831511,0.000612691466083151,0.007666215163142159,0.6491611962071481,0.0006436907366885485,-0.007471415825913816
2014-02-04,-0.0017253732378402738,-0.002797583303485788,1.0722100656455142,0.0010722100656455143,-0.00512618869346994,0.0034008154556296652,-0.020822549035047884,0.9912472647702407,0.001072210065645514,-0.002797583303485788,-0.007024059011499618,-0.006506594747174758,-0.012495336705734638,-0.0041269088929452085,-0.013237245490439678,0.5397520058351568,0.0005397520058351568,-0.005665940699305097,0.5324580598103574,0.0005324580598103574,0.002868357395819308
2014-02-05,0.0030049911329805236,0.001832489309494017,1.1779722830051058,0.001177972283005106,0.005988831568402158,-0.0029838404354216343,0.1279164722803624,0.9912472647702407,0.0011725018234865065,0.0018270188499754177,0.005516529097127432,0.006827436713338202,0.006847459708116229,0.00794433641676959,0.013920329446661469,0.5579868708971554,0.0005579868708971554,0.005430844697505002,0.6199854121079504,0.0006145149525893509,-0.003598355388010985
2014-02-06,0.002746311667836363,0.001291169435888879,1.4551422319474836,0.0014551422319474838,-0.0004426483221383387,0.0031889599899747015,0.129090535437344,0.9912472647702407,0.001455142231947484,0.0012911694358888792,-0.008710677133185301,-0.0016050666592970439,-0.0012894983475749352,-0.002054983649858538,-0.00030296102023661965,0.7366885485047411,0.0007366885485047411,-0.0011793368706430798,0.7184536834427425,0.0007184536834427426,0.002470506306531959
2014-02-07,0.0009326414940027803,-0.0003383286008185182,1.276440554339898,0.001276440554339898,0.00039039619995530486,0.0005422452940474754,-0.013009962303471897,0.9912472647702407,0.0012709700948212986,-0.0003437990603371177,-0.0011956658816074204,-0.000879145420907615,-0.004422670069745602,-0.0025650880633459,0.0024321537490215547,0.638220277169949,0.000638220277169949,-0.00024782407721464413,0.638220277169949,0.0006327498176513495,-9.050452360387406e-05
2014-02-10,0.0017859977388924042,0.0007867271334948841,0.9992706053975201,0.0009992706053975201,-0.0008657575422987227,0.002651755281191127,0.046981502341284606,0.9912472647702407,0.0009992706053975201,0.0007867271334948841,-0.004796564066473803,-0.006496077363341298,-0.0003517246794689132,-0.006026895374244989,0.00040035892858518706,0.4814004376367615,0.0004814004376367615,-0.0013471579799354842,0.5178701677607586,0.0005178701677607585,0.0021338851134303683
2014-02-12,-0.0005599108467479364,-0.001502653370453261,0.9445660102115245,0.0009445660102115245,0.0011281827330877176,-0.0016880935798356542,-0.02997817623778787,0.9912472647702407,0.0009427425237053247,-0.001504476856959461,0.0036733610246674165,0.0028392283027621366,0.00549975578589057,0.001845949488830765,0.0024595649827746494,0.48504741064916124,0.00048322392414296134,0.0006449588089447563,0.45951859956236324,0.00045951859956236326,-0.0021476121793980174
2014-02-13,0.0009854741478267052,2.4496759059381997e-05,0.962800875273523,0.000962800875273523,0.0016475164847622524,-0.000662042336935547,-0.011874492459141057,0.9934354485776805,0.0009609773887673231,2.2673272553182136e-05,0.0021712047331647966,-0.00040941183513335493,0.0015044920106355574,0.0009443538636648303,0.004443270862228911,0.49598832968636036,0.0004941648431801605,0.0011533516415820919,0.4668125455871627,0.0004668125455871627,-0.0011288548825227097
2014-02-14,3.600426604656394e-05,-0.0008830329330781627,0.9190371991247265,0.0009190371991247265,0.000892514556274171,-0.000856510290227607,0.058658434659835015,0.9934354485776805,0.0009190371991247266,-0.0008830329330781625,0.003662238108004448,-0.002293725491146053,0.001197974953541228,0.004932388949833231,0.00022069341427136558,0.437636761487965,0.000437636761487965,0.000454877794786206,0.4814004376367615,0.0004814004376367615,-0.0013379107278643685
2014-02-17,-0.0005613005174938296,-0.0016189226910897452,1.0576221735959155,0.0010576221735959155,-0.003921730726309098,0.003360430208815268,-0.0299694762162306,0.9934354485776805,0.0010576221735959157,-0.001618922691089745,-0.007406504584747102,-0.005393967223829509,-0.006082571768344078,-0.006035132271161772,-0.0087036961610445,0.5543398978847557,0.0005543398978847556,-0.004476070624193853,0.5032822757111598,0.0005032822757111597,0.0028571479331041087
2014-02-18,-0.0017171656805602818,-0.002720083258970202,1.0029175784099198,0.0010029175784099199,0.0007470083451430823,-0.0024641740257033643,-0.07942063479595936,0.9934354485776805,0.00100291757840992,-0.002720083258970202,0.004993131263740418,0.004860863855814471,-0.0006756897998740377,0.002068354466814748,0.0012034734782408927,0.5433989788475565,0.0005433989788475566,0.0002036093662955257,0.45951859956236324,0.00045951859956236326,-0.0029236926252657275
2014-02-19,-0.001121044212933158,-0.0020072586549462874,0.8862144420131292,0.0008862144420131292,0.0028462985520819827,-0.003967342765015141,-0.08064799803283335,0.9934354485776805,0.0008862144420131294,-0.002007258654946287,0.008951468864241217,0.005939556194538419,0.00564955158014165,0.004948000747428291,0.0060360981410097,0.42669584245076586,0.0004266958424507659,0.002419602709631217,0.45951859956236324,0.00045951859956236326,-0.004426861364577504
2014-02-20,-0.0019133199258008406,-0.0029180609907169604,1.0065645514223196,0.0010065645514223196,-0.0022095893431220794,0.0002962694173212387,-0.12956761125504015,0.9934354485776805,0.0010047410649161198,-0.0029198844772231605,1.618399124212999e-05,-0.0018590112679496536,-0.004703019905489035,-0.006840964934762036,-0.00323941278064981,0.4923413566739606,0.0004905178701677608,-0.00270010721328984,0.5142231947483589,0.0005142231947483589,-0.0002179537774271202
2014-02-21,-0.0010368625798561847,-0.0017790215878795254,0.7439824945295406,0.0007439824945295405,0.0024328145745002028,-0.003469677154356388,-0.06470802557053426,0.9956236323851203,0.0007421590080233407,-0.001780845074385725,0.006620223426215049,0.0076072204558386,0.009153240984885791,0.003266279774464111,0.005635456810759115,0.3610503282275711,0.0003592268417213713,0.0020735877327788315,0.38293216630196936,0.0003829321663019694,-0.0038526093206583574
2014-02-24,0.00010777995199098695,-0.000743788246404345,0.8533916849015318,0.0008533916849015318,-0.003744248769857179,0.003852028721848166,0.0027269970928677167,0.9956236323851203,0.0008515681983953319,-0.0007456117329105448,-0.008633773055287734,-0.005820425654317679,-0.00777360631703667,-0.006248110306920527,-0.00810334835742842,0.41575492341356673,0.0004139314369073669,-0.004158180206764546,0.437636761487965,0.000437636761487965,0.0034143919603602008
2014-02-25,-8.615870865417684e-05,-0.0009322564475309092,0.8460977388767323,0.0008460977388767323,0.0011049530346029775,-0.0011911117432571543,0.0408524700432885,0.9956236323851203,0.0008460977388767323,-0.0009322564475309092,0.001912190661822552,0.0033484733136319314,0.002012104725237649,0.003006904428872613,0.0018224719868355306,0.41575492341356673,0.00041575492341356675,0.0006891981111894108,0.4303428154631656,0.0004303428154631656,-0.0016214545587203198
2014-02-26,-0.0008922651644208798,-0.0016344241724442206,0.7439824945295406,0.0007439824945295405,-0.0006268110338706809,-0.00026545413055019905,-0.06876297826912249,0.9956236323851203,0.0007421590080233407,-0.0016362476589504202,0.0012026779259799215,-0.000841307702073071,0.006637442761875904,-0.002532532404783203,-0.0006156669681489667,0.36834427425237054,0.0003665207877461707,-0.0009933318216168517,0.37563822027717,0.00037563822027716996,-0.000641092350827369
2014-02-27,0.00016222347014672523,-0.000497878645097622,0.6601021152443473,0.0006601021152443472,-0.0012779552347476912,0.0014401787048944163,0.006855583553937368,0.9956236323851203,0.0006601021152443472,-0.000497878645097622,-0.002082362754104059,-0.004518213944543901,-0.001975206032690296,-0.002816139638637058,-0.002416097519672074,0.32458059810357404,0.00032458059810357403,-0.0016025358328512654,0.33552151714077316,0.00033552151714077316,0.0011046571877536431
2014-02-28,0.0008943831924000051,-2.1007033712321743e-05,0.9153902261123268,0.0009153902261123269,2.458520177616006e-05,0.0008697979906238451,0.058617315909224095,0.9956236323851203,0.0009153902261123269,-2.100703371232175e-05,-0.0013615156000041297,-0.0025164260850817416,-0.0026898447577491315,0.004938341831404897,-0.002369057510890214,0.45587162654996355,0.00045587162654996355,-0.0004312864247738035,0.45951859956236324,0.00045951859956236326,0.0004102793910614818
2014-03-03,0.001175812328947948,0.00019112961560002653,0.9846827133479212,0.0009846827133479213,0.0038647149028669704,-0.0026889025739190225,0.09583319532310954,0.9956236323851203,0.0009846827133479213,0.00019112961560002664,0.005673389794400719,0.0047854494374162185,0.009694248372752269,0.006528958659318711,0.008289534862686108,0.5069292487235595,0.0005069292487235595,0.0033577856541434107,0.4777534646243618,0.0004777534646243618,-0.003166656038543384
2014-03-04,-0.0012114585442889847,-0.0022781981504158993,1.0685630926331147,0.0010685630926331145,-0.002356658087827304,0.0011451995435383196,-0.08072578939724778,0.9956236323851203,0.0010667396061269146,-0.0022800216369220994,-0.0018044647967899938,-0.003288954522967284,-0.004281980789976613,-0.003785056079372783,-0.00517247960989643,0.5433989788475565,0.0005415754923413567,-0.002898233580168661,0.525164113785558,0.000525164113785558,0.0006200354297527616
2014-03-05,5.485067683721128e-05,-0.0009316555230169099,0.988329686360321,0.000988329686360321,0.000199624923333581,-0.00014477424649636967,0.020583821464878735,0.9956236323851203,0.0009865061998541212,-0.0009334790095231098,0.0013316258846430902,-0.0018402773999524388,0.0006254803030609358,0.00016603299641557165,0.0005128549200126023,0.45587162654996355,0.0004540481400437637,-0.0002544232167101827,0.5324580598103574,0.0005324580598103574,-0.000677232306306727
2014-03-06,2.3014107687896147e-05,-0.0008595533613128334,0.8825674690007295,0.0008825674690007294,-2.2390602380633544e-05,4.540471006852976e-05,0.011844334659080776,0.9956236323851203,0.0008825674690007295,-0.0008595533613128333,-0.00020110128075951145,0.00013447436286853797,-0.0037728188316070556,-0.001003179485928135,0.00042940395040174365,0.45587162654996355,0.00045587162654996355,-0.0004782622289305971,0.42669584245076586,0.0004266958424507659,-0.0003812911323822361
2014-03-07,-0.0012061716395159994,-0.0021507376497275237,0.9445660102115245,0.0009445660102115245,0.0008174231037550097,-0.002023594743271009,-0.08748901226295151,0.9956236323851203,0.0009445660102115243,-0.002150737649727524,0.0033801197869516133,0.005419970182341383,0.0037823553154813726,0.0004412754401523605,0.0022180367665509924,0.4886943836615609,0.0004886943836615609,0.0003287287200934489,0.45587162654996355,0.00045587162654996355,-0.0024794663698209725
2014-03-10,0.0005649205864361132,-0.0003759984507630116,0.9409190371991248,0.0009409190371991248,-0.0021294014443359478,0.002694322030772061,0.06856857494464728,0.9956236323851203,0.0009409190371991248,-0.00037599845076301155,-0.00665333202060326,-0.0028150345542710927,-0.0059109242265649444,-0.00546265771282272,-0.003644901631559599,0.49598832968636036,0.0004959883296863603,-0.002625389774022308,0.4449307075127644,0.0004449307075127644,0.0022493913232592964
2014-03-11,0.00019000677264780245,-0.0007946759407001189,0.9846827133479212,0.0009846827133479213,0.0023686036980147193,-0.002178596925366917,0.05555539985171332,0.9956236323851203,0.0009846827133479213,-0.0007946759407001188,0.005392955315242412,0.002249319731851262,0.00677367847501025,0.004151133144685832,0.005006462781656854,0.49598832968636036,0.0004959883296863603,0.001872615368328359,0.4886943836615609,0.0004886943836615609,-0.0026672913090284777
2014-03-12,-0.00032081199147543333,-0.0011596157843273664,0.838803792851933,0.0008388037928519329,-0.0034099037283596817,0.0030890917368842485,-0.047315552520746124,0.9956236323851203,0.0008388037928519331,-0.0011596157843273662,-0.003988206527982889,-0.010669198970649668,-0.010062553963448087,-0.007826679882611265,-0.0062921920397544795,0.4194018964259665,0.00041940189642596646,-0.0038293056247856484,0.4194018964259665,0.00041940189642596646,0.0026696898404582822
2014-03-13,0.0009959061984582225,2.216440414750035e-05,0.9737417943107222,0.0009737417943107222,0.0035613671833327103,-0.002565460984874488,0.06492064624455073,0.9956236323851203,0.0009737417943107221,2.216440414750027e-05,0.005265016585813863,0.00486817502572687,0.0036143799335844793,0.007817178712425018,0.006748317937548814,0.4923413566739606,0.0004923413566739606,0.0030690258266587497,0.4814004376367615,0.0004814004376367615,-0.003046861422511249
2014-03-14,0.00029246038556795335,-0.0006648700301869701,0.9591539022611233,0.0009591539022611234,0.004350007488010071,-0.004057547102442117,0.017678854880338768,0.9956236323851203,0.0009573304157549235,-0.00066669351669317,0.007946883370574026,0.008477025453262628,0.009788276864395415,0.009087965319557634,0.008519713193828998,0.49598832968636036,0.0004941648431801605,0.0038558426448299108,0.463165572574763,0.00046316557257476297,-0.004520712675016881
2014-03-17,-0.0025479306591565,-0.0037076680770996074,1.163384390955507,0.001163384390955507,-0.0023457732979229946,-0.00020215736123350557,-0.17884902021234042,0.9956236323851203,0.0011597374179431073,-0.003711315050112007,0.0013217793631521738,-0.001454333032082918,-2.0164613719536907e-05,-0.0047404852601157675,-0.004646945206034974,0.5908096280087528,0.000588986141502553,-0.0029347594394255475,0.5725747629467542,0.0005707512764405544,-0.0007729086376740599
2014-03-18,0.0008744285810858081,-0.0006208303539980724,1.49890590809628,0.0014989059080962803,0.000224744131670552,0.0006496844494152561,0.06838691102544568,0.9956236323851203,0.0014952589350838805,-0.0006244773270104722,-0.0005516717978264661,-0.0028308815695472964,-0.0010559266892257737,-0.0013245851453652377,0.0013177301352771853,0.7658643326039387,0.0007640408460977389,-0.0005392967144271869,0.7330415754923414,0.0007312180889861415,-8.153363957088546e-05
2014-03-19,0.0009197568394957135,-3.027963023441053e-05,0.9518599562363239,0.000951859956236324,0.0011546589880706965,-0.00023490214857498288,0.047522313068336715,0.9956236323851203,0.000950036469730124,-3.2103116740610465e-05,0.0007491641980180818,-0.000100287490631183,-0.0006157260950736766,0.0016811702079637296,0.0026099375007242963,0.44128373450036473,0.0004394602479941649,0.0007151987400765315,0.5105762217359592,0.0005105762217359591,-0.000745478370310942
2014-03-20,-0.0035947339686799263,-0.004634121277213844,1.039387308533917,0.0010393873085339169,-0.0007145899359573658,-0.0028801440327225606,-0.10971366912707047,0.9956236323851203,0.0010393873085339173,-0.004634121277213844,0.007677541480569986,0.0018533706124463836,0.0044470170537407,0.006019715325772395,-0.005106930519153845,0.525164113785558,0.000525164113785558,-0.0012397540497429238,0.5142231947483589,0.0005142231947483589,-0.0033943672274709194
2014-03-24,0.00022676603131203168,-0.000978558549286072,1.2071480671043036,0.0012071480671043036,-0.00038932984236375584,0.0006160958736757876,0.01975486836372531,0.9956236323851203,0.0012053245805981037,-0.0009803820357922718,-0.0013526460132234574,-0.0009778034141833599,-0.0022492434713207938,-0.002620125698481811,0.0001354508315737018,0.6199854121079504,0.0006199854121079504,-0.0010093152544717063,0.587162654996353,0.0005853391684901532,3.075670518563444e-05
2014-03-25,-0.000713306140416792,-0.0018985723694466975,1.1852662290299052,0.0011852662290299052,-0.0050657721010341095,0.004352465960617317,-0.032298341584221485,0.9956236323851203,0.0011852662290299054,-0.0018985723694466973,-0.00841421868372783,-0.009216220824138635,-0.008703389025133955,-0.012500318806183493,-0.008915980482850042,0.5981035740335522,0.0005981035740335521,-0.005663875675067662,0.587162654996353,0.0005871626549963531,0.003765303305620964
2014-03-26,-0.0016684794715667857,-0.0027990411054106953,1.1305616338439097,0.0011305616338439096,-0.0016117866939810378,-5.669277758574785e-05,-0.09083747071769645,0.9978118161925602,0.0011305616338439096,-0.0027990411054106953,0.0012690089703365792,-0.002224256388064906,-0.003204185024870224,-0.003733543995032354,-0.002957344127343787,0.587162654996353,0.0005871626549963531,-0.0021989493489773908,0.5433989788475565,0.0005433989788475566,-0.0006000917564333044
2014-03-27,0.00044561256681093685,-0.0007651824733057663,1.2107950401167031,0.0012107950401167033,0.002947872160871209,-0.002502259594060272,0.022846208265994053,0.9978118161925602,0.0012107950401167031,-0.0007651824733057664,0.006555436814972217,0.0018246020596457706,0.004553410881905173,0.0027596532606555427,0.007421112208163676,0.6090444930707513,0.0006090444930707513,0.0023388276678004576,0.6017505470459519,0.0006017505470459519,-0.003104010141106224
2014-03-28,-0.0014722358312432816,-0.002635620222198789,1.163384390955507,0.001163384390955507,-0.002398050451008558,0.0009258146197652763,-0.11515883632663547,0.9978118161925602,0.0011633843909555073,-0.002635620222198789,-0.0015242363825747147,-0.00249733234159923,-0.0021802051164288203,-0.004471609653226201,-0.004935730374399504,0.5616338439095551,0.000561633843909555,-0.002959684294918113,0.6017505470459519,0.0006017505470459519,0.00032406407271932437
2014-03-31,-0.0011637535478899949,-0.0023964304260810964,1.2326768781911015,0.0012326768781911015,-0.0007553552250592733,-0.0004083983228307216,-0.02991116910269277,0.9978118161925602,0.0012326768781911015,-0.0023964304260810964,-0.0009632096412399108,0.004408749606906718,0.0034852018426740866,-0.005663767166363141,0.000549815253894241,0.6309263311451495,0.0006309263311451496,-0.0013862815562044229,0.6017505470459519,0.0006017505470459519,-0.0010101488698766735
2014-04-01,-0.0003825162733473859,-0.0015143957544261253,1.133698986173354,0.001133698986173354,-0.0015196526268501237,0.001137136353502738,0.0004078956860253647,0.9956331877729258,0.0011318794810787395,-0.00151621525952074,-0.00243082296661156,-0.001974430155873086,0.0007349962314755226,-0.002129147387532736,-0.0034861340839747235,0.5650220251688916,0.0005650220251688915,-0.002084674652019015,0.5686769610044624,0.0005668574559098481,0.0005702788975928898
2014-04-02,-0.00023350518876776705,-0.0013179302251578688,1.0844250363901018,0.0010844250363901018,-0.0023890125265613117,0.0021555073377935445,0.0001719920066113778,0.9956331877729258,0.0010844250363901018,-0.0013179302251578688,-0.00572356620558023,-0.0014614516780507745,-0.006867292162413497,-0.0030838729998154237,-0.005610700226167898,0.5822416302765647,0.0005822416302765647,-0.0029712541568378764,0.5021834061135371,0.0005021834061135371,0.0016533239316800074
2014-04-03,0.0016414912421228067,0.0005643442261111621,1.0771470160116448,0.0010771470160116448,0.0001849166613511777,0.0014565745807716291,0.08417597604514569,0.9956331877729258,0.0010771470160116448,0.000564344226111162,-0.003301047589059298,-0.002146007035613073,-0.0026558117539879724,-0.0008915368652574541,0.0009932611511795412,0.5676855895196506,0.0005676855895196506,-0.00038276892816847287,0.5094614264919942,0.0005094614264919942,0.0009471131542796349
2014-04-04,0.0002179377764721673,-0.0008592092395394773,1.0771470160116448,0.0010771470160116448,0.0020034674438071305,-0.001785529667334963,-0.006504309924786718,0.9956331877729258,0.0010771470160116446,-0.0008592092395394775,0.0039042874422578248,0.0029215357310206224,0.004037784947557108,0.0012854189067855702,0.005348546666298435,0.5604075691411936,0.0005604075691411936,0.001443059874665937,0.5167394468704513,0.0005167394468704512,-0.0023022691142054142
2014-04-07,-0.0004417235038142605,-0.0013423785256483215,0.9024745269286754,0.0009024745269286754,0.00028374428791516084,-0.0007254677917294212,-0.004106673011429432,0.9956331877729258,0.000900655021834061,-0.001344198030742936,0.0011840227963548708,0.0020134609823945437,-0.0007088505552796868,0.0026663604565180907,-0.0004711572875270319,0.4512372634643377,0.0004512372634643377,-0.00016749297554917686,0.4512372634643377,0.00044941775836972343,-0.0011748855500991447
2014-04-08,-0.0009868073110904261,-0.0015945220126915903,0.6077147016011645,0.0006077147016011645,0.004881144164788091,-0.005867951475878516,-0.08362494352359606,0.9956331877729258,0.0006077147016011642,-0.0015945220126915905,0.012226027962709517,0.01098779166955715,0.01440432356895391,0.009954114527643488,0.009656806581260747,0.31295487627365354,0.00031295487627365357,0.0045681892885144374,0.29475982532751094,0.0002947598253275109,-0.006162711301206027
2014-04-09,-0.00036223612239389937,-0.0011409843028888044,0.7787481804949054,0.0007787481804949054,-0.00749838227377991,0.00713614615138601,0.003841154814320771,0.9956331877729258,0.0007787481804949049,-0.0011409843028888048,-0.017135775467629413,-0.008827635051573602,-0.012198434136410372,-0.010688390770073943,-0.01711123553039516,0.38209606986899564,0.00038209606986899563,-0.007880478343648906,0.39665211062590977,0.00039665211062590974,0.0067394940407601005
2014-04-10,-0.0003279963881302141,-0.0014542700416964437,1.1280931586608443,0.0011280931586608442,0.003123158303708443,-0.003451154691838657,-0.05766174399135357,0.9956331877729258,0.0011262736535662297,-0.0014560895467910582,0.00781488452586104,0.00509795406528994,0.007595406494911831,0.00518668716106338,0.006763583000333655,0.5531295487627366,0.0005531295487627365,0.0025700287549457065,0.5749636098981077,0.0005731441048034934,-0.004024298796642151
2014-04-11,0.00013812322396124205,-0.0010682086537680154,1.208151382823872,0.0012081513828238718,0.0015487562329670346,-0.0014106330090057925,-0.04509189992317943,0.9956331877729258,0.0012063318777292575,-0.0010700281588626296,0.0030026163667369755,0.0025143705824555392,0.005969814734456629,0.0022396412512851963,0.0035184188683246164,0.5858806404657932,0.0005858806404657932,0.0009628755925012414,0.6222707423580786,0.0006204512372634644,-0.002031084246269257
2014-04-14,-0.0007727505165303296,-0.0017898538644197035,1.0189228529839884,0.0010189228529839884,-0.0005619576786001644,-0.00021079283793016515,-0.03074379265787765,0.9956331877729258,0.0010171033478893739,-0.001791673369514318,-0.0001149579792001548,0.0015222667988805249,-0.0018014656607211689,-0.00024031512924766938,-0.0015596916488973506,0.5240174672489083,0.0005240174672489083,-0.0010859751458490727,0.49490538573508003,0.0004930858806404658,-0.000703878718570631
2014-04-15,-0.00023150653170185477,-0.0013323071139434849,1.1026200873362446,0.0011026200873362445,-0.0006248390561082972,0.0003933325244064424,0.006507726984520719,0.9956331877729258,0.0011008005822416302,-0.0013341266190380991,-0.0001012032626411782,-0.002173149028715234,-0.004349899601874686,-0.0034150600724187886,-0.0001773971665598388,0.5713245997088792,0.0005713245997088791,-0.0011961636558171763,0.5312954876273653,0.0005294759825327511,-0.00013614345812630867
2014-04-16,-0.0006334176014626548,-0.001266605374388419,0.6331877729257642,0.0006331877729257642,0.0016841400190208402,-0.0023175576204834954,-0.05811747851365495,0.9956331877729258,0.0006331877729257642,-0.001266605374388419,0.00574976901352109,0.002497491294031765,-0.0013922396199096431,0.0037229841626841283,0.003189194541573903,0.35298398835516737,0.00035298398835516737,0.001331156030665673,0.2802037845705968,0.0002802037845705968,-0.0025977614050540923
2014-04-17,-0.00011747121360631014,-0.0008525512718304731,0.735080058224163,0.000735080058224163,-0.000980062823035217,0.000862591609428907,-0.06261319010368878,0.9956331877729258,0.000735080058224163,-0.0008525512718304731,-0.0017611713888156634,-0.0016873313821722696,0.0011932535626689009,-0.0011578353290474517,-0.00235477995976542,0.35298398835516737,0.00035298398835516737,-0.0013330468113903844,0.38209606986899564,0.00038209606986899563,0.00048049553955991134
2014-04-18,0.0016372252209916334,0.0008730330812536421,0.7641921397379913,0.0007641921397379913,0.0012141626185018387,0.0004230626024897946,0.09970701876725141,0.9956331877729258,0.0007641921397379913,0.0008730330812536421,-0.0031231649084820325,0.003691217659509219,2.2231577355579935e-05,0.0011291671024707408,0.003068204178281376,0.3930131004366812,0.0003930131004366812,0.0008211495180651575,0.37117903930131,0.00037117903930131005,5.188356318848453e-05
2014-04-21,-0.0013378810345265285,-0.002003819899155349,0.6659388646288209,0.0006659388646288209,-9.571539623609801e-05,-0.0012421656382904304,-0.08426899600457127,0.9956331877729258,0.0006659388646288206,-0.0020038198991553496,0.0030464839545975837,0.001409166539205058,-0.0011691201686764145,0.0018169009212431165,-0.001184473726111321,0.35662299854439594,0.0003566229985443959,-0.00045233839478049393,0.309315866084425,0.00030931586608442505,-0.0015514815043748554
2014-04-22,-0.0006681850791050557,-0.0010229885725548372,0.35662299854439594,0.0003566229985443959,-0.0005311673167345968,-0.00013701776237045894,-0.029524155448375188,0.9956331877729258,0.00035480349344978147,-0.0010248080776494516,0.001159642025788298,-0.001491756994446879,-0.002852236529296345,-0.0028093886862861233,-0.0002124161712586048,0.16375545851528384,0.00016193595342066958,-0.0006931032701552664,0.19286754002911208,0.00019286754002911208,-0.000329885302399571
2014-04-23,5.489485580587969e-05,-0.0003375196710593707,0.3978730421490931,0.00039787304214909306,0.0017556713931661336,-0.001700776537360254,0.018117503825208537,0.9934640522875817,0.00039241452686525043,-0.0003429781863432134,0.0036548617107881867,0.0029522052762454088,0.0024392530847049143,0.006089504340975377,0.0022351066153086345,0.21711571576714134,0.00021166512861007248,0.0015440062645560612,0.18075732638195172,0.0001807493982551778,-0.0018815259356154317
2014-04-24,-0.000714639612682328,-0.0012720107092691112,0.5591866376180102,0.0005591866376180103,-0.0012126955742450143,0.0004980559615626863,-0.05439997063859784,0.9934640522875817,0.0005573710965867831,-0.0012738262503003382,4.777655584874059e-05,-0.003076353878186939,-0.0074225613623749185,-0.003319893353339241,-0.0020101232260455104,0.2505446623093682,0.00024872912127814096,-0.0014614246955231554,0.308641975308642,0.000308641975308642,0.0001894139862540443
2014-04-25,0.0004657555268266885,-0.0002459365574144155,0.7153231663035586,0.0007153231663035586,0.002177942281864316,-0.0017121867550376278,0.02304427117279818,0.9934640522875817,0.000711692084241104,-0.00024956763947687013,0.004138890663165059,0.002062982217159612,0.0019883070996997423,0.004833598278097923,0.0041290932909997516,0.3376906318082789,0.0003340595497458243,0.001843882732118492,0.37763253449527967,0.00037763253449527967,-0.0020898192895329073
2014-04-28,0.000501007458693538,-0.0003159860053587495,0.8169934640522877,0.0008169934640522877,-0.00030370845017640887,0.000804715908869947,-0.020035866471430217,0.9934640522875817,0.0008169934640522875,-0.00031598600535874966,-0.0006884771591691095,-0.0034558117351824874,-0.0048828438564378455,0.000908514486199833,-0.001358464307616037,0.3957879448075527,0.0003957879448075527,-0.0006994963949839615,0.421205519244735,0.000421205519244735,0.00038351038962521197
2014-04-30,0.001462835324785104,0.0006531040248577255,0.8097312999273785,0.0008097312999273786,0.0003051290936807843,0.0011577062311043198,0.08597891800701889,0.9934640522875817,0.0008097312999273785,0.0006531040248577254,-0.0026878563961704994,-0.0016138557390133516,-0.00213179335271352,-0.0008178876662552779,0.0013178961001554684,0.40305010893246196,0.00040305010893246197,-9.792101525167769e-05,0.40668119099491656,0.00040668119099491654,0.0007510250401094032
2014-05-01,-4.4200490332198445e-05,-0.0010699811729756265,1.0275962236746552,0.0010275962236746552,-0.0017184948139587343,0.001674294323626536,-0.02385183628993372,0.9934640522875817,0.001025780682643428,-0.0010717967140068535,-0.0024126603551887548,-0.005255734154931482,-0.006760436535751696,-0.0067747492394346475,-0.001793721536629988,0.5228758169934642,0.0005228758169934641,-0.0022413706309521984,0.5047204066811911,0.0005029048656499638,0.0011713894579765721
2014-05-02,-9.424291767680992e-05,-0.0011436256337261927,1.049382716049383,0.001049382716049383,0.0017498239171757908,-0.0018440668348526006,0.021977515746950275,0.9934640522875817,0.0010493827160493827,-0.001143625633726193,0.004594510234495236,0.0018716717526339438,0.005347562529688653,0.0036524379971300956,0.0034316910643564487,0.533769063180828,0.000533769063180828,0.0012160548539949627,0.5156136528685549,0.000515613652868555,-0.0023596804877211554
2014-05-07,0.002016333476185933,0.0010522811886042335,0.9658678286129269,0.0009658678286129269,0.00043935465568541225,0.001576978820500521,0.10176953071114075,0.9934640522875817,0.0009640522875816995,0.001050465647573006,-0.003608542154137388,-0.002302665894333501,-0.0029557337968475136,4.150177588492189e-05,0.0012946732757934622,0.48656499636891803,0.000486564996368918,-4.721034068350577e-05,0.4793028322440088,0.0004774872912127815,0.0010994915292877395
2014-05-08,0.0001030062421298118,-0.001124299494979847,1.2309368191721135,0.0012309368191721136,-9.897427585366098e-05,0.0002019805179834728,-0.0012891174240938148,0.9934640522875817,0.0012273057371096588,-0.0011279305770423018,-0.0015644627766617165,0.0019407723252797696,-0.0038978379560137633,0.0005711195403791932,-0.0005818371133428383,0.617283950617284,0.0006154684095860568,-0.0007144426854397178,0.6136528685548295,0.0006118373275236022,-0.0004098568095401294
2014-05-09,5.601900610775415e-05,-0.001178548895126814,1.2381989832970228,0.0012381989832970228,0.0013843963289730443,-0.0013283773228652902,-0.03423336999290011,0.9934640522875817,0.001234567901234568,-0.0011821799771892687,0.0029394233754909548,0.002137991033639651,0.0012231685212802377,0.00121895869607096,0.003541305742695083,0.646332607116921,0.0006445170660856936,0.0007398792628873507,0.5918663761801017,0.0005900508351488745,-0.0019184281580141647
2014-05-12,1.3595171294393601e-05,-0.0010049233472241251,1.020334059549746,0.0010203340595497461,-0.0029195908107102673,0.002933185982004661,0.03598404359661989,0.9934640522875817,0.0010185185185185186,-0.0010067388882553526,-0.007047144998321092,-0.0035046610900778693,-0.009158180552140448,-0.0045832931831597075,-0.006472994232998269,0.48656499636891803,0.000486564996368918,-0.0034061558070791853,0.533769063180828,0.0005319535221496006,0.00240123245985506
2014-05-13,0.0010676884785933418,5.098550110605047e-05,1.0167029774872913,0.0010167029774872914,0.0007636434519438782,0.00030404502664946364,0.030735566402962464,0.9934640522875817,0.0010167029774872914,5.0985501106050454e-05,0.0004923751393646,-0.002835879410127592,-0.0038146525071484053,-0.003447913105063299,0.003991167966801349,0.5156136528685549,0.000515613652868555,0.00024802979907532325,0.5010893246187365,0.0005010893246187364,-0.0001970442979692728
2014-05-14,0.000670791036835239,-0.00024061056084086858,0.9114015976761076,0.0009114015976761077,7.142537543835381e-05,0.0005993656613968852,-0.0023889044273703954,0.9934640522875817,0.0009114015976761076,-0.0002406105608408687,-0.001334566746739006,-0.0009293442296420575,0.0030506540216064075,0.00015660585073010174,0.00013635850203807612,0.44299201161946267,0.0004429920116194627,-0.00037156663618110886,0.46840958605664496,0.000468409586056645,0.00013095607534024023
2014-05-15,-3.7366494846618947e-06,-0.0010349639552217718,1.0312273057371097,0.00103122730573711,0.002972154389117093,-0.002975891038601755,-0.02226091036694198,0.9956427015250545,0.00103122730573711,-0.0010349639552217718,0.005424091024408593,0.007044923467809509,0.008327942595804324,0.008212224688560952,0.004835598863405696,0.5301379811183734,0.0005301379811183734,0.00244201640799872,0.5010893246187365,0.0005010893246187364,-0.0034769803632204916
2014-05-16,-0.0004695682003467914,-0.0015007955060839012,1.0312273057371097,0.00103122730573711,-0.00013493007987372304,-0.00033463812047306843,-0.021730083428593845,0.9956427015250545,0.0010312273057371097,-0.0015007955060839014,-3.638033970479282e-05,0.002099040211673054,0.0005856212928935722,0.000673752060459534,-0.0007371245950883924,0.5446623093681918,0.0005446623093681918,-0.0006795923892419149,0.48656499636891803,0.000486564996368918,-0.0008212031168419864
2014-05-19,0.0005930710734881168,-0.00043452515018653834,1.0275962236746552,0.0010275962236746552,-0.001557196000434078,0.0021502670739221947,0.05182301711872871,0.9956427015250545,0.0010275962236746552,-0.0004345251501865384,-0.005768532689663813,-0.0013511768067934402,-0.005851547120157005,-0.0006615755081525787,-0.004334240140202203,0.533769063180828,0.000533769063180828,-0.002090965063614906,0.49382716049382724,0.0004938271604938273,0.0016564399134283675
2014-05-20,-0.0009306322191252329,-0.002045374412298799,1.114742193173566,0.0011147421931735658,0.003288065044321083,-0.0042186972634463155,-0.07033243194175036,0.9956427015250545,0.0011147421931735658,-0.002045374412298799,0.007712847253473191,0.009939500638100694,0.007937631257428001,0.0025478777291543103,0.008582659527494619,0.6063907044299203,0.0006063907044299203,0.0026816743398911627,0.5083514887436457,0.0005083514887436457,-0.0047270487521899615
2014-05-21,-0.0007814606256995795,-0.001703755469563051,0.9222948438634715,0.0009222948438634714,-0.0008900681580965872,0.0001086075323970077,-0.06726188350775268,0.9956427015250545,0.0009222948438634714,-0.001703755469563051,-0.0011562287723074734,0.001680495222640696,0.001167622041411353,-0.001970853291422067,-0.0016896841954358263,0.45751633986928114,0.00045751633986928114,-0.0013475844979658684,0.46477850399419035,0.00046477850399419035,-0.00035617097159718265
2014-05-22,-0.0005277785193488669,-0.0015045395941491574,0.9767610748002906,0.0009767610748002908,-0.00016806797915664207,-0.0003597105401922248,0.022944120595029087,0.9956427015250545,0.0009767610748002906,-0.0015045395941491577,0.0015876487073289824,-0.0010329538089083007,0.003413940091567435,-3.9999800523335216e-05,-0.00048332533191225495,0.5156136528685549,0.000515613652868555,-0.000683681632025197,0.46114742193173575,0.0004611474219317357,-0.0008208579621239605
2014-05-23,0.0002700378958415441,-0.0008410732152695672,1.1111111111111114,0.0011111111111111113,-0.0008992053701240522,0.0011692432659655963,0.016248434047958994,0.9956427015250545,0.0011111111111111113,-0.0008410732152695673,-0.0027831709718505984,-0.0014496234293773645,-0.0008704050473666683,-0.0033205048251036874,-0.0010495455368472407,0.5482933914306465,0.0005482933914306464,-0.0014474987615546986,0.5628177196804649,0.0005628177196804649,0.0006064255462851313
2014-05-26,-0.001142820293615913,-0.0022503003226645698,1.1074800290486566,0.0011074800290486568,0.0001935468315801102,-0.001336367125196023,-0.07894397374380598,0.9956427015250545,0.0011074800290486568,-0.0022503003226645698,0.0026786543300191625,0.0026725122619169614,0.0018809017604551402,0.0007073513494255277,0.00022954685889457413,0.5482933914306465,0.0005482933914306464,-0.00035474655985053623,0.5591866376180102,0.0005591866376180103,-0.0018955537628140332
2014-05-27,9.174725420939244e-05,-0.0009068003129656259,0.9985475671750184,0.0009985475671750183,-0.0001857790269902945,0.0002775262811996869,-0.009772898606774166,0.9956427015250545,0.0009985475671750183,-0.0009068003129656259,-0.0014073888893865398,0.0011659129666190746,-0.0016412337124926569,-0.002733027738540873,0.000795534979026985,0.5083514887436457,0.0005083514887436457,-0.0006941305157339402,0.49019607843137264,0.0004901960784313727,-0.00021266979723168574
2014-05-28,-0.0005063188995883098,-0.00139593400488969,0.88961510530138,0.00088961510530138,3.082202612676839e-05,-0.0005371409257150782,-0.017599012676982127,0.9956427015250545,0.0008896151053013801,-0.00139593400488969,0.001317058419276236,0.0005881150850223921,0.0013984245295927753,0.00016893979478012827,8.713318834958566e-06,0.44662309368191727,0.0004466230936819173,-0.0004158010675551489,0.44299201161946267,0.0004429920116194627,-0.000980132937334541
2014-05-29,0.0003884067490751415,-0.0006936557055363329,1.0820624546114743,0.0010820624546114745,0.0015952954711821983,-0.0012068887221070568,0.029980406425847424,0.9956427015250545,0.0010820624546114743,-0.000693655705536333,0.0012267351878858595,0.004824560808412842,0.004933462089504307,0.00446732095697083,0.0025661007524065715,0.5628177196804649,0.0005628177196804649,0.0010324777515017334,0.5192447349310095,0.0005192447349310096,-0.0017261334570380664
2014-05-30,0.0005408782036721802,-0.00041409637875338274,0.954974582425563,0.000954974582425563,0.000478401307910639,6.247689576154128e-05,0.014368914412391427,0.9956427015250545,0.000954974582425563,-0.0004140963787533828,-0.0007247699546732843,0.0010873120601585429,0.004336124344311269,-0.0004848918485334592,0.0016718945576832864,0.47567175018155416,0.0004756717501815542,2.7295577290847926e-06,0.4793028322440088,0.0004793028322440088,-0.00041682593648246754
2014-06-02,0.0011733343373702986,-5.941802283304212e-05,1.234567901234568,0.001234567901234568,-0.001653936496597317,0.0028272708339676157,0.08648254607834312,0.9956427015250545,0.0012327523602033408,-6.123356386426946e-05,-0.006860503285878481,-0.003240968909315626,-0.00129255446827806,-0.003356969798590422,-0.003272538048127626,0.6245461147421932,0.0006227305737109659,-0.002276667070308283,0.6100217864923748,0.0006100217864923748,0.002217249047475241
2014-06-03,-0.0005116564389971918,-0.001668156075888986,1.1583151779230212,0.0011583151779230212,-0.00028079128507172747,-0.00023086515392546435,-0.02781548244398657,0.9956427015250545,0.0011564996368917941,-0.001669971616920213,0.001287107767389209,-0.0012051351914007552,-0.001455971560868947,-0.0023208377216801654,0.0003072630046488457,0.5846042120551925,0.0005827886710239652,-0.0008635799560956927,0.5737109658678287,0.0005737109658678287,-0.0008045761197932931
2014-06-04,0.0003719913459501519,-0.0008335278987847795,1.2055192447349312,0.0012055192447349313,5.164364851993448e-05,0.0003203476974302174,0.03256526455599885,0.9956427015250545,0.0012055192447349315,-0.0008335278987847794,-0.00018045087113169184,-0.0015741159500695869,-0.0001739508965412621,0.00026876672252308876,2.167146660423271e-05,0.6027596223674656,0.0006027596223674656,-0.0005511159738475312,0.6027596223674656,0.0006027596223674656,-0.00028241192493724826
2014-06-05,0.00015459919898242442,-0.0010182403071904154,1.1728395061728398,0.0011728395061728397,0.0012176344275399776,-0.0010630352285575532,-0.01612006495652047,0.9956427015250545,0.0011728395061728397,-0.0010182403071904154,0.00136606637341515,0.0036721273756166227,0.004312573337459333,0.0017814090147294896,0.0027639392518947615,0.5918663761801017,0.0005918663761801017,0.0006257680513598758,0.580973129992738,0.000580973129992738,-0.0016440083585502912
2014-06-06,0.0012790486780590628,0.0003131808494461358,0.9658678286129269,0.0009658678286129269,-0.0003970328609037231,0.0016760815389627857,0.09219515924053778,0.9956427015250545,0.000965867828612927,0.00031318084944613586,-0.0036282293938675234,-0.0028086978372426144,0.0011093429168899536,-0.0009148741964560919,-0.0007360442821101429,0.48656499636891803,0.000486564996368918,-0.0008835978572726412,0.4793028322440088,0.0004793028322440088,0.001196778706718777
2014-06-09,0.0007962467636057956,-0.00022045621388149577,1.0167029774872913,0.0010167029774872914,-0.0009870010881882353,0.0017832478517940309,0.062097573585287114,0.9956427015250545,0.0010167029774872914,-0.0002204562138814958,-0.0033905950231553103,-0.003937839917665659,-0.0032735329771942465,-0.001995744824537424,-0.0019675403279411645,0.49745824255628185,0.0004974582425562819,-0.0014844593307445173,0.5192447349310095,0.0005192447349310096,0.0012640031168630213
2014-06-10,-0.0004814957076831547,-0.0014346547490774904,0.954974582425563,0.000954974582425563,-0.0011996624180159287,0.000718166710332774,0.003749609612116634,0.9956427015250545,0.0009531590413943357,-0.0014364702901087177,-0.0008883841507750291,-0.002542177267502571,-0.0029670916229411924,-0.0017719300574749546,-0.002714828394635612,0.46477850399419035,0.00046477850399419035,-0.001664440922010119,0.49019607843137264,0.0004883805374001453,0.00022978617293262866
2014-06-11,-0.0011482739988886036,-0.0020723843837833025,0.9259259259259262,0.0009259259259259261,-0.0007334412509595439,-0.0004148327479290597,-0.04452207219145778,0.9956427015250545,0.0009241103848946989,-0.0020741999248145297,0.0012367482987554995,1.0199896574880666e-05,0.003534573956098319,-0.00024857787443475685,-0.0020726024698638794,0.46114742193173575,0.0004611474219317357,-0.0011945886728912795,0.46477850399419035,0.00046296296296296303,-0.0008777957108920228
2014-06-12,-0.00030712410006841,-0.0012584676004315184,0.9513435003631083,0.0009513435003631084,0.0010421218392346048,-0.0013492459393030147,-0.012692446767688909,0.9956427015250545,0.0009513435003631085,-0.0012584676004315184,0.0009392848786159838,0.006267431271458895,0.0010267977886644218,-0.0009517978913215493,0.003590295201960224,0.44662309368191727,0.0004466230936819173,0.0005954987455526875,0.5047204066811911,0.0005047204066811911,-0.0018539663459842058
2014-06-13,0.00017990171227137575,-0.0007641796239668234,0.9440813362381991,0.0009440813362381992,0.0011181899088144659,-0.00093828819654309,0.030741317044246978,0.9956427015250545,0.0009440813362381992,-0.0007641796239668234,0.002525442693117257,0.0005728316826632814,0.0051825629785190565,0.0008198295539804454,0.002941818001971669,0.48656499636891803,0.000486564996368918,0.0006316249124455478,0.45751633986928114,0.00045751633986928114,-0.0013958045364123712
2014-06-16,0.0011690503668277813,6.338587881035185e-05,1.1074800290486566,0.0011074800290486568,0.0015218221359308704,-0.00035277176910308925,0.08229514883019422,0.9956427015250545,0.0011056644880174295,6.157033777912449e-05,0.001212201930989226,-0.0003158073063740223,-0.001965500160565933,0.0017335295362344231,0.0036887767127019365,0.5482933914306465,0.0005464778503994191,0.0009753442855314513,0.5591866376180102,0.0005591866376180103,-0.0009119584067210995
2014-06-17,-0.0008584816229612324,-0.002154777919257529,1.299927378358751,0.0012999273783587512,-0.0007011175091726146,-0.00015736411378861786,-0.04632062248825316,0.9956427015250545,0.0012962962962962967,-0.0021584090013199836,0.0016626460122378846,-0.0023470154386143944,0.00124394162053538,-0.0004018630498856794,-0.0019000325353949958,0.646332607116921,0.0006445170660856936,-0.001345634575258308,0.6535947712418302,0.0006517792302106029,-0.0008091433439992207
2014-06-18,0.0012152644986220948,0.0002512122110403951,0.9658678286129269,0.0009658678286129269,-0.0007441842547268682,0.001959448753348963,0.06780968383233413,0.9956427015250545,0.0009640522875816996,0.00024939667000916787,-0.0040129109822903955,-0.0037460302483865475,-0.0019767928681868204,0.00015654086977863523,-0.0023051190578989933,0.46114742193173575,0.0004611474219317357,-0.001205331676658604,0.5047204066811911,0.0005029048656499638,0.0014565438876989992
2014-06-19,-0.0011265129528400947,-0.00201249697607902,0.8859840232389253,0.0008859840232389254,-0.0006616183307732369,-0.00046489462206685786,-0.05831011960830956,0.9956427015250545,0.0008859840232389254,-0.00201249697607902,0.0003470163028225846,0.00211223030895681,0.0016225710753909584,-0.00016114317767242212,-0.0019008442794658065,0.48293391430646343,0.0004829339143064634,-0.0011445522450797003,0.40305010893246196,0.00040305010893246197,-0.0008679447309993198
2014-06-20,0.000662193212568533,-0.00047615101401098786,1.1401597676107482,0.0011401597676107481,0.0005285816931993977,0.00013361151936913532,0.061513814827648464,0.9956427015250545,0.0011383442265795209,-0.0004779665550422151,2.8287676365005736e-05,-0.0008659138166997887,0.003411606057664318,0.00022753093010611435,0.001468532342632966,0.5700798838053741,0.0005682643427741468,-3.968264957474911e-05,0.5700798838053741,0.0005700798838053741,-0.00043646836443623875
2014-06-23,6.827425490966953e-05,-0.0011771868925122624,1.245461147421932,0.0012454611474219319,0.0008370846296042121,-0.0007688103746945425,0.009069446043994012,0.9956427015250545,0.0012454611474219319,-0.0011771868925122624,0.0016486288037982075,0.0013199236756360855,0.0019181562928950737,0.0014173899494348198,0.0017970996665108506,0.6136528685548295,0.0006136528685548294,0.00022343176104938265,0.6318082788671026,0.0006318082788671025,-0.001400618653561645
2014-06-24,-0.0009026124768263824,-0.0020772675240304495,1.1764705882352944,0.0011764705882352944,0.0007825712210578446,-0.001685183697884227,-0.07425328416164297,0.9956427015250545,0.0011746550472040672,-0.0020790830650616768,0.003038269571682855,0.004056676698955899,0.0002339677703520378,0.002395918810935424,0.0011576718302366146,0.6027596223674656,0.0006009440813362383,0.00018162713972160632,0.5737109658678287,0.0005737109658678287,-0.002258894663752056
2014-06-25,-0.00016479659956550262,-0.001097984689616338,0.9331880900508354,0.0009331880900508353,-0.0005925584589369474,0.00042776185937144485,-0.013579589088149458,0.9956427015250545,0.0009331880900508353,-0.001097984689616338,-0.0010867165803702748,-0.0003918173775127604,-0.00076645439745672,-0.0016643020084555445,-0.0009507049805055221,0.46840958605664496,0.000468409586056645,-0.0010609680449935924,0.46477850399419035,0.00046477850399419035,-3.7016644622745495e-05
2014-06-26,0.0013880232564618237,0.0005329034307537626,0.8569353667392885,0.0008569353667392884,0.0004750796297752973,0.0009129436266865265,0.13400714743007844,0.9956427015250545,0.0008551198257080612,0.0005310878897225353,-0.0015256375756260597,-0.0024476446827716935,-0.0009103937860856762,0.002819928665701518,2.7501910333671454e-05,0.41031227305737117,0.00041031227305737117,6.476735671792611e-05,0.44662309368191727,0.00044480755265069,0.0004681360740358365
2014-06-27,0.0002528531222184392,-0.0005205673570843931,0.7734204793028324,0.0007734204793028324,0.0014550330795203177,-0.0012021799573018784,-0.0015840569863212108,0.9956427015250545,0.0007734204793028323,-0.0005205673570843932,0.001892261835383772,0.0034540115917611742,0.00410463534015559,0.0011570999371131859,0.00378334851044832,0.3631082062454612,0.0003631082062454612,0.0010919248732748565,0.41031227305737117,0.00041031227305737117,-0.0016124922303592496
2014-06-30,0.0002724584858231671,-0.0007678465250700792,1.0421205519244736,0.0010421205519244737,-0.0002650147399930013,0.0005374732258161685,0.011969254785363358,0.9956427015250545,0.0010403050108932464,-0.0007696620661013066,-0.0009402639466987774,-0.0013519965559007745,0.0014244083095607779,-0.0003302843603077351,-0.0006299687065225064,0.49745824255628185,0.0004974582425562819,-0.0007624729825492832,0.5446623093681918,0.0005428467683369645,-5.3735425207960055e-06
2014-07-01,0.0003965854064774865,-0.0006455351454469872,1.0421205519244736,0.0010421205519244737,-6.848939133848915e-05,0.0004650747978159756,0.05863952903002253,0.9956427015250545,0.0010421205519244737,-0.0006455351454469872,-0.00044344349461782577,-0.0019183472046962573,-0.001911028186548988,-0.0006647966311005691,0.00012376378630930417,0.49745824255628185,0.0004974582425562819,-0.0005659476338947711,0.5446623093681918,0.0005446623093681918,-7.958751155221616e-05
2014-07-02,0.0009197689517670302,-7.151645128307887e-05,0.9912854030501091,0.000991285403050109,0.003030892423578347,-0.002111123471811317,0.023438108998811612,0.9956427015250545,0.000991285403050109,-7.151645128307892e-05,0.004780779523414935,0.0031114656699486273,0.0046822092033807095,0.004700082855646321,0.006748413081756185,0.5301379811183734,0.0005301379811183734,0.002500754442459974,0.46114742193173575,0.0004611474219317357,-0.0025722708937430524
2014-07-03,0.0002985941352372917,-0.0008451967144359112,1.1437908496732028,0.0011437908496732029,-0.0003424875978823323,0.000641081733119624,0.05431370438748204,0.9956427015250545,0.0011437908496732029,-0.0008451967144359111,-0.001192539420852691,-0.0014690171996197107,0.0017337629569368765,-0.002093401320299271,1.0094300182853767e-05,0.5954974582425564,0.0005954974582425564,-0.0009379850561248887,0.5482933914306465,0.0005482933914306464,9.278834168897757e-05
2014-07-04,-0.00011673704115163125,-0.0010735271646084216,0.9586056644880177,0.0009586056644880176,0.001795004860662166,-0.0019117419018137973,0.02906648387377433,0.9956427015250545,0.0009567901234567904,-0.0010753427056396489,0.003447026346839263,0.004626398308633623,0.0015444174598128204,0.0032538248237893473,0.003764079447216795,0.49019607843137264,0.0004901960784313727,0.0013048087822307933,0.46840958605664496,0.00046659404502541766,-0.0023783359468392148
2014-07-07,-0.0013329152476075513,-0.002124491137222657,0.7915758896151055,0.0007915758896151054,-0.0005105356116549302,-0.0008223796359526211,-0.1297692072095904,0.9956427015250545,0.0007915758896151056,-0.002124491137222657,0.00209747146915458,0.0007742053923540228,0.0011278716518929271,3.217831473878718e-05,-0.0015441915301128539,0.3957879448075527,0.0003957879448075527,-0.0009063235564624829,0.3957879448075527,0.0003957879448075527,-0.001218167580760174
2014-07-08,0.0007945350511727535,5.924093352569454e-05,0.7371096586782863,0.0007371096586782863,0.0023609823025942814,-0.0015664472514215282,0.07869603657601286,0.9956427015250545,0.0007352941176470589,5.742539249446721e-05,0.002681796613806502,0.004072958286632546,0.005062017998353337,0.00457796011056513,0.004831080890642518,0.3921568627450981,0.0003903413217138708,0.001970640980880411,0.34495279593318817,0.00034495279593318816,-0.0019114000473547165
2014-07-09,-8.684096803806854e-05,-0.0010272912222138132,0.9440813362381991,0.0009440813362381992,-0.0020257534560372803,0.0019389124879992117,0.023921913370854156,0.9956427015250545,0.0009404502541757446,-0.0010309223042762677,-0.0038715563000767347,-0.003907545485448863,-0.005393154378071692,-0.0046698100690394755,-0.0037545233005583777,0.49382716049382724,0.0004920116194625999,-0.00251776507549988,0.4502541757443719,0.00044843863471314457,0.0014904738532860672
2014-07-10,-0.001068492554072482,-0.002010758349279454,0.9440813362381991,0.0009440813362381991,0.002316982730679606,-0.0033854752847520884,-0.08002486412489998,0.9956427015250545,0.000942265795206972,-0.0020125738903106812,0.00620023543148401,0.008003010199036521,0.005186739349137855,0.0042760769375541794,0.004821038514896177,0.47204066811909956,0.00047204066811909956,0.0018449420625605067,0.47204066811909956,0.0004702251270878723,-0.0038557004118399607
2014-07-11,0.00043379978963902676,-0.0004921261362868994,0.925925925925926,0.0009259259259259261,0.0004957771941028488,-6.197740446382203e-05,0.013202402727409428,0.9956427015250545,0.0009259259259259262,-0.0004921261362868994,6.53202124745804e-05,0.00024183560552499484,0.0028564442337374184,0.0026501640061597203,0.00017341931495279614,0.4502541757443719,0.0004502541757443719,4.552301835847691e-05,0.47567175018155416,0.0004756717501815542,-0.0005376491546453762
2014-07-14,-0.0005899661250804178,-0.0016375333000985734,1.049382716049383,0.001049382716049383,-0.0009424104086384351,0.00035244428355801733,-0.04037390232482585,0.9956427015250545,0.0010475671750181555,-0.001639348841129801,-0.0010112079781574924,-8.861586156898193e-05,-0.0027645170812206268,-0.0011653555623169492,-0.002244740744060911,0.49019607843137264,0.0004901960784313727,-0.0014326064870698078,0.5591866376180102,0.0005573710965867829,-0.0002049268130287656
2014-07-15,-0.0001141870576718694,-0.0011181812479405698,1.0058097312999275,0.0010058097312999276,0.00027689591049553653,-0.00039108296816740595,-0.005038455406765315,0.9956427015250545,0.0010039941902687003,-0.001119996788971797,0.001310178168042193,-0.00025047747518556454,0.0016105806530556579,-0.0015491800050870125,0.0015950524345861937,0.49382716049382724,0.0004938271604938273,-0.00021693124999829075,0.5119825708061003,0.000510167029774873,-0.000901249997942279
2014-07-16,0.0005410453983371075,-0.00012344261909208657,0.6644880174291941,0.000664488017429194,-0.0018546291729389078,0.002395674571276015,0.0020256164859608723,0.9956427015250545,0.0006644880174291941,-0.0001234426190920865,-0.00413671298343443,-0.006159302074714812,-0.007197142221528852,-0.004327624184765455,-0.003411499715440727,0.3195352214960059,0.00031953522149600586,-0.0021741643944349137,0.34495279593318817,0.00034495279593318816,0.002050721775342827
2014-07-17,-0.000289872458176934,-0.0011431767428537677,0.8533042846768338,0.0008533042846768339,0.003155324792044677,-0.003445197250221611,-0.03129980431571605,0.9956427015250545,0.0008533042846768338,-0.001143176742853768,0.008738770047403404,0.0033386793129852525,0.006499097051961495,0.00687262374933377,0.006046435512330623,0.42483660130718964,0.00042483660130718964,0.002730488190737487,0.42846768336964425,0.0004284676833696442,-0.0038736649335912553
2014-07-18,-0.0008785393379470664,-0.0016846395558119903,0.8061002178649239,0.0008061002178649239,-0.0003073618702926589,-0.0005711774676544076,-0.05485936732268595,0.9956427015250545,0.0008061002178649239,-0.0016846395558119903,0.0017880766528014054,-0.00011766740897617477,0.005858542212991308,-0.0019428594742590091,4.0789641306376776e-05,0.4139433551198258,0.0004139433551198258,-0.0007213052254124847,0.3921568627450981,0.00039215686274509813,-0.0009633343303995056
2014-07-22,-0.0019181945901050373,-0.0027097704797201428,0.7915758896151055,0.0007915758896151054,-0.0002751294866973851,-0.0016430651034076524,-0.09111804072305117,0.9956427015250545,0.0007915758896151054,-0.0027097704797201428,0.0029661667117351176,0.003969107798055906,0.0030827694294747712,-0.0020169341398353115,0.0001739113339787699,0.3921568627450981,0.00039215686274509813,-0.0006672863494424832,0.39941902687000735,0.00039941902687000734,-0.00204248413027766
2014-07-23,-0.0005506931996409262,-0.0014784346665980795,0.9295570079883807,0.0009295570079883807,-0.00044756830954518226,-0.0001031248900957439,-0.0186164100206849,0.9956427015250545,0.0009277414669571533,-0.0014802502076293068,-0.0006896383191826464,0.0020186224197180514,0.0027437406802973204,-0.0008872616346824168,-0.0009009772616379697,0.46840958605664496,0.000468409586056645,-0.0009159778956018272,0.46114742193173575,0.0004593318809005084,-0.0005624567709962523
2014-07-24,-3.85724040373064e-05,-0.0009699449530569145,0.9331880900508354,0.0009331880900508353,9.321803474439295e-05,-0.0001317904387816993,0.00866962850160958,0.9956427015250545,0.0009313725490196081,-0.0009717604940881417,6.658082841013105e-05,0.0006573093794599579,-0.0020387199647999574,0.0013971632197771907,-0.000411942170991917,0.5083514887436457,0.0005083514887436457,-0.0004151334539992527,0.42483660130718964,0.0004230210602759623,-0.0005548114990576616
2014-07-25,0.0002074930494645226,-0.0007565592381171769,0.9658678286129269,0.0009658678286129269,3.8918077841548415e-05,0.00016857497162297422,0.020364165887567284,0.9956427015250545,0.0009640522875816995,-0.0007583747791484042,-0.0007419318737294481,0.00047982824611301404,-0.0006512916146421946,0.0006558474833558645,-0.0002078589332079284,0.46840958605664496,0.000468409586056645,-0.0004294915082150966,0.49745824255628185,0.0004956427015250545,-0.0003270677299020803
2014-07-28,4.7229693536260815e-07,-0.0009762887778649281,0.9767610748002906,0.0009767610748002908,-0.0011149353149011929,0.0011154076118365555,-0.034321444251604424,0.9956427015250545,0.0009767610748002908,-0.0009762887778649281,-0.0027718010042506193,-0.0011467596463457218,-0.0020015644367189322,-0.0039552095641972275,-0.0013814255494871155,0.46477850399419035,0.00046477850399419035,-0.0015797138188953833,0.5119825708061003,0.0005119825708061003,0.0006034250410304552
2014-07-29,0.00030671109627841415,-0.0006500790271783761,0.9586056644880177,0.0009586056644880176,0.0005370120374311749,-0.00023030094115276075,0.0031711314635283422,0.9956427015250545,0.0009567901234567903,-0.0006518945682096035,-0.00044579929629987865,0.0022607090251469406,0.005535209542053527,0.0009141913777137229,0.0011554066024192517,0.45388525780682654,0.0004538852578068265,8.312677962434841e-05,0.5047204066811911,0.0005029048656499638,-0.0007332058068027246
2014-07-30,-0.0003293725772242486,-0.0012062788953070376,0.8787218591140161,0.0008787218591140162,-0.0024910754372856093,0.002161702860061361,0.033118094032056816,0.9956427015250545,0.000876906318082789,-0.0012080944363382648,-0.003499611670165017,-0.006008103164960817,-0.007478992376690184,-0.003480620203739005,-0.005735586479981869,0.44662309368191727,0.0004466230936819173,-0.0029376985309675268,0.43209876543209885,0.00043028322440087153,0.0017314196356604892
2014-07-31,-0.0003302344447992968,-0.0013069955195995876,0.9767610748002906,0.0009767610748002908,0.0023059235811952374,-0.0026361580259945346,-0.04247445316778708,0.9956427015250545,0.0009767610748002908,-0.0013069955195995876,0.004607096952631176,0.0066405494663038765,0.002812307323381706,0.002835123209301047,0.005500578785195334,0.5192447349310095,0.0005192447349310096,0.0017866788462642278,0.45751633986928114,0.00045751633986928114,-0.0030936743658638156
2014-08-01,9.93036873406848e-05,-0.0010190695878953358,1.1183732752360205,0.0011183732752360206,0.0013852216895880677,-0.0012859180022473829,0.01045107968338474,0.9956427015250545,0.0011183732752360206,-0.0010190695878953358,0.002912591729039374,0.0018941401922485013,0.006097919308319416,0.003862614537956365,0.0022363162156036863,0.5628177196804649,0.0005628177196804649,0.0008224039699076028,0.5555555555555557,0.0005555555555555557,-0.0018414735578029385
2014-08-04,-0.0008243089115198822,-0.00203890586141095,1.216412490922295,0.001216412490922295,-0.0018172754111609036,0.0009929664996410216,-0.03542207405224383,0.9956427015250545,0.0012145969498910678,-0.0020407214024421774,-0.0028619675167424895,-0.00022333983430391648,-0.0009592548398143186,-0.001133992221705059,-0.004872978326470436,0.6390704429920118,0.0006372549019607845,-0.002454530313121688,0.5773420479302833,0.0005773420479302833,0.0004156244517107382
2014-08-05,-0.0024021950414684235,-0.0035986365810472183,1.198257080610022,0.001198257080610022,0.0009092427242722216,-0.003311437765740645,-0.08814769813222344,0.9956427015250545,0.0011964415395787948,-0.0036004521220784455,0.007848694010972417,0.00417340904781343,0.005498209400924221,0.00459988156431404,0.00044685690313348903,0.5846042120551925,0.0005827886710239652,0.0003264540532482564,0.6136528685548295,0.0006136528685548294,-0.003925090634295475
2014-08-06,0.0003987072796576196,-0.0005943936644237169,0.9949164851125637,0.0009949164851125638,-0.001136277732041867,0.0015349850116994864,0.047177841357428335,0.9956427015250545,0.0009931009440813366,-0.0005962092054549442,-0.0011669142289719868,-0.006931401388057488,-0.0007312458833199791,-0.002846421618801191,-0.001978211879776906,0.5119825708061003,0.000510167029774873,-0.0016464447618167398,0.48293391430646343,0.0004829339143064634,0.001052051097393023
2014-08-07,0.0009277698270096962,-0.00026685617153787103,1.1946259985475673,0.0011946259985475675,0.006593358440513292,-0.005665588613503596,0.06921646322910752,0.9956427015250545,0.0011946259985475673,-0.00026685617153787125,0.013071623982260137,0.007861839511889176,0.008051616440986408,0.012562615141488955,0.013455767587052919,0.6027596223674656,0.0006027596223674656,0.005990598818145827,0.5918663761801017,0.0005918663761801017,-0.006257454989683698
2014-08-08,-0.0001785488171140117,-0.0013477572412243968,1.169208424110385,0.0011692084241103852,-0.0012582885284754465,0.001079739711361435,-0.024696905613388005,0.9956427015250545,0.001169208424110385,-0.001347757241224397,-0.00324081030868333,1.7455645932466753e-05,-0.005945024012231234,-0.002327182150008039,-0.002603068280888784,0.5954974582425564,0.0005954974582425564,-0.001853785986718003,0.5737109658678287,0.0005737109658678287,0.0005060287454936062
2014-08-11,0.0005111139970096696,-0.0006635410501943974,1.1764705882352944,0.0011764705882352944,-0.0002210129645199371,0.0007321269615296067,-0.0029394133092470504,0.9956427015250545,0.001174655047204067,-0.0006653565912256249,-0.0008023646826481644,-0.002778482921774402,-0.0008445194751523666,-0.0006217476896159794,-0.0003507236598527783,0.599128540305011,0.000599128540305011,-0.000820141504824948,0.5773420479302833,0.000575526506899056,0.00015660045463055077
2014-08-12,0.00011298808360183833,-0.0012087257871316404,1.3253449527959333,0.0013253449527959335,0.0016130890456729579,-0.0015001009620711197,0.045350247710855975,0.9956427015250545,0.0013217138707334788,-0.001212356869194095,0.0042774758875476025,0.0004307697428572923,0.0001417598217145729,0.0025632850936974723,0.0035610353414684518,0.6717501815541033,0.0006699346405228759,0.000943154405150082,0.6535947712418302,0.0006517792302106029,-0.0021518801922817228
2014-08-13,0.000527525378666822,-0.0004982553039766059,1.0275962236746552,0.0010275962236746552,-0.00048263432410533606,0.001010159702772158,0.07084867434081654,0.9956427015250545,0.001025780682643428,-0.0005000708450078332,-0.0023303843834431726,-0.0014376739836983387,-0.002057052984096478,-0.002533204466964503,-0.00019192053925787665,0.49745824255628185,0.0004974582425562819,-0.000980092566661618,0.5301379811183734,0.0005283224400871461,0.0004818372626850119
2014-08-14,0.0012999695104581608,0.00030323748431436973,0.9985475671750184,0.0009985475671750183,0.0016664502705978975,-0.00036648076013973667,0.10071768506145874,0.9956427015250545,0.000996732026143791,0.0003014219432831424,0.00043148547232312344,0.0013457612722803545,-0.00032577709202254374,0.0033599530298922264,0.0033267667572017888,0.4793028322440088,0.0004793028322440088,0.0011871474383538887,0.5192447349310095,0.0005174291938997822,-0.0008839099540395188
2014-08-15,-0.0002614525147823604,-0.001201902768958105,0.9404502541757446,0.0009404502541757446,0.0013211874878890988,-0.0015826400026714591,-0.022262991876858654,0.9978213507625272,0.0009404502541757446,-0.001201902768958105,0.003268411126684241,0.0029383746321906437,0.004157532113694965,0.00140573995787849,0.00325971593566507,0.4793028322440088,0.0004793028322440088,0.0008418846556450901,0.46114742193173575,0.0004611474219317357,-0.0020437874246031947
2014-08-18,0.001347450971616081,0.0003852142250656089,0.9622367465504722,0.0009622367465504723,-0.0012432455046087832,0.002590696476224864,0.14899079179128485,0.9978213507625272,0.0009622367465504722,0.00038521422506560877,-0.005771826877530479,-0.003966733409120074,-0.0021761366953501446,-0.0029042236607991993,-0.002285300384814079,0.48293391430646343,0.0004829339143064634,-0.0017261794189152467,0.4793028322440088,0.0004793028322440088,0.0021113936439808552
2014-08-19,-0.0005826759241532263,-0.0014323491267676054,0.8496732026143793,0.0008496732026143793,4.2961988344377284e-05,-0.0006256379124976036,-0.03425619018943962,0.9978213507625272,0.0008496732026143791,-0.0014323491267676056,0.00011630588218104629,0.00351305521611269,0.000826183157908634,0.0010463573548422076,-0.0003888861745139015,0.44662309368191727,0.0004466230936819173,-0.00040366110533754005,0.40305010893246196,0.00040305010893246197,-0.0010286880214300654
2014-08-20,0.00034073344416479004,-0.0004907843481373161,0.8315177923021062,0.0008315177923021062,-0.0008154929916010123,0.0011562264357658021,0.03540246200499891,0.9978213507625272,0.0008315177923021062,-0.0004907843481373163,-0.003202971463685871,-0.0005163344728435152,-0.0021401346791359317,0.0020946875715946948,-0.0034771201564617106,0.40668119099491656,0.00040668119099491654,-0.0012221741825959287,0.42483660130718964,0.00042483660130718964,0.0007313898344586125
2014-08-21,-9.005482182880656e-05,-0.000976038845067732,0.8859840232389253,0.0008859840232389254,-0.0006922237677979081,0.0006021689459691016,0.010825754755413612,0.9978213507625272,0.0008859840232389254,-0.000976038845067732,-0.0012192705490878468,-0.0011666182000827966,0.0002499241513279973,0.0006472590334496768,-0.002392268605146784,0.44662309368191727,0.0004466230936819173,-0.0011388468614798254,0.43936092955700806,0.00043936092955700805,0.00016280801641209354
2014-08-22,0.0012369977623862007,0.00031107183646027453,0.9259259259259262,0.0009259259259259261,0.0005303917658672756,0.0007066059965189251,-0.021428612915549296,0.9978213507625272,0.0009259259259259262,0.00031107183646027464,-0.0026403247306798403,0.0010502300822007255,-0.0003226601565353606,-0.002197396819485385,0.0026744722565916596,0.5047204066811911,0.0005047204066811911,2.5671359186084527e-05,0.421205519244735,0.000421205519244735,0.0002854004772741901
2014-08-25,-0.0005502100620923754,-0.0015088157265803928,0.9586056644880177,0.0009586056644880176,-0.00025053479518465896,-0.0002996752669077165,-0.08137399481848166,0.9978213507625272,0.0009586056644880174,-0.001508815726580393,-0.00039251840145465333,0.002579179596526374,0.0016763425333010161,-0.00225041258658977,0.0003630053271302121,0.5010893246187365,0.0005010893246187364,-0.0007516241198033954,0.45751633986928114,0.00045751633986928114,-0.0007571916067769976
2014-08-26,-0.0014177832981747496,-0.002245670008414401,0.8278867102396515,0.0008278867102396516,-0.0016729021863583896,0.0002551188881836399,-0.06335603081431453,0.9978213507625272,0.0008278867102396515,-0.002245670008414401,0.000608063665765826,-0.0027435130229615306,-0.0026311158509272365,-0.003788923520806289,-0.003133926542678416,0.421205519244735,0.000421205519244735,-0.0020941077056031245,0.40668119099491656,0.00040668119099491654,-0.00015156230281127665
2014-08-27,0.0011975748102319892,0.0004568340694912483,0.7407407407407409,0.0007407407407407409,6.713215811434012e-05,0.0011304426521176489,0.1078386718285746,0.9978213507625272,0.0007407407407407409,0.0004568340694912483,-0.003828614462260186,0.0008893179159725357,0.00026070122493970647,0.0013873195714675767,-0.0004851613495335377,0.3522149600580974,0.00035221496005809737,-0.00028508280194375726,0.3885257806826435,0.0003885257806826435,0.0007419168714350053
2014-08-28,-0.00021522580654724453,-0.001072161173286533,0.8569353667392885,0.0008569353667392884,0.0009410026348946933,-0.001156228441441938,-0.024457608396350493,0.9978213507625272,0.0008569353667392884,-0.001072161173286533,0.0025043849072326533,0.001913519593645772,0.002830163901253223,0.0032962778690730256,0.0011866465500779979,0.45751633986928114,0.00045751633986928114,0.0004834862950254121,0.39941902687000735,0.00039941902687000734,-0.0015556474683119453
2014-08-29,-0.0014052936055770132,-0.0022295492337542104,0.824255628177197,0.000824255628177197,-0.00038738095296823237,-0.001017912652608781,-0.08863434085217446,0.9978213507625272,0.0008242556281771972,-0.0022295492337542104,0.0023718064763690746,0.001350585841358768,0.0019097781022578315,-0.0022996412540428578,-2.229388465762112e-05,0.39941902687000735,0.00039941902687000734,-0.0007867999798382398,0.42483660130718964,0.00042483660130718964,-0.0014427492539159706
2014-09-01,0.000791128241775337,-0.00014569093033795288,0.9368191721132899,0.00093681917211329,-0.0010236721694617706,0.0018148004112371076,0.0363144082320228,0.9978213507625272,0.00093681917211329,-0.0001456909303379529,-0.0028064802488057196,-0.0052521706600994165,0.005254222623094085,-0.002142193756898789,-0.00200488586446605,0.5083514887436457,0.0005083514887436457,-0.0015320236582054164,0.42846768336964425,0.0004284676833696442,0.0013863327278674635
2014-09-02,-0.0002916272350442737,-0.0013464565741873385,1.056644880174292,0.0010566448801742922,-0.002084104074072745,0.0017924768390284714,0.042512295067377665,0.9978213507625272,0.001054829339143065,-0.0013482721152185658,-0.0013526490363111143,-0.008026182828865618,-0.0010802760221795727,-0.004657485869231836,-0.003952944088076588,0.5591866376180102,0.0005573710965867829,-0.002641475170659528,0.49745824255628185,0.0004974582425562819,0.0012950185964721896
2014-09-03,0.0014928856346871975,0.00039811439285713206,1.096586782861293,0.0010965867828612928,0.001481283419909602,1.1602214777595599e-05,0.0919863459129077,0.9978213507625272,0.0010947712418300655,0.00039629885182590474,1.205852067617189e-05,-9.357899678168797e-05,0.0016049071596375233,0.004272507718293376,0.0023211560071821273,0.533769063180828,0.0005319535221496006,0.0009493298977600014,0.5628177196804649,0.0005628177196804649,-0.0005512155049028694
2014-09-04,0.001255827267806396,0.00010477425400828391,1.151053013798112,0.0011510530137981121,0.0006242273909038346,0.0006315998769025614,0.06991165138397926,0.9978213507625272,0.001151053013798112,0.00010477425400828378,-0.001767326216524102,-0.00024670856910321724,0.0010676316475525323,0.002567754198856936,0.0005986892109448416,0.580973129992738,0.000580973129992738,4.3254260911096605e-05,0.5700798838053741,0.0005700798838053741,6.151999309718728e-05
2014-09-05,-0.00020715682938511916,-0.0013509476790583219,1.1437908496732028,0.0011437908496732029,-0.0008180232033333717,0.0006108663739482526,0.0044500003091449,0.9978213507625272,0.0011437908496732027,-0.001350947679058322,-0.001487391507139567,-0.0006824474071414911,4.5308295975498735e-05,-0.00042171379344140215,-0.0022401697021350734,0.5192447349310095,0.0005192447349310096,-0.0013372679382643812,0.6245461147421932,0.0006245461147421933,-1.3679740793940678e-05
2014-09-08,0.0003877710148871121,-0.0005345238289763594,0.9222948438634715,0.0009222948438634714,-0.0023429056480333767,0.002730676662920489,0.021916210316795536,1.0,0.0009222948438634714,-0.0005345238289763594,-0.0049345078863414875,-0.006479426683149687,-0.004076311164708233,-0.00404926693047174,-0.004988803659420563,0.46114742193173575,0.0004611474219317357,-0.0028040530699651126,0.46114742193173575,0.0004611474219317357,0.0022695292409887534
2014-09-09,0.0014929743875849541,0.00048716465628502654,1.0058097312999275,0.0010058097312999276,0.0022623571294948658,-0.0007693827419099119,0.09572104520562734,1.0,0.0010058097312999276,0.00048716465628502654,0.001966071494910663,0.0006741180345697541,0.005600036247134289,0.0037233974320193416,0.004910618169456481,0.5047204066811911,0.0005047204066811911,0.0017576367228136747,0.5010893246187365,0.0005010893246187364,-0.0012704720665286484
2014-09-10,0.0009534896131188775,4.208801544276985e-05,0.9114015976761076,0.0009114015976761077,-0.0029122117398236187,0.003865701352942496,0.05915870303567285,1.0,0.0009114015976761077,4.2088015442769806e-05,-0.007454319687382799,-0.008235146551329255,-0.004617728123838176,-0.004232583787201646,-0.006601350640610312,0.46477850399419035,0.00046477850399419035,-0.003376990243817809,0.44662309368191727,0.0004466230936819173,0.0034190782592605786
2014-09-11,-0.0005380055272434415,-0.0016055436536050974,1.067538126361656,0.001067538126361656,-0.0003491462738090414,-0.0001888592534344002,-0.023403830236607016,1.0,0.0010675381263616558,-0.0016055436536050976,0.0013165957097717811,-0.001502499280503697,0.000175763642896844,0.00018067669656363552,-0.0011355001287927957,0.5192447349310095,0.0005192447349310096,-0.000868391008740051,0.5482933914306465,0.0005482933914306464,-0.0007371526448650466
2014-09-12,0.0003537016943416933,-0.0007973513194564187,1.151053013798112,0.0011510530137981121,0.0008195441407532211,-0.00046584244641152786,0.05314927945736867,1.0,0.001151053013798112,-0.0007973513194564189,0.0011064495551686756,0.0005760793623090561,-0.0012447514242183715,0.003142626767667051,0.0008819741853342685,0.5664488017429194,0.0005664488017429194,0.00025309533901030166,0.5846042120551925,0.0005846042120551926,-0.0010504466584667204
2014-09-16,0.0004094426951852509,-0.0007488724827377704,1.1583151779230212,0.0011583151779230212,0.0012449255929188046,-0.0008354828977335536,0.013374680927367466,1.0,0.0011583151779230212,-0.0007488724827377704,0.0012148365420715417,0.0025723266992443224,0.0003175097022926631,0.002838482755914233,0.0023074163208454783,0.5773420479302833,0.0005773420479302833,0.0006675835449885212,0.580973129992738,0.000580973129992738,-0.0014164560277262917
2014-09-17,-0.00032152441660013797,-0.001668655861770799,1.347131445170661,0.001347131445170661,-0.0018171253581055191,0.0014956009415053812,-0.025280231705364888,1.0,0.001347131445170661,-0.001668655861770799,-0.0028438698237580272,-0.0032663581631487697,-0.001451672078230998,-0.0032232350571370963,-0.0038279077281951467,0.6608569353667394,0.0006608569353667394,-0.0024779822934722587,0.6862745098039217,0.0006862745098039217,0.0008093264317014595
2014-09-18,0.000197818442101041,-0.0008806129304479788,1.0784313725490198,0.0010784313725490198,-0.0008952946123161078,0.0010931130544171487,0.03564591965512235,1.0,0.0010784313725490198,-0.0008806129304479788,-0.0027582656378047844,-0.0010278890545313605,0.0011457013634875435,-0.0009698725430938502,-0.0021951086874949883,0.5700798838053741,0.0005700798838053741,-0.0014653744961214818,0.5083514887436457,0.0005083514887436457,0.000584761565673503
2014-09-19,0.0005388034335506496,-0.0006376671546846447,1.1764705882352944,0.0011764705882352944,-0.001037696217217051,0.0015764996507677007,0.004970149568592705,1.0,0.0011764705882352944,-0.0006376671546846448,-0.004339759285234367,-0.0007589162952144117,0.0001493240224353072,-0.003317773586755258,-0.0014474342742481952,0.5628177196804649,0.0005628177196804649,-0.001600513936897516,0.6136528685548295,0.0006136528685548294,0.0009628467822128712
2014-09-22,-0.0013198007501697255,-0.002409125368906109,1.0893246187363836,0.0010893246187363838,0.002059807249406802,-0.003379607999576527,-0.1218128413317102,1.0,0.0010893246187363835,-0.0024091253689061095,0.006607626153482802,0.007018313847020819,0.006309868403243567,0.002475641254069738,0.004928167595645926,0.5555555555555557,0.0005555555555555557,0.0015042516938512463,0.533769063180828,0.000533769063180828,-0.003913377062757355
2014-09-24,-0.0011618853592566401,-0.002349249193679298,1.1873638344226582,0.0011873638344226582,-0.00741197192065311,0.00625008656139647,-0.07043498115656617,1.0,0.001187363834422658,-0.0023492491936792986,-0.013451615061854069,-0.010515766376478549,-0.012476502586273955,-0.013459956866068306,-0.015457598381616566,0.5882352941176472,0.0005882352941176471,-0.008000207214770757,0.599128540305011,0.000599128540305011,0.0056509580210914595
2014-09-25,0.00025883354701118606,-0.0008087045793504699,1.067538126361656,0.001067538126361656,0.00338444734889264,-0.0031256138018814538,0.042957693171566454,1.0,0.001067538126361656,-0.0008087045793504699,0.005087825124818436,0.008537263685975134,0.005423760994442335,0.006608975230232822,0.006826781948851338,0.5374001452432826,0.0005374001452432826,0.0028470472036493575,0.5301379811183734,0.0005301379811183734,-0.003655751782999827
2014-09-26,-0.0012896040793531913,-0.0025713760473996695,1.281771968046478,0.0012817719680464782,-0.0017513854498533278,0.0004617813705001366,-0.04880728571410844,1.0,0.0012817719680464782,-0.0025713760473996695,-0.0010984107915454763,-0.0005678434046424738,-0.003063347493224488,-0.005813368571736664,-0.002336049984670868,0.6390704429920118,0.0006390704429920117,-0.0023904558928453394,0.6427015250544663,0.0006427015250544663,-0.00018092015455432973
2014-09-29,-0.0008489001673720296,-0.002043526165919597,1.1946259985475673,0.0011946259985475675,-0.00036338033856810655,-0.000485519828803923,-0.07505792013660094,1.0,0.0011946259985475675,-0.002043526165919597,0.0006479638136884302,0.001610858478114452,0.0016225465291765835,1.158539614074142e-05,-0.00109356384200142,0.599128540305011,0.000599128540305011,-0.0009625088788731176,0.5954974582425564,0.0005954974582425564,-0.0010810172870464793
2014-09-30,0.0021187975501507856,0.0011202499829757672,0.9985475671750184,0.0009985475671750183,-0.0020309913072948486,0.004149788857445634,0.12531981718704824,1.0,0.0009985475671750183,0.0011202499829757672,-0.010950735268226092,-0.0029431349274723247,-0.008880698003324911,0.0002636277957225055,-0.00621154222426344,0.5047204066811911,0.0005047204066811911,-0.0025357117139760397,0.49382716049382724,0.0004938271604938273,0.003655961696951807
2014-10-01,0.0010315580427738252,-0.00010264596088883175,1.1360155978655555,0.0011360155978655554,0.0033203286504844237,-0.0022887706077105983,0.04528020688688107,0.9978260869565218,0.001134204003662657,-0.00010445755509173025,0.005017928466381449,0.0036967667135006936,0.0058125935747557166,0.0032391887418587555,0.00835899586716443,0.5480723690442362,0.0005462607748413376,0.002774067875643086,0.5879432288213192,0.0005879432288213193,-0.0028767138365319174
2014-10-02,-0.00038947585831141475,-0.001509041075702719,1.1195652173913044,0.0011195652173913045,0.003555400108061646,-0.003944875966373061,-0.005403728480823378,0.9978260869565218,0.0011195652173913043,-0.0015090410757027193,0.008553474248535307,0.006562307301167748,0.013742708710840698,0.00458925963293044,0.008396512136159556,0.5688405797101449,0.0005688405797101449,0.0029865595283515007,0.5507246376811594,0.0005507246376811594,-0.0044956006040542205
2014-10-03,-0.0008955758515854564,-0.0021618801994115434,1.2681159420289856,0.0012681159420289856,-0.0036533344751519476,0.0027577586235664913,-0.0888797060498777,0.9978260869565218,0.0012663043478260872,-0.002163691793614442,-0.004718771101397478,-0.007109009538603992,-0.005173662671543465,-0.005715211854179281,-0.008102397498366203,0.6268115942028986,0.000625,-0.004278334475151947,0.6413043478260869,0.000641304347826087,0.0021164542757404043
2014-10-06,0.0015156542890580836,0.00011348037601460519,1.4021739130434783,0.0014021739130434783,-0.002235148861815712,0.0037508031508737957,0.10594588825974033,0.9978260869565218,0.0014021739130434785,0.00011348037601460531,-0.007917810723881176,-0.006669197457480423,-0.008406756582596719,-0.004680772871992999,-0.0043650601494506355,0.6847826086956522,0.0006847826086956522,-0.002919931470511364,0.717391304347826,0.0007173913043478262,0.0030334118465259697
2014-10-07,-0.0011581187704572168,-0.0023447129733557676,1.1884057971014492,0.0011884057971014493,0.0036830382264599767,-0.004841156996917194,-0.07331764805156288,0.9978260869565218,0.0011865942028985508,-0.002346524567558666,0.010371208187091242,0.008304525607320675,0.009519502527034927,0.006612800298767044,0.007778653662054926,0.6014492753623188,0.0005996376811594203,0.0030834005453005565,0.5869565217391305,0.0005869565217391304,-0.0054281135186563245
2014-10-08,0.0013857996847268983,0.00045826345284284025,0.927536231884058,0.000927536231884058,-0.00328235690863986,0.004668156593366758,0.07188773110661896,0.9978260869565218,0.000927536231884058,0.00045826345284284025,-0.009770632019273194,-0.008467675521654163,-0.00812664791516523,-0.006403452637233121,-0.006680145780331462,0.4673913043478261,0.00046739130434782613,-0.0037497482129876863,0.4601449275362319,0.0004601449275362319,0.004208011665830526
2014-10-09,0.0008607481367309171,-0.00036863269888164535,1.231192429815461,0.001231192429815461,0.0003253336810469024,0.0005354144556840146,0.06427701895263517,0.9956616052060737,0.0012293808356125624,-0.000370444293084544,-0.0009936315413680992,-0.001223910002087147,-0.00017568197858113248,0.0014117198739607086,0.0002799352381778365,0.5866578641265051,0.0005866539344210758,-0.0002613202533741734,0.644534565688956,0.0006427269011914867,-0.00010731244550747209
2014-10-10,-0.0006012973410309142,-0.0017726639353910013,1.1713665943600868,0.0011713665943600868,0.00480839559959129,-0.005409692940622204,-0.04041379858063091,0.9956616052060737,0.001171366594360087,-0.001772663935391001,0.009746714348174475,0.012964321604304954,0.009878812173710895,0.009967344086927161,0.00952704420534527,0.5820679681851049,0.0005820679681851049,0.0042263276314061845,0.589298626174982,0.000589298626174982,-0.005998991566797186
2014-10-14,0.0022115963683198227,0.0008811552981824401,1.334056399132321,0.0013340563991323213,-0.0036538396260743728,0.005865435994394196,0.12886191119698306,0.9956616052060737,0.0013304410701373826,0.0008775399691875014,-0.01219584676478217,-0.010612301020102017,-0.005951321198882108,-0.007048727899683471,-0.007460984317247084,0.6326825741142444,0.0006308749096167753,-0.004284714535691148,0.7013738250180767,0.0006995661605206074,0.005165869833873588
2014-10-15,0.0002480351728620512,-0.0010534832653158234,1.3015184381778744,0.0013015184381778744,0.005564218428382284,-0.005316183255520233,0.0042437125473567695,0.9956616052060737,0.0013015184381778746,-0.0010534832653158232,0.0090423574405989,0.013685153184808667,0.010137093840993188,0.010035562348118122,0.011711162492142458,0.6616052060737527,0.0006616052060737528,0.004902613222308531,0.6399132321041215,0.0006399132321041216,-0.005956096487624354
2014-10-16,0.0006224445789911315,-0.0007034264648842509,1.3294785474828859,0.0013294785474828859,0.005452514884971284,-0.004830070305980153,0.05484028685203592,0.9935064935064936,0.0013258710438753824,-0.0007070339684917544,0.009530906661557212,0.00994552020423907,0.01289674343373163,0.011280609589385385,0.010733004191365645,0.6575047030578485,0.0006557009512540966,0.004796813933717187,0.6719738444250375,0.0006701700926212857,-0.005500240398601439
2014-10-17,0.0009427409386772326,-0.00022969773376143988,1.176046176046176,0.001176046176046176,-0.005254569315237739,0.0061973102539149725,0.047945339771248034,0.9935064935064936,0.0011724386724386725,-0.00023330523736894335,-0.011568284016698521,-0.013957478018092778,-0.010610474820308696,-0.011086023646187824,-0.010178597058701737,0.6024531024531025,0.0006006493506493507,-0.00585521866588709,0.5735930735930735,0.0005717893217893218,0.005625520932125651
2014-10-20,-0.0010655514551675157,-0.002367860257476318,1.3023088023088023,0.0013023088023088024,0.0028018603259753645,-0.0038674117811428803,-0.07443137751271638,0.9935064935064936,0.0013023088023088021,-0.0023678602574763183,0.008220191204535833,0.006686277471977697,0.005743760190821633,0.006677172086417552,0.00504866415467918,0.6457431457431457,0.0006457431457431457,0.002156117180232219,0.6565656565656566,0.0006565656565656566,-0.004523977437708537
2014-10-21,8.060072551409502e-05,-0.0012108855659721965,1.295093795093795,0.001295093795093795,-0.003024176472433089,0.0031047771979471842,0.016305247496125216,0.9935064935064936,0.0012914862914862916,-0.0012144930695797,-0.007968173598539291,-0.0026286614199297897,-0.008292559039028424,-0.003980940683328912,-0.007066332441580503,0.6457431457431457,0.000643939393939394,-0.003668115866372483,0.6493506493506493,0.0006475468975468975,0.0024572303004002866
2014-10-22,-0.0004275974954277467,-0.0015206710885013399,1.093073593073593,0.001093073593073593,0.0025334461548263314,-0.002961043650254078,-0.028944432655664633,0.9935064935064936,0.0010930735930735932,-0.0015206710885013399,0.005283374911548772,0.007240602924755927,0.0060244607908109165,0.006365499658907803,0.004437000426210259,0.5303030303030303,0.0005303030303030302,0.002003143124523301,0.5627705627705628,0.0005627705627705628,-0.0035238142130246406
2014-10-23,-0.0005807354266718282,-0.0015222938682302697,0.9415584415584416,0.0009415584415584416,-0.0013447574175721037,0.0007640219909002756,-0.02977374229230962,0.9935064935064936,0.0009415584415584415,-0.0015222938682302699,-0.0017288923080971065,-0.0011208771697697913,-0.003102760894810224,-0.003076867161752517,-0.0025028957020564262,0.4797979797979798,0.0004797979797979798,-0.0018245553973700835,0.46176046176046176,0.00046176046176046176,0.00030226152913981385
2014-10-24,0.0017752105588767257,0.000945484729150896,0.8297258297258298,0.0008297258297258297,-0.0004045397883100185,0.002179750347186744,0.04832518666602138,0.9935064935064936,0.0008297258297258296,0.0009454847291508959,-0.005418642177739054,-0.0022042433782512856,-0.009420156100354132,0.0007374221114324061,-0.0015665713482764688,0.3823953823953824,0.0003823953823953824,-0.0007869351707054009,0.44733044733044736,0.00044733044733044733,0.0017324198998562967
2014-10-27,0.0012611201843838456,0.0005702832435469046,0.6926406926406926,0.0006926406926406926,0.0028724355317929474,-0.0016113153474091018,0.06992322402032138,0.9935064935064936,0.0006908369408369409,0.0005684794917431529,0.0030642097038441783,0.0035535189416328453,0.002344208524367254,0.00721754746689398,0.005045999412346544,0.33910533910533913,0.0003373015873015873,0.0025351339444913603,0.35353535353535354,0.00035353535353535354,-0.0019648507009444554
2014-10-28,0.0021382080339991147,0.0014203148161058968,0.7178932178932179,0.0007178932178932178,-0.0008369613358180014,0.0029751693698171163,0.10590531003870443,0.9935064935064936,0.0007178932178932178,0.0014203148161058968,-0.006483275559161052,-0.004874116973875316,-0.0035456352085878784,8.166149070209592e-06,-0.0025258839689780398,0.3787878787878788,0.0003787878787878788,-0.0012157492146058803,0.33910533910533913,0.0003391053391053391,0.0026360640307117773
2014-10-29,0.002013438393480136,0.001450667830709573,0.5627705627705628,0.0005627705627705628,0.0021977990220697586,-0.00018436062858962298,0.10865085481062876,0.9935064935064936,0.0005627705627705628,0.001450667830709573,-0.0007574403509170188,0.0026713564589082688,0.0006759140667187613,0.006347103677452931,0.003448512171248938,0.2777777777777778,0.0002777777777777778,0.0019200212442919808,0.284992784992785,0.000284992784992785,-0.00046935341358240795
2014-10-30,0.0006769610633393794,-0.0001257084893301731,0.8044733044733045,0.0008044733044733044,0.0055338573189781136,-0.004856896255638734,0.014782137144459707,0.9935064935064936,0.0008026695526695525,-0.00012751224113392498,0.012039931580169841,0.004980615496862896,0.0003563416275510452,0.015955791326168957,0.008688137026667155,0.4148629148629149,0.0004130591630591631,0.005120798155918951,0.38961038961038963,0.0003896103896103896,-0.005246506645249123
2014-10-31,-0.00011261342427681313,-0.0013337533954167844,1.222943722943723,0.0012229437229437229,-0.012758241452346709,0.012645628028069894,-0.002446482041965574,0.9935064935064936,0.0012211399711399714,-0.001335557147220536,-0.025112345443631057,-0.025433042676593187,-0.01952855430203702,-0.021399468002240102,-0.02755815845686648,0.6024531024531025,0.0006024531024531024,-0.013360694554799811,0.6204906204906205,0.0006186868686868687,0.012026941159383025
2014-11-04,-0.0006836194038393204,-0.0019516569218768385,1.2698412698412698,0.0012698412698412698,0.0009945622552436847,-0.0016781816590830051,-0.03635535601494569,0.9935064935064936,0.0012680375180375181,-0.0019534606736805902,0.003682619139057616,0.002667573390553278,0.004524751769269416,0.0020133472814195205,0.001968587980733887,0.6637806637806638,0.000661976911976912,0.0003325853432667728,0.6060606060606061,0.0006060606060606061,-0.002284242265143611
2014-11-05,-0.0005145638874483599,-0.0018024426753271477,1.2878787878787878,0.001287878787878788,0.0002818525679428743,-0.0007964164553912341,-0.0621583890818526,0.9935064935064936,0.001287878787878788,-0.001802442675327148,0.001831297772933725,0.001096868446774211,-0.00011991956043349897,0.0027736643800966715,-0.0005318175231256145,0.6601731601731602,0.0006601731601731601,-0.00037832059223028583,0.6277056277056277,0.0006277056277056277,-0.0014241220830968617
2014-11-06,-0.0006986567940685763,-0.002228238323650106,1.5295815295815296,0.0015295815295815296,-0.001398723122155416,0.0007000663280868395,-0.04898994975497952,0.9935064935064936,0.0015295815295815296,-0.002228238323650106,-0.0012285858658802782,-0.001734780448234915,0.0012691983057854194,-0.0041156322219572565,-0.0021334082500155645,0.7792207792207793,0.0007792207792207792,-0.002177943901376195,0.7503607503607503,0.0007503607503607504,-5.0294422273910815e-05
2014-11-07,-0.0011185146426419192,-0.0023739258980531746,1.259018759018759,0.001259018759018759,0.001801419090450073,-0.002919933733091992,-0.07020615473580104,0.9935064935064936,0.0012554112554112554,-0.002377533401660678,0.006942572613008176,0.003598821490183295,0.00250869683788858,0.005153657079837596,0.0028479782230123613,0.6024531024531025,0.0006006493506493507,0.0012007697398007224,0.6565656565656566,0.0006547619047619047,-0.0035746956378538966
2014-11-10,0.00017353063369324537,-0.0009664405062778947,1.1399711399711399,0.00113997113997114,-0.0003278694482208601,0.0005014000819141054,-0.01400023081189947,0.9935064935064936,0.00113997113997114,-0.0009664405062778947,-0.0017738097779881011,0.0005709056405780966,-0.0035385590548307868,0.0014862569140835786,-0.0017044096842755404,0.56998556998557,0.00056998556998557,-0.0008978550182064301,0.5699855699855699,0.00056998556998557,-6.858548807146456e-05
2014-11-11,0.0013644313785085766,0.0004607517248289229,0.9054834054834054,0.0009054834054834054,-0.001385239054075832,0.002749670432584409,0.028024907830355737,0.9935064935064936,0.0009036796536796537,0.0004589479730251712,-0.00738881913903253,-0.0016494167908213816,-0.003740656768236206,-0.0015328305763933256,-0.0034073702095187793,0.4797979797979798,0.000477994227994228,-0.0018632332820700602,0.42568542568542567,0.0004256854256854257,0.0023239850068989833
2014-11-12,-0.000559729838324987,-0.0014670169956121444,0.9090909090909091,0.0009090909090909091,0.003436978466636512,-0.003996708304961499,-0.004971266400364336,0.9935064935064936,0.0009072871572871574,-0.0014688207474158961,0.007459093947071233,0.00910311659467479,0.004377010970043775,0.005710805316329516,0.007450417086652131,0.468975468975469,0.00046717171717171714,0.0029698067494647947,0.4401154401154401,0.0004401154401154401,-0.004436823745076939
2014-11-13,6.444879805920408e-05,-0.0010840463353171388,1.1503027809723274,0.0011503027809723276,-0.001956397144053364,0.002020845942112569,-0.040092026937982334,0.9913606911447084,0.001148495133376343,-0.0010858539829131234,-0.003079868996117779,-0.0060431469468113855,-0.005258638034170515,-0.005497249862228115,-0.0031248777737153902,0.5985495186359118,0.0005967457668321599,-0.002553142910885524,0.5517532623364158,0.000551749366544183,0.001469096575568386
2014-11-14,0.0014036040243101504,0.00032369041739870323,1.0835133189344854,0.0010835133189344855,0.0018021001377059888,-0.00039849611339583843,0.09149334058033061,0.9913606911447084,0.0010799136069114472,0.00032009070537566487,0.0006133740519983602,0.0011924096325670308,0.003527664059806407,0.0035653481338138926,0.0036387105179160376,0.5399568034557236,0.0005381569474442046,0.0012639431902617842,0.5435565154787618,0.0005417566594672428,-0.0009402527728630812
2014-11-17,-0.0018721408038322182,-0.0029250565705708793,1.0547156227501802,0.00105471562275018,-0.0018128466779971269,-5.9294125835091186e-05,-0.07519677955354029,0.9913606911447084,0.001052915766738661,-0.002926856426582398,5.4340821997814235e-05,0.00025094970793827754,0.0009365269137205968,-0.001708031400430599,-0.004579498692774297,0.5363570914326855,0.0005363570914326855,-0.0023492037694298126,0.5183585313174947,0.0005165586753059756,-0.0005758528011410668
2014-11-18,0.0005632791163829901,-0.0004752378022635183,1.0403167746580275,0.0010403167746580275,0.000913488278917841,-0.00035020916253485085,0.024790811204552704,0.9913606911447084,0.0010385169186465084,-0.0004770376582750374,0.0006739686970227005,0.0007690892562015646,-0.0003171956017094476,0.00023022075179039543,0.0026160430072786366,0.5435565154787618,0.0005435565154787618,0.0003699317634390792,0.49676025917926575,0.0004949604031677467,-0.0008451695657025976
2014-11-19,-0.001604973290679596,-0.002699285745683196,1.0943124550035999,0.0010943124550036,-0.0021668465239352416,0.0005618732332556454,-0.11700736240322343,0.9913606911447084,0.0010943124550035997,-0.002699285745683196,-0.0009250741864595672,-0.0015568107746150787,-0.0008520950047173125,-0.005946551613088141,-0.0035632458704698885,0.5543556515478762,0.0005543556515478763,-0.002721202175483118,0.5399568034557236,0.0005399568034557237,2.1916429799921752e-05
2014-11-20,-0.0013251751361149104,-0.002253900838058755,0.9287257019438446,0.0009287257019438447,0.0016496878412037789,-0.0029748629773186895,-0.07005749201775514,0.9913606911447084,0.0009287257019438444,-0.002253900838058755,0.007011577823587234,0.0038742266112337573,0.0057575927556744975,0.0033695754340548278,0.0032792215057732806,0.4499640028797697,0.00044996400287976974,0.0011997238383240091,0.47876169906407495,0.000478761699064075,-0.0034536246763827647
2014-11-21,-0.0028728235871282024,-0.0037205557685536885,0.8495320374370051,0.0008495320374370052,-0.004415391703589414,0.0015425681164612116,-0.10303951971270123,0.9913606911447084,0.0008477321814254861,-0.003722355624565208,-0.001086759061980836,-0.007276818444193484,0.002628816960333953,-0.009532580924325428,-0.008566272747154016,0.38516918646508286,0.0003833693304535638,-0.004798761034042977,0.4643628509719223,0.00046436285097192233,0.0010782052654892892
2014-11-25,0.0006209547841526043,-0.00030597106177972114,0.9287257019438446,0.0009287257019438447,0.0008056095074359238,-0.00018465472328331944,-0.004194447856985969,0.9913606911447084,0.0009269258459323255,-0.0003077709177912403,0.0004885624815047216,0.00013023936329260058,0.0029307530483354692,0.0025559270715042825,0.0011559531119597287,0.4823614110871131,0.00048056155507559406,0.0003250479523603297,0.4463642908567315,0.00044636429085673153,-0.0006310190141400509
2014-11-26,0.0009242254618986298,-0.0001448890089437031,1.0691144708423328,0.0010691144708423327,0.0023379009068725015,-0.001413675444973872,0.051969656921689,0.9913606911447084,0.001069114470842333,-0.00014488900894370292,0.002184304404208982,0.004212860644940138,0.005785071631025035,0.0037842927705153207,0.005132081192158427,0.5615550755939526,0.0005615550755939526,0.001776345831278549,0.5075593952483802,0.0005075593952483802,-0.0019212348402222524
2014-11-27,-0.0002901021251529117,-0.001299821347615115,1.0115190784737222,0.0010115190784737223,-0.0007370095440053206,0.00044690741885240883,-0.06872697310048632,0.9913606911447084,0.0010097192224622032,-0.001301621203626634,0.00021835466048261384,-0.003210174764046272,-0.0030493460342152236,-0.0011890734190946382,-0.0016309116744165724,0.5363570914326855,0.0005345572354211665,-0.001271566779426487,0.4751619870410368,0.00047516198704103684,-2.8254568188628e-05
2014-11-28,-0.0007396982733559558,-0.0013948458615489006,0.6551475881929446,0.0006551475881929447,-0.001167380034814097,0.0004276817614581411,-0.09246709379277311,0.9913606911447084,0.0006551475881929448,-0.0013948458615489004,-0.001753183697824374,0.0009830242347687824,-0.0028910354315401063,-0.004564254379827692,-0.0012428529586878505,0.2951763858891289,0.00029517638588912894,-0.0014625564207032258,0.35997120230381574,0.0003599712023038158,6.771055915432529e-05
2014-12-01,-0.001038369826005215,-0.0016539205819447401,0.6155507559395249,0.0006155507559395249,0.0010600575060941992,-0.0020984273320994143,-0.05616038200610286,0.9913606911447084,0.000615550755939525,-0.00165392058194474,0.005770148188484542,0.0010293184739589957,0.005250777040002707,0.0009899115840266853,0.0027059569818232714,0.29157667386609076,0.0002915766738660908,0.0007684808322281085,0.32397408207343414,0.0003239740820734342,-0.0024224014141728486
2014-12-02,0.00014970277050907656,-0.00042265144115399047,0.572354211663067,0.000572354211663067,0.00027719482730559087,-0.00012749205679651434,-0.024565087094264325,0.9913606911447084,0.000572354211663067,-0.00042265144115399047,0.0009056455256079249,-0.0010846164556325634,0.00475557275659136,0.002408924480282109,-0.00036745438116830284,0.2807775377969763,0.0002807775377969763,-3.5827104913854183e-06,0.29157667386609076,0.0002915766738660908,-0.00041906873066260516
2014-12-03,-0.0014693895235209514,-0.002142535671829087,0.6731461483081355,0.0006731461483081354,-0.002922500041615771,0.0014531105180948195,-0.08335349835143221,0.9913606911447084,0.0006731461483081354,-0.002142535671829087,-0.0027098312949252177,-0.0033702175888599027,-0.0006731513882564413,-0.005655949815937096,-0.005996704565519073,0.3275737940964723,0.00032757379409647234,-0.0032500738357122434,0.3455723542116631,0.00034557235421166314,0.0011075381638831563
2014-12-04,-0.0006934423346688158,-0.0016167684685781034,0.9251259899208064,0.0009251259899208065,0.0002270129661779382,-0.0009204553008467541,-0.03547591304099641,0.9913606911447084,0.0009233261339092876,-0.0016185683245896225,0.0028188645560887986,-0.0001433760253562215,0.000700212453966789,-0.00425795904716286,0.0027613047166681866,0.4751619870410368,0.00047336213102951776,-0.0002463491648515795,0.4499640028797697,0.00044996400287976974,-0.0013704193037265239
2014-12-05,-0.0009683570785199001,-0.0018934830684407065,0.9251259899208064,0.0009251259899208065,-0.0030138073284661994,0.002045450249946299,-0.052709371831765425,0.9913606911447084,0.0009251259899208064,-0.0018934830684407067,-0.005442348113848409,-0.0013797267743817757,-0.007067495349231546,-0.005163289704324463,-0.006476408540872549,0.4751619870410368,0.00047516198704103684,-0.0034889693155072364,0.4499640028797697,0.00044996400287976974,0.0015954862470665295
2014-12-08,0.0010829545671255825,0.0003036169141378214,0.7811375089992801,0.0007811375089992802,0.0014810065330129762,-0.00039805196588739363,0.054262760733684016,0.9913606911447084,0.000779337652987761,0.0003018170581263023,-0.00033197319683333116,0.0031433854095337275,-0.001232509795367605,0.003226870864845855,0.0028585603813923413,0.3707703383729302,0.00036897048236141116,0.001112036050651565,0.41036717062635,0.00041036717062635,-0.0008084191365137436
2014-12-09,0.002511164891066196,0.0016778315577328624,0.8351331893448525,0.0008351331893448526,0.0030624297082047793,-0.0005512648171385838,0.1424706304267166,0.9913606911447084,0.0008333333333333335,0.0016760317017213433,0.001144159868916022,0.0010385444087090772,0.0003500219025967377,0.004735207830816491,0.006831086200399326,0.41036717062635,0.0004085673146148309,0.0026538623935899483,0.42476601871850256,0.0004247660187185026,-0.0009760308358570864
2014-12-10,-0.00022536975797321458,-0.0011684943080092118,0.9431245500359973,0.0009431245500359973,0.002748871245528699,-0.0029742410035019135,-0.000601600047651489,0.9913606911447084,0.0009431245500359973,-0.0011684943080092118,0.00723454514671508,0.0034095878250739774,0.0050236636731711614,0.003125536501151118,0.0066819840989838335,0.47876169906407495,0.000478761699064075,0.0022701095464646237,0.4643628509719223,0.00046436285097192233,-0.0034386038544738356
2014-12-11,0.0005468357886529246,-0.0005024802660626984,1.051115910727142,0.001051115910727142,-0.00035597401693220776,0.0009028098055851323,0.06280639969423628,0.9913606911447084,0.0010493160547156229,-0.0005042801220742173,-0.003334744336006535,0.0013039705331221551,-0.0033629883683074574,-0.0009309279725004015,-0.0006078748296236454,0.5291576673866092,0.0005291576673866091,-0.0008851316843188168,0.5219582433405329,0.0005201583873290138,0.00038265141825611856
2014-12-12,0.0003303640417879138,-0.0008593407818261971,1.1915046796256301,0.0011915046796256302,0.0024168486772165876,-0.0020864846354286736,-0.0192298576287676,0.9913606911447084,0.001189704823614111,-0.0008611406378377164,0.004856873141315879,0.002843027323993525,0.0007330234212891691,0.0038148506663695726,0.005352955453881208,0.5903527717782578,0.0005903527717782579,0.0018264959054383298,0.6011519078473723,0.0005993520518358533,-0.002685836687264527
2014-12-15,-0.0005453257607369775,-0.0016822179990130881,1.1404958292991734,0.0011404958292991734,0.003111126734133857,-0.0036564524948708346,-0.01362534761388892,0.9892241379310345,0.0011368922382761107,-0.001685821590036151,0.007543822894820013,0.006877844464212591,0.004741593152501618,0.005045500544151986,0.006790558144944069,0.5774085486954148,0.0005756086926838957,0.002535518041449961,0.5630872806037587,0.0005612835455922147,-0.004217736040463049
2014-12-16,0.0008564511300642588,-0.0004474281802805688,1.3074712643678161,0.001307471264367816,0.004074026350658654,-0.0032175752205943946,0.04816808566347873,0.9892241379310345,0.0013038793103448275,-0.0004510201343035572,0.006203580032496905,0.007007472492115766,0.015162983214998878,0.007693985211215167,0.00839016791728464,0.6645114942528736,0.0006627155172413793,0.0034113108334172743,0.6429597701149425,0.0006411637931034483,-0.003858739013697843
2014-12-17,-0.0004933204336989344,-0.0015637227325495091,1.0704022988505748,0.0010704022988505747,-0.0003178843760910157,-0.00017543605760791858,-0.03446853078298594,0.9892241379310345,0.0010704022988505747,-0.0015637227325495091,0.0004787125515269562,9.496991529753017e-05,-0.003256856745421446,-0.0022407587645819314,0.00015673003082827987,0.5387931034482758,0.0005387931034482759,-0.0008566774795392915,0.5316091954022989,0.0005316091954022988,-0.0007070452530102174
2014-12-18,0.0018501102561002507,0.0007689320951807104,1.0811781609195403,0.0010811781609195402,-0.003530610463968296,0.005380720720068547,0.12791620287125038,0.9892241379310345,0.0010811781609195402,0.0007689320951807105,-0.010952239708130092,-0.01053701880463703,-0.011367218621326116,-0.009082335739069044,-0.0060767151523827695,0.5423850574712643,0.0005423850574712643,-0.00407299552143956,0.5387931034482758,0.0005387931034482759,0.004841927616620271
2014-12-19,0.0008320643464496488,-0.000295809216768742,1.1314655172413792,0.0011314655172413794,0.0022872044460476746,-0.0014551400995980257,0.059087225802288514,0.9892241379310345,0.001127873563218391,-0.0002994011707917306,0.0029022737935355705,0.0029075170092318775,0.004132936178463092,0.004674656799760236,0.004534661343986041,0.5423850574712643,0.0005423850574712643,0.0017448193885764103,0.5890804597701149,0.0005854885057471264,-0.002040628605345152
2014-12-22,0.0012527978540806427,0.0001716196931611025,1.0811781609195403,0.0010811781609195402,-0.0015110088756731175,0.00276380672975376,0.07243473048987964,0.9892241379310345,0.0010811781609195402,0.00017161969316110254,-0.004317159065090186,-0.007912860226022785,-0.004650715318960308,-0.0029186204684509614,-0.0030796594563295876,0.5316091954022989,0.0005316091954022988,-0.0020426180710754163,0.5495689655172413,0.0005495689655172413,0.0022142377642365187
2014-12-24,-0.0005899619787070684,-0.0017339993350289076,1.1494252873563218,0.0011494252873563218,-0.00034543750099320274,-0.0002445244777138656,-0.07573409972811351,0.9892241379310345,0.0011440373563218393,-0.0017393872660633903,0.0014270747867897093,-0.0014207107818879727,0.0021199576447789143,-0.00025683513972681797,-0.0009155105030348977,0.5352011494252874,0.0005334051724137931,-0.0008788426734069959,0.6142241379310345,0.000610632183908046,-0.0008551566616219116
2014-12-25,0.0003880883560556451,-0.00032311854049607905,0.7112068965517241,0.0007112068965517242,0.001735453951498957,-0.001347365595443312,0.026092912957854493,0.9892241379310345,0.0007112068965517242,-0.00032311854049607905,0.003260266525932144,0.001580259227686344,0.0022276630683692377,0.0004544589192647572,0.00502193522121194,0.35201149425287354,0.00035201149425287355,0.0013834424572460834,0.35919540229885055,0.00035919540229885057,-0.0017065609977421625
2014-12-26,0.0009615413024920423,0.00032396946341158245,0.639367816091954,0.0006393678160919541,0.0006326313387601183,0.0003289099637319239,0.0469763020707302,0.9892241379310345,0.0006375718390804598,0.0003221734864000882,-0.0004584765075903992,-0.0010736672870576276,-0.0048586830226919975,-0.0011256143564134424,0.002483322090043935,0.319683908045977,0.000319683908045977,0.0003129474307141413,0.319683908045977,0.00031788793103448273,1.102203269744118e-05
2014-12-29,-0.0008456875114169788,-0.0011510036033710017,0.305316091954023,0.000305316091954023,0.0003574576159947011,-0.0012031451274116798,-0.04376342524858814,0.9892241379310345,0.0003053160919540229,-0.0011510036033710019,0.003915770817632693,-0.0005498980815390458,0.0016188233520054594,0.0022768122059402323,-6.90822530793046e-05,0.14727011494252873,0.00014727011494252874,0.00021018750105217235,0.15804597701149425,0.00015804597701149425,-0.001361191104423174
2014-12-30,-0.0003144087503662992,-0.0007149116239295176,0.40229885057471265,0.00040229885057471265,-0.0013161881790406233,0.001001779428674324,-0.031847078430131626,0.9892241379310345,0.00040050287356321835,-0.0007167076009410118,-0.0019682819312125373,-0.002106487326157492,-0.0016125895433867009,-0.00421129790948894,-0.0018543634375399328,0.1724137931034483,0.00017241379310344826,-0.0014886019721440716,0.22988505747126436,0.00022808908045977012,0.0007736903482145539
2015-01-05,0.0003285562619368985,-3.782304840792911e-05,0.36637931034482757,0.0003663793103448276,0.002213470651032686,-0.0018849143890957874,0.034556760492944726,0.9892241379310345,0.00036637931034482765,-3.7823048407929067e-05,0.0043763103229204695,0.0025882045251134846,0.004440857143184359,0.005838702791250302,0.0037470711897213123,0.16522988505747127,0.00016522988505747127,0.002048240765975215,0.20114942528735633,0.00020114942528735632,-0.002086063814383144
2015-01-06,-0.0004924241571980097,-0.001124608065243987,0.632183908045977,0.000632183908045977,0.002328812586089898,-0.0028212367432879078,-0.09119328511101928,0.9892241379310345,0.0006321839080459772,-0.0011246080652439867,0.003318214913820488,0.010479963128484572,0.005662869972664935,0.005614809684100131,0.004209269278877951,0.2765804597701149,0.00027658045977011495,0.002052232126319783,0.35560344827586204,0.00035560344827586203,-0.00317684019156377
2015-01-07,-0.0020330414445365813,-0.003132179375571064,1.1027298850574712,0.0011027298850574713,-0.0025536221016108102,0.0005205806570742289,-0.0919508693294418,0.9892241379310345,0.0010991379310344826,-0.0031357713295940524,-0.00018222645619689755,-0.002782230315285954,-0.0018440590118645448,-0.003586472483287493,-0.005870437192013171,0.5962643678160919,0.0005944683908045977,-0.003148090492415408,0.5064655172413793,0.000504669540229885,1.5911116844343843e-05
2015-01-08,-0.000635655827198657,-0.0018802678961641743,1.2464080459770115,0.0012464080459770115,-0.00367704036819811,0.003041384540999453,0.003902582487333266,0.9892241379310345,0.0012446120689655173,-0.0018820638731756685,-0.006381441203329564,-0.005565877457243918,-0.001840320911999676,-0.005218499725571246,-0.008426204850861038,0.632183908045977,0.000632183908045977,-0.004309224276244087,0.6142241379310345,0.0006124281609195402,0.0024289563800799128
2015-01-09,0.00017273309207725606,-0.0008653416205664222,1.0380747126436782,0.0010380747126436782,0.0027386772269675013,-0.0025659441348902454,0.01707983237596032,0.9892241379310345,0.0010380747126436782,-0.0008653416205664221,0.005450695984724714,0.004559211441187824,0.002320903701508635,0.001919772776699616,0.007248797766231936,0.5208333333333334,0.0005208333333333333,0.002217843893634168,0.5172413793103449,0.0005172413793103448,-0.00308318551420059
2015-01-13,0.0006096222755125805,-0.00037098117276328154,0.9806034482758621,0.000980603448275862,0.0034667385520050953,-0.0028571162764925145,-0.007686904899292797,0.9892241379310345,0.000980603448275862,-0.0003709811727632815,0.0049568901976700655,0.0073501183075208795,0.0030492068853485333,0.007764428572142595,0.006537379554404937,0.5028735632183908,0.0005028735632183908,0.0029638649887867045,0.47772988505747127,0.00047772988505747125,-0.003334846161549986
2015-01-14,0.000591685140589734,-0.0005182286525137143,1.1099137931034482,0.0011099137931034483,-0.002872817969436095,0.003464503110025829,0.026676643697159896,0.9892241379310345,0.0011099137931034483,-0.0005182286525137143,-0.008963176372340589,-0.002877851938538812,-0.007517993018292313,-0.005947761320792003,-0.005658016149834157,0.5459770114942528,0.0005459770114942528,-0.0034187949809303475,0.5639367816091954,0.0005639367816091954,0.0029005663284166336
2015-01-15,-0.001056162205441169,-0.0020762771479699046,1.0201149425287357,0.0010201149425287355,0.0037786334026691007,-0.00483479560811027,-0.06655994718626644,0.9892241379310345,0.0010201149425287355,-0.0020762771479699046,0.011795367418231385,0.005473361041810558,0.005396623437146576,0.004962031312525995,0.008857183859428837,0.5208333333333334,0.0005208333333333333,0.0032578000693357675,0.49928160919540227,0.0004992816091954023,-0.005334077217305672
2015-01-16,-0.0009128412756011568,-0.0018826688618080534,0.9698275862068966,0.0009698275862068965,-8.845678112036551e-05,-0.0008243844944807912,-0.059891965139957634,0.9892241379310345,0.0009698275862068966,-0.0018826688618080534,0.002592985009610033,-0.0002558013764896878,0.001106033036522977,-0.0032825333452043783,0.0013588189894138886,0.5028735632183908,0.0005028735632183908,-0.0005913303443387563,0.46695402298850575,0.00046695402298850574,-0.001291338517469297
2015-01-19,0.0005403019873787339,-0.0006899422654948292,1.235632183908046,0.0012356321839080459,-0.0017332701453429216,0.002273572132721656,0.011232101219704388,0.9892241379310345,0.001230244252873563,-0.000695330196529312,-0.005631457840849082,-0.002349180700016007,-0.0031032728504257444,-0.003154030950650214,-0.0036116125726691883,0.603448275862069,0.0006016522988505747,-0.0023349224441934963,0.632183908045977,0.0006285919540229885,0.0016449801786986673
2015-01-20,-0.001302552323978777,-0.0025776960021396964,1.2823275862068966,0.0012823275862068966,-0.0003263404609960608,-0.0009762118629827162,-0.06985584183676635,0.9892241379310345,0.0012751436781609194,-0.0025848799101856734,0.001977306005734965,0.001931602727934867,-0.0020944202137342135,-0.000878573830662564,-0.0005434728392988489,0.6537356321839081,0.0006501436781609195,-0.0009764841391569803,0.6285919540229885,0.000625,-0.001601211862982716
2015-01-21,0.0003735985467867132,-0.000529777889994896,0.9051724137931034,0.0009051724137931034,0.0012806415362737406,-0.0009070429894870274,0.012617344893783093,0.9892241379310345,0.0009033764367816092,-0.0005315738670063902,0.0013716061712696333,0.0027464042713211544,0.004906431290142016,0.0005083457873070707,0.0035822225535750984,0.4813218390804598,0.0004795258620689655,0.0008011156742047752,0.42385057471264365,0.00042385057471264366,-0.001330893564199671
2015-01-22,-0.00029496380319237977,-0.001354590239973989,1.0596264367816093,0.0010596264367816093,-0.0042753053327962524,0.003980341529603872,-0.0011183208806590796,0.9892241379310345,0.0010596264367816093,-0.0013545902399739892,-0.007563850196729637,-0.008894264033974985,-0.004545015235738789,-0.00776307883009614,-0.008958530951247896,0.5567528735632183,0.0005567528735632184,-0.0048320582063594705,0.5028735632183908,0.0005028735632183908,0.0034774679663854813
2015-01-23,-0.001331459992465997,-0.002340799072925767,1.0093390804597702,0.00100933908045977,0.002752925224817105,-0.0040843852172831015,-0.10322317649292487,0.9892241379310345,0.00100933908045977,-0.002340799072925767,0.008512958295822244,0.007590938966596633,0.005731813635936311,0.0034544304198638937,0.00653237186317573,0.5028735632183908,0.0005028735632183908,0.002250051661598714,0.5064655172413793,0.0005064655172413793,-0.004590850734524481
2015-01-26,0.000805266087267889,-0.00020766494721486975,1.0129310344827587,0.0010129310344827586,-0.0013103223571418144,0.0021155884444097033,0.05661530481441358,0.9892241379310345,0.0010129310344827588,-0.00020766494721486956,-0.0029993936900240574,-0.006813982631899431,-0.011161166924899697,-0.0025980539139837315,-0.0026374544536024677,0.4885057471264368,0.0004885057471264368,-0.0017988281042682513,0.5244252873563219,0.0005244252873563218,0.0015911631570533816
2015-01-27,-0.00035578658173277764,-0.0012070796851810534,0.8512931034482759,0.0008512931034482758,0.001924279907536839,-0.002280066489269617,-0.02071462342294047,0.9892241379310345,0.0008512931034482757,-0.0012070796851810534,0.0037668124902798298,0.006251801077288727,0.00151707365744037,0.0013129681443272722,0.005110999909883887,0.4202586206896552,0.0004202586206896552,0.0015040212868471837,0.43103448275862066,0.0004310344827586207,-0.0027111009720282376
2015-01-28,0.001301187515875301,0.0002918484354155307,1.0093390804597702,0.00100933908045977,0.0053754641306026875,-0.004074276614727386,0.020410721088637975,0.9892241379310345,0.00100933908045977,0.0002918484354155308,0.0071151456422909294,0.010386155270484573,0.00895148056652381,0.012340415857267067,0.009987850371241969,0.5136494252873564,0.0005136494252873562,0.004861814705315331,0.4956896551724138,0.0004956896551724137,-0.0045699662698997995
2015-01-29,0.0014335413433115226,0.000413426400782787,1.0201149425287357,0.0010201149425287355,-0.0009754528017195281,0.0024089941450310508,0.01881638168842627,0.9892241379310345,0.0010201149425287355,0.0004134264007827871,-0.004612606108916287,-0.0053119033373061515,-0.0007842737913638876,-0.0035591673302265998,-0.0011596168043902474,0.5208333333333334,0.0005208333333333333,-0.0014962861350528616,0.49928160919540227,0.0004992816091954023,0.0019097125358356485
2015-01-30,0.00012364390453926285,-0.0008497756356906222,0.9734195402298851,0.000973419540229885,0.0026580689676810924,-0.0025344250631418293,0.018308967786848932,0.9892241379310345,0.000973419540229885,-0.0008497756356906222,0.00525591285457736,0.004764484441823975,0.005686757908635027,0.00516056075419134,0.0054045226441894025,0.5172413793103449,0.0005172413793103448,0.0021408275883707476,0.4561781609195402,0.00045617816091954023,-0.0029906032240613694
2015-02-02,1.6857026826013817e-05,-0.0011630998697257104,1.1817528735632183,0.0011817528735632184,0.0009330802504353157,-0.0009162232236093019,0.023676213096465722,0.9892241379310345,0.0011799568965517242,-0.0011648958467372047,0.0032217576844298206,-0.0009684112869379053,0.004537722923561464,0.0019301173348550494,0.0018385391862135445,0.5998563218390804,0.0005998563218390804,0.0003332239285962353,0.5818965517241379,0.0005801005747126436,-0.0014963237983219456
2015-02-03,0.0002479123843002691,-0.0007991422134008804,1.0488505747126438,0.0010488505747126436,-0.003414336194671002,0.003662248578971271,0.009292412617220802,0.9892241379310345,0.0010470545977011494,-0.0008009381904123745,-0.006702803334233587,-0.008707896578063258,-0.009295341622000491,0.00020875940866031786,-0.010324237950481523,0.5352011494252874,0.0005352011494252874,-0.003949537344096289,0.5136494252873564,0.000511853448275862,0.0031503951306954088
2015-02-04,0.0004596600736882435,-0.0006574376274611817,1.1206896551724137,0.0011206896551724137,0.0007361606443370715,-0.0002765005706488281,0.03627755006818879,0.9892241379310345,0.0011170977011494253,-0.0006610295814841702,-2.3546874466747965e-06,0.0016601450494876234,0.0022486466491155985,0.0014346159341061446,0.001494137531339334,0.5747126436781609,0.0005747126436781609,0.00016144800065891055,0.5459770114942528,0.0005423850574712643,-0.0008188856281200925
2015-02-05,-0.0019925393753359,-0.003141964662692222,1.1494252873563218,0.0011494252873563218,-0.0005899428101944844,-0.0014025965651414157,-0.09281442847375011,0.9892241379310345,0.0011494252873563218,-0.003141964662692222,0.0031153281500351663,0.00216682507058279,-0.0013137733030162285,0.002206414291339307,-0.0028573670511801356,0.5711206896551724,0.0005711206896551724,-0.0011610634998496568,0.5783045977011494,0.0005783045977011494,-0.001980901162842565
2015-02-06,-0.0006081604857477643,-0.0017162783018397183,1.1099137931034482,0.0011099137931034483,-0.002892317721471038,0.0022841572357232736,-0.027687376450485263,0.9892241379310345,0.001108117816091954,-0.0017180742788512125,-0.0038974956127269854,-0.005944397444385864,-0.005694167618312643,-0.005332857895324254,-0.006020535381426036,0.5459770114942528,0.0005459770114942528,-0.0034382947329652906,0.5639367816091954,0.0005621408045977011,0.0017220164311255726
2015-02-09,0.0005516943047978245,-0.0005707913273860835,1.1242816091954022,0.0011242816091954022,0.0025577972195223032,-0.002006102914724479,0.07138130994439419,0.9892241379310345,0.001122485632183908,-0.0005725873043975777,0.004181781432182114,0.003727326994865017,0.00111032343743356,0.002711700642159928,0.006315618455652178,0.5531609195402298,0.0005531609195402299,0.002004636299982073,0.5711206896551724,0.0005693247126436782,-0.0025754276273681573
2015-02-10,0.0030847688437759774,0.0021544527518219544,0.930316091954023,0.000930316091954023,-0.0016178508582555204,0.004702619702031498,0.1172417729828467,0.9892241379310345,0.000930316091954023,0.0021544527518219544,-0.011119348037060354,-0.00604637269448255,-0.011507701110192592,-0.0006330695775835141,-0.004529983638381669,0.45977011494252873,0.0004597701149425287,-0.002077620973198049,0.47054597701149425,0.0004705459770114942,0.0042320737250200035
2015-02-12,-0.0018092264941432868,-0.002782646034373172,0.9734195402298851,0.000973419540229885,0.0002236825087932639,-0.0020329090029365506,-0.06327733042460704,0.9892241379310345,0.0009734195402298852,-0.0027826460343731716,0.004242419728786536,0.003767402893195338,0.001015799155380069,-0.0016423669551061748,0.0014819579611067603,0.46695402298850575,0.00046695402298850574,-0.00024327151419524184,0.5064655172413793,0.0005064655172413793,-0.00253937452017793
2015-02-13,-0.0009156196393569372,-0.0021530478002764774,1.242816091954023,0.001242816091954023,-0.0013460982506116272,0.00043047861125469,-0.061577512468185804,0.9892241379310345,0.0012374281609195403,-0.0021584357313109604,0.00034391529574710105,-0.0032651476962964757,-0.007791363437450885,-0.003968215201205253,-0.0020455026463895997,0.625,0.0006232040229885058,-0.001969302273600133,0.617816091954023,0.0006142241379310345,-0.00018374552667634443
2015-02-16,0.0005505061682368952,-0.0007192495788895414,1.271551724137931,0.001271551724137931,0.0028025807815823464,-0.0022520746133454514,-0.009891158539233679,0.9892241379310345,0.0012697557471264367,-0.0007210455559010357,0.0055390538549155155,0.002405280942972703,0.003162988864049559,0.002559906197040459,0.00712347101643725,0.6285919540229885,0.0006267959770114943,0.0021757848045708523,0.6429597701149425,0.0006429597701149425,-0.002895034383460394
2015-02-17,0.0011560096073336538,5.6871676299170953e-05,1.1027298850574714,0.0011027298850574713,-0.00173650213948732,0.0028925117468209735,0.05538530075659148,0.9892241379310345,0.0010991379310344828,5.327972227618248e-05,-0.005898474332144058,-0.005642135328034324,-0.006178056063567939,-0.00354803983545615,-0.0034433587441106126,0.5567528735632183,0.0005567528735632184,-0.002293255013050538,0.5459770114942528,0.0005423850574712643,0.0023501266893497094
2015-02-18,0.0005885909628524377,-0.0004027883474923899,0.9913793103448276,0.0009913793103448277,0.0011268205667448509,-0.0005382296038924131,0.027177356608107453,0.9892241379310345,0.0009913793103448277,-0.00040278834749238996,0.0007693633669921293,0.0017207105185358192,-0.003125584187904901,0.003804557958378767,0.0014913675236165934,0.4920977011494253,0.0004920977011494252,0.0006347228655954256,0.49928160919540227,0.0004992816091954023,-0.0010375112130878153
2015-02-19,-0.0006774260444514165,-0.0018986904122675085,1.2248563218390804,0.0012248563218390804,0.0004579140710671621,-0.0011353401155185785,-0.042280272655863184,0.9892241379310345,0.001221264367816092,-0.001902282366290497,0.003266326188087382,0.0002647387670590496,0.0009853796786177418,-0.0016411134427922046,0.002182521459715477,0.617816091954023,0.0006178160919540229,-0.00015990202088686083,0.6070402298850575,0.0006034482758620689,-0.0017387883913806473
2015-02-20,0.0008128368187657875,-0.0003581401927284653,1.1745689655172413,0.0011745689655172414,0.0002483644530334407,0.0005644723657323469,0.04741137009198971,0.9892241379310345,0.0011709770114942527,-0.0003617321467514539,-0.0016734483579754656,-3.337163358608937e-05,0.002402052297650086,-0.0014173638785625036,0.0014445527111654308,0.5890804597701149,0.000589080459770115,-0.00034071600673667423,0.5854885057471264,0.0005818965517241379,-1.742418599179102e-05
2015-02-23,0.0013081723887619992,0.00034552871060107955,0.9626436781609196,0.0009626436781609196,-0.0007490985975723566,0.0020572709863343557,0.06870357939145352,0.9913793103448276,0.0009626436781609196,0.0003455287106010796,-0.004136661822200025,-0.004132630618261149,0.0027684062809714394,-0.0006491709541439329,-0.0019178774214672172,0.4885057471264368,0.0004885057471264368,-0.0012376043446987934,0.47413793103448276,0.00047413793103448276,0.001583133055299873
2015-02-24,0.0005437669164883417,-0.0003793652674197042,0.923132183908046,0.0009231321839080459,-2.4361695014039683e-05,0.0005681286115023814,0.03971634615680973,0.9913793103448276,0.0009231321839080459,-0.0003793652674197042,-0.0021519409017432684,0.0009222746905463952,0.00026748044806122566,0.003070258265016898,-0.0016080570453246709,0.49928160919540227,0.0004992816091954023,-0.000523643304209442,0.42385057471264365,0.00042385057471264366,0.00014427803678973772
2015-02-25,0.0009882663346350894,5.7950242681066255e-05,0.930316091954023,0.000930316091954023,0.000692321810906245,0.0002959445237288443,0.0624529128825915,0.9913793103448276,0.0009303160919540231,5.7950242681066404e-05,-0.0022362253797591418,0.002759956151900878,-0.002821246884371307,0.00011932482215090539,0.002012836429314855,0.4813218390804598,0.00048132183908045973,0.00021099997182578528,0.4489942528735632,0.0004489942528735632,-0.00015304972914471893
2015-02-26,-0.00040316641765924133,-0.0012580514751305057,0.8548850574712644,0.0008548850574712644,0.000677702640385275,-0.0010808690580445164,0.006587110936046587,0.9913793103448276,0.0008548850574712644,-0.0012580514751305057,0.0017478208173085273,0.003041024390107699,0.002461458329388325,0.0003040226788403679,0.0018767243066363814,0.4454022988505747,0.0004454022988505747,0.00023230034153470038,0.40948275862068967,0.0004094827586206896,-0.001490351816665206
2015-02-27,-0.0006123136902465564,-0.0014564228856488552,0.8441091954022989,0.0008441091954022988,-0.0005562366864826592,-5.607700376389708e-05,-0.0423118626557165,0.9913793103448276,0.0008441091954022988,-0.0014564228856488552,8.172944846836953e-05,0.00017606591517166134,0.001602260094701108,2.6759156072965074e-05,-0.0016785010137007014,0.4561781609195402,0.00045617816091954023,-0.0010124148474021995,0.3879310344827586,0.0003879310344827586,-0.0004440080382466557
2015-03-02,0.0003023024908051961,-0.0008094072793097464,1.1135057471264367,0.0011135057471264368,-0.0005503417884478089,0.0008526442792530049,-0.005132965821117343,0.9913793103448276,0.0011117097701149425,-0.0008112032563212406,-0.0027170867685201877,0.0003328891767030635,-0.0010286497907952506,-0.0005975927082014664,-0.001348678419059159,0.5747126436781609,0.0005747126436781609,-0.0011250544321259699,0.5387931034482758,0.0005369971264367816,0.0003156471528162233
2015-03-03,-0.0007046517188074873,-0.0018630568912212805,1.1602011494252873,0.0011602011494252873,0.00031971690524691654,-0.001024368624054404,-0.019493992756277015,0.9935344827586207,0.0011584051724137933,-0.0018648528682327745,0.001909092655071196,0.0023399697394592355,0.0030951369290305596,0.0002513666237142582,0.0008314047141723502,0.5926724137931034,0.0005926724137931034,-0.0002729555085461869,0.5675287356321839,0.0005657327586206896,-0.0015901013826750935
2015-03-04,-0.0011840500078026512,-0.0020999982836647202,0.915948275862069,0.000915948275862069,0.00023951231130574309,-0.0014235623191083944,-0.04828307597335231,0.9935344827586207,0.0009159482758620691,-0.0020999982836647202,0.0031183465770391007,0.0023111634342421875,-0.0012921152153278455,-0.0003251075398942816,0.0008795454631462684,0.4561781609195402,0.00045617816091954023,-0.00021666584961379715,0.45977011494252873,0.0004597701149425287,-0.0018833324340509232
2015-03-05,-0.001028637455619662,-0.001879930559067938,0.8512931034482759,0.0008512931034482758,-0.0027419069158891546,0.0017132694602694926,-0.06563616521175702,0.9935344827586207,0.0008512931034482759,-0.001879930559067938,-0.0043836706530831476,-0.0015063662391803048,-0.007011367844519164,-0.001978156821294128,-0.007218952614982406,0.4202586206896552,0.0004202586206896552,-0.00316216553657881,0.43103448275862066,0.0004310344827586207,0.0012822349775108719
2015-03-06,0.0002420276203798984,-0.0005194666324936649,0.7614942528735632,0.0007614942528735632,0.0022732763686304403,-0.0020312487482505416,0.0068236017495661,0.9935344827586207,0.0007614942528735633,-0.0005194666324936648,0.0031360726924248013,0.005953149806900963,0.006364548465711062,0.005133556903757415,0.004238384354860159,0.35919540229885055,0.00035919540229885057,0.0019140809663315897,0.40229885057471265,0.00040229885057471265,-0.0024335475988252545
2015-03-09,0.0012229660713463646,0.00035730515180613476,0.8656609195402298,0.0008656609195402299,-0.00022680836703471116,0.0014497744383810758,0.10050793085608001,0.9956896551724138,0.0008656609195402299,0.00035730515180613476,-0.002564212134784944,-0.003590119024136777,0.001355502954150552,0.0003983866140050352,-0.0008781551283193305,0.46336206896551724,0.0004633620689655172,-0.0006901704360002284,0.40229885057471265,0.00040229885057471265,0.0010474755878063632
2015-03-10,-0.0011372837199657322,-0.002006536593528951,0.8692528735632183,0.0008692528735632184,0.0011853975280668111,-0.0023226812480325433,-0.05437340824774472,0.9956896551724138,0.0008692528735632188,-0.0020065365935289506,0.005516548540425837,0.0029042488085360284,0.001399541489488646,0.0029295850505834773,0.002083752332921167,0.4454022988505747,0.0004454022988505747,0.0007399952292162365,0.42385057471264365,0.00042385057471264366,-0.002746531822745187
2015-03-11,0.0014430052138270579,0.0004264822253213108,1.0165229885057472,0.001016522988505747,-0.00011559045492696255,0.0015585956687540206,0.07132005375564546,0.9956896551724138,0.001016522988505747,0.0004264822253213108,-0.0032594410174700784,-0.0028431525990522187,-0.006682423869058134,-0.0033100621682295647,0.0013090054642043913,0.5208333333333334,0.0005208333333333333,-0.0006364237882602959,0.4956896551724138,0.0004956896551724137,0.001062906013581607
2015-03-12,0.0022159617587383137,0.0011455594598877388,1.0704022988505748,0.0010704022988505747,-0.0005808970960938919,0.0027968588548322056,0.13499373384213834,0.9956896551724138,0.001070402298850575,0.001145559459887739,-0.005616748541878671,-0.005571475886751513,-0.0034947375505206715,-0.0015440484562775773,-0.0009669193369422812,0.5423850574712643,0.0005423850574712643,-0.0011232821535651562,0.5280172413793104,0.0005280172413793103,0.0022688416134528954
2015-03-13,0.0010064231731580155,3.300363292813038e-05,0.9734195402298851,0.000973419540229885,0.0020769993177697675,-0.001070576144611752,0.03274970275527801,0.9956896551724138,0.0009734195402298851,3.300363292813046e-05,0.0023387701650763922,0.0017509298545175485,0.005872590601182809,0.005440516319728046,0.0034973397978467643,0.5136494252873564,0.0005136494252873562,0.0015633498924824112,0.45977011494252873,0.0004597701149425287,-0.0015303462595542808
2015-03-16,0.0009398527070873096,-0.00026524786762533424,1.206896551724138,0.001206896551724138,-0.0015060531089633442,0.0024459058160506537,0.05414061395752058,0.9956896551724138,0.001205100574712644,-0.00026704384463682837,-0.005193421360328649,-0.00425703210060081,0.0012793816733643153,-0.004193364972618888,-0.0024117603689098573,0.6142241379310345,0.0006142241379310345,-0.0021202772468943785,0.5926724137931034,0.0005908764367816092,0.0018550293792690443
2015-03-17,-0.002043856265304905,-0.0033351637365692725,1.293103448275862,0.001293103448275862,-0.00265695807749196,0.0006131018121870551,-0.03364011353498008,0.9956896551724138,0.0012913074712643676,-0.003336959713580767,-8.56125943501482e-05,-0.0035375124617024424,-0.005641958041139571,-0.0033990200739648867,-0.00625422253047736,0.6357758620689655,0.0006357758620689655,-0.0032927339395609255,0.6573275862068966,0.0006555316091954022,-4.242979700834709e-05
2015-03-18,-0.00029593837154130384,-0.0011544153830355568,0.8584770114942529,0.0008584770114942529,0.00155200439835476,-0.001847942769896064,0.028156365965523445,0.9956896551724138,0.000858477011494253,-0.0011544153830355566,0.0035469927387925043,0.00401297700937742,0.005555883936280953,0.00099144894882887,0.004150275789047557,0.4382183908045977,0.0004382183908045977,0.0011137860075501624,0.4202586206896552,0.0004202586206896552,-0.0022682013905857192
2015-03-19,-0.0006525408550543872,-0.0015505293608015138,0.8979885057471264,0.0008979885057471264,0.0004935089671752672,-0.0011460498222296543,-0.062472897201606974,0.9956896551724138,0.0008979885057471266,-0.0015505293608015136,0.002661862259213255,0.001554501747867458,0.0013043155417655843,0.002342527034240126,0.0003060794555852528,0.4382183908045977,0.0004382183908045977,5.52905763706695e-05,0.45977011494252873,0.0004597701149425287,-0.001605819937172183
2015-03-20,-0.0003653689372086569,-0.00136752410962245,1.0021551724137931,0.0010021551724137931,-0.0022798508847415647,0.001914481947532908,-0.004928533795725505,0.9956896551724138,0.0010021551724137931,-0.00136752410962245,-0.003475601065031638,-0.004560019024896071,-0.004956631800038273,-0.00498144085122227,-0.004334123513228131,0.5028735632183908,0.0005028735632183908,-0.0027827244479599555,0.49928160919540227,0.0004992816091954023,0.0014152003383375057
2015-03-23,-0.0009530853791941218,-0.002019895724021708,1.0668103448275863,0.0010668103448275863,0.0008647913847988283,-0.00181787676399295,-0.0568234069121894,0.9956896551724138,0.001066810344827586,-0.002019895724021708,0.0020849297515069007,0.006786922265336859,0.0013900379166388117,0.003667506187083485,0.0007550417615979755,0.5352011494252874,0.0005352011494252874,0.0003295902353735409,0.5316091954022989,0.0005316091954022989,-0.002349485959395249
2015-03-24,0.0008390517316609643,-0.00010563217638501275,0.944683908045977,0.000944683908045977,-0.000893075244326288,0.0017321269759872525,0.05240603486036693,0.9956896551724138,0.000944683908045977,-0.00010563217638501275,-0.004995204940719476,-0.0003841324049552129,-0.0024289120410571877,-0.0020533107579539167,-0.0016468085782320588,0.4813218390804598,0.00048132183908045973,-0.0013743970834067477,0.46336206896551724,0.0004633620689655172,0.0012687649070217352
2015-03-25,0.0007265730349733337,-0.00022888673514160878,0.9554597701149425,0.0009554597701149425,-0.001527243927339638,0.002253816962312972,0.03840734632093449,0.9956896551724138,0.0009554597701149425,-0.0002288867351416088,-0.004939553758624431,-0.0036540031033882457,-0.003474340492508047,-0.0035240562548674863,-0.002809850467957173,0.5064655172413793,0.0005064655172413793,-0.0020337094445810173,0.4489942528735632,0.0004489942528735632,0.001804822709439409
2015-03-26,0.00247962117610428,0.001434362555414625,1.0452586206896552,0.0010452586206896551,7.159182066875988e-05,0.0024080293554355203,0.1370613803581856,0.9956896551724138,0.001045258620689655,0.0014343625554146249,-0.006597449578306224,-0.001235490473277608,0.0028386295205860357,0.000927400267915209,-0.00024938655466531686,0.5316091954022989,0.0005316091954022988,-0.0004600173747335389,0.5136494252873564,0.0005136494252873562,0.001894379930148164
2015-03-27,0.0005969081777401729,-0.00035855159237476955,0.9554597701149425,0.0009554597701149425,0.0033021817461302283,-0.0027052735683900553,0.048288752050412075,0.9956896551724138,0.0009554597701149424,-0.0003585515923747696,0.00339799545632778,0.009502925739158867,0.0034102154020918857,0.00645194334428446,0.006659269167886324,0.49928160919540227,0.0004992816091954023,0.002802900136934826,0.4561781609195402,0.00045617816091954023,-0.0031614517293095954
2015-03-30,-0.0021874359403165375,-0.0033440451357188363,1.1566091954022988,0.0011566091954022988,-0.0014626410595084043,-0.0007247948808081332,-0.12524789154146876,0.9956896551724138,0.0011566091954022988,-0.0033440451357188363,0.0014706128989716324,0.0014133890263613577,-0.000775586197987279,-0.0018034638965013726,-0.003476754836342214,0.5783045977011494,0.0005783045977011494,-0.002040945657209554,0.5783045977011494,0.0005783045977011494,-0.0013030994785092826
2015-03-31,-0.0008300875444961203,-0.002065719728404166,1.235632183908046,0.0012356321839080459,0.00080311360954433,-0.0016332011540404505,-0.02907269686222381,0.9956896551724138,0.0012356321839080459,-0.002065719728404166,0.0055292483507663635,-0.0012942803334002246,0.001111711784085002,0.006068504048837713,-0.0006300925739119587,0.6501436781609196,0.0006501436781609195,0.00015296993138341048,0.5854885057471264,0.0005854885057471264,-0.002218689659787577
2015-04-01,-0.0007466413591190481,-0.0019008597808221751,1.1560143987146212,0.0011560143987146211,-0.0016263347581837173,0.0008796933990646691,-0.03783381809833837,0.9935483870967742,0.001154218421703127,-0.0019026557578336691,-0.0006923760581186375,-0.00389340827815074,-0.0032150564748927284,-0.0034084882475966024,-0.0031747601507528503,0.5600628785069831,0.000560062878506983,-0.0021863976366907002,0.5959515202076381,0.0005941555431961438,0.00028553785586852524
2015-04-02,-0.0006761450693161046,-0.001891198832756965,1.2150537634408602,0.0012150537634408602,8.927946736649496e-05,-0.0007654245366825996,-0.022652417741504758,0.9935483870967742,0.0012150537634408602,-0.0018911988327569647,0.002661568969331624,-0.0007305907185676503,-0.00042216229952982826,-0.0017944095281581154,0.0011650431661785424,0.5985663082437276,0.0005985663082437276,-0.0005092868408772326,0.6164874551971327,0.0006164874551971326,-0.0013819119918797322
2015-04-03,0.00048003586424244635,-0.0008156630604887365,1.2974910394265233,0.0012974910394265233,0.002505504021735471,-0.002025468157493025,0.024953588691916957,0.9935483870967742,0.0012956989247311828,-0.0008174551751840769,0.003498540857608958,0.005211767743106974,0.00564922049528551,0.0029450398693038984,0.006043992130554465,0.6630824372759857,0.0006630824372759857,0.0018424215844594855,0.6344086021505376,0.0006326164874551971,-0.0026580846449482222
2015-04-06,0.00010534332935045542,-0.0009770939466352078,1.082437275985663,0.001082437275985663,-0.0016112860535017707,0.001716629382852226,0.033038682476382635,0.9956989247311828,0.0010824372759856633,-0.0009770939466352076,-0.004770824976717678,-0.0007663668474136301,0.00013029295607203982,-0.0021864963878071475,-0.003740609966601738,0.5519713261648745,0.0005519713261648746,-0.0021632573796666454,0.5304659498207885,0.0005304659498207885,0.0011861634330314376
2015-04-07,0.00012073953256080337,-0.0004814110050736052,0.6021505376344086,0.0006021505376344086,0.001233730143895721,-0.0011129906113349177,-0.010446459401922275,0.9956989247311828,0.0006021505376344086,-0.0004814110050736053,0.0018047898638957139,0.0031017157221769702,-0.0028982683175972834,-0.001928355637603553,0.00466536825048894,0.25448028673835127,0.00025448028673835123,0.0009792498571573698,0.34767025089605735,0.00034767025089605736,-0.0014606608622309751
2015-04-08,-0.000986680565389692,-0.0018755694542785812,0.888888888888889,0.0008888888888888889,-0.0004436644204035539,-0.0005430161449861383,-0.08600099721534145,0.9956989247311828,0.0008888888888888891,-0.001875569454278581,0.002702197284495121,-0.002169627021889428,0.0006539974973623849,-0.0016110433401747947,-0.0005254715911232645,0.41935483870967744,0.00041935483870967743,-0.0008630192591132313,0.46953405017921146,0.00046953405017921145,-0.0010125501951653497
2015-04-09,-0.000587465509387588,-0.0016018024269503122,1.014336917562724,0.001014336917562724,0.0003386056366741004,-0.0009260711460616885,-0.01752078821602915,0.9956989247311828,0.0010143369175627242,-0.001601802426950312,0.0023741806794113033,0.0008168488383904318,0.002495958564295779,-0.0026271536815486896,0.002329393750796646,0.5125448028673835,0.0005125448028673834,-0.00017393916619328306,0.5017921146953405,0.0005017921146953405,-0.001427863260757029
2015-04-10,0.001089013376157272,0.0001248556700640821,0.96415770609319,0.00096415770609319,-0.0001020738652332064,0.0011910872413904785,0.03313721915233794,0.9956989247311828,0.0009641577060931899,0.00012485567006408202,-0.002980554165567994,-0.0011983000641330457,0.0035556260011650994,-8.742618419971596e-05,-0.00026250850359976134,0.5053763440860215,0.0005053763440860215,-0.0006074502093192279,0.45878136200716846,0.00045878136200716845,0.00073230587938331
2015-04-13,0.000615374652391117,-0.000330861906748668,0.946236559139785,0.000946236559139785,-0.00016682185979707132,0.0007821965121881882,0.036772073908068546,0.9956989247311828,0.000946236559139785,-0.000330861906748668,-0.003132267864269291,0.0015884366190552072,-0.0009750177582135805,-0.0004547364815322619,-0.0002730973386250831,0.4910394265232975,0.0004910394265232974,-0.0006578612863203687,0.4551971326164875,0.00045519713261648747,0.00032699937957170075
2015-04-14,-0.00021738258262366273,-0.0011672033711541286,0.9498207885304659,0.000949820788530466,-0.000839271643324513,0.0006218890607008503,0.009237541337042342,0.9956989247311828,0.0009498207885304658,-0.0011672033711541286,-0.0004089240717810044,-0.002945154549128344,-0.00012487832983991293,-0.0005527524967400766,-0.0022414386816035007,0.4838709677419355,0.0004838709677419355,-0.0013231426110664486,0.4659498207885305,0.00046594982078853047,0.00015593923991231984
2015-04-15,-0.00027160791464972953,-0.0009561957282698012,0.6845878136200717,0.0006845878136200717,-0.004249610365839637,0.003978002451189908,-0.010730825367378582,0.9956989247311828,0.0006845878136200717,-0.0009561957282698012,-0.005316351631658134,-0.013379173524734302,0.0002221897078247043,6.772459991130267e-05,-0.012782693397474563,0.3655913978494624,0.0003655913978494624,-0.0046152017636891,0.31899641577060933,0.0003189964157706093,0.003659006035419299
2015-04-16,0.0013145592542308877,0.0005582868527971962,0.7562724014336918,0.0007562724014336917,-0.002548376479028938,0.0038629357332598258,0.07558016943955724,0.9956989247311828,0.0007562724014336915,0.000558286852797196,-0.009145327886146037,-0.004940077742780652,-0.004820386697748435,-9.818046085712392e-05,-0.007596039206658252,0.3763440860215054,0.0003763440860215054,-0.002924720565050443,0.37992831541218636,0.00037992831541218636,0.0034830074178476395
2015-04-17,0.0016040831582783243,0.0006614308285292203,0.942652329749104,0.000942652329749104,0.003324092753949049,-0.0017200095956707245,0.12286677164349019,0.9956989247311828,0.000942652329749104,0.0006614308285292203,0.004152289142451096,0.0020373866726995696,0.004913095894955993,0.003859812630001134,0.00804237194684658,0.44802867383512546,0.00044802867383512545,0.0028760640801139235,0.4946236559139785,0.0004946236559139784,-0.002214633251584703
2015-04-20,0.0021364171483648914,0.0011830121304437443,0.953405017921147,0.0009534050179211469,-0.0008021213599495111,0.0029385385083144024,0.11675544236801405,0.9956989247311828,0.000953405017921147,0.0011830121304437446,-0.007392455587096989,-0.002877258135210833,-0.00428031755093003,-0.004692288771138937,-6.021969427906489e-05,0.4910394265232975,0.0004910394265232974,-0.0012931607864728085,0.46236559139784944,0.00046236559139784943,0.002476172916916553
2015-04-21,-0.0023460007257916525,-0.003252810761633946,0.9068100358422939,0.000906810035842294,-0.0021184846179841538,-0.00022751610780749861,-0.15859689576826688,0.9956989247311828,0.0009068100358422936,-0.0032528107616339465,0.0021474480811023333,-0.002961645162265758,-0.002973800838818304,-0.003300871627351305,-0.004705018040276809,0.3942652329749104,0.0003942652329749104,-0.0025127498509590644,0.5125448028673835,0.0005125448028673834,-0.000740060910674882
2015-04-22,0.001764517432232338,0.0007788543497950619,0.985663082437276,0.000985663082437276,-0.0007456368832063958,0.002510154315438734,0.09690616600201764,0.9956989247311828,0.000985663082437276,0.0007788543497950619,-0.006393798381881305,-0.002298039228096637,-0.0015649634846569083,-0.0009319830273866864,-0.0017709191359258439,0.4874551971326165,0.00048745519713261647,-0.0012330920803390122,0.4982078853046595,0.0004982078853046595,0.0020119464301340743
2015-04-23,-0.0007696855248486903,-0.0015976425140960021,0.8279569892473119,0.0008279569892473118,0.00012237063348495073,-0.000892056158333641,-0.047008644145011165,0.9956989247311828,0.0008279569892473118,-0.0015976425140960021,0.00036105420143163106,0.004680557118303134,0.0026613361922931886,-0.0016798406553980981,0.0012070322281539014,0.4050179211469534,0.0004050179211469534,-0.00028264728766200264,0.4229390681003584,0.0004229390681003584,-0.0013149952264339994
2015-04-24,0.00011517089631470113,-0.0009135029388107468,1.028673835125448,0.001028673835125448,-0.00010631005675850301,0.00022148095307320415,0.019018787498343615,0.9956989247311828,0.0010286738351254479,-0.000913502938810747,-0.001381087222800268,0.001448867952456543,0.000904636929936914,0.006285092923920874,-0.0034614766322359457,0.5448028673835126,0.0005448028673835125,-0.0006511129241420155,0.4838709677419355,0.0004838709677419355,-0.00026239001466873133
2015-04-27,0.003239853169047327,0.002279279692344818,0.960573476702509,0.000960573476702509,0.0007968691614384777,0.0024429840076088494,0.12048411854772173,0.9956989247311828,0.0009605734767025088,0.002279279692344818,-0.004328541824539107,-0.006066046705233304,0.003963640561662655,0.0013824421245751599,0.001699386422027853,0.4910394265232975,0.0004910394265232974,0.00030582973491518023,0.46953405017921146,0.00046953405017921145,0.0019734499574296377
2015-04-28,-0.0005971303744606098,-0.0012602128117365956,0.6630824372759857,0.0006630824372759857,0.0006314312747412317,-0.0012285616492018416,-0.04834692937955022,0.9956989247311828,0.0006630824372759858,-0.0012602128117365956,0.0028672753520537367,0.0016546107040503542,0.001364610848290197,0.004717368169459141,-0.0004643902605058754,0.2939068100358423,0.0002939068100358423,0.0003375244647053894,0.36917562724014336,0.00036917562724014336,-0.0015977372764419849
2015-04-30,0.0020203205530155703,0.0009880624884994413,1.032258064516129,0.001032258064516129,0.000379788902862303,0.0016405316501532671,0.10611843842461255,0.9956989247311828,0.001032258064516129,0.0009880624884994413,-0.0035175245705442253,-0.0028386640289597516,0.005107776590727439,0.0010355310453645792,0.0006216011859046193,0.5340501792114696,0.0005340501792114696,-0.00015426127634916658,0.4982078853046595,0.0004982078853046595,0.0011423237648486076
2015-05-01,0.00011729791834252405,-0.0010529529777148238,1.1720430107526882,0.0011720430107526882,0.0012885881564032088,-0.0011712902380606848,0.029110514866826774,0.9956989247311828,0.001170250896057348,-0.001054745092410164,0.0026557427663578747,0.0017162558956483592,0.004327682918252105,0.0005078995706937146,0.003611814683862769,0.5985663082437276,0.0005985663082437276,0.0006900218481594812,0.5734767025089605,0.0005716845878136201,-0.001742974825874305
2015-05-07,0.000618940221670399,-0.0007018483087955508,1.3225806451612903,0.0013225806451612903,0.001768509937594151,-0.001149569715923752,0.05182122376022726,0.9956989247311828,0.0013207885304659496,-0.0007036404234908914,0.0020134926155934273,0.002901633423750827,-0.002127890276312112,0.003765035951063465,0.0034230118372507207,0.6738351254480287,0.0006738351254480286,0.0010946748121461224,0.6487455197132617,0.0006469534050179211,-0.001796523120941673
2015-05-08,-6.259450559506046e-05,-0.0013332038245914763,1.2724014336917564,0.0012724014336917564,-0.00027967197679898957,0.00021707747120392918,0.008683033944603675,0.9978494623655914,0.0012706093189964159,-0.0013349959392868168,0.0003477239549816838,-0.0019979127371869427,0.0033452845637965208,-0.001076552143618245,-0.0003007398585878463,0.6308243727598566,0.0006308243727598566,-0.0009104963495588462,0.6415770609318996,0.0006397849462365592,-0.00042270747503263
2015-05-11,0.0006237068404035348,-0.000564465202607218,1.1899641577060933,0.0011899641577060931,0.00019285662448734347,0.00043085021591619127,-0.024000028829729216,0.9978494623655914,0.0011881720430107529,-0.0005662573173025584,-0.0008305649061041131,-0.0009340146515855408,0.007285994053710117,0.0005424746758695185,0.000307332535527271,0.5842293906810035,0.0005842293906810035,-0.00039137276619366,0.6057347670250897,0.0006039426523297491,-0.00017309243641355787
2015-05-12,-0.00030169403243027665,-0.0014880739607456889,1.1863799283154122,0.0011863799283154122,0.0003871458820576836,-0.0006888399144879603,0.009807873879544586,0.9978494623655914,0.0011863799283154122,-0.0014880739607456889,0.00034278432488733763,0.003484943346252577,0.003474368225884927,-0.0022844105610739054,0.0023036429267100033,0.6021505376344086,0.0006021505376344085,-0.00021500465557672494,0.5842293906810035,0.0005842293906810035,-0.0012730693051689638
2015-05-13,-0.0007311644655998625,-0.0018279386591482495,1.096774193548387,0.0010967741935483872,0.0016600239942141288,-0.0023911884598139914,-0.06587653187967432,0.9978494623655914,0.001096774193548387,-0.0018279386591482497,0.006394898895310229,0.001574260500527221,0.008277320693626038,-0.00010540432813464487,0.005032774146709709,0.5591397849462365,0.0005591397849462365,0.0011008842092678924,0.5376344086021505,0.0005376344086021505,-0.002928822868416142
2015-05-14,0.0032277375227376015,0.0021202106410171716,1.1075268817204302,0.0011075268817204301,0.001399341981265682,0.0018283955414719196,0.15668741606344463,0.9978494623655914,0.00110752688172043,0.0021202106410171716,-0.0055985124623441395,0.00022911528102911773,-0.0034962120160728126,0.004046575175609291,0.0021747383559924003,0.5806451612903226,0.0005806451612903225,0.0008186968199753594,0.5268817204301075,0.0005268817204301075,0.001301513821041812
2015-05-15,0.0001140736553450867,-0.0008859263446549133,1.0,0.001,-0.0010952547093614953,0.0012093283647065817,0.03913767877435211,0.9978494623655914,0.001,-0.0008859263446549133,-0.002585218649074984,-0.0021082017258513648,-0.002523179775511826,-0.0020089772763131944,-0.0022812754899278883,0.5268817204301075,0.0005268817204301075,-0.0016221364297916026,0.4731182795698925,0.0004731182795698925,0.0007362100851366893
2015-05-18,0.0019174507423776418,0.0009389561187217279,0.978494623655914,0.000978494623655914,0.002921024653474235,-0.0010035739110965936,0.07789936983016887,0.9978494623655914,0.000978494623655914,0.0009389561187217279,0.001467105484846381,0.0031207893718529604,-0.00034186051411498413,0.003930287199833632,0.0067979303605058905,0.5197132616487455,0.0005197132616487455,0.0024013113918254897,0.45878136200716846,0.00045878136200716845,-0.001462355273103762
2015-05-19,-0.000835062632173488,-0.001792051879485316,0.956989247311828,0.000956989247311828,-0.0007514816083205087,-8.358102385297932e-05,-0.04027681345002967,0.9978494623655914,0.000956989247311828,-0.001792051879485316,-0.0002826976326660308,0.0010784779454983066,-0.00028219478631080227,0.003170004598794662,-0.0038394471243588567,0.45161290322580644,0.00045161290322580643,-0.0012030945115463151,0.5053763440860215,0.0005053763440860215,-0.0005889573679390009
2015-05-20,0.00024099365066080746,-0.0007339167436044255,0.974910394265233,0.000974910394265233,-0.00027189508498786605,0.0005128887356486735,-0.0005430800241208734,0.9978494623655914,0.0009749103942652329,-0.0007339167436044256,-0.0010461788443713778,-0.000995680972161778,-0.001781546875038505,0.0008675418452745626,-0.0012494561776008794,0.4767025089605735,0.00047670250896057347,-0.0007485975939484395,0.4982078853046595,0.0004982078853046595,1.4680850344013941e-05
2015-05-21,-0.0005253002471976516,-0.0015862321468392286,1.060931899641577,0.0010609318996415771,0.001251336891571212,-0.0017766371387688638,-0.035931452513832264,0.9978494623655914,0.0010609318996415771,-0.0015862321468392286,0.00199757704307982,0.0067371107980454285,0.0006123951438114672,0.002160471266271469,0.0026737750415779023,0.5627240143369175,0.0005627240143369175,0.0006886128772342945,0.4982078853046595,0.0004982078853046595,-0.0022748450240735233
2015-05-22,-0.00040292456516195514,-0.0014996987587103422,1.096774193548387,0.0010967741935483872,-0.002133935070120083,0.0017310105049581279,0.027824292410333535,0.9978494623655914,0.001096774193548387,-0.0014996987587103422,-0.0020928741667323894,-0.006267709421243599,-0.005099874763001217,-0.0061814331679087035,-0.0033110886264058974,0.5913978494623656,0.0005913978494623656,-0.0027253329195824484,0.5053763440860215,0.0005053763440860215,0.0012256341608721064
2015-05-25,0.0002926495420431804,-0.0007396085224729486,1.032258064516129,0.001032258064516129,0.00010118983070806785,0.00019145971133511253,0.04199170184294044,0.9978494623655914,0.0010322580645161289,-0.0007396085224729487,0.0006721343310962384,-0.0025201250490097075,-0.0004886623965239174,-0.001678636953839379,0.0011428879690438933,0.4874551971326165,0.00048745519713261647,-0.0003862653664245486,0.5448028673835126,0.0005448028673835125,-0.0003533431560484
2015-05-26,-0.0013768921317276655,-0.0022299387267097443,0.8530465949820789,0.0008530465949820789,0.00020283020630871757,-0.0015797223380363832,-0.08788911125152257,0.9978494623655914,0.0008530465949820789,-0.0022299387267097443,0.0064976871885260796,-0.003555269048277707,0.006612123444931256,-0.0015486681700680627,0.0013828247039601844,0.4444444444444444,0.0004444444444444444,-0.00024161423813572684,0.40860215053763443,0.0004086021505376344,-0.0019883244885740177
2015-05-27,0.001588003133887539,0.0009213364672208724,0.6666666666666666,0.0006666666666666666,-0.003038957847124169,0.004626960981011708,0.12807030609964995,0.9978494623655914,0.0006666666666666666,0.0009213364672208724,-0.009343470636147927,-0.0091734640117502,-0.0028087522893440182,-0.00323215177367224,-0.007500797654536388,0.3225806451612903,0.0003225806451612903,-0.0033615384922854596,0.34408602150537637,0.0003440860215053763,0.004282874959506332
2015-05-28,-0.001492264126446349,-0.002520937961571797,1.028673835125448,0.001028673835125448,-0.0003351369660098341,-0.0011571271604365147,-0.07198074654583807,0.9978494623655914,0.001028673835125448,-0.002520937961571797,0.001368799849138092,0.004250871560694458,0.003961784537463511,0.0009174205946571404,-0.0014641211953580725,0.5053763440860215,0.0005053763440860215,-0.0008405133100958557,0.5232974910394266,0.0005232974910394265,-0.0016804246514759411
2015-05-29,-0.0005318060782281114,-0.0016465014187299035,1.114695340501792,0.001114695340501792,0.0017016474084173463,-0.0022334534866454577,-0.039061640363542885,0.9978494623655914,0.001114695340501792,-0.0016465014187299035,0.005798229988277417,0.0018238724753104987,0.001195277699015862,0.0005178374602423373,0.00484602349513087,0.5627240143369175,0.0005627240143369175,0.001138923394080429,0.5519713261648745,0.0005519713261648746,-0.0027854248128103324
2015-06-01,0.0007231875425725385,-0.0006262748230188594,1.3512544802867383,0.0013512544802867384,0.0010241831562350272,-0.0003009956136624887,0.05021886569430396,0.9978494623655914,0.001349462365591398,-0.0006280669377142,0.0010788231784183773,-0.00035167267486182303,0.0015304736360096992,0.0047804372836749995,0.0006823308268675813,0.6917562724014337,0.0006917562724014336,0.0003324268838335936,0.6594982078853047,0.0006577060931899642,-0.0009587017068524528
2015-06-02,0.0005028857049542152,-0.0008250712842930967,1.3297491039426523,0.0013297491039426523,-0.00015558955860584098,0.0006584752635600562,-0.004572755425394667,0.9978494623655914,0.001327956989247312,-0.0008268633989884371,-0.0009625782451941396,-0.0020477135158739283,0.004588026216233776,0.0004768320504098272,-0.0007051847010224366,0.6702508960573477,0.0006702508960573476,-0.0008258404546631886,0.6594982078853047,0.0006577060931899642,7.691703700920226e-07
2015-06-03,-0.00031140699182904784,-0.001271980468531557,0.960573476702509,0.000960573476702509,-0.0015898401291425726,0.0012784331373135247,-0.007347016243149936,0.9978494623655914,0.000960573476702509,-0.001271980468531557,-0.0030756853860983385,-0.0015357414000723472,-0.0011620821405468724,-0.00254933110951311,-0.003494854832671163,0.4838709677419355,0.0004838709677419355,-0.002073711096884508,0.4767025089605735,0.00047670250896057347,0.0008017306283529513
2015-06-04,0.0010059839593818645,7.408431780480358e-05,0.931899641577061,0.0009318996415770609,0.0027342295154919034,-0.0017282455561100389,0.05958648558393415,0.9978494623655914,0.0009318996415770609,7.408431780480361e-05,0.003212243064448959,0.003987867503498862,0.0009333156686478309,0.006143879021300933,0.005130749035825243,0.45878136200716846,0.00045878136200716845,0.002275448153484735,0.4731182795698925,0.0004731182795698925,-0.0022013638356799315
2015-06-05,0.00024894207675091215,-0.0007582263820304498,1.007168458781362,0.001007168458781362,-0.0011089415466580196,0.0013578836234089317,-0.0021224686897128317,0.9978494623655914,0.001007168458781362,-0.0007582263820304499,-0.00407993110162193,1.2696989559728423e-05,-0.004426376396389235,-0.0020618971237799707,-0.0022958760780840736,0.48028673835125446,0.00048028673835125445,-0.001589228285009274,0.5268817204301075,0.0005268817204301075,0.0008310019029788242
2015-06-08,0.0009788841329826839,0.00011150062043788096,0.8673835125448028,0.0008673835125448029,0.0027394005601650744,-0.0017605164271823903,0.04989465136448706,0.9978494623655914,0.0008673835125448029,0.00011150062043788092,0.0025336301927155465,0.005555575549159589,0.0020054889664260934,0.005761307488644443,0.005337547936173001,0.41935483870967744,0.00041935483870967743,0.002320045721455397,0.44802867383512546,0.00044802867383512545,-0.0022085451010175157
2015-06-09,-0.00018976584739919888,-0.0010177228366465107,0.8279569892473119,0.0008279569892473118,0.0004883131364834761,-0.000678078983882675,0.0144060955657474,0.9978494623655914,0.0008279569892473118,-0.0010177228366465107,0.0017981749440660838,0.00047725579793740294,0.003646431195517376,0.0008777755674995402,0.0010260516257006582,0.4014336917562724,0.0004014336917562724,8.687944472720368e-05,0.4265232974910394,0.0004265232974910394,-0.0011046022813737144
2015-06-10,-0.0012071186166782266,-0.0022716347457104845,1.064516129032258,0.0010645161290322581,-0.0006636062912978226,-0.0005435123253804038,-0.044043417572200455,0.9978494623655914,0.001064516129032258,-0.0022716347457104845,-0.0005808116413884184,0.004470770031092512,-0.004223290497758343,-4.930905538248355e-05,-0.001966164346202226,0.5089605734767025,0.0005089605734767025,-0.001172566864774525,0.5555555555555556,0.0005555555555555556,-0.0010990678809359594
2015-06-11,0.0005471671085320179,-0.0005370622821489856,1.086021505376344,0.001086021505376344,-0.001628174119235808,0.0021753412277678258,0.04062072809481137,0.9978494623655914,0.0010842293906810035,-0.0005388543968443261,-0.00456838254918128,-0.003915282268244395,-0.00209888796592577,-0.004864228536730628,-0.0024524080893421098,0.5770609318996416,0.0005770609318996416,-0.00220523505113545,0.5089605734767025,0.000507168458781362,0.0016681727689864638
2015-06-12,-0.00013968546195886766,-0.0013206890461882582,1.1827956989247312,0.0011827956989247312,0.0008829897151096549,-0.0010226751770685226,-0.011034098362231133,0.9978494623655914,0.0011810035842293905,-0.001322481160883599,0.0027927887963583586,0.0005564568769737054,-0.002002569564378641,0.0007437258912250599,0.002277106199716435,0.6129032258064516,0.0006129032258064516,0.0002700864893032033,0.5698924731182796,0.0005681003584229391,-0.0015907755354914617
2015-06-15,-4.803944867570196e-05,-0.0012899749325466698,1.2437275985663083,0.0012437275985663083,0.0018917734894110425,-0.0019398129380867445,-0.05844723078438486,0.9978494623655914,0.0012419354838709678,-0.0012917670472420103,0.004654614353838111,0.002329648920844245,0.0038474258357519336,0.0033673216738506107,0.003991659631307823,0.6164874551971327,0.0006164874551971326,0.00127528603421391,0.6272401433691757,0.0006254480286738351,-0.0025652609667605798
2015-06-16,-0.0014960539189843708,-0.002766663237980787,1.2724014336917564,0.0012724014336917564,0.000729147463799954,-0.002225201382784325,-0.1010731866700942,0.9978494623655914,0.001270609318996416,-0.0027684553526761274,0.0054462432001246555,0.0024854471344616033,-0.00029900867570742645,-0.0008147202549943563,0.00259480251889704,0.6164874551971327,0.0006164874551971326,0.00011266000860282147,0.6559139784946236,0.0006541218637992831,-0.002879323246583608
2015-06-17,-0.00028657948543893755,-0.0011217049334676114,0.8351254480286738,0.0008351254480286739,0.002981526414157097,-0.0032681058995960347,0.006642249487671687,0.9978494623655914,0.0008351254480286739,-0.0011217049334676114,0.006896626136151376,0.005878593811417733,0.0033068369882703614,0.005687022878483968,0.006101067803229308,0.4731182795698925,0.0004731182795698925,0.0025084081345872044,0.36200716845878134,0.00036200716845878134,-0.003630113068054816
2015-06-18,-0.0005242491086610063,-0.0014489802914567052,0.924731182795699,0.000924731182795699,-0.0010216468801646414,0.0004973977715036352,-0.02897820232223469,0.9978494623655914,0.000924731182795699,-0.0014489802914567052,-0.0011206571355485305,-0.0007511492313804534,-0.0012353147732193331,-0.005452657177852246,-0.00033861205156780104,0.5053763440860215,0.0005053763440860215,-0.001527023224250663,0.41935483870967744,0.00041935483870967743,7.804293279395775e-05
2015-06-19,0.00037685013502654867,-0.0006195656355827703,0.996415770609319,0.000996415770609319,0.0011862699357654898,-0.0008094198007389413,0.09721300605184066,0.9978494623655914,0.000996415770609319,-0.0006195656355827703,0.002404186321369292,4.866948953957608e-05,-0.001488060761651391,0.004135472769850043,0.0014910734223714478,0.5053763440860215,0.0005053763440860215,0.0006808935916794683,0.4910394265232975,0.0004910394265232974,-0.0013004592272622389
2015-06-22,0.0029338194311551965,0.001743855273449103,1.1899641577060933,0.0011899641577060931,-0.0004949524670214798,0.003428771898176676,0.16784392065097528,0.9978494623655914,0.0011899641577060934,0.0017438552734491033,-0.007433346450372822,-0.005767959558839569,-0.00505933186209107,-0.002119838048739341,-0.0004249383766947688,0.6200716845878136,0.0006200716845878136,-0.0011150241516092933,0.5698924731182796,0.0005698924731182796,0.0028588794250583964
2015-06-23,-0.000672793877852729,-0.0018340842004333743,1.1612903225806452,0.001161290322580645,-0.0015469470358692773,0.0008741531580165484,-0.03519545355170252,0.9978494623655914,0.0011612903225806453,-0.001834084200433374,-0.002109695589036607,-0.0010366748110046211,-0.002550360942863857,-0.0023482358404908654,-0.003466723187362399,0.6236559139784946,0.0006236559139784946,-0.002170602949847772,0.5376344086021505,0.0005376344086021505,0.0003365187494143979
2015-06-24,-0.00042231342799328,-0.001504750703978943,1.082437275985663,0.001082437275985663,0.000986090392938403,-0.001408403820931683,-0.022390969567818334,0.9978494623655914,0.001082437275985663,-0.001504750703978943,0.003614342719673453,0.0012350172415284434,-0.002687744667635621,0.0022170437162212196,0.0018497493207045993,0.5663082437275986,0.0005663082437275985,0.00041978214921080447,0.5161290322580645,0.0005161290322580645,-0.0019245328531897476
2015-06-25,0.0010577405731556117,-6.412322612754259e-05,1.1218637992831542,0.001121863799283154,-0.004867680768043754,0.005925421341199365,0.05643635717151527,0.9978494623655914,0.0011218637992831543,-6.412322612754239e-05,-0.01258861145833942,-0.010488080186283845,-0.010032977183941798,-0.009835410193773448,-0.009685337207244536,0.5698924731182796,0.0005698924731182796,-0.005437573241162033,0.5519713261648745,0.0005519713261648746,0.00537345001503449
2015-06-26,0.0006874187907764743,-0.00036634465008374075,1.053763440860215,0.001053763440860215,0.006361851619240574,-0.0056744328284640995,0.047694822901375895,0.9978494623655914,0.0010537634408602152,-0.00036634465008374064,0.011722359640441975,0.010717115490877827,0.00694186381304491,0.012710107622993813,0.012730501046224814,0.5519713261648745,0.0005519713261648746,0.005809880293075699,0.5017921146953405,0.0005017921146953405,-0.00617622494315944
2015-06-29,-0.0014112668305252829,-0.0021352811674428458,0.7240143369175628,0.0007240143369175628,0.0022400228849132667,-0.00365128971543855,-0.10620067413516819,0.9978494623655914,0.0007240143369175629,-0.0021352811674428458,0.009244059659668288,0.003456788744743579,0.0007260705631787635,0.003629680725661081,0.004905228291909259,0.34767025089605735,0.00034767025089605736,0.0018923526340172093,0.3763440860215054,0.0003763440860215054,-0.0040276338014600555
2015-06-30,-0.0002525666015676416,-0.0013314196481626238,1.0788530465949822,0.001078853046594982,0.0025793251948068915,-0.0028318917963745327,0.008848324392113147,0.9978494623655914,0.001078853046594982,-0.0013314196481626238,0.005895736306336866,0.0052563985804166555,0.0038137577733939176,0.005584663524777779,0.004945643822031785,0.5268817204301075,0.0005268817204301075,0.002052443474376784,0.5519713261648745,0.0005519713261648746,-0.0033838631225394074
2015-07-01,0.0012690781775133143,1.2805776079622452e-05,1.2580645161290323,0.0012580645161290322,-0.0004494067020384093,0.0017184848795517235,0.06807239625501818,0.9978494623655914,0.0012562724014336917,1.1013661384282015e-05,-0.0031664982357392756,-0.003977912805831789,-0.0024928471343221336,-0.000750703980861029,-0.0009728681156847134,0.6487455197132617,0.0006487455197132616,-0.0010981522217516709,0.6093189964157706,0.0006075268817204301,0.0011109579978312934
2015-07-02,0.0014804508300820477,0.0003675476042755961,1.114695340501792,0.001114695340501792,-0.002680467112447299,0.004160917942529347,0.12156559844511661,0.9978494623655914,0.0011129032258064516,0.0003657554895802556,-0.0098767316558952,-0.005268696999292047,-0.007052174093598422,-0.00354444045631993,-0.006269181109181932,0.5412186379928315,0.0005412186379928315,-0.0032216857504401303,0.5734767025089605,0.0005716845878136201,0.003589233354715727
2015-07-03,-0.0017788132686584641,-0.002696375992672801,0.9175627240143369,0.0009175627240143369,0.005171144258949327,-0.006949957527607791,-0.1106624351030783,0.9978494623655914,0.000917562724014337,-0.002696375992672801,0.015524438888970036,0.010766637685399136,0.010293399917530033,0.011502384605915074,0.009762240473890443,0.48028673835125446,0.00048028673835125445,0.004690857520598073,0.43727598566308246,0.00043727598566308245,-0.007387233513270874
2015-07-06,0.0010078640711813154,0.0001010540353390216,0.9068100358422939,0.000906810035842294,0.001466553128783165,-0.00045868905760184953,0.004427645788336933,0.9978494623655914,0.0009068100358422938,0.00010105403533902148,0.0002714858222510642,0.0022331753391645016,-0.003477065943862015,0.000905034578955469,0.0039471420968717605,0.4838709677419355,0.0004838709677419355,0.0009826821610412293,0.4229390681003584,0.0004229390681003584,-0.0008816281257022079
2015-07-07,0.0009998207877908855,9.659498133927256e-05,0.9032258064516129,0.0009032258064516129,-0.0004581884864370953,0.0014580092742279807,0.03163426125020121,0.9978494623655914,0.000903225806451613,9.659498133927262e-05,-0.0037000181108478767,-0.0013626718087120463,-0.0031610963908592525,0.0012884998238948827,-0.002018815371258727,0.43010752688172044,0.00043010752688172043,-0.0008882960133188157,0.4731182795698925,0.0004731182795698925,0.0009848909946580883
2015-07-08,-0.0017822551982275845,-0.0028503555566505236,1.0681003584229392,0.0010681003584229391,0.0039112847134090524,-0.005693539911636637,-0.05551692905724383,0.9978494623655914,0.0010681003584229391,-0.0028503555566505236,0.011798470192208546,0.01067912842328754,0.011566377454785812,0.005205820129152562,0.009130944075650876,0.5161290322580645,0.0005161290322580645,0.003395155681150988,0.5519713261648745,0.0005519713261648746,-0.006245511237801512
2015-07-09,-0.0007776756513068793,-0.0018852025330273095,1.1075268817204302,0.0011075268817204301,-0.0007162017503203312,-6.1473900986548e-05,-0.038782592609498914,0.9978494623655914,0.0011075268817204301,-0.0018852025330273095,0.00013838987179825104,9.30643543045554e-05,-0.00213014514342936,-0.0006874281493031607,-0.0018048911763094131,0.6093189964157706,0.0006093189964157706,-0.001325520746736102,0.4982078853046595,0.0004982078853046595,-0.0005596817862912075
2015-07-10,0.0009026791350446517,-0.0004073567072492552,1.3118279569892473,0.0013118279569892474,0.002173462984108913,-0.0012707838490642611,0.05696322047295171,0.9978494623655914,0.001310035842293907,-0.00040914882194459574,0.0024971894921691365,0.0026303241100472936,0.0037956105220506545,0.0036987621411579547,0.004671007881747761,0.6559139784946236,0.0006559139784946236,0.0015175490056142894,0.6559139784946236,0.0006541218637992831,-0.0019249057128635442
2015-07-13,0.00038172448179403436,-0.0010913937977758581,1.4731182795698925,0.0014731182795698925,-0.0014081847597883807,0.001789909241582415,0.05097852905916581,0.9978494623655914,0.0014731182795698925,-0.0010913937977758581,-0.00487614930345049,-0.0009871568425935111,0.000656281193018481,-0.0037774912559270174,-0.002335808651401633,0.7526881720430108,0.0007526881720430108,-0.0021608729318313914,0.7204301075268817,0.0007204301075268817,0.0010694791340555333
2015-07-14,0.0015836363140587456,0.0003488692889691398,1.2365591397849462,0.0012365591397849463,0.0010183446535417184,0.0005652916605170272,0.05163668775241029,0.9978494623655914,0.0012347670250896059,0.0003470771742737993,-0.0019572456851402508,0.0005284233789954941,-0.00539566219905473,-0.0002556570317845151,0.003182862476517412,0.6451612903225806,0.0006451612903225806,0.00037318336321913773,0.5913978494623656,0.0005896057347670251,-2.4314074249997858e-05
2015-07-15,-0.0009512069978463158,-0.0018365116573445237,0.8853046594982079,0.0008853046594982078,-0.0011054410185494716,0.00015423402070315582,-0.04056763334350382,0.9978494623655914,0.000885304659498208,-0.0018365116573445237,0.00042713192045955826,-0.0017990121821504208,-0.006188608613597335,-0.0024160794112102896,-0.0021082833500432703,0.43727598566308246,0.00043727598566308245,-0.001542717004212554,0.44802867383512546,0.00044802867383512545,-0.0002937946531319696
2015-07-16,0.0005825076816942112,-0.00039957117135238377,0.982078853046595,0.000982078853046595,0.0013163839585276238,-0.0007338762768334125,0.005024541306995774,0.9978494623655914,0.000982078853046595,-0.0003995711713523837,0.00040722633359263535,0.0036278137437479783,0.0019355366453038298,0.003108969523535345,0.002394667113815199,0.5197132616487455,0.0005197132616487455,0.0007966706968788783,0.46236559139784944,0.00046236559139784943,-0.0011962418682312619
2015-07-17,-0.0025525845464879388,-0.003498821105627724,0.946236559139785,0.000946236559139785,-0.0020557941538826663,-0.0004967903926052728,-0.105843305616752,0.9978494623655914,0.0009462365591397853,-0.0034988211056277236,0.003503395487037765,-0.004069810016470456,-0.00755334577422182,-0.002199212071001281,-0.005067776426147357,0.4874551971326165,0.00048745519713261647,-0.002543249351015283,0.45878136200716846,0.00045878136200716845,-0.0009555717546124412
2015-07-21,0.0004133543039028591,-0.0004791188143767108,0.8924731182795699,0.0008924731182795699,0.0026523172944912334,-0.002238962990588374,-0.006272868582081843,0.9978494623655914,0.0008924731182795699,-0.0004791188143767108,0.0038130767106654795,0.0058707508757014516,0.004489941606593462,0.004844026256677389,0.005534938755135005,0.4659498207885305,0.00046594982078853047,0.0021863674737027028,0.4265232974910394,0.0004265232974910394,-0.0026654862880794135
2015-07-22,-0.0009964767951577361,-0.001731243820247342,0.7347670250896058,0.0007347670250896057,-2.7264233902099168e-05,-0.0009692125612556371,-0.03535966288436636,0.9978494623655914,0.0007347670250896058,-0.0017312438202473418,0.00036816184795703254,0.005134157668050408,-0.00655356791581198,-0.0007211968836755762,0.00027880574013149084,0.3010752688172043,0.00030107526881720427,-0.00032833950271930344,0.4336917562724014,0.0004336917562724014,-0.0014029043175280385
2015-07-23,0.001266136398324428,0.00047402170298392637,0.7921146953405018,0.0007921146953405018,0.0007261177248966748,0.0005400186734277534,0.057715436157765886,0.9978494623655914,0.0007921146953405018,0.0004740217029839263,-0.003078926283093578,0.0029494550965512953,-0.001502340511638424,-0.0016415234314102215,0.002999114890395135,0.4014336917562724,0.0004014336917562724,0.00032468403314040237,0.3906810035842294,0.00039068100358422936,0.00014933766984352406
2015-07-24,-0.00017368561922830955,-0.0008869472679738292,0.7132616487455197,0.0007132616487455197,-0.0030315018482021516,0.002857816228973842,0.006309986858448432,0.9978494623655914,0.0007132616487455197,-0.0008869472679738292,-0.005382026920317801,-0.0064522222672640525,-0.0027737370940152445,-0.000321231678490129,-0.00893388970536139,0.34408602150537637,0.0003440860215053763,-0.003375587869707528,0.36917562724014336,0.00036917562724014336,0.0024886406017336988
2015-07-27,-0.002058516391949344,-0.00279328341703895,0.7347670250896058,0.0007347670250896057,0.004830560976778258,-0.006889077368727602,-0.11391466880647323,0.9978494623655914,0.0007347670250896061,-0.0027932834170389495,0.01595183888790599,0.009533294984777035,0.0020233589339082076,0.007902262602458144,0.010540551629105702,0.35125448028673834,0.00035125448028673834,0.00447930649649152,0.3835125448028674,0.0003835125448028674,-0.0072725899135304695
2015-07-28,-0.0008890377368604767,-0.0016596470558568927,0.7706093189964158,0.0007706093189964158,-1.9552650027050356e-05,-0.0008694850868334263,-0.057035174672121894,0.9978494623655914,0.000770609318996416,-0.0016596470558568925,0.002406263303768854,0.00040877939078309887,-0.005794025927093105,0.004924804703212353,-0.0025210603016873273,0.3655913978494624,0.0003655913978494624,-0.00038514404787651273,0.4050179211469534,0.0004050179211469534,-0.0012745030079803798
2015-07-29,-0.0017678927101862664,-0.002810584266480204,1.0426954020336272,0.001042695402033627,-0.002705454464776635,0.0009375617545903685,-0.016591869535865385,0.9957081545064378,0.0010426915562939375,-0.0028105881122198932,0.001030529059614951,-0.007804608656245052,0.001320042880084623,0.0006000801319434206,-0.008433858005235658,0.5088413555463258,0.0005088413555463258,-0.003214295820322961,0.5338540464873014,0.0005338502007476118,0.00040371155384275677
2015-07-30,-0.0011588737321781627,-0.0022354116434800224,1.0765379113018598,0.00107653791130186,-0.0010269040705913786,-0.00013196966158678423,-0.014253538248641999,0.9957081545064378,0.0010765379113018597,-0.0022354116434800224,-7.309997770119072e-05,0.0009515242452951482,0.0009469055255663225,-0.0018391417955186881,-0.0021677665015669943,0.5436337625178826,0.0005436337625178828,-0.0015705378331092614,0.5329041487839771,0.0005329041487839772,-0.0006648738103707615
2015-07-31,-0.0012523392569896755,-0.0024004079265175725,1.148068669527897,0.001148068669527897,0.0005170295494178977,-0.0017693688064075732,-0.026829426504611554,0.9957081545064378,0.001148068669527897,-0.0024004079265175725,0.005557305124392245,-0.0006015470308981216,-0.0003656242369295176,0.0014666926653316998,0.0008210779901002167,0.586552217453505,0.000586552217453505,-6.952266803560733e-05,0.5615164520743919,0.000561516452074392,-0.0023308852584819654
2015-08-03,-0.0014896083973404963,-0.0025876055361101673,1.097997138769671,0.001097997138769671,0.000409512200631565,-0.0018991205979720614,-0.06684977548848373,0.9957081545064378,0.001097997138769671,-0.0025876055361101673,0.002988795207368329,0.0054358123847905535,0.003575050492140686,0.0013555668759088378,0.000553395178137899,0.5472103004291845,0.0005472103004291846,-0.00013769809979761956,0.5507868383404864,0.0005507868383404865,-0.002449907436312548
2015-08-04,-0.0017027006994448238,-0.0027005547766980427,0.9978540772532188,0.0009978540772532189,-0.0001485297506859326,-0.0015541709487588912,-0.04489725805250374,0.9957081545064378,0.0009978540772532189,-0.0027005547766980427,-6.544680744573691e-05,0.009580395590714897,0.0029698613632501087,-0.001539613803403612,0.0003232593931879701,0.5042918454935622,0.0005042918454935622,-0.0006528215961794948,0.49356223175965663,0.0004935622317596567,-0.002047733180518548
2015-08-05,0.002221723792867691,0.0010128539788476624,1.2088698140200287,0.0012088698140200287,-0.0016694861576633327,0.0038912099505310238,0.07229078625879007,0.9957081545064378,0.0012088698140200285,0.0010128539788476622,-0.00834314928816263,-0.006602744980025804,-0.003321269976014765,-0.0013019503330761876,-0.004368254184888442,0.6223175965665236,0.0006223175965665237,-0.0022918037542298563,0.586552217453505,0.000586552217453505,0.0033046577330775187
2015-08-06,0.00051502327327531,-0.00043633581113098474,0.9513590844062947,0.0009513590844062948,-0.0009183079398109335,0.0014333312130862435,0.049699690320658664,0.9957081545064378,0.0009513590844062948,-0.0004363358111309848,-0.002930796466512958,-0.0027231421592759917,-0.0010910072217381395,-0.002490451579080482,-0.0015156225972461786,0.4864091559370529,0.00048640915593705297,-0.0014047170957479866,0.46494992846924177,0.0004649499284692418,0.0009683812846170017
2015-08-07,-0.0014739035447099585,-0.0026005129867700447,1.1266094420600858,0.001126609442060086,0.0018263539362039687,-0.003300257480913927,-0.07651037750127931,0.9957081545064378,0.0011266094420600862,-0.0026005129867700443,0.006855118545381595,0.006051540182557917,0.0009810632439353343,0.006942633590189109,0.002019527942138023,0.5972818311874106,0.0005972818311874106,0.001229072105016558,0.5293276108726752,0.0005293276108726753,-0.0038295850917866026
2015-08-10,-0.000609654744229338,-0.0016325445868616698,1.0228898426323318,0.0010228898426323319,-0.00177618139610314,0.0011665266518738019,-0.06394205704922916,0.9957081545064378,0.0010228898426323319,-0.00163254458686167,-0.00288491820264253,-0.0011951856699025474,-0.0028604535073341354,-0.005426536304034487,-0.002626735271105745,0.5221745350500715,0.0005221745350500716,-0.0022983559311532116,0.5007153075822603,0.0005007153075822604,0.0006658113442915414
2015-08-11,-7.812244228277846e-05,-0.0011761195810524496,1.097997138769671,0.001097997138769671,0.002401704921860374,-0.0024798273641431522,-0.028002195864375343,0.9957081545064378,0.0010979971387696712,-0.0011761195810524494,0.006450342770776467,0.001891902403509509,-0.000774062779016952,0.0059300931596681745,0.0042555630562106485,0.5543633762517882,0.0005543633762517883,0.0018473415456085854,0.5436337625178826,0.0005436337625178828,-0.003023461126661035
2015-08-12,-0.0008548685597580068,-0.001968960119128536,1.1158798283261802,0.0011158798283261804,0.0014202776854154357,-0.0022751462451734428,-0.06264592047319195,0.9957081545064378,0.0011140915593705293,-0.001970748388084187,0.00583127430204807,0.0018922818442575484,0.0006935743650748323,0.004102775547722807,0.0022186083642262936,0.5579399141630901,0.0005579399141630902,0.0008623377712523455,0.5579399141630901,0.0005561516452074392,-0.002831297890380882
2015-08-13,0.0010865152557902639,-8.122437224979343e-05,1.1695278969957081,0.0011695278969957082,0.0017233657677756438,-0.0006368505119853797,0.047856269384989804,0.9957081545064378,0.0011677396280400573,-8.301264120544436e-05,0.0007032124158134243,0.0024339442622750064,0.0003041493822704616,0.001876860249001356,0.004242785667650612,0.6080114449213162,0.0006080114449213163,0.0011153543228543275,0.5615164520743919,0.0005597281831187411,-0.0011965786951041208
2015-08-14,-0.0009748311099950776,-0.0020191801800952206,1.044349070100143,0.0010443490701001431,0.0005906850968195338,-0.0015655162068146115,-0.07950734797723412,0.9957081545064378,0.0010443490701001431,-0.0020191801800952206,0.0035779591563718863,0.0022041341462262615,-0.0029985165237220368,0.0024371833919098564,0.0005572744660960574,0.5007153075822603,0.0005007153075822604,8.996978923727337e-05,0.5436337625178826,0.0005436337625178828,-0.0021091499693324943
2015-08-17,-7.3541525800482235e-06,-0.0010123613056558709,1.0050071530758227,0.0010050071530758227,-0.00123927734269724,0.0012319231901171917,0.016061522642148583,0.9957081545064378,0.0010050071530758227,-0.0010123613056558709,-0.0017357918694262064,-0.003940897570232683,-0.0011114092892725216,-0.004530733535329754,-0.0014604605981216638,0.5221745350500715,0.0005221745350500716,-0.0017614518777473115,0.48283261802575106,0.0004828326180257511,0.0007490905720914406
2015-08-18,0.0014662724931941427,0.0006043268565703943,0.8619456366237482,0.0008619456366237483,0.0007332542560287748,0.0007330182371653677,0.112464254512644,0.9978540772532188,0.0008619456366237483,0.0006043268565703943,-0.000885042518785355,-0.0026184495128088914,-0.005059878752069823,0.0005094451902886142,0.0019497708455615578,0.4363376251788269,0.0004363376251788269,0.0002969166308499479,0.42560801144492133,0.00042560801144492135,0.0003074102257204464
2015-08-19,0.0010276847995170687,0.00026945876232107436,0.7582260371959942,0.0007582260371959943,-0.0015091216569672453,0.002536806456484314,0.0520320623296271,0.9978540772532188,0.0007582260371959944,0.0002694587623210744,-0.006547634984141122,-0.002017492402661264,-0.006886492554548212,-0.004245701552315856,-0.0024142504634984355,0.37553648068669526,0.0003755364806866953,-0.0018846581376539408,0.382689556509299,0.000382689556509299,0.002154116899975015
2015-08-20,0.000784510472906616,-9.531785327364165e-05,0.8798283261802575,0.0008798283261802575,0.0002053900631233804,0.0005791204097832356,0.034445998653725884,0.9978540772532188,0.0008798283261802576,-9.531785327364156e-05,-0.001642321693006536,-0.00016223284801673737,-0.0012441307635279236,-0.0017899502453795554,0.00151247040924136,0.4613733905579399,0.00046137339055793994,-0.00025598332743455955,0.4184549356223176,0.00041845493562231765,0.00016066547416091793
2015-08-21,-0.0007140814838204914,-0.0017477009401867289,1.0336194563662375,0.0010336194563662375,0.002661244952602183,-0.003375326436422674,0.00018594814457647266,0.9978540772532188,0.0010336194563662375,-0.0017477009401867289,0.006145718034850995,0.007871909168769595,0.006556488142223849,0.00382553350103775,0.006088137429562526,0.48283261802575106,0.0004828326180257511,0.002178412334576432,0.5507868383404864,0.0005507868383404865,-0.00392611327476316
2015-08-24,0.005016688668463132,0.0038614669231126315,1.1552217453505007,0.0011552217453505008,0.012770022860881958,-0.007753334192418826,0.1803599134947271,0.9978540772532188,0.0011552217453505006,0.0038614669231126315,0.014484704970079752,0.017339139204576498,0.016879683824347538,0.022948381228039518,0.026918265212889873,0.5436337625178826,0.0005436337625178828,0.012226389098364076,0.6115879828326181,0.000611587982832618,-0.008364922175251444
2015-08-25,0.0007894640360064535,-0.0005338549911752346,1.3233190271816881,0.0013233190271816882,0.00023891590967741654,0.000550548126329037,0.05464560050031747,0.9978540772532188,0.0013233190271816882,-0.0005338549911752347,-0.0015340427590108273,-0.00020931691988346145,-0.001797104362993491,-0.0016717590154537664,0.0015541686297247934,0.6652360515021459,0.000665236051502146,-0.0004263201418247295,0.6580829756795422,0.0006580829756795423,-0.00010753484935050535
2015-08-26,0.0013898615725435072,0.00019887444807998792,1.1909871244635193,0.0011909871244635195,0.0009498022490847489,0.00044005932345875807,0.03929330157017573,0.9978540772532188,0.0011909871244635193,0.00019887444807998775,-0.0008658363018572489,-0.0008957413863330615,0.004880632742154467,0.004801510570192003,0.00045477921860395334,0.586552217453505,0.000586552217453505,0.0003632500316312439,0.6044349070100143,0.0006044349070100143,-0.00016437558355125628
2015-08-27,-0.00015032488016363844,-0.0015988227342408918,1.4484978540772533,0.0014484978540772533,-0.0060053910104540635,0.005855066130290425,0.007797051564208205,0.9978540772532188,0.0014484978540772533,-0.0015988227342408918,-0.01225898802354807,-0.010424335823993212,-0.011685090750641489,-0.012224773219810256,-0.011942530879589025,0.7546494992846924,0.0007546494992846925,-0.006760040509738756,0.6938483547925608,0.0006938483547925608,0.005161217775497864
2015-08-28,0.0003873804395674892,-0.0009144793601463878,1.301859799713877,0.001301859799713877,0.0014511878348478398,-0.0010638073952803505,0.03426912115034827,0.9978540772532188,0.001301859799713877,-0.0009144793601463877,0.0012762484311314977,0.003816627853634951,0.000687753705229726,0.0013617379161568529,0.0036820570486254013,0.6366237482117311,0.0006366237482117311,0.0008145640866361087,0.6652360515021459,0.000665236051502146,-0.0017290434467824964
2015-08-31,-0.00042023369328094036,-0.001732823106728723,1.3125894134477825,0.0013125894134477826,-0.0018534507620085738,0.0014332170687276335,-0.03133142690734101,0.9978540772532188,0.0013125894134477826,-0.001732823106728723,-0.0036130374748968037,-0.0013140208553967048,-0.008768076636546357,-0.0039427543047818375,-0.003600932880486471,0.6402002861230329,0.000640200286123033,-0.0024936510481316067,0.6723891273247496,0.0006723891273247497,0.0007608279414028838
2015-09-01,0.0004104221777013556,-0.0008234834016977861,1.2339055793991416,0.0012339055793991417,0.0054172315744942506,-0.0050068093967928955,0.025746776341858145,0.9978540772532188,0.0012339055793991417,-0.0008234834016977861,0.009487927207036317,0.01092556451358881,0.010205727554773001,0.011911974195385325,0.010330657506915858,0.6080114449213162,0.0006080114449213163,0.004809220129572934,0.6258941344778255,0.0006258941344778255,-0.005632703531270721
2015-09-02,-0.0007878779195591961,-0.0019538292786436024,1.1659513590844064,0.0011659513590844064,-0.0022051377283554318,0.0014172598087962354,-0.0717340917662448,0.9978540772532188,0.0011659513590844062,-0.001953829278643603,-0.001119604102209548,-0.0062585603641232244,0.0006256102491275002,-0.004809821477831577,-0.004224729141172154,0.6115879828326181,0.000611587982832618,-0.00281672571118805,0.5543633762517882,0.0005543633762517883,0.0008628964325444471
2015-09-03,-0.0007245654704133514,-0.001940588360255984,1.2160228898426324,0.0012160228898426325,-0.0013311299579683933,0.0006065644875550421,-0.04301238381224728,0.9978540772532188,0.0012160228898426325,-0.001940588360255984,0.0002238267447505396,-0.004099680531762161,-0.007033046309639187,-0.0010448766757774606,-0.0034795394712291493,0.6187410586552218,0.0006187410586552218,-0.001949871016623615,0.5972818311874106,0.0005972818311874106,9.282656367631467e-06
2015-09-04,0.0021827455630459703,0.0010078528591833092,1.1766809728183119,0.001176680972818312,0.000855955867616462,0.0013267896954295083,0.11809604854225247,0.9978540772532188,0.0011748927038626612,0.0010060645902276583,-0.002837037273368613,-0.0022671498944661066,0.007724739106702819,0.0027273249511303196,0.0012097274232043323,0.5686695278969957,0.0005686695278969957,0.0002872863397194663,0.6080114449213162,0.0006062231759656652,0.0007205665194638431
2015-09-07,0.0019039325529024934,0.000900713668782322,1.0050071530758227,0.0010050071530758227,0.00718482459476306,-0.005280892041860567,0.08517141124854989,0.9978540772532188,0.0010032188841201713,0.0008989253998266708,0.011359618963063136,0.008789961986586664,0.019378285431162986,0.01356125195979148,0.01482020151145643,0.5221745350500715,0.0005221745350500716,0.006662650059712989,0.48283261802575106,0.00048104434907010016,-0.005761936390930667
2015-09-08,-0.00039366455667659843,-0.001522062267692335,1.1301859799713876,0.0011301859799713878,-0.013958675871346736,0.013565011314670139,-0.041003833539411935,0.9978540772532188,0.0011283977110157365,-0.0015238505366479862,-0.02700830236928212,-0.027260798714548947,-0.028011349921312642,-0.024550053343136622,-0.02969105691583543,0.5472103004291845,0.0005472103004291846,-0.01450588617177592,0.5829756795422032,0.0005811874105865522,0.012983823904083586
2015-09-09,-0.0011622091955459715,-0.0020313079079923237,0.869098712446352,0.000869098712446352,0.006656687894953117,-0.007818897090499089,-0.03438930714623306,0.9978540772532188,0.0008690987124463521,-0.0020313079079923237,0.014772782150638753,0.017337437050945707,0.015962918559057335,0.012125768449618456,0.013950125833565951,0.43991416309012876,0.00043991416309012877,0.006216773731862989,0.4291845493562232,0.0004291845493562232,-0.008248081639855312
2015-09-10,0.003152553323200476,0.002013425998450834,1.1409155937052933,0.0011409155937052934,0.0034236595750367508,-0.0002711062518362744,0.15142588092635118,0.9978540772532188,0.0011391273247496423,0.0020116377294951827,0.0007234665806229184,0.00016764407386812887,0.008051461125602117,0.007662589962509877,0.006461771870145874,0.5686695278969957,0.0005686695278969957,0.002854990047139755,0.5722460658082975,0.0005704577968526467,-0.0008415640486889211
2015-09-11,0.001122095546925538,-6.889157753798119e-05,1.1909871244635193,0.0011909871244635195,0.0035390329469005733,-0.002416937399975035,0.07263494965794134,0.9978540772532188,0.0011909871244635193,-6.889157753798138e-05,0.004062084504904179,0.006321285023054343,0.004243849382000394,0.008038337312347715,0.006620762655153027,0.5972818311874106,0.0005972818311874106,0.0029417511157131624,0.5937052932761088,0.0005937052932761087,-0.0030106426932511436
2015-09-14,0.0011668185381330705,7.9551013097305e-05,1.0872675250357653,0.0010872675250357656,0.0005561948724587195,0.000610623665674351,0.08461261201048376,0.9978540772532188,0.0010872675250357656,7.95510130973049e-05,-0.0009569257336208138,-0.001737190493810581,0.0010553199380604348,0.0025696267172265076,0.00038735961277876766,0.5543633762517882,0.0005543633762517883,1.8314962069312197e-06,0.5329041487839771,0.0005329041487839772,7.771951689037378e-05
2015-09-15,-0.00011138011676983307,-0.0013220381997455127,1.2124463519313304,0.0012124463519313305,-0.004685469353172012,0.004574089236402178,0.0023392706249671788,0.9978540772532188,0.0012106580829756796,-0.0013238264687011636,-0.009080889314302678,-0.009245907716382552,0.00896131191564242,-0.004387219449820262,-0.011893027169142497,0.6258941344778255,0.0006258941344778255,-0.0053113634876498375,0.586552217453505,0.0005847639484978541,0.003989325287904324
2015-09-16,0.0011069302980359955,0.0005436255770059525,0.5650929899856938,0.0005650929899856939,-0.002026348121125416,0.0031332784191614115,0.04339681190831969,0.9978540772532188,0.000563304721030043,0.0005418373080503016,-0.0076121684731760035,-0.0034520604197631477,-0.004834658772025415,-0.00784097260785055,-0.002171631273135654,0.24678111587982832,0.00024678111587982836,-0.0022731292370052445,0.31831187410586553,0.00031652360515021464,0.002816754814011197
2015-09-17,-1.605725358237126e-05,-0.0006133390847697819,0.5972818311874106,0.0005972818311874106,0.00023496456110631524,-0.0002510218146886865,-0.011316221648278727,0.9978540772532188,0.0005972818311874106,-0.0006133390847697819,-0.0006037579852336495,0.002729869892449888,-0.003851253313078562,-0.003421509013164751,0.0024171640902955556,0.2968526466380544,0.00029685264663805436,-6.188808553173912e-05,0.30042918454935624,0.0003004291845493562,-0.0005514509992380428
2015-09-18,-0.00061374852425482,-0.0011824180521518156,0.5686695278969957,0.0005686695278969957,0.005329622725175542,-0.005943371249430362,0.00438649047343973,0.9978540772532188,0.0005686695278969956,-0.0011824180521518156,0.009372482840466467,0.01679039170616949,-0.00268270979777708,0.011369693445018658,0.010338406115760366,0.28612303290414876,0.0002861230329041488,0.005043499692271393,0.2825464949928469,0.00028254649499284695,-0.006225917744423209
2015-09-24,-0.0008793324788639787,-0.001784196570423349,0.9048640915593705,0.0009048640915593706,-0.0030518154650455574,0.002172482986181579,-0.0170512538967952,0.9978540772532188,0.0009048640915593703,-0.0017841965704233492,-0.005191631286275972,-0.0025680193984178095,-0.014202887091788166,-0.006335360921958543,-0.006007455066189953,0.47567954220314734,0.0004756795422031474,-0.003527495007248705,0.4291845493562232,0.0004291845493562232,0.0017432984368253557
2015-09-25,-0.0015994377758692957,-0.002668822611348552,1.0693848354792561,0.0010693848354792561,-0.001992010420755175,0.0003925726448858793,-0.08753395522922465,0.9978540772532188,0.0010693848354792564,-0.002668822611348552,-0.0011441870795604644,-4.75209899227569e-05,-0.010243486313074287,0.0011225225373497902,-0.006550144211074325,0.5078683834048641,0.0005078683834048641,-0.002499878804160039,0.5615164520743919,0.000561516452074392,-0.0001689438071885127
2015-09-28,-0.0009637183686979836,-0.0020438328179111453,1.0801144492131616,0.0010801144492131618,0.00792043208081499,-0.008884150449512974,-0.031155504208300114,0.9978540772532188,0.0010801144492131615,-0.0020438328179111453,0.01849303108790941,0.016035775127319213,0.01334999132958017,0.015066350251194028,0.016279220678659667,0.5329041487839771,0.0005329041487839772,0.007387527932031013,0.5472103004291845,0.0005472103004291846,-0.009431360749942158
2015-09-29,0.001121294648839357,6.442769604965736e-05,1.0586552217453504,0.0010586552217453505,-0.0012717386043240107,0.0023930332531633676,0.04311669618603408,0.9978540772532188,0.0010568669527896996,6.26394270940064e-05,-0.006173113809557208,-0.0019308565105673919,-0.003792395010256172,-0.0004835426590119961,-0.003581649248655221,0.5329041487839771,0.0005329041487839772,-0.0018046427531079878,0.5257510729613734,0.0005239628040057225,0.0018690704491576451
2015-09-30,0.0013983572966553394,0.0002485003581717917,1.151645207439199,0.001151645207439199,-0.002677259840536972,0.0040756171371923115,0.055246530479741436,0.9978540772532188,0.0011498569384835477,0.0002467120892161404,-0.005792855674808117,-0.01279600254036575,-0.005404249007446515,-0.005398910347799062,-0.005349596991843882,0.5722460658082975,0.0005722460658082976,-0.0032495059063452694,0.5793991416309013,0.0005776108726752504,0.003498006264517061
2015-10-01,-0.0011650984632526268,-0.002319250304099747,1.1541518408471199,0.00115415184084712,0.002620918859628479,-0.0037860173228811056,-0.046539192331011565,0.9935897435897436,0.00115415184084712,-0.002319250304099747,0.009985606996659123,0.0026767012167539105,0.010701464622566562,0.006452656287154298,0.00463729253650002,0.5859790543266938,0.0005859790543266939,0.002034939805301785,0.568172786520426,0.0005681727865204261,-0.004354190109401532
2015-10-02,0.0005183797517556951,-0.0005713638379878946,1.0897435897435899,0.00108974358974359,0.0019970375668956,-0.001478657815139905,0.03279657416203984,0.9935897435897436,0.0010897435897435897,-0.0005713638379878948,0.0013576448717658258,0.006184698850436507,0.002546469919089759,0.0005512173213682312,0.005692941950432572,0.5377492877492879,0.0005377492877492878,0.0014592882791463122,0.5519943019943021,0.0005519943019943021,-0.002030652117134207
2015-10-05,0.00037310578197023546,-0.0005919939331294799,0.9650997150997153,0.0009650997150997153,-0.002631382363056792,0.0030044881450270278,0.026985038216043578,0.9935897435897436,0.0009650997150997154,-0.0005919939331294798,-0.005922080963820607,-0.006171713129558112,-0.003709648909167497,-0.009263588139034499,-0.0032780353093749253,0.5163817663817665,0.0005163817663817665,-0.0031477641294385583,0.4487179487179488,0.0004487179487179488,0.002555770196309079
2015-10-06,0.002715683154001551,0.002099586287904685,0.6160968660968662,0.0006160968660968662,-0.0013384841482796297,0.004054167302281181,0.08835007423603718,0.9935897435897436,0.0006160968660968661,0.002099586287904685,-0.008115225906775898,-0.008076966521368197,0.005306284759065888,-0.001946580447312222,-0.0030354293408181026,0.2955840455840456,0.00029558404558404565,-0.0016340681938636754,0.32051282051282054,0.00032051282051282057,0.0037336544817683603
2015-10-07,-0.0010156628314751497,-0.002062671378483697,1.047008547008547,0.0010470085470085473,0.0010312620377082259,-0.0020469248691833758,-0.05028154792879069,0.9935897435897436,0.0010470085470085473,-0.002062671378483697,0.005448424616483743,0.0013467653616606463,0.010845818099446548,0.005574142035745986,0.0003231997396412922,0.5413105413105413,0.0005413105413105415,0.0004899514963976844,0.5056980056980057,0.0005056980056980058,-0.002552622874881382
2015-10-08,-0.00016081460588247522,-0.0012042618993297687,1.0434472934472936,0.0010434472934472937,-0.0026548610114832593,0.002494046405600784,-0.03188437796884473,0.9935897435897436,0.0010434472934472935,-0.001204261899329769,-0.005579539543787672,-0.0037817529801432033,-0.0036566086459973142,-0.012462446419310925,-0.001765757590707884,0.5306267806267807,0.0005306267806267807,-0.00318548779211004,0.5128205128205129,0.0005128205128205129,0.0019812258927802712
2015-10-09,0.0017184552715556259,0.0007426717957721501,0.9757834757834759,0.000975783475783476,0.0030037613806878434,-0.0012853061091322175,0.12763824373290303,0.9935897435897436,0.0009757834757834758,0.0007426717957721499,0.0006029101845677432,0.00654280426010664,0.0036871108312575367,0.006457439245840586,0.005778566710271905,0.5056980056980058,0.0005056980056980058,0.002498063374989838,0.47008547008547014,0.0004700854700854702,-0.0017553915792176877
2015-10-13,0.00036411611525975215,-0.0005902998391562024,0.9544159544159546,0.0009544159544159546,0.0011788298945688764,-0.0008147137793091243,0.0447772202781345,0.9935897435897436,0.0009544159544159546,-0.0005902998391562025,0.0016625068499717,0.0015590534480142424,0.0007336679986069633,0.002129640678900516,0.002467948327936877,0.49857549857549865,0.0004985754985754987,0.0006802543959933777,0.4558404558404559,0.00045584045584045593,-0.0012705542351495803
2015-10-14,0.001465600063361929,0.00041146900923087477,1.0541310541310542,0.0010541310541310543,0.0038639941208479553,-0.0023983940574860262,0.09908601354867354,0.9935897435897436,0.0010541310541310543,0.00041146900923087477,0.005285421187379547,0.00379869805867524,0.007361013328657243,0.006316184508905774,0.008418159249680713,0.5519943019943021,0.0005519943019943021,0.0033119998188536532,0.5021367521367522,0.0005021367521367522,-0.0029005308096227787
2015-10-15,-0.00028804457069049334,-0.0012531442857902086,0.9650997150997153,0.0009650997150997153,-0.003075362737319664,0.0027873181666291705,-0.005669389450366884,0.9935897435897436,0.0009650997150997153,-0.0012531442857902086,-0.005615966104570703,-0.005479099513114516,-0.0049657431606218334,-0.0035543722201666177,-0.00742854838725121,0.5128205128205129,0.0005128205128205129,-0.003588183250140177,0.4522792022792023,0.0004522792022792024,0.002335038964349968
2015-10-16,-0.0016813689443249565,-0.0026713974343534463,0.9900284900284901,0.0009900284900284902,0.0015604005134789998,-0.003241769457803956,-0.09376703728988336,0.9935897435897436,0.0009900284900284898,-0.0026713974343534467,0.0055488855177570715,0.008359002689939485,-0.004924936161224933,0.0029073748021031277,0.003223058892416039,0.5199430199430201,0.00051994301994302,0.0010404574935359797,0.47008547008547014,0.0004700854700854702,-0.0037118549278894264
2015-10-19,4.124998704505757e-05,-0.0007511289303338599,0.7941595441595443,0.0007941595441595443,-0.003418534517189713,0.0034597845042347703,0.017026070932414174,0.9935897435897436,0.0007923789173789175,-0.0007529095571144867,-0.00782149811986576,-0.005081433667134238,-0.0016131350876041992,-0.0033323095733933583,-0.008581258000540177,0.4095441595441596,0.00040776353276353284,-0.0038262980499532456,0.3846153846153847,0.00038461538461538467,0.0030751691196193856
2015-10-20,0.0012425885967244162,0.0005107509898868093,0.7371794871794873,0.0007371794871794873,-0.0011366809992763751,0.0023792695960007915,0.07761222531472738,0.9935897435897436,0.0007318376068376069,0.0005054091095449289,-0.004219827420353381,-0.005965607143819875,0.005670860596208957,-0.005251793351179708,-0.0007975705719888266,0.3703703703703704,0.00036858974358974366,-0.0015052707428661188,0.3668091168091169,0.0003632478632478633,0.0020160217327529284
2015-10-21,0.0006082111850474269,8.64875383237801e-05,0.5235042735042735,0.0005235042735042736,0.004978897021875427,-0.004370685836828,0.06881656776485079,0.9935897435897436,0.0005217236467236468,8.470691154315328e-05,0.00932868796469927,0.007700921193397164,0.013110813534107351,0.009752871342171777,0.010100448957475723,0.26353276353276356,0.0002617521367521368,0.00471714488512329,0.25997150997151003,0.00025997150997151,-0.00463065734679951
2015-10-22,-0.0005404795574197667,-0.0012794396713798806,0.7443019943019944,0.0007443019943019944,-0.003622372234480466,0.0030818926770606993,-0.052327812972926525,0.9935897435897436,0.0007389601139601139,-0.0012847815517217612,-0.0064028584176804215,-0.005667242418423326,-0.0013820622444759,-0.002971744133454523,-0.00935080873655829,0.35968660968660976,0.000357905982905983,-0.0039802782173864485,0.3846153846153847,0.0003810541310541311,0.002700838546006568
2015-10-23,-0.0009366635420942435,-0.001656036761467463,0.722934472934473,0.0007229344729344731,-0.00325528948668946,0.0023186259445952167,-0.07496061432111024,0.9935897435897436,0.0007193732193732194,-0.0016595980150287165,-0.006099576431981625,-0.001707911662331077,9.272488741045322e-06,-0.00804118964626405,-0.005746489035224701,0.33831908831908836,0.0003383190883190884,-0.0035936085750085485,0.3846153846153847,0.0003810541310541311,0.0019375718135410855
2015-10-26,0.0006900082863820668,-0.00029289769652391615,0.9864672364672367,0.0009864672364672366,0.001084421482018716,-0.0003944131956366492,0.08422340989272774,0.9935897435897436,0.000982905982905983,-0.0002964589500851698,-0.000908291829858718,0.004217863598741733,-0.0028970809810375925,0.002048700500321737,0.0022259678604882416,0.4665242165242166,0.00046652421652421664,0.0006178972654944995,0.5199430199430201,0.0005163817663817665,-0.0009107949620184158
2015-10-27,-0.0019827492052028324,-0.0030279771254307524,1.047008547008547,0.0010470085470085473,0.00019465483367218608,-0.002177404038875018,-0.08369313543422115,0.9935897435897436,0.00104522792022792,-0.0030297577522113797,0.00608757146705481,0.0008518116568033259,0.0003214153935582707,0.0016392081974684056,-0.0002294053605013937,0.5163817663817665,0.0005163817663817665,-0.00032172693270958046,0.5306267806267807,0.0005288461538461539,-0.0027062501927211722
2015-10-28,-0.00062367128434181,-0.0015549390906096164,0.9330484330484332,0.0009330484330484333,-0.0005340666211296845,-8.960466321212551e-05,-0.012332968916344817,0.9935897435897436,0.0009312678062678064,-0.0015567197173902434,-0.0027580862885433553,0.006116582807592264,-0.001796764428008139,6.32455416798019e-05,-0.0016266683500141084,0.47720797720797725,0.0004772079772079773,-0.001011274598337662,0.4558404558404559,0.00045405982905982913,-0.0005436644922719547
2015-10-29,-0.0012755537615745164,-0.002210382821403576,0.9366096866096868,0.0009366096866096868,-0.0013055258359756686,2.997207440115241e-05,-0.03800085454988136,0.9935897435897436,0.0009348290598290598,-0.002212163448184203,-0.0008269060931333464,0.0015068046578845867,-0.003148413394891195,-0.005183410601209619,-0.001335777253039579,0.4843304843304844,0.0004843304843304844,-0.001789856320306153,0.4522792022792023,0.0004504985754985756,-0.00042052650109742316
2015-10-30,0.0008911304773707416,-0.0002324450212047571,1.1253561253561255,0.0011253561253561255,0.003930521764485686,-0.003039391287114944,0.06068139611490116,0.9935897435897436,0.0011235754985754987,-0.0002342256479853839,0.007295952762097183,0.00360519384483314,0.012734800458181412,0.006751781608431087,0.008401411347612074,0.5519943019943021,0.0005519943019943021,0.003378527462491384,0.5733618233618234,0.0005715811965811967,-0.003610972483696141
2015-11-02,-0.0017552976707604392,-0.003023103938566707,1.267806267806268,0.001267806267806268,-0.004464785007541326,0.0027094873367808866,-0.06303725646521886,0.9935897435897436,0.0012678062678062678,-0.003023103938566707,-0.005013327496893239,-0.006227338913120611,-0.0022133557092286027,-0.008637802576470305,-0.009064402237358882,0.6588319088319089,0.000658831908831909,-0.005123616916373235,0.608974358974359,0.0006089743589743591,0.0021005129778065273
2015-11-04,-0.00042590597819944145,-0.001588621241233176,1.1627152630337345,0.0011627152630337345,0.00048685974686306404,-0.0009127657250625055,0.03702838633293072,0.9872611464968153,0.0011627152630337345,-0.001588621241233176,0.0023402689156911878,0.0007579158917447067,0.0007526842525300723,-6.022970088519721e-05,0.0014938017064372994,0.5777510116682092,0.0005777510116682092,-9.089126480514516e-05,0.5849642513655253,0.0005849642513655254,-0.001497729976428031
2015-11-05,1.1051593447112747e-05,-0.0011283680810044087,1.1394196744515217,0.0011394196744515218,0.0012262439857169368,-0.0012151923922698242,-0.005130044350661441,0.9872611464968153,0.0011394196744515216,-0.001128368081004409,0.0040112745871617355,-0.0008012279941470771,0.0021970916949509995,0.00263841262972591,0.0023673527315583886,0.5661712668082095,0.0005661712668082095,0.0006600727189087273,0.5732484076433121,0.0005732484076433122,-0.0017884407999131362
2015-11-06,0.0009723040533254346,-0.0002166556069718053,1.18895966029724,0.0011889596602972401,-0.003711835093576146,0.004684139146901581,0.04336160349840309,0.9872611464968153,0.00118895966029724,-0.00021665560697180556,-0.009654096458677102,-0.008651033177448125,-0.006833494913968134,-0.008767807258356955,-0.006775294215977043,0.5838641188959661,0.0005838641188959661,-0.004295699212472112,0.605095541401274,0.0006050955414012739,0.004079043605500307
2015-11-09,0.000993768408349539,-8.19569985860591e-05,1.0757254069355981,0.001075725406935598,0.0012321364055507466,-0.00023836799720120775,0.0419056462354452,0.9872611464968153,0.001075725406935598,-8.195699858605911e-05,-0.0011778102107597732,0.003813931192154037,0.00264338230453238,-0.0006523852496582317,0.004030466541942317,0.5449398443029017,0.0005449398443029017,0.0006871965612478449,0.5307855626326964,0.0005307855626326965,-0.0007691535598339042
2015-11-10,4.884364606851672e-05,-0.0010905760283830047,1.1394196744515217,0.0011394196744515218,0.00115559716628846,-0.0011067535202199431,-0.020344016002520685,0.9872611464968153,0.0011394196744515213,-0.0010905760283830051,0.0019211941922381568,0.002771385033011299,0.001617235543036881,0.0024716299764558284,0.002238352662762711,0.5697098372257609,0.0005697098372257609,0.0005858873290626991,0.5697098372257609,0.0005697098372257609,-0.0016764633574457041
2015-11-11,0.0007489325715687931,-0.00035510139870721544,1.1040339702760085,0.0011040339702760086,0.0008038916754015163,-5.495910383272324e-05,0.026946129939322185,0.9872611464968153,0.0011040339702760086,-0.0003551013987072155,0.0010225579559689382,-0.001736416235615352,-0.0015202283358660357,0.0008492997681778107,0.0019921563655756532,0.5414012738853503,0.0005414012738853503,0.000262490401516166,0.5626326963906582,0.0005626326963906582,-0.0006175918002233815
2015-11-12,-0.0012642516520007324,-0.002163048538058765,0.8987968860580327,0.0008987968860580326,-0.0005031075739633026,-0.0007611440780374298,-0.06630698391632095,0.9872611464968153,0.0008987968860580326,-0.002163048538058765,0.0005362722581833343,0.0034926266367225718,-0.001588310173835033,-0.003865743173951213,0.0004203375401455077,0.445859872611465,0.000445859872611465,-0.0009489674465747676,0.4529370134465676,0.00045293701344656763,-0.0012140810914839973
2015-11-13,-0.001087960826270676,-0.00199029628274626,0.9023354564755839,0.000902335456475584,0.003923806884112559,-0.005011767710383235,-0.06272909336554207,0.9872611464968153,0.0009023354564755839,-0.00199029628274626,0.010462934324331269,0.008986102003038975,0.010827955662492762,0.009971097951181675,0.0068109172526028775,0.4529370134465676,0.00045293701344656763,0.0034708698706659917,0.4493984430290163,0.0004493984430290163,-0.005461166153412252
2015-11-16,-0.0004923877258441811,-0.0014124160344075216,0.9200283085633405,0.0009200283085633405,-0.0006660695267547326,0.00017368180091055141,-0.016179875588994926,0.9872611464968153,0.0009200283085633405,-0.0014124160344075216,-0.00018312073991040852,-0.0006741703541666601,0.0022324900517702874,-0.004042264755049304,1.867228964287068e-05,0.4529370134465676,0.00045293701344656763,-0.0011190065402013002,0.46709129511677283,0.00046709129511677286,-0.0002934094942062214
2015-11-17,-0.0006115055198198339,-0.0015421495396358282,0.9341825902335457,0.0009341825902335457,0.0016785973923105644,-0.0022901029121303986,-0.02982796812863124,0.9872611464968153,0.0009306440198159943,-0.0015456881100533795,0.0036559926132436653,0.006518777928476136,-0.0005481529247904978,0.0039041837307367566,0.0030944147630035945,0.4564755838641189,0.00045647558386411897,0.0012221218084464455,0.47770700636942676,0.0004741684359518755,-0.002764271348082274
2015-11-18,0.0007251880967602006,-0.0003222287468349868,1.0509554140127388,0.001050955414012739,-0.0017088674091752958,0.0024340555059354963,0.03433738966042384,0.9872611464968153,0.0010474168435951874,-0.0003257673172525383,-0.005851808489902393,-0.0028072825412051904,-0.0012559092601686292,-0.0032093177523108566,-0.003532851015684343,0.5130927105449399,0.0005130927105449399,-0.0022219601197202357,0.5378627034677991,0.0005343241330502478,0.0018997313728852485
2015-11-19,-0.0016740013209682264,-0.0027037253124756575,1.029723991507431,0.001029723991507431,0.0009170289761863498,-0.0025910302971545764,-0.11319587333565669,0.9872611464968153,0.001029723991507431,-0.0027037253124756575,0.003979917971873097,0.007534743715913594,0.0075318108067688565,0.0011816181754576661,0.002166131217273959,0.5272469922151451,0.0005272469922151451,0.0003897819839712047,0.502476999292286,0.0005024769992922859,-0.0030935072964468624
2015-11-20,-0.00021699204567679405,-0.0011865603400858528,0.9695682944090588,0.0009695682944090588,0.0011853769780387601,-0.0014023690237155541,-0.033518406240601144,0.9872611464968153,0.0009695682944090588,-0.0011865603400858528,0.0016795207138874525,0.005037340814525694,0.002405554202911025,0.0024572733697798624,0.0023350604852563836,0.4812455767869781,0.0004812455767869781,0.000704131401251782,0.48832271762208074,0.0004883227176220807,-0.0018906917413376348
2015-11-24,-0.0010374251126112647,-0.002010531977437875,0.9731068648266101,0.0009731068648266101,0.0004994567956091361,-0.0015368819082204007,-0.05094048227167048,0.9872611464968153,0.0009731068648266101,-0.002010531977437875,0.003529001864299405,0.002107822343715782,0.001884611973996853,-1.724829259603321e-05,0.0015101825552250574,0.47770700636942676,0.0004777070063694268,2.1749789239709284e-05,0.4953998584571833,0.0004953998584571834,-0.002032281766677584
2015-11-25,0.0004246081205875841,-0.0005237287513161666,0.9518754423213023,0.0009518754423213023,0.00011912296149289682,0.00030548515909468733,0.011476151374679543,0.9872611464968153,0.0009483368719037507,-0.0005272673217337182,0.0001695276973317435,-0.002226852982753788,-0.0028363707528170894,-0.0017269247267524817,0.0012215916071836091,0.5307855626326964,0.0005307855626326965,-0.00041166260113979964,0.42108987968860584,0.0004175513092710545,-0.00011206615017636719
2015-11-26,-0.0001208874377782101,-0.0011258414363627819,1.0084925690021231,0.0010084925690021231,-0.0006882956408420406,0.0005674082030638304,0.02954009462110977,0.9872611464968153,0.0010049539985845719,-0.0011293800067803332,-0.000926247111357144,-0.0015394911192959531,0.004677064051001192,-0.0020030232877367325,-0.001067768655088662,0.5201698513800425,0.0005201698513800425,-0.0012084654922220831,0.48832271762208074,0.0004847841472045294,8.262405585930102e-05
2015-11-27,-0.0005523408909562016,-0.001421059928465048,0.8704883227176221,0.0008704883227176221,0.0013877376188869864,-0.0019400785098431879,-0.028012049630729424,0.9872611464968153,0.0008687190375088464,-0.0014228292136738239,0.004991489140986302,0.0015930046986663703,0.011284321409640957,-0.0003749304797456593,0.004359535996228812,0.43524416135881105,0.0004352441613588111,0.0009524934575281753,0.43524416135881105,0.00043347487615003543,-0.002373553385993223
2015-11-30,2.007649815566547e-05,-0.0005514026242788709,0.5732484076433122,0.0005732484076433122,-0.0005476770963734372,0.0005677535945291026,-0.015686838499620465,0.9872611464968153,0.0005714791224345363,-0.0005531719094876467,-0.0021641568164297784,0.0009605900371681816,0.004024826387045501,-0.003553332223205892,0.00013013901122918683,0.2901627742392074,0.00029016277423920736,-0.0008378398706126446,0.28308563340410475,0.0002813163481953291,0.00028643724633377354
2015-12-01,5.873394660634055e-05,-0.001034684312417014,1.0934182590233545,0.0010934182590233547,-0.001258668214810056,0.0013174021614163964,0.018117889691454978,0.9872611464968153,0.0010934182590233545,-0.0010346843124170143,-0.0034797651680873566,-0.0008876629754888243,-0.0027141680211418234,-0.0016965650774263122,-0.002935756158151969,0.5555555555555556,0.0005555555555555557,-0.0018142237703656116,0.5378627034677991,0.000537862703467799,0.0007795394579485973
2015-12-02,-0.0001401287819039602,-0.0012866255971905843,1.1464968152866244,0.0011464968152866243,-0.003577079368177755,0.003436950586273795,-0.02016594499372216,0.9872611464968153,0.0011464968152866241,-0.0012866255971905845,-0.007583516848577216,-0.005337194363109339,-0.004710371883012854,-0.006146718753410012,-0.007680711149327266,0.5626326963906582,0.0005626326963906582,-0.004139712064568413,0.5838641188959661,0.0005838641188959661,0.0028530864673778286
2015-12-03,-0.0003902921167026323,-0.0014076311117486337,1.019108280254777,0.0010191082802547772,0.005358456223544899,-0.005748748340247531,-0.01247416060763748,0.9872611464968153,0.0010173389950460013,-0.0014094003969574095,0.012627334205993152,0.009042543220948995,0.010262649039849369,0.009165391303030542,0.011575628012583702,0.491861288039632,0.0004900920028308563,0.0048683642207140426,0.5272469922151451,0.0005272469922151451,-0.006275995332462677
2015-12-04,-0.0014616595465769104,-0.0024400742670298474,0.9801840056617127,0.0009801840056617127,-0.0023596575451590536,0.0008979979985821433,-0.1038409391455456,0.9872611464968153,0.000978414720452937,-0.002441843552238623,-0.003152084127615293,0.0009717820792370037,-0.0026855903900416113,-0.00618096939720768,-0.004003549580778591,0.47416843595187547,0.00047239915074309983,-0.0028320566959021535,0.5060155697098373,0.0005060155697098373,0.00039198242887230597
2015-12-07,0.00115088592100412,3.6236239475457636e-05,1.1146496815286624,0.0011146496815286626,0.0007930110600691991,0.0003578748609349209,0.057665169215198576,0.9872611464968153,0.0011146496815286622,3.62362394754573e-05,-0.0011588456156535398,0.00019052974014633215,-0.008546637467606378,-0.00014805874626387352,0.0024581243260633798,0.5307855626326964,0.0005307855626326965,0.0002622254974365026,0.5838641188959661,0.0005838641188959661,-0.00022598925796104522
2015-12-08,0.0017838706151055133,0.0007187609194225691,1.0651096956829442,0.0010651096956829443,-0.0007278268996458371,0.0025116975147513503,0.11051621496464836,0.9872611464968153,0.0010651096956829443,0.000718760919422569,-0.004570094352556857,-0.005864824556932557,-0.00021686568049547952,-0.0006791721079337233,-0.0018485403485854102,0.491861288039632,0.0004918612880396321,-0.0012196881876854692,0.5732484076433121,0.0005732484076433122,0.0019384491071080382
2015-12-09,-0.00010212291883671225,-0.0009496592641532046,0.8493018820396561,0.0008493018820396561,-0.0006277299101481937,0.0005256069913114815,0.00788871278053345,0.9851694915254238,0.0008475363453164923,-0.0009514248008763683,-0.0019219464631026963,0.0007254411624805291,-0.002510737232227251,-0.0036632799182779465,-5.893636205163149e-05,0.44228381733779554,0.00044228381733779556,-0.0010700137274859893,0.40701806470186047,0.00040525252797869667,0.00012035446333278488
2015-12-10,0.0003060924992746878,-0.000779712585471075,1.0875706214689265,0.0010875706214689266,-0.0023944692675083854,0.0027005617667830734,0.0231013715764297,0.9851694915254238,0.0010858050847457627,-0.0007814781221942388,-0.006478565338313592,-0.0031773486215569166,-0.0019441191157439932,-0.004445001722834675,-0.004938932795633106,0.5261299435028248,0.0005261299435028249,-0.0029205992110112105,0.5614406779661016,0.0005596751412429378,0.0021408866255401356
2015-12-11,0.0007586599965709376,-0.00046662248930476856,1.225282485875706,0.0012252824858757063,0.005604629337226744,-0.004845969340655807,0.03992502398945896,0.9851694915254238,0.0012252824858757063,-0.00046662248930476866,0.008973871796547054,0.01106086588514371,0.005729290126802464,0.011911903934694525,0.010814437298652328,0.6426553672316384,0.0006426553672316384,0.004961973969995106,0.5826271186440678,0.0005826271186440678,-0.005428596459299875
2015-12-14,5.269191042949218e-05,-0.0011514041347682477,1.20409604519774,0.00120409604519774,0.0035913906493048675,-0.0035386987388753752,-0.01342347481942263,0.9851694915254238,0.0012040960451977399,-0.001151404134768248,0.006756698227752294,0.007665386196022093,0.009353178484506586,0.0073797569871435886,0.00705508687881463,0.5896892655367232,0.0005896892655367232,0.0030017013837681443,0.614406779661017,0.0006144067796610169,-0.0041531055185363925
2015-12-15,-0.0016001896928353916,-0.002964949579841041,1.3665254237288136,0.0013665254237288135,-0.003916731534470707,0.002316541841635315,-0.12422028290852496,0.9851694915254238,0.0013647598870056496,-0.0029667151165642053,-0.004313020810632067,-0.005296939194431718,-0.006551498535617534,-0.00509165746575874,-0.009156952312330983,0.6956214689265536,0.0006956214689265536,-0.00461235300339726,0.6709039548022598,0.0006691384180790961,0.0016474034235562187
2015-12-16,-0.002204530952396079,-0.0033097569410966434,1.1052259887005649,0.0011052259887005648,-0.0032077653245731527,0.0010032343721770739,-0.1357543606982335,0.9872881355932204,0.0011052259887005646,-0.003309756941096644,-0.002461173764926408,-0.0010818164845707216,-0.009092933252328829,-0.0019218314505147658,-0.00861171643942024,0.536723163841808,0.0005367231638418079,-0.0037444884884149606,0.568502824858757,0.0005685028248587571,0.0004347315473183168
2015-12-17,-0.00019406518210733374,-0.0013169465380395372,1.1228813559322033,0.0011228813559322033,-0.00020994690617251972,1.5881724065186012e-05,-0.025412575400791133,0.9872881355932204,0.0011228813559322035,-0.001316946538039537,-0.0007998933440276404,0.0015374658801583902,-0.0021216104131373406,-0.0016729068143519093,0.00020178585733139103,0.5508474576271186,0.0005508474576271186,-0.0007607943637996384,0.5720338983050848,0.0005720338983050847,-0.0005561521742398987
2015-12-18,0.0001358460215281281,-0.0011176850519181995,1.2605932203389831,0.001260593220338983,0.0013731707217039583,-0.0012373247001758302,0.00814641309094402,0.9872881355932204,0.0012535310734463276,-0.0011247471988108549,0.0016632060714829226,0.004093739963806755,-0.0012428115094352894,0.0031408983955747982,0.0025891691725042913,0.6073446327683616,0.00060204802259887,0.0007711226991050882,0.6532485875706214,0.0006514830508474577,-0.001888807751023288
2015-12-21,-0.002111629329816551,-0.0033669259399860423,1.2605932203389831,0.001260593220338983,0.00048358082987340714,-0.002595210159689958,-0.12406045285388308,0.9872881355932204,0.0012552966101694913,-0.003372222550155534,0.005008725519272518,0.005513501976453339,-0.0002511986261245451,0.0015233791508817473,0.0006879081150390184,0.6567796610169492,0.0006514830508474577,-0.00016790222097405052,0.6038135593220338,0.0006038135593220339,-0.003199023719011992
2015-12-22,0.0015522693036003218,0.0004099670437133163,1.1440677966101696,0.0011440677966101695,-0.00095686298640551,0.0025091322900058317,0.08729270433699629,0.9872881355932204,0.0011423022598870056,0.0004082015069901523,-0.004448122725512561,-0.006193862486149639,-0.004614817232688438,-0.0016282259725769643,-0.0020469155477781374,0.5649717514124294,0.0005649717514124294,-0.0015218347378179392,0.5790960451977402,0.0005773305084745763,0.0019318017815312554
2015-12-24,-0.001400884070948563,-0.0024690337884626873,1.069915254237288,0.0010699152542372882,0.00016570654163255795,-0.0015665906125811211,-0.06011649083154247,0.9872881355932204,0.0010681497175141243,-0.0024707993251858514,0.0036332202543688575,0.002141359506911565,-0.003278642295767574,0.0028286407717705905,-0.0009054528808723932,0.5614406779661016,0.0005614406779661017,-0.00039573413633354375,0.5084745762711864,0.0005067090395480226,-0.002073299652129144
2015-12-25,0.0027148678625635698,0.0021216475235805187,0.5932203389830508,0.0005932203389830508,0.0014565947092393984,0.0012582731533241714,0.1536169997044298,0.9872881355932204,0.000593220338983051,0.002121647523580519,-0.0033138839882517986,-0.0009026951769018369,0.003958953965394649,2.269468516316171e-05,0.0043309575942518845,0.3283898305084746,0.00032838983050847455,0.0011282048787309238,0.2648305084745763,0.00026483050847457627,0.0009934426448495951
2015-12-28,-0.0007726931808104358,-0.0014082864011494187,0.6426553672316384,0.0006426553672316384,0.0010033627484004363,-0.001776055929210872,-0.011381380143907414,0.9872881355932204,0.0006355932203389829,-0.0014153485480420743,0.0049045104534597254,0.0007967859370719373,0.00014703343124461727,0.0008932314178494353,0.0025632663245774134,0.3248587570621469,0.0003195621468926554,0.0006838006015077809,0.3177966101694915,0.00031603107344632767,-0.0020920870026572
2015-12-29,-0.0012412748299840946,-0.0017250318921309873,0.490819209039548,0.000490819209039548,-0.0013447564019592837,0.00010348157197518905,-0.07468487086664921,0.9872881355932204,0.0004837570621468927,-0.0017320940390236426,0.0009058801899590598,-0.0025079260702061787,-0.005652119790530757,-0.0032913094770185922,-0.0023804575538420554,0.22951977401129944,0.00022422316384180792,-0.0015689795658010916,0.2612994350282486,0.0002595338983050847,-0.00015605232632989567
2015-12-30,0.000488906971363507,6.694369452734888e-05,0.4272598870056497,0.0004272598870056497,-0.0005536542492170139,0.0010425612205805209,0.06675754141318137,0.9872881355932204,0.0004219632768361581,6.16470843578573e-05,-0.002011252558369764,-0.0022648770570277373,0.004877295365550003,0.0037166337314981468,-0.0034305444016991997,0.22245762711864406,0.00021716101694915253,-0.0007708152661661664,0.20480225988700565,0.00020480225988700566,0.0008377589606935153
2016-01-04,0.0015569285053291077,0.0011755725731257178,0.3813559322033898,0.00038135593220338984,0.0025550884232272415,-0.000998159917898134,0.0910417323201135,0.9872881355932204,0.0003813559322033899,0.0011755725731257178,0.0006190664822324992,0.004866686368188351,0.003553728033759881,0.0026421666253874346,0.006351394315819227,0.1977401129943503,0.00019774011299435027,0.002357348310232891,0.18361581920903955,0.00018361581920903954,-0.0011817757371071736
2016-01-05,0.0005105150222771027,-0.00047818554269464855,0.9957627118644068,0.0009957627118644067,0.00022070688676058042,0.0002898081355165222,0.013419954872921113,0.9872881355932204,0.0009887005649717511,-0.000485247689587304,-0.0017103817528011317,0.0017293032803834074,-0.005852747226465874,-0.0026359720407597024,0.0019620513289084463,0.5261299435028248,0.0005208333333333333,-0.0003001264465727529,0.4696327683615819,0.0004678672316384181,-0.00017805909612189587
2016-01-06,0.00017546583318432126,-0.001037457895629238,1.2146892655367232,0.0012146892655367232,1.5035032979382077e-05,0.00016043080020493916,0.0252604323388794,0.9872881355932204,0.0012129237288135593,-0.0010392234323524019,-0.0008150182677359957,0.0006954941916713222,-0.007122382493423162,-0.0019876010081976317,0.001028159670789997,0.6214689265536724,0.0006214689265536723,-0.0006064338935742903,0.5932203389830508,0.000591454802259887,-0.0004310240020549479
2016-01-07,0.0015465272534663991,0.00046425324216696424,1.0840395480225988,0.0010840395480225988,0.00040140497784751656,0.0011451222756188827,0.07443869082258939,0.9872881355932204,0.001082274011299435,0.0004624877054438003,-0.0010465356277390995,-0.004836080512259207,0.006586541764635173,-0.003451614377775882,0.002904250162967191,0.5614406779661016,0.0005614406779661017,-0.00016003570011858517,0.5225988700564972,0.0005208333333333333,0.0006242889422855494
2016-01-08,0.00034960814412709844,-0.0008350669971158394,1.1864406779661016,0.0011864406779661016,0.0048095738038922585,-0.004459965659765161,0.03845193545126041,0.9872881355932204,0.001184675141242938,-0.0008368325338390032,0.009241310755073139,0.0081944202790116,0.006812466540403608,0.007324641103104169,0.01071382283596202,0.5826271186440678,0.0005826271186440678,0.00422694668524819,0.6038135593220338,0.00060204802259887,-0.0050620136823640305
2016-01-12,-0.0017636435145979338,-0.0029500841925640354,1.1864406779661016,0.0011864406779661016,-0.0072453230287775625,0.005481679514179628,-0.10362667911006389,0.9872881355932204,0.0011864406779661016,-0.0029500841925640354,-0.010467507212210288,-0.011872307516078583,-0.012047494985917236,-0.01290832446736435,-0.01521246559772296,0.5790960451977402,0.0005790960451977401,-0.007824419073975302,0.6073446327683616,0.0006073446327683616,0.004874334881411267
2016-01-13,-0.0011880851800121102,-0.0026358252930064603,1.4477401129943503,0.0014477401129943503,0.0072277328480001134,-0.008415818028012223,-0.0690534430668626,0.9872881355932204,0.00144774011299435,-0.0026358252930064607,0.016989380054894834,0.016369543836554316,0.014622113521970305,0.012444047148421277,0.01538972343766139,0.7521186440677966,0.0007521186440677966,0.0064756142039323165,0.6956214689265536,0.0006956214689265536,-0.009111439496938777
2016-01-14,0.0009908548449113538,-0.0002573796183654821,1.2535310734463276,0.0012535310734463276,-0.006374403493630308,0.007365258338541662,0.06664038058296406,0.9872881355932204,0.001248234463276836,-0.0002626762285349738,-0.015491420681570604,-0.013067153121825346,-0.017675281788885933,-0.011295284480073416,-0.013592585532134344,0.625,0.0006197033898305085,-0.006994106883460817,0.6285310734463276,0.0006285310734463277,0.006736727265095334
2016-01-15,-0.000198374690809796,-0.001446609154086632,1.2535310734463276,0.0012535310734463276,0.004671714963406371,-0.004870089654216167,-0.028373850959684165,0.9872881355932204,0.0012482344632768361,-0.0014519057642561235,0.009343362616199077,0.010459360458193744,0.010550211724062945,0.009418877461563875,0.009266762494138757,0.6285310734463276,0.0006232344632768361,0.004048480500129534,0.625,0.000625,-0.005495089654216166
2016-01-18,0.0008694216570969024,-0.0003629229756714591,1.2323446327683616,0.0012323446327683616,0.0018544971608337845,-0.000985075503736882,0.017838151444010197,0.9872881355932204,0.0012323446327683614,-0.0003629229756714592,0.002324070384974028,0.0012380148103351561,0.008032101162739445,0.00027263127895875666,0.005393472903548066,0.6108757062146892,0.0006108757062146892,0.0012436214546190953,0.6214689265536724,0.0006214689265536723,-0.0016065444302905544
2016-01-19,0.00047970187031451275,-0.0005672614065216453,1.048728813559322,0.001048728813559322,-0.0008095838665450746,0.0012892857368595875,0.023490924334322223,0.9872881355932204,0.001046963276836158,-0.0005690269432448092,-0.002128442013434485,-0.0035037361161797645,-0.001195058166138779,-0.0011870837955370536,-0.0018261180275297223,0.5261299435028248,0.0005261299435028249,-0.0013357138100478995,0.5225988700564972,0.0005208333333333333,0.0007684524035262542
2016-01-20,-7.18721228650734e-05,-0.0011841602584582937,1.1122881355932204,0.0011122881355932204,0.007121736454777706,-0.00719360857764278,0.004808871019622364,0.9872881355932204,0.0011122881355932204,-0.0011841602584582937,0.015713129995094544,0.011709303218375348,0.01911205014483823,0.012642250857644347,0.014975683933513286,0.547316384180791,0.000547316384180791,0.006574420070596915,0.5649717514124294,0.0005649717514124294,-0.0077585803290552095
2016-01-21,-8.764654557807045e-05,-0.0012617284664820253,1.1758474576271187,0.0011758474576271185,-0.0032885871229065586,0.003200940577328488,0.004230300482547276,0.9872881355932204,0.0011740819209039549,-0.001263494003205189,-0.0073538550750343904,-0.0044231944547055485,-0.009112487778580192,-0.005152390224707309,-0.0072543740278515146,0.568502824858757,0.0005685028248587571,-0.0038570899477653156,0.6073446327683616,0.0006055790960451977,0.0025953614812832906
2016-01-22,0.0009749719760831239,-0.00033858734595077427,1.3135593220338984,0.0013135593220338982,-0.004688129522541643,0.005663101498624767,0.03938803625463626,0.9872881355932204,0.0013135593220338982,-0.0003385873459507743,-0.011770078676229178,-0.010332614258909831,-0.00873276504603581,-0.009059546193770907,-0.009493469575542745,0.6497175141242938,0.0006497175141242938,-0.0053378470366659365,0.6638418079096046,0.0006638418079096045,0.004999259690715162
2016-01-25,0.00042374359806836553,-0.0008827535770728774,1.3064971751412429,0.0013064971751412429,0.007141242658557677,-0.0067174990604893115,0.018960191702629685,0.9872881355932204,0.0013064971751412429,-0.0008827535770728773,0.013580680996927701,0.013026192323881735,0.012715377645812386,0.015888380102887893,0.013427853221766348,0.6567796610169492,0.0006567796610169491,0.006484462997540728,0.6497175141242938,0.0006497175141242938,-0.007367216574613605
2016-01-26,7.288581763887259e-05,-0.0012565633349035002,1.3312146892655368,0.0013312146892655366,-0.004578283878579375,0.004651169696218247,0.016122361917275323,0.9872881355932204,0.0013294491525423727,-0.001258328871626664,-0.009190706925548079,-0.00955041075359011,-0.01861047896216581,-0.004640356702017387,-0.011352349783356438,0.6709039548022598,0.0006709039548022599,-0.005249187833381635,0.6603107344632768,0.000658545197740113,0.003992624498478134
2016-01-27,-0.00187557817002844,-0.00296491432822053,1.094632768361582,0.001094632768361582,0.0037093991383885215,-0.005584977308416962,-0.12458613499998962,0.9872881355932204,0.00108933615819209,-0.002970210938390022,0.009502481123335434,0.014600642301651985,-0.008997290642574594,0.007104906628081949,0.007655037730672639,0.5932203389830508,0.0005879237288135593,0.0031214754095749623,0.501412429378531,0.0005014124293785311,-0.0060863897377954924
2016-01-28,0.001417738044560395,0.0005014244852383611,0.9216101694915254,0.0009216101694915254,0.0038155152462873813,-0.0023977772017269865,0.037996692103887744,0.9872881355932204,0.000916313559322034,0.0004961278750688696,0.0019478047486565044,0.010623850589391713,0.007278717371514555,0.002936574077240198,0.009921420380192602,0.4661016949152542,0.0004608050847457627,0.0033547101615416185,0.4555084745762712,0.00045550847457627116,-0.002853285676303258
2016-01-29,-0.0011442484687560824,-0.002117059203219359,0.9745762711864406,0.0009745762711864406,-0.0027366453363597176,0.001592396867603635,-0.040794084801080065,0.9872881355932204,0.0009728107344632766,-0.002118824739942523,-0.005342202279514513,0.0012291831227941136,-0.004917250556882492,-0.009308215500501527,-0.0035529666393000025,0.5225988700564972,0.0005225988700564972,-0.003259244206416215,0.4519774011299435,0.00045021186440677966,0.0011421850031968553
2016-02-01,-0.0035208220269925556,-0.004689607337727018,1.1723163841807909,0.001172316384180791,-0.0059710137616510095,0.002450191734658454,-0.09889079644165483,0.9872881355932204,0.0011687853107344628,-0.004693138411173347,-0.005460706512708839,-0.003726110224424137,-0.0014224090765219113,-0.006612738176799287,-0.014528341084105258,0.5649717514124294,0.0005649717514124294,-0.006535985513063439,0.6073446327683616,0.0006038135593220339,0.00184637817533642
2016-02-02,0.00028207668357557524,-0.0011021041073848766,1.384180790960452,0.001384180790960452,0.003262161204199066,-0.0029800845206234905,-0.020780216421430353,0.9872881355932204,0.001384180790960452,-0.0011021041073848766,0.004870556665524718,0.008111852191823922,0.007082126104658921,0.009539607549816656,0.005005078928292554,0.6709039548022598,0.0006709039548022599,0.002591257249396806,0.713276836158192,0.000713276836158192,-0.0036933613567816824
2016-02-03,0.0009488659432907322,-0.00039117642959062335,1.3453389830508475,0.0013453389830508475,-0.0028521264726381495,0.0038009924159288816,0.041929999368541075,0.9872881355932204,0.0013400423728813556,-0.0003964730397601153,-0.008469935901360923,-0.005845099818532723,0.005428476414171975,-0.008308588119313867,-0.004479233300659853,0.6850282485875706,0.000681497175141243,-0.0035336236477793923,0.6603107344632768,0.000658545197740113,0.0031424472181887687
2016-02-04,0.002267648938425564,0.0011694850966176547,1.1016949152542372,0.0011016949152542373,0.0005840785889731691,0.0016835703494523949,0.07843650769416398,0.9872881355932204,0.0010981638418079093,0.0011659540231713267,-0.0059426244749100285,0.0018873591860545063,-0.00025479753962900475,0.0014332401128378416,0.0010320923273034002,0.5614406779661016,0.000557909604519774,2.616898445339513e-05,0.5402542372881356,0.0005402542372881355,0.0011433161121642593
2016-02-05,-0.0012395695214122327,-0.0022459254536156222,1.0063559322033897,0.0010063559322033898,-0.003357111141854072,0.0021175416204418395,-0.03759670882420865,0.9872881355932204,0.0010063559322033896,-0.0022459254536156227,-0.005349527521697345,-0.0019673692978038975,-0.008227605522427016,0.0001572776859299335,-0.010085536069597684,0.4837570621468926,0.00048375706214689264,-0.003840868204000965,0.5225988700564972,0.0005225988700564972,0.0015949427503853422
2016-02-08,-0.0012843447417993004,-0.0024213503915168143,1.137005649717514,0.0011370056497175141,0.0066804477909979615,-0.007964792532797261,-0.03387400645273945,0.9872881355932204,0.001137005649717514,-0.0024213503915168147,0.015412295126461115,0.017020671145685562,0.011634529395178296,0.014206104396437986,0.012886483239768815,0.5790960451977402,0.0005790960451977401,0.006101351745800222,0.557909604519774,0.000557909604519774,-0.008522702137317035
2016-02-09,-0.0005617662174517896,-0.0016316814716890774,1.069915254237288,0.0010699152542372882,-0.011047785692735262,0.010486019475283472,0.007863353473809722,0.9872881355932204,0.0010699152542372877,-0.0016316814716890778,-0.020067420723361852,-0.022865284874858133,-0.011776129655665483,-0.019364367493506108,-0.023353764589345672,0.5190677966101694,0.0005190677966101694,-0.011566853489345432,0.5508474576271186,0.0005508474576271186,0.009935172017656353
2016-02-10,0.0008348858412941156,-0.0002862299779149237,1.1228813559322033,0.0011228813559322033,0.020453068337016777,-0.019618182495722662,0.019061818050297927,0.9872881355932204,0.0011211158192090394,-0.00028799551463808766,0.039064627075036884,0.03924956831191817,0.04765772421399997,0.038938832154136564,0.04170719833472351,0.5543785310734464,0.0005543785310734463,0.01989868980594333,0.568502824858757,0.0005667372881355932,-0.020184919783858255
2016-02-12,0.00111824736730268,-0.000181187660945907,1.2994350282485876,0.0012994350282485875,-0.01344230174966199,0.014560549116964671,0.08689343256033472,0.9872881355932204,0.0012994350282485869,-0.00018118766094590757,-0.028278587286432653,-0.030576206759857286,-0.02705198948441964,-0.02384293324505961,-0.02827623150512078,0.6603107344632768,0.0006603107344632769,-0.014102612484125268,0.6391242937853108,0.0006391242937853108,0.01392142482317936
2016-02-15,-0.0011776137175608964,-0.0024699865989168284,1.292372881355932,0.0012923728813559322,0.001062371653850532,-0.0022399853714114284,-0.016829714500520433,0.9872881355932204,0.001292372881355932,-0.002469986598916829,0.004665030545564865,0.0040677862841500935,-0.002303116593761613,0.0021173434068063714,0.0021194580236902237,0.614406779661017,0.0006144067796610169,0.00044796487418951507,0.6779661016949152,0.0006779661016949152,-0.0029179514731063434
2016-02-16,-0.00042974985892822775,-0.0017768543787022389,1.3488700564971752,0.001348870056497175,0.006386785661490141,-0.006816535520418369,-0.020855398573614327,0.9872881355932204,0.0013471045197740112,-0.0017786199154254027,0.013984466577795068,0.012944484612730121,0.016886654555436507,0.007554918709776272,0.015301647578679193,0.6709039548022598,0.0006709039548022599,0.005715881706687881,0.6779661016949152,0.0006762005649717514,-0.007492736085390121
2016-02-17,0.00022754867474991444,-0.001040106692481724,1.2676553672316384,0.0012676553672316385,-0.006244964661481798,0.006472513336231713,-0.010665015189107126,0.9872881355932204,0.0012676553672316385,-0.001040106692481724,-0.013406143217191649,-0.012030799380378801,-0.008412632710649591,-0.014102229739398852,-0.01163967573031473,0.6567796610169492,0.0006567796610169491,-0.006901744322498747,0.6108757062146892,0.0006108757062146892,0.005861637630017023
2016-02-18,-0.000716212495905631,-0.0019485571286739925,1.2323446327683616,0.0012323446327683616,0.0004551435018233759,-0.0011713559977290068,-0.0390509024081709,0.9872881355932204,0.0012323446327683614,-0.0019485571286739925,0.001960520092134869,0.0031285722538503704,-0.005082296753092124,0.003143656671484903,-0.00019847604045695124,0.6179378531073446,0.0006179378531073446,-0.00016279435128396867,0.614406779661017,0.0006144067796610169,-0.0017857627773900236
2016-02-19,-0.0010248751381576107,-0.002002982482790379,0.9781073446327684,0.0009781073446327683,0.005215083978568325,-0.006239959116725936,-0.03582957249637652,0.9872881355932204,0.000978107344632768,-0.0020029824827903792,0.010329176022430407,0.016900746230664437,0.012269410177196976,0.006988661251889275,0.012088891619913198,0.4872881355932203,0.00048728813559322035,0.0047277958429751046,0.490819209039548,0.000490819209039548,-0.006730778325765484
2016-02-22,0.0009744557054910085,0.0001305291518186922,0.847457627118644,0.000847457627118644,-0.004395578690047391,0.005370034395538399,0.06277118537018182,0.9915254237288136,0.0008439265536723164,0.0001269980783723645,-0.010869395170920376,-0.010498950528581482,-0.004487326311152635,-0.009794018683152907,-0.00836108447996197,0.4766949152542373,0.0004731638418079096,-0.0048687425318553,0.3707627118644068,0.0003707627118644068,0.004999271683673992
2016-02-23,0.00014273477347746105,-0.00047167200618355575,0.6179378531073446,0.0006179378531073446,0.004786765075899947,-0.004644030302422486,0.02465365714430881,0.9915254237288136,0.0006144067796610168,-0.0004752030796298835,0.008524755014863182,0.010867476456646145,0.0019441261171457972,0.011296213783291926,0.008680945491369942,0.2966101694915254,0.00029307909604519775,0.004493685979854749,0.3213276836158192,0.0003213276836158192,-0.004965357986038305
2016-02-24,0.0009006866233467833,0.00029687306402474933,0.6038135593220338,0.0006038135593220339,0.0019788921551081194,-0.0010782055317613362,0.015493279771460602,0.9915254237288136,0.0006038135593220339,0.0002968730640247494,0.0024608673782866987,0.0015390409818833125,-0.0011263030306248613,0.003795894893191183,0.004021212614175093,0.3283898305084746,0.00032838983050847455,0.0016505023245996448,0.2754237288135593,0.0002754237288135593,-0.0013536292605748955
2016-02-25,0.0006712631301552392,1.4483469138289994e-05,0.6603107344632768,0.0006603107344632768,0.00026949427331049295,0.0004017688568447462,0.0648014135501751,0.9915254237288136,0.0006567796610169492,1.0952395691962431e-05,-0.0005203069452925454,-0.0013839092571105445,0.0023751559532631254,-0.0010278892281283254,0.0013010913967940478,0.3319209039548023,0.00032838983050847455,-5.88955571979816e-05,0.3283898305084746,0.00032838983050847455,7.337902633627164e-05
2016-02-26,0.0005096230414837874,-0.00020012272122807705,0.7097457627118644,0.0007097457627118644,-0.0033603312345034217,0.0038699542759872093,0.05684346228946568,0.9915254237288136,0.0007097457627118645,-0.000200122721228077,-0.009988018275398785,-0.003163641178423507,-0.0021961081110879683,-0.007270152694194021,-0.006497039807141517,0.3354519774011299,0.00033545197740112993,-0.0036957832119045514,0.3742937853107345,0.00037429378531073445,0.003495660490676475
2016-02-29,-0.0028816678157713516,-0.0035666960643589217,0.6885593220338982,0.0006885593220338983,0.00530927218370514,-0.00819093999947649,-0.1302140496426028,0.9915254237288136,0.0006850282485875701,-0.00357022713780525,0.016504051728474155,0.016167511691326828,0.006306489631539882,0.010653866559177804,0.010556359517304619,0.3319209039548023,0.00032838983050847455,0.004980882353196665,0.356638418079096,0.000356638418079096,-0.008547578417555587
2016-03-01,0.0007569558721373496,-5.519102051801749e-05,0.8156779661016949,0.0008156779661016948,-0.006806111954732057,0.007563067826869408,0.05397992975096749,0.9915254237288136,0.0008121468926553671,-5.8722093964345295e-05,-0.017256022133766404,-0.010807283997023827,-0.005296937115772394,-0.011032383545477338,-0.014947381710401698,0.3919491525423729,0.0003884180790960452,-0.007194530033828103,0.423728813559322,0.000423728813559322,0.007139339013310085
2016-03-02,0.0022744300679358787,0.0013775374125686473,0.9004237288135593,0.0009004237288135593,0.0007404641729432595,0.0015339658949926195,0.09648606158561734,0.9915254237288136,0.0008968926553672314,0.0013740063391223193,-0.004476859576905947,-0.00019607487431924476,0.0015808093065723065,0.001162065685953516,0.0016324459635549036,0.4413841807909604,0.0004378531073446328,0.0003026110655986267,0.4590395480225989,0.0004590395480225989,0.0010749263469700206
2016-03-03,0.001863107418833019,0.0008991243679855614,0.9639830508474576,0.0009639830508474576,0.002671602233221902,-0.0008084948143888832,0.0728063098864339,0.9915254237288136,0.0009639830508474576,0.0008991243679855614,0.0011336120760191426,0.0026080125637228642,0.012107266888221618,0.002513083917122506,0.00672087166677563,0.4590395480225989,0.0004590395480225989,0.0022125626851993035,0.5049435028248588,0.0005049435028248588,-0.001313438317213742
2016-03-04,0.00019177132080990404,-0.0007545563628059151,0.9463276836158192,0.0009463276836158192,-0.0012037448673101613,0.0013955161881200654,0.01985811816742815,0.9915254237288136,0.0009463276836158191,-0.0007545563628059152,-0.003764207048698174,-0.0008088282763285163,0.0010272062233297283,-0.0031304976060342027,-0.0020396543046171593,0.4872881355932203,0.00048728813559322035,-0.0016910330029033817,0.4590395480225989,0.0004590395480225989,0.0009364766400974665
2016-03-07,0.0023776109366117127,0.0015831194111879839,0.7944915254237288,0.0007944915254237288,-0.000862159652175701,0.0032397705887874137,0.09461856072486007,0.9915254237288136,0.0007944915254237289,0.0015831194111879839,-0.008681330688684126,-0.0019951960283785706,-0.009489025872664966,-0.0022149126733569838,-0.0014743443984040023,0.4025423728813559,0.00040254237288135593,-0.0012647020250570568,0.3919491525423729,0.0003919491525423729,0.002847821436245041
2016-03-08,-0.002178349252874707,-0.0028986882359255542,0.7203389830508474,0.0007203389830508474,0.0009997460613873803,-0.003178095314262087,-0.0904185569083776,0.9915254237288136,0.0007203389830508474,-0.0028986882359255542,0.007560316185800458,0.003909818394580207,0.012412301298298603,0.003968699829855369,0.0010168336061231972,0.3813559322033898,0.00038135593220338984,0.0006183901291839905,0.3389830508474576,0.0003389830508474576,-0.0035170783651095445
2016-03-09,0.0008405559973020664,-0.00014814456766968473,0.9887005649717514,0.0009887005649717514,-0.0033206477811741617,0.004161203778476228,0.08236624721651409,0.9915254237288136,0.0009887005649717511,-0.00014814456766968492,-0.010559064613232038,-0.0037707907915575096,-0.0072428568925045145,-0.007582219332249134,-0.006147822558029613,0.4872881355932203,0.00048728813559322035,-0.003807935916767382,0.501412429378531,0.0005014124293785311,0.0036597913490976973
2016-03-10,-0.00010208678154932008,-0.0010484144651651394,0.9463276836158192,0.0009463276836158192,0.004770066958526671,-0.0048721537400759915,-0.01698802970815499,0.9915254237288136,0.0009463276836158193,-0.0010484144651651392,0.011393356307316693,0.006396238494503976,0.008705409268723591,0.010941310232831496,0.00880675138643866,0.4484463276836158,0.00044844632768361583,0.004321620630843055,0.4978813559322034,0.0004978813559322033,-0.005370035096008195
2016-03-11,0.0006605606971498178,-0.00019749015030780915,0.8580508474576272,0.0008580508474576271,-0.001975324395357869,0.002635885092507687,0.03514675955469845,0.9915254237288136,0.000858050847457627,-0.0001974901503078093,-0.005598511116784945,-0.004615572088249617,-0.006549352287934903,-0.006223171726065227,-0.0028097136593713988,0.4449152542372881,0.0004449152542372881,-0.002420239649595157,0.413135593220339,0.000413135593220339,0.002222749499287348
2016-03-14,-0.00199604991700339,-0.003171897374630509,1.1758474576271187,0.0011758474576271185,-0.0009859015402583838,-0.0010101483767450063,-0.13077141997848957,0.9915254237288136,0.0011758474576271188,-0.003171897374630509,0.0009133661697856011,0.004286112562678574,-0.0005775529391946765,-0.0009506027597548993,-0.0024687261736073053,0.625,0.000625,-0.0016109015402583837,0.5508474576271186,0.0005508474576271186,-0.001560995834372125
2016-03-15,-0.0016369786984876957,-0.0028693233312560573,1.2358757062146892,0.0012358757062146892,0.0017596539978956983,-0.003396632696383394,-0.09548710315753046,0.9915254237288136,0.0012323446327683616,-0.0028728544047023847,0.008270022531090802,0.0037908438529494835,0.0047807430938393795,0.0031778915835332946,0.003706852624858213,0.6532485875706214,0.0006497175141242938,0.0011099364837714046,0.5826271186440678,0.0005826271186440678,-0.003979259815027462
2016-03-16,-0.0012381565464840924,-0.0019267158685179907,0.692090395480226,0.000692090395480226,-0.001886997856912283,0.0006488413104281907,-0.094341104792062,0.9915254237288136,0.0006885593220338983,-0.0019302469419643182,-0.00022872121355039192,-0.0034843729855048677,-0.0016631698741198244,-0.004935167105648532,-0.0031836309380218687,0.3672316384180791,0.0003637005649717514,-0.0022506984218840344,0.3248587570621469,0.0003248587570621469,0.0003239825533660438
2016-03-17,0.0010093890013693895,0.000345547193459785,0.6673728813559322,0.0006673728813559322,0.0028702251593680696,-0.0018608361579986804,0.07628738674793199,0.9915254237288136,0.0006638418079096045,0.0003420161200134573,0.0028973686829746256,0.005413737098121223,0.009685386125786486,0.004952104820304626,0.006158430983147627,0.3707627118644068,0.00036723163841807907,0.0025029935209499904,0.2966101694915254,0.0002966101694915254,-0.002157446327490206
2016-03-18,0.00034278240127297744,-0.0005187995196309773,0.8651129943502824,0.0008651129943502825,-0.001311976054259772,0.0016547584555327496,0.04813848727045058,0.9915254237288136,0.0008615819209039547,-0.000522330593077305,-0.004127735576750939,-0.001645004619688935,-0.006821877425992241,-0.0038052466047065713,-0.0020284739804753535,0.4413841807909604,0.0004378531073446328,-0.0017498291616044048,0.423728813559322,0.000423728813559322,0.0012310296419734276
2016-03-22,0.0006318802885122042,-0.00048746999397367147,1.1193502824858756,0.0011193502824858757,0.0006264797036940321,5.400584818172041e-06,0.03182630275218725,0.9915254237288136,0.0011193502824858757,-0.0004874699939736715,-0.00045498932840428005,0.0008966567866215108,-0.0081657553876093,0.00221696801490559,0.0007707532145851281,0.5896892655367232,0.0005896892655367232,3.6790438157308916e-05,0.5296610169491526,0.0005296610169491525,-0.0005242604321309805
2016-03-23,-0.00012113837153818385,-0.0011522118178658673,1.0310734463276836,0.0010310734463276836,0.0030050181203715113,-0.0031261564919096954,-0.001326403256794129,0.9915254237288136,0.0010310734463276833,-0.0011522118178658675,0.004816392602199324,0.009199359597847094,-0.002681424721412414,0.0026333456302106806,0.00765530407441379,0.536723163841808,0.0005367231638418079,0.0024682949565297033,0.4943502824858757,0.0004943502824858757,-0.003620506774395571
2016-03-24,0.0028235165135049776,0.0018877820502281413,0.9357344632768362,0.0009357344632768361,-0.0006485233837650092,0.0034720398972699867,0.17083431910529423,0.9978813559322034,0.0009357344632768363,0.0018877820502281415,-0.008252486655889521,-0.004285924012846361,0.004084875748303097,0.007050185862400563,-0.00542126902963239,0.4837570621468927,0.00048375706214689264,-0.0011322804459119019,0.4519774011299435,0.0004519774011299435,0.003020062496140043
2016-03-25,-0.0004496333076171021,-0.0013253395223063675,0.8757062146892656,0.0008757062146892655,-0.0040835705144117804,0.0036339372067946784,-0.08019149625253526,0.9978813559322034,0.0008757062146892654,-0.0013253395223063675,-0.007344596287326476,-0.007126760638026616,-0.014395739744112495,-0.007667079589305728,-0.0083801518840426,0.4872881355932203,0.00048728813559322035,-0.004570858650005001,0.3884180790960452,0.0003884180790960452,0.0032455191276986334
2016-03-28,-0.0006553122854617209,-0.0015098320594730203,0.8545197740112994,0.0008545197740112994,-0.0004158203480727808,-0.0002394919373889402,-0.09028426983583739,0.9978813559322034,0.0008545197740112994,-0.0015098320594730203,-0.00026179561306050936,0.0019934344066515315,0.0008954113695508295,-0.002278227431918231,-0.00011245929762162806,0.4519774011299435,0.0004519774011299435,-0.0008677977492027243,0.4025423728813559,0.00040254237288135593,-0.0006420343102702961
2016-03-29,-0.001772494571362597,-0.002429274232379546,0.6567796610169492,0.0006567796610169491,0.0021653606163285163,-0.003937855187691113,-0.12806234366422348,0.9978813559322034,0.000656779661016949,-0.002429274232379546,0.007287834516175892,0.00909368408854653,0.0021281320030968947,-0.00013656465732332412,0.006522617530930864,0.3389830508474576,0.0003389830508474576,0.0018263775654810588,0.3177966101694915,0.0003177966101694915,-0.004255651797860605
2016-03-30,0.0017377894981518492,0.0010386369557789678,0.6991525423728814,0.0006991525423728813,-0.0015615184203895212,0.0032993079185413706,0.0906185900896038,0.9978813559322034,0.0006991525423728814,0.001038636955778968,-0.007412280030013886,-0.004950481713539719,0.0034462994073520855,0.0001466673631807265,-0.004727530344461122,0.3495762711864407,0.0003495762711864407,-0.0019110946915759618,0.3495762711864407,0.0003495762711864407,0.00294973164735493
2016-03-31,0.0004534110154008398,-0.00033754943657656123,0.7909604519774012,0.0007909604519774011,0.0008729214345268551,-0.00041951041912601525,0.039924223805072115,0.9978813559322034,0.0007909604519774011,-0.0003375494365765613,0.0013237178459289832,-0.00014941601433905187,-0.0030824946155450636,0.00045799354044323,0.0023756384616544584,0.3848870056497175,0.0003848870056497175,0.00048803442887713756,0.4060734463276836,0.0004060734463276836,-0.0008255838654536989
